time,SYN3,MYT1L,CUX2,CA8,BCAS1,MYRFL,CEMIP2,MKI67,RYR3,GFAP,SERPINA3,SERPINE1,HILPDA
5.405213356018066,8.919496021691481,19.910420937198847,0.1169922195736606,0.0107640770401949,0.002495631403415,0.074130172019201,0.4394985592608493,0.0034924684280294,0.1908069458905858,0.0193722006172478,0.0170825238864646,0.0097627611390551,0.047915192087684
5.771660327911377,8.919496072063149,19.91042104963709,0.1169922202341928,0.010764077100734,0.0024956314173572,0.0741301724377383,0.4394985617390971,0.0034924684473912,0.1908069469674267,0.0193722007259563,0.0170825239827994,0.0097627611918941,0.0479151923580945
5.791129112243652,8.919496073350526,19.91042105251074,0.1169922202510744,0.0107640771022813,0.0024956314177135,0.0741301724484351,0.4394985618024351,0.0034924684478861,0.1908069469949481,0.0193722007287346,0.0170825239852615,0.0097627611932446,0.0479151923650055
6.247828960418701,8.919496088041111,19.91042108530265,0.1169922204437144,0.0107640771199371,0.0024956314217797,0.0741301725704989,0.4394985625252007,0.0034924684535328,0.1908069473090021,0.0193722007604387,0.0170825240133569,0.0097627612086547,0.047915192443869
6.446134090423584,8.919496089938136,19.910421089537135,0.1169922204685905,0.010764077122217,0.0024956314223048,0.0741301725862612,0.4394985626185329,0.003492468454262,0.1908069473495565,0.0193722007645327,0.0170825240169849,0.0097627612106447,0.0479151924540528
6.519456386566162,8.919496090369712,19.91042109050049,0.1169922204742498,0.0107640771227357,0.0024956314224242,0.0741301725898472,0.4394985626397661,0.0034924684544279,0.1908069473587827,0.0193722007654641,0.0170825240178103,0.0097627612110974,0.0479151924563697
6.578037738800049,8.919496090644046,19.91042109111285,0.1169922204778472,0.0107640771230654,0.0024956314225002,0.0741301725921266,0.4394985626532631,0.0034924684545333,0.1908069473646474,0.0193722007660562,0.017082524018335,0.0097627612113852,0.0479151924578424
6.606493949890137,8.919496090758566,19.91042109136848,0.1169922204793489,0.0107640771232031,0.0024956314225319,0.0741301725930782,0.4394985626588974,0.0034924684545773,0.1908069473670956,0.0193722007663033,0.017082524018554,0.0097627612115053,0.0479151924584571
6.629000186920166,8.919496090841502,19.91042109155361,0.1169922204804364,0.0107640771233028,0.0024956314225548,0.0741301725937673,0.4394985626629778,0.0034924684546092,0.1908069473688686,0.0193722007664823,0.0170825240187126,0.0097627612115923,0.0479151924589024
6.661008358001709,8.919496090948886,19.910421091793307,0.1169922204818446,0.0107640771234318,0.0024956314225845,0.0741301725946595,0.439498562668261,0.0034924684546505,0.1908069473711642,0.0193722007667141,0.017082524018918,0.0097627612117049,0.0479151924594788
6.707374572753906,8.919496091084834,19.910421092096765,0.1169922204836273,0.0107640771235952,0.0024956314226222,0.0741301725957891,0.4394985626749496,0.0034924684547028,0.1908069473740705,0.0193722007670075,0.017082524019178,0.0097627612118476,0.0479151924602086
6.805277824401856,8.919496091309437,19.91042109259812,0.1169922204865726,0.0107640771238651,0.0024956314226843,0.0741301725976553,0.4394985626859998,0.0034924684547891,0.190806947378872,0.0193722007674922,0.0170825240196075,0.0097627612120832,0.0479151924614144
6.810943126678467,8.919496091320253,19.910421092622265,0.1169922204867144,0.0107640771238781,0.0024956314226873,0.0741301725977452,0.439498562686532,0.0034924684547933,0.1908069473791033,0.0193722007675155,0.0170825240196282,0.0097627612120945,0.0479151924614725
6.824395179748535,8.91949609134511,19.910421092677744,0.1169922204870403,0.010764077123908,0.0024956314226942,0.0741301725979518,0.4394985626877549,0.0034924684548028,0.1908069473796346,0.0193722007675692,0.0170825240196757,0.0097627612121206,0.0479151924616059
6.8402252197265625,8.919496091372917,19.910421092739817,0.116992220487405,0.0107640771239414,0.0024956314227019,0.0741301725981828,0.439498562689123,0.0034924684548135,0.1908069473802291,0.0193722007676292,0.0170825240197289,0.0097627612121498,0.0479151924617552
6.894365787506104,8.919496091457315,19.910421092928207,0.1169922204885117,0.0107640771240429,0.0024956314227253,0.0741301725988841,0.4394985626932753,0.0034924684548459,0.1908069473820333,0.0193722007678113,0.0170825240198903,0.0097627612122383,0.0479151924622082
6.900232791900635,8.919496091465549,19.910421092946585,0.1169922204886197,0.0107640771240528,0.0024956314227275,0.0741301725989525,0.4394985626936804,0.0034924684548491,0.1908069473822094,0.0193722007678291,0.0170825240199061,0.0097627612122469,0.0479151924622524
6.906952381134033,8.919496091474777,19.910421092967184,0.1169922204887407,0.0107640771240639,0.0024956314227301,0.0741301725990292,0.4394985626941344,0.0034924684548526,0.1908069473824066,0.019372200767849,0.0170825240199237,0.0097627612122566,0.047915192462302
6.931570053100586,8.919496091506812,19.910421093038696,0.1169922204891608,0.0107640771241024,0.002495631422739,0.0741301725992953,0.4394985626957106,0.003492468454865,0.1908069473830915,0.0193722007679181,0.017082524019985,0.0097627612122902,0.047915192462474
6.956207752227783,8.919496091536262,19.91042109310443,0.1169922204895469,0.0107640771241377,0.0024956314227471,0.07413017259954,0.4394985626971594,0.0034924684548763,0.1908069473837211,0.0193722007679817,0.0170825240200413,0.0097627612123211,0.047915192462632
6.986664772033691,8.919496091569368,19.91042109317833,0.1169922204899811,0.0107640771241775,0.0024956314227563,0.0741301725998151,0.4394985626987883,0.003492468454889,0.1908069473844288,0.0193722007680531,0.0170825240201046,0.0097627612123558,0.0479151924628098
7.023155689239502,8.919496091604712,19.910421093257224,0.1169922204904446,0.01076407712422,0.0024956314227661,0.0741301726001088,0.4394985627005272,0.0034924684549026,0.1908069473851844,0.0193722007681294,0.0170825240201722,0.0097627612123929,0.0479151924629995
7.023630142211914,8.919496091605142,19.910421093258183,0.1169922204904502,0.0107640771242205,0.0024956314227662,0.0741301726001124,0.4394985627005484,0.0034924684549028,0.1908069473851936,0.0193722007681304,0.0170825240201731,0.0097627612123934,0.0479151924630018
7.024140357971191,8.919496091605605,19.91042109325922,0.1169922204904563,0.0107640771242211,0.0024956314227663,0.0741301726001162,0.4394985627005711,0.0034924684549029,0.1908069473852035,0.0193722007681313,0.0170825240201739,0.0097627612123938,0.0479151924630043
7.03083086013794,8.919496091611595,19.91042109327259,0.1169922204905348,0.0107640771242283,0.002495631422768,0.074130172600166,0.4394985627008658,0.0034924684549052,0.1908069473853316,0.0193722007681443,0.0170825240201854,0.0097627612124001,0.0479151924630365
7.04295539855957,8.919496091622106,19.91042109329605,0.1169922204906726,0.0107640771242409,0.0024956314227709,0.0741301726002533,0.439498562701383,0.0034924684549093,0.1908069473855562,0.019372200768167,0.0170825240202055,0.0097627612124111,0.0479151924630929
7.071011066436768,8.919496091644803,19.910421093346717,0.1169922204909703,0.0107640771242682,0.0024956314227772,0.0741301726004419,0.4394985627024996,0.003492468454918,0.1908069473860414,0.0193722007682159,0.0170825240202489,0.009762761212435,0.0479151924632147
7.094808101654053,8.919496091662404,19.910421093386,0.1169922204912011,0.0107640771242894,0.002495631422782,0.0741301726005882,0.4394985627033655,0.0034924684549248,0.1908069473864177,0.0193722007682539,0.0170825240202826,0.0097627612124534,0.0479151924633092
7.102081298828125,8.9194960916675,19.91042109339738,0.1169922204912679,0.0107640771242955,0.0024956314227834,0.0741301726006305,0.4394985627036163,0.0034924684549267,0.1908069473865267,0.0193722007682649,0.0170825240202923,0.0097627612124588,0.0479151924633366
7.121960639953613,8.919496091680797,19.91042109342706,0.1169922204914423,0.0107640771243115,0.0024956314227871,0.074130172600741,0.4394985627042705,0.0034924684549318,0.1908069473868109,0.0193722007682936,0.0170825240203177,0.0097627612124727,0.047915192463408
7.1469035148620605,8.91949609169624,19.910421093461533,0.1169922204916448,0.01076407712433,0.0024956314227914,0.0741301726008693,0.4394985627050303,0.0034924684549378,0.1908069473871411,0.019372200768327,0.0170825240203473,0.0097627612124889,0.0479151924634909
7.149034023284912,8.919496091697498,19.91042109346434,0.1169922204916613,0.0107640771243315,0.0024956314227917,0.0741301726008798,0.4394985627050922,0.0034924684549383,0.190806947387168,0.0193722007683297,0.0170825240203497,0.0097627612124902,0.0479151924634976
7.157351970672607,8.919496091702324,19.91042109347511,0.1169922204917246,0.0107640771243373,0.0024956314227931,0.0741301726009198,0.4394985627053296,0.0034924684549401,0.1908069473872712,0.0193722007683401,0.0170825240203589,0.0097627612124953,0.0479151924635235
7.162227153778076,8.91949609170509,19.91042109348129,0.1169922204917608,0.0107640771243407,0.0024956314227938,0.0741301726009428,0.4394985627054657,0.0034924684549412,0.1908069473873303,0.019372200768346,0.0170825240203642,0.0097627612124982,0.0479151924635384
7.163903713226318,8.91949609170603,19.910421093483382,0.1169922204917731,0.0107640771243418,0.0024956314227941,0.0741301726009506,0.4394985627055119,0.0034924684549415,0.1908069473873503,0.0193722007683481,0.017082524020366,0.0097627612124992,0.0479151924635434
7.17361307144165,8.919496091711368,19.910421093495295,0.1169922204918432,0.0107640771243482,0.0024956314227956,0.074130172600995,0.4394985627057746,0.0034924684549436,0.1908069473874645,0.0193722007683596,0.0170825240203762,0.0097627612125048,0.0479151924635721
7.175375938415527,8.919496091712318,19.91042109349742,0.1169922204918556,0.0107640771243493,0.0024956314227958,0.0741301726010029,0.4394985627058212,0.003492468454944,0.1908069473874848,0.0193722007683616,0.017082524020378,0.0097627612125058,0.0479151924635772
7.189870834350586,8.919496091719914,19.910421093514376,0.1169922204919552,0.0107640771243585,0.002495631422798,0.074130172601066,0.4394985627061951,0.0034924684549469,0.1908069473876472,0.019372200768378,0.0170825240203926,0.0097627612125137,0.047915192463618
7.193524360656738,8.91949609172177,19.91042109351852,0.1169922204919796,0.0107640771243607,0.0024956314227985,0.0741301726010814,0.4394985627062863,0.0034924684549476,0.1908069473876869,0.019372200768382,0.0170825240203961,0.0097627612125157,0.0479151924636279
7.1977219581604,8.919496091723875,19.91042109352321,0.1169922204920071,0.0107640771243632,0.002495631422799,0.0741301726010989,0.4394985627063899,0.0034924684549484,0.1908069473877318,0.0193722007683866,0.0170825240204001,0.0097627612125179,0.0479151924636392
7.199976444244385,8.919496091724993,19.91042109352571,0.1169922204920218,0.0107640771243646,0.0024956314227994,0.0741301726011082,0.4394985627064448,0.0034924684549488,0.1908069473877557,0.019372200768389,0.0170825240204023,0.0097627612125191,0.0479151924636452
7.200961589813232,8.919496091725478,19.910421093526796,0.1169922204920282,0.0107640771243652,0.0024956314227995,0.0741301726011122,0.4394985627064687,0.003492468454949,0.1908069473877661,0.01937220076839,0.0170825240204032,0.0097627612125196,0.0479151924636478
7.210289001464844,8.919496091729993,19.910421093536872,0.1169922204920874,0.0107640771243706,0.0024956314228007,0.0741301726011497,0.4394985627066908,0.0034924684549507,0.1908069473878626,0.0193722007683998,0.0170825240204118,0.0097627612125243,0.0479151924636721
7.216797351837158,8.919496091733059,19.910421093543714,0.1169922204921276,0.0107640771243743,0.0024956314228016,0.0741301726011752,0.4394985627068417,0.0034924684549519,0.1908069473879282,0.0193722007684064,0.0170825240204177,0.0097627612125275,0.0479151924636885
7.220033168792725,8.919496091734556,19.910421093547058,0.1169922204921472,0.0107640771243761,0.002495631422802,0.0741301726011877,0.4394985627069154,0.0034924684549525,0.1908069473879602,0.0193722007684096,0.0170825240204206,0.0097627612125291,0.0479151924636966
7.228085994720459,8.919496091738214,19.910421093555225,0.1169922204921952,0.0107640771243805,0.002495631422803,0.0741301726012181,0.4394985627070953,0.0034924684549539,0.1908069473880384,0.0193722007684175,0.0170825240204276,0.0097627612125329,0.0479151924637162
7.229541778564453,8.919496091738864,19.910421093556675,0.1169922204922037,0.0107640771243812,0.0024956314228032,0.0741301726012235,0.4394985627071274,0.0034924684549542,0.1908069473880523,0.0193722007684189,0.0170825240204288,0.0097627612125336,0.0479151924637197
7.232741832733154,8.919496091740283,19.910421093559844,0.1169922204922223,0.010764077124383,0.0024956314228036,0.0741301726012352,0.4394985627071972,0.0034924684549547,0.1908069473880826,0.019372200768422,0.0170825240204315,0.0097627612125351,0.0479151924637273
7.247649669647217,8.919496091746689,19.91042109357414,0.1169922204923063,0.0107640771243906,0.0024956314228054,0.0741301726012885,0.4394985627075123,0.0034924684549572,0.1908069473882196,0.0193722007684358,0.0170825240204438,0.0097627612125418,0.0479151924637617
7.265570163726807,8.919496091753965,19.910421093590383,0.1169922204924017,0.0107640771243994,0.0024956314228074,0.0741301726013489,0.4394985627078703,0.00349246845496,0.1908069473883751,0.0193722007684515,0.0170825240204577,0.0097627612125495,0.0479151924638008
7.267368316650391,8.91949609175467,19.91042109359196,0.116992220492411,0.0107640771244002,0.0024956314228076,0.0741301726013548,0.439498562707905,0.0034924684549602,0.1908069473883902,0.019372200768453,0.017082524020459,0.0097627612125502,0.0479151924638045
7.270466804504394,8.919496091755876,19.91042109359465,0.1169922204924268,0.0107640771244017,0.0024956314228079,0.0741301726013648,0.4394985627079643,0.0034924684549607,0.190806947388416,0.0193722007684557,0.0170825240204613,0.0097627612125515,0.047915192463811
7.281203746795654,8.919496091759955,19.910421093603752,0.1169922204924803,0.0107640771244066,0.002495631422809,0.0741301726013987,0.439498562708165,0.0034924684549623,0.1908069473885032,0.0193722007684645,0.0170825240204691,0.0097627612125557,0.0479151924638329
7.292515754699707,8.919496091764092,19.910421093612985,0.1169922204925345,0.0107640771244116,0.0024956314228102,0.0741301726014331,0.4394985627083685,0.0034924684549639,0.1908069473885916,0.0193722007684734,0.017082524020477,0.0097627612125601,0.0479151924638551
7.296691417694092,8.919496091765579,19.910421093616304,0.116992220492554,0.0107640771244134,0.0024956314228106,0.0741301726014454,0.4394985627084417,0.0034924684549644,0.1908069473886234,0.0193722007684766,0.0170825240204799,0.0097627612125616,0.0479151924638631
7.318046569824219,8.919496091772857,19.91042109363255,0.1169922204926494,0.0107640771244221,0.0024956314228126,0.0741301726015059,0.4394985627087997,0.0034924684549672,0.1908069473887789,0.0193722007684923,0.0170825240204938,0.0097627612125693,0.0479151924639022
7.31898832321167,8.919496091773164,19.91042109363324,0.1169922204926535,0.0107640771244225,0.0024956314228127,0.0741301726015085,0.4394985627088149,0.0034924684549673,0.1908069473887856,0.019372200768493,0.0170825240204944,0.0097627612125696,0.0479151924639038
7.322546482086182,8.919496091774322,19.910421093635826,0.1169922204926687,0.0107640771244239,0.002495631422813,0.0741301726015181,0.4394985627088718,0.0034924684549678,0.1908069473888103,0.0193722007684955,0.0170825240204966,0.0097627612125708,0.04791519246391
7.32941722869873,8.919496091776516,19.91042109364072,0.1169922204926975,0.0107640771244265,0.0024956314228136,0.0741301726015363,0.4394985627089798,0.0034924684549686,0.1908069473888572,0.0193722007685002,0.0170825240205008,0.0097627612125731,0.0479151924639218
7.329582691192627,8.919496091776569,19.91042109364084,0.1169922204926981,0.0107640771244266,0.0024956314228136,0.0741301726015367,0.4394985627089824,0.0034924684549686,0.1908069473888583,0.0193722007685003,0.0170825240205009,0.0097627612125732,0.0479151924639221
7.330443382263184,8.91949609177684,19.910421093641443,0.1169922204927017,0.0107640771244269,0.0024956314228137,0.074130172601539,0.4394985627089958,0.0034924684549688,0.1908069473888641,0.0193722007685009,0.0170825240205014,0.0097627612125735,0.0479151924639235
7.330964088439941,8.919496091777004,19.91042109364181,0.1169922204927038,0.0107640771244271,0.0024956314228138,0.0741301726015404,0.4394985627090038,0.0034924684549688,0.1908069473888676,0.0193722007685012,0.0170825240205017,0.0097627612125736,0.0479151924639244
7.33265495300293,8.919496091777534,19.91042109364299,0.1169922204927108,0.0107640771244277,0.0024956314228139,0.0741301726015448,0.4394985627090298,0.003492468454969,0.190806947388879,0.0193722007685024,0.0170825240205028,0.0097627612125742,0.0479151924639273
7.351730823516846,8.919496091783298,19.91042109365586,0.1169922204927864,0.0107640771244346,0.0024956314228155,0.0741301726015927,0.4394985627093135,0.0034924684549712,0.1908069473890022,0.0193722007685148,0.0170825240205138,0.0097627612125802,0.0479151924639582
7.351861000061035,8.919496091783335,19.91042109365594,0.1169922204927869,0.0107640771244347,0.0024956314228155,0.074130172601593,0.4394985627093153,0.0034924684549712,0.190806947389003,0.0193722007685149,0.0170825240205138,0.0097627612125803,0.0479151924639584
7.356020927429199,8.919496091784543,19.91042109365864,0.1169922204928027,0.0107640771244361,0.0024956314228158,0.074130172601603,0.4394985627093747,0.0034924684549717,0.1908069473890288,0.0193722007685175,0.0170825240205162,0.0097627612125815,0.0479151924639649
7.358250141143799,8.919496091785183,19.910421093660062,0.1169922204928111,0.0107640771244369,0.002495631422816,0.0741301726016083,0.4394985627094062,0.003492468454972,0.1908069473890425,0.0193722007685189,0.0170825240205174,0.0097627612125822,0.0479151924639683
7.369633197784424,8.919496091788371,19.910421093667185,0.1169922204928529,0.0107640771244407,0.0024956314228169,0.0741301726016348,0.4394985627095631,0.0034924684549732,0.1908069473891107,0.0193722007685258,0.0170825240205235,0.0097627612125856,0.0479151924639855
7.370791912078857,8.91949609178869,19.91042109366789,0.1169922204928571,0.0107640771244411,0.002495631422817,0.0741301726016375,0.4394985627095787,0.0034924684549733,0.1908069473891175,0.0193722007685265,0.0170825240205241,0.0097627612125859,0.0479151924639872
7.372244834899902,8.919496091789087,19.91042109366878,0.1169922204928623,0.0107640771244416,0.0024956314228171,0.0741301726016408,0.4394985627095982,0.0034924684549735,0.1908069473891259,0.0193722007685273,0.0170825240205248,0.0097627612125863,0.0479151924639893
7.373934268951416,8.919496091789545,19.910421093669804,0.1169922204928683,0.0107640771244422,0.0024956314228172,0.0741301726016446,0.4394985627096208,0.0034924684549736,0.1908069473891357,0.0193722007685283,0.0170825240205257,0.0097627612125868,0.0479151924639918
7.374142646789551,8.919496091789602,19.910421093669928,0.116992220492869,0.0107640771244422,0.0024956314228172,0.074130172601645,0.4394985627096236,0.0034924684549737,0.1908069473891369,0.0193722007685284,0.0170825240205258,0.0097627612125868,0.0479151924639921
7.382490634918213,8.919496091791828,19.9104210936749,0.1169922204928982,0.0107640771244449,0.0024956314228179,0.0741301726016635,0.4394985627097331,0.0034924684549745,0.1908069473891845,0.0193722007685332,0.0170825240205301,0.0097627612125892,0.047915192464004
7.402392387390137,8.919496091796884,19.910421093686185,0.1169922204929645,0.010764077124451,0.0024956314228193,0.0741301726017055,0.4394985627099819,0.0034924684549765,0.1908069473892926,0.0193722007685442,0.0170825240205398,0.0097627612125945,0.0479151924640312
7.418289184570312,8.91949609180068,19.91042109369466,0.1169922204930143,0.0107640771244555,0.0024956314228203,0.0741301726017371,0.4394985627101687,0.0034924684549779,0.1908069473893738,0.0193722007685523,0.017082524020547,0.0097627612125985,0.0479151924640515
7.423522472381592,8.919496091801884,19.910421093697348,0.1169922204930301,0.010764077124457,0.0024956314228206,0.0741301726017471,0.4394985627102279,0.0034924684549784,0.1908069473893995,0.0193722007685549,0.0170825240205493,0.0097627612125997,0.047915192464058
7.438072204589844,8.919496091805122,19.91042109370457,0.1169922204930726,0.0107640771244609,0.0024956314228215,0.074130172601774,0.4394985627103872,0.0034924684549796,0.1908069473894688,0.0193722007685619,0.0170825240205555,0.0097627612126031,0.0479151924640754
7.447762489318848,8.91949609180719,19.91042109370919,0.1169922204930997,0.0107640771244634,0.0024956314228221,0.0741301726017912,0.4394985627104889,0.0034924684549804,0.1908069473895129,0.0193722007685664,0.0170825240205595,0.0097627612126053,0.0479151924640865
7.466101169586182,8.919496091810919,19.910421093717517,0.1169922204931486,0.0107640771244678,0.0024956314228231,0.0741301726018222,0.4394985627106724,0.0034924684549819,0.1908069473895927,0.0193722007685744,0.0170825240205666,0.0097627612126092,0.0479151924641065
7.469316959381103,8.919496091811547,19.91042109371892,0.1169922204931568,0.0107640771244686,0.0024956314228233,0.0741301726018274,0.4394985627107033,0.0034924684549821,0.1908069473896061,0.0193722007685758,0.0170825240205678,0.0097627612126099,0.0479151924641099
7.470819473266602,8.91949609181184,19.91042109371957,0.1169922204931607,0.010764077124469,0.0024956314228234,0.0741301726018298,0.4394985627107177,0.0034924684549822,0.1908069473896124,0.0193722007685764,0.0170825240205684,0.0097627612126102,0.0479151924641114
7.473136901855469,8.919496091812288,19.91042109372057,0.1169922204931665,0.0107640771244695,0.0024956314228235,0.0741301726018335,0.4394985627107397,0.0034924684549824,0.1908069473896219,0.0193722007685774,0.0170825240205692,0.0097627612126106,0.0479151924641138
7.473799705505371,8.919496091812414,19.910421093720853,0.1169922204931682,0.0107640771244696,0.0024956314228236,0.0741301726018346,0.439498562710746,0.0034924684549824,0.1908069473896246,0.0193722007685777,0.0170825240205695,0.0097627612126108,0.0479151924641145
7.483129501342773,8.919496091814176,19.910421093724786,0.1169922204931913,0.0107640771244718,0.002495631422824,0.0741301726018492,0.4394985627108326,0.0034924684549831,0.1908069473896623,0.0193722007685815,0.0170825240205728,0.0097627612126126,0.047915192464124
7.4835309982299805,8.919496091814251,19.91042109372495,0.1169922204931923,0.0107640771244718,0.0024956314228241,0.0741301726018498,0.4394985627108363,0.0034924684549831,0.1908069473896639,0.0193722007685816,0.017082524020573,0.0097627612126127,0.0479151924641244
7.485560894012451,8.919496091814626,19.910421093725788,0.1169922204931972,0.0107640771244723,0.0024956314228242,0.074130172601853,0.4394985627108548,0.0034924684549833,0.1908069473896719,0.0193722007685824,0.0170825240205737,0.0097627612126131,0.0479151924641264
7.485823154449463,8.919496091814674,19.91042109372589,0.1169922204931978,0.0107640771244724,0.0024956314228242,0.0741301726018534,0.4394985627108571,0.0034924684549833,0.1908069473896729,0.0193722007685825,0.0170825240205738,0.0097627612126131,0.0479151924641267
7.497884273529053,8.919496091816846,19.910421093730744,0.1169922204932263,0.010764077124475,0.0024956314228248,0.0741301726018714,0.439498562710964,0.0034924684549841,0.1908069473897194,0.0193722007685872,0.0170825240205779,0.0097627612126154,0.0479151924641383
7.511995315551758,8.919496091819278,19.91042109373617,0.1169922204932582,0.0107640771244779,0.0024956314228255,0.0741301726018916,0.4394985627110837,0.0034924684549851,0.1908069473897714,0.0193722007685925,0.0170825240205826,0.009762761212618,0.0479151924641514
7.512152671813965,8.919496091819305,19.910421093736232,0.1169922204932585,0.0107640771244779,0.0024956314228255,0.0741301726018918,0.4394985627110849,0.0034924684549851,0.1908069473897719,0.0193722007685925,0.0170825240205826,0.009762761212618,0.0479151924641515
7.51587438583374,8.919496091819926,19.910421093737614,0.1169922204932667,0.0107640771244787,0.0024956314228256,0.074130172601897,0.4394985627111155,0.0034924684549853,0.1908069473897852,0.0193722007685939,0.0170825240205838,0.0097627612126187,0.0479151924641548
7.517996311187744,8.919496091820276,19.9104210937384,0.1169922204932713,0.0107640771244791,0.0024956314228257,0.0741301726018999,0.4394985627111327,0.0034924684549854,0.1908069473897927,0.0193722007685946,0.0170825240205845,0.009762761212619,0.0479151924641567
7.523068428039551,8.919496091821104,19.910421093740247,0.1169922204932821,0.0107640771244801,0.002495631422826,0.0741301726019068,0.4394985627111735,0.0034924684549858,0.1908069473898104,0.0193722007685964,0.0170825240205861,0.0097627612126199,0.0479151924641612
7.52331018447876,8.919496091821143,19.910421093740336,0.1169922204932827,0.0107640771244801,0.002495631422826,0.0741301726019071,0.4394985627111754,0.0034924684549858,0.1908069473898112,0.0193722007685965,0.0170825240205862,0.0097627612126199,0.0479151924641614
7.531721591949463,8.919496091822483,19.910421093743327,0.1169922204933002,0.0107640771244817,0.0024956314228263,0.0741301726019182,0.4394985627112414,0.0034924684549863,0.1908069473898399,0.0193722007685994,0.0170825240205887,0.0097627612126213,0.0479151924641686
7.534916400909424,8.919496091822982,19.91042109374444,0.1169922204933068,0.0107640771244823,0.0024956314228265,0.0741301726019224,0.4394985627112659,0.0034924684549865,0.1908069473898506,0.0193722007686005,0.0170825240205897,0.0097627612126219,0.0479151924641713
7.536853790283203,8.919496091823282,19.91042109374511,0.1169922204933107,0.0107640771244827,0.0024956314228266,0.0741301726019249,0.4394985627112807,0.0034924684549866,0.190806947389857,0.0193722007686011,0.0170825240205902,0.0097627612126222,0.0479151924641729
7.538435935974121,8.919496091823525,19.91042109374565,0.1169922204933139,0.010764077124483,0.0024956314228266,0.0741301726019269,0.4394985627112927,0.0034924684549867,0.1908069473898622,0.0193722007686016,0.0170825240205907,0.0097627612126224,0.0479151924641742
7.538552284240723,8.919496091823543,19.910421093745693,0.1169922204933141,0.010764077124483,0.0024956314228266,0.0741301726019271,0.4394985627112935,0.0034924684549867,0.1908069473898626,0.0193722007686017,0.0170825240205907,0.0097627612126225,0.0479151924641743
7.538858890533447,8.919496091823591,19.9104210937458,0.1169922204933147,0.0107640771244831,0.0024956314228266,0.0741301726019274,0.4394985627112958,0.0034924684549867,0.1908069473898636,0.0193722007686018,0.0170825240205908,0.0097627612126225,0.0479151924641745
7.542599678039551,8.91949609182416,19.91042109374707,0.1169922204933222,0.0107640771244838,0.0024956314228268,0.0741301726019322,0.4394985627113238,0.0034924684549869,0.1908069473898757,0.019372200768603,0.0170825240205919,0.0097627612126231,0.0479151924641776
7.5464091300964355,8.919496091824731,19.910421093748347,0.1169922204933297,0.0107640771244844,0.002495631422827,0.0741301726019369,0.439498562711352,0.0034924684549872,0.190806947389888,0.0193722007686043,0.017082524020593,0.0097627612126237,0.0479151924641806
7.547377109527588,8.919496091824877,19.91042109374867,0.1169922204933316,0.0107640771244846,0.002495631422827,0.0741301726019381,0.4394985627113591,0.0034924684549872,0.1908069473898911,0.0193722007686046,0.0170825240205933,0.0097627612126239,0.0479151924641814
7.575042247772217,8.919496091828803,19.91042109375743,0.1169922204933831,0.0107640771244893,0.0024956314228281,0.0741301726019707,0.4394985627115522,0.0034924684549887,0.190806947389975,0.019372200768613,0.0170825240206008,0.009762761212628,0.0479151924642025
7.579874515533447,8.919496091829451,19.91042109375888,0.1169922204933916,0.0107640771244901,0.0024956314228283,0.0741301726019761,0.4394985627115841,0.003492468454989,0.1908069473899888,0.0193722007686144,0.017082524020602,0.0097627612126286,0.047915192464206
7.58911657333374,8.91949609183066,19.910421093761578,0.1169922204934074,0.0107640771244916,0.0024956314228286,0.0741301726019862,0.4394985627116436,0.0034924684549894,0.1908069473900147,0.019372200768617,0.0170825240206044,0.0097627612126299,0.0479151924642125
7.589507102966309,8.91949609183071,19.91042109376169,0.1169922204934081,0.0107640771244916,0.0024956314228286,0.0741301726019866,0.4394985627116461,0.0034924684549895,0.1908069473900158,0.0193722007686172,0.0170825240206045,0.00976276121263,0.0479151924642127
7.589853763580322,8.919496091830755,19.91042109376179,0.1169922204934087,0.0107640771244917,0.0024956314228286,0.074130172601987,0.4394985627116483,0.0034924684549895,0.1908069473900167,0.0193722007686172,0.0170825240206045,0.00976276121263,0.047915192464213
7.592560291290283,8.9194960918311,19.91042109376256,0.1169922204934132,0.0107640771244921,0.0024956314228287,0.0741301726019898,0.4394985627116653,0.0034924684549896,0.1908069473900241,0.019372200768618,0.0170825240206052,0.0097627612126304,0.0479151924642148
7.59526777267456,8.919496091831444,19.91042109376333,0.1169922204934177,0.0107640771244925,0.0024956314228288,0.0741301726019927,0.4394985627116822,0.0034924684549897,0.1908069473900314,0.0193722007686187,0.0170825240206059,0.0097627612126307,0.0479151924642167
7.603202819824219,8.919496091832432,19.91042109376553,0.1169922204934307,0.0107640771244937,0.0024956314228291,0.0741301726020009,0.4394985627117307,0.0034924684549901,0.1908069473900525,0.0193722007686209,0.0170825240206077,0.0097627612126318,0.047915192464222
7.606010913848877,8.919496091832773,19.910421093766296,0.1169922204934352,0.0107640771244941,0.0024956314228292,0.0741301726020037,0.4394985627117476,0.0034924684549903,0.1908069473900599,0.0193722007686216,0.0170825240206084,0.0097627612126321,0.0479151924642238
7.609441757202148,8.919496091833187,19.91042109376722,0.1169922204934406,0.0107640771244946,0.0024956314228293,0.0741301726020072,0.439498562711768,0.0034924684549904,0.1908069473900687,0.0193722007686225,0.0170825240206092,0.0097627612126326,0.047915192464226
7.611579895019531,8.919496091833444,19.910421093767795,0.116992220493444,0.0107640771244949,0.0024956314228294,0.0741301726020093,0.4394985627117806,0.0034924684549905,0.1908069473900742,0.0193722007686231,0.0170825240206097,0.0097627612126328,0.0479151924642274
7.613410472869873,8.919496091833661,19.91042109376828,0.1169922204934468,0.0107640771244952,0.0024956314228294,0.0741301726020111,0.4394985627117913,0.0034924684549906,0.1908069473900789,0.0193722007686235,0.0170825240206101,0.0097627612126331,0.0479151924642286
7.614574909210205,8.919496091833798,19.910421093768583,0.1169922204934486,0.0107640771244953,0.0024956314228295,0.0741301726020123,0.439498562711798,0.0034924684549906,0.1908069473900818,0.0193722007686238,0.0170825240206104,0.0097627612126332,0.0479151924642293
7.621668338775635,8.919496091834626,19.91042109377043,0.1169922204934594,0.0107640771244963,0.0024956314228297,0.0741301726020191,0.4394985627118387,0.003492468454991,0.1908069473900995,0.0193722007686256,0.0170825240206119,0.0097627612126341,0.0479151924642338
7.624249458312988,8.919496091834922,19.91042109377109,0.1169922204934633,0.0107640771244967,0.0024956314228298,0.0741301726020216,0.4394985627118533,0.0034924684549911,0.1908069473901058,0.0193722007686262,0.0170825240206125,0.0097627612126344,0.0479151924642353
7.626577377319336,8.919496091835185,19.91042109377168,0.1169922204934668,0.010764077124497,0.0024956314228299,0.0741301726020238,0.4394985627118663,0.0034924684549912,0.1908069473901114,0.0193722007686268,0.017082524020613,0.0097627612126347,0.0479151924642368
7.628279209136963,8.919496091835379,19.91042109377211,0.1169922204934693,0.0107640771244972,0.0024956314228299,0.0741301726020254,0.4394985627118757,0.0034924684549913,0.1908069473901155,0.0193722007686272,0.0170825240206134,0.0097627612126349,0.0479151924642378
7.636844158172607,8.919496091836328,19.91042109377423,0.1169922204934818,0.0107640771244984,0.0024956314228302,0.0741301726020333,0.4394985627119225,0.0034924684549916,0.1908069473901359,0.0193722007686293,0.0170825240206152,0.0097627612126359,0.0479151924642429
7.645934581756592,8.919496091837305,19.91042109377641,0.1169922204934946,0.0107640771244996,0.0024956314228304,0.0741301726020414,0.4394985627119706,0.003492468454992,0.1908069473901567,0.0193722007686314,0.0170825240206171,0.0097627612126369,0.0479151924642481
7.653825283050537,8.919496091838129,19.91042109377825,0.1169922204935054,0.0107640771245005,0.0024956314228307,0.0741301726020483,0.4394985627120111,0.0034924684549923,0.1908069473901744,0.0193722007686332,0.0170825240206186,0.0097627612126378,0.0479151924642526
7.655430793762207,8.919496091838294,19.91042109377862,0.1169922204935076,0.0107640771245007,0.0024956314228307,0.0741301726020496,0.4394985627120192,0.0034924684549924,0.1908069473901779,0.0193722007686335,0.017082524020619,0.0097627612126379,0.0479151924642535
7.655604362487793,8.919496091838312,19.91042109377866,0.1169922204935078,0.0107640771245008,0.0024956314228307,0.0741301726020498,0.4394985627120201,0.0034924684549924,0.1908069473901783,0.0193722007686336,0.017082524020619,0.0097627612126379,0.0479151924642535
7.660459041595459,8.919496091838806,19.91042109377976,0.1169922204935142,0.0107640771245014,0.0024956314228309,0.0741301726020539,0.4394985627120444,0.0034924684549926,0.1908069473901888,0.0193722007686346,0.0170825240206199,0.0097627612126385,0.0479151924642562
7.671297073364258,8.919496091839877,19.91042109378215,0.1169922204935283,0.0107640771245026,0.0024956314228312,0.0741301726020628,0.439498562712097,0.003492468454993,0.1908069473902117,0.0193722007686369,0.017082524020622,0.0097627612126396,0.0479151924642619
7.674317836761475,8.919496091840166,19.9104210937828,0.1169922204935321,0.010764077124503,0.0024956314228312,0.0741301726020652,0.4394985627121114,0.0034924684549931,0.1908069473902179,0.0193722007686376,0.0170825240206225,0.0097627612126399,0.0479151924642635
7.675466537475586,8.919496091840278,19.910421093783047,0.1169922204935336,0.0107640771245031,0.0024956314228313,0.0741301726020661,0.4394985627121168,0.0034924684549931,0.1908069473902203,0.0193722007686378,0.0170825240206227,0.00976276121264,0.0479151924642641
7.680985450744629,8.9194960918408,19.91042109378421,0.1169922204935404,0.0107640771245038,0.0024956314228314,0.0741301726020704,0.4394985627121425,0.0034924684549933,0.1908069473902315,0.0193722007686389,0.0170825240206237,0.0097627612126406,0.0479151924642669
7.684718608856201,8.919496091841149,19.91042109378499,0.116992220493545,0.0107640771245042,0.0024956314228315,0.0741301726020733,0.4394985627121596,0.0034924684549935,0.1908069473902389,0.0193722007686397,0.0170825240206244,0.0097627612126409,0.0479151924642688
7.687526226043701,8.919496091841406,19.910421093785565,0.1169922204935484,0.0107640771245045,0.0024956314228316,0.0741301726020755,0.4394985627121723,0.0034924684549936,0.1908069473902444,0.0193722007686402,0.0170825240206249,0.0097627612126412,0.0479151924642702
7.69022798538208,8.919496091841653,19.91042109378612,0.1169922204935516,0.0107640771245048,0.0024956314228316,0.0741301726020775,0.4394985627121845,0.0034924684549937,0.1908069473902497,0.0193722007686408,0.0170825240206254,0.0097627612126414,0.0479151924642715
7.71027946472168,8.919496091843413,19.91042109379005,0.1169922204935747,0.0107640771245069,0.0024956314228321,0.0741301726020922,0.4394985627122711,0.0034924684549943,0.1908069473902874,0.0193722007686446,0.0170825240206287,0.0097627612126433,0.0479151924642809
7.712532520294189,8.919496091843603,19.91042109379047,0.1169922204935772,0.0107640771245071,0.0024956314228322,0.0741301726020937,0.4394985627122805,0.0034924684549944,0.1908069473902914,0.019372200768645,0.0170825240206291,0.0097627612126435,0.047915192464282
7.713054180145264,8.919496091843648,19.910421093790568,0.1169922204935778,0.0107640771245072,0.0024956314228322,0.0741301726020941,0.4394985627122826,0.0034924684549944,0.1908069473902924,0.0193722007686451,0.0170825240206292,0.0097627612126435,0.0479151924642822
7.7163825035095215,8.919496091843925,19.91042109379119,0.1169922204935814,0.0107640771245075,0.0024956314228323,0.0741301726020964,0.4394985627122963,0.0034924684549945,0.1908069473902983,0.0193722007686457,0.0170825240206297,0.0097627612126438,0.0479151924642837
7.718769550323486,8.919496091844122,19.91042109379163,0.116992220493584,0.0107640771245077,0.0024956314228323,0.074130172602098,0.439498562712306,0.0034924684549946,0.1908069473903025,0.0193722007686461,0.0170825240206301,0.009762761212644,0.0479151924642847
7.727519989013672,8.919496091844833,19.91042109379321,0.1169922204935933,0.0107640771245086,0.0024956314228325,0.0741301726021039,0.4394985627123409,0.0034924684549949,0.1908069473903177,0.0193722007686476,0.0170825240206315,0.0097627612126448,0.0479151924642885
7.740079402923584,8.919496091845815,19.910421093795406,0.1169922204936062,0.0107640771245098,0.0024956314228328,0.0741301726021121,0.4394985627123892,0.0034924684549953,0.1908069473903386,0.0193722007686497,0.0170825240206333,0.0097627612126458,0.0479151924642938
7.743053436279297,8.91949609184604,19.91042109379591,0.1169922204936091,0.0107640771245101,0.0024956314228329,0.074130172602114,0.4394985627124003,0.0034924684549954,0.1908069473903435,0.0193722007686502,0.0170825240206338,0.009762761212646,0.047915192464295
7.754425525665283,8.919496091846884,19.910421093797797,0.1169922204936202,0.0107640771245111,0.0024956314228331,0.074130172602121,0.4394985627124418,0.0034924684549957,0.1908069473903615,0.0193722007686521,0.0170825240206354,0.0097627612126469,0.0479151924642996
7.758109092712402,8.91949609184715,19.91042109379839,0.1169922204936237,0.0107640771245114,0.0024956314228332,0.0741301726021232,0.4394985627124549,0.0034924684549958,0.1908069473903672,0.0193722007686526,0.0170825240206359,0.0097627612126472,0.047915192464301
7.758415222167969,8.919496091847172,19.91042109379844,0.116992220493624,0.0107640771245114,0.0024956314228332,0.0741301726021234,0.4394985627124561,0.0034924684549958,0.1908069473903677,0.0193722007686527,0.0170825240206359,0.0097627612126472,0.0479151924643011
7.773715972900391,8.919496091848243,19.910421093800828,0.116992220493638,0.0107640771245127,0.0024956314228335,0.0741301726021323,0.4394985627125087,0.0034924684549962,0.1908069473903906,0.019372200768655,0.017082524020638,0.0097627612126484,0.0479151924643069
7.776044845581055,8.919496091848401,19.91042109380118,0.1169922204936401,0.0107640771245129,0.0024956314228335,0.0741301726021336,0.4394985627125164,0.0034924684549963,0.190806947390394,0.0193722007686553,0.0170825240206383,0.0097627612126485,0.0479151924643077
7.785970211029053,8.91949609184906,19.91042109380265,0.1169922204936487,0.0107640771245137,0.0024956314228337,0.0741301726021391,0.4394985627125489,0.0034924684549965,0.190806947390408,0.0193722007686568,0.0170825240206395,0.0097627612126492,0.0479151924643113
7.792499542236328,8.919496091849481,19.910421093803592,0.1169922204936543,0.0107640771245142,0.0024956314228338,0.0741301726021426,0.4394985627125696,0.0034924684549967,0.1908069473904171,0.0193722007686577,0.0170825240206404,0.0097627612126497,0.0479151924643135
7.795894622802734,8.919496091849696,19.91042109380407,0.1169922204936571,0.0107640771245144,0.0024956314228339,0.0741301726021444,0.4394985627125802,0.0034924684549968,0.1908069473904217,0.0193722007686581,0.0170825240206408,0.0097627612126499,0.0479151924643147
7.796440601348877,8.919496091849732,19.91042109380415,0.1169922204936575,0.0107640771245145,0.0024956314228339,0.0741301726021446,0.439498562712582,0.0034924684549968,0.1908069473904224,0.0193722007686582,0.0170825240206408,0.0097627612126499,0.0479151924643149
7.818065166473389,8.919496091851043,19.91042109380708,0.1169922204936747,0.0107640771245161,0.0024956314228342,0.0741301726021556,0.4394985627126465,0.0034924684549973,0.1908069473904504,0.019372200768661,0.0170825240206433,0.0097627612126513,0.0479151924643219
7.818666458129883,8.919496091851078,19.910421093807155,0.1169922204936752,0.0107640771245161,0.0024956314228343,0.0741301726021558,0.4394985627126482,0.0034924684549973,0.1908069473904512,0.0193722007686611,0.0170825240206434,0.0097627612126513,0.0479151924643221
7.81948709487915,8.919496091851126,19.910421093807265,0.1169922204936758,0.0107640771245162,0.0024956314228343,0.0741301726021562,0.4394985627126506,0.0034924684549973,0.1908069473904522,0.0193722007686612,0.0170825240206435,0.0097627612126514,0.0479151924643223
7.819774150848389,8.919496091851142,19.9104210938073,0.116992220493676,0.0107640771245162,0.0024956314228343,0.0741301726021564,0.4394985627126513,0.0034924684549973,0.1908069473904526,0.0193722007686612,0.0170825240206435,0.0097627612126514,0.0479151924643224
7.820373058319092,8.919496091851178,19.91042109380738,0.1169922204936765,0.0107640771245162,0.0024956314228343,0.0741301726021567,0.4394985627126531,0.0034924684549973,0.1908069473904533,0.0193722007686613,0.0170825240206436,0.0097627612126514,0.0479151924643226
7.821011543273926,8.919496091851215,19.91042109380746,0.116992220493677,0.0107640771245163,0.0024956314228343,0.074130172602157,0.4394985627126549,0.0034924684549973,0.1908069473904541,0.0193722007686614,0.0170825240206437,0.0097627612126515,0.0479151924643228
7.8257222175598145,8.919496091851485,19.910421093808065,0.1169922204936805,0.0107640771245166,0.0024956314228344,0.0741301726021592,0.4394985627126682,0.0034924684549974,0.1908069473904599,0.019372200768662,0.0170825240206442,0.0097627612126518,0.0479151924643243
7.827280044555664,8.919496091851574,19.91042109380826,0.1169922204936817,0.0107640771245167,0.0024956314228344,0.07413017260216,0.4394985627126725,0.0034924684549975,0.1908069473904618,0.0193722007686622,0.0170825240206444,0.0097627612126519,0.0479151924643247
7.832801342010498,8.919496091851883,19.910421093808957,0.1169922204936858,0.0107640771245171,0.0024956314228345,0.0741301726021625,0.4394985627126878,0.0034924684549976,0.1908069473904684,0.0193722007686628,0.0170825240206449,0.0097627612126522,0.0479151924643264
7.833004951477051,8.919496091851894,19.910421093808974,0.1169922204936859,0.0107640771245171,0.0024956314228345,0.0741301726021626,0.4394985627126883,0.0034924684549976,0.1908069473904686,0.0193722007686629,0.017082524020645,0.0097627612126522,0.0479151924643265
7.835333347320557,8.919496091852023,19.910421093809266,0.1169922204936876,0.0107640771245172,0.0024956314228345,0.0741301726021637,0.4394985627126946,0.0034924684549977,0.1908069473904714,0.0193722007686631,0.0170825240206452,0.0097627612126523,0.0479151924643272
7.836820602416992,8.919496091852105,19.910421093809447,0.1169922204936887,0.0107640771245173,0.0024956314228345,0.0741301726021644,0.4394985627126987,0.0034924684549977,0.1908069473904731,0.0193722007686633,0.0170825240206454,0.0097627612126524,0.0479151924643276
7.839648723602295,8.919496091852258,19.91042109380979,0.1169922204936907,0.0107640771245175,0.0024956314228346,0.0741301726021656,0.4394985627127062,0.0034924684549977,0.1908069473904764,0.0193722007686637,0.0170825240206457,0.0097627612126526,0.0479151924643284
7.848240375518799,8.919496091852718,19.91042109381081,0.1169922204936967,0.0107640771245181,0.0024956314228347,0.0741301726021695,0.4394985627127289,0.0034924684549979,0.1908069473904863,0.0193722007686646,0.0170825240206465,0.0097627612126531,0.0479151924643309
7.851361274719238,8.919496091852881,19.91042109381118,0.1169922204936988,0.0107640771245183,0.0024956314228348,0.0741301726021708,0.4394985627127369,0.003492468454998,0.1908069473904897,0.019372200768665,0.0170825240206469,0.0097627612126532,0.0479151924643318
7.853546142578125,8.919496091852995,19.91042109381144,0.1169922204937003,0.0107640771245184,0.0024956314228348,0.0741301726021718,0.4394985627127425,0.003492468454998,0.1908069473904922,0.0193722007686652,0.0170825240206471,0.0097627612126533,0.0479151924643324
7.853891849517822,8.919496091853013,19.910421093811475,0.1169922204937006,0.0107640771245184,0.0024956314228348,0.0741301726021719,0.4394985627127434,0.003492468454998,0.1908069473904926,0.0193722007686653,0.0170825240206471,0.0097627612126534,0.0479151924643325
7.861316204071045,8.919496091853391,19.91042109381232,0.1169922204937055,0.0107640771245189,0.0024956314228349,0.0741301726021751,0.439498562712762,0.0034924684549982,0.1908069473905007,0.0193722007686661,0.0170825240206478,0.0097627612126538,0.0479151924643345
7.868216037750244,8.919496091853734,19.910421093813085,0.11699222049371,0.0107640771245193,0.002495631422835,0.0741301726021779,0.4394985627127789,0.0034924684549983,0.190806947390508,0.0193722007686668,0.0170825240206485,0.0097627612126541,0.0479151924643363
7.869235038757324,8.919496091853784,19.910421093813195,0.1169922204937107,0.0107640771245194,0.002495631422835,0.0741301726021783,0.4394985627127813,0.0034924684549983,0.190806947390509,0.0193722007686669,0.0170825240206486,0.0097627612126542,0.0479151924643366
7.873105049133301,8.919496091853972,19.910421093813618,0.1169922204937131,0.0107640771245196,0.0024956314228351,0.0741301726021799,0.4394985627127906,0.0034924684549984,0.1908069473905131,0.0193722007686674,0.0170825240206489,0.0097627612126544,0.0479151924643376
7.876608848571777,8.91949609185414,19.91042109381399,0.1169922204937154,0.0107640771245198,0.0024956314228351,0.0741301726021813,0.4394985627127989,0.0034924684549985,0.1908069473905167,0.0193722007686677,0.0170825240206493,0.0097627612126545,0.0479151924643385
7.886122703552246,8.919496091854588,19.91042109381499,0.1169922204937212,0.0107640771245203,0.0024956314228352,0.074130172602185,0.4394985627128209,0.0034924684549986,0.1908069473905262,0.0193722007686687,0.0170825240206501,0.009762761212655,0.0479151924643409
7.8873114585876465,8.919496091854642,19.91042109381511,0.1169922204937219,0.0107640771245204,0.0024956314228352,0.0741301726021854,0.4394985627128235,0.0034924684549987,0.1908069473905274,0.0193722007686688,0.0170825240206502,0.0097627612126551,0.0479151924643412
7.888197422027588,8.919496091854684,19.9104210938152,0.1169922204937225,0.0107640771245204,0.0024956314228353,0.0741301726021858,0.4394985627128256,0.0034924684549987,0.1908069473905283,0.0193722007686689,0.0170825240206503,0.0097627612126551,0.0479151924643414
7.893079280853271,8.919496091854906,19.9104210938157,0.1169922204937254,0.0107640771245207,0.0024956314228353,0.0741301726021876,0.4394985627128365,0.0034924684549988,0.190806947390533,0.0193722007686694,0.0170825240206507,0.0097627612126553,0.0479151924643426
7.898797035217285,8.91949609185516,19.910421093816268,0.1169922204937287,0.010764077124521,0.0024956314228354,0.0741301726021898,0.4394985627128491,0.0034924684549989,0.1908069473905385,0.0193722007686699,0.0170825240206512,0.0097627612126556,0.047915192464344
7.90172529220581,8.91949609185529,19.91042109381656,0.1169922204937304,0.0107640771245212,0.0024956314228354,0.0741301726021908,0.4394985627128554,0.0034924684549989,0.1908069473905412,0.0193722007686702,0.0170825240206515,0.0097627612126558,0.0479151924643447
7.911769390106201,8.919496091855722,19.91042109381752,0.1169922204937361,0.0107640771245217,0.0024956314228355,0.0741301726021944,0.4394985627128766,0.0034924684549991,0.1908069473905504,0.0193722007686711,0.0170825240206523,0.0097627612126562,0.047915192464347
7.922413349151611,8.919496091856162,19.910421093818503,0.1169922204937419,0.0107640771245222,0.0024956314228357,0.0741301726021981,0.4394985627128984,0.0034924684549992,0.1908069473905599,0.0193722007686721,0.0170825240206531,0.0097627612126567,0.0479151924643494
7.923006057739258,8.919496091856187,19.91042109381856,0.1169922204937422,0.0107640771245222,0.0024956314228357,0.0741301726021983,0.4394985627128996,0.0034924684549993,0.1908069473905604,0.0193722007686721,0.0170825240206532,0.0097627612126567,0.0479151924643495
7.923887252807617,8.919496091856223,19.91042109381864,0.1169922204937427,0.0107640771245223,0.0024956314228357,0.0741301726021986,0.4394985627129013,0.0034924684549993,0.1908069473905612,0.0193722007686722,0.0170825240206532,0.0097627612126567,0.0479151924643497
7.931238174438477,8.919496091856518,19.9104210938193,0.1169922204937465,0.0107640771245226,0.0024956314228358,0.074130172602201,0.4394985627129158,0.0034924684549994,0.1908069473905675,0.0193722007686728,0.0170825240206538,0.009762761212657,0.0479151924643513
7.932244777679443,8.919496091856557,19.910421093819387,0.116992220493747,0.0107640771245227,0.0024956314228358,0.0741301726022014,0.4394985627129177,0.0034924684549994,0.1908069473905683,0.0193722007686729,0.0170825240206539,0.0097627612126571,0.0479151924643515
7.937666893005371,8.91949609185677,19.91042109381986,0.1169922204937498,0.0107640771245229,0.0024956314228358,0.0741301726022031,0.4394985627129282,0.0034924684549995,0.1908069473905728,0.0193722007686734,0.0170825240206543,0.0097627612126573,0.0479151924643526
7.941868782043457,8.919496091856931,19.91042109382022,0.1169922204937519,0.0107640771245231,0.0024956314228359,0.0741301726022045,0.4394985627129361,0.0034924684549995,0.1908069473905763,0.0193722007686737,0.0170825240206546,0.0097627612126575,0.0479151924643535
7.94444990158081,8.91949609185703,19.91042109382044,0.1169922204937532,0.0107640771245233,0.0024956314228359,0.0741301726022053,0.4394985627129409,0.0034924684549996,0.1908069473905784,0.019372200768674,0.0170825240206548,0.0097627612126576,0.047915192464354
7.953887462615967,8.91949609185738,19.91042109382122,0.1169922204937578,0.0107640771245237,0.002495631422836,0.0741301726022082,0.4394985627129582,0.0034924684549997,0.1908069473905859,0.0193722007686747,0.0170825240206555,0.0097627612126579,0.0479151924643559
7.961557865142822,8.919496091857656,19.91042109382184,0.1169922204937615,0.010764077124524,0.0024956314228361,0.0741301726022105,0.4394985627129718,0.0034924684549998,0.1908069473905918,0.0193722007686753,0.017082524020656,0.0097627612126582,0.0479151924643574
7.965784549713135,8.919496091857805,19.91042109382217,0.1169922204937634,0.0107640771245242,0.0024956314228361,0.0741301726022117,0.4394985627129791,0.0034924684549999,0.190806947390595,0.0193722007686756,0.0170825240206563,0.0097627612126584,0.0479151924643582
7.965922832489014,8.91949609185781,19.910421093822183,0.1169922204937635,0.0107640771245242,0.0024956314228361,0.0741301726022118,0.4394985627129794,0.0034924684549999,0.1908069473905951,0.0193722007686756,0.0170825240206563,0.0097627612126584,0.0479151924643582
7.968259811401367,8.919496091857892,19.910421093822364,0.1169922204937645,0.0107640771245243,0.0024956314228361,0.0741301726022125,0.4394985627129834,0.0034924684549999,0.1908069473905969,0.0193722007686758,0.0170825240206564,0.0097627612126585,0.0479151924643587
7.976998805999756,8.919496091858191,19.910421093823032,0.1169922204937685,0.0107640771245247,0.0024956314228362,0.0741301726022149,0.4394985627129981,0.003492468455,0.1908069473906032,0.0193722007686765,0.017082524020657,0.0097627612126588,0.0479151924643603
7.990483283996582,8.919496091858635,19.910421093824024,0.1169922204937743,0.0107640771245252,0.0024956314228363,0.0741301726022186,0.43949856271302,0.0034924684550002,0.1908069473906128,0.0193722007686774,0.0170825240206579,0.0097627612126593,0.0479151924643627
7.99083662033081,8.919496091858647,19.91042109382405,0.1169922204937745,0.0107640771245252,0.0024956314228363,0.0741301726022187,0.4394985627130206,0.0034924684550002,0.190806947390613,0.0193722007686774,0.0170825240206579,0.0097627612126593,0.0479151924643627
7.991409778594971,8.919496091858665,19.91042109382409,0.1169922204937747,0.0107640771245252,0.0024956314228364,0.0741301726022189,0.4394985627130215,0.0034924684550002,0.1908069473906134,0.0193722007686775,0.0170825240206579,0.0097627612126593,0.0479151924643628
7.991506099700928,8.919496091858669,19.9104210938241,0.1169922204937747,0.0107640771245252,0.0024956314228364,0.0741301726022189,0.4394985627130217,0.0034924684550002,0.1908069473906135,0.0193722007686775,0.0170825240206579,0.0097627612126593,0.0479151924643628
7.993120193481445,8.91949609185872,19.910421093824212,0.1169922204937754,0.0107640771245253,0.0024956314228364,0.0741301726022194,0.4394985627130242,0.0034924684550002,0.1908069473906146,0.0193722007686776,0.017082524020658,0.0097627612126594,0.0479151924643631
7.995344638824463,8.919496091858791,19.91042109382437,0.1169922204937763,0.0107640771245254,0.0024956314228364,0.0741301726022199,0.4394985627130277,0.0034924684550003,0.1908069473906161,0.0193722007686778,0.0170825240206582,0.0097627612126594,0.0479151924643635
7.996031761169434,8.919496091858813,19.91042109382442,0.1169922204937766,0.0107640771245254,0.0024956314228364,0.0741301726022201,0.4394985627130287,0.0034924684550003,0.1908069473906165,0.0193722007686778,0.0170825240206582,0.0097627612126594,0.0479151924643636
7.998054027557373,8.919496091858877,19.910421093824564,0.1169922204937775,0.0107640771245255,0.0024956314228364,0.0741301726022206,0.4394985627130319,0.0034924684550003,0.1908069473906179,0.0193722007686779,0.0170825240206583,0.0097627612126595,0.047915192464364
7.998486995697021,8.91949609185889,19.910421093824592,0.1169922204937776,0.0107640771245255,0.0024956314228364,0.0741301726022208,0.4394985627130325,0.0034924684550003,0.1908069473906182,0.019372200768678,0.0170825240206583,0.0097627612126595,0.047915192464364
8.001251220703125,8.919496091858976,19.910421093824784,0.1169922204937788,0.0107640771245256,0.0024956314228364,0.0741301726022215,0.4394985627130368,0.0034924684550003,0.19080694739062,0.0193722007686782,0.0170825240206585,0.0097627612126596,0.0479151924643645
8.005311965942383,8.919496091859102,19.910421093825068,0.1169922204937804,0.0107640771245258,0.0024956314228365,0.0741301726022225,0.439498562713043,0.0034924684550004,0.1908069473906227,0.0193722007686784,0.0170825240206588,0.0097627612126598,0.0479151924643652
8.009466171264648,8.919496091859228,19.91042109382535,0.1169922204937821,0.0107640771245259,0.0024956314228365,0.0741301726022236,0.4394985627130491,0.0034924684550004,0.1908069473906254,0.0193722007686787,0.017082524020659,0.0097627612126599,0.0479151924643658
8.02274227142334,8.919496091859621,19.910421093826223,0.1169922204937872,0.0107640771245264,0.0024956314228366,0.0741301726022268,0.4394985627130685,0.0034924684550006,0.1908069473906338,0.0193722007686795,0.0170825240206597,0.0097627612126603,0.0479151924643679
8.023444175720215,8.91949609185964,19.910421093826265,0.1169922204937875,0.0107640771245264,0.0024956314228366,0.074130172602227,0.4394985627130694,0.0034924684550006,0.1908069473906342,0.0193722007686796,0.0170825240206598,0.0097627612126603,0.047915192464368
8.02840805053711,8.91949609185978,19.91042109382658,0.1169922204937893,0.0107640771245266,0.0024956314228367,0.0741301726022281,0.4394985627130764,0.0034924684550006,0.1908069473906372,0.0193722007686799,0.01708252402066,0.0097627612126605,0.0479151924643688
8.030643463134766,8.919496091859845,19.910421093826724,0.1169922204937902,0.0107640771245266,0.0024956314228367,0.0741301726022287,0.4394985627130795,0.0034924684550007,0.1908069473906386,0.01937220076868,0.0170825240206602,0.0097627612126605,0.0479151924643691
8.047903060913086,8.919496091860314,19.91042109382777,0.1169922204937963,0.0107640771245272,0.0024956314228368,0.0741301726022326,0.4394985627131026,0.0034924684550008,0.1908069473906486,0.019372200768681,0.0170825240206611,0.009762761212661,0.0479151924643717
8.05199146270752,8.919496091860422,19.910421093828013,0.1169922204937977,0.0107640771245273,0.0024956314228368,0.0741301726022335,0.4394985627131079,0.0034924684550009,0.190806947390651,0.0193722007686813,0.0170825240206613,0.0097627612126611,0.0479151924643722
8.05514144897461,8.919496091860504,19.910421093828194,0.1169922204937988,0.0107640771245274,0.0024956314228369,0.0741301726022342,0.4394985627131119,0.0034924684550009,0.1908069473906527,0.0193722007686815,0.0170825240206614,0.0097627612126612,0.0479151924643727
8.056344985961914,8.919496091860534,19.910421093828266,0.1169922204937992,0.0107640771245275,0.0024956314228369,0.0741301726022344,0.4394985627131134,0.0034924684550009,0.1908069473906533,0.0193722007686815,0.0170825240206615,0.0097627612126613,0.0479151924643728
8.057110786437988,8.919496091860553,19.910421093828308,0.1169922204937995,0.0107640771245275,0.0024956314228369,0.0741301726022346,0.4394985627131144,0.0034924684550009,0.1908069473906538,0.0193722007686816,0.0170825240206615,0.0097627612126613,0.047915192464373
8.057842254638672,8.919496091860573,19.910421093828347,0.1169922204937997,0.0107640771245275,0.0024956314228369,0.0741301726022347,0.4394985627131153,0.0034924684550009,0.1908069473906542,0.0193722007686816,0.0170825240206616,0.0097627612126613,0.0479151924643731
8.058433532714844,8.919496091860587,19.910421093828383,0.1169922204937999,0.0107640771245275,0.0024956314228369,0.0741301726022349,0.439498562713116,0.0034924684550009,0.1908069473906545,0.0193722007686816,0.0170825240206616,0.0097627612126613,0.0479151924643731
8.058887481689453,8.9194960918606,19.910421093828408,0.1169922204938,0.0107640771245276,0.0024956314228369,0.0741301726022349,0.4394985627131166,0.0034924684550009,0.1908069473906547,0.0193722007686817,0.0170825240206616,0.0097627612126613,0.0479151924643732
8.06156063079834,8.919496091860667,19.91042109382856,0.1169922204938009,0.0107640771245276,0.0024956314228369,0.0741301726022355,0.4394985627131199,0.003492468455001,0.1908069473906562,0.0193722007686818,0.0170825240206617,0.0097627612126614,0.0479151924643736
8.067451477050781,8.919496091860815,19.910421093828887,0.1169922204938029,0.0107640771245278,0.0024956314228369,0.0741301726022367,0.4394985627131272,0.003492468455001,0.1908069473906593,0.0193722007686821,0.017082524020662,0.0097627612126615,0.0479151924643743
8.06749153137207,8.919496091860815,19.91042109382889,0.1169922204938029,0.0107640771245278,0.0024956314228369,0.0741301726022367,0.4394985627131272,0.003492468455001,0.1908069473906593,0.0193722007686821,0.017082524020662,0.0097627612126615,0.0479151924643744
8.072671890258789,8.919496091860942,19.91042109382917,0.1169922204938045,0.010764077124528,0.002495631422837,0.0741301726022378,0.4394985627131335,0.0034924684550011,0.1908069473906621,0.0193722007686824,0.0170825240206623,0.0097627612126617,0.047915192464375
8.079947471618652,8.919496091861117,19.91042109382956,0.1169922204938068,0.0107640771245282,0.002495631422837,0.0741301726022393,0.4394985627131421,0.0034924684550011,0.1908069473906658,0.0193722007686828,0.0170825240206626,0.0097627612126619,0.047915192464376
8.081738471984863,8.91949609186116,19.910421093829655,0.1169922204938074,0.0107640771245282,0.002495631422837,0.0741301726022396,0.4394985627131442,0.0034924684550012,0.1908069473906667,0.0193722007686829,0.0170825240206627,0.0097627612126619,0.0479151924643762
8.083988189697266,8.91949609186121,19.910421093829772,0.1169922204938081,0.0107640771245283,0.0024956314228371,0.07413017260224,0.4394985627131467,0.0034924684550012,0.1908069473906678,0.019372200768683,0.0170825240206628,0.009762761212662,0.0479151924643765
8.08633041381836,8.919496091861266,19.910421093829896,0.1169922204938088,0.0107640771245284,0.0024956314228371,0.0741301726022405,0.4394985627131494,0.0034924684550012,0.190806947390669,0.0193722007686831,0.0170825240206629,0.009762761212662,0.0479151924643768
8.088160514831543,8.919496091861307,19.91042109382999,0.1169922204938093,0.0107640771245284,0.0024956314228371,0.0741301726022408,0.4394985627131514,0.0034924684550012,0.1908069473906699,0.0193722007686832,0.017082524020663,0.0097627612126621,0.047915192464377
8.0901517868042,8.919496091861353,19.91042109383009,0.1169922204938099,0.0107640771245285,0.0024956314228371,0.0741301726022412,0.4394985627131537,0.0034924684550012,0.1908069473906709,0.0193722007686833,0.0170825240206631,0.0097627612126621,0.0479151924643772
8.097085952758789,8.919496091861511,19.910421093830443,0.116992220493812,0.0107640771245286,0.0024956314228371,0.0741301726022425,0.4394985627131614,0.0034924684550013,0.1908069473906742,0.0193722007686836,0.0170825240206634,0.0097627612126623,0.0479151924643781
8.099051475524902,8.919496091861554,19.91042109383054,0.1169922204938126,0.0107640771245287,0.0024956314228372,0.0741301726022429,0.4394985627131636,0.0034924684550013,0.1908069473906751,0.0193722007686837,0.0170825240206634,0.0097627612126623,0.0479151924643783
8.104990005493164,8.919496091861683,19.910421093830827,0.1169922204938143,0.0107640771245289,0.0024956314228372,0.074130172602244,0.43949856271317,0.0034924684550014,0.1908069473906779,0.019372200768684,0.0170825240206637,0.0097627612126625,0.047915192464379
8.110673904418945,8.919496091861806,19.9104210938311,0.1169922204938159,0.010764077124529,0.0024956314228372,0.074130172602245,0.439498562713176,0.0034924684550014,0.1908069473906805,0.0193722007686843,0.0170825240206639,0.0097627612126626,0.0479151924643797
8.111175537109375,8.919496091861816,19.910421093831125,0.116992220493816,0.010764077124529,0.0024956314228372,0.0741301726022451,0.4394985627131765,0.0034924684550014,0.1908069473906808,0.0193722007686843,0.0170825240206639,0.0097627612126626,0.0479151924643797
8.115490913391113,8.919496091861907,19.910421093831328,0.1169922204938172,0.0107640771245291,0.0024956314228373,0.0741301726022458,0.439498562713181,0.0034924684550015,0.1908069473906827,0.0193722007686845,0.0170825240206641,0.0097627612126627,0.0479151924643802
8.1364164352417,8.91949609186233,19.910421093832277,0.1169922204938227,0.0107640771245296,0.0024956314228374,0.0741301726022493,0.4394985627132018,0.0034924684550016,0.1908069473906917,0.0193722007686854,0.0170825240206649,0.0097627612126631,0.0479151924643825
8.139691352844238,8.919496091862394,19.91042109383241,0.1169922204938236,0.0107640771245297,0.0024956314228374,0.0741301726022499,0.4394985627132049,0.0034924684550016,0.1908069473906931,0.0193722007686855,0.017082524020665,0.0097627612126632,0.0479151924643828
8.140175819396973,8.919496091862403,19.910421093832436,0.1169922204938237,0.0107640771245297,0.0024956314228374,0.0741301726022499,0.4394985627132053,0.0034924684550016,0.1908069473906933,0.0193722007686855,0.0170825240206651,0.0097627612126632,0.0479151924643829
8.143758773803711,8.91949609186247,19.910421093832586,0.1169922204938246,0.0107640771245298,0.0024956314228374,0.0741301726022505,0.4394985627132087,0.0034924684550017,0.1908069473906948,0.0193722007686857,0.0170825240206652,0.0097627612126633,0.0479151924643832
8.15645694732666,8.919496091862706,19.91042109383311,0.1169922204938277,0.0107640771245301,0.0024956314228375,0.0741301726022525,0.4394985627132203,0.0034924684550018,0.1908069473906998,0.0193722007686862,0.0170825240206656,0.0097627612126635,0.0479151924643845
8.171865463256836,8.91949609186298,19.91042109383372,0.1169922204938313,0.0107640771245304,0.0024956314228375,0.0741301726022547,0.4394985627132338,0.0034924684550019,0.1908069473907056,0.0193722007686868,0.0170825240206662,0.0097627612126638,0.047915192464386
8.177599906921387,8.919496091863078,19.910421093833943,0.1169922204938326,0.0107640771245305,0.0024956314228376,0.0741301726022555,0.4394985627132385,0.0034924684550019,0.1908069473907077,0.019372200768687,0.0170825240206664,0.0097627612126639,0.0479151924643865
8.180754661560059,8.919496091863131,19.910421093834056,0.1169922204938332,0.0107640771245306,0.0024956314228376,0.074130172602256,0.4394985627132411,0.0034924684550019,0.1908069473907089,0.0193722007686871,0.0170825240206665,0.009762761212664,0.0479151924643868
8.18663215637207,8.919496091863227,19.910421093834277,0.1169922204938345,0.0107640771245307,0.0024956314228376,0.0741301726022568,0.4394985627132459,0.003492468455002,0.1908069473907109,0.0193722007686873,0.0170825240206666,0.0097627612126641,0.0479151924643873
8.18760871887207,8.919496091863243,19.91042109383431,0.1169922204938347,0.0107640771245307,0.0024956314228376,0.0741301726022569,0.4394985627132467,0.003492468455002,0.1908069473907113,0.0193722007686874,0.0170825240206667,0.0097627612126641,0.0479151924643874
8.188300132751465,8.919496091863255,19.910421093834337,0.1169922204938349,0.0107640771245307,0.0024956314228376,0.074130172602257,0.4394985627132473,0.003492468455002,0.1908069473907115,0.0193722007686874,0.0170825240206667,0.0097627612126641,0.0479151924643875
8.191804885864258,8.919496091863312,19.91042109383446,0.1169922204938356,0.0107640771245308,0.0024956314228376,0.0741301726022575,0.4394985627132501,0.003492468455002,0.1908069473907127,0.0193722007686875,0.0170825240206668,0.0097627612126642,0.0479151924643878
8.19371509552002,8.919496091863342,19.910421093834533,0.116992220493836,0.0107640771245308,0.0024956314228376,0.0741301726022577,0.4394985627132516,0.003492468455002,0.1908069473907134,0.0193722007686876,0.0170825240206669,0.0097627612126642,0.0479151924643879
8.195284843444824,8.919496091863367,19.910421093834582,0.1169922204938363,0.0107640771245309,0.0024956314228377,0.0741301726022579,0.4394985627132528,0.003492468455002,0.1908069473907139,0.0193722007686876,0.0170825240206669,0.0097627612126642,0.0479151924643881
8.207940101623535,8.919496091863564,19.910421093835023,0.1169922204938389,0.0107640771245311,0.0024956314228377,0.0741301726022596,0.4394985627132625,0.0034924684550021,0.1908069473907181,0.0193722007686881,0.0170825240206673,0.0097627612126644,0.0479151924643891
8.209260940551758,8.919496091863584,19.91042109383507,0.1169922204938392,0.0107640771245311,0.0024956314228377,0.0741301726022597,0.4394985627132635,0.0034924684550021,0.1908069473907185,0.0193722007686881,0.0170825240206673,0.0097627612126645,0.0479151924643892
8.216856956481934,8.919496091863698,19.910421093835325,0.1169922204938407,0.0107640771245313,0.0024956314228377,0.0741301726022607,0.4394985627132691,0.0034924684550021,0.190806947390721,0.0193722007686883,0.0170825240206675,0.0097627612126646,0.0479151924643898
8.221787452697754,8.91949609186377,19.910421093835485,0.1169922204938416,0.0107640771245314,0.0024956314228378,0.0741301726022613,0.4394985627132726,0.0034924684550022,0.1908069473907225,0.0193722007686885,0.0170825240206677,0.0097627612126646,0.0479151924643902
8.224628448486328,8.919496091863811,19.910421093835577,0.1169922204938422,0.0107640771245314,0.0024956314228378,0.0741301726022616,0.4394985627132746,0.0034924684550022,0.1908069473907234,0.0193722007686886,0.0170825240206678,0.0097627612126647,0.0479151924643904
8.240083694458008,8.919496091864026,19.91042109383606,0.116992220493845,0.0107640771245317,0.0024956314228378,0.0741301726022634,0.4394985627132852,0.0034924684550023,0.190806947390728,0.0193722007686891,0.0170825240206682,0.0097627612126649,0.0479151924643916
8.246400833129883,8.919496091864112,19.91042109383625,0.1169922204938461,0.0107640771245318,0.0024956314228379,0.0741301726022641,0.4394985627132894,0.0034924684550023,0.1908069473907298,0.0193722007686892,0.0170825240206683,0.009762761212665,0.047915192464392
8.250443458557129,8.919496091864165,19.91042109383637,0.1169922204938468,0.0107640771245318,0.0024956314228379,0.0741301726022646,0.4394985627132921,0.0034924684550023,0.190806947390731,0.0193722007686894,0.0170825240206684,0.0097627612126651,0.0479151924643923
8.251374244689941,8.919496091864177,19.910421093836398,0.116992220493847,0.0107640771245319,0.0024956314228379,0.0741301726022647,0.4394985627132927,0.0034924684550023,0.1908069473907312,0.0193722007686894,0.0170825240206685,0.0097627612126651,0.0479151924643924
8.26094913482666,8.919496091864302,19.91042109383667,0.1169922204938486,0.010764077124532,0.0024956314228379,0.0741301726022657,0.4394985627132987,0.0034924684550024,0.1908069473907339,0.0193722007686896,0.0170825240206687,0.0097627612126652,0.0479151924643931
8.263050079345703,8.919496091864328,19.91042109383673,0.1169922204938489,0.010764077124532,0.0024956314228379,0.0741301726022659,0.4394985627133,0.0034924684550024,0.1908069473907344,0.0193722007686897,0.0170825240206687,0.0097627612126652,0.0479151924643932
8.263609886169434,8.919496091864335,19.910421093836742,0.116992220493849,0.010764077124532,0.0024956314228379,0.074130172602266,0.4394985627133004,0.0034924684550024,0.1908069473907346,0.0193722007686897,0.0170825240206688,0.0097627612126652,0.0479151924643933
8.27184009552002,8.919496091864437,19.910421093836973,0.1169922204938504,0.0107640771245322,0.002495631422838,0.0741301726022668,0.4394985627133054,0.0034924684550024,0.1908069473907368,0.0193722007686899,0.017082524020669,0.0097627612126653,0.0479151924643938
8.273160934448242,8.919496091864453,19.91042109383701,0.1169922204938506,0.0107640771245322,0.002495631422838,0.074130172602267,0.4394985627133062,0.0034924684550024,0.1908069473907371,0.01937220076869,0.017082524020669,0.0097627612126654,0.0479151924643939
8.274974822998047,8.919496091864474,19.91042109383706,0.1169922204938509,0.0107640771245322,0.002495631422838,0.0741301726022671,0.4394985627133073,0.0034924684550024,0.1908069473907376,0.01937220076869,0.017082524020669,0.0097627612126654,0.047915192464394
8.284985542297363,8.919496091864593,19.91042109383732,0.1169922204938524,0.0107640771245324,0.002495631422838,0.0741301726022681,0.4394985627133131,0.0034924684550025,0.1908069473907401,0.0193722007686903,0.0170825240206693,0.0097627612126655,0.0479151924643946
8.287554740905762,8.919496091864623,19.91042109383739,0.1169922204938528,0.0107640771245324,0.002495631422838,0.0741301726022684,0.4394985627133146,0.0034924684550025,0.1908069473907407,0.0193722007686903,0.0170825240206693,0.0097627612126655,0.0479151924643948
8.288050651550293,8.919496091864628,19.910421093837403,0.1169922204938529,0.0107640771245324,0.002495631422838,0.0741301726022684,0.4394985627133149,0.0034924684550025,0.1908069473907409,0.0193722007686904,0.0170825240206693,0.0097627612126655,0.0479151924643948
8.290420532226562,8.919496091864655,19.910421093837464,0.1169922204938532,0.0107640771245324,0.002495631422838,0.0741301726022687,0.4394985627133162,0.0034924684550025,0.1908069473907414,0.0193722007686904,0.0170825240206694,0.0097627612126656,0.047915192464395
8.290910720825195,8.919496091864662,19.910421093837478,0.1169922204938533,0.0107640771245324,0.002495631422838,0.0741301726022687,0.4394985627133165,0.0034924684550025,0.1908069473907416,0.0193722007686904,0.0170825240206694,0.0097627612126656,0.047915192464395
8.294604301452637,8.919496091864703,19.910421093837567,0.1169922204938539,0.0107640771245325,0.002495631422838,0.074130172602269,0.4394985627133185,0.0034924684550025,0.1908069473907425,0.0193722007686905,0.0170825240206695,0.0097627612126656,0.0479151924643952
8.295442581176758,8.919496091864714,19.91042109383759,0.116992220493854,0.0107640771245325,0.002495631422838,0.0741301726022691,0.439498562713319,0.0034924684550025,0.1908069473907427,0.0193722007686905,0.0170825240206695,0.0097627612126656,0.0479151924643953
8.301301956176758,8.919496091864778,19.910421093837737,0.1169922204938548,0.0107640771245326,0.002495631422838,0.0741301726022697,0.4394985627133222,0.0034924684550026,0.1908069473907441,0.0193722007686907,0.0170825240206696,0.0097627612126657,0.0479151924643956
8.301826477050781,8.919496091864785,19.910421093837748,0.1169922204938549,0.0107640771245326,0.002495631422838,0.0741301726022697,0.4394985627133225,0.0034924684550026,0.1908069473907442,0.0193722007686907,0.0170825240206696,0.0097627612126657,0.0479151924643957
8.309426307678223,8.919496091864866,19.91042109383793,0.116992220493856,0.0107640771245327,0.0024956314228381,0.0741301726022704,0.4394985627133265,0.0034924684550026,0.190806947390746,0.0193722007686909,0.0170825240206698,0.0097627612126658,0.0479151924643961
8.310319900512695,8.919496091864877,19.910421093837957,0.1169922204938561,0.0107640771245327,0.0024956314228381,0.0741301726022705,0.439498562713327,0.0034924684550026,0.1908069473907462,0.0193722007686909,0.0170825240206698,0.0097627612126658,0.0479151924643962
8.313027381896973,8.919496091864906,19.910421093838018,0.1169922204938565,0.0107640771245327,0.0024956314228381,0.0741301726022707,0.4394985627133285,0.0034924684550026,0.1908069473907468,0.019372200768691,0.0170825240206698,0.0097627612126658,0.0479151924643963
8.324322700500488,8.919496091865021,19.91042109383828,0.116992220493858,0.0107640771245329,0.0024956314228381,0.0741301726022717,0.4394985627133342,0.0034924684550026,0.1908069473907493,0.0193722007686912,0.0170825240206701,0.009762761212666,0.0479151924643969
8.325051307678223,8.919496091865028,19.91042109383829,0.1169922204938581,0.0107640771245329,0.0024956314228381,0.0741301726022718,0.4394985627133345,0.0034924684550027,0.1908069473907494,0.0193722007686912,0.0170825240206701,0.009762761212666,0.047915192464397
8.331730842590332,8.919496091865096,19.910421093838444,0.116992220493859,0.010764077124533,0.0024956314228381,0.0741301726022723,0.4394985627133378,0.0034924684550027,0.1908069473907509,0.0193722007686914,0.0170825240206702,0.009762761212666,0.0479151924643973
8.33343505859375,8.919496091865113,19.910421093838483,0.1169922204938592,0.010764077124533,0.0024956314228381,0.0741301726022725,0.4394985627133387,0.0034924684550027,0.1908069473907512,0.0193722007686914,0.0170825240206702,0.0097627612126661,0.0479151924643974
8.334171295166016,8.91949609186512,19.9104210938385,0.1169922204938593,0.010764077124533,0.0024956314228381,0.0741301726022725,0.4394985627133391,0.0034924684550027,0.1908069473907514,0.0193722007686914,0.0170825240206703,0.0097627612126661,0.0479151924643975
8.341011047363281,8.919496091865188,19.91042109383865,0.1169922204938602,0.0107640771245331,0.0024956314228382,0.0741301726022731,0.4394985627133423,0.0034924684550027,0.1908069473907528,0.0193722007686916,0.0170825240206704,0.0097627612126661,0.0479151924643978
8.344924926757812,8.919496091865224,19.91042109383873,0.1169922204938607,0.0107640771245331,0.0024956314228382,0.0741301726022734,0.4394985627133441,0.0034924684550027,0.1908069473907536,0.0193722007686916,0.0170825240206705,0.0097627612126662,0.047915192464398
8.35505485534668,8.91949609186532,19.91042109383894,0.1169922204938619,0.0107640771245332,0.0024956314228382,0.0741301726022742,0.4394985627133488,0.0034924684550028,0.1908069473907556,0.0193722007686918,0.0170825240206706,0.0097627612126663,0.0479151924643985
8.366214752197266,8.919496091865419,19.910421093839165,0.1169922204938632,0.0107640771245333,0.0024956314228382,0.074130172602275,0.4394985627133537,0.0034924684550028,0.1908069473907578,0.0193722007686921,0.0170825240206708,0.0097627612126664,0.0479151924643991
8.368030548095703,8.919496091865435,19.9104210938392,0.1169922204938635,0.0107640771245334,0.0024956314228382,0.0741301726022751,0.4394985627133545,0.0034924684550028,0.1908069473907581,0.0193722007686921,0.0170825240206709,0.0097627612126664,0.0479151924643992
8.370447158813477,8.919496091865456,19.910421093839247,0.1169922204938637,0.0107640771245334,0.0024956314228382,0.0741301726022753,0.4394985627133556,0.0034924684550028,0.1908069473907586,0.0193722007686921,0.0170825240206709,0.0097627612126664,0.0479151924643993
8.373961448669434,8.919496091865486,19.91042109383932,0.1169922204938641,0.0107640771245334,0.0024956314228382,0.0741301726022756,0.4394985627133571,0.0034924684550028,0.1908069473907592,0.0193722007686922,0.017082524020671,0.0097627612126664,0.0479151924643994
8.374706268310547,8.919496091865492,19.91042109383933,0.1169922204938642,0.0107640771245334,0.0024956314228382,0.0741301726022756,0.4394985627133573,0.0034924684550028,0.1908069473907593,0.0193722007686922,0.017082524020671,0.0097627612126665,0.0479151924643995
8.378437995910645,8.919496091865524,19.9104210938394,0.1169922204938646,0.0107640771245335,0.0024956314228383,0.0741301726022759,0.4394985627133589,0.0034924684550028,0.19080694739076,0.0193722007686923,0.017082524020671,0.0097627612126665,0.0479151924643996
8.37865924835205,8.919496091865525,19.910421093839403,0.1169922204938647,0.0107640771245335,0.0024956314228383,0.0741301726022759,0.439498562713359,0.0034924684550028,0.1908069473907601,0.0193722007686923,0.017082524020671,0.0097627612126665,0.0479151924643996
8.387649536132812,8.919496091865602,19.91042109383957,0.1169922204938656,0.0107640771245336,0.0024956314228383,0.0741301726022765,0.4394985627133627,0.0034924684550029,0.1908069473907617,0.0193722007686925,0.0170825240206712,0.0097627612126666,0.0479151924644
8.393362045288086,8.919496091865646,19.910421093839677,0.1169922204938662,0.0107640771245336,0.0024956314228383,0.0741301726022769,0.4394985627133649,0.0034924684550029,0.1908069473907626,0.0193722007686926,0.0170825240206713,0.0097627612126666,0.0479151924644003
8.393535614013672,8.919496091865648,19.91042109383968,0.1169922204938663,0.0107640771245336,0.0024956314228383,0.0741301726022769,0.439498562713365,0.0034924684550029,0.1908069473907627,0.0193722007686926,0.0170825240206713,0.0097627612126666,0.0479151924644003
8.3994140625,8.919496091865696,19.910421093839783,0.1169922204938669,0.0107640771245337,0.0024956314228383,0.0741301726022773,0.4394985627133673,0.0034924684550029,0.1908069473907637,0.0193722007686927,0.0170825240206714,0.0097627612126667,0.0479151924644006
8.406872749328613,8.919496091865753,19.91042109383991,0.1169922204938676,0.0107640771245337,0.0024956314228383,0.0741301726022778,0.4394985627133702,0.0034924684550029,0.1908069473907649,0.0193722007686928,0.0170825240206715,0.0097627612126667,0.0479151924644009
8.409860610961914,8.919496091865776,19.91042109383996,0.1169922204938679,0.0107640771245338,0.0024956314228383,0.074130172602278,0.4394985627133713,0.0034924684550029,0.1908069473907654,0.0193722007686928,0.0170825240206715,0.0097627612126668,0.047915192464401
8.42192554473877,8.919496091865865,19.910421093840164,0.1169922204938691,0.0107640771245339,0.0024956314228383,0.0741301726022787,0.4394985627133757,0.003492468455003,0.1908069473907673,0.019372200768693,0.0170825240206717,0.0097627612126668,0.0479151924644015
8.4224271774292,8.919496091865868,19.91042109384017,0.1169922204938691,0.0107640771245339,0.0024956314228383,0.0741301726022787,0.4394985627133759,0.003492468455003,0.1908069473907674,0.019372200768693,0.0170825240206717,0.0097627612126668,0.0479151924644015
8.42603874206543,8.919496091865895,19.91042109384023,0.1169922204938695,0.0107640771245339,0.0024956314228384,0.074130172602279,0.4394985627133771,0.003492468455003,0.1908069473907679,0.0193722007686931,0.0170825240206717,0.0097627612126669,0.0479151924644016
8.428051948547363,8.91949609186591,19.91042109384026,0.1169922204938697,0.0107640771245339,0.0024956314228384,0.0741301726022791,0.4394985627133779,0.003492468455003,0.1908069473907682,0.0193722007686931,0.0170825240206718,0.0097627612126669,0.0479151924644017
8.442570686340332,8.91949609186601,19.910421093840487,0.116992220493871,0.0107640771245341,0.0024956314228384,0.0741301726022799,0.4394985627133828,0.003492468455003,0.1908069473907704,0.0193722007686933,0.017082524020672,0.009762761212667,0.0479151924644022
8.446623802185059,8.919496091866037,19.910421093840547,0.1169922204938714,0.0107640771245341,0.0024956314228384,0.0741301726022801,0.4394985627133841,0.003492468455003,0.190806947390771,0.0193722007686934,0.017082524020672,0.009762761212667,0.0479151924644024
8.453617095947266,8.919496091866083,19.91042109384065,0.116992220493872,0.0107640771245341,0.0024956314228384,0.0741301726022805,0.4394985627133864,0.0034924684550031,0.190806947390772,0.0193722007686935,0.0170825240206721,0.0097627612126671,0.0479151924644026
8.457469940185547,8.919496091866108,19.910421093840704,0.1169922204938723,0.0107640771245342,0.0024956314228384,0.0741301726022807,0.4394985627133876,0.0034924684550031,0.1908069473907725,0.0193722007686935,0.0170825240206722,0.0097627612126671,0.0479151924644028
8.460853576660156,8.91949609186613,19.910421093840757,0.1169922204938726,0.0107640771245342,0.0024956314228384,0.0741301726022809,0.4394985627133887,0.0034924684550031,0.190806947390773,0.0193722007686936,0.0170825240206722,0.0097627612126671,0.0479151924644029
8.462523460388184,8.91949609186614,19.910421093840775,0.1169922204938727,0.0107640771245342,0.0024956314228384,0.074130172602281,0.4394985627133893,0.0034924684550031,0.1908069473907732,0.0193722007686936,0.0170825240206722,0.0097627612126671,0.0479151924644029
8.4635648727417,8.919496091866147,19.910421093840792,0.1169922204938728,0.0107640771245342,0.0024956314228384,0.0741301726022811,0.4394985627133895,0.0034924684550031,0.1908069473907733,0.0193722007686936,0.0170825240206722,0.0097627612126671,0.047915192464403
8.464665412902832,8.919496091866154,19.910421093840807,0.1169922204938729,0.0107640771245342,0.0024956314228384,0.0741301726022811,0.4394985627133899,0.0034924684550031,0.1908069473907735,0.0193722007686936,0.0170825240206722,0.0097627612126671,0.047915192464403
8.471497535705566,8.919496091866197,19.910421093840903,0.1169922204938734,0.0107640771245343,0.0024956314228384,0.0741301726022815,0.439498562713392,0.0034924684550031,0.1908069473907744,0.0193722007686937,0.0170825240206723,0.0097627612126672,0.0479151924644032
8.473920822143555,8.919496091866211,19.91042109384093,0.1169922204938736,0.0107640771245343,0.0024956314228384,0.0741301726022816,0.4394985627133927,0.0034924684550031,0.1908069473907747,0.0193722007686938,0.0170825240206723,0.0097627612126672,0.0479151924644033
8.480648040771484,8.919496091866252,19.910421093841027,0.1169922204938742,0.0107640771245343,0.0024956314228385,0.0741301726022819,0.4394985627133947,0.0034924684550031,0.1908069473907756,0.0193722007686939,0.0170825240206724,0.0097627612126673,0.0479151924644035
8.485937118530273,8.919496091866282,19.91042109384109,0.1169922204938746,0.0107640771245344,0.0024956314228385,0.0741301726022822,0.4394985627133962,0.0034924684550031,0.1908069473907762,0.0193722007686939,0.0170825240206725,0.0097627612126673,0.0479151924644037
8.497961044311523,8.919496091866352,19.910421093841247,0.1169922204938755,0.0107640771245345,0.0024956314228385,0.0741301726022827,0.4394985627133996,0.0034924684550032,0.1908069473907777,0.0193722007686941,0.0170825240206726,0.0097627612126674,0.0479151924644041
8.501696586608887,8.919496091866371,19.910421093841293,0.1169922204938757,0.0107640771245345,0.0024956314228385,0.0741301726022829,0.4394985627134006,0.0034924684550032,0.1908069473907781,0.0193722007686941,0.0170825240206727,0.0097627612126674,0.0479151924644042
8.509610176086426,8.919496091866415,19.91042109384139,0.1169922204938763,0.0107640771245345,0.0024956314228385,0.0741301726022833,0.4394985627134027,0.0034924684550032,0.1908069473907791,0.0193722007686942,0.0170825240206727,0.0097627612126674,0.0479151924644044
8.514864921569824,8.919496091866442,19.910421093841453,0.1169922204938767,0.0107640771245346,0.0024956314228385,0.0741301726022835,0.4394985627134041,0.0034924684550032,0.1908069473907797,0.0193722007686943,0.0170825240206728,0.0097627612126675,0.0479151924644046
8.516895294189453,8.919496091866455,19.910421093841475,0.1169922204938768,0.0107640771245346,0.0024956314228385,0.0741301726022836,0.4394985627134046,0.0034924684550032,0.1908069473907799,0.0193722007686943,0.0170825240206728,0.0097627612126675,0.0479151924644046
8.525802612304688,8.919496091866499,19.910421093841578,0.1169922204938774,0.0107640771245346,0.0024956314228385,0.074130172602284,0.4394985627134069,0.0034924684550032,0.1908069473907808,0.0193722007686944,0.0170825240206729,0.0097627612126675,0.0479151924644049
8.542654991149902,8.919496091866582,19.91042109384176,0.1169922204938785,0.0107640771245347,0.0024956314228385,0.0741301726022847,0.439498562713411,0.0034924684550032,0.1908069473907826,0.0193722007686946,0.0170825240206731,0.0097627612126676,0.0479151924644053
8.543569564819336,8.919496091866586,19.910421093841773,0.1169922204938786,0.0107640771245347,0.0024956314228385,0.0741301726022847,0.4394985627134112,0.0034924684550032,0.1908069473907827,0.0193722007686946,0.0170825240206731,0.0097627612126676,0.0479151924644053
8.55019474029541,8.919496091866618,19.910421093841844,0.116992220493879,0.0107640771245348,0.0024956314228386,0.074130172602285,0.4394985627134127,0.0034924684550033,0.1908069473907834,0.0193722007686946,0.0170825240206731,0.0097627612126676,0.0479151924644055
8.553357124328613,8.919496091866632,19.91042109384188,0.1169922204938792,0.0107640771245348,0.0024956314228386,0.0741301726022851,0.4394985627134135,0.0034924684550033,0.1908069473907837,0.0193722007686947,0.0170825240206732,0.0097627612126677,0.0479151924644056
8.556112289428711,8.919496091866646,19.910421093841904,0.1169922204938793,0.0107640771245348,0.0024956314228386,0.0741301726022852,0.4394985627134141,0.0034924684550033,0.190806947390784,0.0193722007686947,0.0170825240206732,0.0097627612126677,0.0479151924644057
8.556782722473145,8.919496091866648,19.91042109384191,0.1169922204938794,0.0107640771245348,0.0024956314228386,0.0741301726022852,0.4394985627134142,0.0034924684550033,0.1908069473907841,0.0193722007686947,0.0170825240206732,0.0097627612126677,0.0479151924644057
8.557209968566895,8.91949609186665,19.910421093841915,0.1169922204938794,0.0107640771245348,0.0024956314228386,0.0741301726022852,0.4394985627134143,0.0034924684550033,0.1908069473907841,0.0193722007686947,0.0170825240206732,0.0097627612126677,0.0479151924644057
8.557865142822266,8.919496091866653,19.91042109384192,0.1169922204938794,0.0107640771245348,0.0024956314228386,0.0741301726022853,0.4394985627134145,0.0034924684550033,0.1908069473907842,0.0193722007686947,0.0170825240206732,0.0097627612126677,0.0479151924644057
8.560601234436035,8.919496091866666,19.91042109384195,0.1169922204938796,0.0107640771245348,0.0024956314228386,0.0741301726022854,0.4394985627134151,0.0034924684550033,0.1908069473907844,0.0193722007686947,0.0170825240206732,0.0097627612126677,0.0479151924644058
8.573270797729492,8.919496091866723,19.910421093842075,0.1169922204938803,0.0107640771245349,0.0024956314228386,0.0741301726022858,0.4394985627134178,0.0034924684550033,0.1908069473907856,0.0193722007686949,0.0170825240206733,0.0097627612126677,0.0479151924644061
8.576403617858887,8.919496091866735,19.910421093842103,0.1169922204938805,0.0107640771245349,0.0024956314228386,0.0741301726022859,0.4394985627134185,0.0034924684550033,0.1908069473907859,0.0193722007686949,0.0170825240206733,0.0097627612126678,0.0479151924644061
8.580728530883789,8.919496091866753,19.910421093842142,0.1169922204938807,0.0107640771245349,0.0024956314228386,0.0741301726022861,0.4394985627134194,0.0034924684550033,0.1908069473907863,0.0193722007686949,0.0170825240206734,0.0097627612126678,0.0479151924644062
8.580914497375488,8.919496091866753,19.910421093842142,0.1169922204938807,0.0107640771245349,0.0024956314228386,0.0741301726022861,0.4394985627134194,0.0034924684550033,0.1908069473907863,0.0193722007686949,0.0170825240206734,0.0097627612126678,0.0479151924644062
8.582019805908203,8.919496091866758,19.91042109384216,0.1169922204938808,0.010764077124535,0.0024956314228386,0.0741301726022861,0.4394985627134197,0.0034924684550033,0.1908069473907864,0.019372200768695,0.0170825240206734,0.0097627612126678,0.0479151924644063
8.584219932556152,8.919496091866767,19.910421093842174,0.1169922204938809,0.010764077124535,0.0024956314228386,0.0741301726022862,0.4394985627134201,0.0034924684550033,0.1908069473907866,0.019372200768695,0.0170825240206734,0.0097627612126678,0.0479151924644063
8.585799217224121,8.919496091866774,19.910421093842192,0.116992220493881,0.010764077124535,0.0024956314228386,0.0741301726022863,0.4394985627134204,0.0034924684550033,0.1908069473907867,0.019372200768695,0.0170825240206734,0.0097627612126678,0.0479151924644063
8.592601776123047,8.919496091866803,19.910421093842253,0.1169922204938814,0.010764077124535,0.0024956314228386,0.0741301726022865,0.4394985627134218,0.0034924684550033,0.1908069473907873,0.019372200768695,0.0170825240206735,0.0097627612126678,0.0479151924644065
8.620979309082031,8.919496091866911,19.910421093842498,0.1169922204938828,0.0107640771245351,0.0024956314228386,0.0741301726022874,0.4394985627134272,0.0034924684550034,0.1908069473907897,0.0193722007686953,0.0170825240206737,0.0097627612126679,0.0479151924644071
8.639774322509766,8.919496091866977,19.910421093842647,0.1169922204938837,0.0107640771245352,0.0024956314228387,0.0741301726022879,0.4394985627134304,0.0034924684550034,0.1908069473907911,0.0193722007686954,0.0170825240206738,0.009762761212668,0.0479151924644074
8.642444610595703,8.919496091866986,19.910421093842665,0.1169922204938838,0.0107640771245352,0.0024956314228387,0.074130172602288,0.4394985627134309,0.0034924684550034,0.1908069473907913,0.0193722007686954,0.0170825240206738,0.009762761212668,0.0479151924644075
8.647172927856445,8.919496091867002,19.9104210938427,0.116992220493884,0.0107640771245352,0.0024956314228387,0.0741301726022882,0.4394985627134317,0.0034924684550034,0.1908069473907916,0.0193722007686955,0.0170825240206739,0.009762761212668,0.0479151924644076
8.672554969787598,8.919496091867083,19.91042109384288,0.1169922204938851,0.0107640771245353,0.0024956314228387,0.0741301726022888,0.4394985627134357,0.0034924684550034,0.1908069473907933,0.0193722007686957,0.017082524020674,0.0097627612126681,0.047915192464408
8.6808500289917,8.91949609186711,19.91042109384294,0.1169922204938854,0.0107640771245354,0.0024956314228387,0.074130172602289,0.4394985627134369,0.0034924684550035,0.1908069473907939,0.0193722007686957,0.0170825240206741,0.0097627612126682,0.0479151924644081
8.69595718383789,8.919496091867153,19.91042109384304,0.116992220493886,0.0107640771245354,0.0024956314228387,0.0741301726022894,0.439498562713439,0.0034924684550035,0.1908069473907948,0.0193722007686958,0.0170825240206741,0.0097627612126682,0.0479151924644084
8.697665214538574,8.919496091867158,19.91042109384305,0.116992220493886,0.0107640771245354,0.0024956314228387,0.0741301726022894,0.4394985627134393,0.0034924684550035,0.1908069473907949,0.0193722007686958,0.0170825240206742,0.0097627612126682,0.0479151924644084
8.701436042785645,8.919496091867167,19.91042109384307,0.1169922204938862,0.0107640771245354,0.0024956314228387,0.0741301726022895,0.4394985627134398,0.0034924684550035,0.1908069473907951,0.0193722007686958,0.0170825240206742,0.0097627612126682,0.0479151924644085
8.711485862731934,8.919496091867195,19.91042109384313,0.1169922204938865,0.0107640771245355,0.0024956314228387,0.0741301726022898,0.4394985627134412,0.0034924684550035,0.1908069473907958,0.0193722007686959,0.0170825240206742,0.0097627612126682,0.0479151924644086
8.716161727905273,8.919496091867208,19.91042109384316,0.1169922204938867,0.0107640771245355,0.0024956314228387,0.0741301726022898,0.4394985627134417,0.0034924684550035,0.190806947390796,0.0193722007686959,0.0170825240206743,0.0097627612126683,0.0479151924644087
8.731912612915039,8.919496091867249,19.910421093843247,0.1169922204938872,0.0107640771245355,0.0024956314228387,0.0741301726022902,0.4394985627134437,0.0034924684550035,0.1908069473907969,0.019372200768696,0.0170825240206743,0.0097627612126683,0.0479151924644089
8.746538162231445,8.919496091867284,19.91042109384333,0.1169922204938877,0.0107640771245356,0.0024956314228387,0.0741301726022905,0.4394985627134455,0.0034924684550035,0.1908069473907976,0.0193722007686961,0.0170825240206744,0.0097627612126683,0.0479151924644091
8.750938415527344,8.919496091867293,19.91042109384335,0.1169922204938878,0.0107640771245356,0.0024956314228387,0.0741301726022906,0.439498562713446,0.0034924684550035,0.1908069473907978,0.0193722007686961,0.0170825240206744,0.0097627612126683,0.0479151924644091
8.75355052947998,8.9194960918673,19.910421093843365,0.1169922204938879,0.0107640771245356,0.0024956314228387,0.0741301726022906,0.4394985627134463,0.0034924684550035,0.190806947390798,0.0193722007686961,0.0170825240206744,0.0097627612126684,0.0479151924644092
8.755099296569824,8.919496091867304,19.91042109384337,0.116992220493888,0.0107640771245356,0.0024956314228387,0.0741301726022907,0.4394985627134464,0.0034924684550035,0.1908069473907981,0.0193722007686961,0.0170825240206744,0.0097627612126684,0.0479151924644092
8.762842178344727,8.919496091867321,19.91042109384341,0.1169922204938882,0.0107640771245356,0.0024956314228388,0.0741301726022908,0.4394985627134473,0.0034924684550035,0.1908069473907984,0.0193722007686962,0.0170825240206745,0.0097627612126684,0.0479151924644093
8.764537811279297,8.919496091867325,19.91042109384342,0.1169922204938882,0.0107640771245356,0.0024956314228388,0.0741301726022908,0.4394985627134475,0.0034924684550035,0.1908069473907985,0.0193722007686962,0.0170825240206745,0.0097627612126684,0.0479151924644093
8.768107414245605,8.919496091867334,19.91042109384344,0.1169922204938883,0.0107640771245356,0.0024956314228388,0.0741301726022909,0.4394985627134479,0.0034924684550035,0.1908069473907987,0.0193722007686962,0.0170825240206745,0.0097627612126684,0.0479151924644093
8.78010082244873,8.919496091867359,19.910421093843496,0.1169922204938887,0.0107640771245357,0.0024956314228388,0.0741301726022911,0.4394985627134491,0.0034924684550035,0.1908069473907992,0.0193722007686962,0.0170825240206745,0.0097627612126684,0.0479151924644095
8.782583236694336,8.919496091867364,19.910421093843507,0.1169922204938887,0.0107640771245357,0.0024956314228388,0.0741301726022912,0.4394985627134494,0.0034924684550035,0.1908069473907993,0.0193722007686963,0.0170825240206746,0.0097627612126684,0.0479151924644095
8.782878875732422,8.919496091867364,19.91042109384351,0.1169922204938888,0.0107640771245357,0.0024956314228388,0.0741301726022912,0.4394985627134495,0.0034924684550035,0.1908069473907994,0.0193722007686963,0.0170825240206746,0.0097627612126684,0.0479151924644095
8.78691291809082,8.919496091867373,19.910421093843528,0.1169922204938889,0.0107640771245357,0.0024956314228388,0.0741301726022912,0.4394985627134499,0.0034924684550036,0.1908069473907995,0.0193722007686963,0.0170825240206746,0.0097627612126684,0.0479151924644096
8.793170928955078,8.919496091867385,19.91042109384356,0.116992220493889,0.0107640771245357,0.0024956314228388,0.0741301726022913,0.4394985627134505,0.0034924684550036,0.1908069473907998,0.0193722007686963,0.0170825240206746,0.0097627612126684,0.0479151924644096
8.79833984375,8.919496091867396,19.910421093843578,0.1169922204938892,0.0107640771245357,0.0024956314228388,0.0741301726022914,0.439498562713451,0.0034924684550036,0.1908069473908,0.0193722007686963,0.0170825240206746,0.0097627612126685,0.0479151924644097
8.798786163330078,8.919496091867396,19.91042109384358,0.1169922204938892,0.0107640771245357,0.0024956314228388,0.0741301726022914,0.439498562713451,0.0034924684550036,0.1908069473908,0.0193722007686963,0.0170825240206746,0.0097627612126685,0.0479151924644097
8.801051139831543,8.919496091867401,19.910421093843592,0.1169922204938892,0.0107640771245357,0.0024956314228388,0.0741301726022915,0.4394985627134513,0.0034924684550036,0.1908069473908001,0.0193722007686963,0.0170825240206746,0.0097627612126685,0.0479151924644097
8.804557800292969,8.919496091867408,19.91042109384361,0.1169922204938893,0.0107640771245357,0.0024956314228388,0.0741301726022915,0.4394985627134516,0.0034924684550036,0.1908069473908003,0.0193722007686964,0.0170825240206746,0.0097627612126685,0.0479151924644098
8.814836502075195,8.919496091867428,19.91042109384365,0.1169922204938896,0.0107640771245358,0.0024956314228388,0.0741301726022917,0.4394985627134526,0.0034924684550036,0.1908069473908007,0.0193722007686964,0.0170825240206747,0.0097627612126685,0.0479151924644099
8.8153715133667,8.91949609186743,19.91042109384365,0.1169922204938896,0.0107640771245358,0.0024956314228388,0.0741301726022917,0.4394985627134526,0.0034924684550036,0.1908069473908007,0.0193722007686964,0.0170825240206747,0.0097627612126685,0.0479151924644099
8.828594207763672,8.919496091867453,19.910421093843706,0.1169922204938899,0.0107640771245358,0.0024956314228388,0.0741301726022919,0.4394985627134538,0.0034924684550036,0.1908069473908012,0.0193722007686964,0.0170825240206747,0.0097627612126685,0.04791519246441
8.834230422973633,8.919496091867464,19.910421093843727,0.11699222049389,0.0107640771245358,0.0024956314228388,0.074130172602292,0.4394985627134543,0.0034924684550036,0.1908069473908014,0.0193722007686965,0.0170825240206747,0.0097627612126685,0.04791519246441
8.834875106811523,8.919496091867464,19.91042109384373,0.1169922204938901,0.0107640771245358,0.0024956314228388,0.074130172602292,0.4394985627134544,0.0034924684550036,0.1908069473908015,0.0193722007686965,0.0170825240206747,0.0097627612126685,0.04791519246441
8.847603797912598,8.919496091867485,19.91042109384378,0.1169922204938903,0.0107640771245358,0.0024956314228388,0.0741301726022922,0.4394985627134554,0.0034924684550036,0.1908069473908019,0.0193722007686965,0.0170825240206748,0.0097627612126685,0.0479151924644102
8.849469184875488,8.919496091867488,19.910421093843787,0.1169922204938904,0.0107640771245358,0.0024956314228388,0.0741301726022922,0.4394985627134555,0.0034924684550036,0.190806947390802,0.0193722007686965,0.0170825240206748,0.0097627612126685,0.0479151924644102
8.854867935180664,8.919496091867497,19.910421093843805,0.1169922204938905,0.0107640771245358,0.0024956314228388,0.0741301726022923,0.439498562713456,0.0034924684550036,0.1908069473908022,0.0193722007686965,0.0170825240206748,0.0097627612126686,0.0479151924644102
8.860225677490234,8.919496091867506,19.910421093843823,0.1169922204938906,0.0107640771245359,0.0024956314228388,0.0741301726022923,0.4394985627134564,0.0034924684550036,0.1908069473908024,0.0193722007686966,0.0170825240206748,0.0097627612126686,0.0479151924644103
8.863972663879395,8.919496091867511,19.91042109384384,0.1169922204938907,0.0107640771245359,0.0024956314228388,0.0741301726022924,0.4394985627134568,0.0034924684550036,0.1908069473908025,0.0193722007686966,0.0170825240206748,0.0097627612126686,0.0479151924644103
8.869647026062012,8.91949609186752,19.91042109384386,0.1169922204938908,0.0107640771245359,0.0024956314228388,0.0741301726022925,0.4394985627134571,0.0034924684550036,0.1908069473908027,0.0193722007686966,0.0170825240206749,0.0097627612126686,0.0479151924644104
8.877376556396484,8.919496091867533,19.910421093843887,0.116992220493891,0.0107640771245359,0.0024956314228388,0.0741301726022926,0.4394985627134578,0.0034924684550036,0.190806947390803,0.0193722007686966,0.0170825240206749,0.0097627612126686,0.0479151924644104
8.887239456176758,8.919496091867549,19.91042109384392,0.1169922204938912,0.0107640771245359,0.0024956314228388,0.0741301726022927,0.4394985627134585,0.0034924684550036,0.1908069473908033,0.0193722007686967,0.0170825240206749,0.0097627612126686,0.0479151924644105
8.889482498168945,8.91949609186755,19.91042109384393,0.1169922204938912,0.0107640771245359,0.0024956314228388,0.0741301726022927,0.4394985627134586,0.0034924684550036,0.1908069473908033,0.0193722007686967,0.0170825240206749,0.0097627612126686,0.0479151924644105
8.890718460083008,8.919496091867552,19.91042109384393,0.1169922204938912,0.0107640771245359,0.0024956314228388,0.0741301726022927,0.4394985627134588,0.0034924684550036,0.1908069473908034,0.0193722007686967,0.0170825240206749,0.0097627612126686,0.0479151924644105
8.896774291992188,8.919496091867561,19.910421093843947,0.1169922204938913,0.0107640771245359,0.0024956314228388,0.0741301726022928,0.4394985627134591,0.0034924684550036,0.1908069473908036,0.0193722007686967,0.0170825240206749,0.0097627612126686,0.0479151924644106
8.925986289978027,8.9194960918676,19.91042109384404,0.1169922204938919,0.010764077124536,0.0024956314228388,0.0741301726022931,0.4394985627134611,0.0034924684550036,0.1908069473908044,0.0193722007686968,0.017082524020675,0.0097627612126687,0.0479151924644108
8.927204132080078,8.919496091867602,19.91042109384404,0.1169922204938919,0.010764077124536,0.0024956314228388,0.0741301726022931,0.4394985627134611,0.0034924684550036,0.1908069473908044,0.0193722007686968,0.017082524020675,0.0097627612126687,0.0479151924644108
8.936636924743652,8.919496091867613,19.910421093844064,0.116992220493892,0.010764077124536,0.0024956314228388,0.0741301726022932,0.4394985627134617,0.0034924684550036,0.1908069473908047,0.0193722007686968,0.017082524020675,0.0097627612126687,0.0479151924644108
8.94173812866211,8.91949609186762,19.91042109384408,0.1169922204938921,0.010764077124536,0.0024956314228388,0.0741301726022933,0.439498562713462,0.0034924684550036,0.1908069473908048,0.0193722007686968,0.017082524020675,0.0097627612126687,0.0479151924644109
8.943242073059082,8.919496091867622,19.91042109384409,0.1169922204938921,0.010764077124536,0.0024956314228388,0.0741301726022933,0.4394985627134621,0.0034924684550036,0.1908069473908049,0.0193722007686968,0.017082524020675,0.0097627612126687,0.0479151924644109
8.954475402832031,8.919496091867636,19.910421093844118,0.1169922204938923,0.010764077124536,0.0024956314228388,0.0741301726022934,0.4394985627134627,0.0034924684550037,0.1908069473908051,0.0193722007686968,0.0170825240206751,0.0097627612126687,0.047915192464411
8.954719543457031,8.919496091867636,19.910421093844118,0.1169922204938923,0.010764077124536,0.0024956314228388,0.0741301726022934,0.4394985627134627,0.0034924684550037,0.1908069473908051,0.0193722007686968,0.0170825240206751,0.0097627612126687,0.047915192464411
8.975601196289062,8.919496091867659,19.910421093844167,0.1169922204938926,0.010764077124536,0.0024956314228388,0.0741301726022936,0.4394985627134639,0.0034924684550037,0.1908069473908057,0.0193722007686969,0.0170825240206751,0.0097627612126687,0.0479151924644111
8.999256134033203,8.919496091867682,19.91042109384422,0.1169922204938929,0.0107640771245361,0.0024956314228389,0.0741301726022938,0.4394985627134651,0.0034924684550037,0.1908069473908062,0.0193722007686969,0.0170825240206752,0.0097627612126688,0.0479151924644112
9.003398895263672,8.919496091867687,19.910421093844228,0.116992220493893,0.0107640771245361,0.0024956314228389,0.0741301726022938,0.4394985627134653,0.0034924684550037,0.1908069473908062,0.019372200768697,0.0170825240206752,0.0097627612126688,0.0479151924644112
9.006136894226074,8.919496091867689,19.910421093844235,0.116992220493893,0.0107640771245361,0.0024956314228389,0.0741301726022939,0.4394985627134655,0.0034924684550037,0.1908069473908063,0.019372200768697,0.0170825240206752,0.0097627612126688,0.0479151924644113
9.025559425354004,8.919496091867709,19.91042109384428,0.1169922204938933,0.0107640771245361,0.0024956314228389,0.074130172602294,0.4394985627134664,0.0034924684550037,0.1908069473908067,0.019372200768697,0.0170825240206752,0.0097627612126688,0.0479151924644114
9.026806831359863,8.919496091867709,19.91042109384428,0.1169922204938933,0.0107640771245361,0.0024956314228389,0.074130172602294,0.4394985627134664,0.0034924684550037,0.1908069473908067,0.019372200768697,0.0170825240206752,0.0097627612126688,0.0479151924644114
9.051305770874023,8.91949609186773,19.910421093844324,0.1169922204938936,0.0107640771245361,0.0024956314228389,0.0741301726022942,0.4394985627134675,0.0034924684550037,0.1908069473908072,0.019372200768697,0.0170825240206753,0.0097627612126688,0.0479151924644115
9.08759307861328,8.919496091867758,19.910421093844388,0.1169922204938939,0.0107640771245362,0.0024956314228389,0.0741301726022944,0.4394985627134689,0.0034924684550037,0.1908069473908078,0.0193722007686971,0.0170825240206753,0.0097627612126688,0.0479151924644116
9.1139554977417,8.919496091867776,19.91042109384443,0.1169922204938942,0.0107640771245362,0.0024956314228389,0.0741301726022946,0.4394985627134697,0.0034924684550037,0.1908069473908082,0.0193722007686971,0.0170825240206753,0.0097627612126689,0.0479151924644117
9.11729621887207,8.919496091867778,19.910421093844437,0.1169922204938942,0.0107640771245362,0.0024956314228389,0.0741301726022946,0.4394985627134699,0.0034924684550037,0.1908069473908082,0.0193722007686972,0.0170825240206753,0.0097627612126689,0.0479151924644117
9.121502876281738,8.919496091867781,19.91042109384444,0.1169922204938942,0.0107640771245362,0.0024956314228389,0.0741301726022946,0.43949856271347,0.0034924684550037,0.1908069473908083,0.0193722007686972,0.0170825240206753,0.0097627612126689,0.0479151924644117
9.12613010406494,8.919496091867785,19.910421093844448,0.1169922204938943,0.0107640771245362,0.0024956314228389,0.0741301726022947,0.4394985627134701,0.0034924684550037,0.1908069473908083,0.0193722007686972,0.0170825240206754,0.0097627612126689,0.0479151924644118
9.12794017791748,8.919496091867785,19.910421093844448,0.1169922204938943,0.0107640771245362,0.0024956314228389,0.0741301726022947,0.4394985627134702,0.0034924684550037,0.1908069473908084,0.0193722007686972,0.0170825240206754,0.0097627612126689,0.0479151924644118
9.150534629821776,8.9194960918678,19.91042109384448,0.1169922204938945,0.0107640771245362,0.0024956314228389,0.0741301726022948,0.4394985627134709,0.0034924684550037,0.1908069473908087,0.0193722007686972,0.0170825240206754,0.0097627612126689,0.0479151924644118
9.152562141418455,8.919496091867801,19.910421093844484,0.1169922204938945,0.0107640771245362,0.0024956314228389,0.0741301726022948,0.4394985627134709,0.0034924684550037,0.1908069473908087,0.0193722007686972,0.0170825240206754,0.0097627612126689,0.0479151924644119
9.154109954833984,8.919496091867801,19.910421093844484,0.1169922204938945,0.0107640771245362,0.0024956314228389,0.0741301726022948,0.439498562713471,0.0034924684550037,0.1908069473908087,0.0193722007686972,0.0170825240206754,0.0097627612126689,0.0479151924644119
9.154986381530762,8.919496091867803,19.910421093844487,0.1169922204938945,0.0107640771245362,0.0024956314228389,0.0741301726022948,0.439498562713471,0.0034924684550037,0.1908069473908087,0.0193722007686972,0.0170825240206754,0.0097627612126689,0.0479151924644119
9.163278579711914,8.919496091867808,19.910421093844494,0.1169922204938946,0.0107640771245362,0.0024956314228389,0.0741301726022948,0.4394985627134712,0.0034924684550037,0.1908069473908088,0.0193722007686972,0.0170825240206754,0.0097627612126689,0.0479151924644119
9.171485900878906,8.919496091867812,19.910421093844505,0.1169922204938946,0.0107640771245362,0.0024956314228389,0.0741301726022949,0.4394985627134715,0.0034924684550037,0.1908069473908089,0.0193722007686972,0.0170825240206754,0.0097627612126689,0.0479151924644119
9.177806854248049,8.919496091867815,19.91042109384452,0.1169922204938947,0.0107640771245362,0.0024956314228389,0.0741301726022949,0.4394985627134716,0.0034924684550037,0.190806947390809,0.0193722007686972,0.0170825240206754,0.0097627612126689,0.0479151924644119
9.192044258117676,8.919496091867822,19.91042109384453,0.1169922204938948,0.0107640771245362,0.0024956314228389,0.074130172602295,0.439498562713472,0.0034924684550037,0.1908069473908091,0.0193722007686972,0.0170825240206754,0.0097627612126689,0.047915192464412
9.211304664611816,8.919496091867833,19.910421093844555,0.1169922204938949,0.0107640771245362,0.0024956314228389,0.0741301726022951,0.4394985627134725,0.0034924684550037,0.1908069473908094,0.0193722007686973,0.0170825240206754,0.0097627612126689,0.047915192464412
9.229228973388672,8.91949609186784,19.91042109384457,0.116992220493895,0.0107640771245363,0.0024956314228389,0.0741301726022951,0.4394985627134729,0.0034924684550037,0.1908069473908095,0.0193722007686973,0.0170825240206755,0.0097627612126689,0.0479151924644121
9.230226516723633,8.919496091867842,19.91042109384457,0.116992220493895,0.0107640771245363,0.0024956314228389,0.0741301726022951,0.4394985627134729,0.0034924684550037,0.1908069473908095,0.0193722007686973,0.0170825240206755,0.0097627612126689,0.0479151924644121
9.231175422668455,8.919496091867842,19.91042109384457,0.116992220493895,0.0107640771245363,0.0024956314228389,0.0741301726022951,0.4394985627134729,0.0034924684550037,0.1908069473908095,0.0193722007686973,0.0170825240206755,0.0097627612126689,0.0479151924644121
9.247982025146484,8.919496091867847,19.910421093844587,0.1169922204938951,0.0107640771245363,0.0024956314228389,0.0741301726022952,0.4394985627134732,0.0034924684550037,0.1908069473908097,0.0193722007686973,0.0170825240206755,0.0097627612126689,0.0479151924644121
9.250431060791016,8.919496091867849,19.91042109384459,0.1169922204938951,0.0107640771245363,0.0024956314228389,0.0741301726022952,0.4394985627134733,0.0034924684550037,0.1908069473908097,0.0193722007686973,0.0170825240206755,0.0097627612126689,0.0479151924644121
9.25290870666504,8.91949609186785,19.910421093844597,0.1169922204938951,0.0107640771245363,0.0024956314228389,0.0741301726022952,0.4394985627134734,0.0034924684550037,0.1908069473908097,0.0193722007686973,0.0170825240206755,0.0097627612126689,0.0479151924644121
9.254843711853027,8.91949609186785,19.910421093844597,0.1169922204938951,0.0107640771245363,0.0024956314228389,0.0741301726022952,0.4394985627134734,0.0034924684550037,0.1908069473908097,0.0193722007686973,0.0170825240206755,0.0097627612126689,0.0479151924644121
9.258628845214844,8.919496091867853,19.9104210938446,0.1169922204938952,0.0107640771245363,0.0024956314228389,0.0741301726022952,0.4394985627134735,0.0034924684550037,0.1908069473908098,0.0193722007686973,0.0170825240206755,0.0097627612126689,0.0479151924644121
9.267440795898438,8.919496091867856,19.910421093844604,0.1169922204938952,0.0107640771245363,0.0024956314228389,0.0741301726022952,0.4394985627134736,0.0034924684550037,0.1908069473908099,0.0193722007686973,0.0170825240206755,0.0097627612126689,0.0479151924644122
9.311059951782228,8.919496091867872,19.91042109384464,0.1169922204938954,0.0107640771245363,0.0024956314228389,0.0741301726022954,0.4394985627134744,0.0034924684550037,0.1908069473908102,0.0193722007686974,0.0170825240206755,0.009762761212669,0.0479151924644122
9.32956314086914,8.919496091867877,19.91042109384465,0.1169922204938955,0.0107640771245363,0.0024956314228389,0.0741301726022954,0.4394985627134747,0.0034924684550037,0.1908069473908103,0.0193722007686974,0.0170825240206755,0.009762761212669,0.0479151924644123
9.349235534667969,8.919496091867885,19.91042109384467,0.1169922204938956,0.0107640771245363,0.0024956314228389,0.0741301726022955,0.439498562713475,0.0034924684550037,0.1908069473908105,0.0193722007686974,0.0170825240206755,0.009762761212669,0.0479151924644123
9.378576278686523,8.919496091867893,19.91042109384469,0.1169922204938957,0.0107640771245363,0.0024956314228389,0.0741301726022956,0.4394985627134755,0.0034924684550038,0.1908069473908107,0.0193722007686974,0.0170825240206756,0.009762761212669,0.0479151924644123
9.417593002319336,8.919496091867902,19.91042109384471,0.1169922204938958,0.0107640771245363,0.0024956314228389,0.0741301726022956,0.4394985627134759,0.0034924684550038,0.1908069473908109,0.0193722007686974,0.0170825240206756,0.009762761212669,0.0479151924644124
9.421113967895508,8.919496091867902,19.91042109384471,0.1169922204938958,0.0107640771245363,0.0024956314228389,0.0741301726022956,0.4394985627134759,0.0034924684550038,0.1908069473908109,0.0193722007686974,0.0170825240206756,0.009762761212669,0.0479151924644124
9.456719398498535,8.919496091867911,19.91042109384473,0.1169922204938959,0.0107640771245363,0.0024956314228389,0.0741301726022957,0.4394985627134763,0.0034924684550038,0.190806947390811,0.0193722007686974,0.0170825240206756,0.009762761212669,0.0479151924644124
9.462897300720217,8.919496091867913,19.91042109384473,0.1169922204938959,0.0107640771245363,0.0024956314228389,0.0741301726022957,0.4394985627134764,0.0034924684550038,0.1908069473908111,0.0193722007686974,0.0170825240206756,0.009762761212669,0.0479151924644125
9.50204086303711,8.91949609186792,19.910421093844747,0.116992220493896,0.0107640771245363,0.0024956314228389,0.0741301726022958,0.4394985627134767,0.0034924684550038,0.1908069473908112,0.0193722007686975,0.0170825240206756,0.009762761212669,0.0479151924644125
9.674418449401855,8.369372996588314,18.682451580408006,0.1097783641040815,0.0101029127910412,0.0023433645540095,0.0695592096075098,0.4124329242338122,0.0032810127835239,0.1790464665495764,0.018184965538807,0.0160304243905523,0.0091856913532763,0.0449619641450421
9.75725555419922,7.358800276876351,16.426679187710306,0.0965265545835939,0.0088883580042855,0.0020636512587937,0.0611623788891125,0.3627135139348616,0.0028925700243314,0.1574425360641521,0.0160040217727604,0.0140977238845296,0.0081256175947406,0.039536902008504
9.7991361618042,6.895288309946831,15.392040632473392,0.0904484444422799,0.0083312870808657,0.0019353572161059,0.0573110662162671,0.3399090771905064,0.0027144058369939,0.1475336199442297,0.0150037043141108,0.0132112663386662,0.0076394013499074,0.0370486286041532
9.81332015991211,6.745020388650349,15.056616746832296,0.0884779559942756,0.0081506878824642,0.0018937650232718,0.0560624927361798,0.3325160095883652,0.0026566460292849,0.1443212061687977,0.0146794071311414,0.0129238818864009,0.0074817728319305,0.0362419446374673
9.818591117858888,6.690017340867214,14.933840469298516,0.0877566918061071,0.008084582580324,0.0018785408999186,0.0556054733923739,0.3298099014112102,0.0026355040221556,0.1431453560814018,0.0145607035961693,0.0128186896362939,0.0074240755614055,0.0359466715253972
9.82320785522461,6.642209775816343,14.82712574872443,0.087129783189503,0.0080271251546058,0.0018653083919597,0.0552082411863578,0.3274578055196492,0.002617127806257,0.1421233303608472,0.0144575288231581,0.0127272586057869,0.0073739262310492,0.0356900259560695
9.838300704956056,6.488290508795639,14.483551430442285,0.0851114140327808,0.0078421375937035,0.0018227055544441,0.0539293287397196,0.3198850944810044,0.0025579644985522,0.1388328584529665,0.0141253515742225,0.0124328910264381,0.0072124675129194,0.0348637404534926
9.85508632659912,6.321293843085376,14.110786105558836,0.082921558754301,0.0076414329875388,0.0017764830642218,0.0525417564204257,0.3116689853588704,0.0024937745156453,0.1352628191208831,0.013764951644631,0.0121135131785833,0.0070372908238703,0.0339672514919351
9.881696701049805,6.065316818928641,13.539401292774404,0.0795648891158081,0.0073337875168816,0.0017056319759925,0.0504148478885431,0.2990751101800702,0.0023953823667046,0.1297905658847933,0.0132125208455442,0.0116239621403771,0.0067687752378035,0.0325930888666347
9.941535949707031,6.5295655473630525,17.14503519773358,0.2091435170873591,0.0252354942845457,0.0026874221485835,0.0508206058202941,0.4945911782696202,0.0287811078677512,0.1362135730585613,0.0145163926176436,0.0122886850556813,0.0158280025258684,0.0318443689478456
9.947775840759276,6.563979938337709,17.446666268898944,0.2203999617678635,0.0267943930077986,0.0027716086864548,0.0508045407100763,0.5113930349680609,0.0310874119703795,0.1366428936798563,0.0146170844003961,0.0123349773506095,0.016614153565401,0.0317455404182257
9.956351280212402,6.607401134982669,17.840471984472057,0.2352384141512654,0.0288506061311734,0.0028822229081532,0.0507664939816416,0.5334815381897587,0.0341322883073579,0.1371665399443987,0.0147456840620219,0.0123922358382848,0.0176502025841613,0.0316041550471013
10.004179954528809,6.777209238729509,19.64573624367265,0.3060137912406622,0.0386820482565653,0.0034028783344145,0.0502614321673705,0.6376865077559944,0.0487449814459391,0.1388529425705469,0.0152797690698318,0.0125931254765798,0.0225867001326075,0.0307167155423902
10.054633140563965,6.849883903986306,20.96283834388808,0.3624738383158888,0.0465651146945946,0.0038065341480614,0.0493138144502579,0.7188767112156513,0.0605526444431382,0.138832638190096,0.0155723380329395,0.0126318150407008,0.0265160107581302,0.029650103734667
10.080702781677246,6.854934201699338,21.458590260358555,0.3858255957832853,0.0498415354588398,0.0039688294467221,0.0487049264793979,0.7516849867431331,0.0654962504386853,0.1382803273727235,0.0156401758357051,0.0125993974913922,0.0281376963436864,0.0290660995013517
10.11025047302246,6.839699068722213,21.89740135034555,0.4083509196800674,0.053014866655069,0.0041216375854488,0.0479431516557092,0.7827115975087602,0.070313125038704,0.1373102477492534,0.0156628647358915,0.0125291971263709,0.0296992002456665,0.0283879049995946
10.163475036621094,6.768795542575778,22.422211475466412,0.4402520162771147,0.0575406029063449,0.0043288658315984,0.0464363643470583,0.8251300981892079,0.0772532506016448,0.1348635392438824,0.0155901251739156,0.0123342712922167,0.0319038102392365,0.0271456455443578
10.259249687194824,6.551110702702064,22.76540015140868,0.4772464996209553,0.0628755994490411,0.0045439606983316,0.0435138102107562,0.8701404485369956,0.0856263520894024,0.129079949234731,0.0152177740137919,0.0118459475134782,0.0344416211593334,0.0249312317470098
10.273479461669922,6.5127067410223685,22.77028061812882,0.4810976422202083,0.0634410479268229,0.0045634211950172,0.0430729936147343,0.8743401696466099,0.0865357550939975,0.1281354715379834,0.0151455417739136,0.011764631826286,0.0347036245858779,0.0246107798631246
10.294964790344238,6.452883621143709,22.76103777421137,0.4862870572464254,0.0642081557236362,0.0045881410558964,0.0424089490964765,0.8797501108399021,0.0877805407093188,0.1266871851837719,0.0150310434738593,0.0116394266797726,0.0350555542354399,0.0241328498479071
10.29588222503662,6.450286763945489,22.760234884508268,0.4864930187799851,0.0642387436902584,0.0045890807228632,0.0423806632413774,0.8799579561368532,0.0878304785161077,0.1266248640491318,0.0150260260197624,0.0116340265433757,0.0350694910204687,0.0241126100797145
10.316167831420898,6.392132710488325,22.734764313571223,0.49074530052558,0.0648731672851555,0.0046076359610607,0.0417572924073201,0.8841090310360719,0.0888723820778239,0.1252394524471996,0.0149127847458771,0.0115137463694147,0.0353566001824115,0.0236688090658077
10.350582122802734,6.291031245408667,22.661988456010548,0.4967683830765786,0.0657837715336975,0.0046304311423427,0.0407118356036839,0.8894106909608911,0.0903930951681926,0.1228697336684487,0.0147125646504999,0.011307112697237,0.0357606735506236,0.0229331993340972
10.391090393066406,6.169912471212234,22.538792362897457,0.5022531820938319,0.0666315840712218,0.0046457801296978,0.0395077639944021,0.8933418770462248,0.0918475850867839,0.1200799069861283,0.0144684702903997,0.0110626946626767,0.036124604644753,0.022097368629041
10.39492416381836,6.158402916609588,22.525436225673,0.5026951214347399,0.0667010167798161,0.0046466909980021,0.0393955601900583,0.8936046112803586,0.0919689793260044,0.1198170457057289,0.0144450809130523,0.0110396115769352,0.0361536856913982,0.0220200223963523
10.427987098693848,6.059226577590025,22.400497940558523,0.5060298254772668,0.0672328182612278,0.0046512685447378,0.0384419473397546,0.8952065682355074,0.0929145462524005,0.1175654285477952,0.0142423800345498,0.0108415630927616,0.0363714096978478,0.0213659648462648
10.45753288269043,5.971178851631648,22.276746175805613,0.5083735551439532,0.0676183212074007,0.0046510705997866,0.0376125794380602,0.8957663265198575,0.0936231161979957,0.115583955517729,0.0140609161079334,0.010666852211846,0.0365218880113269,0.0208014865359894
10.46960735321045,5.93547338585,22.22361250733154,0.5091822385929099,0.0677547430092686,0.0046500108341012,0.0372802130313365,0.8957951078367664,0.0938803749759345,0.1147844402094298,0.013986981506195,0.010596258903707,0.036573070504918,0.0205762973205142
10.477219581604004,5.913066005785249,22.189477502270577,0.5096517504686985,0.0678350210137687,0.0046490832859962,0.0370726943942245,0.8957600534920961,0.0940337591338881,0.1142837722245013,0.0139404901007686,0.0105520258935241,0.0366025537813881,0.0204359741538201
10.48756504058838,5.882754081458292,22.142382667090544,0.5102427588936747,0.0679374203128111,0.0046475235971862,0.0367932038974831,0.8956509256163406,0.0942318864085645,0.1136077373489954,0.0138774902341904,0.0104922687589761,0.036639374342176,0.0202473080459878
10.507569313049316,5.824653800036726,22.049351894147595,0.5112428268819591,0.0681150503127346,0.0046436168294199,0.0362612017565253,0.8952561391510802,0.0945834749159821,0.1123157138008206,0.0137564108527907,0.0103779693339853,0.0367007353749791,0.0198891667339333
10.514418601989746,5.80492960603608,22.01699490037327,0.511545114800218,0.0681701256370608,0.0046420333542496,0.0360816351723298,0.8950700700653339,0.0946949351107346,0.1118781461530545,0.0137152151644731,0.0103392336105783,0.0367189828485501,0.0197685598389376
10.547126770019531,5.7120608553344665,21.85985704736577,0.5127382118117968,0.0683971119421304,0.0046329872445507,0.0352426036187951,0.8938721235157602,0.0951708805831786,0.1098244439874648,0.01352068787335,0.0101572675331304,0.0367889201028167,0.0192067393654117
10.587190628051758,5.60161363448088,21.663856270328164,0.5137188350323603,0.0686055046243531,0.0046192002664229,0.0342570087583921,0.891834548539617,0.095643896793504,0.1073944394951243,0.0132882681213573,0.0099416503865199,0.03684166979925,0.0185500789752911
10.589107513427734,5.596427455232658,21.654435042553107,0.5137544141480078,0.0686138198753283,0.0046184805567835,0.0342110215590706,0.8917242356795939,0.0956638864726973,0.1072806325781054,0.0132773289835726,0.0099315447434947,0.0368434201323112,0.0185195194196633
10.621392250061035,5.510500689568669,21.49577707897407,0.5142207103641627,0.0687342884364277,0.0046057048731986,0.0334525299546216,0.8897242672037329,0.0959689396243207,0.1053985256654587,0.0130957835815528,0.0097643328705674,0.0368638687918683,0.01801642918511
10.646238327026367,5.446253336386178,21.374224368617103,0.5144288079759839,0.0688046227993015,0.0045951813301554,0.0328893351106271,0.8880323617200754,0.0961671996357833,0.103995261714134,0.0129596985917747,0.0096395626991645,0.0368694017081483,0.0176439578384891
10.678353309631348,5.365713761492913,21.218692390312565,0.5145380268389536,0.0688714944739215,0.0045809413044237,0.0321875607366915,0.885699363895475,0.0963835524991788,0.1022404499475384,0.0127887335513743,0.0094834265989388,0.0368658108053579,0.0171810129697859
10.74832534790039,5.200229382420946,20.88961619964947,0.5143055901334177,0.0689447331200488,0.0045485256617182,0.030758396724328,0.8802669574941933,0.0967311394315347,0.0986477986460357,0.012436335186873,0.0091634398161877,0.0368267200188961,0.0162417915175268
10.763336181640623,5.166523371492414,20.82121852357557,0.5141923463120506,0.0689503949421878,0.0045414678543132,0.0304691452676497,0.8790683317261574,0.0967879507437829,0.097917912776644,0.0123643972197813,0.0090983836938322,0.0368141833963256,0.0160522195582838
10.771538734436035,5.148371801869987,20.784211480840646,0.5141230416945759,0.0689522754946203,0.0045376095519913,0.0303136083300579,0.8784112068339444,0.0968167794806152,0.09752508603535,0.0123256363964899,0.0090633643018542,0.0368068545659774,0.0159503484433847
10.773995399475098,5.142972005751035,20.773179730445133,0.5141013308649206,0.0689526813039071,0.0045364542117941,0.0302673691997971,0.8782141933951331,0.0968251234257532,0.09740825749869,0.0123141030086187,0.0090529485800277,0.036804598428739,0.0159200721541522
10.783858299255373,5.121462582044846,20.72913472065229,0.5140099753839783,0.068953613395159,0.0045318183845315,0.0300833175177494,0.8774226006654374,0.0968573263419895,0.0969430235705786,0.0122681492607677,0.0090114676386377,0.0367952731152385,0.0157995981705155
10.824213981628418,5.036257123409537,20.55314812501554,0.5135754777195473,0.0689471078774932,0.0045129527227984,0.029356261586922,0.8741853277443892,0.096969482605295,0.095102147463924,0.0120859347483712,0.0088472800457898,0.0367532923490276,0.0153242691997036
10.824957847595217,5.034728485226515,20.54996990160133,0.513566677280024,0.0689468499766443,0.004512607314979,0.0293432458562173,0.8741258434081859,0.0969712814154744,0.0950691495230662,0.0120826632501107,0.0088443362361955,0.0367524694055007,0.0153157678895974
10.828485488891602,5.027499702305248,20.534930846352875,0.5135246022087604,0.0689455659744546,0.0045109707455395,0.0292817085371199,0.873843906395973,0.0969796904831629,0.094913118439963,0.0120671915280548,0.0088304160725465,0.0367485459478293,0.0152755780486144
10.842150688171388,4.999815450247046,20.477192235681205,0.5133565854482386,0.0689396822206519,0.0045046555896502,0.0290462298402777,0.8727545437998205,0.0970104346554116,0.0943157573796602,0.0120079222591594,0.008777118104515,0.036733042545696,0.0151218425849085
10.845319747924805,4.993467206543241,20.463920893695597,0.5133165500685224,0.068938121280857,0.0045031970510743,0.0289922746338099,0.872502635201447,0.0970171646114911,0.0941788199587189,0.0119943276053448,0.0087648991336071,0.0367293828234578,0.0150866292516489
10.84998607635498,4.9841686995994765,20.444461185042883,0.5132569146314377,0.0689356952923434,0.004501053806513,0.0289132722377793,0.8721322652880731,0.0970268112502408,0.0939782708516444,0.0119744125830562,0.0087470033521407,0.0367239532840969,0.0150350770728733
10.899113655090332,4.889768320730121,20.245582618815384,0.5125880615704685,0.0689021588536675,0.0044788569127719,0.0281129961524125,0.8682835112238277,0.0971112865608137,0.091944052914059,0.0117720760485724,0.0085654362527434,0.0366644289917452,0.0145133730850706
10.945230484008787,4.80680145953587,20.068981937853664,0.5119132362058606,0.0688604680202496,0.0044587474219953,0.0274120785559477,0.8647792822410143,0.097167071102962,0.0901586803593815,0.011594033274533,0.0084060172410201,0.0366060761818131,0.0140571392615017
10.966926574707031,4.769592956990631,19.98928810940988,0.5115869008963247,0.0688384431062598,0.0044495651164117,0.0270983973019939,0.8631745954493549,0.097187060791671,0.0893586585491478,0.0115141277351469,0.0083345647293645,0.0365782617407957,0.0138531519528911
11.003104209899902,4.7100531853403895,19.861186626473327,0.5110369227667214,0.0687992969544328,0.0044346799001938,0.0265972319866178,0.8605679756977899,0.0972131505239735,0.0880792789762656,0.0113861976801112,0.0082202790780654,0.0365318251254127,0.0135274677152463
11.04713535308838,4.641656854969937,19.713226067411817,0.5103664952923003,0.0687489009911698,0.0044173135109594,0.0260225982013663,0.8575195908519168,0.0972349209295846,0.0866106869710245,0.0112391435076258,0.0080890632232,0.0364757988209643,0.0131543519339826
11.09517765045166,4.571876312526201,19.56147738953985,0.5096443530650595,0.0686921275901,0.0043993320752653,0.0254374011473293,0.8543561727054473,0.0972490364465151,0.0851134551170432,0.0110890199600776,0.0079552607376925,0.0364159906688626,0.0127746861320349
11.099403381347656,4.56597115726014,19.54860187360285,0.5095816158342732,0.0686870947693973,0.0043977991656888,0.025387924493934,0.8540861956250749,0.0972498858579923,0.084986798479318,0.0110763118282409,0.0079439406851817,0.036410816540657,0.0127425997177335
11.10796070098877,4.554125221110498,19.52275805711247,0.5094550367908601,0.068676896788967,0.0043947190814318,0.0252886929908841,0.8535435974203238,0.0972514357142967,0.0847327416770551,0.0110508171213429,0.0079212335986558,0.0364003866666406,0.0126782523686224
11.197967529296877,4.438242963716301,19.26896179998301,0.5081696599592673,0.0685705172290731,0.0043642627017975,0.0243192831007704,0.8481697659434084,0.0972565964530483,0.082248780382489,0.0108013012413519,0.0076991878509621,0.0362950858130623,0.0120500144958452
11.254898071289062,4.372616004222768,19.12453364992736,0.5074082140636293,0.0685055661753056,0.0043467829931999,0.0237712190545533,0.8450795833443915,0.0972524085498167,0.0808430023567043,0.0106599123607271,0.0075734984510418,0.03623312554285,0.011695107341221
11.260626792907717,4.36631896130898,19.11065219555246,0.5073340331428758,0.0684991768834396,0.0043450980495877,0.0237186624383446,0.8447815097814569,0.097251769320519,0.0807081467574896,0.0106463430690453,0.0075614403136474,0.0362271026771591,0.0116610826206655
11.265003204345703,4.361545010882758,19.1001257382864,0.5072776711945278,0.0684943156542504,0.0043438197972076,0.0236788213653122,0.8445553598733995,0.097251258499001,0.0806059127556401,0.0106360555375746,0.0075522989522336,0.036222528015949,0.0116352908443424
11.309752464294434,4.314505234352086,18.996290545191865,0.5067168574039652,0.0684456496965382,0.0043311869340241,0.023286402705979,0.8423193798559474,0.0972450674101734,0.0795987120760919,0.0105346747477858,0.0074622350639437,0.0361770732298727,0.011381296608567
11.315192222595217,4.309001775027123,18.98412936316419,0.5066506247924013,0.0684398689441618,0.0043297046591761,0.0232405086672869,0.8420569128994038,0.0972442115617412,0.0794808913342454,0.0105228120992775,0.007451699081273,0.0361717121895981,0.0113515965974867
11.320427894592283,4.303747602394609,18.972516629287284,0.5065872764853168,0.0684343337763721,0.0043282887258934,0.0231966966981255,0.841806172831333,0.0972433699067174,0.0793684107268664,0.0105114865024659,0.0074416405495322,0.0361665859471398,0.0113232449277904
11.343100547790527,4.281471809536305,18.923257371510008,0.5063174787054741,0.068410694780555,0.0043222772240156,0.0230109839923783,0.8407414142743114,0.0972395418666738,0.0788915683104867,0.0104634670729707,0.0073989982220374,0.0361447675769031,0.0112030762152826
11.356340408325195,4.268815093975129,18.89525135068425,0.5061633301124301,0.0683971435458421,0.0043188556914436,0.0229054891600162,0.8401352426618053,0.0972371855589821,0.0786206590185544,0.0104361811849553,0.0073747711415559,0.0361323114645358,0.0111348208748637
11.36514663696289,4.260537140195496,18.876927668679382,0.5060621882025691,0.068388235165128,0.0043166156517184,0.0228365007215685,0.8397383325163096,0.0972355758781747,0.0784434836188859,0.01041833442855,0.0073589263307937,0.0361241422838723,0.0110901878715396
11.378503799438477,4.248191713981087,18.849590819627785,0.5059108873554005,0.0683748847087878,0.0043132717516344,0.0227336268850175,0.8391457502793312,0.0972330772918719,0.0781792640396619,0.0103917173243062,0.0073352968153176,0.0361119270325682,0.0110236360191707
11.397411346435549,4.231141428745311,18.81181754948032,0.5057010455076085,0.0683563227775252,0.0043086474057455,0.0225915722847715,0.8383261035873123,0.097229439728795,0.0778143749670376,0.0103549542528849,0.0073026636489792,0.0360949954433643,0.0109317442598427
11.412436485290527,4.217939363921901,18.78255558299745,0.5055378888784131,0.0683418553392985,0.0043050620977357,0.0224815980537142,0.8376905048983333,0.0972264797538458,0.077531859898964,0.0103264868919103,0.0072773969538661,0.0360818383786257,0.0108606100486427
11.427760124206545,4.204784136960236,18.753385688807057,0.5053747467167181,0.0683273599642771,0.0043014856098752,0.0223720297604556,0.8370563720099221,0.0972234105084541,0.0772503631319616,0.0102981191464966,0.0072522209189275,0.0360686888155033,0.0107897430168028
11.47842502593994,4.163424406452335,18.661604449844297,0.5048583823395779,0.0682813024170313,0.0042902173814334,0.0220276459781427,0.8350578498828046,0.0972130288855031,0.0763654415850032,0.0102089231743725,0.0071730742776123,0.0360271074638451,0.0105670292230533
11.479784965515137,4.162357947124206,18.6592365076966,0.5048450022543298,0.0682801056049132,0.0042899263769233,0.0220187678882029,0.8350062262614631,0.0972127472642036,0.0763426257726631,0.0102066230985638,0.0071710336026183,0.0360260307331207,0.0105612882778561
11.4956636428833,4.150069438065925,18.631946686489435,0.504690601714834,0.068266283392533,0.0042865716554344,0.0219164744759018,0.8344110664230782,0.0972094543440203,0.0760797320204624,0.0101801194242269,0.007147519889777,0.0360136082091906,0.0104951429117193
11.517914772033691,4.133346181167858,18.594794895251823,0.504479833177962,0.0682473820663509,0.0042820017918479,0.0217772829139148,0.8336002171288618,0.0972048357402491,0.0757219820059342,0.0101440493692589,0.0071155215821638,0.0359966576582783,0.0104051436066115
11.519842147827148,4.131924376771427,18.591635571539847,0.50446188037971,0.068245770400346,0.0042816130335318,0.0217654498367884,0.833531232431878,0.0972044359921286,0.0756915671929117,0.0101409826265443,0.0071128011595146,0.0359952142148134,0.0103974927779538
11.547643661499023,4.111877786321375,18.547079881988005,0.5042082223413414,0.068222971829885,0.0042761280819789,0.0215986254714414,0.8325578423675737,0.0971986863862168,0.0752627516965781,0.0100977420844095,0.0070744457949871,0.0359748254350579,0.0102896346994035
11.555079460144045,4.106659971405918,18.53547942170923,0.5041420400671399,0.0682170153807296,0.0042746993356723,0.021555208135731,0.8323042617255152,0.0971971561014924,0.0751511422189699,0.0100864868566295,0.0070644627790442,0.035969507513546,0.0102615650973145
11.557581901550291,4.1049173664065775,18.531604895178983,0.5041199228229108,0.068215024097258,0.0042742220759989,0.0215407083507373,0.8322195529825803,0.0971966420141441,0.0751138681617358,0.0100827278889833,0.0070611287551604,0.0359677304895968,0.0102521910040676
11.609925270080566,4.0699664320007445,18.45386479493868,0.5036748902792477,0.0681748841959873,0.0042646399106514,0.0212499303346123,0.8305185696550135,0.0971860269457376,0.0743663136043862,0.0100073318360247,0.0069942617732177,0.0359319897338428,0.0100642150883348
11.612658500671388,4.068217742323548,18.449973820300325,0.5036525554940573,0.068172866253054,0.0042641600149886,0.0212353838424143,0.830433368934641,0.0971854812858776,0.0743289133755,0.0100035594000389,0.0069909163614191,0.0359301967650101,0.0100548119458967
11.61981964111328,4.063670947179043,18.43985623077142,0.5035944533446742,0.0681676152774304,0.0042629120295666,0.0211975620966507,0.8302117964911299,0.0971840563256398,0.0742316692863975,0.0099937505595125,0.0069822179569617,0.0359255328169921,0.0100303634538908
11.639002799987791,4.051735794325033,18.413293895122685,0.5034417417757333,0.068153804182483,0.0042596347656321,0.0210982870202343,0.8296299040523535,0.0971802743136172,0.0739764130478991,0.0099680022722031,0.0069593853518081,0.0359132765521143,0.0099661922921318
11.650012969970703,4.045043589810596,18.3983975195305,0.5033559937393915,0.0681460431796683,0.0042577963256046,0.0210426254878653,0.8293034603777071,0.0971781281026959,0.0738332907793803,0.0099535645582455,0.0069465830136087,0.0359063959270662,0.0099302138022586
11.701790809631348,4.015054201945907,18.331622449366307,0.5029707360199533,0.0681111237997522,0.004249550921072,0.0207932206432635,0.8278391889653275,0.0971682981878666,0.0731919536163699,0.0098888632229614,0.0068892144451193,0.0358754927639306,0.0097690117276899
11.72527027130127,4.002226166795544,18.303049519993333,0.5028054735523059,0.0680961212869484,0.0042460206983428,0.0206865501691064,0.8272121895037663,0.097163994199847,0.072917633308714,0.009861185922881,0.0068646757422435,0.0358622414056979,0.0097000694097127
11.767823219299316,3.980132024421025,18.253824957380957,0.5025202369645668,0.0680701977510583,0.0042399363373397,0.0205028449013894,0.8261314494298891,0.0971564540407349,0.0724451795200086,0.009813514941995,0.0068224130193387,0.035839376534086,0.0095813435498118
11.789575576782228,3.9693875052011767,18.22988141178001,0.5023812682730188,0.0680575549692309,0.0042369757032536,0.0204135150495671,0.8256055203277878,0.0971527328094866,0.0722154295655026,0.0097903316198441,0.0068018608568659,0.0358282394089424,0.0095236131517744
11.807480812072754,3.960810760114452,18.21076627658544,0.5022702244348246,0.0680474470843557,0.0042346116151921,0.0203422112126479,0.8251855427816318,0.0971497383893334,0.0720320363079292,0.0097718254021298,0.0067854554261574,0.0358193414279895,0.0094775331879303
11.822762489318848,3.953676470502844,18.19486444216859,0.5021777829472953,0.068039028878913,0.004232644618476,0.0202829014558712,0.8248360955520966,0.0971472320338996,0.0718794886005075,0.0097564314209068,0.0067718092284906,0.0358119348445298,0.0094392049739062
11.883027076721191,3.927131748764806,18.135686771883503,0.5018332888923549,0.068007630545456,0.0042253222023493,0.0200622414551662,0.8235351371077214,0.0971377909587312,0.0713119161506507,0.0096991533351575,0.0067210364793781,0.0357843391744246,0.0092966105707299
11.905706405639648,3.9177668797605647,18.114805175534777,0.501711562622245,0.0679965266322089,0.0042227375698623,0.019984398827245,0.8230758983764855,0.0971344198260761,0.0711116843098749,0.0096789453962926,0.0067031244052917,0.0357745903336258,0.0092463088410448
11.920058250427246,3.912008480499817,18.101964263436148,0.5016366682720161,0.0679896924970641,0.0042211479802545,0.0199365351585655,0.8227934515555378,0.0971323372542016,0.0709885642996973,0.0096665195497532,0.0066921104656427,0.0357685926650917,0.0092153798202275
11.951841354370115,3.899703124429613,18.074521699703613,0.5014765129740016,0.0679750728334103,0.0042177503582203,0.0198342564403903,0.8221897249716456,0.0971278634645081,0.0707254673090961,0.0096399659858867,0.0066685745326789,0.0357557683319742,0.0091492892467582
12.009716033935549,3.8787958328796095,18.02788903841976,0.501204083143781,0.0679501885570898,0.0042119754544256,0.0196604897448393,0.8211635225223041,0.0971201944955219,0.0702784640735138,0.0095948496386384,0.0066285866198079,0.0357339570936721,0.0090370071094019
12.022086143493652,3.87456540010083,18.01845232981008,0.5011489137819755,0.0679451470576582,0.0042108066335942,0.0196253306289067,0.8209558149369328,0.0971186331366066,0.0701880176225521,0.009585720575382,0.0066204954489432,0.0357295406136984,0.0090142888529529
12.04050064086914,3.8684163356848416,18.004735255869097,0.5010686980774999,0.0679378155244104,0.0042091075414235,0.0195742264785655,0.820653870132332,0.0971163582762986,0.070056551637175,0.0095724511386478,0.0066087347285233,0.0357231193651654,0.0089812678320337
12.040851593017578,3.868300841374473,18.004477610190573,0.5010671911520101,0.0679376777810874,0.004209075626423,0.0195732666267894,0.8206481984860667,0.0971163154894021,0.070054082395776,0.0095722019058283,0.0066085138342398,0.0357229987391117,0.0089806476247104
12.059430122375488,3.8622757774190393,17.991036556877372,0.5009885644893155,0.0679304900814695,0.0042074106003153,0.0195231938281647,0.820352302677538,0.0971140804407175,0.0699252683298931,0.0095591999873075,0.006596990329121,0.0357167049967865,0.0089482932469956
12.101058959960938,3.84938974662626,17.96228784494049,0.5008203149314322,0.06791510515279,0.0042038489399927,0.0194161037041913,0.819719336476419,0.0971092816339428,0.0696497713328896,0.0095313920807718,0.0065723447340756,0.0357032382416272,0.00887909802619
12.11085605621338,3.8464761997491967,17.955787400093307,0.5007822577940942,0.0679116243954016,0.0042030435357923,0.0193918909390597,0.8195762000957528,0.0971081932835491,0.0695874815799769,0.0095251046416345,0.0065667723641367,0.0357001923015933,0.0088634533168901
12.119423866271973,3.843964286808152,17.950182952535023,0.5007494424127611,0.0679086228386374,0.0042023491262962,0.0193710160401596,0.81945278893048,0.0971072540205675,0.0695337786274489,0.0095196839183604,0.0065619681562836,0.0356975659377563,0.0088499653553406
12.133767127990724,3.8398331727177855,17.940965647391014,0.5006954652271102,0.0679036852271564,0.004201207034077,0.0193366852418052,0.8192498136491345,0.0971057074495951,0.0694454585272288,0.0095107689279166,0.0065540671296018,0.0356932459913247,0.0088277831641662
12.149209976196287,3.835486975546418,17.931268214157114,0.5006386663904119,0.0678984889456836,0.0042000054011747,0.0193005673563585,0.8190362547229068,0.0971040779440936,0.0693525404356141,0.0095013897579671,0.0065457547629695,0.0356887003409453,0.0088044463738028
12.174857139587402,3.828495152937815,17.915667252649172,0.5005472693926857,0.0678901262783141,0.0041980721458629,0.0192424643786088,0.8186926649891112,0.0971014515431952,0.0692030617312871,0.0094863012244081,0.0065323825190559,0.0356813860247628,0.0087669045836883
12.175044059753418,3.828445210369299,17.915555812928336,0.500546616443349,0.0678900665296418,0.004198058335929,0.0192420493520268,0.8186902105876295,0.0971014327614192,0.0692019940081973,0.0094861934468103,0.0065322870013389,0.0356813337716231,0.0087666364254376
12.186689376831056,3.825362138817785,17.90867632234973,0.5005063056624662,0.067886377726383,0.004197205797817,0.0192164288657568,0.8185386908809933,0.0971002727473075,0.0691360810411759,0.0094795400770634,0.0065263904741468,0.0356781078762905,0.0087500824601342
12.189898490905762,3.824522282762,17.906802269171756,0.5004953237404106,0.0678853727361727,0.0041969735525973,0.0192094496432578,0.8184974142990168,0.0970999565565673,0.0691181257896539,0.0094777276378703,0.0065247842094424,0.0356772290507708,0.0087455730368717
12.197075843811035,3.822658974689952,17.902644458759422,0.5004709578390425,0.0678831428691834,0.0041964582829783,0.0191939655498786,0.8184058359981677,0.097099254764971,0.0690782902340534,0.0094737065495456,0.0065212205464807,0.0356752791901837,0.0087355684478275
12.206564903259276,3.820227178969525,17.897218059466574,0.50043915521436,0.0678802322875341,0.0041957857874567,0.019173757401027,0.8182863136367402,0.0970983382682284,0.0690263010928892,0.0094684586368556,0.0065165696296053,0.0356727342416846,0.008722511572848
12.217324256896973,3.817512831328552,17.891161087380873,0.5004036537720677,0.0678769830108848,0.0041950351290236,0.0191512013562874,0.8181528987908933,0.0970973145085225,0.0689682714032234,0.0094626009568643,0.0065113783262798,0.0356698933405992,0.0087079377068972
12.227928161621094,3.814881695952777,17.88528972587056,0.5003692370880722,0.0678738328413362,0.0041943074583085,0.0191293369001675,0.8180235689509793,0.0970963213718003,0.0689120207996847,0.0094569228437739,0.0065063461763768,0.0356671392822602,0.0086938107181679
12.353130340576172,3.786880190508141,17.82280044457225,0.5000027649080475,0.0678402798834646,0.0041865619574425,0.0188966528704744,0.816646917679568,0.0970857101900411,0.0683133868865342,0.0093964938042639,0.0064527925521596,0.0356378158943798,0.0085434713111449
12.385493278503418,3.780485033952585,17.80852782917995,0.4999190231363913,0.0678326105888678,0.0041847926840358,0.0188435123027908,0.816332447213925,0.0970832772790483,0.0681766684449606,0.0093826925383882,0.0064405617256675,0.0356311157425948,0.0085091370402759
12.399435997009276,3.7778273792013626,17.802596426487785,0.4998842180684265,0.0678294228406218,0.0041840573923547,0.0188214286333233,0.8162017558272382,0.0970822653261228,0.0681198520647727,0.0093769570937786,0.0064354789313978,0.0356283310454405,0.0084948687537993
12.419075012207031,3.774180221050331,17.794456551697568,0.4998364504507616,0.0678250476818918,0.0041830483087395,0.0187911228350981,0.81602239976655,0.0970808757824488,0.0680418818041848,0.0093690862073858,0.006428503707839,0.0356245092765128,0.008475288171209
12.459609985351562,3.7669952180552393,17.77842051507104,0.4997423345681397,0.067816426763388,0.0041810603006354,0.0187314199148235,0.8156690460736032,0.097078135722421,0.0678882785723724,0.0093535803120888,0.006414762345739,0.0356169794283331,0.0084367142029632
12.46203899383545,3.766578861508178,17.77749124887897,0.4997368802625362,0.067815927131204,0.0041809450962371,0.0187279602634285,0.8156485692650133,0.0970779768398728,0.0678793775860031,0.0093526817753121,0.0064139660621651,0.0356165430554805,0.0084344789312447
12.532655715942385,3.7551362187816646,17.751952022052933,0.4995869618388555,0.0678021931940836,0.0041777788268471,0.0186328798910336,0.8150857829255066,0.0970736063033309,0.0676347541132761,0.0093279874248257,0.0063920819959002,0.0356045490004281,0.0083730479055659
12.552886962890623,3.752082690298572,17.7451366278403,0.4995469495997073,0.0677985274168968,0.004176933851858,0.0186075073613479,0.8149355924617524,0.097072438786732,0.0675694752349711,0.0093213975954705,0.0063862421298166,0.0356013479268707,0.0083566548685711
12.56407070159912,3.750435444040911,17.741459998834333,0.4995253638058562,0.0677965497590604,0.004176478018085,0.0185938200072466,0.8148545699230404,0.0970718087657858,0.0675342601359541,0.0093178426659152,0.0063830917768726,0.0355996210222165,0.0083478115599705
12.582709312438965,3.7477529646114394,17.735472717081098,0.4994902108053924,0.0677933290290156,0.0041757357004632,0.0185715306961344,0.8147226258562,0.0970707825165482,0.067476913691314,0.0093120535917307,0.0063779615463728,0.0355968087293134,0.0083334105949971
12.588793754577637,3.7468939678692,17.733555433218612,0.4994789535984303,0.0677922976232031,0.0041754979895149,0.0185643931129358,0.814680373602824,0.0970704538137264,0.067458549940715,0.0093101997851204,0.0063763187193719,0.0355959081394306,0.0083287990561744
12.59335994720459,3.7462546276587614,17.732128421355515,0.4994705748994705,0.0677915299464206,0.0041753210635938,0.0185590807046308,0.8146489256483186,0.0970702091422046,0.0674448820406615,0.0093088200204832,0.006375095984586,0.0355952378347051,0.0083253667499813
12.594684600830078,3.746070001847752,17.73171633489879,0.4994681553197049,0.0677913082578307,0.0041752699716024,0.018557546611544,0.8146398442253823,0.0970701384835545,0.0674409350859856,0.0093084215781722,0.0063747428887244,0.0355950442659547,0.0083243755843587
12.605538368225098,3.744571462713102,17.728371576567287,0.4994485162193799,0.0677895088559597,0.0041748552750185,0.0185450949552956,0.8145661333108131,0.0970695649162273,0.0674088991285071,0.0093051875692623,0.00637187694125,0.0355934731215571,0.0083163306682234
12.622594833374023,3.742266995805661,17.723227958141152,0.4994183141171041,0.0677867415907342,0.0041742175445543,0.0185259467124105,0.8144527787225743,0.0970686826844686,0.0673596339720962,0.0093002142791411,0.0063674696632048,0.0355910569379132,0.0083039591482002
12.665729522705078,3.736704434175987,17.710812113593697,0.4993454074198119,0.0677800613081863,0.004172678149822,0.018479726477766,0.8141791554016019,0.0970665522159812,0.0672407170183153,0.009288209655771,0.0063568313079445,0.0355852244108095,0.0082740966756711
12.670156478881836,3.7361543478890114,17.70958429391879,0.4993381972988139,0.0677794006449209,0.0041725259156167,0.0184751557296944,0.8141520961222893,0.0970663414647513,0.0672289572321257,0.0092870225079318,0.006355779272832,0.035584647605352,0.0082711435595841
12.69137191772461,3.7335700217025,17.703815935527636,0.4993043231514221,0.0677762967219178,0.0041718107085435,0.0184536822026357,0.8140249695889974,0.0970653511933902,0.0671737093323143,0.0092814452406964,0.0063508367733861,0.0355819377010833,0.0082572697275465
12.714639663696287,3.730831920507223,17.69770431664658,0.4992684321333571,0.0677730079295073,0.0041710529358446,0.01843093097276,0.8138902768922592,0.0970643017307265,0.0671151740556841,0.0092755361065781,0.0063456001829624,0.0355790664621267,0.0082425703947478
12.745223999023438,3.727380109389734,17.68999961478605,0.4992231840645095,0.0677688616397263,0.0041700976310394,0.0184022494854367,0.8137204729319948,0.0970629783462921,0.0670413810988886,0.0092680867009249,0.0063389986327922,0.0355754466886447,0.0082240395986207
12.787728309631348,3.7228473175467696,17.679882025517664,0.4991637632107177,0.0677634164979807,0.0041688431407937,0.018364586084339,0.8134974887522682,0.0970612399431288,0.0669444789706277,0.0092583044077382,0.006330329724036,0.0355706931440104,0.0081997057084669
12.79186725616455,3.722421708042658,17.678932024604627,0.4991581836991675,0.0677629052015725,0.0041687253485547,0.018361049658469,0.8134765512933402,0.0970610766825684,0.0669353802851418,0.0092573858924457,0.0063295157513569,0.0355702467962962,0.0081974208656326
12.805559158325195,3.7210331047390617,17.675832526316427,0.4991399796851483,0.0677612370100575,0.0041683410357129,0.0183495116393403,0.813408240020397,0.0970605439884261,0.0669056947106278,0.0092543891230214,0.0063268600657858,0.0355687905200941,0.0081899662896517
12.822460174560549,3.719359271572867,17.672096360004495,0.4991180360848604,0.0677592261112146,0.0041678777796841,0.018335603631339,0.8133258966067162,0.0970599018024309,0.0668699114990899,0.0092507767931368,0.0063236588824666,0.0355670350898257,0.0081809804950339
12.823189735412598,3.7192880024507007,17.6719372798883,0.4991171017536026,0.0677591404892442,0.0041678580549322,0.0183350114509691,0.8133223905454016,0.097059874457471,0.0668683879077651,0.0092506229859246,0.0063235225812478,0.0355669603458697,0.0081805978945737
12.830121040344238,3.7186149128870265,17.67043487309431,0.499108277582979,0.0677583318420693,0.0041676717675196,0.0183294187012471,0.8132892780783114,0.0970596161956947,0.0668539985996836,0.0092491703787964,0.0063222353067453,0.0355662544365896,0.0081769844879645
12.836913108825684,3.717962337417779,17.668978254785042,0.4990997222965818,0.0677575478327892,0.0041674911573067,0.0183239964061391,0.8132571747205467,0.0970593657935224,0.0668400478434404,0.0092477620433842,0.0063209872652639,0.035565570037882,0.0081734812104253
12.84154224395752,3.717521503566819,17.667994265812567,0.4990939429199765,0.0677570182073399,0.0041673691496088,0.0183203334877493,0.8132354879198046,0.0970591966331596,0.0668306236996686,0.0092468106714735,0.0063201441767277,0.0355651077044214,0.0081711146445823
12.859733581542969,3.7158195193004673,17.664195247704097,0.4990716295115293,0.0677549733827319,0.004166898097177,0.018306191591152,0.8131517585732171,0.0970585434868232,0.0667942386951653,0.0092431375863445,0.0063168891561708,0.0355633226984431,0.0081619777435556
12.865960121154783,3.715247924359612,17.662919382638783,0.4990641356920264,0.0677542866373292,0.0041667398982437,0.0183014421742313,0.8131236387746144,0.0970583241175509,0.0667820191457962,0.0092419040160701,0.0063157959891645,0.0355627232161004,0.0081589092058178
12.87364673614502,3.714549877621464,17.661361261677644,0.4990549839916259,0.0677534479586048,0.0041665467012004,0.018295642063119,0.8130892980669154,0.0970580562071287,0.0667670963129722,0.0092403975475612,0.006314460985029,0.0355619911089664,0.0081551618283754
12.884331703186035,3.7135932830317766,17.659226030168032,0.4990424425248092,0.0677522986310279,0.0041662819457465,0.0182876936653286,0.8130422378611065,0.097057689046883,0.066746646250565,0.0092383331015861,0.0063126315120873,0.0355609878321765,0.0081500264711854
12.89781379699707,3.7124087066921168,17.656581913674838,0.4990269119543081,0.067750875368541,0.0041659540911029,0.0182778509584048,0.8129839617684803,0.097057234352737,0.066721322402292,0.0092357766432779,0.0063103660276903,0.0355597454382494,0.0081436672264758
12.90355110168457,3.711912086848096,17.655473397664146,0.4990204008980132,0.0677502786759369,0.0041658166415457,0.0182737245193466,0.8129595301314504,0.0970570437178816,0.0667107056749147,0.009234704877774,0.0063094162498051,0.0355592245759059,0.0081410011883322
12.921366691589355,3.710397884400936,17.652093509932644,0.4990005484145269,0.0677484593273334,0.0041653975543703,0.0182611429401718,0.812885037424977,0.0970564624347945,0.0666783350950757,0.0092314370459229,0.0063065203609859,0.0355576364464961,0.0081328723963929
12.923364639282228,3.71023067115735,17.6517202689235,0.498998356091949,0.0677482584147808,0.0041653512745095,0.0182597535578928,0.8128768111815602,0.097056398240663,0.0666747604151929,0.0092310761795022,0.0063062005682636,0.0355574610684934,0.0081319747349935
12.927069664001465,3.709921958550228,17.651031183366918,0.4989943085724215,0.0677478874847507,0.0041652658316057,0.0182571884513171,0.8128616237074976,0.0970562797225208,0.0666681607662231,0.0092304099403084,0.0063056101602274,0.0355571372814174,0.0081303174538345
12.966123580932615,3.7067737001532697,17.644003861579566,0.4989530313378764,0.0677441046563924,0.0041643944791701,0.018231029449358,0.8127067407423968,0.0970550709580623,0.0666008574066635,0.0092236156160982,0.0062995891662153,0.0355538352560532,0.0081134164758212
12.968060493469238,3.70662247561991,17.643666308279055,0.4989510485891726,0.0677439229473724,0.0041643526241617,0.0182297729194684,0.8126993010072625,0.097055012890815,0.0665976245344717,0.0092232892551198,0.0062992999517481,0.0355536766437765,0.0081126046490172
12.972028732299805,3.7063140725947754,17.64297791151434,0.4989470050211781,0.0677435523742353,0.0041642672661993,0.0182272103882244,0.8126841286132894,0.0970548944687354,0.0665910315067813,0.0092226236837788,0.0062987101359766,0.0355533531739452,0.0081109490326248
12.984317779541016,3.7053709655342897,17.640872769413043,0.4989346395976649,0.0677424191413223,0.0041640062382445,0.0182193740810195,0.8126377308357818,0.0970545323185927,0.0665708698028086,0.0092205883435905,0.0062969064591533,0.0355523639883606,0.008105886102144
12.99493408203125,3.704570600900326,17.63908624636217,0.4989241456606492,0.0677414574183224,0.0041637847173207,0.0182127238270055,0.8125983554313698,0.0970542249679448,0.0665537596423193,0.0092188610588358,0.0062953757749973,0.0355515245150418,0.0081015894648508
13.00019073486328,3.7041791603033576,17.638212497126602,0.4989190132884523,0.0677409870580791,0.0041636763762083,0.0182094713357818,0.8125790977657489,0.0970540746452554,0.0665453914427614,0.0092180162821097,0.0062946271513513,0.0355511139458469,0.0080994880753468
13.006109237670898,3.703742243141432,17.637237237623197,0.4989132846349449,0.0677404620504164,0.0041635554481964,0.018205840978899,0.8125576027722822,0.0970539068551788,0.0665360510476724,0.0092170733613516,0.0062937915545573,0.035550655676702,0.0080971425522038
13.008170127868652,3.703591044073339,17.636899740323678,0.4989113021797084,0.067740280366319,0.0041635135999568,0.0182045846617308,0.8125501642334411,0.0970538487891328,0.0665328187210221,0.0092167470552314,0.0062935023888651,0.0355504970883292,0.0080963308631671
13.022109031677246,3.702581014567709,17.63464521330562,0.4988980590712227,0.0677390666859849,0.0041632340479182,0.0181961923004683,0.8125004737550444,0.0970534608900101,0.0665112263585784,0.0092145672876481,0.0062915707243943,0.0355494376939161,0.0080909086757613
13.031051635742188,3.701944444881717,17.63322429990914,0.4988897125777853,0.0677383017596374,0.0041630578603404,0.0181909030276941,0.8124691563405521,0.0970532164080463,0.0664976178035033,0.0092131934920669,0.0062903532956354,0.035548770009095,0.0080874913508411
13.031495094299316,3.701913107309101,17.633154350006027,0.4988893016889473,0.0677382641031003,0.0041630491868285,0.0181906426430758,0.8124676146201093,0.0970532043723103,0.0664969478704589,0.0092131258617335,0.0062902933630593,0.0355487371397028,0.0080873231199998
13.054800033569336,3.700296244915395,17.62954528183808,0.4988681017706752,0.0677363211990183,0.004162601676172,0.0181772080988293,0.8123880693915865,0.0970525833662493,0.0664623826708376,0.0092096364737049,0.0062872011413422,0.0355470412358228,0.0080786432506842
13.060977935791016,3.699877356120445,17.628610261443587,0.498862609366993,0.0677358178363568,0.0041624857370761,0.0181737275437754,0.8123674611575126,0.0970524224721154,0.06645342768903,0.0092087324600541,0.0062864000237341,0.0355466018670819,0.0080763945134832
13.07997989654541,3.698613852762594,17.625789937516608,0.4988460424322664,0.0677342995216365,0.004162136026925,0.0181632290722641,0.8123052999845009,0.0970519371470178,0.0664264165853937,0.0092060056638795,0.0062839835954583,0.0355452765841787,0.0080696116007458
13.08323097229004,3.69840138980423,17.62531568894515,0.4988432566270399,0.0677340442095766,0.0041620772217374,0.0181614637141413,0.8122948473279094,0.0970518555353315,0.0664218745645544,0.0092055471425678,0.0062835772637528,0.0355450537319664,0.0080684710281289
13.092427253723145,3.697806176277345,17.623987084458715,0.498835452195791,0.0677333289522066,0.0041619124792888,0.0181565180758896,0.8122655642581768,0.0970516268971563,0.066409150124672,0.0092042625982029,0.0062824389282853,0.0355444294118401,0.0080652757221763
13.10706615447998,3.6968760660609616,17.621910940088956,0.498823256554984,0.0677322112486437,0.0041616550442189,0.0181487897773174,0.8122198050107124,0.0970512696053996,0.0663892662843836,0.009202255305266,0.0062806601088407,0.0355434538148077,0.0080602825796954
13.10931396484375,3.696735111176977,17.621596307712647,0.4988214083440356,0.0677320418639402,0.0041616160308175,0.0181476185813917,0.8122128703529202,0.0970512154580252,0.0663862529594926,0.0092019511071724,0.0062803905351113,0.0355433059662046,0.0080595258869057
13.11374855041504,3.696458467989525,17.620978798675214,0.4988177809740906,0.067731709422814,0.0041615394616689,0.0181453199497323,0.8121992601356719,0.0970511091856007,0.0663803388984561,0.0092013540769087,0.0062798614599016,0.0355430157928861,0.0080580407741863
13.116201400756836,3.696306268193001,17.620639065883914,0.4988157853147381,0.0677315265245614,0.0041614973358783,0.0181440553198046,0.8121917722479368,0.0970510507176218,0.0663770851806336,0.009201025610891,0.0062795703804829,0.0355428561491158,0.0080572237150708
13.134618759155272,3.695181806139323,17.618129096827918,0.4988010412063378,0.0677301752537685,0.0041611861074604,0.018134712152467,0.8121364511784032,0.0970506187424906,0.0663530465018219,0.0091985988823499,0.0062774198667795,0.035541676687266,0.008051187230095
13.142857551574709,3.6946891121039447,17.61702932883657,0.4987945809059134,0.0677295831777187,0.0041610497395136,0.0181306183531169,0.8121122116759355,0.0970504294630031,0.0663425137205471,0.0091975355874675,0.0062764775982344,0.0355411598927784,0.0080485422858866
13.146488189697266,3.6944739873326142,17.61654913754332,0.498791760143175,0.0677293246591611,0.0041609901972067,0.0181288308795109,0.8121016279864611,0.0970503468169856,0.0663379147972102,0.0091970713214977,0.0062760661759591,0.03554093424471,0.0080473874252304
13.148021697998049,3.694383486806903,17.616347126552164,0.4987905734797718,0.0677292159032477,0.0041609651484348,0.0181280789098752,0.8120971755484145,0.0970503120485733,0.0663359800828955,0.0091968760101232,0.0062758930953247,0.035540839317095,0.0080469015886107
13.19740104675293,3.69158165336684,17.610093001558198,0.4987538349659903,0.0677258488621502,0.004160189654198,0.0181047984587302,0.8119593308240683,0.097049235592001,0.0662760826777872,0.0091908293049926,0.0062705346394902,0.0355379004074704,0.0080318604304542
13.203726768493652,3.69123800731967,17.609325929868813,0.4987493289413658,0.0677254358888641,0.0041600945392937,0.0181019431024803,0.8119424240681457,0.0970491035576796,0.0662687362367802,0.0091900876739963,0.0062698774226886,0.035537539946855,0.0080300156268948
13.205408096313477,3.6911472355030943,17.609123312964396,0.4987481387038829,0.0677253268045694,0.0041600694153174,0.0181011888791575,0.811937958259587,0.0970490686814665,0.0662667957233051,0.0091898917771013,0.0062697038232458,0.0355374447335083,0.0080295283343387
13.21043872833252,3.69087705250584,17.60852022216469,0.4987445959504256,0.0677250021139767,0.0041599946335941,0.0180989439278165,0.8119246657430592,0.0970489648716022,0.0662610197703718,0.0091893086885079,0.0062691871031986,0.0355371613300823,0.0080280779044353
13.214938163757324,3.690637181095354,17.607984791510432,0.4987414506520436,0.0677247138496738,0.0041599282415424,0.0180969508356322,0.8119128644974413,0.0970488727073854,0.0662558918164803,0.0091887910160899,0.0062687283535133,0.0355369097212062,0.0080267901970396
13.225845336914062,3.6900626151642015,17.60670226987646,0.4987339166811692,0.0677240233661422,0.0041597692120395,0.0180921767661313,0.8118845968612286,0.0970486519431016,0.0662436087873621,0.0091875510311271,0.0062676295067008,0.0355363070395816,0.0080237057414116
13.2610502243042,3.688273144648973,17.60270788769274,0.4987104522203757,0.0677218728583861,0.0041592739180919,0.0180773080549168,0.8117965579015173,0.0970479643559941,0.0662053536185076,0.0091836891302397,0.0062642071773303,0.0355344299961045,0.0080140992880857
13.264873504638672,3.688084632715943,17.602287098953383,0.4987079803456233,0.0677216463116867,0.004159221741244,0.018075741709443,0.8117872834167557,0.0970478919201558,0.0662013236245454,0.0091832822979199,0.0062638466517499,0.0355342322581644,0.008013087295629
13.27043628692627,3.687812344234219,17.601679307517514,0.4987044099426002,0.0677213190850047,0.0041591463764738,0.018073479264787,0.8117738872560668,0.0970477872925,0.0661955026618931,0.0091826946653269,0.0062633259050772,0.0355339466433443,0.0080116255638934
13.274940490722656,3.687593588791533,17.601191010334208,0.4987015414930623,0.0677210561920901,0.0041590858287112,0.0180716616261551,0.8117631248323752,0.0970477032345465,0.0661908261245875,0.0091822225637203,0.0062629075393536,0.0355337171814042,0.0080104512147136
13.27712345123291,3.687488118475366,17.60095558368042,0.4987001585036966,0.0677209294413106,0.0041590566363274,0.0180707852734846,0.8117579358576236,0.0970476627068451,0.0661885713881691,0.0091819949455842,0.0062627058293331,0.0355336065490242,0.0080098850163449
13.27776336669922,3.687457268519916,17.600886721632264,0.4986997539806805,0.0677208923668288,0.0041590480975855,0.018070528941262,0.8117564180878866,0.0970476508525152,0.0661879118801644,0.0091819283675209,0.0062626468293665,0.0355335741891639,0.008009719403926
13.28827953338623,3.686954658766052,17.599764815929387,0.4986931634557677,0.0677202883457832,0.0041589089837295,0.0180663527579183,0.8117316904627269,0.0970474577196138,0.0661771671271882,0.0091808436727795,0.0062616855975621,0.0355330469795096,0.0080070212343175
13.304784774780272,3.6861821787894495,17.598040516088922,0.4986830342065523,0.0677193599998967,0.0041586951742224,0.0180599342240926,0.8116936856081982,0.0970471608817264,0.0661606531097938,0.0091791765642748,0.0062602082440162,0.035532236689505,0.0080028743157723
13.328768730163574,3.685094398720576,17.595612414718495,0.4986687704988384,0.0677180527287123,0.0041583940946387,0.01805089586394,0.8116401684026513,0.0970467428755756,0.0661373986325497,0.0091768289985901,0.006258127885003,0.0355310956636561,0.0079970347670379
13.329812049865724,3.6850479931484346,17.5955088299397,0.4986681619965191,0.0677179969593207,0.0041583812503342,0.0180505102802608,0.8116378853141296,0.0970467250428675,0.0661364065778882,0.0091767288495483,0.0062580391352172,0.035531046986501,0.0079967856472232
13.33083724975586,3.685002466729065,17.595407207571018,0.4986675650221813,0.0677179422464674,0.0041583686493642,0.0180501320014601,0.811635645478563,0.0970467075479818,0.0661354333176878,0.0091766305978281,0.0062579520667947,0.035530999231528,0.0079965412469814
13.395341873168944,3.682278999737367,17.589327983513577,0.4986318528682738,0.0677146692112104,0.0041576148371414,0.0180275027313056,0.8115016545446362,0.097045660943762,0.0660772112593743,0.0091707530142948,0.006252743487555,0.0355281424386555,0.0079819208171829
13.405571937561035,3.681871598736155,17.58841859732105,0.4986265106958563,0.0677141795975339,0.0041575020748827,0.0180241176395878,0.8114816109278516,0.0970455043782611,0.0660685018741915,0.0091698737917533,0.0062519643408681,0.0355277150919492,0.0079797337607203
13.407988548278809,3.6817763015734455,17.588205878327656,0.4986252610813351,0.067714065069487,0.0041574756981051,0.0180233258162345,0.8114769224261791,0.0970454677550848,0.0660664646192879,0.0091696681285022,0.0062517820868536,0.0355276151291322,0.0079792221756574
13.408001899719238,3.6817757760628993,17.58820470530138,0.4986252541904091,0.0677140644379288,0.0041574755526519,0.0180233214497717,0.8114768965717137,0.0970454675531283,0.0660664533849667,0.0091696669943844,0.0062517810818247,0.0355276145778931,0.0079792193545519
13.48066234588623,3.679071402734528,17.58216809522299,0.4985897921089124,0.0677108143073765,0.0041567270231907,0.0180008508370783,0.8113438446036491,0.0970444282231695,0.0660086395179053,0.0091638306166436,0.0062466090193946,0.0355247777927107,0.0079647014333841
13.483854293823242,3.678959457200091,17.581918214112925,0.4985883241775065,0.0677106797699566,0.0041566960383342,0.0179999206828127,0.8113383370091459,0.0970443851998638,0.0660062463557582,0.0091635890240906,0.0062463949257029,0.0355246603657549,0.0079641004748962
13.495631217956545,3.678551195193823,17.581006905137457,0.4985829706727064,0.0677101891156011,0.0041565830374712,0.0179965284381899,0.8113182509730078,0.0970442282945232,0.0659975185652761,0.0091627079432888,0.0062456141324364,0.0355242321129617,0.0079619087973952
13.523746490478516,3.677606218976436,17.578897560051377,0.4985705792628686,0.0677090534289821,0.0041563214819611,0.0179886766414422,0.811271759170872,0.0970438651127304,0.0659773169444854,0.0091606685656149,0.0062438068835538,0.035523240864222,0.0079568358714414
13.536561012268066,3.677189016721768,17.57796629463316,0.4985651085101987,0.0677085520279963,0.0041562060064653,0.0179852101128151,0.8112512332632738,0.0970437047682113,0.0659683980305623,0.0091597681905947,0.006243008992261,0.0355228032323638,0.0079545962003026
13.563203811645508,3.676347742378984,17.576088428901702,0.4985540769078842,0.0677075409678865,0.004155973153913,0.0179782199745641,0.8112098434411338,0.0970433814360723,0.0659504133403814,0.0091579526145559,0.0062414000712746,0.035521920761496,0.0079500799789738
13.569042205810549,3.676167994120676,17.57568720053178,0.4985517198727779,0.0677073249425717,0.0041559234021834,0.0179767264485404,0.811201000010804,0.0970433123518508,0.0659465706977153,0.0091575646951594,0.0062410563061947,0.0355217322109574,0.0079491150346888
13.585254669189451,3.6756773215534095,17.57459193668642,0.4985452856899768,0.0677067352412136,0.0041557875910562,0.0179726494564401,0.8111768594173839,0.0970431237665587,0.0659360811422647,0.0091565057619067,0.0062401179043728,0.0355212175098677,0.0079464809525781
13.601317405700684,3.675203216507624,17.57353365423334,0.4985390687517114,0.067706165450353,0.0041556563655455,0.0179687101238083,0.8111535339220398,0.0970429415477413,0.0659259457659929,0.0091554825834412,0.0062392111876256,0.0355207201872631,0.0079439358101825
13.606057167053224,3.67506556408986,17.57322639079303,0.4985372637149838,0.0677060000162332,0.0041556182653144,0.0179675663716931,0.8111467615591016,0.0970428886418425,0.0659230030446513,0.0091551855121657,0.0062389479300357,0.0355205757937582,0.0079431968494902
13.614938735961914,3.674810338283262,17.57265668367318,0.4985339169368454,0.0677056932793221,0.0041555476224343,0.0179654457038781,0.8111342047001081,0.0970427905470742,0.0659175468497221,0.0091546347026886,0.0062384598156129,0.035520308069009,0.0079418267185625
13.627886772155762,3.674444508710864,17.571840090212344,0.4985291198082169,0.0677052536156378,0.0041554463659855,0.0179624060309183,0.8111162062411432,0.0970426499417933,0.0659097261772468,0.0091538451963308,0.0062377601736297,0.0355199243238304,0.0079398628325349
13.690881729125977,3.6727659810847744,17.568093332038398,0.4985071092166567,0.0677032363118626,0.0041549817730576,0.0179484591685635,0.8110336242680728,0.0970420047985591,0.0658738427620066,0.0091502227219253,0.0062345500220636,0.0355181635920829,0.0079308519791873
13.713705062866213,3.672197256751283,17.56682384268337,0.4984996515028606,0.0677025528006217,0.0041548243580501,0.0179437336464301,0.81100564355194,0.0970417862064944,0.0658616846238012,0.0091489953430261,0.006233462347815,0.0355175670142632,0.007927798892083
13.720905303955078,3.6720219812155386,17.56643259788015,0.4984973531039095,0.0677023421486759,0.0041547758442051,0.017942277284609,0.8109970201546217,0.0970417188382233,0.0658579375990227,0.0091486170762931,0.0062331271367571,0.0355173831544658,0.0079268579591392
13.72324562072754,3.671965431746999,17.566306369847283,0.498496611567119,0.0677022741856359,0.0041547601920934,0.0179418074159186,0.8109942379719292,0.097041697103051,0.0658567286895283,0.0091484950354009,0.006233018986997,0.0355173238354336,0.0079265543842154
13.733025550842283,3.67173132981574,17.5657838145043,0.4984935417729958,0.0677019928340377,0.0041546953959085,0.0179398622664798,0.8109827203679222,0.0970416071242658,0.065851724079339,0.0091479898138775,0.006232571271602,0.0355170782681004,0.0079252976531276
13.74894905090332,3.6713576978497846,17.564949804345062,0.4984886423104733,0.0677015437902818,0.0041545919797225,0.0179367577641244,0.8109643380094355,0.0970414635157083,0.0658437366085747,0.009147183468919,0.00623185670773,0.0355166863369681,0.0079232918819948
13.83718490600586,3.669446776008064,17.560684300788985,0.4984635842244072,0.0676992471741289,0.004154063062634,0.0179208799443353,0.8108703223193094,0.0970407290301617,0.0658028850931963,0.0091430594582268,0.0062282021069112,0.035514681822731,0.0079130334675624
13.854936599731444,3.66909297572187,17.559894558079545,0.4984589448047778,0.0676988219631766,0.0041539651355057,0.0179179402234239,0.8108529156458795,0.0970405930416703,0.0657953215826302,0.0091422959125095,0.0062275254707617,0.035514310693777,0.0079111341592741
13.88247776031494,3.6685630181069135,17.55871160204504,0.4984519954131039,0.0676981850390937,0.0041538184503946,0.0179135368141683,0.81082684217761,0.0970403893438444,0.0657839921966791,0.0091411521970138,0.0062265119371605,0.0355137547793458,0.0079082891845708
13.95132541656494,3.753006308889933,18.040609550947654,0.5128054031200283,0.1269822217386053,0.00600695797598,0.0202364803046859,0.9768260260615126,0.1009499286159292,0.0747168017582911,0.0127404475450998,0.0085659254043658,0.0510552495157335,0.0103128155155801
13.964749336242676,3.772350155116604,18.15080554485557,0.5160846165744642,0.1405234241645226,0.0064302512236707,0.0207675322775673,1.014744848661706,0.101842932526866,0.0767583534526332,0.0135626877161735,0.0091003807348236,0.0546051590182395,0.0108623370734104
14.005141258239746,3.8267741479734863,18.460898401635763,0.525313223975752,0.1786329426057475,0.0076215375656056,0.0222619584854395,1.121460485736051,0.1043561422991852,0.0825036272485764,0.015876715664377,0.010604488470556,0.0645957918189028,0.0124087904614744
14.050971031188965,3.882197657665869,18.77678136860477,0.5347156133512946,0.2174615470314959,0.0088352956435332,0.0237843561100334,1.2301884748345626,0.1069167652835108,0.0883567263224213,0.0182343496093693,0.01213692591464,0.0747749170613469,0.0139842777391701
14.06150722503662,3.894062754523313,18.844419749913623,0.5367291131463988,0.2257768156792306,0.0090952248170299,0.0241103490870656,1.2534727334312243,0.1074651295779328,0.0896101006039148,0.0187392359840719,0.0124650947315034,0.0769548060218767,0.0143216518918626
14.071605682373049,3.9051440354538647,18.90759470798576,0.5386098170800877,0.2335437429002886,0.0093380129095339,0.0244148333471085,1.2752214731116602,0.1079773321568108,0.090780793063691,0.0192108252783887,0.0127716202221693,0.0789909435367897,0.0146367708900461
14.083431243896484,3.9177682912516527,18.979572126245685,0.540752658640795,0.2423933353167087,0.0096146438668557,0.0247617469648162,1.300001784913625,0.1085609323259864,0.0921146374190126,0.0197481478861852,0.0131208704500544,0.0813109057219616,0.014995806655254
14.08430290222168,3.9186840695389926,18.98479370258409,0.5409081141703175,0.243035345572403,0.0096347125604878,0.02478691386711,1.3017995157374098,0.1086032706712419,0.0922114021272103,0.0197871288107119,0.0131462073274247,0.0814792116706689,0.0150218531936307
14.119749069213867,3.9542758911187774,19.187758540879347,0.5469511611476138,0.2679927330504231,0.0104148573199031,0.0257651813647775,1.3716838039111274,0.1102491212065642,0.0959728461241696,0.0213024493786023,0.0141311334974634,0.0880219000094556,0.0160343390020586
14.133907318115234,3.9676300114167726,19.26392611851248,0.5492191912164973,0.2773597739034514,0.010707661300945,0.0261323108810421,1.3979126754993836,0.1108668427845085,0.0973845061766075,0.0218711726906566,0.0145007893948762,0.0904775076332783,0.0164143239106762
14.15049171447754,3.9826802994965274,19.34977853010401,0.5517757655616321,0.2879186716626811,0.0110377207730486,0.0265461288948514,1.427478755798716,0.1115631619839319,0.0989757212850402,0.0225122537586707,0.0149174744866441,0.0932455631552761,0.016842641880051
14.170485496520996,4.00001037457274,19.448650227442123,0.5547202608804244,0.3000799420444988,0.0114178676405156,0.0270227115488883,1.4615314645797923,0.1123651502937087,0.1008083235654536,0.0232506137847841,0.0153973860959181,0.0964336837297816,0.017335937258953
14.188918113708496,4.015234121662278,19.53551856906555,0.5573074948647871,0.3107658705552854,0.0117518961308172,0.0274414451264099,1.4914528957958,0.1130698443637733,0.1024185205739925,0.0238993916084876,0.0158190699835642,0.0992350352583179,0.0177693676548508
14.204450607299805,4.027526405993755,19.60566961347168,0.5593969837949729,0.319396138139145,0.0120216665986708,0.0277796029262526,1.515618185267891,0.1136389749778071,0.103718901966599,0.0244233575349546,0.016159628852847,0.101497486369749,0.0181194034572697
14.25981330871582,4.067635582096733,19.83463781636804,0.5662179842445259,0.3475701278560085,0.0129023426184502,0.0288833751160168,1.594506216941042,0.1154969275870994,0.1079636518394199,0.026133832427691,0.0172713655185706,0.1088833697063094,0.0192620100279415
14.26345157623291,4.070081101047014,19.84860206276837,0.5666340382345614,0.3492886858943057,0.0129560618714966,0.0289506942624471,1.599318183175034,0.1156102587225906,0.1082225506948951,0.0262381658184612,0.017339177287586,0.1093338933030091,0.0193317011254987
14.289523124694824,4.086966136598496,19.945030734386137,0.5695072531799131,0.3611570202247464,0.0133270452923464,0.0294155687618054,1.6325493761149312,0.1163929206074145,0.11001042392936,0.0269586828617925,0.01780747740631,0.1124451993524794,0.0198129671254342
14.313484191894531,4.1015380152651,20.028268361887196,0.5719877181745228,0.3714033214113681,0.0136473254705046,0.0298168638499233,1.661238643471419,0.1170686152110215,0.1115538336491056,0.0275807160956276,0.0182117651571281,0.1151312823378542,0.020228429704149
14.31855297088623,4.104509684062008,20.04524548095665,0.5724936686551029,0.373493336284326,0.0137126552599668,0.0298987135013258,1.6670905778242626,0.1172064415014953,0.1118686403482401,0.0277075954856872,0.018294229515468,0.1156791823328104,0.0203131711693861
14.32331371307373,4.107266478119646,20.060995754694137,0.5729630680441705,0.3754323745495905,0.0137732657647476,0.0299746488334321,1.672519775783818,0.1173343115566261,0.1121607018660207,0.0278253090382465,0.0183707364955783,0.1161875034681365,0.0203917900380723
14.340760231018066,4.117091749591265,20.117135974804945,0.574636284344993,0.3823443407016835,0.0139893197625794,0.0302453166317749,1.6918728139138055,0.1177901212759141,0.1132017589236138,0.0282449114947084,0.0186434528829223,0.1179994821825761,0.0206720286689315
14.341712951660156,4.117615976634149,20.120131601195588,0.5747255707897311,0.3827131822399039,0.0140008489802378,0.0302597595774746,1.6929055417836425,0.1178144445137181,0.1132573109695563,0.0282673024769315,0.018658005637075,0.1180961742977989,0.020686982566029
14.34237575531006,4.11797993898747,20.12221143237889,0.5747875616573069,0.3829692662299565,0.0140088536308598,0.030269787170781,1.6936225569981374,0.1178313319589137,0.1132958802509832,0.028282848362861,0.0186681094994462,0.1181633069248042,0.0206973649228977
14.342418670654297,4.118003483989775,20.122345978704452,0.5747915719145728,0.3829858325913466,0.0140093714606815,0.0302704358659818,1.6936689415128974,0.1178324244267001,0.1132983753383884,0.0282838540434344,0.0186687631294228,0.118167649809867,0.0206980365685408
14.356056213378906,4.125358312731245,20.164377430269152,0.5760443944644345,0.3881612812691836,0.014171144975096,0.0304730862485775,1.7081597559941026,0.1181737188602254,0.1140778414038026,0.0285980341159233,0.0188729602767368,0.1195243972888563,0.0209078591803973
14.36335277557373,4.129191030179969,20.186282934009384,0.5766973616799365,0.3908587432456313,0.0142554617428026,0.030578702999246,1.7157123896358135,0.118351602517107,0.1144840881505155,0.0287617845226949,0.0189793873399449,0.1202315383523096,0.0210172160232795
14.379258155822754,4.137305930910865,20.23266812844132,0.5780801098696137,0.3965710720020003,0.014434016294125,0.0308023516090612,1.7317062899022284,0.118728300569715,0.115344351543194,0.0291085503304917,0.0192047616762687,0.121729027194883,0.0212487893928221
14.4091157913208,4.151689626482004,20.3149049283942,0.5805318877592224,0.4067000005477283,0.0147506225288151,0.0311988738600239,1.7600659420489235,0.1193962485102218,0.1168696298884553,0.0297234136896927,0.0196043785413047,0.1243843251390129,0.0216593795065448
14.445029258728027,4.16761851755201,20.406007080886205,0.5832484479488079,0.4179232830596076,0.0151014335461005,0.03163816406057,1.7914892331822727,0.1201363604574212,0.1185595150052648,0.0304046898818082,0.0200471544389368,0.1273265013934494,0.0221142835912921
14.452001571655272,4.170547585861175,20.422763161023838,0.5837481537925688,0.4199878420622598,0.0151659660995626,0.0317189637844201,1.7972695982756306,0.1202725060992811,0.1188703514099869,0.0305300105308735,0.0201286024329863,0.1278677233906476,0.0221979587891381
14.456356048583984,4.172350999948325,20.433080432777285,0.5840558488192031,0.4212591085872546,0.0152057024237911,0.031768715284766,1.8008288899065308,0.1203563386674896,0.1190617472592514,0.0306071772136646,0.0201787542638603,0.1282009844568023,0.0222494814131841
14.511090278625488,4.193411300920379,20.55360400083104,0.5876508452971222,0.4361127044646355,0.0156699826927078,0.0323499257497031,1.8424154801028088,0.1213358428138234,0.1212978014597775,0.0315087770010201,0.0207647124338185,0.1320948295799061,0.0228514181439921
14.567935943603516,4.212418982288839,20.662450034807502,0.5908985818692161,0.4495325619631576,0.0160894437236799,0.0328748713592942,1.879987030374948,0.1222207946036703,0.1233176012606447,0.0323233088527166,0.0212940742311491,0.1356128080610554,0.0233951477258963
14.573472023010254,4.214128812227854,20.672244941829035,0.5911908978679138,0.450740486620542,0.0161271992606479,0.0329221131016261,1.8833688063201317,0.1223004490080305,0.123499381510376,0.0323966228580717,0.0213417202429815,0.1359294613885939,0.0234440833309339
14.628929138183594,4.230003053201175,20.76321531787769,0.5939062995325007,0.461961729126722,0.016477934110644,0.0333608951289035,1.914784009586608,0.1230404106096469,0.1251878605467624,0.0330776671156824,0.0217843189682516,0.1388710648080908,0.0238986289451821
14.667604446411133,4.239831441437064,20.819572724083937,0.5955890476870682,0.4689161040425998,0.0166953000213286,0.0336327505097187,1.934253164714988,0.123498999502608,0.1262340912385095,0.0334997246608504,0.0220586018206809,0.1406941189940898,0.0241802823728774
14.750800132751465,4.257989003496367,20.923774685066167,0.5987016449721286,0.4817809548029103,0.0170973980094216,0.0341354560755386,1.97026792449495,0.1243473326633485,0.128168998657188,0.0342804361031511,0.0225659511369512,0.1440665569326734,0.0247011837398851
14.798394203186035,4.2667861288142666,20.974307002275463,0.6002118148737203,0.4880234436907727,0.0172925071802984,0.0343792745500934,1.987742959544307,0.1247589703137953,0.1291075971206339,0.0346592370503322,0.0228121099296966,0.1457029752893523,0.0249538714910523
14.80180549621582,4.267377010285733,20.977702446125736,0.6003133085031509,0.4884430009460279,0.0173056203651396,0.0343956584885556,1.9889174383533472,0.1247866363384734,0.1291706723456414,0.0346846954578064,0.0228286535491363,0.1458129585822276,0.0249708526315566
14.865134239196776,4.277470970116204,21.035735552676385,0.6020484276267424,0.4956161251876107,0.017529813060817,0.0346757043921187,2.0089969933998764,0.125259636789685,0.130248886810205,0.0351199377642324,0.0231114825298122,0.1476933247582286,0.0252611332243176
14.881097793579102,4.279770735937585,21.048966054451537,0.6024441327958103,0.4972521305023424,0.0175809450769196,0.0347395557457334,2.013576513416822,0.1253675153024108,0.1304947487141614,0.0352192003224297,0.0231759840556163,0.1481221861944021,0.0253273259419837
14.884570121765137,4.280258812183335,21.05177439330111,0.6025281329598792,0.4975994279073079,0.0175917995445985,0.0347531093039097,2.014548665452435,0.1253904161229657,0.1305469385190105,0.0352402718895092,0.0231896764470207,0.1482132264313004,0.0253413769073803
14.906123161315918,4.283194441679659,21.06866915806656,0.6030335246955716,0.4996890145319134,0.0176571074577012,0.0348346489601376,2.020397774030221,0.1255282033433347,0.13086092841412,0.035367051277017,0.0232720577153181,0.1487609881129143,0.025425912211653
14.909493446350098,4.283639211395732,21.071229376525626,0.6031101194968029,0.500005710544962,0.017667005434373,0.0348470057859677,2.021284253095625,0.125549086213584,0.1309085132375031,0.0353862655384965,0.0232845430682112,0.1488440063067279,0.025438723502977
14.9227933883667,4.2853578781706485,21.08112388783051,0.603406157584395,0.5012297581039685,0.0177052615660652,0.034894762349293,2.0247105255501774,0.1256297995389411,0.1310924228661106,0.0354605288986819,0.0233327989121379,0.1491648759162913,0.0254882377579701
14.962417602539062,4.290148832761773,21.10871823590654,0.604231953624383,0.5046444163635398,0.0178119817534268,0.0350279571151404,2.034268448254223,0.1258549599959321,0.1316053908078959,0.0356676899731517,0.0234674090218015,0.1500599856615901,0.0256263462219382
14.986159324645996,4.292797797709054,21.123983999047606,0.6046889316643627,0.5065341449270647,0.0178710418946242,0.0351016492082462,2.0395578498234435,0.1259795667880834,0.1318892242098282,0.0357823312773695,0.0235418999532824,0.150555352467662,0.0257027647958944
14.998579025268556,4.294121448407704,21.131614592753756,0.6049173903102487,0.5074789212324963,0.0179005690459117,0.0351384859608702,2.042202271833032,0.1260418641665533,0.1320311126542414,0.0358396451125822,0.0235791406275289,0.1508030122880562,0.0257409667500887
15.00837230682373,4.295136260446501,21.137465984485864,0.6050925981146998,0.5082034999675139,0.0179232142682957,0.0351667344353742,2.0442303469525336,0.1260896418870501,0.1321399242112893,0.0358836001949987,0.0236077010443386,0.1509929501643403,0.0257702632352025
15.015442848205566,4.29585346492425,21.14160202223733,0.6052164530333751,0.5087157165412176,0.0179392225030466,0.0351867022319804,2.045664018075373,0.1261234166842284,0.1322168410020833,0.0359146723808198,0.0236278905292324,0.1511272202251967,0.0257909724263675
15.051124572753906,4.299283457081541,21.161390279854032,0.6058091382212468,0.5111669539823838,0.0180158301594807,0.0352822406847755,2.052524819133558,0.1262850469463795,0.1325848828207233,0.0360633651970456,0.0237245041389793,0.1517697745263731,0.0258900654167117
15.098706245422363,4.303401084479786,21.18516475027636,0.6065215063893405,0.5141134649679153,0.0181079151316934,0.0353970380632478,2.06077160014975,0.1264793330209202,0.1330271730655779,0.0362420901876025,0.0238406284874754,0.1525421532242458,0.0260091514328675
15.100774765014648,4.303569085376755,21.18613524887784,0.6065505934440246,0.5142337827495138,0.0181116752948244,0.0354017245535053,2.0611083427248222,0.1264872664530737,0.1330452306031062,0.036249387952224,0.0238453700489764,0.1525736924217909,0.0260140134527116
15.140427589416504,4.3066251642956805,21.203796901994014,0.6070800484369878,0.5164239700268429,0.018180122375254,0.0354870170105836,2.067238090859822,0.1266316808918436,0.1333738937555655,0.0363822273629967,0.0239316784504306,0.1531478100828506,0.0261025073296729
15.14133644104004,4.306691674929365,21.20418144478544,0.6070915786375395,0.5164716692802493,0.0181816130469607,0.0354888741772799,2.06737158616972,0.1266348260246022,0.1333810505967487,0.0363851203246437,0.023933558041234,0.1531603135382128,0.0261044343560532
15.16159439086914,4.30813510506285,21.21252875272385,0.6073418941143146,0.5175072265360998,0.0182139756059937,0.0355291891751891,2.070269763347377,0.1267031071226472,0.1335364154469198,0.0364479258180289,0.0239743632319628,0.1534317648628735,0.0261462675637701
15.1777925491333,4.309237121812559,21.218904187731813,0.6075331159498245,0.5182983503818681,0.0182386991226837,0.0355599823639534,2.0724838210634404,0.1267552709033383,0.1336550929271188,0.0364959052003775,0.0240055354287384,0.1536391421735967,0.0261782226826954
15.198050498962402,4.310553163154185,21.22652085125137,0.607761612743221,0.5192437338044307,0.018268243220993,0.0355967727730727,2.0751295539717174,0.1268176057286169,0.1337968929183228,0.0365532381951248,0.0240427842286912,0.1538869549216833,0.0262164041053038
15.24978256225586,4.313622590007334,21.24429960911924,0.6082951844557309,0.5214515482861646,0.018337238486171,0.0356826585956202,2.0813081195014367,0.1269631790148903,0.1341279624036882,0.0366871232379896,0.0241297662484401,0.154465684963606,0.0263055502662759
15.258469581604004,4.314099661772081,21.24706488318191,0.6083782050761393,0.5217951006743891,0.0183479745309176,0.0356960184853595,2.0822695249144183,0.1269858311338877,0.1341794675213874,0.0367079555914931,0.0241433002641099,0.1545557392641761,0.0263194191216142
15.294733047485352,4.315981376979873,21.257977775060013,0.6087059260297618,0.5231513481152924,0.0183903570018712,0.0357487460621575,2.086064806166241,0.1270752547805662,0.1343827605394262,0.0367901924154131,0.0241967256782831,0.1549112469173577,0.0263741607512502
15.33153247833252,4.317721770819331,21.268080175404684,0.6090094448614516,0.5244075722411801,0.0184296131537187,0.0357975639168467,2.0895800684029293,0.1271580826511342,0.1345710066537252,0.036866358954182,0.0242462062112604,0.1552405339928969,0.0264248516227081
15.339937210083008,4.318096956908124,21.27025926683904,0.6090749330498162,0.5246786379087823,0.0184380836874275,0.0358080948214347,2.090338568846298,0.1271759549846665,0.1346116185533245,0.0368827932890466,0.0242568823680194,0.1553115866763268,0.0264357877231623
15.340082168579102,4.318103357811973,21.270296447573,0.6090760505035469,0.5246832632822637,0.0184382282254943,0.0358082745077721,2.0903515115904345,0.1271762599518111,0.1346123115168118,0.0368830737166226,0.0242570645402313,0.155312799094603,0.0264359743270021
15.362641334533691,4.15959057857616,20.51124966175172,0.5875112799394774,0.52243266702945,0.0182802282446662,0.0350593590363203,2.05699744598495,0.1229925526754462,0.1318647534340756,0.0365332890404875,0.0240151145076022,0.1539654301938214,0.026123569655387
15.370370864868164,4.09207512198741,20.187854443051744,0.5783226397945009,0.5214085714763852,0.0182109356643652,0.0347382136816195,2.042623452671991,0.1212086227762958,0.1306860764165499,0.036380458338601,0.0239095701945604,0.1533748184684904,0.0259879931392534
15.372090339660645,4.077234933602316,20.11677082861197,0.5763029392976592,0.5211834793799562,0.0181957051207757,0.0346676247716658,2.039464010605511,0.1208165079174987,0.1304269991391569,0.0363468659817004,0.023886371410941,0.153245001700583,0.0259581931077052
15.42943000793457,3.617635408678062,17.91532593136099,0.513753391104546,0.5142140025737428,0.0177240662305709,0.0324815334346589,1.9416207932114729,0.1086728590952717,0.122403585908074,0.0353066056947657,0.0231679655432563,0.149225008319818,0.0250353393147777
15.449230194091797,3.473819690805469,17.226464214524086,0.4941808659134502,0.5120338317238105,0.017576504472699,0.0317974897679452,1.9110060607443529,0.1048729771794054,0.1198930182719972,0.0349811317133848,0.0229431903456355,0.1479672708497485,0.0247465858367729
15.464043617248535,3.370846473234238,16.733234966171693,0.4801668395681307,0.5104730292551656,0.0174708558148062,0.0313077145533524,1.8890862712933372,0.102152247615021,0.118095457195205,0.0347481022007881,0.0227822574076422,0.1470667778197709,0.0245398428187346
15.477611541748049,3.2798635917203978,16.297438939000145,0.4677846687837384,0.5090941261419935,0.0173775139167159,0.0308749734311334,1.869719290604915,0.0997483355118959,0.1165072250354991,0.0345422159902394,0.0226400694432729,0.1462711807896146,0.0243571781403161
15.478196144104004,3.276013268075827,16.278996416101094,0.4672606660423393,0.5090357753935404,0.0173735638651788,0.0308566602540295,1.8688997046275972,0.0996466041108016,0.1164400126990527,0.0345335032403213,0.0226340522825682,0.14623751263107,0.0243494480194969
15.490025520324709,3.19931540850365,15.911624531921232,0.4568226277691641,0.5078734952098383,0.017294881238083,0.0304918660309235,1.8525738387386668,0.0976201346326552,0.1151011600140194,0.0343599499096218,0.0225141934623964,0.1455668632640336,0.0241954669885854
15.534017562866213,2.933435637718741,14.638103705721916,0.4206385215501795,0.5038452446902794,0.0170221489014711,0.0292272979016603,1.795981316628851,0.0905952732744112,0.1104600163096308,0.0337583635675917,0.0220987249869211,0.1432422346202211,0.0236617060823572
15.563288688659668,2.7722567264594447,13.866087618123244,0.3987035770223689,0.5014040070480276,0.0168568385138799,0.0284607226094927,1.761676419370176,0.0863367920950602,0.1076465949004935,0.0333937177418005,0.0218468903345152,0.1418332136350063,0.0233381573611834
15.58159351348877,2.677372820975702,13.411613723626555,0.3857908473198224,0.4999671606125197,0.0167595311163855,0.028009456729016,1.7414823603463363,0.0838299029381066,0.1059904032000455,0.0331790714685433,0.0216986486645391,0.1410038148389054,0.0231476969675138
15.662753105163574,2.305873705743969,11.632226288696256,0.335234302903897,0.4943436847429621,0.0163786121811907,0.0262426689101261,1.6624227765550383,0.0740148609220261,0.0995061703471839,0.0323387931050339,0.021118317793489,0.1377570522694587,0.0224020538223139
15.66749668121338,2.286434040220521,11.53911591236726,0.3325888330775752,0.494049527831474,0.0163586829096608,0.0261502196792261,1.658286077601434,0.0735012721990035,0.0991668781728235,0.0322948294087726,0.0210879542939205,0.1375871849795901,0.022363039266357
15.690070152282717,2.1970612351136936,11.111047089078452,0.3204264786370514,0.492697307077309,0.0162670638360423,0.0257251929508335,1.639268254832105,0.0711400890748626,0.0976070181397931,0.0320927172544213,0.0209483651496711,0.1368062689581748,0.0221836763994131
15.692508697509766,2.187709002038821,11.0662528138006,0.3191537789452643,0.492555821301757,0.0162574770017501,0.0256807172522957,1.6372782154610317,0.0708930092152752,0.0974437914825759,0.032071568477006,0.0209337586564582,0.1367245554697592,0.0221649077723367
15.69964599609375,2.16066605241026,10.93672564780046,0.3154736414414886,0.4921467165257353,0.0162297561772848,0.025552111547885,1.6315238562662735,0.0701785536527775,0.0969718065563153,0.0320104155113438,0.0208915230454564,0.1364882766961297,0.0221106368157972
15.731281280517578,2.046518664856691,10.389997790941615,0.2999399955235604,0.490420170054745,0.0161127559673323,0.0250092775749062,1.6072356720653225,0.0671628848228523,0.0949796051469872,0.0317523063583711,0.0207132576962337,0.135491023720642,0.0218815688727925
15.734475135803224,2.0354949467226136,10.337198041686518,0.2984398508519449,0.4902534538998438,0.0161014574913766,0.0249568542633458,1.6048901234894335,0.0668716505164277,0.0947872122114299,0.0317273809891898,0.0206960426884463,0.1353947209716174,0.0218594474715629
15.774991989135742,1.903126493922845,9.70320217672858,0.2804268293975204,0.4882519456065873,0.0159658008994192,0.0243273840817136,1.57672671541127,0.0633746563996301,0.092477074345787,0.0314281071509877,0.0204893443642992,0.1342384493776232,0.0215938326716307
15.832831382751465,1.7362304613522903,8.903839839954808,0.2577155736002183,0.4857293685932318,0.0157947907348481,0.0235337433866793,1.5412199522677406,0.0589655855814599,0.0895644655040647,0.0310508271166845,0.0202287662478362,0.13278083999396,0.0212589628049527
15.847243309020996,1.6983146141017602,8.722240143305507,0.2525560393495556,0.4851564573919326,0.0157559456752382,0.0233534460984932,1.5331539415385746,0.0579639388178575,0.0889027917073172,0.0309651256176458,0.0201695736977038,0.1324497430259186,0.0211828911850825
15.901226997375488,1.567986317630065,8.098031276774085,0.2348213603182559,0.4831877356615069,0.0156224405736802,0.022733721678077,1.5054301997672426,0.0545210283357542,0.086628479659552,0.0306705746564601,0.0199661304581383,0.1313118081462236,0.0209214252183322
15.901445388793944,1.567494451785673,8.09567549399465,0.2347544293705477,0.4831803073105093,0.0156219367719691,0.0227313828430932,1.5053255738741065,0.0545080347814013,0.0866198964788847,0.0306694631026343,0.0199653627134956,0.1313075139757125,0.020920438479383
15.920422554016112,1.525776658222893,7.895869283712808,0.2290776746704763,0.482550318686848,0.0155792081976985,0.0225330147251141,1.496451833275084,0.0534059864652726,0.085891916264576,0.030575189059936,0.0199002479251539,0.130943315538452,0.020836749200455
15.947830200195312,1.4689591022620112,7.623744607351398,0.2213462838330018,0.4816924705924132,0.015521019188217,0.0222628507939115,1.4843667226675203,0.0519050685166356,0.0849004619959441,0.0304468018683077,0.0198115706902294,0.1304473394914013,0.0207227730811408
15.96584701538086,1.433702278939153,7.454884807247998,0.2165487889354381,0.481160253946268,0.0154849145191377,0.022095208960509,1.476867882388864,0.0509737190528762,0.0842852492427285,0.0303671398927198,0.0197565476679813,0.1301396000524278,0.0206520505723383
15.97459888458252,1.4171481256637577,7.37560023348383,0.214296230447079,0.4809103900436076,0.0154679631573721,0.0220164966025402,1.4733470305454608,0.0505364250438253,0.0839963912290018,0.0303297377544235,0.0197307136751124,0.1299951145057443,0.0206188449530047
15.977202415466309,1.4122939870764843,7.352351820551471,0.2136357190442387,0.4808371264768031,0.015462992655743,0.0219934160212747,1.472314629006202,0.0504081986363145,0.0839116904061711,0.0303187706035393,0.0197231385526223,0.129952748254002,0.0206091082344292
15.981961250305176,1.4035037500721066,7.310251893340586,0.212439617331888,0.4807044594129913,0.015453991828082,0.0219516200650329,1.470445091116224,0.0501759971067918,0.0837583082788128,0.0302989106977955,0.0197094210989584,0.1298760293705406,0.0205914763657102
15.982970237731934,1.4016535900022782,7.301390749928601,0.2121878633534447,0.4806765364599543,0.0154520973643113,0.0219428229091601,1.4700515946815569,0.0501271236389196,0.0837260246409947,0.0302947306433719,0.0197065338872476,0.1298598818392183,0.0205877652460837
15.983113288879396,1.4013916626570913,7.30013627714636,0.2121522225256805,0.4806725834237664,0.0154518291654857,0.0219415774953266,1.4699958874081749,0.050120204619244,0.0837214542452956,0.0302941388737293,0.0197061251450725,0.1298575958367037,0.0205872398630174
15.985002517700195,1.397941368226758,7.283611467940914,0.2116827362234202,0.4806205116445128,0.0154482962725331,0.0219251720223256,1.4692620726389396,0.0500290623879699,0.0836612497716839,0.0302863436855424,0.019700740916287,0.1298274830941079,0.0205803191530971
15.99558162689209,1.3789230427891537,7.192525406108,0.2090948928606405,0.4803335023486679,0.0154288231258559,0.0218347439280118,1.4652172651834146,0.0495266800157784,0.0833293990921818,0.0302433767686986,0.0196710631027231,0.1296615030116706,0.0205421719905313
16.007080078125,1.3588221117508992,7.096254586549696,0.2063597501418679,0.4800301832647348,0.0154082423646391,0.0217391688567199,1.4609422922901083,0.0489957028781855,0.0829786611437106,0.0301979655736926,0.0196396968899693,0.129486082131417,0.0205018540700683
16.01629066467285,1.3431378897514972,7.0211372153067,0.2042255998208072,0.4797935320055591,0.0153921843906364,0.0216645945947896,1.4576067052416994,0.0485813977663629,0.0827049919275451,0.0301625335879819,0.0196152233943375,0.1293492113929555,0.0204703956122328
16.01833152770996,1.3397118782581865,7.004728838679352,0.2037594238780114,0.4797418411044159,0.0153886768149185,0.0216483048809012,1.456878097452906,0.048490898544135,0.0826452127665657,0.0301547940761495,0.0196098775682682,0.1293193144406859,0.02046352399137
16.020824432373047,1.335550989954432,6.984800889082445,0.2031932540735848,0.4796790637386803,0.0153844169044936,0.0216285210605093,1.4559932073837132,0.0483809874394028,0.0825726111539653,0.0301453945124846,0.0196033851087776,0.1292830049354319,0.0204551784445513
16.054964065551758,1.2811363050233424,6.724191098718683,0.195789132051866,0.4788582072468159,0.0153287111644107,0.0213697975115778,1.4444212840000186,0.0469436210606442,0.0816231656674902,0.030022477247099,0.0195184833203959,0.1288081949810683,0.0203460414748734
16.066944122314453,1.2631302269816775,6.637954585432434,0.1933390964271664,0.4785866350954869,0.0153102795447535,0.0212841857321826,1.440592237123807,0.046467995618197,0.0813089954980859,0.0299818063408269,0.0194903907873043,0.128651092385312,0.0203099289134807
16.09525489807129,1.2226896129714084,6.444273341936365,0.1878365040595732,0.4779768025229682,0.0152688864304435,0.0210919086534324,1.4319927242360186,0.0453997799343103,0.0806033986828081,0.0298904676283357,0.0194273001914523,0.1282982766503961,0.0202288248225108
16.10593605041504,1.2081702261873777,6.374736354752901,0.1858609258974239,0.4777578907330368,0.015254026212366,0.0210228761611337,1.4289053507581055,0.0450162628018223,0.0803500723510088,0.0298576763516716,0.0194046500598449,0.1281716150418096,0.0201997069595882
16.113121032714844,1.198622114103235,6.32900815803472,0.1845617685274261,0.4776139427622403,0.0152442543092595,0.0209774798298845,1.4268750917350914,0.0447640588828397,0.0801834832940167,0.0298361130524161,0.0193897554602133,0.1280883238737285,0.0201805590008056
16.115259170532227,1.1958141480294266,6.31556015238213,0.1841797053160377,0.4775716113519675,0.0152413805821634,0.0209641294369666,1.4262780259825831,0.0446898894362957,0.0801344919673143,0.0298297716822138,0.0193853752256303,0.1280638295578325,0.0201749278964175
16.13218116760254,1.1741195089629386,6.2116597206059865,0.1812278573768589,0.4772445806700959,0.0152191786941453,0.0208609834135312,1.4216651120852832,0.0441168516188037,0.079755982717283,0.0297807790696905,0.0193515339940703,0.1278745909785926,0.0201314220544155
16.136171340942383,1.1691380796681787,6.187802620086661,0.1805500699686923,0.4771694959836584,0.0152140810036639,0.0208372995977071,1.4206059347538638,0.0439852739381206,0.0796690717858929,0.0297695299739478,0.0193437637507236,0.1278311406356486,0.0201214325982458
16.146984100341797,1.1558896318597958,6.12435317685309,0.1787474545187926,0.476969815679626,0.0152005237460152,0.0207743111275436,1.4177890185496598,0.0436353356872875,0.0794379276479049,0.029739612946525,0.0193230987004564,0.1277155848816192,0.0200948652755794
16.195497512817383,1.1007193305761336,5.860133806799613,0.1712409516002515,0.476138496279772,0.015144073988569,0.0205120131165157,1.4060591991643556,0.0421781181759533,0.0784754000818777,0.0296150415293021,0.0192370507563277,0.1272344335292003,0.0199842364723847
16.199186325073242,1.0967952893494946,5.841341088959393,0.1707070508999868,0.4760793812609252,0.0151400593680373,0.0204933571639071,1.4052249447474838,0.042074473799507,0.0784069408172034,0.0296061820177778,0.0192309309791764,0.1272002147880168,0.0199763682174216
16.218807220458984,1.076528605202525,5.74428176114507,0.1679496034900139,0.4757740972255567,0.0151193258188244,0.0203970044186937,1.4009163221518528,0.0415391804526968,0.0780533692017962,0.0295604265641854,0.0191993249207635,0.1270234917672294,0.0199357313882907
16.254072189331055,1.042542137526144,5.581518219025771,0.163325528787211,0.4752622665963604,0.0150845602130104,0.0202354266263428,1.3936912859301545,0.0406415286252476,0.0774604556462553,0.0294837030712909,0.0191463268891141,0.1267271661925201,0.0198675877906611
16.254247665405273,1.0423805027520514,5.58074414307821,0.1633035375444815,0.4752598327777835,0.0150843948846421,0.0202346581921272,1.3936569258326548,0.0406372595694136,0.0774576358742233,0.0294833382063261,0.0191460748510528,0.1267257570120683,0.0198672637182915
16.303613662719727,0.9996470655909696,5.37609337666296,0.1574895046681684,0.4746165071800495,0.0150406891745793,0.0200314998004808,1.3845731199840208,0.0395086124854195,0.0767121511493912,0.0293868817149604,0.0190794449808272,0.1263532304448248,0.0197815876947176
16.304956436157227,0.9985577407103636,5.370876633154319,0.1573413001901383,0.4746001117103113,0.0150395751811005,0.0200263211196294,1.3843415744087906,0.0394798424415395,0.0766931482645033,0.0293844231309105,0.0190777466340549,0.1263437353013083,0.0197794037971167
16.34079933166504,0.9708088476554428,5.237988809302847,0.1535660530924983,0.4741825280261677,0.0150111999892954,0.0198944032057003,1.3784435063355855,0.0387469782198976,0.0762090856325673,0.0293217981262981,0.0190344861067167,0.1261018789247728,0.0197237738157608
16.349750518798828,0.964263454990106,5.206643536395312,0.1526755607691944,0.4740840478890131,0.0150045074781366,0.0198632868013306,1.3770523328998268,0.0385741132482042,0.0760949072401807,0.0293070272510666,0.0190242825011168,0.1260448352303636,0.0197106522778059
16.372478485107422,0.9482960163463277,5.130177363742974,0.1505032297236747,0.4738438390251288,0.0149881821867435,0.0197873790810788,1.3736586765625645,0.0381524148952777,0.0758163732814582,0.0292709956300331,0.0189993920012037,0.1259056864723365,0.0196786430988067
16.378816604614258,0.94400473972889,5.109627048417823,0.149919416719118,0.4737792906623223,0.0149837949971854,0.0197669788805156,1.3727466509648896,0.0380390838750473,0.0757415176519428,0.0292613125255297,0.0189927029169606,0.1258682922377724,0.0196700407551112
16.387956619262695,0.9379365186500184,5.080567273677797,0.1490938602597662,0.4736880200426716,0.0149775913422367,0.0197381314007504,1.3714569901428388,0.0378788252708383,0.0756356662177696,0.0292476201531372,0.0189832442064745,0.1258154153600551,0.0196578764597294
16.413185119628906,0.921898177316782,5.003762577920727,0.1469119310403801,0.4734468270535152,0.0149611961883473,0.0196618879077163,1.368048520955715,0.037455265973513,0.0753559040001188,0.0292114331268398,0.018958246005412,0.1256756712596583,0.0196257269255066
16.426586151123047,0.9137867374762556,4.96491863056438,0.1458084259633929,0.4733248635636388,0.0149529049465349,0.0196233278428909,1.3663247416408433,0.0372410525237516,0.0752144155322132,0.0291931325729094,0.0189456037922273,0.1256050008928168,0.0196094676363726
16.429689407348633,0.9119473363354346,4.956110158196138,0.1455581894096438,0.4732972083520531,0.0149510248361052,0.0196145837498766,1.365933852847097,0.0371924764228886,0.0751823309221123,0.029188982735022,0.0189427370324624,0.1255889757826273,0.0196057806194361
16.456928253173828,0.8964078196222156,4.8816953547428685,0.1434441748299999,0.4730636038843352,0.0149351423791813,0.0195407128872524,1.3626316659827102,0.0367821032409897,0.0749112788079836,0.0291539260255168,0.0189185192886295,0.1254536018126027,0.0195746328208474
16.457134246826172,0.896294340609284,4.881151935237692,0.1434287371352927,0.4730618981690527,0.0149350264024171,0.0195401734402501,1.3626075520535084,0.0367791064765998,0.0749092994415373,0.0291536700315455,0.0189183424429465,0.1254526132861647,0.0195744053649021
16.47910499572754,0.8845247746255648,4.824790974498013,0.1418276149451768,0.4728850055567755,0.01492299832384,0.0194842245091838,1.3601066103220385,0.0364682972111877,0.0747040096090637,0.0291271203555391,0.0189000013293638,0.1253500921500388,0.0195508149354209
16.47966194152832,0.8842348552813557,4.823402642518483,0.1417881748247615,0.4728806486003076,0.0149227020504322,0.0194828463270969,1.360045006072481,0.0364606411214247,0.0746989527552233,0.0291264663822311,0.0188995495479975,0.1253475668692753,0.019550233841857
16.514047622680664,0.8671050262561887,4.741373838542707,0.1394578875838684,0.4726232575525491,0.0149051980377056,0.0194014172411939,1.356405253906479,0.0360082884291123,0.0744001734476032,0.0290878286461644,0.0188728574481357,0.1251983718350238,0.0195159008110253
16.515625,0.8663544646900392,4.737779684433276,0.1393557847452038,0.4726119814977912,0.0149044311387279,0.019397849364382,1.3562457800483445,0.0359884683944779,0.0743870822985955,0.0290861357927747,0.0188716879665853,0.1251918351940198,0.0195143965084386
16.53990364074707,0.8551725322722726,4.684233922068838,0.1378346600125903,0.4724440087748184,0.0148930064170854,0.0193446950728821,1.3538699847341364,0.0356931907139625,0.0741920511066082,0.0290609165594218,0.0188542655655923,0.1250944569586358,0.0194919856410683
16.542325973510742,0.8540941637615439,4.679070077274681,0.1376879663286046,0.4724278116649701,0.0148919046960326,0.0193395689793405,1.3536408727913238,0.0356647148857846,0.0741732427884719,0.0290584845611843,0.0188525854405755,0.1250850664805573,0.0194898244079863
16.654260635375977,0.8108396276526498,4.471947181859601,0.1318041370912295,0.4717784416597942,0.0148477235453569,0.0191339596458201,1.34445195187538,0.0345225691364766,0.0734188517008446,0.0289609517326851,0.0187852043026476,0.1247084909568001,0.0194031407445929
16.700645446777344,0.7962134590147152,4.401912670249978,0.1298146817373232,0.4715590215967562,0.0148327891752957,0.0190644363274961,1.3413453098932562,0.0341363886191766,0.0731637760274455,0.0289279805330883,0.0187624252144793,0.1245811991925195,0.0193738321329753
16.70977020263672,0.7935330884304918,4.389078407460799,0.129450104612522,0.4715188211586501,0.0148300526525851,0.0190516956882142,1.340776024534209,0.0340656195154153,0.0731170322028732,0.0289219388344416,0.0187582510874186,0.1245578747216435,0.0193684612446281
16.718435287475586,0.7910444735992499,4.377162365672188,0.1291116118832697,0.4714814996763256,0.014827511999354,0.0190398665531692,1.340247476126155,0.0339999138186515,0.0730736327518247,0.0289163295265432,0.0187543756789272,0.1245362197349568,0.0193634746410945
16.757997512817383,0.7803513476478944,4.325961860428727,0.1276571966629684,0.4713211704373587,0.0148165963871725,0.018989039231163,1.3379765134146149,0.0337175945799659,0.0728871564531651,0.0288922292246825,0.0187377248822747,0.1244431818078632,0.0193420486439634
16.770793914794922,0.7771158411765441,4.310469898061379,0.127217131479199,0.4712726699127187,0.0148132939372234,0.0189736600971519,1.3372894082262263,0.0336321730670754,0.072830733889097,0.0288849376313087,0.0187326870947891,0.1244150338120371,0.0193355657798888
16.81341552734375,0.767065366965061,4.262347754337078,0.125850184334411,0.471122049807781,0.0148030367294594,0.0189258881058735,1.335155174037288,0.0333668346896395,0.0726554716068862,0.0288622897398226,0.0187170394026532,0.1243276080104961,0.0193154285572863
16.82563591003418,0.7643783199559221,4.249482223207551,0.1254847321906805,0.4710817909039504,0.0148002947417161,0.0189131160927271,1.334584609501864,0.0332958970211123,0.0726086152575024,0.0288562352589908,0.018712856240658,0.1243042371248325,0.0193100449070153
16.83539390563965,0.7622916537904887,4.239491359761345,0.1252009375336742,0.4710505303922998,0.0147981655125677,0.0189031978196626,1.3341415397440697,0.033240809931054,0.072572228553302,0.0288515337320849,0.0187096078458502,0.1242860890011246,0.0193058641959183
16.85683822631836,0.7578832582840158,4.218384328256488,0.1246013866360306,0.4709844972362982,0.0147936675014127,0.0188822440445353,1.3332055200814703,0.0331244320175876,0.0724953570347841,0.028841601557566,0.0187027454270087,0.1242477510081832,0.0192970319394858
16.873441696166992,0.7546307887462208,4.202811928041287,0.1241590513373934,0.4709357871455607,0.0147903491914888,0.0188667846179965,1.3325149631395847,0.033038571256031,0.0724386427800541,0.0288342741593308,0.018697682678103,0.1242194680272878,0.0192905156991448
16.87970542907715,0.7534388895558791,4.197105304481944,0.1239969548813694,0.4709179387380259,0.0147891332257865,0.0188611193721762,1.3322619082192828,0.0330071071188385,0.0724178594581403,0.0288315890642711,0.0186958274448751,0.1242091039848661,0.0192881277827825
16.882923126220703,0.7528339223737233,4.194208825209007,0.1239146806200072,0.4709088798929693,0.0147885160561572,0.0188582438899558,1.3321334675623364,0.0329911370806648,0.0724073105917782,0.0288302262233425,0.0186948858047566,0.1242038436638948,0.0192869157631254
16.933910369873047,0.7438776391478008,4.151328288773964,0.1226966740637199,0.4707748003143532,0.014779380192291,0.0188156737765504,1.3302320704048198,0.0327547141262695,0.0722511420204505,0.0288100517059955,0.0186809462712374,0.1241259761338849,0.0192689727128278
16.939250946044922,0.7430047340711,4.147149094461513,0.1225779667690071,0.4707617359968686,0.0147784898980612,0.0188115247889317,1.330046766706214,0.0327316723849889,0.0722359216905623,0.0288080856258514,0.0186795877948299,0.1241183879244256,0.019267223971026
16.95416831970215,0.7406281729503374,4.135770933489924,0.1222547787347188,0.470726170562779,0.0147760661023105,0.0188002288191326,1.3295422725374753,0.0326689399123733,0.0721944832912721,0.0288027329774969,0.0186758893285685,0.1240977293002301,0.0192624629030558
16.963197708129883,0.7392326903509536,4.129089886005713,0.1220650095099736,0.4707052893748658,0.014774642960419,0.0187935959977896,1.3292460488655424,0.0326321047988436,0.0721701514613016,0.0287995901038466,0.0186737177160278,0.1240855995146603,0.0192596672968425
16.972631454467773,0.7378084154450559,4.122271027771129,0.1218713265775423,0.4706839791828476,0.0147731905154742,0.0187868263321299,1.3289437197126177,0.0325945100763973,0.072145317764008,0.028796382482733,0.0186715013555618,0.1240732199821739,0.0192568140291095
16.990331649780273,0.7352262366347794,4.109908685770455,0.1215201883030825,0.4706453491371381,0.01477055742453,0.0187745530967499,1.3283956206173029,0.0325263527301155,0.0721002952434719,0.0287905673969405,0.0186674832968473,0.1240507775515411,0.0192516411667196
16.99964141845703,0.7339138503767956,4.103625604594074,0.1213417254707566,0.4706257179878996,0.0147692192437656,0.0187683152625449,1.3281170592266451,0.0324917124619164,0.0720774128683139,0.0287876120259846,0.0186654412062715,0.1240393719480265,0.0192490120957997
17.001184463500977,0.7336993040421935,4.102598462092994,0.1213125508731005,0.4706225088891346,0.0147690004859552,0.018767295514153,1.328071521127828,0.0324860495745811,0.0720736721164727,0.0287871288964423,0.0186651073744402,0.1240375074289414,0.0192485823019838
17.03443717956543,0.7292738732695535,4.08141189022953,0.1207107790109989,0.4705563256800124,0.0147644885349474,0.0187462612725574,1.327132247635141,0.032369243993841,0.0719965128236199,0.0287771639874471,0.0186582217846488,0.1239990511797295,0.0192397170749381
17.039270401000977,0.7286611176605968,4.0784783816436345,0.1206274578809667,0.4705471634509392,0.0147638638540224,0.0187433488258671,1.3270021994447665,0.0323530711883041,0.0719858293061097,0.0287757843107787,0.0186572684414573,0.1239937269109609,0.019238489589196
17.043466567993164,0.72813517861766,4.075960506003507,0.1205559422035814,0.4705392996800995,0.0147633276902568,0.0187408490217574,1.326890577949238,0.0323391898571432,0.0719766594810838,0.0287746001274935,0.0186564501804534,0.1239891570920632,0.0192374360191546
17.044572830200195,0.7279974507477657,4.07530114996911,0.1205372144153651,0.4705372404425981,0.0147631872865273,0.0187401943971491,1.3268613477650018,0.0323355547590131,0.0719742581796262,0.0287742900276705,0.0186562359037175,0.1239879604064883,0.0192371601207707
17.05088996887207,0.7272183298070071,4.071571208321034,0.1204312724866249,0.4705255918255268,0.0147623930417272,0.0187364912132346,1.3266959952433304,0.0323149912496574,0.0719606741493906,0.0287725358271959,0.0186550237616214,0.1239811909215104,0.019235599378216
17.058107376098633,0.7263433028196383,4.067382146358913,0.1203122904500352,0.4705125101519306,0.0147615010566579,0.0187323321866701,1.3265102915754508,0.0322918966615149,0.0719454180601841,0.0287705657373286,0.0186536624366116,0.1239735883846835,0.019233846522513
17.062381744384766,0.7258325786723684,4.064937139009423,0.1202428450096005,0.4705048752276458,0.014760980448285,0.0187299047018863,1.326401903991573,0.0322784172136298,0.0719365136230078,0.0287694158833794,0.0186528678893649,0.1239691511557333,0.0192328234422407
17.066314697265625,0.7253675091617565,4.0627107014103565,0.1201796077057913,0.4704979230730606,0.0147605063869911,0.0187276942151524,1.3263032063440447,0.0322661427821385,0.0719284051934641,0.0287683688314182,0.018652144376626,0.1239651106567577,0.0192318918192354
17.07844352722168,0.7239621172276441,4.055982671371638,0.1199885127308912,0.4704769159666708,0.0147590738751685,0.0187210143551086,1.326004957919824,0.0322290510879939,0.0719039024905829,0.0287652048329187,0.0186499580452783,0.1239529011434606,0.0192290765630753
17.086475372314453,0.7230549369849616,4.05163975706953,0.1198651622825178,0.4704633571758388,0.0147581492317487,0.0187167025080892,1.3258124432333007,0.0322051087075651,0.071888086107565,0.0287631625410337,0.0186485468089006,0.1239450202772845,0.019227259325365
17.094192504882812,0.7222005198978992,4.047549454759228,0.1197489870883231,0.4704505879382012,0.0147572783986026,0.0187126414462973,1.3256311289347282,0.0321825590802625,0.0718731897110478,0.0287612390827401,0.0186472176819,0.1239375980499813,0.0192255477881672
17.103816986083984,0.7211580696909768,4.042559020144275,0.1196072463353609,0.470435009828785,0.0147562159618829,0.0187076866600762,1.325409917053177,0.0321550472174778,0.0718550151426908,0.0287588923931601,0.0186455960910213,0.1239285427684117,0.0192234595987981
17.111026763916016,0.7203936454096911,4.038899575856534,0.1195033094008013,0.4704235873798346,0.0147554369117643,0.0187040533368931,1.3252477066051682,0.0321348731029674,0.0718416878842036,0.0287571716239999,0.0186444070135274,0.1239219028326382,0.019221928344634
17.12867546081543,0.7185802998693872,4.030218816919216,0.1192567565195481,0.4703964945540737,0.014753588976648,0.0186954344712702,1.324862927068822,0.0320870174055307,0.0718100736002537,0.028753089832626,0.0186415864157792,0.1239061526863543,0.0192182959676218
17.145353317260742,0.7169396301933753,4.022364773366688,0.1190336859134794,0.4703719856467532,0.014751917143919,0.0186876363361296,1.324514802655085,0.0320437197377708,0.0717814701114726,0.0287493969413293,0.0186390345325236,0.123891903507556,0.0192150095081536
17.149301528930664,0.716561270848448,4.020553543464425,0.118982243589848,0.4703663341387952,0.0147515316165103,0.0186858379863808,1.324434522753949,0.0320337348801679,0.0717748738272474,0.0287485453429729,0.0186384460528279,0.1238886176272265,0.0192142516119047
17.22764015197754,0.759677288988225,4.247391293846867,0.1236957115944015,0.5504224660209025,0.1118848384392851,0.0579931915764248,1.6067900739515018,0.0416499397988479,0.0977131648583989,0.0569005848430027,0.0214867769073449,0.1692111138730448,0.0284081388035743
17.235382080078125,0.7649202240092364,4.274883027558245,0.1242740426993405,0.5598001023833611,0.123259544688043,0.0625970848203662,1.6398956499493582,0.0427811363415217,0.1007539734041631,0.0601976828430532,0.0218206240238651,0.1745201559660245,0.0294851502986936
17.26565933227539,0.7834909887746152,4.372306057199679,0.1263199683186559,0.5931934451321269,0.1637660637515675,0.0789915965118299,1.757767191149434,0.0468068206594806,0.1115808964653577,0.0719387987108003,0.0230093363219975,0.193425392094982,0.0333203104026896
17.2851505279541,0.7939682575740324,4.427307177200742,0.1274721812511839,0.6121761832222795,0.1867937118383564,0.0883114039291373,1.8247595286288183,0.0490932872704774,0.1177345455450598,0.0786133774206883,0.0236849882020051,0.2041722191736825,0.0355004170217122
17.285552978515625,0.794173406908033,4.428384428761761,0.1274947249782417,0.612549058937342,0.187246052472568,0.088494473498633,1.8260753461056023,0.0491381838494628,0.1178554126361835,0.0787444873583452,0.0236982592774673,0.2043833176825544,0.0355432404066631
17.300565719604492,0.8015216562685342,4.466979091477214,0.1283017421380967,0.6259382205229783,0.2034889400901199,0.095068153016782,1.8733205806114093,0.050749871501362,0.12219525713912,0.0834524167398729,0.02417477611957,0.2119634046085821,0.037080930218712
17.303131103515625,0.8027197897673781,4.473273619784503,0.1284332338710898,0.6281277508208536,0.2061452008130386,0.0961431562049189,1.881046029420862,0.0510133434847128,0.1229049072996813,0.0842223152627884,0.024252697302613,0.2132029757321044,0.0373323876591714
17.326440811157227,0.8128886010721929,4.526717632190509,0.1295480604130024,0.6467920710411592,0.2287888568336471,0.1053069723816634,1.946893297183184,0.0532581679177272,0.1289536470169524,0.0907853324307652,0.0249168787050067,0.2237695012399943,0.0394758852896926
17.3386287689209,0.8177231197668493,4.552140996904823,0.1300772601265936,0.6557223605397327,0.239623663491792,0.1096916490307969,1.9783941677950991,0.0543314790719261,0.1318473850585767,0.0939256223009795,0.0252346366433198,0.2288252431218081,0.0405014721332933
17.358684539794922,0.8250230575313418,4.590550310952641,0.1308751615916709,0.6692879783420258,0.2560831047520427,0.1163523347699699,2.026238713602447,0.0559608101718441,0.1362425785386831,0.0986960331548875,0.0257172836203145,0.2365051914896588,0.0420593836962545
17.40066146850586,0.837975136196174,4.658775574264913,0.1322865890666796,0.6936534349624365,0.2856489433205683,0.1283161229637925,2.112147549294978,0.0588833302358088,0.1441348383171928,0.1072647343094847,0.0265840100736046,0.2502992478637736,0.0448575294704414
17.40822410583496,0.8400118560597715,4.66951495761862,0.1325079285580551,0.6975271544070852,0.2903498252505413,0.1302182320368223,2.125802075987107,0.0593474079956945,0.1453892962700378,0.1086270885851884,0.0267217825821665,0.2524922773272682,0.0453023833100456
17.416711807250977,0.8422002353076558,4.681057958644499,0.1327455307273285,0.7017045251401236,0.295419334584854,0.1322694631382327,2.140525662215452,0.0598476655938412,0.1467419863874423,0.110096258395021,0.0268703464808132,0.2548572108936393,0.0457821057314976
17.45062828063965,0.8500002202083511,4.722238718511624,0.1335902795587428,0.7167418804204831,0.3136694649351612,0.1396535138394033,2.1935139478345973,0.0616465299920144,0.1516103021882011,0.1153850872583166,0.0274050544654728,0.2633702840824158,0.0475089475971359
17.451047897338867,0.8500879375662117,4.722702217400532,0.1335997579753212,0.7169124817345787,0.3138765289836052,0.139737289106613,2.1941149842670824,0.0616669192141851,0.1516655241893242,0.1154450922277058,0.027411120016893,0.263466866123469,0.0475285386731752
17.46173667907715,0.8522554428782999,4.734158456515268,0.1338337967022528,0.7211401511187436,0.3190078874262388,0.1418133389733964,2.2090082623849963,0.0621720302740454,0.1530339009161669,0.1169320933627731,0.0275614239614111,0.2658602630657825,0.0480140230431237
17.462331771850586,0.8523724107208764,4.734776861426989,0.1338464165825443,0.7213689788610896,0.3192856344445602,0.1419257085893692,2.209814322736126,0.062199361327519,0.1531079615031513,0.11701258015686,0.0275695589824861,0.2659898084925419,0.0480403003683294
17.48780632019043,0.8570354995006478,4.759446960222377,0.1343486092299648,0.7305552585910512,0.3304363339059649,0.1464368648986112,2.242168343379597,0.0632957581251651,0.1560807059955028,0.1202438165083127,0.0278961053969827,0.2711903955432636,0.0490951925746849
17.50444221496582,0.8597436436565259,4.7737912279761625,0.1346393302117657,0.7359552007445238,0.3369915784629418,0.1490887277068896,2.261181610883656,0.0639394334720503,0.1578277459158771,0.1221433226752567,0.0280880241281472,0.2742474318374343,0.0497152765814396
17.52815818786621,0.8631940143726494,4.792088769643598,0.1350085140466266,0.7429196649203537,0.3454467954403978,0.1525090210140928,2.2856967654779026,0.0647685500761949,0.1600804150878136,0.1245932984704088,0.0283355035596689,0.2781901703717201,0.0505150042827487
17.530447006225586,0.8635033355200477,4.793730490285369,0.1350415348841216,0.7435493067339124,0.3462112577165815,0.1528182488325457,2.287912705423328,0.0648434437923457,0.1602840405965781,0.1248148032002929,0.0283578749225156,0.2785466239635869,0.0505873051005654
17.538908004760742,0.8646127558279112,4.7996208015442665,0.1351598537349764,0.7458155750674558,0.3489628520420468,0.1539312617692969,2.295887903140873,0.0651129115044185,0.1610168995529333,0.1256120763825058,0.0284383920695916,0.2798296055316309,0.0508475360760218
17.539548873901367,0.8646946481056741,4.800055729934321,0.135168580120175,0.7459833729460237,0.349166588468546,0.1540136715402934,2.2964783583236787,0.0651328570807804,0.1610711583277149,0.1256711084248921,0.0284443534198051,0.2799245993296537,0.0508668038882145
17.58649253845215,0.869949728463801,4.8280107993207535,0.1357260400342979,0.7569262817469279,0.3624546851805396,0.1593882272734147,2.334971044256265,0.0664314862019472,0.16460854634736,0.1295211281472454,0.028833033479711,0.286119580489679,0.0521233247769582
17.58721923828125,0.8700204902709926,4.828387938623994,0.1357335069695496,0.757076381003743,0.3626369749504785,0.1594619511342054,2.3354988200250766,0.0664492662557304,0.1646570504042477,0.1295739411851884,0.0288383634763466,0.2862045540811145,0.0521405595404582
17.659042358398438,0.8757231043942101,4.858872769654504,0.1363301891055884,0.7695257137166193,0.3777590536260982,0.1655770792968518,2.379246149070376,0.0679198341230706,0.1686778908075827,0.1339547867918347,0.0292802650309885,0.2932522764371726,0.0535699714263613
17.673309326171875,0.8765949912973617,4.863555002096843,0.1364202375625745,0.7715112955597586,0.3801715627081304,0.1665524949596651,2.386217494086526,0.0681534472731758,0.169318707627086,0.1346536134879356,0.029350706361415,0.2943763290314157,0.0537979411216558
17.6922550201416,0.8776426486242017,4.869192051998091,0.1365278377582962,0.7739391000712383,0.3831216927417522,0.1677451987657392,2.394738516453384,0.0684386340415865,0.1701020107322486,0.1355081356348907,0.0294368171421258,0.2957507222240977,0.0540766778628065
17.73078155517578,0.8794322336169526,4.8788565697036415,0.1367096808840873,0.7782226265919029,0.3883277953072134,0.1698497090353956,2.409763227227213,0.0689403492573959,0.1714832915622147,0.1370159977112051,0.0295886869272479,0.2981756338076545,0.0545684523001916
17.750652313232422,0.8802000916839403,4.883021552884169,0.1367866984283262,0.7801306929576165,0.3906473165231426,0.1707872221154914,2.4164511693139654,0.0691631092508422,0.1720982001169423,0.1376877514463264,0.029656305963944,0.2992557854876911,0.0547875006740889
17.826711654663086,0.8823745635076451,4.894914938222508,0.1369993588421523,0.7859137290149428,0.3976800101054483,0.173629055537102,2.436696675350963,0.0698344757937195,0.1739599409697601,0.1397241817320862,0.0298610902786736,0.3025295064820061,0.0554513530156988
17.866226196289062,0.8831317023751156,4.899115768081734,0.1370701217343235,0.7881565339711165,0.4004089320329297,0.1747314059511006,2.444534539389506,0.0700927151916062,0.1746808724130785,0.1405142163552941,0.0299404216536489,0.3037991131883962,0.0557087846349526
17.86659812927246,0.8831378648800834,4.899150174803882,0.1370706858356393,0.7881756159871803,0.4004321547406338,0.1747407855640734,2.4446011798716296,0.0700949054056632,0.1746870026132086,0.1405209388818722,0.0299410963244688,0.3038099150564593,0.0557109748025929
17.904695510864258,0.8836871245780727,4.902237066370813,0.1371198500645636,0.7899541497120187,0.4025970481302086,0.1756150726947987,2.45080835174954,0.0702984220826898,0.1752580460734731,0.1411475846414446,0.0300039528595928,0.3048166930730842,0.055915100883164
17.914976119995117,0.8838100271418406,4.9029347824016,0.1371304665511533,0.7903789689268645,0.4031142941279246,0.1758239250609446,2.4522896598237494,0.0703468286777537,0.1753943393894159,0.1412972894100784,0.0300189581507833,0.3050571690096126,0.0559638556867148
17.949695587158203,0.8841575573894469,4.904929226293248,0.1371593038353193,0.7916628525221286,0.4046779157260056,0.1764551761136332,2.4567626115187022,0.0704925309687106,0.1758059387509349,0.1417497963685299,0.0300642822511182,0.3057839258892144,0.0561111943720352
17.95680809020996,0.8842171575614526,4.905275562763,0.1371640132370739,0.7918995281802322,0.4049662352583734,0.1765715543545449,2.457586454107653,0.0705192797651367,0.1758817575260977,0.1418332263603774,0.0300726328406322,0.3059178975871037,0.056138353904401
17.975807189941406,0.8843592723690966,4.906108739010989,0.1371748390847936,0.7924920748891212,0.4056881995955737,0.1768629394094977,2.4596479049526345,0.0705860729605031,0.1760714886530908,0.1420421247100387,0.0300935322292401,0.3062533102757597,0.0562063489075174
17.982799530029297,0.8844057216212512,4.906383832945469,0.1371782249885181,0.7926963984094941,0.405937192708359,0.1769634219646306,2.460358329454196,0.0706090415458804,0.176136879666673,0.1421141651706373,0.030100736169692,0.3063689674490558,0.0562297943183588
17.98522186279297,0.8844211200580717,4.906475394872915,0.1371793273960783,0.7927655356185092,0.406021450243883,0.1769974231711553,2.4605986655117844,0.0706168055712238,0.1761590020443962,0.1421385425379242,0.030103173446687,0.306408102424285,0.0562377274712359
18.021453857421875,0.8846126685193836,4.907635305811535,0.1371918918687782,0.7937058694632938,0.4071677394990554,0.1774599176177215,2.4638645988992462,0.0707219614398819,0.1764596600388689,0.1424701516740463,0.0301363043101955,0.3069403714406171,0.0563456204783571
18.041717529296875,0.8846917437947309,4.908131905464408,0.1371961038791509,0.7941622081528307,0.4077242631887675,0.1776843982154758,2.465447308270152,0.0707726495630769,0.1766053906490224,0.1426311208579176,0.0301523681754639,0.3071986746675224,0.0563979759487755
18.06399345397949,0.8847590556267745,4.908570980877913,0.1371987922549155,0.7946133791442224,0.4082746693597744,0.1779063638436064,2.4670103492210487,0.0708224948471101,0.1767493323728488,0.1427902993822427,0.0301682388901757,0.3074540497267494,0.056449735083042
18.06697654724121,0.8847666576333203,4.908622066692969,0.1371990137108363,0.7946700780423154,0.40834385375918,0.1779342605184552,2.467206639759853,0.0708287377299238,0.1767674106746166,0.1428103059704359,0.0301702324849016,0.307486142603042,0.0564562394085203
18.11600875854492,0.8848509695348705,4.90923862676824,0.1371987290251435,0.7954905771570335,0.4093454691314724,0.178338021896393,2.470043065803364,0.0709184439379896,0.1770286969871261,0.1430999006839206,0.0301990555444567,0.307950556601392,0.0565503563892802
18.21166229248047,0.8848561254636372,4.909556168045453,0.1371833723861647,0.79661364455165,0.4107183128731237,0.1788909487818844,2.473907753796464,0.0710385041425845,0.1773849290416559,0.1434966127446795,0.0302383933880034,0.308586196890329,0.0566791447717319
18.262903213500977,0.8848056647318454,4.909423246003631,0.1371706057074872,0.7970275855236678,0.4112252046250373,0.1790948767092157,2.475323797144585,0.0710814615853297,0.1775155610681145,0.1436429877987554,0.0302528383820927,0.3088204664876829,0.056726596810369
18.26795768737793,0.8847993992478789,4.909402563429637,0.1371692496757849,0.7970629589443382,0.4112685542814493,0.1791123082463924,2.475444491904979,0.0710850842447787,0.1775266993227482,0.1436555020755088,0.0302540707609608,0.3088404854806246,0.0567306512023892
18.293107986450195,0.8847655691143539,4.909283670116224,0.1371623239455665,0.7972262642901059,0.4114687659059398,0.1791927949955429,2.476000905487867,0.0711016874446641,0.177578057698311,0.1437132900936417,0.0302597550993577,0.3089329039617487,0.056749367162188
18.301179885864254,0.8847538875932374,4.909240482485954,0.1371600496058082,0.7972744670237696,0.4115278909683592,0.1792165564027207,2.4761648695345584,0.0711065462924992,0.1775931954637009,0.1437303523448806,0.0302614311866059,0.3089601825682647,0.0567548909882082
18.30813217163086,0.8847435484963245,4.909201559619358,0.1371580749659263,0.7973144509132087,0.4115769458633691,0.1792362679543903,2.476300772550029,0.0711105606336459,0.1776057438613746,0.1437445072974112,0.0302628208192059,0.3089828098243145,0.0567594727584435
18.321014404296875,0.8847237781549153,4.909125581485639,0.1371543841951126,0.7973849590401249,0.4116634759704715,0.1792710313612247,2.476540178880072,0.0711176015688335,0.1776278522315859,0.143769472862759,0.0302652697237612,0.3090227105788798,0.0567675518118128
18.39013290405273,0.8846081942296539,4.90865465056536,0.1371342761622139,0.797694519262587,0.4120438665957914,0.1794237281471991,2.4775866539304663,0.0711478031174601,0.177724549626786,0.1438791669090037,0.0302759916437103,0.309197883113463,0.0568030128223004
18.425859451293945,0.8845450813655501,4.908385417910694,0.1371239617865275,0.7978171041185914,0.4121947934290001,0.1794842381997084,2.47799827211084,0.0711593344833036,0.1777626199533086,0.1439226564185296,0.030280219534227,0.3092672457277003,0.0568170495685274
18.430635452270508,0.8845365838064757,4.90834872111317,0.1371225977104241,0.7978318891956673,0.4122130118299099,0.179491538547197,2.4780477757172505,0.071160703425628,0.177767200338507,0.1439279043328166,0.0302807285472413,0.3092756113549497,0.0568187422616825
18.43610191345215,0.8785518553751557,4.874506518153183,0.1361188798125914,0.79371367696504,0.4121040736704737,0.1793369630850814,2.466521622323504,0.0708895320428775,0.1771474807767675,0.1436825507612688,0.0301179769400526,0.3082009560649357,0.0566524729208186
18.452302932739254,0.8488501748757472,4.706524953335313,0.1311374196319193,0.7732264566374144,0.4115192181151096,0.178551742934206,2.409161565283314,0.0695395324239802,0.1740588156842455,0.1424514591260833,0.0293084988428234,0.3028439155980728,0.0558226799495049
18.462278366088867,0.8312166323178799,4.606796583357961,0.128180015643645,0.7610630564662705,0.4111710453081824,0.1780851925270883,2.37510590680044,0.0687379809931634,0.1722249142565067,0.1417203201781121,0.0288279092069188,0.2996631621460046,0.055329967046844
18.540206909179688,0.7090783782445129,3.916037876506967,0.1076962917628982,0.67680590416217,0.4087396087706269,0.1748458413855321,2.1391860690127498,0.0631845520851499,0.1595183582778121,0.1366508137781858,0.0254988753953249,0.277624688359791,0.0519156570060169
18.54533576965332,0.7019306794175671,3.8756141302499,0.1064975925240124,0.6718746433363668,0.4085962249921163,0.1746558402302962,2.125377847272746,0.0628594750590121,0.1587745287874454,0.1363538479890661,0.025304042665272,0.2763345786828201,0.0517157618700381
18.649917602539062,0.5763677404526638,3.1655020781750927,0.0854408573461214,0.5852401997154172,0.4060569958578182,0.1713100822557798,1.882776046604444,0.0571473412638836,0.1457035950201571,0.1311316515843109,0.0218812024469988,0.2536641775645611,0.0482026463233369
18.670766830444336,0.5554140839799667,3.047001784160814,0.0819270921714696,0.5707814810414629,0.4056293981622213,0.1707502348950727,1.8422848941659675,0.0561938244675023,0.1435215690636755,0.1302591608073114,0.0213099646347969,0.249879650759222,0.0476160895372928
18.762874603271484,0.4760988369028586,2.59845082191777,0.0686269202130094,0.5160479036960849,0.4040004025440917,0.1686269730075727,1.6889985181604947,0.0525837321237948,0.1352599395232668,0.1269537972638707,0.0191475712958927,0.2355506309911184,0.0453950228361846
18.839658737182617,0.4238666042830365,2.303066729501593,0.0598685808240244,0.480000838816812,0.4029183174646095,0.1672250672005108,1.5880392396387453,0.0502056571746685,0.1298175030167595,0.1247746348931124,0.0177234652324503,0.2261112708578138,0.0439316629799766
18.867225646972656,0.4076749113750438,2.211500176663338,0.0571536073254278,0.4688260283941372,0.402581313223829,0.1667898727582574,1.5567401961367686,0.0494683538683449,0.1281300786651262,0.1240986987673508,0.0172819882175158,0.2231846099759951,0.0434779142915013
18.87174224853516,0.4051384480572226,2.1971561184426824,0.0567283036939522,0.4670754530944891,0.4025284522487994,0.1667216718423846,1.551837039068951,0.0493528487843793,0.1278657270433628,0.1239927941057974,0.0172128294118929,0.2227261201308746,0.0434068285763129
18.8795166015625,0.400846437029826,2.172884214186344,0.0560086388578851,0.4641132517548283,0.4024389622984689,0.1666062507796869,1.543540229978259,0.049157396768525,0.1274184032242191,0.1238135791982069,0.0170958038308233,0.22195028465878,0.0432865396105744
18.9303035736084,0.3749809785472278,2.026612210646168,0.0516716844286914,0.4462615162588801,0.4018985108436836,0.1659102272522309,1.4935386460038498,0.0479794388064714,0.1247224276213606,0.1227332577873961,0.0163905513037272,0.2172744093213041,0.0425615447531306
18.990558624267575,0.3486772161972761,1.8778628322374824,0.0472613266472175,0.4281068427241037,0.401346837963077,0.1652016051683686,1.4426871314470788,0.0467813734574063,0.1219803875833383,0.1216340979578055,0.015673336714412,0.2125186543606837,0.0418241169036976
19.06424331665039,0.3219640199938262,1.7267995937320653,0.0427824192107127,0.4096692172454786,0.4007843739521167,0.1644810960563365,1.391041521375091,0.0455645059855308,0.119195272380153,0.1205172659026332,0.0149449499879979,0.2076882087462571,0.0410750564265878
19.07205581665039,0.3194397005185477,1.712524644447459,0.0423591811022317,0.4079269004027402,0.4007311046644162,0.1644129642316432,1.3861610359103107,0.0454495074519568,0.1189320665720744,0.1204116985888027,0.0148761192939361,0.2072317112291999,0.0410042643011967
19.111928939819336,0.3073772494563542,1.6443120847876036,0.0403367537951507,0.3996012208471991,0.4004762694637298,0.1640872850243476,1.3628393766208633,0.0448999679620803,0.1176742899200485,0.1199071731114797,0.0145472118563065,0.2050502582565055,0.0406659650660595
19.16837882995605,0.2924341743706139,1.5598103161994512,0.0378313872838465,0.3892872572598293,0.4001599039552366,0.1636835704532078,1.3339477006880696,0.0442191486498401,0.1161160337428494,0.1192819941562482,0.0141397586638713,0.2023476700381761,0.0402468325386049
19.177562713623047,0.2902174598790332,1.5472750510418751,0.03745973488411,0.3877572425297646,0.4001129083042801,0.1636236568817703,1.3296617456619957,0.0441181490072586,0.115884865547519,0.1191892366132068,0.0140793155881407,0.2019467403962409,0.0401846526024764
19.18520164489746,0.2884163211437595,1.5370898309420975,0.0371577582500458,0.3865140655968072,0.4000747106122287,0.1635749707231277,1.3261792859068475,0.0440360833400614,0.1156970333678475,0.1191138655983731,0.0140302040416456,0.2016209713305651,0.040134128980692
19.226600646972656,0.2792940060111472,1.4855044240220376,0.035628332469803,0.3802176940071138,0.3998810750816268,0.1633283207423496,1.3085413913082553,0.0436204302710529,0.1147456839557253,0.1187320877709394,0.0137814671134854,0.19997098934471,0.0398782286808002
19.289926528930664,0.2672231741148979,1.4172460601767327,0.0336045928733873,0.3718862494731031,0.3996243974655676,0.163001774002838,1.2852023398067958,0.0430704013515476,0.1134867722857202,0.1182268013068077,0.0134523361201264,0.1977875914895715,0.0395395886439523
19.29714584350586,0.2659773132209714,1.4102009780095828,0.033395719549608,0.3710263446250086,0.3995978749843053,0.1629680587749425,1.2827934466070374,0.0430136296553325,0.1133568326315601,0.1181746422038907,0.0134183659300855,0.197562230762792,0.0395046349905782
19.32142639160156,0.2619661250375873,1.3875185983609155,0.0327232311887777,0.3682577928612466,0.3995124439099363,0.162859493980525,1.2750377370792432,0.042830844537222,0.1129384722137614,0.1180067009212741,0.0133089955101903,0.1968366485364603,0.0393920955957152
19.35243797302246,0.2572217474095872,1.3606902962223797,0.0319278266826108,0.3649832068026521,0.3994113195718473,0.1627310555215658,1.265864380834552,0.0426146443281204,0.1124436313185614,0.1178080440677734,0.0131796345982328,0.1959784243005076,0.0392589812706064
19.426420211791992,0.2474275303873075,1.3053067693091271,0.0302858265849648,0.3582232907741854,0.3992022879518459,0.1624658061961942,1.2469270696047896,0.0421683089128559,0.1114220573622018,0.1173978772525564,0.0129125880045027,0.1942066705289719,0.0389841679482527
19.52411651611328,0.23722874363959,1.2476361847627906,0.0285760339212359,0.3511843303545305,0.3989842187204639,0.1621894488346116,1.2272076910794636,0.0417035159575129,0.1103582445701459,0.1169706776671034,0.0126345186742111,0.1923616722541002,0.0386979839402251
19.546348571777344,0.235270296888108,1.2365619453942962,0.0282477114185423,0.3498326880437076,0.3989422947340864,0.1621363625281523,1.2234210724445196,0.0416142607028548,0.1101539594688387,0.1168886331884395,0.0125811230451614,0.1920073769972636,0.0386430267769224
19.54671859741211,0.2352387151091065,1.236383363245559,0.0282424169256071,0.3498108916524208,0.3989416185393609,0.1621355064134859,1.2233600098480293,0.0416128213730875,0.1101506651728144,0.1168873101174512,0.0125802619950441,0.192001663646737,0.0386421405366969
19.565757751464844,0.2336568316273732,1.2274384657726165,0.0279772243558202,0.348719147781157,0.3989077435976388,0.1620926229482518,1.220301483943047,0.0415407273027981,0.1099856585612161,0.1168210383911622,0.0125371334781847,0.1917154902504638,0.0385977499205524
19.580469131469727,0.2324906538321738,1.2208442276475415,0.0277817228925645,0.3479143107898003,0.3988827639234636,0.1620610064052819,1.218046722544572,0.0414875786757776,0.1098640139378788,0.1167721809368892,0.0125053390097174,0.1915045204774726,0.0385650245606726
19.61256980895996,0.2301058555847979,1.2073592540959812,0.0273819303578748,0.3462684603355945,0.3988316631339524,0.161996344907489,1.2134358330320667,0.0413788906579573,0.1096152535744652,0.1166722653081784,0.0124403209705826,0.1910730931245562,0.0384981016425018
19.62209701538086,0.2294381022326781,1.203583416932301,0.0272699873116431,0.345807619807368,0.3988173503025398,0.1619782378184488,1.2121447728244217,0.0413484574068944,0.1095455994911246,0.1166442876575134,0.0124221158295592,0.1909522916259001,0.038479362827103
19.66579246520996,0.2265924644375992,1.1874927071101038,0.0267929435782051,0.3438437674602373,0.3987563341553414,0.1619010663568059,1.206642951957697,0.0412187650847385,0.1092487674329076,0.1165250564518086,0.0123445354140936,0.1904374951149589,0.0383995066549877
19.6751766204834,0.2260251708057528,1.1842849473226476,0.0266978428268294,0.3434522677720595,0.3987441659727062,0.1618856802594388,1.2055461434168844,0.0411929100758579,0.1091895922770023,0.1165012862579139,0.0123290695355743,0.1903348677412376,0.0383835867981877
19.680646896362305,0.2257012510700514,1.1824533462816664,0.0266435412112189,0.3432287256821611,0.3987372174026434,0.1618768947010215,1.2049198769015412,0.0411781470729755,0.1091558037776199,0.1164877135672279,0.0123202386865466,0.1902762684404547,0.0383744966872144
19.68453025817871,0.2254742741818397,1.181169908495473,0.0266054910465552,0.3430720857410011,0.3987323481243106,0.1618707383886255,1.204481040447492,0.0411678023410683,0.1091321275171431,0.1164782028674857,0.0123140507528365,0.1902352067839506,0.0383681270643383
19.73583221435547,0.2226950322455346,1.165454782565425,0.0261395845890185,0.3411541185334695,0.3986727069020306,0.1617953500874991,1.1991077160878725,0.0410411347649721,0.1088422214127187,0.1163617448347754,0.0122382830242464,0.1897324247988287,0.038290133322626
19.75340843200684,0.2218305225406703,1.1605664673590217,0.0259946610350349,0.3405575276281102,0.3986541477522034,0.1617718973041198,1.197436315140998,0.0410017334676077,0.1087520435840404,0.1163255182465375,0.0122147151896748,0.1895760305417562,0.0382658725678678
19.764694213867188,0.2212972986638756,1.1575513931384398,0.0259052734226687,0.3401895572120056,0.3986426988724421,0.1617574311811283,1.1964054122053238,0.0409774309819265,0.1086964225819045,0.116303173650606,0.0122001788201909,0.1894795678706458,0.0382509086901624
19.77328872680664,0.2209023158444509,1.1553179957866988,0.0258390601546914,0.3399169865403319,0.3986342173242437,0.1617467151796696,1.1956417793981695,0.0409594290309901,0.1086552216640542,0.1162866218740991,0.0121894111393239,0.1894081137986941,0.0382398242755201
19.78635597229004,0.2203195896580866,1.1520230244443794,0.0257413746014187,0.3395148599228018,0.398621702996883,0.1617309051846785,1.194515181598265,0.0409328703725096,0.1085944372023584,0.1162622024984894,0.0121735254568598,0.1893026964110939,0.0382234712165643
19.797645568847656,0.2198329200873601,1.149271201260378,0.0256597917543981,0.3391790221997289,0.3986112503144512,0.1617177008896845,1.1935742972362628,0.0409106896342766,0.1085436725478523,0.1162418082320095,0.0121602584625386,0.1892146562889118,0.0382098138028831
19.848709106445312,0.2178129978556062,1.1378498096721117,0.0253211843567007,0.3377851523881055,0.3985678544919479,0.1616628923694991,1.1896692104627495,0.0408186284294503,0.1083329749902106,0.1161571601341214,0.0121051947707658,0.1888492487500573,0.0381531288342398
19.849096298217773,0.2177987518445824,1.1377692577421263,0.0253187962562347,0.3377753219230206,0.3985675483629483,0.1616625057952065,1.189641669191898,0.0408179791446502,0.1083314890005037,0.116156563122852,0.0121048064261987,0.1888466716412148,0.0381527290503345
19.88793182373047,0.2164451040284165,1.1301152815745366,0.0250918812662505,0.3368412477029681,0.3985384557004707,0.1616257722378496,1.1870247379197882,0.0407562845104074,0.1081902917510835,0.1160998349116275,0.0120679065753549,0.1886017977828246,0.0381147419231027
19.89553642272949,0.2161967414260355,1.128710961590282,0.0250502479052262,0.336669869496681,0.3985331169160316,0.161619032173039,1.186544598068496,0.040744965004618,0.1081643855238839,0.1160894265055618,0.012061136415933,0.1885568695427214,0.0381077722052393
19.931793212890625,0.2150822665717236,1.122409392314489,0.0248634278536967,0.3359008563958662,0.3985091565316623,0.1615887863407319,1.1843900955738769,0.0406941711791859,0.1080481374914725,0.1160427205952888,0.0120307571604008,0.1883552651622881,0.0380764972065337
19.966259002685547,0.2176946199825071,1.13538716003314,0.0250384168839582,0.3367569268357678,0.4001565432692217,0.1675671140799744,1.4956596101055954,0.0428438315787946,0.1122260844407901,0.1223636516480993,0.0124404376178459,0.1971754999139174,0.0412955200726845
20.025829315185547,0.2333125921760613,1.2151246795576989,0.0263997988533565,0.3430096849856228,0.4080977809945269,0.1962263007495411,2.989466885405802,0.0532611509005943,0.1325217987230718,0.1527066094827545,0.0144839290854174,0.2398994932908495,0.0567691432090299
20.052513122558597,0.2389122954090252,1.243685912396434,0.0268837981322011,0.3452367636129279,0.4109699500943579,0.2065942829513642,3.529852412044803,0.0570279800053945,0.1398597931773607,0.1636830537546418,0.0152219048789034,0.255348497403245,0.0623663229990342
20.055500030517575,0.2394929434243127,1.2466464311026673,0.0269338281635692,0.3454671300053968,0.4112687240070719,0.2076728978791453,3.5860694762244947,0.0574197863803275,0.1406230239656163,0.1648249435027702,0.0152986299002491,0.2569554358507603,0.0629485898989272
20.057729721069336,0.2399206482647277,1.2488270069023568,0.0269706597315941,0.3456367439107434,0.4114889247737978,0.2084678657093698,3.627502814437144,0.0577085490856145,0.1411855238916012,0.165666543241376,0.015355171901949,0.2581397567847417,0.0633777326852161
20.069129943847656,0.2420328538333015,1.259593891134562,0.0271522850006382,0.3464734188644758,0.4125779896986622,0.2123997686634053,3.832430003270006,0.05913664992517,0.1439673650892546,0.1698290441752665,0.0156347453967393,0.263996937822439,0.0655002248747902
20.06996726989746,0.2421831886841407,1.2603600977330818,0.0271651945486649,0.3465329056621472,0.4126556091824719,0.2126800128610575,3.8470359638314537,0.0592384293574758,0.1441656210229246,0.1701257212926211,0.01565466641045,0.2644143750255141,0.0656515014518557
20.103796005249023,0.24774754911577,1.2887072513190818,0.0276411776901586,0.348728080400598,0.4155396816795711,0.2230940625293698,4.3897909593914575,0.0630198131323959,0.1515310211366616,0.1811501324200988,0.0163943740107542,0.2799234433448346,0.0712727322193536
20.111207962036133,0.2488429564592176,1.2942845061425805,0.0277344103340967,0.3491585346507936,0.4161102891363798,0.2251547500338297,4.497186029996311,0.0637678526134314,0.1529879676892199,0.1833315202669317,0.0165405991729501,0.282991507212977,0.0723849605401694
20.12606239318848,0.2509164640638687,1.3048384075517625,0.0279104011732251,0.3499715826761666,0.4171933648644808,0.2290664630371989,4.701046325316658,0.0651876110545756,0.1557531201121544,0.1874722752603468,0.0168180215599744,0.2888146444827,0.0744961753348955
20.143238067626957,0.2531242827626967,1.3160706167757297,0.0280970112316246,0.3508344881210135,0.4183513215495953,0.2332491000645893,4.9190210426890415,0.0667053645579271,0.1587089833961333,0.1918996934904106,0.0171144192390685,0.2950397657110907,0.0767534858042273
20.145898818969727,0.2534491380032621,1.317722800711431,0.0281243943611485,0.3509611871546652,0.4185221520051839,0.2338661994909377,4.951180212921746,0.0669292594422059,0.1591450104341422,0.192552895749276,0.017158126591586,0.2959580841725418,0.0770865137006053
20.1727352142334,0.2564874963035165,1.3331685047266248,0.0283794647096291,0.3521424468327905,0.4201262361169885,0.2396613482982223,5.25317884419013,0.0690313975706077,0.1632386525847862,0.1986869196271398,0.0175682630678986,0.3045802074906919,0.0802137937205879
20.1758975982666,0.2568185185940846,1.3348504344189815,0.0284071300531301,0.3522706964320991,0.420301748065772,0.2402955036556237,5.286225382642436,0.0692613787798015,0.163686488225134,0.199358138120159,0.0176131062165783,0.3055235067352856,0.0805559879158966
20.180450439453125,0.2572856535113454,1.3372236449410624,0.028446125630273,0.3524515173744425,0.4205497036327353,0.24119143792366,5.332913230552976,0.0695862767609348,0.1643191440998866,0.2003064280433985,0.0176764468914589,0.3068561233367894,0.0810394324012094
20.187049865722656,0.2579434784174596,1.3405649898691132,0.0285009460124178,0.3527058147355307,0.4208994444969542,0.2424552080467755,5.398768721970886,0.070044525482838,0.1652114492025094,0.2016440343701913,0.0177657645979459,0.3087357042890112,0.0817213455211705
20.19084358215332,0.2583115523683255,1.342434239890345,0.0285315700530436,0.3528479234208733,0.4210954365265123,0.2431634448294304,5.435674876803402,0.0703013142490506,0.1657114609105805,0.2023936423661269,0.0178158047159789,0.3097889683721269,0.0821034925241035
20.194137573242188,0.2586253092874077,1.3440274439038438,0.0285576456759304,0.3529689559753068,0.4212626825725497,0.2437678226915889,5.4671687737472725,0.0705204340360142,0.1661381192884372,0.2030333200334673,0.017858497972276,0.3106877286489631,0.0824295951935821
20.233234405517575,0.2619658488803689,1.3609773386148096,0.0288333926279193,0.3542508248115565,0.4230547017350857,0.250244779444507,5.80466899522501,0.0728678886152281,0.1707086124520526,0.2098882828973984,0.018315467432409,0.3203163825692686,0.0859240529501953
20.23609161376953,0.262184278295533,1.362084730354964,0.0288512881624583,0.3543341579557958,0.4231726937132095,0.250671322445629,5.8268944092981885,0.0730224246820585,0.1710094694645312,0.2103396987952616,0.0183455212102546,0.320950259369435,0.0861541608433577
20.24857711791992,0.2631013562090887,1.366732697850037,0.028926213304251,0.3546832797760789,0.4236693519141003,0.2524668744338873,5.9204520271365455,0.0736728638778441,0.1722757325562344,0.2122399221823595,0.0184719720235057,0.323618248980296,0.0871227776285296
20.249303817749023,0.263152908082133,1.3669939034794876,0.02893041460023,0.3547028673193826,0.4236973341285149,0.252568043810313,5.925723415850552,0.0737095081505018,0.1723470690551107,0.2123469876034865,0.0184790937322109,0.3237685582234464,0.0871773521656615
20.282384872436523,0.2653029463894343,1.377880167815844,0.029104511155742,0.3555157493747644,0.4248711733564231,0.2568127093436261,6.146883213555418,0.0752464899500649,0.1753389542921141,0.2168388559131381,0.0187775616902199,0.3300731039105932,0.0894669081928191
20.303699493408203,0.2665023489287826,1.3839455583322828,0.0292005259130668,0.3559652422706125,0.4255326928977428,0.2592054478494915,6.271545461144881,0.0761124380588377,0.1770244083134255,0.2193707758253424,0.0189454862819219,0.3336252144225046,0.0907573709752746
20.31812286376953,0.2672405058600357,1.387675184311731,0.0292591412627089,0.3562401663189961,0.4259426964970867,0.2606887209403553,6.348821532067936,0.0766490503310196,0.1780687688578927,0.2209402567625748,0.0190494460818516,0.3358264258385632,0.0915572638254611
20.334697723388672,0.2680217920069703,1.3916196189324612,0.0293207253665245,0.3565295138604604,0.4263794167385088,0.2622689099801724,6.4311440877101775,0.0772205396107396,0.179180926847384,0.2226122183073925,0.0191600675090097,0.3381707361908725,0.0924093517444735
20.34208106994629,0.2683482234516698,1.3932666020124072,0.0293463014842821,0.3566498513971519,0.426562819545387,0.2629326066466463,6.465719560081607,0.0774605091336862,0.1796478971459927,0.2233144375058687,0.0192064856102591,0.3391551275812902,0.0927672146451401
20.34556579589844,0.2684978785925192,1.3940214507900532,0.0293579941877559,0.356704902907184,0.4266471010758216,0.2632376227401612,6.481609272246098,0.0775707791261267,0.17986247203286,0.2236371526068487,0.0192278087130382,0.3396074740762161,0.0929316733071588
20.3614559173584,0.2691460342611996,1.397288946554512,0.0294083782664352,0.3569424067762094,0.4270136796394329,0.2645644220613495,6.550726956153711,0.0780503434327544,0.1807956136467264,0.225040903580807,0.0193204899747244,0.3415747470284501,0.0936470188198385
20.36721992492676,0.2693678406230647,1.3984064206654243,0.0294255174213791,0.3570233135041306,0.4271397497856767,0.2650207802680183,6.574499681826144,0.0782152506691831,0.1811164741481339,0.2255237145553734,0.0193523390745939,0.3422512379717919,0.0938930495679449
20.373550415039062,0.2696036664888577,1.3995941018010605,0.0294436776188161,0.3571091101825703,0.4272741652357908,0.265507382512622,6.599847530744237,0.0783910620906676,0.1814585402026294,0.2260385135822504,0.0193862814273513,0.3429724648498288,0.0941553761664291
20.378890991210938,0.2697964688283301,1.4005647640385492,0.0294584746402266,0.357179074279769,0.4273843613850889,0.2659063357223374,6.620629322414968,0.0785351857864301,0.1817389446685543,0.2264605773590605,0.0194140959174951,0.3435637033386201,0.0943704438783582
20.3826847076416,0.2699300994196207,1.4012373383700414,0.029468702790081,0.3572274668620178,0.4274609050945961,0.2661834693942062,6.635065279646768,0.0786352907420005,0.1819337023237736,0.2267537608304637,0.0194334096068507,0.3439743656593166,0.0945198370329103
20.416505813598636,0.2710078265101204,1.406655287205289,0.0295502611036997,0.3576144028239146,0.4280838672188551,0.2684394829008843,6.752576251452696,0.0794498318183425,0.1835182605259873,0.2291402933706643,0.0195903738781299,0.3473159346248445,0.0957358385046571
20.47557258605957,0.2724735956111375,1.4140003137444237,0.0296577075357239,0.3581281551960758,0.4289521843634212,0.2715859589542694,6.916449949678365,0.080584524346238,0.185725030978583,0.2324683067112888,0.019808333867811,0.351971123596189,0.0974312958647429
20.70897674560547,0.2751899119895363,1.4274420850713427,0.0298318916736788,0.3589906030097492,0.4307122824846982,0.2779774130409007,7.249190577488198,0.0828799719672118,0.1901851247423453,0.2392250340258526,0.0202443721892292,0.3613900550454206,0.1008717400384534
20.712127685546875,0.2752068017394176,1.427523824352725,0.0298327044890511,0.3589949943404765,0.4307248629633565,0.2780232301463232,7.251574473151964,0.0828963333294985,0.1902168741081168,0.2392734351370955,0.0202474316280593,0.3614572069752534,0.1008963677651941
20.721668243408203,0.2752559701912148,1.4277614423140088,0.0298350212629242,0.3590076004291567,0.4307617859446258,0.2781577219705147,7.258571960880617,0.082944345731058,0.1903100360415072,0.239415506600873,0.0202564018025576,0.361654266836339,0.1009686545846203
20.72873306274414,0.2752905375412679,1.427928174511335,0.029836602670183,0.359016292751693,0.4307880311362101,0.2782533401843814,7.26354668575053,0.0829784664881937,0.1903762367881195,0.239516508434757,0.0202627692338516,0.3617943129411334,0.1010200422817088
20.79150009155273,0.2755379681974426,1.429111247775677,0.0298463970111347,0.3590730306967946,0.4309851288827642,0.2789720629040647,7.300933144023141,0.0832344890615856,0.1908727709370581,0.2402755322134983,0.020310312304639,0.36284521692583,0.1014061340235732
20.79523468017578,0.2755497396114805,1.4291669270095146,0.0298467741041536,0.3590754106379173,0.4309950438995099,0.2790082540228338,7.302815370022474,0.0832473561018069,0.1908977144559856,0.240313743506296,0.0203126886653955,0.36289803703419,0.1014255662414902
20.79879570007324,0.2755606940906646,1.4292186760776138,0.0298471153270276,0.3590775905563507,0.431004329556708,0.2790421515832627,7.304578275563865,0.0832594051428687,0.1909210710967511,0.2403495322689351,0.0203149126067322,0.3629474996488886,0.1014437660079533
20.833351135253903,0.2756543360899934,1.429657957669439,0.0298495791423744,0.3590945971712715,0.4310864496558961,0.279342104500683,7.320176158174146,0.0833659055162612,0.191127465473242,0.240666176153287,0.0203345073213125,0.363384716103191,0.1016047674866942
20.84043312072754,0.2756709256533474,1.4297350822253057,0.0298499130461574,0.3590972414469334,0.4311016192543302,0.2793975506195235,7.323059040083209,0.0833855659632949,0.191165555231516,0.2407246979820592,0.0203381109073739,0.3634654328057646,0.1016345187339951
20.84845733642578,0.2756887504255237,1.4298176569473822,0.0298502288718189,0.3590999283195057,0.4311181783788825,0.2794580906035234,7.326206622512212,0.0834070221624211,0.191207119396586,0.2407885923898581,0.0203420381412793,0.3635535238770614,0.1016669993210449
20.94704818725586,0.2758394691881342,1.4304957827141775,0.0298499477000601,0.3591120421040806,0.4312760711028852,0.2800363618969909,7.356261743309534,0.0836112616135696,0.191602450100582,0.2413986441334554,0.0203790490469863,0.3643921788024123,0.1019769849339904
20.958131790161133,0.2758501406286998,1.4305412972734148,0.0298495606058476,0.3591115805609245,0.4312894742727308,0.2800855622945741,7.358817761125548,0.0836285607409996,0.1916358999502399,0.2414505197702217,0.0203821427679709,0.3644632268481154,0.1020033298618112
20.96006774902344,0.2758519016835303,1.4305487467900322,0.0298494876860068,0.3591114719178562,0.4312917408786703,0.280093884862647,7.359250105102199,0.0836314854043494,0.1916415544076543,0.2414592942844811,0.0203826649594619,0.3644752388138314,0.102007785679426
20.96297645568848,0.2758544919108994,1.4305596688741025,0.029849375297274,0.3591112936713322,0.4312951057922921,0.2801062414956249,7.359891999433899,0.0836358268078252,0.1916499475519083,0.2414723216024058,0.0203834396373042,0.3644930696695071,0.1020144009622079
20.97156143188477,0.2758617574585638,1.4305900635724096,0.029849024554172,0.3591106661715318,0.4313047592921243,0.2801416998159244,7.361733877515454,0.0836482787432662,0.1916740179019205,0.241509702274162,0.0203856583415204,0.3645442128874754,0.1020333817591473
20.99232292175293,0.275877134178574,1.430652944793779,0.0298480698213406,0.3591085749673501,0.4313264763822864,0.2802215201504424,7.365879622070834,0.0836762738838472,0.1917281183215348,0.2415938369675908,0.0203906277528323,0.3646592022534446,0.1020760961987537
21.009952545166016,0.2758879794858831,1.4306956674919402,0.0298471572577288,0.3591062407269486,0.431343242210861,0.2802831965226635,7.36908245439334,0.0836978679216713,0.1917698318085113,0.2416588331848467,0.020394440975085,0.3647479059347707,0.1021090871483852
21.030208587646484,0.2758982235070046,1.4307341087863348,0.0298460142379771,0.359103026204432,0.4313607806990476,0.2803477734682316,7.37243533015431,0.0837204372542152,0.1918134111873584,0.2417268712850865,0.0203984050078067,0.3648406231088127,0.1021436145365238
21.05150604248047,0.2759067406867672,1.430763763294972,0.0298447249581557,0.3590991359026138,0.4313774155260788,0.2804090864892722,7.375618107383564,0.0837418220716926,0.1918546836492225,0.2417914544010939,0.0204021376566768,0.364928482010936,0.1021763803833727
21.067546844482425,0.2667275864641495,1.3830519727822923,0.0288064632483339,0.3443401818966682,0.413506797767863,0.2732093968683303,7.325562424682259,0.0819533766731714,0.1870863837362008,0.2366506459925774,0.0198784080281893,0.3566347215210127,0.1005039281245986
21.093189239501957,0.2502958347043902,1.2976453281661895,0.0269483326961549,0.3179250675181381,0.3815182988027155,0.2603089300503216,7.235215964977085,0.0787473232306962,0.1785422550070755,0.2274343380549043,0.0189401312688024,0.3417696438105023,0.0975027932970744
21.1048583984375,0.243282561896385,1.2611926737335923,0.0261552592311769,0.3066514214425029,0.3678661504794531,0.2548025940226966,7.196620724418256,0.077378786625705,0.1748952953178404,0.2235002706030282,0.0185396405139244,0.3354244782763608,0.0962215890499842
21.12037467956543,0.2343806409709301,1.2149234062224847,0.0251486132241355,0.2923424077860438,0.3505383738339157,0.2478131954803944,7.147601382701837,0.0756415718915538,0.1702660281779273,0.2185063888044617,0.0180312789671525,0.3273700802864038,0.0945951095328088
21.14380645751953,0.2218025243543568,1.1495463757148032,0.0237262538781948,0.2721254085882039,0.3260564883158731,0.2379369700132529,7.078278536234874,0.0731866784629892,0.1637246488922068,0.2114494481806286,0.0173129417461284,0.3159885014234656,0.0922964538864175
21.233078002929688,0.1821457982509161,0.9434224318974336,0.0192417589007134,0.2083943747037627,0.248883558431971,0.206795390229139,6.859216523972095,0.0654446217691425,0.1430977037420371,0.1891939505193336,0.0150478232242949,0.2800962609863359,0.0850451029029271
21.234390258789062,0.1816485247722934,0.9408377402995812,0.0191855253581445,0.2075953270353166,0.2479160068731379,0.206404857724097,6.856464433951063,0.0653475183155324,0.1428390224544597,0.1889148163889885,0.0150194166343843,0.2796461106523422,0.0849541330343991
21.246360778808597,0.1772140182166215,0.9177883733471548,0.0186840541138521,0.2004698316780375,0.2392879158890906,0.202922190723138,6.831916211893073,0.0644815587071094,0.140532160488649,0.1864255263438481,0.0147660931126935,0.2756317377070246,0.0841428475231933
21.26199722290039,0.1716885593777319,0.8890684939207845,0.0180592118957866,0.1915916850332092,0.2285376736023297,0.1985826413202092,6.801313219124003,0.0634024946793941,0.1376576884487937,0.1833236517433114,0.0144504388404614,0.2706295326375735,0.0831318492093502
21.284822463989254,0.1641357064809051,0.8498106821247942,0.0172050996022466,0.179456585558822,0.2138438753092752,0.1926506567102986,6.75945259357042,0.0619273806687579,0.1337283568693137,0.1790833047072696,0.0140189476553605,0.2637914872689022,0.0817496661221327
21.3134822845459,0.1554509643674142,0.8046694836791128,0.0162229815104636,0.1655038050011023,0.1969494098551698,0.185829442198391,6.71127570741028,0.0602310237653424,0.1292099301535586,0.1742069940417046,0.0135227665154547,0.25592803288917,0.0801600040022489
21.34689140319824,0.1463462635536145,0.7573452926408948,0.0151933631752837,0.1508774560478853,0.1792397174501524,0.1786780978310621,6.660717178125688,0.058452424563678,0.124472734081118,0.1690942963275767,0.0130025616727072,0.2476835705875144,0.0784930612301694
21.42597007751465,0.128525880618792,0.6647184034090976,0.013178082977648,0.1222534841967362,0.144582840573735,0.1646801463315531,6.561592422304726,0.0549705493293283,0.1151999076193259,0.1590855143129755,0.0119842843523775,0.2315445318651206,0.0752290886748801
21.481590270996094,0.1185885062463278,0.6130654661701604,0.0120542510189895,0.1062941122488316,0.125260692328186,0.1568738757954537,6.506209264253381,0.0530285000307797,0.1100285079154924,0.1535030891117982,0.0114163940743584,0.2225433024946037,0.0734081419010428
21.491107940673828,0.1170697030211864,0.6051709305911297,0.0118824849208415,0.1038551050251823,0.1223078333388254,0.1556807602941245,6.497737210728104,0.0527316544989377,0.1092380931585458,0.1526498114275667,0.011329595406154,0.2211674825524251,0.0731297769437995
21.53241729736328,0.1110222782563976,0.5737371321739673,0.0111985553093695,0.094144232217731,0.1105512725823459,0.1509300706813795,6.463983100644346,0.0515496281514099,0.1060908151221606,0.1492521127911835,0.0109839787430536,0.2156891200636911,0.0720212546634556
21.532575607299805,0.1110007089891373,0.573625017381874,0.0111961159223126,0.0941095981774165,0.1105093431803075,0.1509131263127418,6.463862648581428,0.0515454120152025,0.1060795895411846,0.1492399936889886,0.010982746007821,0.2156695797278895,0.0720173004563444
21.61567687988281,0.1011494594401387,0.5224189949259984,0.0100819612476953,0.0782926571055339,0.0913612485577737,0.1431741094283304,6.408799583130759,0.0496196239592564,0.1009524116742581,0.1437044457086825,0.0104197017876667,0.206744443482385,0.0702109521081124
21.6849365234375,0.0948307732384529,0.4895746240638212,0.0093673011203592,0.068149133001285,0.0790821299610206,0.1382101991894596,6.373424784717017,0.0483842229472916,0.0976636385479805,0.1401534302207359,0.0100585371467682,0.201019195768174,0.0690519416604276
21.697221755981445,0.0938582282385843,0.4845193301334205,0.0092573008965283,0.0665880181642937,0.077192402394777,0.1374461791958,6.367975663051872,0.0481940623980751,0.0971574362699716,0.1396068414847378,0.0100029467188437,0.2001379510648321,0.0688735218306808
21.776832580566406,0.0884571831296242,0.456444489410138,0.0086463951469038,0.0579190984598075,0.0666990511252083,0.1332032362564382,6.337690409632127,0.0471379397513263,0.0943462069454471,0.1365712047925744,0.0096942175305563,0.1952437658927631,0.0678825101574003
21.861940383911133,0.0841002262263603,0.4337965766572247,0.0081535564923664,0.0509271025081309,0.0582361088963231,0.1297806402690142,6.31322760725515,0.0462859034934052,0.0920784182948416,0.1341222313462882,0.0094451624043009,0.1912954973816651,0.067082872679844
21.89940452575684,0.0825498142967874,0.4257372938129911,0.0079781727046459,0.0484393176195081,0.0552251148552828,0.1285627709009967,6.304514765263265,0.0459826939225976,0.0912714411724898,0.13325074372856,0.0093565358059622,0.1898904881611633,0.0667982782640103
21.90962219238281,0.0821603648199017,0.4237128666221538,0.0079341170260956,0.0478144371350701,0.0544688308812611,0.1282568591902241,6.30232547807126,0.045906529353471,0.0910687374040012,0.1330318324016565,0.0093342735693801,0.1895375612664108,0.0667267868783057
21.96636199951172,0.0802290267500832,0.4136733745510013,0.0077156324240106,0.0447157515818826,0.0507186441200599,0.1267398428784709,6.291464067959716,0.0455288125193264,0.0900635131230187,0.1319462136670826,0.0092238718671382,0.1877873427497117,0.0663722274947806
22.135009765625,0.0762781962717528,0.3931357577162893,0.0072686484035308,0.0383781943535132,0.0430493606011278,0.1236369373580114,6.269219746840757,0.0447561259947007,0.0880073195190211,0.1297254636275309,0.0089980335113066,0.1842071053524437,0.065646809104125
22.146728515625,0.076079367280689,0.3921021649932614,0.0072461514082359,0.0380593097243622,0.0426635048337646,0.1234808016181562,6.268099236480254,0.0447172404069521,0.0879038484133208,0.1296137077198746,0.0089866683854075,0.1840269354635226,0.0656102980458485
22.14959716796875,0.0760318991762605,0.3918554064182811,0.007240780472541,0.0379831807795827,0.0425713882118906,0.1234435264450349,6.267831711147819,0.0447079569505927,0.0878791460765079,0.1295870274397357,0.0089839551034872,0.1839839222196023,0.0656015814119736
22.15205383300781,0.0759916173086239,0.3916460047235095,0.0072362226349076,0.0379185773826985,0.0424932178047214,0.1234118945213997,6.2676046816570885,0.0447000789325679,0.0878581835049979,0.1295643863544708,0.0089816525906075,0.1839474208560218,0.0655941843836898
22.32874870300293,0.0738270197720658,0.3803933498864318,0.0069912800774822,0.0344475595340578,0.0382936264090459,0.1217123437850602,6.255397576477036,0.0442767628957007,0.0867318396241999,0.1283478310505311,0.0088579300670645,0.1819861121604115,0.0651966837138166
22.4305419921875,0.0798658526365721,0.4059164957254262,0.0083105499635344,0.0381411122464914,0.0376970950422443,0.1301646954321061,7.162124705799022,0.2641768895079219,0.0975521853025442,0.1354493594696098,0.0100698761320496,0.2058516960942617,0.070032837635701
23.109346389770508,0.1010814788090306,0.4964760487344386,0.0128487024543245,0.0520287796906573,0.0374748848489536,0.1592962167344603,10.215001665427236,1.003488164483236,0.1343996558595284,0.1598353929271707,0.014195973103735,0.2869012934025831,0.0864568315907006
23.124845504760746,0.1011246239443463,0.4966550935750017,0.0128584840099106,0.0520518304370427,0.0374637593873002,0.1593587074635344,10.221969985760747,1.005182128526186,0.1344812851481849,0.1598882237925007,0.0142051195080785,0.2870821510263545,0.086493480022736
23.1645565032959,0.1012193896866187,0.497047259796509,0.0128800866423912,0.0521013516676578,0.0374370443760894,0.1594966597814907,10.237437895530062,1.0089435288394528,0.1346620104471285,0.1600049564893307,0.0142253705327069,0.287482821471636,0.0865746705023787
23.18998336791992,0.1012697767589104,0.4972550100006483,0.012891655230081,0.0521269080280952,0.037421248485044,0.1595704948819766,10.245775652973434,1.010971907300653,0.1347591022773656,0.1600675074530743,0.0142362508406078,0.2876982527535754,0.0866183246555207
23.191823959350582,0.1012731489515662,0.4972688908605044,0.0128924319421338,0.0521285951605758,0.0374201435438613,0.1595754509392544,10.24633707073857,1.0111085120624557,0.1347656302524213,0.1600717082611873,0.0142369824013876,0.287712742560197,0.0866212608103586
23.269752502441406,0.1013877088555402,0.4977381705822639,0.0129190639383581,0.052183604471113,0.0373778662204626,0.159745265405939,10.265747540421394,1.015833967360108,0.1349903778316852,0.1602158603972995,0.0142621710773559,0.2882121235527844,0.0867224530329365
23.310222625732425,0.101429714913922,0.4979086906506856,0.0129289963516061,0.0522022054864634,0.0373591378326809,0.1598085176270423,10.273094962231283,1.0176243465504764,0.135074815408216,0.1602696993967941,0.014271635942535,0.288400090357735,0.0867605415537833
23.358232498168945,0.1014682166583988,0.4980637828956541,0.0129382296121761,0.0522180396169369,0.0373394738247718,0.1598672568598854,10.280007656349794,1.0193100374788866,0.1351537801538854,0.1603198078685986,0.0142804884609045,0.2885761382172966,0.0867962147461653
23.40018081665039,0.101493970497967,0.4981665752351037,0.01294450788962,0.0522276723791793,0.0373243496811409,0.1599071504900252,10.284772210343707,1.0204728510406271,0.1352078398286509,0.1603539260872882,0.0142865498027926,0.288696865751267,0.0868206780804167
23.410579681396484,0.1014994160038667,0.498188176544905,0.0129458497698565,0.0522295742794806,0.0373208744528093,0.1599156706457239,10.285799442470546,1.020723682807961,0.1352194449784935,0.1603612247357874,0.0142878511270104,0.2887228107673457,0.08682593537196
23.48130416870117,0.1015285915054424,0.4983027508020786,0.0129531639523215,0.0522385933712884,0.037299848319174,0.1599620562375611,10.291474897520464,1.0221106390673964,0.1352831373835298,0.1604010629130092,0.0142949941741576,0.2888654445316401,0.0868548374203898
23.55398368835449,0.1015478389188617,0.4983766114538701,0.0129581747910478,0.0522428020584945,0.0372823973780695,0.1599937541731787,10.295474705138624,1.0230897069520537,0.1353274105243752,0.1604284369760046,0.0142999608190437,0.288964939013171,0.086874997931555
23.557758331298828,0.1015486167798562,0.4983795480581927,0.012958382501478,0.0522429233317653,0.0372815917647612,0.1599950659737211,10.295643521176446,1.023131071595999,0.1353292629953943,0.1604295739039153,0.0143001686711512,0.2889691113207563,0.0868758433594137
23.580486297607425,0.1015529207616804,0.4983956993762499,0.0129595422357511,0.0522434963027683,0.0372769326653618,0.1600023861149183,10.296591997708818,1.0233635557379748,0.135339639917988,0.1604359261950304,0.0143013330632895,0.2889925011784475,0.0868805827994396
23.590251922607425,0.1015545837540628,0.4984018898020182,0.0129599957361746,0.0522436670646008,0.0372750283862931,0.1600052464292872,10.296965910628634,1.0234552478790266,0.1353437149912383,0.1604384124106485,0.0143017903641301,0.289001695674922,0.0868824458575096
23.594703674316406,0.1015553073114824,0.4984045732130268,0.0129601941268768,0.0522437312732279,0.0372741791062715,0.1600064972967948,10.297130079761947,1.023495514002601,0.1353455011017754,0.1604395004828276,0.0143019908071536,0.2890057274348135,0.0868832628021956
23.60526657104492,0.1015569417311774,0.4984106102280961,0.0129606448938616,0.0522438516535811,0.0372722100037359,0.1600093383929863,10.29750453830762,1.02358737773395,0.1353495676390334,0.1604419737789978,0.0143024471848756,0.2890149111309866,0.086885123667863
23.626230239868164,0.1015598655464225,0.4984213133344035,0.0129614616472433,0.0522439696809236,0.0372684874027307,0.1600144822273955,10.298188705230949,1.023755296485272,0.1353569683892785,0.1604464593892164,0.0143032778234553,0.2890316417614264,0.0868885137389531
23.6821346282959,0.1015659086034941,0.4984428926587958,0.0129632080340907,0.0522436669384441,0.0372596695158112,0.1600254586957198,10.299683095107016,1.024122490971351,0.1353729731353277,0.1604560738970976,0.0143050745352769,0.2890679175100518,0.0868958641281507
23.719621658325195,0.1015688238564653,0.498452892533633,0.012964094608172,0.0522431073804551,0.0372545655583576,0.1600310149517423,10.30046477943604,1.024314862228647,0.1353812301456884,0.1604609719578829,0.0143060017547532,0.2890867007370341,0.0868996700571541
23.736024856567383,0.1015698710923798,0.4984563801167878,0.0129644243325324,0.0522428009385338,0.0372525153326165,0.1600330774942139,10.300761078564244,1.024387851379536,0.135384333004746,0.1604627977570892,0.014306350255649,0.2890937754473384,0.0869011035548181
23.75473403930664,0.1015709197099973,0.4984597955421052,0.0129647627391727,0.0522424167594823,0.0372503034222373,0.1600351916107924,10.301069136838498,1.024463786174027,0.135387540254525,0.1604646745942894,0.014306710527366,0.289101099574174,0.0869025875850707
23.77147674560547,0.1015717398699419,0.4984623988385556,0.0129650347270045,0.052242047753453,0.0372484325354954,0.1600368884311996,10.301320154234409,1.024525702450114,0.1353901376393429,0.1604661856307231,0.0143070023321529,0.2891070407883796,0.0869037914024594
23.772947311401367,0.1015718069739756,0.4984626086795992,0.0129650573196246,0.0522420143829595,0.0372482729273626,0.1600370292709134,10.301341159430052,1.0245308854787527,0.1353903542765768,0.160466311260619,0.0143070266721606,0.2891075367591151,0.0869038918965808
23.793603897094727,0.1015726720200702,0.4984652620756994,0.0129653541165953,0.0522415321370071,0.0372461083696437,0.1600388777553461,10.301619594784048,1.0245996191376483,0.1353932145125191,0.160467963520414,0.0143073480587312,0.2891140920447748,0.0869052201326466
23.808990478515625,0.1015732294722896,0.4984669106264069,0.0129655519683178,0.0522411595816841,0.0372445864668254,0.1600401080067676,10.30180810890456,1.0246461894989398,0.1353951378626733,0.160469067138476,0.0143075642061381,0.2891185082710007,0.0869061149477887
23.8222770690918,0.1015736571748932,0.4984681332270569,0.0129657083065497,0.0522408312001098,0.0372433313403362,0.1600410788032039,10.301959000963953,1.0246834882620235,0.1353966687387063,0.1604699406497355,0.0143077362685969,0.2891220287165545,0.0869068282577808
23.83600616455078,0.1015740514683893,0.4984692193714956,0.0129658568317296,0.0522404872281585,0.0372420894722738,0.1600419998416855,10.302104171199703,1.0247193935856256,0.1353981335465706,0.1604707718792372,0.0143079009254519,0.2891254022606752,0.0869075118006866
23.83915138244629,0.1015741354158795,0.498469444598028,0.0129658891002561,0.0522404079324687,0.0372418126088795,0.1600421997692525,10.302135970314277,1.024727261489195,0.1353984532792622,0.1604709526677829,0.0143079368689688,0.2891261393374809,0.0869076611458979
23.845233917236328,0.1015742913461751,0.498469856539413,0.012965949726784,0.0522402541874945,0.0372412850715912,0.1600425752113428,10.302195985703028,1.02474211386207,0.1353990555513293,0.1604712925402714,0.0143080045777784,0.2891275284896423,0.0869079426131811
23.8465518951416,0.1015743240442892,0.4984699417971244,0.0129659625608295,0.0522402208147382,0.0372411721196112,0.1600426546567932,10.302208737362829,1.024745270119746,0.1353991833161267,0.1604713645234813,0.014308018941901,0.2891278233096703,0.0869080023489855
23.86738586425781,0.1015747924857582,0.4984711124989441,0.0129661518720858,0.0522396916400669,0.0372394489556912,0.1600438251071417,10.302398931626325,1.0247923699520385,0.1354010799808117,0.1604724279140971,0.0143082321996036,0.2891322056100496,0.0869088902790791
23.89629173278809,0.1015753076001093,0.4984722492428873,0.0129663762187571,0.0522389581248777,0.0372372424137801,0.1600452080671615,10.302630375837554,1.0248497517960344,0.1354033623946474,0.1604736926887459,0.014308488895228,0.2891374955418211,0.0869099621046789
23.903099060058597,0.1015754088730173,0.4984724454491139,0.0129664232555694,0.0522387864510613,0.0372367521439913,0.1600454973325176,10.302679917921411,1.0248620456802906,0.1354038467689072,0.1604739586350148,0.0143085433819415,0.2891386208774154,0.0869101901148061
23.91408920288086,0.1015755579084769,0.4984727112243647,0.0129664949421905,0.0522385106941445,0.0372359831264905,0.1600459376466191,10.302756225742405,1.024880989949522,0.1354045895926768,0.1604743645616611,0.0143086269496936,0.2891403487724073,0.0869105402118451
23.947772979736328,0.1015759158270521,0.4984731822802488,0.0129666850585257,0.0522376801307483,0.0372337902596745,0.1600471015805475,10.302964243972385,1.0249326916357246,0.1354065920258221,0.1604754453959891,0.0143088522818008,0.2891450214036179,0.0869114869504254
23.94828224182129,0.101575920210935,0.4984731858827261,0.0129666876198216,0.0522376677765766,0.0372337589167424,0.1600471172168593,10.30296711271418,1.0249334053159975,0.1354066193837691,0.160475460007769,0.0143088553610376,0.2891450854128815,0.0869114999195095
23.96402931213379,0.1015760423860783,0.4984732522491009,0.012966762655055,0.0522372892254812,0.03723281500321,0.1600475746613111,10.303052100966443,1.0249545579025932,0.1354074262926517,0.1604758887937589,0.0143089461909901,0.2891469757286473,0.0869118829204549
23.9880313873291,0.1015761833584486,0.498473203461007,0.0129668626953137,0.0522367262649403,0.0372314664897193,0.1600481823287563,10.303168726877972,1.024983617189619,0.1354085211512164,0.1604764630035293,0.0143090694667909,0.2891495489480941,0.0869124042829971
24.01207733154297,0.1015762778166994,0.4984730038817512,0.0129669476454074,0.0522361811061417,0.0372302176540945,0.1600486957874742,10.303271581399242,1.0250092814285765,0.1354094728167536,0.1604769535232564,0.0143091766566552,0.2891517950577771,0.0869128593661886
24.01597595214844,0.1015762892747559,0.4984729594299968,0.012966960123396,0.0522360946067636,0.0372300242901182,0.1600487709641475,10.30328705498752,1.025013145741969,0.135409614705087,0.1604770258540803,0.0143091926415435,0.2891521308228067,0.0869129273950733
24.04814910888672,0.1015763487219321,0.498472486410878,0.0129670508861198,0.0522354019111507,0.0372285196300292,0.1600493153865986,10.303403223813277,1.0250421895997393,0.1354106675672508,0.1604775547524005,0.0143093112885735,0.2891546309094263,0.0869134339312242
24.05000114440918,0.1015763504227315,0.4984724541131614,0.0129670554974547,0.0522353632107673,0.0372284377634233,0.1600493429144979,10.303409325655934,1.025043716875495,0.1354107222076935,0.1604775817773329,0.0143093174478116,0.2891547611214514,0.0869134603129937
24.07505416870117,0.1015763578064787,0.4984719734148329,0.0129671120713942,0.0522348525851232,0.0372273780082766,0.1600496792907087,10.30348622666514,1.0250629820828243,0.1354114042967132,0.1604779149020175,0.014309394353,0.2891563912372641,0.0869137905831106
24.106735229492188,0.1015763318413485,0.4984712722353598,0.0129671698879625,0.0522342416859966,0.0372261573376298,0.1600500197114213,10.303569889911474,1.025083982682332,0.1354121305439043,0.1604782592535282,0.0143094762809085,0.2891581382420846,0.086914144531901
24.10780906677246,0.1015763303816588,0.498471247050078,0.012967171610163,0.0522342216652475,0.0372261181586347,0.160050029783314,10.303572485915716,1.0250846351090308,0.1354121527744941,0.1604782695910205,0.0143094787896009,0.2891581919414648,0.0869141554114976
24.12118530273437,0.1015763094465266,0.498470927100117,0.012967191880283,0.0522339760453513,0.0372256416056762,0.1600501479552357,10.30360360913112,1.025092461156195,0.135412417696678,0.1604783917014334,0.0143095086902887,0.2891588330656041,0.0869142853041008
24.12141990661621,0.1015763090359775,0.498470921393192,0.0129671922168661,0.0522339717996471,0.0372256334341463,0.1600501499112164,10.303604135456498,1.025092593571315,0.1354124221504936,0.1604783937364265,0.0143095091930484,0.2891588438637102,0.0869142874918055
24.15349578857422,0.101576240787329,0.498470117147556,0.0129672326597481,0.0522334113771214,0.0372245738755216,0.1600503830601026,10.303670241960509,1.0251092451875254,0.1354129737905292,0.1604786404715804,0.0143095714861907,0.2891601871319697,0.086914559637217
24.190906524658203,0.1015761373081743,0.4984691418328989,0.0129672677721476,0.0522328073045288,0.0372234723584545,0.1600505811037381,10.303734333178232,1.0251254344907548,0.1354134912641297,0.1604788598752744,0.0143096299717963,0.2891614604402854,0.0869148176048646
24.19334602355957,0.1015761298887867,0.4984690776022761,0.0129672696777823,0.0522327697285238,0.0372234051716029,0.1600505916740365,10.303738084692746,1.025126383769641,0.1354135209205944,0.1604788719947368,0.0143096333255176,0.2891615339131191,0.0869148324900511
24.195825576782227,0.1015761222775757,0.4984690122860349,0.0129672715709408,0.0522327317597919,0.0372233374375205,0.160050602151432,10.303741848058712,1.0251273362518667,0.135413550592479,0.1604788840631243,0.0143096366812227,0.2891616074871914,0.0869148473957303
24.20952606201172,0.1015760790532893,0.4984686511675457,0.0129672812683832,0.0522325260128803,0.0372229730820519,0.1600506554029682,10.303761767148552,1.0251323812059736,0.1354137062765645,0.1604789463801988,0.0143096542923193,0.2891619946227562,0.086914925826836
24.238100051879883,0.1015759837674653,0.4984679008624578,0.0129672977316948,0.0522321185199527,0.0372222645802594,0.1600507436524458,10.303798901734853,1.0251418042202922,0.1354139896807124,0.1604790547546253,0.0143096863723419,0.289162704922789,0.0869150697273966
24.248106002807617,0.1015759491756542,0.4984676403755352,0.0129673024306801,0.0522319825648671,0.0372220319953919,0.1600507681140537,10.303810621033165,1.0251447835153495,0.1354140770197732,0.1604790865585111,0.0143096962653547,0.2891629255742239,0.0869151144289731
24.248640060424805,0.1015759473155934,0.4984676265181045,0.012967302667308,0.0522319754047445,0.0372220197981255,0.1600507693342769,10.303811229078002,1.0251449381725433,0.1354140815209438,0.1604790881739941,0.0143096967753064,0.2891629369717951,0.08691511673799
24.277069091796875,0.1015758468122976,0.4984668971631584,0.01296731336995,0.0522316080544379,0.0372214008960925,0.1600508229188673,10.303841211380403,1.0251525748814343,0.1354142993901336,0.1604791631738346,0.0143097214716441,0.2891634921556119,0.0869152292109407
24.2951774597168,0.1015757818503666,0.4984664428127739,0.0129673184532143,0.0522313878116714,0.0372210362181829,0.1600508466811174,10.303858061689812,1.0251568770648936,0.1354144178969255,0.1604792008292734,0.014309734917865,0.2891637975898053,0.0869152910870222
24.302881240844727,0.101575754131628,0.4984662523392265,0.0129673202576034,0.0522312972543922,0.0372208876407864,0.1600508546598509,10.303864748954778,1.0251585867935098,0.1354144640281139,0.1604792147461676,0.0143097401551449,0.289163917300864,0.0869153153383669
24.34803771972656,0.1015755924611629,0.4984651745351654,0.0129673272214585,0.0522308024613484,0.0372200896904401,0.16005088010596,10.30389884492384,1.025167328763523,0.1354146897910406,0.1604792749234369,0.0143097658187304,0.2891645118746365,0.0869154357864192
24.348468780517575,0.1015755909339585,0.4984651645888414,0.0129673272619862,0.0522307980241777,0.0372200826395735,0.1600508801967668,10.30389913219684,1.025167402618523,0.1354146916165779,0.1604792753430048,0.014309766026524,0.2891645167560748,0.0869154367752781
24.352169036865234,0.1015755778428021,0.4984650794893547,0.0129673275921838,0.0522307601502325,0.0372200225314497,0.1600508808733048,10.303901570981251,1.0251680297583383,0.1354147070558566,0.1604792788381271,0.0143097677841337,0.289164558098904,0.0869154451503019
24.369281768798828,0.1015755177810894,0.4984646925702165,0.0129673287294836,0.0522305899279044,0.0372197540388792,0.1600508817417324,10.303912239573682,1.025170776602585,0.1354147732994665,0.1604792926480184,0.0143097753301828,0.2891647367877748,0.0869154813479104
24.37784194946289,0.1015754880743389,0.498464503206765,0.0129673290761659,0.0522305077597013,0.0372196254030876,0.160050880893825,10.30391721885737,1.0251720606499233,0.1354148034400026,0.1604792982066187,0.0143097787665707,0.2891648188870405,0.0869154979788618
24.4011344909668,0.1015754085795013,0.4984640024274253,0.012967329363835,0.0522302938827562,0.0372192935181506,0.1600508748377745,10.303929661357603,1.02517527567526,0.1354148763158526,0.1604793093106561,0.0143097870848601,0.2891650199597305,0.0869155387098616
24.407697677612305,0.1015753865689834,0.4984638652030135,0.0129673292896198,0.0522302361080012,0.0372192045932575,0.1600508722508243,10.30393289442363,1.0251761127111203,0.1354148946237059,0.1604793114788666,0.0143097891771171,0.2891650711561133,0.0869155490804959
24.41389274597168,0.1015753659616952,0.4984637372563347,0.0129673291632291,0.0522301825504529,0.037219122435134,0.1600508694922699,10.303935842966398,1.0251768767313143,0.1354149110728504,0.160479313173732,0.0143097910579905,0.2891651174331027,0.086915558454573
24.418991088867188,0.1015753491292204,0.4984636331159655,0.0129673290202926,0.0522301391759704,0.0372190560923098,0.1600508670042946,10.303938196705303,1.0251774870904655,0.1354149240264835,0.1604793143243839,0.0143097925399209,0.289165154078344,0.0869155658775591
24.419363021850582,0.1015753479058202,0.4984636255596527,0.0129673290085373,0.0522301360362943,0.0372190512968094,0.1600508668153866,10.303938365894544,1.025177530980044,0.1354149249513611,0.1604793143999683,0.0143097926457562,0.2891651567020038,0.0869155664090152
24.42754554748535,0.1015753211509493,0.4984634607305588,0.0129673287060864,0.052230067799577,0.0372189472978538,0.160050862415891,10.30394200343452,1.0251784751462796,0.1354149446265055,0.1604793157858351,0.01430979489812,0.2891652127598401,0.0869155777642045
24.437292098999023,0.1015752896910144,0.4984632679201852,0.0129673282423453,0.052229988577261,0.0372188270951076,0.1600508566037391,10.303946131742856,1.0251795480245751,0.1354149664483253,0.1604793167790625,0.0143097973984446,0.2891652755317284,0.0869155904792894
24.44223976135254,0.1015752738957154,0.4984631715111955,0.0129673279668604,0.0522299492018348,0.0372187675669055,0.1600508534335381,10.303948145716063,1.025180071965066,0.1354149768864144,0.1604793170267036,0.0143097985953569,0.2891653058075972,0.0869155966119269
24.44660186767578,0.1015752600693795,0.4984630873320574,0.0129673277029164,0.0522299149487232,0.0372187158990482,0.1600508505238028,10.30394987723127,1.0251805227218018,0.1354149857463893,0.160479317109299,0.0143097996118292,0.2891653316463871,0.0869156018457695
24.471923828125,0.1015751817070812,0.4984626138151182,0.0129673258221477,0.0522297244273359,0.0372184304907127,0.1600508317593716,10.303959160727418,1.0251829445760274,0.1354150312872284,0.1604793153131904,0.0143098048455818,0.2891654669005392,0.0869156292420695
24.531604766845703,0.1005360511093934,0.4931085468915274,0.0128696228821852,0.0517876963907444,0.0367327400961817,0.1583045498994437,10.212911698240958,1.0245496222049086,0.1341709275935498,0.1586293092021678,0.0141830568712155,0.2865500436534217,0.0859716672985325
24.54905128479004,0.0990805189522579,0.4856091470261284,0.0127327566555416,0.0511689087491526,0.036053001079875,0.1558582283872401,10.085342326067783,1.0236570693804743,0.1324279641660915,0.156037637689673,0.0140054843763957,0.2828857991575508,0.0846492076140598
24.55631256103516,0.0984836591239413,0.4825339215042556,0.0126766328255856,0.0509151676981636,0.0357742668181002,0.1548550819743242,10.03303074638642,1.0232910444248,0.1317132385020736,0.1549748885595904,0.013932668372095,0.2813832260106945,0.0841069153501821
24.559816360473636,0.0981975125126305,0.4810595966327991,0.0126497259203135,0.0507935193055184,0.0356406363168375,0.1543741532827555,10.007951501166945,1.023115560257168,0.1313705844511516,0.1544653851119838,0.0138977588939894,0.2806628617647725,0.0838469294189609
24.56218719482422,0.0980045746254558,0.4800655149211634,0.0126315836027873,0.0507114964372228,0.0355505344143646,0.1540498811294093,9.991041502543268,1.0229972362855135,0.1311395456571418,0.1541218460711431,0.0138742207397358,0.2801771471121452,0.0836716306539692
24.563337326049805,0.0979111750607012,0.4795842885631671,0.0126228010623385,0.050671789893339,0.0355069168943703,0.1538929037684315,9.9828555160277,1.0229399562117565,0.1310277017529574,0.1539555417747961,0.0138628261204204,0.2799420167973334,0.0835867700244978
24.565093994140625,0.0977687689138356,0.4788505636243149,0.012609410337319,0.0506112494207964,0.0354404133818569,0.1536535606556006,9.970374354445662,1.0228526208111957,0.1308571735308115,0.153701977898583,0.0138454527623488,0.2795835139746928,0.083457383162447
24.58527183532715,0.0961544072613332,0.4705328242212843,0.0124576086668006,0.0499249451713339,0.034686511715661,0.1509402892331587,9.828883679004784,1.0218625111373194,0.1289240089954038,0.1508274951813572,0.0136485025920664,0.275519406380041,0.0819906110855296
24.599496841430664,0.0950396087439951,0.4647890050763791,0.0123527817915646,0.0494510193591247,0.0341659080436911,0.1490666364476683,9.731176952539212,1.0211787408354462,0.1275890587894779,0.148842517637305,0.0135124982856698,0.2727129290394431,0.0809777293668681
24.6048641204834,0.0946239075507351,0.4626471721527687,0.0123136924983423,0.0492742958977555,0.0339717790302067,0.1483679630911402,9.694742692585413,1.0209237573381147,0.1270912640091502,0.1481023319527931,0.0134617831070567,0.2716664106497072,0.0806000320262962
24.61288452148437,0.0940076946228508,0.4594722353291774,0.0122557486225798,0.0490123310343132,0.0336840134342524,0.1473322872697813,9.640734469814172,1.0205457739231991,0.1263533595628136,0.1470051204622753,0.0133866056266528,0.2701151074513399,0.0800401536867673
24.61929702758789,0.0935192718884268,0.4569557169020122,0.0122098211227909,0.0488046927818987,0.0334559252669503,0.1465113895825185,9.597926426738072,1.0202461686088549,0.1257684813252892,0.1461354483312607,0.0133270184072568,0.268885512532868,0.0795963826547259
24.646705627441406,0.0914735414829726,0.4464154269145144,0.0120174562519932,0.0479350153490282,0.0325005970063956,0.1430731047070764,9.418627018813952,1.0189912144250204,0.1233187492032144,0.1424928741436114,0.0130774404101128,0.2637354170958624,0.0777376712016058
24.666231155395508,0.0900567434658775,0.4391156096393067,0.0118842312117447,0.0473327117559753,0.0318389770267967,0.140691872226188,9.294450448376224,1.018122011861471,0.1216221512381509,0.1399701579929754,0.0129045914815557,0.2601686419502589,0.0764503936814489
24.67999839782715,0.0890775694670415,0.4340705785240962,0.0117921569703252,0.046916450658214,0.0313817223599843,0.1390461595850706,9.208629671250698,1.0175212603351014,0.1204496011234218,0.1382266633184691,0.0127851323930988,0.2577035775095233,0.0755607326368468
24.68206596374512,0.0889319110495265,0.4333200978192439,0.0117784603308344,0.0468545292516389,0.0313137029669026,0.1388013491937081,9.195863268263038,1.017431892638197,0.1202751766675323,0.1379673072088654,0.012767362076121,0.2573368831124813,0.0754283897809792
24.683523178100582,0.0888294686198402,0.4327922802932589,0.0117688274022056,0.0468109795748334,0.0312658645507212,0.1386291725810337,9.18688457948708,1.0173690394933876,0.1201525028969394,0.1377849005041495,0.0127548641050475,0.2570789847296124,0.0753353122548194
24.685222625732425,0.088710223516736,0.4321778898051005,0.011757614473612,0.0467602868685744,0.0312101796744096,0.1384287554376186,9.176433198547072,1.0172958768111644,0.1200097080794125,0.1375725753202496,0.0127403162069777,0.2567787856495383,0.0752269680823531
24.68805885314941,0.0885117555419823,0.4311553167167812,0.0117389520095286,0.0466759154876173,0.0311174995016995,0.1380951871246839,9.159038229061396,1.0171741062675612,0.1197720446280814,0.1372191876165871,0.0127161031174793,0.2562791432098505,0.0750466432649506
24.688329696655277,0.088492838341642,0.4310578490032972,0.0117371731754542,0.0466678735362331,0.0311086655901137,0.1380633926804182,9.15738020751142,1.0171624995200426,0.1197493914639264,0.1371855040642568,0.0127137952190984,0.2562315192175656,0.075029455398636
24.69754409790039,0.087852907938442,0.4277607146808071,0.0116769988251565,0.0463958309449895,0.030809832770985,0.136987851127172,9.101292682500423,1.0167698618054033,0.1189830807540565,0.1360460577936363,0.0126357236849232,0.2546204958430336,0.0744480246823154
24.699438095092773,0.0877222474539276,0.4270875084311164,0.0116647124709113,0.0463402855663314,0.0307488174261216,0.136768247857852,9.089840769040691,1.0166896921515551,0.1188266159786766,0.1358134065012456,0.0126197830942953,0.2542915582198993,0.0743293085783518
24.72877693176269,0.0857357844050509,0.4168525918143607,0.0114779199305128,0.0454958182976954,0.0298211906155556,0.1334295642410073,8.915734268140913,1.0154708053534076,0.1164478415941316,0.1322763502688744,0.0123774341651258,0.2492906338957184,0.0725244372179058
24.729883193969727,0.0856622434888284,0.4164736846644814,0.0114710046735031,0.0454645553391167,0.0297868490639937,0.1333059626554966,8.909288655440443,1.015425679222498,0.116359776820085,0.1321454047110309,0.012368462147886,0.2491054942993727,0.0724576189556095
24.7581729888916,0.0838144595484576,0.4069532910439538,0.01129725232004,0.0446790465660813,0.028923989112434,0.1302003563031003,8.74733641177053,1.0142918058979142,0.1141470654707379,0.1288552739097164,0.0121430316569505,0.2444536849931797,0.0707787466060865
24.776626586914062,0.0826425517067582,0.4009152354840075,0.0111870544269143,0.0441808606247552,0.0283767465308775,0.1282307065317483,8.64462228471178,1.01357264130729,0.1127437102046541,0.1267685940964129,0.0120000581565629,0.2415033940317535,0.0697139651268588
24.79193115234375,0.0816901460731434,0.3960081282069985,0.0110974969196537,0.0437759877459882,0.0279320061891132,0.1266299778160717,8.56114672960247,1.012988159426158,0.1116032069506881,0.1250727552679849,0.0118838639518143,0.2391056997720979,0.0688486199893179
24.79376983642578,0.081576898534655,0.3954246396482878,0.0110868479175422,0.0437278456642342,0.0278791236347123,0.1264396401822001,8.551220908411086,1.0129186594289357,0.1114675932574055,0.1248711083806459,0.0118700476601941,0.2388205973903457,0.0687457244947382
24.800067901611328,0.0811908813888592,0.3934357524238132,0.0110505495759712,0.0435637480018549,0.0276988675955825,0.1257908525775489,8.517387603869967,1.0126817590350374,0.111005338424778,0.124183771878421,0.0118229532446388,0.2378487931841742,0.0683949934008911
24.81431579589844,0.0803283135804113,0.388991519804254,0.0109694397358964,0.0431970670840117,0.0272960806181527,0.1243411152270574,8.441785926514708,1.012152387966035,0.1099724144934328,0.1226478956683421,0.01171771919092,0.2356772639288084,0.0676112730293871
24.822174072265625,0.0798588543230719,0.3865727116900306,0.0109252950611908,0.0429974984924521,0.0270768612251403,0.1235520841097184,8.400639087800501,1.0118642682773955,0.1094102372761127,0.1218119827463797,0.0116604447034536,0.2344953914517328,0.06718472688069
24.822284698486328,0.079852277022171,0.3865388232786514,0.0109246765776254,0.0429947024631481,0.0270737898817134,0.1235410294854904,8.400062604923205,1.0118602315858456,0.1094023609601511,0.1218002712901285,0.0116596422661629,0.2344788329697899,0.0671787508074796
24.82522964477539,0.0796775057951794,0.3856383446054298,0.0109082423081696,0.0429204067358788,0.0269921785516544,0.123247287363205,8.384744371319792,1.0117529688534832,0.1091930724498995,0.1214890759054837,0.0116383199999631,0.2340388429961226,0.0670199553171456
24.829980850219727,0.079396840613346,0.3841922655815796,0.010881850506166,0.0428010952707625,0.0268611189975688,0.1227755667219294,8.36014480672881,1.0115807145358602,0.1088569758869581,0.1209893270513083,0.0116040785577339,0.2333322627762947,0.0667649455317857
24.83830070495605,0.0789092099550996,0.3816798326627819,0.0108359971034996,0.0425938024794224,0.0266334150693043,0.1219559941335161,8.317405241681792,1.0112814350178176,0.1082730379788043,0.12012105791367,0.0115445870943361,0.2321046423889018,0.0663218886988222
24.8555965423584,0.0779109610390279,0.3765365275141056,0.0107421286792739,0.0421694456509476,0.0261672742122095,0.1202782125454481,8.229911225610879,1.0106687558062903,0.1070776337943573,0.1183435874620076,0.0114227995810433,0.2295915281610433,0.0654148881874484
24.88800048828125,0.0760956694403005,0.367183552134359,0.0105714311334808,0.0413977657985503,0.0253196126209149,0.1172272051194713,8.07080518948863,1.009554575170997,0.1049038177169417,0.1151112977508479,0.0112013316732142,0.2250214848344241,0.0637655278534135
24.89230728149414,0.0758596778731299,0.3659676465797498,0.0105492401015412,0.0412974461250639,0.0252094153064587,0.1168305678128144,8.050121058514737,1.0094097259948622,0.1046212170254656,0.1146910933350447,0.0111725403757395,0.2244273694663665,0.06355110752069
24.893733978271484,0.0757817706633364,0.3655662432197487,0.01054191424037,0.0412643278961346,0.0251730362074551,0.1166996270826427,8.043292665238612,1.0093619071895534,0.1045279228701219,0.1145523724613,0.0111630355872908,0.2242312358616729,0.0634803215515703
24.89631462097168,0.0756411891160199,0.3648419212330441,0.0105286949127438,0.0412045669241254,0.0251073910881567,0.1164633479059574,8.030971004399037,1.0092756191813763,0.1043595759634763,0.1143020542135682,0.011145884440669,0.2238773178067166,0.063352590088771
24.897424697875977,0.0755808511965346,0.3645310405931847,0.0105230211471342,0.0411789173856647,0.0250792160636612,0.1163619363418103,8.025682518949115,1.009238584089973,0.1042873210833271,0.1141946170470599,0.0111385231290131,0.2237254153607029,0.0632977674506921
24.94314956665039,0.0731641469509557,0.3520793932545875,0.0102957707213238,0.0401515840249295,0.0239507314521632,0.1123001142067342,7.813863424677517,1.0077551851387612,0.1013933062862937,0.1098914519222776,0.0108436815169488,0.2176412868103076,0.0611019638376658
24.94750022888184,0.0729410437117375,0.3509298928120858,0.0102747916037857,0.0400567438477655,0.0238465534330548,0.1119251381542097,7.794308861346711,1.0076182383354575,0.1011261388503424,0.1094941957163552,0.0108164625548006,0.2170796168322155,0.0608992533224493
24.95560646057129,0.0725284521695525,0.3488040870550618,0.0102359942868897,0.039881353185162,0.0236538940836172,0.1112316835439465,7.75814600562384,1.0073649769492463,0.1006320579537003,0.1087595377215562,0.010766125696803,0.2160409033620936,0.0605243745750552
24.956130981445312,0.0725018932549742,0.3486672468949287,0.0102334968661492,0.0398700631254022,0.0236414924247637,0.1111870451990469,7.755818167247091,1.007348674202598,0.1006002534861967,0.1087122470740092,0.0107628854643225,0.215974040365177,0.0605002432656381
24.95867729187012,0.0723731994109022,0.3480041743853348,0.0102213953670547,0.039815356035783,0.0235813989768573,0.1109707456820049,7.744538395500355,1.007269677518853,0.1004461417891504,0.1084830955605471,0.0107471845969252,0.2156500490895509,0.0603833126158104
24.965444564819336,0.0720330803899962,0.3462517706788214,0.0101894128720282,0.0396707732744982,0.0234225808969114,0.1103990976117649,7.714727599802262,1.0070608999239374,0.1000388470331753,0.10787748152657,0.0107056894924166,0.21479378734647,0.0600742819474058
24.979007720947266,0.0713596748124901,0.3427821664527108,0.0101260903541967,0.0393845125400756,0.0231081356555377,0.1092672847422862,7.65570482915338,1.006647534957812,0.0992324391685368,0.1066784189866343,0.0106235328273985,0.2130984641806475,0.0594624283425849
24.98619079589844,0.0710074584691902,0.3409674335258462,0.0100929703019342,0.0392347876333292,0.0229436692816468,0.108675304079831,7.624833692353129,1.0064313276374115,0.0988106575037488,0.1060512641920731,0.0105805617991268,0.2122117463161739,0.0591424058736109
24.989049911499023,0.0708681077082162,0.3402494531839856,0.0100798666944833,0.0391755505533715,0.0228785999083976,0.1084410930155,7.612619842564757,1.0063457870793164,0.0986437839144978,0.1058031368387301,0.010563560752521,0.2118609254810642,0.0590157922654218
24.99410629272461,0.0706228331638169,0.3389857191506105,0.0100568027267017,0.039071286025605,0.0227640698462311,0.1080288525907098,7.591121954649957,1.006195224642342,0.0983500657575091,0.1053664020178937,0.0105336368076457,0.2112434374093851,0.0587929366532957
24.995162963867188,0.0705717642316126,0.3387225954446159,0.0100520005478145,0.0390495769800171,0.0227402234038528,0.1079430194696667,7.586645850734043,1.0061638757628328,0.0982889103117988,0.1052754688852865,0.0105274063035197,0.2111148694001246,0.0587465355914889
25.001012802124023,0.0702902116485961,0.3372719452125102,0.0100255252358874,0.0389298909940088,0.0226087535706808,0.107469805371916,7.561968247725999,1.0059910430413814,0.0979517488556118,0.104774137459969,0.0104930563642315,0.2104060498119888,0.0584907178229182
25.0028018951416,0.0702044971049365,0.3368303160859154,0.0100174652162314,0.0388934543710162,0.0225687295358732,0.1073257422870677,7.554455512961307,1.005938426500648,0.0978491049961637,0.1046215144651428,0.0104825990290831,0.2101902600828048,0.058412837855411
25.01950454711914,0.0694131097147532,0.3327528317025799,0.0099430484589295,0.0385570417422591,0.0221991951171062,0.1059956327710077,7.485091716004949,1.0054526237282633,0.0969014119307122,0.1032123727298281,0.0103860482554202,0.2081979106268267,0.0576937855247433
25.02667999267578,0.0690779776061613,0.3310261224913781,0.0099115348824279,0.0384145798704186,0.0220427071065991,0.1054323656286057,7.455717923910202,1.0052468969732933,0.0965000882662064,0.1026156374482307,0.0103451614832298,0.2073542017811538,0.0573892853301777
25.02763557434082,0.0690335644129376,0.3307972913317357,0.0099073585633952,0.0383957001994986,0.0220219686332532,0.1053577189630023,7.451825177986453,1.005219633071332,0.0964469030681994,0.1025365554347648,0.0103397429862156,0.2072423897284646,0.0573489316089718
25.06072425842285,0.067526717950086,0.3230335305126034,0.0097656648050393,0.0377551536872914,0.0213183573515139,0.102825113391354,7.319752376281948,1.0042946153851626,0.0946424400352629,0.0998534675894839,0.0101559046633212,0.2034488393428372,0.0559798138194841
25.073413848876957,0.0669645479529495,0.3201370488364268,0.0097128020929583,0.0375161809597331,0.0210558568394099,0.1018802556951781,7.2704789819460975,1.0039495073156757,0.0939692356781997,0.0988524682818801,0.0100873187414289,0.2020335513532566,0.0554690269032508
25.08929443359375,0.0662729813050271,0.3165738738656946,0.0096477717791644,0.0372222034359392,0.0207329362307491,0.1007179164737084,7.209864121298165,1.0035249609149124,0.0931410771986679,0.0976210650529636,0.0100029461251052,0.200292500817884,0.0548406701113191
25.089454650878903,0.0662660711981414,0.3165382707613951,0.0096471219987878,0.0372192660262277,0.0207297096238119,0.1007063024240442,7.209258459787756,1.0035207188444275,0.0931328022698866,0.0976087609179766,0.0100021030770544,0.2002751043051097,0.0548343915934607
25.099523544311523,0.065834462008261,0.3143144807241201,0.0096065363474984,0.0370357938377234,0.0205281740493297,0.0999808822401238,7.1714284912714055,1.0032557559743531,0.092615945467217,0.0968402375958479,0.0099494458117406,0.1991885081112035,0.0544422317583484
25.100601196289062,0.06578857641449,0.3140780633179008,0.0096022215720067,0.0370162884003119,0.0205067482464642,0.0999037607611568,7.167406679448287,1.0032275869368454,0.0925609969512071,0.0967585336982493,0.0099438476681681,0.199072988978792,0.0544005401308714
25.12082862854004,0.0649382414104257,0.3096968626935439,0.0095222617306854,0.0366548211250618,0.020109693606045,0.098474573527634,7.092875907129126,1.0027055657744048,0.0915427109402215,0.0952444266898072,0.0098401048975582,0.1969322301562971,0.0536279259593826
25.1237735748291,0.0648161543051353,0.309067830502647,0.0095107814717717,0.036602923404479,0.0200526864407931,0.0982693774990624,7.082175124359312,1.002630615988636,0.0913965101791661,0.0950270382676047,0.0098252099939036,0.1966248699678697,0.0535169976131103
25.12833023071289,0.0646281007460255,0.3080989178461494,0.0094930981662945,0.0365229841848167,0.0199648770373656,0.0979533093463814,7.065692461812119,1.0025151689098435,0.0911713137858477,0.0946921898867836,0.0098022670313771,0.1961514359983144,0.053346132129513
25.131568908691406,0.0644950648704678,0.3074134740644147,0.0094805883575433,0.0364664323141613,0.0199027575223954,0.0977297113125635,7.054032029750927,1.002433497326569,0.0910120017148257,0.0944553060376636,0.0097860363501397,0.1958165116865135,0.0532252557072342
25.13925552368164,0.0641813850049873,0.3057972941404054,0.0094510919891183,0.0363330910259173,0.0197562885379044,0.0972024985815639,7.026538367222382,1.0022409267374266,0.0906363662344846,0.0938967672113656,0.009747766684168,0.1950268072031077,0.0529402460823969
25.15195846557617,0.0636693045372017,0.3031588903133335,0.009402939345944,0.0361154123694714,0.0195171790724756,0.0963418268752045,6.981655114915484,1.0019265549667484,0.0900231434682297,0.0929849558056522,0.0096852916740652,0.1937376191276877,0.0524749694927114
25.15729141235352,0.0634566417328014,0.3020631829310605,0.0093829419489392,0.0360250122811151,0.0194178789724746,0.0959843969481507,6.96301546385146,1.0017959984382574,0.0897684770509076,0.0926062879678279,0.0096593463115196,0.1932022298127492,0.0522817439121672
25.17995262145996,0.062568022979182,0.2974847325039851,0.0092993821430139,0.0356472728570291,0.019002950714724,0.0944908635410666,6.885129012849679,1.001250460372121,0.0887043444698281,0.0910240111377316,0.0095509327017319,0.1909650866467958,0.0514743439979976
25.19342041015625,0.0620512583133375,0.294822194342155,0.0092507890237961,0.0354276037186542,0.0187616550157099,0.093622318405252,6.839835135326992,1.000933207543225,0.0880855118013821,0.0901038583524076,0.0094878861560808,0.1896641046401892,0.0510048108995256
25.194015502929688,0.0620286167185748,0.2947055375474879,0.0092486599584735,0.0354179791113271,0.0187510828614207,0.0935842638510726,6.837850623012083,1.0009193073493243,0.0880583981821137,0.0900635426527857,0.0094851238260989,0.1896071032353965,0.050984238711662
25.194669723510746,0.0620037441546418,0.294577386080632,0.0092463211076119,0.0354074061524654,0.0187394689901015,0.0935424596252671,6.835670568520197,1.000904037508802,0.0880286129464125,0.0900192544814971,0.0094820893123818,0.1895444852476282,0.05096163946147
25.222591400146484,0.0609602215661806,0.2892008214341424,0.0091481951655045,0.0349638205996836,0.0182522123772897,0.0917885727877621,6.7442068547032985,1.0002633916927843,0.0867789800368558,0.0881611541914602,0.009354776967524,0.186917361468925,0.0500134929315189
25.242076873779297,0.0602524536593217,0.2855541732104943,0.0090816413640078,0.0346629597476084,0.0179217318755236,0.0905990008279836,6.682171661543314,0.9998288710133008,0.0859314177008456,0.086900899473504,0.0092684274906185,0.1851355171576018,0.0493704134045595
25.257259368896484,0.0597123548782996,0.2827714103839809,0.0090308540543979,0.0344333726348883,0.0176695420637441,0.0896912364291351,6.634832487609994,0.9994972858435518,0.0852846413854945,0.0859391968922606,0.0092025340524867,0.1837757885643719,0.0488796782584582
25.31778717041016,0.0576544775436799,0.2721685641491489,0.0088373449037069,0.0335586048720052,0.0167086545552859,0.086232482788371,6.454461213210305,0.9982338714567792,0.08282030125041,0.0822749282189835,0.0089514675875852,0.1785949649548595,0.0470098843105006
25.362199783325195,0.0562369074218557,0.2648647870642009,0.0087040459987784,0.03295602236845,0.0160467490702788,0.0838499167327684,6.330212194834325,0.9973635569701578,0.0811227376943625,0.0797507925751978,0.0087785201644446,0.1750261482596571,0.0457218744024102
25.36631774902344,0.0561092615562839,0.2642071145330913,0.0086920430270481,0.0329017625729878,0.0159871475299102,0.0836353772343142,6.319024119255578,0.9972851886470416,0.0809698796203599,0.0795235053501934,0.0087629470156465,0.1747047921211036,0.0456058948116999
25.37274169921875,0.0559113933016617,0.2631876336846083,0.0086734368069872,0.032817652617093,0.0158947571590775,0.0833028121478539,6.301681095944243,0.9971637070891022,0.0807329290371218,0.0791711795681625,0.0087388065395222,0.1742066468604744,0.0454261108374828
25.37883186340332,0.0557252113672891,0.2622283645186972,0.0086559294910969,0.0327385103142887,0.0158078235005974,0.0829898887079005,6.285362368942032,0.9970494002366352,0.0805099730029636,0.0788396625154442,0.0087160918251813,0.1737379225748123,0.0452569450899602
25.381309509277344,0.0556498564909923,0.2618401119776705,0.0086488436176666,0.0327064784354925,0.0157726381676166,0.0828632367415493,6.27875756186302,0.9970031358909888,0.0804197342517847,0.0787054850085548,0.0087068983200085,0.1735482121028173,0.0451884773042676
25.407560348510746,0.0548650961698187,0.2577967746278113,0.0085750499554796,0.0323728924600477,0.0154062115877346,0.0815442583806327,6.209973799014276,0.9965213288238252,0.0794799702070932,0.0773081341508187,0.0086111553552343,0.1715725300138897,0.0444754403362895
25.409332275390625,0.0548130115217564,0.2575284177865831,0.0085701522602199,0.0323507523289119,0.0153818918263557,0.0814567175980144,6.205408610223806,0.9964893511496096,0.0794175979309125,0.0772153917714767,0.0086048008807745,0.1714414037038177,0.0444281159674657
25.41219139099121,0.0547292031494114,0.257096610125872,0.0085622714760955,0.0323151270876548,0.0153427593866894,0.0813158574610607,6.198062855335324,0.9964378964904868,0.0793172359379411,0.077066161847657,0.0085945760219151,0.1712304109573515,0.0443519672634374
25.413972854614254,0.0546771290638308,0.256828307706725,0.008557374774071,0.0322929914512082,0.0153184445636407,0.0812283344275646,6.193498591955833,0.9964059252777572,0.0792548763072663,0.0769734382711424,0.0085882228357843,0.1710993112312509,0.0443046524887288
25.414512634277344,0.0546613727198126,0.2567471259602469,0.008555893151864,0.0322862937496511,0.0153110874936658,0.081201852099087,6.192117557518199,0.996396251569383,0.0792360078087525,0.0769453823855207,0.0085863005171026,0.1710596436616307,0.0442903361954929
25.45101928710937,0.0536191051068689,0.2513770284240709,0.0084578852113653,0.0318432473418378,0.0148244245972016,0.0794500702326253,6.1007633748121535,0.9957563429400512,0.0779878737998368,0.0750895110777638,0.008459140885952,0.1684356699550341,0.0433433263815242
25.45824241638184,0.0534182472842858,0.2503421444160704,0.0084389978728011,0.0317578669174244,0.0147306387648944,0.0791124802004292,6.083158290649984,0.995633024274818,0.0777473429286091,0.0747318617066921,0.008434635651358,0.1679299977305891,0.0431608258599805
25.466815948486328,0.0531820897097673,0.2491253847546258,0.0084167911796056,0.0316574813463083,0.0146203705887411,0.078715560392629,6.062459198854403,0.9954880328244066,0.0774645399443103,0.0743113572240002,0.0084058237428298,0.1673354561031503,0.0429462517688495
25.47681999206543,0.0529095869348156,0.247721362955749,0.0083911668247947,0.0315416462466122,0.0144931319426888,0.0782575536683062,6.038574465122919,0.9953207266552672,0.0771382128926403,0.0738261360775889,0.0083725776115563,0.1666494130644964,0.0426986541976863
25.496400833129883,0.0523856071572551,0.2450216509084314,0.0083418952399624,0.0313189137855538,0.0142484723070191,0.0773768790061936,5.992647885763869,0.99499902275496,0.0765107374474229,0.0728931323496837,0.0083086505456373,0.1653302604940172,0.0422225631085874
25.50328063964844,0.0522044121352581,0.2440880759850338,0.0083248568614004,0.031241891744009,0.0141638677436665,0.0770723369460784,5.976766224735759,0.9948877756480472,0.0762937530408654,0.0725704946076882,0.0082865442201709,0.1648740903849955,0.0420579282271746
25.50340843200684,0.052201060589163,0.2440708077436105,0.0083245417042269,0.0312404670752469,0.0141623028218231,0.0770667038620798,5.976472463234193,0.9948857179206986,0.0762897395019969,0.072564526809635,0.0082861353216799,0.1648656526520733,0.0420548829922138
25.513748168945312,0.05193158383532,0.2426823770016825,0.0082992018970748,0.0311259184381829,0.0140364773234273,0.0766137829694927,5.952852945672865,0.9947202689053232,0.0759670360553539,0.0720846936583293,0.0082532583628338,0.1641872275510225,0.0418100347769077
25.52008819580078,0.0517679967818303,0.2418395239913122,0.0082838192553398,0.0310563812039597,0.0139600944277098,0.0763388353246761,5.93851461151641,0.9946198322606352,0.0757711374884849,0.0717934088026497,0.0082333002583444,0.1637753865630082,0.0416613985728216
25.53548812866211,0.0513757953169921,0.2398187761587694,0.0082469392306757,0.0308896651118782,0.0137769658203907,0.0756796457671046,5.904138318338506,0.994379034214626,0.0753014688292904,0.0710950506154676,0.0081854505149822,0.1627879939031773,0.0413050418652175
25.58286476135254,0.0502137400680406,0.2338314946032223,0.0081376672648075,0.0303957018905292,0.0132343740631107,0.0737265300424927,5.80228462325324,0.9936655706627128,0.0739098853734291,0.0690258818722968,0.0080436762888273,0.1598624434996705,0.040249190849235
25.594043731689453,0.0499490545706327,0.2324677499955792,0.0081127779973738,0.030283190223396,0.0131107861338885,0.0732816617747124,5.779085032783209,0.9935030620993396,0.0735929193398834,0.0685545797643607,0.008011383857062,0.1591960802062229,0.0400086958023617
25.59893035888672,0.049834465571177,0.2318773507058403,0.008102002808484,0.0302344811093179,0.0130572818315836,0.0730890671190622,5.769041346446289,0.9934327080164947,0.0734556967751967,0.0683505412323228,0.0079974036515223,0.1589075947814033,0.039904579448708
25.605512619018555,0.0496811745548756,0.2310875462097152,0.0080875883389039,0.0301693206811308,0.012985706661391,0.0728314243115579,5.755605440762282,0.9933385920575832,0.0732721277819229,0.0680775894179921,0.0079787016817772,0.1585216744379574,0.0397652981688487
25.640668869018555,0.0488826567941206,0.2269733265459816,0.0080125010309746,0.0298298896563296,0.0126128602698565,0.0714893209853186,5.685615612991712,0.9928483260365047,0.0723158869913293,0.0666557389396414,0.0078812800751835,0.1565113524622657,0.039039759263805
25.656591415405277,0.0485319526027351,0.2251663860616241,0.0079795231383665,0.0296808137046762,0.0124491085236966,0.0708998772019056,5.654876493656498,0.9926330037847227,0.0718959117234658,0.0660312706595586,0.0078384930852541,0.1556284309876648,0.0387211068769913
25.67050170898437,0.0482310132976742,0.2236158502403579,0.0079512248055159,0.0295528916667142,0.0123085932005798,0.0703940753860071,5.628499247950344,0.9924482355678288,0.0715355308660525,0.0654954143059646,0.0078017775611659,0.1548707958927353,0.0384476711959064
25.69477081298828,0.0477178629916613,0.2209719352919306,0.007902971560931,0.0293347639620368,0.0120689919356368,0.0695316011995435,5.583521759085605,0.9921331754582452,0.0709210230050327,0.0645816922321821,0.0077391716329873,0.1535789050527873,0.0379814189587212
25.69978904724121,0.0476136108123373,0.2204347946314064,0.0078931683789461,0.0292904489148634,0.012020314301325,0.0693563799843187,5.57438408180927,0.9920691674496496,0.0707961789028215,0.0643960594356879,0.0077264525428557,0.1533164430663766,0.0378866946320153
25.707956314086918,0.0474452769192982,0.2195674844328227,0.007877339378653,0.0292188943129954,0.0119417155213756,0.069073453810049,5.559629657557267,0.9919658149729136,0.0705945956392947,0.0640963218879678,0.0077059152835964,0.152892650968133,0.0377337451631878
25.72477912902832,0.0471037078673521,0.217807611147228,0.0078452204959952,0.0290737017457533,0.0117822295102631,0.068499363654095,5.529691210933594,0.9917561006441474,0.0701855597181524,0.0634881194882869,0.0076642427925915,0.1520327274318122,0.0374233928698664
25.745105743408203,0.0467001043433,0.2157281163774209,0.00780726830471,0.0289021399318561,0.0115937783534622,0.0678210093688949,5.494315451769371,0.991508298580623,0.0697022362004091,0.0627694576041929,0.0076150018975389,0.151016627738739,0.0370566755260355
25.75386619567871,0.0465291744604579,0.2148474308156978,0.0077911951955013,0.028829481916648,0.0115139675499153,0.0675337199395466,5.479333483694641,0.9914033520117392,0.0694975441360422,0.062465097521978,0.0075941479145259,0.150586299939292,0.0369013672716863
25.754371643066406,0.0465193672004787,0.2147969006678278,0.0077902729860118,0.0288253130963166,0.0115093883318678,0.0675172364427246,5.478473879399094,0.9913973306041792,0.0694857997394221,0.0624476345805625,0.0075929513979529,0.150561609483488,0.0368924563168046
25.78156471252441,0.0460004214646107,0.2121231258565848,0.0077414747817368,0.0286047223410462,0.011267081627479,0.0666450212763862,5.432988388662975,0.991078710975664,0.068864351447646,0.0615235926284699,0.0075296383813425,0.1492551275743922,0.0364209380276052
25.79038429260254,0.0458357199422402,0.2112745308109818,0.0077259873466536,0.0285347119010593,0.0111901790489535,0.0663682000855119,5.418552330887975,0.990977588312606,0.0686671179383448,0.0612303227927742,0.0075095442744465,0.1488404800195368,0.0362712888765189
25.791828155517575,0.0458089223566559,0.2111364610590235,0.0077234674800539,0.0285233209282767,0.0111776666984618,0.0663231601878665,5.416203527408677,0.990961135254396,0.068635027269743,0.0611826066356006,0.0075062748841341,0.1487730152294123,0.0362469403701927
25.796072006225582,0.0457304266085216,0.2107320257999397,0.0077160862623398,0.0284899543820312,0.0111410154022815,0.0661912288804402,5.409323389283303,0.9909129407913928,0.0685410269701602,0.0610428360022559,0.0074966981541362,0.1485753967075792,0.0361756184876052
25.796533584594727,0.0457219132046019,0.2106881620136797,0.0077152857184992,0.028486335550709,0.0111370403172797,0.0661769200223545,5.408577190956588,0.9909077137698672,0.0685308319908575,0.0610276769152968,0.0074956594918713,0.1485539636190501,0.0361678831386496
25.808969497680664,0.045494312195313,0.2095154886497399,0.0076938836345936,0.0283895881670707,0.0110307686977701,0.0657943808340353,5.388628002367305,0.990767972291963,0.0682582750126349,0.0606224073386455,0.0074678914464863,0.147980962174712,0.0359610829781995
25.851303100585938,0.0447445326171302,0.2056523839166676,0.0076233793556634,0.0280708761602389,0.0106806813166663,0.0645341926566923,5.322909941072282,0.9903076254727998,0.0673603981490064,0.0592873390416296,0.0073764159482851,0.1460933394438825,0.0352798269434505
25.85264015197754,0.0447214675462002,0.2055335452780053,0.0076212104700209,0.028061071796046,0.0106699117696149,0.0644954261539946,5.320888290956926,0.9902934640585024,0.0673327772374093,0.0592462690405477,0.0073736019358729,0.1460352715023813,0.035258869823372
25.85553741455078,0.0446716147099613,0.2052766874860312,0.0076165226413607,0.02803988064751,0.0106466344754088,0.0644116362479915,5.316518697044207,0.9902628555807108,0.0672730774082335,0.0591575003537342,0.0073675197303797,0.1459097634727204,0.0352135731108566
25.89518928527832,0.0440064881467228,0.2018497422449068,0.0075539785707812,0.0277571526884972,0.0103360736069987,0.0632937280111945,5.258220441846338,0.9898544831588636,0.0664765741705802,0.0579731661929779,0.007286372155649,0.1442352603055911,0.0346092333731311
25.898542404174805,0.0439516822143849,0.2015673645158499,0.0075488249861464,0.0277338561241646,0.0103104836340328,0.0632016132002903,5.253416708499406,0.9898208335571836,0.0664109428929889,0.0578755779333224,0.0072796856555427,0.1440972824818452,0.0345594362245027
25.90064811706543,0.0439173775454199,0.2013906158665339,0.0075455992037004,0.0277192741098093,0.0102944661069341,0.0631439557900821,5.250409908361454,0.9897997712656652,0.0663698623168938,0.0578144945279943,0.0072755003754997,0.1440109180424641,0.0345282667023619
25.904172897338867,0.0438601484104251,0.2010957530209368,0.0075402177572618,0.027694947507763,0.0102677446955302,0.0630477681910877,5.24539378143103,0.9897646338676565,0.0663013292008525,0.0577125914753028,0.0072685182367377,0.143866839630809,0.0344762678092646
25.92085266113281,0.0435925952766177,0.1997172335257638,0.0075150588439381,0.0275812177165605,0.0101428188856376,0.0625980795078185,5.221942779459595,0.9896003622394148,0.065980928575833,0.0572361823493969,0.0072358758917109,0.1431932555881709,0.0342331666779936
25.925600051879883,0.0435174195731431,0.1993299042084319,0.0075079898219311,0.0275492625100935,0.0101077178808744,0.0624717282902076,5.215353637137919,0.9895542060308308,0.0658909040527138,0.0571023233578474,0.0072267042131625,0.143003995400223,0.0341648613690584
25.928600311279297,0.0434701306532377,0.1990862565375809,0.0075035430871619,0.0275291612401366,0.0100856377617347,0.0623922476547913,5.2112087683067605,0.9895251716841212,0.0658342745524497,0.057018119992514,0.0072209348121764,0.1428849421743885,0.0341218942375164
25.936830520629883,0.0433412811751528,0.198422382732305,0.0074914269412926,0.0274743907372662,0.0100254754329258,0.0621756844813404,5.199915124825526,0.9894460609561824,0.065679974523902,0.0567886886600204,0.0072052147593433,0.1425605544241193,0.0340048204573644
25.93722915649414,0.0433350725580423,0.1983903939472025,0.0074908431243349,0.0274717516186267,0.0100225765089901,0.0621652493762737,5.199370940162544,0.9894422490023276,0.06567253957092,0.0567776335021653,0.0072044572879759,0.142544923787506,0.0339991792526082
25.93879508972168,0.0433107124507112,0.198264882867285,0.0074885524622621,0.0274613967825608,0.0100112023018573,0.0621243062361773,5.197235779202921,0.9894272924338474,0.0656433678165662,0.0567342575251822,0.0072014852760871,0.1424835954787766,0.0339770454422157
25.97422218322754,0.0427716715772788,0.1954875715407256,0.0074378646533114,0.0272322648531202,0.0097595137283454,0.0612183156809365,5.149988896268973,0.9890963331064492,0.0649978546968673,0.0557744330975825,0.0071357205422481,0.1411265215190042,0.0334872680671786
25.975025177001957,0.0427597176079399,0.195425980859915,0.0074367405817701,0.0272271835401969,0.0097539321913088,0.0611982240990047,5.148941131859528,0.989088993627677,0.0649835395588818,0.0557531476754883,0.0071342621191608,0.1410964265441073,0.0334764065825351
25.99653625488281,0.0424437432477019,0.1937979797004735,0.0074070284607971,0.027092871303483,0.0096063977414983,0.0606671515525856,5.121246004200849,0.988894992161919,0.0646051533852731,0.0551905188372607,0.0070957122196667,0.1403009384072658,0.0331893094086753
26.027437210083008,0.0420038992416207,0.1915317624366317,0.0073656684654687,0.0269059054617883,0.0094010262739536,0.0599278855817934,5.082693707168137,0.9886249372767626,0.0640784305749257,0.0544073257229213,0.0070420498167016,0.1391935994495996,0.0327896631092628
26.05935478210449,0.0415664101849454,0.1892776786329315,0.0073245299147937,0.0267199407169017,0.0091967544667442,0.0591925776260277,5.044347815995796,0.9883563281520406,0.0635545278233432,0.0536283257932108,0.0069886747209247,0.1380921891408703,0.032392156493357
26.095836639404297,0.0410864832316306,0.1868049411941426,0.0072794007886419,0.0265159368510145,0.0089726677131305,0.0583859422851689,5.002282239708081,0.9880616629109558,0.0629798047092578,0.0527737601904117,0.0069301220581787,0.1368839382440284,0.0319560903606978
26.113262176513672,0.0408645657032645,0.1856615509847685,0.0072585331464171,0.0264216057859683,0.0088690503569241,0.0580129552498635,4.982831176122658,0.987925410085244,0.0627140535564265,0.0523786102641809,0.0069030473900586,0.136325244738433,0.0317544539950585
26.123992919921875,0.040730201503869,0.1849692635793536,0.0072458984346104,0.0263644912519688,0.0088063132629657,0.0577871231301918,4.971054158148934,0.9878429132005716,0.0625531494481171,0.0521393591973961,0.0068866545154538,0.1359869730894085,0.0316323694071998
26.1497859954834,0.0404142348925931,0.1833413023646343,0.007216187045361,0.0262301825399961,0.0086587827225474,0.0572560634250051,4.943359692554832,0.9876489160926222,0.0621747724096538,0.0515767439132911,0.0068481055473933,0.1351915041188621,0.0313452791277592
26.15540885925293,0.0403466449956452,0.1829930575605839,0.0072098313430594,0.0262014519389681,0.0086272237793986,0.0571424619540185,4.937435439457122,0.9876074172565452,0.062093832003394,0.051456392239558,0.006839859356919,0.1350213416212263,0.0312838662994097
26.176422119140625,0.0400980580785174,0.1817122581203617,0.0071864558905079,0.0260957845094262,0.0085111540758459,0.0567246503961389,4.91564680026552,0.987454789874644,0.0617961436282164,0.0510137543038281,0.0068095309319254,0.1343955058989969,0.0310579978351948
26.17867660522461,0.0400717584389113,0.1815767539512282,0.0071839828481583,0.0260846052605021,0.0084988743024568,0.0566804473714879,4.913341637201367,0.9874386424216294,0.061764649222748,0.0509669247336021,0.0068063222889537,0.1343292946334807,0.0310341017289167
26.196840286254883,0.0398624499068602,0.1804983293364082,0.0071643008727138,0.0259956340042079,0.00840114440492,0.0563286528030254,4.894995746553721,0.9873101311554988,0.0615139975787233,0.0505942265154407,0.0067807859556539,0.1338023450896271,0.030843921972364
26.229228973388672,0.0395003697720047,0.1786327764818875,0.0071302532772562,0.0258417238056761,0.0082320827538123,0.0557200878824864,4.863259424136797,0.9870878211251384,0.0610803985066632,0.0499495006318035,0.0067366109795115,0.132890781810373,0.0305149324394444
26.23767471313477,0.0394082466425277,0.178158128605789,0.0071215906340764,0.0258025648310037,0.0081890688351351,0.0555652522496466,4.85518483172363,0.9870312593397008,0.0609700789915844,0.0497854646552178,0.006725371652098,0.1326588550700499,0.0304312284637369
26.273576736450195,0.0390269085578312,0.1761933526280594,0.0070857321505393,0.0256404686668195,0.0080110153717134,0.0549243195546108,4.821760546144584,0.9867971252373734,0.0605134180600253,0.0491064476902983,0.0066788471390714,0.1316988084119026,0.0300847409362553
26.30299568176269,0.0387264647454202,0.1746453698586344,0.0070574804238886,0.0255127584271749,0.0078707329049917,0.0544193496100612,4.795426641860199,0.9866126585927254,0.0601536298200935,0.0485714723863634,0.0066421919941907,0.1309424189864881,0.0298117547197574
26.344465255737305,0.038320590673914,0.172554176622447,0.0070193147414396,0.0253402327810897,0.0076812232579134,0.053737178073803,4.7598517709600365,0.9863634597744672,0.0596675864426212,0.0478487661473759,0.0065926740044657,0.1299206010597397,0.0294429735024785
26.34534454345703,0.0383122019122164,0.1725109550349117,0.0070185259184164,0.025336666955036,0.0076773064000999,0.0537230786892598,4.7591164957858165,0.9863583092367034,0.0596575407105211,0.0478338289758502,0.0065916505475457,0.1298994817324101,0.0294353513898796
26.34920310974121,0.0382754942312595,0.1723218253036581,0.0070150741737035,0.0253210635551591,0.0076601669497487,0.0536613823710656,4.7558990666087455,0.9863357714288624,0.0596135824311801,0.0477684666555847,0.0065871720879645,0.1298070674333458,0.029401998424478
26.36753463745117,0.0381034072430771,0.1714351780144322,0.0069988922648123,0.0252479142348078,0.0075798165682085,0.0533721477083249,4.740815637329358,0.9862301133329242,0.0594075043622411,0.047462045636035,0.0065661769008146,0.1293738257183901,0.0292456384658567
26.37760162353516,0.0380105035957536,0.1709565086630307,0.0069901562275108,0.0252084235204271,0.0075364382576807,0.053216000193424,4.732672629829697,0.9861730722792832,0.0592962501367608,0.0472966198171821,0.0065548423454454,0.1291399339132044,0.0291612252806255
26.39838218688965,0.0378222469647025,0.1699865501949337,0.0069724538338111,0.0251284009548868,0.0074485380079054,0.0528995884435657,4.716171929914212,0.986057486318796,0.059070808545607,0.0469614068418978,0.0065318744070717,0.1286659839071077,0.0289901734141468
26.41506004333496,0.0376745215354479,0.1692254214624502,0.006958562723179,0.0250656070624176,0.0073795624792922,0.0526512993805368,4.703223790705183,0.9859667857317752,0.0588939039851597,0.0466983644105363,0.0065138514104438,0.1282940741928963,0.0288559486007918
26.460102081298828,0.0372900409610649,0.1672444543841201,0.0069224087437233,0.0249021752944618,0.0072000419572316,0.0520050848114731,4.669524052603726,0.9857307219884612,0.0584334797393641,0.0460137516822978,0.006466943492458,0.1273261158204526,0.0285066056609386
26.47364616394043,0.0371784392016818,0.1666694463713019,0.0069119144614552,0.0248547365642111,0.0071479332052351,0.0518175104846022,4.659742153326612,0.9856622006286996,0.0582998340861862,0.0458150316614578,0.0064533277035758,0.1270451501010708,0.028405203168928
26.475984573364254,0.0371593541572507,0.1665711141090572,0.0069101198316578,0.0248466240555331,0.0071390220750561,0.0517854333524031,4.658069348293845,0.9856504827737456,0.0582769793098486,0.0457810485013005,0.006450999264139,0.1269971020835799,0.0283878623035379
26.497846603393555,0.0369834966540908,0.1656650399222415,0.0068935833695533,0.024771872044939,0.0070569112361775,0.0514898613688305,4.642655429661008,0.9855425096014206,0.0580663859332352,0.0454679135856807,0.0064295440586431,0.1265543677461894,0.0282280763858092
26.50598907470703,0.0369191706002962,0.1653336114883367,0.006887534578193,0.0247445288753134,0.0070268763172643,0.0513817455407879,4.637017247811856,0.9855030146223738,0.0579893540134947,0.0453533734983555,0.0064216960641195,0.1263924221211447,0.0281696290772917
26.531211853027344,0.0367238569544892,0.1643272930231754,0.0068691685908914,0.0246615066244536,0.0069356810906418,0.0510534726933172,4.619897996513207,0.9853830957364376,0.0577554614547069,0.0450055946260511,0.0063978671432646,0.1259007054817756,0.0279921651030633
26.53522109985352,0.0366933528114955,0.1641701259075811,0.0068663001855731,0.0246485401855254,0.0069214381941247,0.0510022029422371,4.617224306723043,0.9853643667686108,0.0577189320451871,0.0449512784180308,0.0063941455353085,0.1258239090304054,0.0279644487265601
26.53543472290039,0.0366917315918444,0.1641617728646384,0.0068661477369347,0.0246478510514162,0.0069206812194574,0.0509994780819423,4.617082206732197,0.9853633713703512,0.0577169905975399,0.0449483916460932,0.0063939477410626,0.1258198274892083,0.0279629756697903
26.541507720947266,0.0366458162831865,0.1639252024871582,0.006861830168814,0.0246283337670499,0.0068992425914473,0.0509223060579239,4.61305772740462,0.9853351802374132,0.0576620059640994,0.044866634047777,0.0063883459190813,0.125704232280141,0.0279212565501848
26.543359756469727,0.0366318803855082,0.1638534002784736,0.0068605197303298,0.0246224100156561,0.0068927356871094,0.0508988833375874,4.611836245200282,0.9853266238591696,0.057645317407481,0.0448418195455439,0.0063866456927192,0.1256691476197285,0.0279085942507947
26.581130981445312,0.0363543279069089,0.1624233610057416,0.0068344205542539,0.024504430406693,0.0067631417910908,0.0504323877924448,4.587508754412842,0.985156211865818,0.0573129419526143,0.0443476047563809,0.0063527833568189,0.124970388568596,0.0276564072198269
26.59139060974121,0.0362810878636711,0.1620460048436121,0.0068275335511868,0.0244732981648233,0.0067289447929255,0.0503092897942183,4.581089260188731,0.9851112438564658,0.0572252353204,0.0442171922537105,0.0063438478250468,0.1247860012970451,0.0275898605630024
26.603836059570312,0.0361934474354128,0.1615944532853756,0.0068192924323981,0.0244360447337642,0.0066880240165598,0.0501619883878522,4.573407571236578,0.9850574342801788,0.0571202838957915,0.0440611381718528,0.0063331553977475,0.1245653599799459,0.0275102295672303
26.61701774597168,0.0361020406264549,0.1611234961274971,0.0068106971484277,0.0243971903240557,0.0066453446563847,0.0500083566462064,4.565395758658908,0.9850013122154232,0.0570108221427854,0.0438983776046996,0.0063220034592221,0.1243352365159304,0.0274271763980703
26.63418197631836,0.035985166872451,0.1605213251116876,0.0067997071235932,0.0243475106497958,0.0065907743588564,0.0498119214049924,4.555151766556718,0.9849295539223414,0.0568708631366537,0.0436902701458386,0.0063077444674871,0.1240409981132824,0.0273209836984325
26.64520835876465,0.0359113483246193,0.160140988308946,0.0067927657219244,0.0243161325078375,0.0065563072541789,0.0496878510822015,4.54868156595761,0.9848842307171738,0.0567824637284201,0.043558827541656,0.0062987383558731,0.1238551544050074,0.0272539114027615
26.70033073425293,0.0355566357526023,0.158313395523305,0.0067594109284103,0.0241653544085292,0.0063906860878114,0.049091668882715,4.517590984467302,0.9846664438321536,0.0563576872587356,0.0429272200829279,0.0062554622257689,0.1229621389866249,0.0269316158832949
26.705102920532227,0.0355270175196752,0.1581607929006052,0.0067566258282624,0.0241527645517546,0.0063768568463552,0.04904188811665,4.5149949442210335,0.9846482587902048,0.0563222187423809,0.0428744813340683,0.0062518487013953,0.1228875728693664,0.0269047044491655
26.721046447753903,0.0354292877395578,0.1576572577708431,0.0067474359746629,0.0241112224414309,0.0063312252015615,0.0488776290481916,4.506428921879189,0.9845882545292248,0.056205185078201,0.0427004619595781,0.0062399253383298,0.1226415308346262,0.0268159061549214
26.73236656188965,0.035361026180001,0.1573055523520689,0.0067410171150659,0.0240822064226483,0.0062993527558335,0.0487628986123423,4.500445791137803,0.9845463432048608,0.0561234402866771,0.0425789142185168,0.0062315971975816,0.1224696772487648,0.0267538829915621
26.74186134338379,0.0353044832623626,0.1570142251299348,0.0067357001980319,0.0240581716609626,0.0062729519376953,0.0486678642523998,4.495489800179401,0.9845116269075616,0.0560557288386516,0.0424782328979479,0.0062246987706764,0.1223273262201713,0.0267025075077783
26.772226333618164,0.0351279251688295,0.1561045412814824,0.0067190978582432,0.0239831219169849,0.0061905140647319,0.0483711146985493,4.480014469810299,0.9844032235269028,0.0558442964470656,0.0421638504255821,0.0062031580867846,0.1218828279951528,0.0265420849829973
26.774789810180664,0.035113312552148,0.1560292524000104,0.0067177237857114,0.0239769105161069,0.0061836911943666,0.0483465545810814,4.478733672825001,0.9843942516522652,0.0558267975012062,0.0421378309409111,0.0062013752981676,0.1218460396377761,0.0265288078069514
26.78566169738769,0.0364403784913736,0.1624016352836844,0.0073453743421618,0.0310399252404473,0.0101782684240076,0.0488728501605639,4.478339908282583,0.9860333153272908,0.1393680003909007,0.1076821182728556,0.0068482228618346,0.1269822696122441,0.0272654793314821
26.79830551147461,0.0381769122769038,0.1707435581167873,0.0081630832309246,0.0402356640168613,0.0153811890755691,0.0495737487093812,4.478661119652383,0.988172206571541,0.2480985929314303,0.1929973548679273,0.0076911804595087,0.1336904231819443,0.0282328139274679
26.80000686645508,0.0383990531240848,0.1718105439944883,0.0082678261298948,0.0414138099310736,0.016047696316809,0.0496629347420452,4.478669726823974,0.98844604719217,0.2620304347680923,0.2039286336870987,0.007799148235638,0.1345490431437079,0.0283564267252013
26.83724021911621,0.0426505679831132,0.1922243400005695,0.0102801159077456,0.0640607960226496,0.0288550956049865,0.0513439804003303,4.4770627147216695,0.9936995478686655,0.5299135998938862,0.4140995972021411,0.0098728863205055,0.1510092733617695,0.0307151090327877
26.849910736083984,0.0438606052655258,0.1980313043501588,0.0108561612636438,0.0705493488874986,0.0325225401397975,0.0518111731815714,4.475834529340546,0.9952002073622648,0.6066979313823492,0.4743343043556406,0.0104663023175448,0.1557059287950381,0.0313833229463263
26.860231399536133,0.0447689308226134,0.2023891831698387,0.0112898422827418,0.0754364188916351,0.0352840464065661,0.0521575809121821,4.47461844768601,0.9963287684476092,0.6645433260051377,0.5197092664932499,0.0109129776028332,0.1592360404959528,0.0318837415818051
26.883275985717773,0.0465714147089942,0.2110333224914423,0.0121543846059119,0.0851853122810473,0.0407904605479378,0.052831625961625,4.47128977068552,0.9985747539177268,0.7799747262281338,0.61024706685239,0.0118031652124546,0.1662552863051965,0.0328730940544652
26.99468421936035,0.0520676566798019,0.2373362924582117,0.0148503452999062,0.1156843763726302,0.0579819354278462,0.0546844879056574,4.447272998844749,1.0055212811850418,1.1416920109024784,0.8938270946200205,0.0145751957911358,0.1878720890249055,0.0358341501920706
27.01677894592285,0.0527143435833335,0.240419711078015,0.0151798606621329,0.119431971892935,0.0600872936029802,0.0548607806494572,4.44159032726703,1.0063587849191946,1.186257630393981,0.928739627144352,0.0149132228481597,0.190459462385125,0.0361710645491281
27.08016967773437,0.0540586672471926,0.2468088233573415,0.0158871853683117,0.1275110466704362,0.0646137687150503,0.0551515711412121,4.42459396499665,1.0081363828696408,1.282539615333132,1.0041212770560293,0.0156374456427128,0.1959177869481385,0.0368506033668542
27.0871639251709,0.0541695702448781,0.2473338852849652,0.0159477241904813,0.1282058058659954,0.0650018649731864,0.0551681507056993,4.422684342631422,1.0082866137891937,1.2908389473563469,1.010614772509268,0.0156993005880047,0.1963758895296703,0.0369046237001894
27.125713348388672,0.0546776092550308,0.2497319607360488,0.0162328301108334,0.1314890200268981,0.0668319342202138,0.055217728748622,4.4121304004420026,1.0089875667879782,1.3301258152783233,1.041338752382082,0.0159901582498212,0.1985022071338713,0.0371448276360018
27.152942657470703,0.0549474636395459,0.2509984519830064,0.0163921528578779,0.1333348446473259,0.0678569190417991,0.0552173466281748,4.40469478255342,1.0093728131976898,1.3522785378205546,1.0586488667439036,0.0161522551893394,0.1996597845395353,0.0372650620677741
27.19977378845215,0.0552792147667556,0.2525415107507865,0.0166030796727271,0.1357986818283463,0.0692180808694506,0.0551658392700917,4.392058301277683,1.0098711097220854,1.3819668060300156,1.081821614784483,0.0163660558000333,0.2011366416525693,0.0373988254053394
27.22774887084961,0.055414703689035,0.2531627401932321,0.016698915349341,0.1369301846038585,0.0698390345461936,0.0551119576768865,4.38464803092403,1.0100905034441592,1.3956711758656792,1.0925032292010903,0.0164627197417878,0.2017743989936355,0.0374444134578899
27.232637405395508,0.0554344232300527,0.2532523448653634,0.0167137407877585,0.1371062040000575,0.0699352974819875,0.0551011428776959,4.383365927450498,1.0101238726111954,1.3978087124674483,1.0941680803199354,0.016477634467911,0.2018703520174496,0.0374502302011164
27.330812454223636,0.0556469965368167,0.25417455188821,0.016920823457527,0.1396145345445355,0.0712902267982158,0.0548243765087622,4.358574698006838,1.0105610644942542,1.4285541434276283,1.1180536720725538,0.0166839951282388,0.2030734545770571,0.0374688388671296
27.369779586791992,0.0556627612433295,0.2542132904724542,0.016968243016182,0.1402149207381658,0.0716058938170608,0.0546951949653587,4.349294744773455,1.0106460418956362,1.4360594508699376,1.1238534406759462,0.0167302185038025,0.2032771411819663,0.0374403085713291
27.385683059692383,0.0556617793263177,0.2541938690800782,0.0169836794891839,0.1404151953877665,0.071709656598625,0.0546409184908591,4.345604538931288,1.010670893153334,1.4385890218288753,1.1258027834790778,0.0167450740916557,0.2033301076907241,0.0374249297343366
27.43287467956543,0.0556395834111672,0.254044965548801,0.0170189411418681,0.140888451124019,0.0719499587093257,0.0544770400614636,4.334990635182344,1.0107184857947282,1.444649218565343,1.1304558904065756,0.0167783838727085,0.2034075647781696,0.0373699199859552
27.45573616027832,0.0556206516770642,0.2539342688685596,0.0170313837034409,0.1410642168762644,0.072036575035286,0.054397020527678,4.330030247778678,1.0107301754058478,1.4469444488588905,1.1322091773181684,0.0167897900355095,0.2034106786755485,0.0373394501356515
27.46855926513672,0.0556082031281888,0.2538635966537852,0.0170372770931749,0.1411502190568537,0.0720781722805306,0.054352158327274,4.327299627511473,1.0107341111713417,1.448080764138601,1.1330745517906151,0.016795083489869,0.203404557207108,0.0373215493511938
27.477237701416016,0.0555991259600782,0.2538127180290097,0.0170408675289732,0.1412037941235158,0.0721037597635764,0.054321841496649,4.325472589495655,1.010735822353117,1.448794136318685,1.1336167468432157,0.0167982616597775,0.203397570008295,0.0373091559868564
27.486387252807617,0.0555890374234226,0.2537566594060933,0.0170443294563858,0.1412565075517995,0.0721286508183861,0.0542899380216622,4.323564658263935,1.01073685781542,1.4495008531362172,1.134152943783513,0.0168012842237447,0.2033879173515586,0.0372958748464081
27.5283317565918,0.0555371373415751,0.2534734760324799,0.0170565081711206,0.1414549150368478,0.0722189093004154,0.0541448950583202,4.315056309527467,1.0107329545648538,1.4522188340270652,1.1362038858000885,0.0168114033311618,0.2033181565788878,0.0372328036717904
27.564403533935547,0.0554869652222435,0.2532045665000868,0.0170630423049352,0.1415790073380814,0.0722710005882663,0.0540224361384799,4.30804720153484,1.0107205935623549,1.453992500015297,1.1375282853050606,0.0168161331431608,0.203232014583197,0.0371767198928295
27.565528869628903,0.0554853392687005,0.2531959035744006,0.0170631980923956,0.1415823055441956,0.0722723131122033,0.0540186572200357,4.3078330435125824,1.0107201012334577,1.4540408590212357,1.1375641738459794,0.0168162324516314,0.2032290231286765,0.0371749545686397
27.582107543945312,0.0554610459643902,0.2530667736383635,0.0170651986613505,0.1416273572223215,0.0722897285220525,0.0539633048910812,4.304709222548983,1.0107122092900394,1.4547100900272218,1.1380592920117905,0.0168174008256858,0.2031831603651211,0.0371488840300947
27.595956802368164,0.0554403290349605,0.2529570476677094,0.0170664788084315,0.1416602722144819,0.0723017216430804,0.053917544702445,4.302144129501523,1.010704781045774,1.4552113889598717,1.1384280084714535,0.0168179864692237,0.2031425288552241,0.0371270488269377
27.64567375183105,0.0553638403555828,0.2525542748365559,0.0170686699029216,0.1417490311018502,0.072328985538929,0.053757186192924,4.293262017907033,1.0106731995487046,1.456649043943108,1.1394707953617522,0.0168177037516093,0.202983462633211,0.0370487965562321
27.75282287597656,0.0551962732045184,0.2516797340744136,0.0170650023262149,0.1418340437554387,0.0723318829459342,0.0534345781792895,4.275768883428889,1.0105901326683702,1.4584185873298996,1.1406913641490617,0.016808918459561,0.2026047590860213,0.0368852652577086
27.757265090942383,0.0551894154442111,0.2516440899913455,0.0170646934109586,0.1418354703948038,0.0723309356196606,0.0534219135266851,4.275089829800847,1.0105864727917078,1.4584651239270274,1.1407213620387198,0.0168084057595332,0.2025886934867923,0.0368787208261007
27.790082931518555,0.0551392211107138,0.2513834455281663,0.0170621653104572,0.141842461249165,0.0723222095605845,0.0533301215171751,4.270181578924112,1.010559247157151,1.458762221294653,1.1409073749434169,0.0168043956043291,0.2024701504233859,0.0368310689751813
27.86069107055664,0.0550347096185694,0.2508418739981939,0.0170556839788879,0.1418412826418479,0.0722958696213967,0.0531431239121728,4.260244496342689,1.010500564010145,1.4591824048306754,1.141141711160679,0.0167948718203458,0.202218981035495,0.0367329870539148
27.90757179260254,0.0549684407262775,0.2504990628937925,0.0170509365286146,0.1418322930892898,0.0722748876697798,0.0530267133330402,4.254091586083135,1.010462308686784,1.4593449005825645,1.141210170277305,0.0167882179331148,0.2020574421544666,0.0366713899911751
28.040376663208008,0.0547958382715942,0.2496075820751705,0.0170370607264199,0.1417893550268421,0.0722100995182704,0.0527286326441454,4.23841647983765,1.010360193463852,1.4595219327309614,1.141198667821651,0.0167694305072257,0.2016313083730243,0.0365123649938633
28.061830520629883,0.0547700959359835,0.2494747474629872,0.0170348583400538,0.1417812333482134,0.0721995447941025,0.0526846266356476,4.236109506791453,1.0103447458884431,1.4595266741501185,1.1411802522275285,0.0167665003266808,0.2015672792609705,0.0364887716285696
28.06305503845215,0.0547686444628528,0.2494672583490904,0.0170347333785256,0.1417807653204199,0.0721989444298193,0.0526821480170551,4.2359796100695215,1.0103438736022972,1.4595268142624185,1.1411791157809197,0.0167663343565397,0.2015636662134093,0.0364874420527265
28.093730926513672,0.0547329059510288,0.2492828819905217,0.017031632370313,0.1417689289811762,0.0721839998618902,0.0526212008202262,4.232786873656478,1.010322356339738,1.4595263241245735,1.1411480963522338,0.0167622244862402,0.2014746185990017,0.036454727478179
28.121501922607425,0.0547015740753446,0.2491212718892597,0.0170288788517313,0.1417581014151587,0.0721706639529041,0.0525678867221024,4.229995902017874,1.0103034350426758,1.4595202113877388,1.1411165203245084,0.0167585877432141,0.2013964262562281,0.0364260792128801
28.14805030822754,0.0546725141650632,0.2489714041991104,0.0170262994896863,0.1417477293115316,0.0721581238656883,0.0525185250329124,4.227413232351295,1.0102858439704625,1.4595103846563262,1.1410840289172013,0.0167551901109961,0.2013238127988382,0.0363995321137376
28.18670463562012,0.054631728825801,0.2487610993825117,0.0170226434542339,0.1417327078936592,0.0721402828655266,0.0524493680571421,4.223796814632225,1.0102610961661116,1.4594907385829403,1.1410339140707064,0.0167503869204648,0.2012217721778501,0.036362306995464
28.212427139282227,0.0546055668054228,0.2486262157733496,0.0170202790431149,0.141722823866466,0.0721287096224031,0.0524050720135847,4.221481501679068,1.0102451900162328,1.4594750036116868,1.1409993522764064,0.0167472873443702,0.2011562489310165,0.0363384466352723
28.283376693725582,0.0545373006150705,0.2482743091128064,0.0170140515408143,0.1416962846058976,0.0720981222634044,0.052289683795421,4.2154534488165805,1.0102035902057027,1.459424509830846,1.1409018936584852,0.0167391435936215,0.2009850683440421,0.0362762403217099
28.33935546875,0.0544872830959715,0.2480165121412468,0.0170094462895661,0.1416762909473233,0.072075426421568,0.0522052846407343,4.211046648500673,1.0101730411036844,1.459380593727514,1.1408251522132862,0.0167331358518123,0.2008594955400787,0.0362307023876412
28.35612678527832,0.0544729265318247,0.2479425214060533,0.0170081191287013,0.141670483497646,0.0720688763644218,0.0521810774943134,4.209782994421159,1.0101642638654391,1.4593671227026934,1.1408024576041418,0.0167314063224033,0.2008234333234332,0.0362176365577709
28.398778915405277,0.0544376695080741,0.247760821887675,0.0170048514121502,0.1416561121714954,0.0720527338834913,0.0521216579580519,4.206681660706607,1.0101426947522674,1.459332661847368,1.1407456611092417,0.016727150765775,0.2007348410973591,0.0361855572260133
28.427398681640625,0.0544149895416561,0.2476439442718846,0.0170027437869637,0.1416467952827771,0.0720423123474082,0.0520834537735203,4.204687945974118,1.010128810724534,1.4593095839389325,1.1407084236929177,0.0167244078866549,0.20067783198528,0.0361649265994352
28.50277328491211,0.0543588178140481,0.2473544862549264,0.0169975085767096,0.1416235231930475,0.0720163989875834,0.0519888846582636,4.19975362538015,1.0100943990306,1.4592499443652205,1.1406142836565163,0.0167175998786585,0.2005365825004702,0.036113844703875
28.52359771728516,0.0543441667112391,0.2472789905353531,0.0169961401250154,0.1416174148517445,0.0720096201672556,0.0519642285370967,4.1984673101245855,1.010085418667666,1.4592339051302812,1.1405893565414744,0.0167158213046154,0.2004997302277679,0.0361005239350346
28.56248664855957,0.0543177617687156,0.2471429307531989,0.0169936713038774,0.141606373402344,0.0719973860632871,0.0519198006285924,4.196149636258671,1.0100692296664715,1.4592045861472025,1.1405441138118435,0.0167126134308398,0.2004333042067493,0.0360765189462104
28.606176376342773,0.0542895237995908,0.2469974285924553,0.0169910279963688,0.141594525377597,0.0719842818561,0.0518722990521096,4.193671789643281,1.0100519117441704,1.4591727264345318,1.140495340690793,0.0167091798763065,0.2003622558311251,0.0360508504282486
28.64911651611328,0.0542631713348984,0.2468616441216851,0.0169885587807578,0.1415834373620294,0.0719720364885172,0.0518279774056615,4.19135995232175,1.0100357462280958,1.4591426017994782,1.1404495218334818,0.016705973265787,0.2002959429016764,0.0360268980928092
28.6707763671875,0.0542503837574711,0.2467957551403079,0.0169873598767606,0.1415780476692172,0.0719660896181687,0.0518064726691521,4.190238294890833,1.0100279007157391,1.4591278675708033,1.1404271985721848,0.0167044165650908,0.2002637618966307,0.0360152758472541
28.78409767150879,0.0541886323811248,0.2464775811292065,0.0169815652397954,0.1415519546792862,0.071937337781439,0.0517026433504345,4.184822983634171,1.0099900062525329,1.4590558823400306,1.1403187567028277,0.0166968943055029,0.200108341150469,0.0359591566443901
28.787458419799805,0.0541869260655899,0.2464687894279375,0.0169814050241195,0.141551232408986,0.0719365426514161,0.0516997746687133,4.184673370396038,1.009988958990958,1.4590538772506485,1.14031574790555,0.0166966863556136,0.2001040462103092,0.0359576060487499
28.799299240112305,0.0541809687743644,0.2464380948287688,0.0169808456262986,0.1415487102958059,0.0719337663719928,0.0516897593014611,4.18415103076498,1.009985302611626,1.4590468713287994,1.1403052389830168,0.0166959603036499,0.2000890510848567,0.0359521924568689
28.80045509338379,0.0541803917679934,0.246435121839269,0.0169807914418795,0.14154846597579,0.0719334974511076,0.0516887892505775,4.184100439059741,1.009984948460597,1.4590461923102735,1.140304220775627,0.0166958899776793,0.2000875986896931,0.0359516681142236
28.826866149902344,0.0541674229610738,0.2463683009780209,0.016979573471663,0.1415429730818407,0.0719274523737046,0.0516669867742608,4.18296336674217,1.0099769883579863,1.4590309111013342,1.1402813204343958,0.0166943092139051,0.200054954197684,0.0359398830903275
28.83443069458008,0.0541637835752162,0.2463495493358705,0.016979231638148,0.1415414311248623,0.0719257557035851,0.0516608685631867,4.182644283673047,1.0099747544809736,1.4590266163953578,1.140274889066777,0.0166938655724439,0.2000457931606299,0.0359365759415287
28.898067474365234,0.0541344407561957,0.2461983633331322,0.0169764750329055,0.1415289919112493,0.0719120725026706,0.0516115418857384,4.1800717796908895,1.009956742784688,1.4589919008448655,1.140222966945623,0.0166902881525659,0.1999719296651427,0.0359099123188928
28.91175079345703,0.0541284188984797,0.2461673363991474,0.0169759092042593,0.1415264377075867,0.0719092636638562,0.0516014192165651,4.179543864219792,1.0099530461735575,1.458984759027071,1.14021229789532,0.0166895538766533,0.1999567707054895,0.0359044403965048
28.968555450439453,0.0541044512763639,0.2460438462369593,0.0169736568521507,0.1415162678972921,0.0718980822120465,0.0515611309368027,4.177442774032935,1.0099383327918627,1.458956285762366,1.140169796890692,0.0166866310973603,0.1998964354108043,0.0358826618496226
29.004735946655277,0.0540900161921502,0.2459694714594201,0.016972300123006,0.1415101403582684,0.0718913466000943,0.0515368670005911,4.176177386600593,1.0099294709793467,1.4589391052290246,1.140144175096631,0.0166848705940708,0.1998600963129833,0.0358695453714093
29.00599670410156,0.0540895244038136,0.2459669375900197,0.0169722538984107,0.1415099315704041,0.0718911171097421,0.0515360403610655,4.176134276684425,1.009929169062918,1.4589385195407736,1.1401433019070617,0.0166848106133894,0.1998588582696358,0.0358690985087018
29.0068416595459,0.054089195225424,0.2459652415452974,0.0169722229579124,0.1415097918172969,0.0718909634999143,0.0515354870503884,4.1761054210918775,1.0099289669751108,1.4589381274978013,1.1401427174280698,0.0166847704652614,0.1998580295853804,0.0358687994013431
29.007795333862305,0.0540888240933166,0.2459633293400857,0.0169721880739793,0.1415096342517198,0.071890790312044,0.0515348632206295,4.17607288787717,1.0099287391311311,1.4589376854768703,1.1401420584479722,0.0166847252001907,0.1998570952852166,0.0358684621728811
29.031707763671875,0.0540796559372232,0.2459160917469269,0.0169713263044976,0.1415057415627336,0.0718865118525255,0.0515194527022727,4.175269218511187,1.009923110612756,1.4589267621953683,1.140125776480902,0.0166836069841013,0.1998340149814471,0.0358601315684145
29.04377174377441,0.0540751295170737,0.2458927700393219,0.0169709008231072,0.1415038194889762,0.0718843994205864,0.0515118444138684,4.174872441822234,1.009920331724279,1.4589213666008027,1.140117735850824,0.0166830548927613,0.1998226199219443,0.0358560186719395
29.07402992248535,0.0540640610208004,0.2458357412940816,0.0169698603484833,0.1414991188931675,0.0718792335956309,0.0514932399365295,4.17390220972694,1.0099135364156668,1.4589081660033414,1.1400980688588744,0.0166817048191438,0.199794755332728,0.0358459614072197
29.091312408447266,0.0540579172386041,0.2458040864112063,0.016969282789889,0.1414965094383235,0.0718763660498876,0.0514829132410762,4.173363669063118,1.0099097645107815,1.4589008349926642,1.1400871494135694,0.0166809554124839,0.1997792884729419,0.0358403789501386
29.16852378845215,0.0540319748521056,0.2456704224377784,0.0169668438712894,0.1414854889324447,0.0718642566908464,0.0514393088386241,4.171089693150969,1.0098938372291535,1.4588698546436911,1.1400410224331077,0.0166777908634132,0.1997139784432565,0.0358168069254298
29.19039535522461,0.0540250530695515,0.2456347590991185,0.0169661930993642,0.1414825480565337,0.071861025512598,0.0514276747085281,4.170482973526487,1.0098895875555152,1.4588615829310771,1.1400287107057276,0.0166769464846346,0.199696552710962,0.0358105176205464
29.23503303527832,0.0540114784315773,0.2455648180564528,0.0169649168047721,0.1414767801157196,0.0718546884617414,0.0514048585786619,4.169293114786206,1.0098812532608907,1.45884535522181,1.1400045612269505,0.0166752904996435,0.1996623781520861,0.0357981833970979
29.2525634765625,0.0540063432404948,0.2455383598565128,0.0169644339808047,0.1414745980067975,0.0718522911283292,0.0513962274314403,4.1688430019657465,1.0098781004378474,1.4588392146641025,1.139995424314801,0.0166746640418183,0.1996494501164131,0.0357935174560893
29.285518646240234,0.0539969776259683,0.2454901051303109,0.0169635533884345,0.1414706180855771,0.071847918759427,0.0513804859001769,4.168022084580604,1.0098723502652605,1.4588280133275475,1.1399787586825656,0.0166735214889991,0.1996258717849245,0.0357850076768536
29.297388076782227,0.0539936942296573,0.2454731879960444,0.0169632446668015,0.1414692227581328,0.0718463858703096,0.0513749672478719,4.16773428828089,1.0098703343643018,1.4588240857710917,1.139972915589611,0.0166731209294249,0.1996176056825753,0.0357820243225979
29.346982955932617,0.0539804704784604,0.2454050549098296,0.016962001285722,0.1414636029153729,0.071840212106905,0.0513527411464524,4.166575203726425,1.009862215374084,1.4588082649707073,1.1399493806631449,0.0166715076751958,0.1995843142166272,0.0357700089946902
29.348541259765625,0.0539800676133344,0.2454029792174361,0.0169619634054014,0.1414634317004119,0.0718400240189795,0.0513520640236075,4.166539891993367,1.0098619680262424,1.4588077829234356,1.1399486636172325,0.0166714585266041,0.1995832999818217,0.0357696429448596
29.362361907958984,0.053976527408471,0.2453847389293567,0.0169616305286097,0.1414619271258204,0.0718383711775427,0.0513461137632784,4.166229587928339,1.0098597944387149,1.4588035467561913,1.139942362416311,0.0166710266291408,0.1995743873209346,0.0357664262577552
29.379234313964844,0.0539722844246991,0.2453628776973833,0.0169612315692454,0.1414601238469079,0.0718363902111793,0.0513389823019467,4.165857684740627,1.0098571893611772,1.4587984693271565,1.139934810090684,0.0166705089922234,0.1995637053682943,0.0357625710162872
29.40070533752441,0.0539670079055351,0.2453356913576142,0.0169607354257832,0.1414578812764922,0.0718339266884348,0.0513301137193648,4.165395191449334,1.0098539497161902,1.4587921546446645,1.139925417764061,0.0166698652630073,0.1995504214215624,0.0357577766910056
29.423358917236328,0.0539615863945803,0.2453077579758039,0.0169602256459821,0.1414555770448072,0.0718313954513959,0.0513210014498874,4.164919990141297,1.0098506210451592,1.4587856659589171,1.1399157669754592,0.016669203842096,0.1995367724388752,0.0357528506267543
29.43050575256348,0.0539599063922623,0.2452991020598236,0.016960067676308,0.141454863008757,0.0718306110750955,0.0513181777677905,4.164772736249886,1.009849589565167,1.458783655171187,1.1399127763454855,0.0166689988823284,0.1995325429291146,0.0357513241525745
29.432100296020508,0.0539595335282662,0.2452971809438082,0.0169600326160813,0.1414547045333281,0.0718304369883877,0.0513175510727082,4.164740054354047,1.009849360635812,1.4587832088861787,1.1399121125930882,0.0166689533930018,0.1995316042208167,0.0357509853630376
29.48015594482422,0.0539486250466333,0.2452409769195835,0.0169590068915189,0.1414500681213082,0.0718253438859192,0.0512992165448929,4.163783916406491,1.0098426630869992,1.4587701515659537,1.1398926932550475,0.016667622555644,0.1995041414214864,0.0357410737660534
29.52792739868164,0.0539383877644734,0.2451882311393623,0.0169580442719559,0.1414457168860149,0.0718205641093776,0.051282010168317,4.162886611510366,1.0098363776258008,1.4587578963776175,1.1398744677986947,0.0166663735971736,0.1994783683815404,0.0357317720375353
29.52810287475586,0.0539383512332472,0.2451880429187109,0.0169580408368846,0.1414457013586977,0.071820547052906,0.051281948768268,4.162883409525739,1.0098363551964291,1.4587578526436653,1.1398744027605836,0.0166663691403167,0.1994782764117019,0.0357317388447962
29.53936004638672,0.0539360236997666,0.2451760507161987,0.0169578219761972,0.1414447120564118,0.0718194603237822,0.0512780367547794,4.162679399810402,1.009834926141678,1.4587550661731747,1.1398702589327845,0.0166660851780671,0.199472416687819,0.0357296240182725
29.57301521301269,0.0539292499969194,0.2451411504179471,0.0169571850353505,0.1414418329184874,0.071816297659833,0.0512666518256464,4.162085681052299,1.0098307672332534,1.458746956577176,1.139858199150836,0.0166652587754996,0.1994553634241236,0.0357234693472722
29.589900970458984,0.0539259532499424,0.2451241645167006,0.0169568750367539,0.1414404316374757,0.0718147583924039,0.0512611108072864,4.161796719567951,1.009828743099894,1.4587430095198943,1.1398523295770038,0.0166648565663099,0.1994470636334957,0.0357204738825639
29.59483337402344,0.0539250028114164,0.2451192675516687,0.0169567856653479,0.1414400276527633,0.0718143146273492,0.0512595133549083,4.161713413187763,1.009828159550462,1.458741871584602,1.1398506373915709,0.0166647406109743,0.1994446708378358,0.0357196103025558
29.60630989074707,0.0539228130495733,0.2451079851943709,0.0169565797580417,0.141439096890681,0.0718132922143164,0.051255832906688,4.1615214795754,1.009826815082118,1.458739249815458,1.1398467386639688,0.0166644734556568,0.1994391579582591,0.0357176206584439
29.64778709411621,0.0539151461291547,0.2450684827558877,0.0169558588219989,0.1414358380332915,0.0718097124727192,0.0512429467142958,4.160849470896114,1.009822107749558,1.458730070079985,1.1398330880243053,0.0166635380745993,0.1994198559410379,0.0357106544031717
29.65187263488769,0.053914411398481,0.2450646971873878,0.0169557897336732,0.1414355257314023,0.071809369420796,0.0512417118145771,4.160785071481393,1.009821656639743,1.4587291903558357,1.139831779851993,0.0166634484357409,0.1994180062039272,0.0357099868182305
29.66225242614746,0.053912560872098,0.2450551626809665,0.0169556157245657,0.1414347391524907,0.0718085053939406,0.0512386015397664,4.160622872179806,1.0098205204537356,1.4587269746290432,1.139828485019024,0.0166632226671218,0.199413347370891,0.0357083054082462
29.674400329589844,0.0539104242336844,0.2450441540335726,0.0169554148115695,0.1414338309579087,0.0718075077779599,0.0512350103822275,4.160435595088144,1.0098192086004634,1.4587244163035618,1.139824680750683,0.0166629619920207,0.1994079682297772,0.0357063640336422
29.674501419067383,0.0539104065840487,0.2450440630969807,0.0169554131519333,0.1414338234557876,0.0718074995371798,0.0512349807175833,4.160434048091637,1.009819197763939,1.4587243951704956,1.1398246493255668,0.0166629598387214,0.1994079237955456,0.0357063479969776
29.677322387695312,0.0539099149229752,0.2450415299012211,0.0169553669198976,0.1414336144712031,0.0718072699759979,0.0512341543577207,4.1603909538341535,1.0098188958938343,1.4587238064718195,1.1398237739242072,0.0166628998548506,0.1994066860033015,0.0357059012680052
29.70140266418457,0.0539057851630267,0.2450202520519141,0.0169549785886703,0.1414318590791091,0.0718053417503226,0.0512272132603503,4.160028979060309,1.0098163603030388,1.4587188615880489,1.139816420861037,0.016662396013619,0.1993962890335306,0.0357021489203338
29.7370548248291,0.0538998861191909,0.2449898582846411,0.0169544238866364,0.1414293516264178,0.0718025874231595,0.0512172984403708,4.159511926176551,1.0098127384056723,1.458711798072008,1.1398059174762265,0.0166616763144737,0.1993814377605664,0.0356967889815978
29.74204444885254,0.0538990805059414,0.244985707506662,0.0169543481327154,0.1414290091908913,0.0718022112732018,0.0512159444058465,4.159441313959644,1.009812243774808,1.4587108334197325,1.1398044830547327,0.0166615780274358,0.1993794095702345,0.035696056992242
29.79131317138672,0.0538913797119602,0.2449460305455698,0.0169536240062073,0.1414257358673481,0.0717986156804503,0.0512030012982366,4.158766337470851,1.00980751563594,1.4587016122687109,1.1397907714429734,0.0166606385086514,0.1993600222551092,0.035689059963958
29.80086326599121,0.0538899390451786,0.2449386077682501,0.0169534885362794,0.1414251234913485,0.0717979430150397,0.0512005798983341,4.158640062702809,1.0098066310941305,1.458699887151937,1.139788206254342,0.0166604627430783,0.1993563952700839,0.0356877509579893
29.80431365966797,0.0538894225927898,0.2449359468399041,0.0169534399728073,0.1414249039657638,0.0717977018768729,0.0511997118712938,4.158594795536559,1.0098063140022402,1.4586992687280087,1.139787286680532,0.0166603997343632,0.1993550950630165,0.0356872817035735
29.85981559753418,0.0538814027140468,0.2448946258530706,0.016952685840474,0.1414214949926893,0.0717939572900953,0.0511862324668653,4.157891851519688,1.009801389949158,1.4586896652641566,1.1397730067453722,0.0166594212849592,0.1993349044234669,0.0356799947526015
29.85991668701172,0.0538813885894234,0.2448945530784826,0.0169526845122941,0.1414214889887894,0.0717939506951174,0.0511862087269192,4.157890613493744,1.0098013812769064,1.4586896483503824,1.139772981595421,0.0166594195617117,0.1993348688636769,0.0356799819188125
29.87445068359375,0.0538793755938098,0.244884181479755,0.0169524952243612,0.1414206333320592,0.0717930108000159,0.0511828253867409,4.157714174049603,1.009800145335625,1.4586872378495397,1.139769397302288,0.0166591739700301,0.1993298009973879,0.0356781528887593
29.880836486816406,0.0538785021995374,0.2448796814724865,0.0169524130964974,0.1414202620813172,0.0717926030002101,0.0511813574303281,4.157637620881201,1.009799609088013,1.4586861919838596,1.1397678421547102,0.0166590674132158,0.1993276021622404,0.0356773593130902
29.88375473022461,0.0538781052934008,0.2448776364848428,0.0169523757742286,0.1414200933697308,0.0717924176792515,0.0511806903308102,4.157602831986229,1.0097993653951258,1.4586857166991332,1.1397671354315453,0.0166590189894312,0.1993266029214632,0.0356769986798004
29.88407325744629,0.053878062055154,0.2448774137075353,0.0169523717084071,0.1414200749905898,0.0717923974907159,0.0511806176581785,4.15759904214606,1.009799338847657,1.4586856649224431,1.139767058442369,0.0166590137142303,0.199326494065954,0.0356769593930528
29.921844482421875,0.0538730503990314,0.2448515920488288,0.0169519004472586,0.1414179447003011,0.0717900574781425,0.0511721943236338,4.157159769613295,1.0097962617849816,1.4586796635687669,1.1397581347668633,0.0166584022764199,0.1993138768475814,0.0356724057472115
29.92341423034668,0.053872847000496,0.2448505440743809,0.0169518813210747,0.1414178582421932,0.0717899625084724,0.0511718524618276,4.157141941697532,1.0097961369020934,1.4586794200023063,1.1397577725979149,0.0166583774611531,0.1993133647765642,0.0356722209370715
30.00837135314941,0.0538623918790018,0.2447966759380801,0.0169508981936327,0.1414134141031192,0.071785080860035,0.0511542800326767,4.156225548666077,1.0097897176526376,1.4586669000789845,1.1397391562713497,0.0166571019026566,0.1992870432248825,0.0356627212995228
30.03274917602539,0.0538595837127649,0.2447822073658761,0.0169506341329201,0.1414122204392076,0.0717837696853465,0.0511495602121502,4.155979412491062,1.0097879934907394,1.4586635372986327,1.139734156048885,0.0166567592971887,0.1992799734554587,0.0356601697691544
30.05145072937012,0.053857484489436,0.2447713914947205,0.0169504367363079,0.1414113281243892,0.0717827895264483,0.051146031946301,4.155795415271907,1.0097867046065616,1.4586610234722728,1.13973041816637,0.0166565031850428,0.199274688502938,0.0356582623920509
30.05629539489746,0.053856948331909,0.2447686290393601,0.0169503863197147,0.1414111002203749,0.0717825391864176,0.0511451308005105,4.155748420990366,1.0097863754157794,1.4586603814212935,1.1397294634823436,0.016656437772058,0.1992733386860446,0.0356577752335048
30.070709228515625,0.0538553714910026,0.2447605046498288,0.0169502380443524,0.1414104299538579,0.0717818029355686,0.0511424805280563,4.155610210668898,1.0097854072646808,1.45865849314587,1.1397266557525418,0.0166562453922631,0.1992693688704576,0.0356563424987611
30.07350730895996,0.0538550685400627,0.2447589437495365,0.0169502095569111,0.1414103011787215,0.0717816614831863,0.0511419713438282,4.155583656977971,1.009785221258415,1.4586581303602415,1.1397261163165788,0.0166562084312472,0.1992686061686763,0.0356560672342549
30.078350067138672,0.053854546610856,0.2447562546030469,0.0169501604782449,0.1414100793226358,0.0717814177865255,0.051141094112285,4.155537909812304,1.0097849008035462,1.4586575053465891,1.1397251869666647,0.0166561447541575,0.1992672921726239,0.0356555930037215
30.083261489868164,0.0538540203742828,0.2447535432636393,0.016950110994542,0.1414098556356027,0.071781172078681,0.0511402096411515,4.155491785105878,1.0097845777040326,1.458656875174602,1.1397242499468512,0.0166560805515537,0.1992659673324514,0.0356551148594713
30.105506896972656,0.0538516753873153,0.2447414611395408,0.0169498904879232,0.1414088588533184,0.071780077168553,0.0511362683087562,4.155286246686421,1.0097831379254187,1.4586540670334898,1.1397200744476776,0.0166557944553647,0.199260063651232,0.0356529841789263
30.114336013793945,0.053850761908921,0.2447367546062166,0.0169498045906233,0.1414084705614818,0.0717796506515312,0.0511347329817032,4.155206180185392,1.0097825770665732,1.4586529731344653,1.139718447901163,0.0166556830079635,0.1992577639005835,0.0356521541825751
30.117202758789062,0.053850467387765,0.2447352371388696,0.0169497768958546,0.1414083453695001,0.0717795131350969,0.0511342379658388,4.155180365367586,1.0097823962360268,1.45865262044246,1.13971792347447,0.0166556470754024,0.1992570224213895,0.0356518865774667
30.157485961914062,0.0538464343280979,0.2447144575235094,0.0169493976542855,0.1414066310380811,0.0717776300375838,0.051127459408726,4.154826867169988,1.009779920011875,1.458647790807509,1.139710742171995,0.0166551550286676,0.1992468688897875,0.035648222095866
30.16153717041016,0.0538460394298097,0.2447124228810235,0.0169493605207261,0.1414064631787436,0.0717774456534832,0.051126795684214,4.154792254285053,1.0097796775516137,1.4586473179117414,1.1397100390121009,0.0166551068497555,0.1992458747035769,0.0356478632870159
30.16157341003418,0.0538460359059599,0.2447124047250205,0.0169493601893672,0.1414064616808614,0.0717774440081433,0.0511267897615105,4.154791945419174,1.0097796753880348,1.4586473136918858,1.1397100327374978,0.0166551064198341,0.1992458658320194,0.0356478600852079
30.170581817626957,0.0538451646939289,0.2447079159615603,0.0169492782664888,0.1414060913549097,0.0717770372257981,0.0511253254736334,4.154715583575039,1.0097791404799217,1.4586462704039718,1.1397084814482752,0.0166550001290504,0.1992436724900512,0.0356470684925499
30.184572219848636,0.0538438302263428,0.2447010403570866,0.0169491527821906,0.14140552411293,0.0717764141422483,0.051123082569925,4.154598617324313,1.009778321141436,1.4586446723605702,1.139706105280733,0.0166548373195334,0.1992403128672773,0.0356458559808964
30.19501495361328,0.0538428486716223,0.2446959830727553,0.0169490604834257,0.1414051068835324,0.0717759558391479,0.0511214328238215,4.154512583931446,1.009777718484936,1.4586434969345934,1.1397043575132162,0.0166547175665652,0.1992378417292462,0.0356449641296877
30.20240020751953,0.0538421618997175,0.2446924446039149,0.0169489959040404,0.1414048149574221,0.0717756351746969,0.051120278533342,4.154452388289264,1.009777296819646,1.4586426745150043,1.1397031346391089,0.0166546337780873,0.1992361127291759,0.0356443401213267
30.254138946533203,0.0538375177691765,0.2446685165557793,0.0169485592013767,0.1414028408765476,0.0717734667578972,0.0511124729205147,4.154045329682406,1.0097744454090412,1.4586371130936568,1.1396948652413113,0.0166540671785366,0.1992244207801183,0.0356401204142509
30.258249282836918,0.0538371610520789,0.2446666786350306,0.0169485256581082,0.1414026892467568,0.0717733002011186,0.0511118733689954,4.154014063385888,1.00977422639131,1.4586366859187867,1.1396942300660229,0.0166540236578482,0.1992235227178989,0.0356397962972519
30.322614669799805,0.0538317988940409,0.2446390510793036,0.01694802143692,0.141400409952993,0.0717707965256459,0.0511028609331684,4.153544069597647,1.0097709341249348,1.4586302646366358,1.1396846821306557,0.0166533694564604,0.1992100230801928,0.0356349241827163
30.33771133422852,0.0538306001342359,0.2446328746848242,0.0169479087136227,0.1413999003957842,0.0717702368058878,0.0511008461201766,4.153438998160249,1.009770198108458,1.4586288290986262,1.139682547600816,0.0166532232037087,0.1992070051118479,0.0356338349766554
30.34765243530273,0.0538298225467434,0.244628868305006,0.0169478355945314,0.1413995698664065,0.0717698737380807,0.0510995391916582,4.15337084252575,1.0097697206840344,1.4586278979223783,1.1396811630166022,0.0166531283354028,0.1992050474766052,0.0356331284522923
30.35492706298828,0.0538292593860881,0.2446259667209344,0.0169477826386953,0.141399330483509,0.0717696107895263,0.0510985926605917,4.153321481428753,1.0097693749137455,1.4586272235263664,1.139680160244026,0.0166530596278962,0.1992036296771195,0.0356326167584619
30.37105178833008,0.0538280285116457,0.2446196248615645,0.0169476668955486,0.1413988072752546,0.0717690360749056,0.0510965238710087,4.15321359514081,1.0097686191794637,1.4586257495296198,1.1396779685297305,0.0166529094570451,0.1992005308577309,0.0356314983727004
30.38932037353516,0.0538266625008354,0.244612586736342,0.016947538445085,0.1413982266245007,0.0717683982629735,0.051094227951273,4.153093864135089,1.0097677804739311,1.4586241137039475,1.1396755361891766,0.0166527427990968,0.199197091822318,0.0356302572005834
30.406476974487305,0.0538254066557654,0.2446061162203139,0.0169474203538642,0.1413976928019133,0.0717678118891441,0.0510921171923796,4.152983789169958,1.009767009408136,1.4586226098036237,1.1396733000112131,0.0166525895817403,0.199193930137476,0.0356291161262469
30.428464889526367,0.0538238345565347,0.2445980162615449,0.0169472725242269,0.141397024549001,0.0717670778512496,0.0510894748899925,4.152845994491596,1.009766044168092,1.4586207271819758,1.139670500705642,0.0166523977803009,0.1991899722588747,0.0356276876999791
30.42985725402832,0.0538237363962689,0.2445975105084153,0.0169472632938956,0.1413969828239723,0.0717670320186746,0.0510893099073378,4.152837390733018,1.009765983899492,1.4586206096329923,1.1396703259198566,0.0166523858044154,0.1991897251329879,0.0356275985105059
30.435569763183597,0.0538233353849373,0.244595444369603,0.0169472255854869,0.141396812365903,0.0717668447801643,0.051088635908412,4.15280224204392,1.0097657376859015,1.4586201294134702,1.1396696118724678,0.0166523368796722,0.1991887155566617,0.035627234147299
30.445756912231445,0.0538226270549841,0.2445917948268081,0.0169471589789011,0.1413965112757604,0.0717665140497424,0.0510874453843761,4.15274015684231,1.0097653027843216,1.458619281173347,1.139668350608414,0.0166522504610136,0.1991869322824765,0.0356265905510866
30.47515106201172,0.0538206311682361,0.2445815113790369,0.0169469712991299,0.1413956628832186,0.0717655821387381,0.0510840908020613,4.152565217141088,1.009764077346519,1.4586168910562407,1.1396647966990527,0.0166520069560534,0.1991819074867631,0.0356247770669316
30.51231384277344,0.0538182066233958,0.2445690193474714,0.0169467433112284,0.1413946322807097,0.0717644500804749,0.0510800157536016,4.152352705510072,1.0097625887205115,1.458613987611083,1.1396604795132883,0.0166517111533455,0.199175803511885,0.0356225740994282
30.51531791687012,0.053818015322853,0.2445680337058,0.0169467253226109,0.1413945509644879,0.0717643607592298,0.0510796942256312,4.152335937995759,1.009762471265491,1.4586137585244898,1.1396601388802627,0.0166516878140291,0.1991753218983089,0.0356224002816986
30.527172088623047,0.0538172671476674,0.2445641788676213,0.0169466549692438,0.1413942329372673,0.0717640114244168,0.0510784367318222,4.152270360355947,1.0097620118996646,1.458612862568263,1.1396588066666715,0.0166515965341135,0.199173438310731,0.0356217204816843
30.53384017944336,0.0538168509514522,0.2445620344914146,0.0169466158329482,0.14139405602452,0.0717638170958278,0.0510777372109417,4.152233880710481,1.00976175636283,1.4586123641641184,1.1396580655805153,0.0166515457567604,0.1991723905052997,0.0356213423213297
30.55300712585449,0.053815673028364,0.2445559654544051,0.016946505068975,0.141393555324117,0.0717632671049229,0.0510757574192893,4.152130635618644,1.0097610331396814,1.458610953575143,1.139655968150278,0.0166514020461391,0.1991694249948939,0.0356202720477544
30.56410789489746,0.053815003123647,0.244552513890738,0.0169464420756357,0.1413932705673511,0.0717629543158203,0.0510746314784006,4.152071918394397,1.009760621830483,1.458610151349344,1.1396547753062891,0.0166513203154855,0.1991677384591289,0.0356196633651288
30.578712463378903,0.0538141352752974,0.2445480424580905,0.0169463604690067,0.141392901670572,0.0717625491037043,0.0510731728441884,4.151995851388599,1.0097600889875291,1.4586091120815758,1.1396532300003763,0.0166512144350354,0.1991655535853085,0.035618874828793
30.617280960083008,0.0538119153066532,0.24453660446862,0.0169461517180659,0.1413919580272439,0.0717615125652308,0.0510694416367584,4.1518012708867404,1.0097587259675331,1.458606453619256,1.1396492770852282,0.016650943591309,0.199159964646431,0.0356168577414297
30.63096618652344,0.0538111520022806,0.2445326716800231,0.0169460799420489,0.1413916335690148,0.0717611561663423,0.0510681587146111,4.15173436717264,1.0097582573126591,1.4586055395450277,1.1396479179319865,0.0166508504655784,0.1991580429699711,0.0356161641948762
30.634431838989254,0.0538109606863792,0.2445316859592236,0.0169460619519863,0.1413915522462536,0.0717610668379204,0.0510678371608296,4.15171759831234,1.0097581398482074,1.4586053104399064,1.1396475772715082,0.0166508271243874,0.1991575613177256,0.0356159903631925
30.66704559326172,0.0538091987904669,0.2445226081071876,0.0169458962751261,0.1413908033161285,0.0717602441808341,0.0510648758581489,4.151563167937705,1.0097570580764563,1.4586032005295615,1.139644440008393,0.0166506121670902,0.1991531256115707,0.0356143894856382
30.6693115234375,0.0538090789241183,0.2445219905173685,0.0169458850036995,0.1413907523644689,0.0717601882133385,0.0510646743930469,4.151552661638781,1.0097569844807182,1.4586030569868802,1.13964422657224,0.0166505975429876,0.1991528238389759,0.035614280573786
30.6733341217041,0.0538088669333944,0.2445208982732581,0.0169458650695153,0.1413906622534465,0.0717600892315135,0.0510643180901033,4.151534080627997,1.0097568543223043,1.4586028031231604,1.1396438490977834,0.0166505716793977,0.1991522901363008,0.0356140879567365
30.685815811157227,0.0538082156338006,0.2445175425691595,0.0169458038256747,0.1413903854051425,0.0717597851294228,0.0510632234197452,4.15147699414557,1.0097564544363076,1.4586020231770478,1.1396426893821228,0.0166504922186305,0.1991506504403362,0.0356134961789294
30.688697814941406,0.0538080666327511,0.2445167748680299,0.0169457898146164,0.1413903220691777,0.0717597155584737,0.0510629729865587,4.151463934186841,1.0097563629523978,1.4586018447448896,1.1396424240681955,0.0166504740399953,0.1991502753189287,0.0356133607949748
30.705236434936523,0.0538072214830964,0.2445124203863185,0.0169457103424172,0.1413899628209089,0.071759320944718,0.0510615525031348,4.1513898567247125,1.00975584404602,1.458600832658862,1.139640919179624,0.0166503709288603,0.1991481475907744,0.0356125928829183
30.707277297973636,0.0538071183511326,0.2445118890174096,0.0169457006445798,0.1413899189825432,0.071759272790771,0.0510613791643134,4.151380817196509,1.0097557807248867,1.4586007091559752,1.1396407355410048,0.0166503583464096,0.199147887948258,0.0356124991761079
30.71166610717773,0.0538068974241033,0.2445107507306047,0.0169456798700854,0.141389825072959,0.0717591696364433,0.0510610078416979,4.151361452917752,1.0097556450797462,1.4586004445908023,1.1396403421543873,0.0166503313925601,0.1991473317477626,0.0356122984394371
30.713245391845703,0.0538068182095653,0.2445103425919337,0.016945672421282,0.1413897914011877,0.0717591326499211,0.0510608747020373,4.1513545097546025,1.0097555964434737,1.4586003497295794,1.1396402011035631,0.0166503217281167,0.1991471323191739,0.0356122264642568
30.722007751464844,0.053806381423196,0.2445080921286606,0.0169456313488243,0.1413896057361426,0.0717589287074482,0.0510601405743079,4.151316225380323,1.0097553282646583,1.458599826667894,1.1396394233539324,0.0166502684386926,0.1991460326764648,0.0356118295954689
30.724931716918945,0.0538062366896563,0.244507346415109,0.0169456177390539,0.1413895442141696,0.0717588611290665,0.0510598973137297,4.151303539469343,1.009755239400921,1.4585996533461618,1.1396391656387983,0.016650250780708,0.1991456682988359,0.0356116980890199
30.736955642700195,0.0538056468330021,0.2445043072847111,0.0169455622728943,0.1413892934834456,0.0717585857156534,0.0510589059134589,4.151251838467588,1.0097548772397609,1.458598946979285,1.139638115329465,0.016650178816188,0.199144183290115,0.0356111621389282
30.764339447021484,0.0538043348528608,0.244497547542825,0.0169454389030895,0.1413887357992495,0.0717579731313452,0.0510567008057277,4.151136843261298,1.0097540717080309,1.4585973758529036,1.139635779194056,0.0166500187501436,0.199140880280916,0.0356099700596785
30.767498016357425,0.0538041862814531,0.2444967820553477,0.0169454249324317,0.1413886726459104,0.0717579037610014,0.0510564510946614,4.151123820960767,1.0097539804879128,1.458597197935222,1.139635514645134,0.0166500006239259,0.1991405062411636,0.0356098350661014
30.779748916625977,0.0538036153345172,0.2444938403538754,0.0169453712444147,0.1413884299531476,0.0717576371768332,0.0510554914768591,4.151073777398022,1.009753629936972,1.4585965142131143,1.1396344980067437,0.0166499309664557,0.1991390688390872,0.0356093162975832
30.78377914428711,0.0538034293376449,0.2444928820384181,0.0169453537545174,0.141388350891343,0.071757550331947,0.0510551788630257,4.151057474751334,1.0097535157383053,1.458596291477572,1.139634166817362,0.0166499082742038,0.1991386005778979,0.035609147298827
30.800207138061523,0.0538026804285212,0.2444890234187558,0.0169452833321307,0.141388032552082,0.0717572006544131,0.0510539201356688,4.150991832782926,1.0097530559218466,1.4585953946416192,1.1396328332962768,0.0166498169047405,0.1991367151425573,0.0356084668319533
30.800935745239254,0.0538026475543825,0.2444888540406646,0.0169452802408674,0.1413880185782517,0.0717571853049569,0.0510538648825327,4.150988951360993,1.009753035737729,1.4585953552740791,1.139632774759992,0.0166498128939836,0.1991366323794277,0.0356084369621578
30.8046817779541,0.0538024789901987,0.2444879855440014,0.0169452643902231,0.1413879469265702,0.0717571065996688,0.0510535815686522,4.150974176691408,1.009752932242413,1.458595153414577,1.139632474611565,0.0166497923285791,0.1991362080063494,0.0356082838029295
30.805316925048828,0.05380245048497,0.2444878386759337,0.0169452617097827,0.1413879348098351,0.0717570932901259,0.0510535336585519,4.150971678204924,1.0097529147407258,1.458595119278907,1.1396324238546405,0.0166497888508441,0.199136136242281,0.0356082579027725
30.8057861328125,0.0538024294410209,0.2444877302507679,0.016945259730951,0.1413879258646707,0.0717570834643727,0.0510534982889809,4.150969833700434,1.0097529018201272,1.458595094078292,1.1396323863834048,0.0166497862834107,0.199136083262548,0.0356082387820143
30.805858612060547,0.0538024261913874,0.2444877135076152,0.0169452594253773,0.1413879244833469,0.0717570819470673,0.0510534928271665,4.150969548869692,1.0097528998249117,1.4585950901867808,1.139632380597049,0.0166497858869443,0.1991360750813499,0.0356082358293623
30.816804885864254,0.0538019386459953,0.2444852015176032,0.0169452135798812,0.1413877172421261,0.071756854304399,0.051052673386323,4.150926815461495,1.0097526004809871,1.4585945063399095,1.1396315124649214,0.016649726404746,0.1991348476489609,0.0356077928403815
30.848190307617188,0.0538005757778151,0.2444781795842397,0.0169450854249057,0.1413871379269049,0.0717562179596513,0.0510503827486365,4.150807359913164,1.009751763704933,1.4585928742737362,1.1396290857172051,0.0166495601301864,0.1991314165252719,0.035606554523714
30.870784759521484,0.0537996259814529,0.2444732859291943,0.0169449961124312,0.1413867341963755,0.0717557744846802,0.0510487863805011,4.150724110156101,1.0097511805473962,1.4585917368705903,1.139627394492613,0.0166494442517955,0.1991290253411218,0.0356056915285395
30.89232063293457,0.0537987443741578,0.244468743606048,0.0169449132119985,0.1413863594510121,0.0717553628482625,0.0510473046209843,4.150646837178114,1.009750639256693,1.458590681125406,1.1396258246866853,0.0166493366927025,0.1991268058280946,0.0356048904906808
30.895004272460938,0.053798636104836,0.2444681857678257,0.0169449030310782,0.1413863134289038,0.0717553122956003,0.0510471226475606,4.150637347359959,1.009750572781316,1.4585905514703807,1.1396256319003677,0.0166493234834764,0.1991265332518904,0.0356047921160121
30.902080535888672,0.0537983522869695,0.2444667234472816,0.0169448763427511,0.1413861927862664,0.0717551797765412,0.0510466456213105,4.150612470692385,1.0097503985223546,1.4585902115918998,1.1396251265291302,0.0166492888567302,0.1991258187189552,0.0356045342360514
30.90892219543457,0.0537980801637808,0.2444653213814568,0.0169448507541128,0.141386077114692,0.0717550527179115,0.0510461882508613,4.150588619064476,1.00975023144371,1.4585898857180633,1.1396246419816434,0.0166492556567742,0.1991251336282511,0.0356042869819989
30.910593032836918,0.0537980140463465,0.2444649807232591,0.0169448445368731,0.1413860490101128,0.0717550218466335,0.0510460771241294,4.150582823863969,1.0097501908488182,1.4585898065409002,1.1396245242517402,0.0166492475902219,0.1991249671726108,0.0356042269069879
30.918506622314453,0.0537977026911986,0.2444633765218123,0.0169448152591247,0.1413859166621849,0.0717548764699803,0.0510455538146514,4.1505555335504525,1.0097499996824704,1.4585894336858791,1.1396239698471131,0.0166492096038333,0.1991241833124828,0.0356039440063559
30.91889762878418,0.0537976873839212,0.2444632976538164,0.0169448138197311,0.1413859101555108,0.0717548693227698,0.0510455280869787,4.150554191865876,1.0097499902840827,1.4585894153550587,1.139623942590697,0.0166492077362933,0.1991241447752545,0.0356039300979992
30.924457550048828,0.053797470498331,0.2444621801897915,0.0169447934252659,0.141385817963817,0.0717547680554502,0.0510451635570015,4.1505351818196585,1.0097498571203098,1.4585891556295258,1.139623556400278,0.0166491812755124,0.1991235987493814,0.0356037330334222
30.949542999267575,0.0537965097638531,0.244457230178062,0.0169447030842438,0.1413854095838095,0.0717543194732958,0.0510435488046506,4.150450973335469,1.0097492672469688,1.458588005127659,1.1396218456990206,0.0166490640626335,0.1991211800276918,0.035602860099757
30.953052520751957,0.0537963776488664,0.2444565494793369,0.0169446906610372,0.1413853534256089,0.0717542577867145,0.0510433267526784,4.150439393442128,1.0097491861307912,1.45858784691689,1.1396216104526748,0.0166490479441551,0.199120847418223,0.0356027400586609
30.968921661376957,0.0537957871658159,0.2444535071215463,0.0169446351359743,0.1413851024286076,0.0717539820808196,0.0510423342995976,4.150387637536952,1.0097488235850334,1.4585871397997037,1.139620559027826,0.0166489759032116,0.1991193608324984,0.0356022035394201
30.99484634399414,0.053794846417766,0.2444486600862896,0.0169445466743415,0.1413847025442405,0.071753542830643,0.0510407531393891,4.150305180865298,1.0097482459829912,1.458586013232018,1.1396188839147396,0.0166488611287446,0.1991169924281475,0.0356013487656367
31.00222969055176,0.0537945838109207,0.2444473070517201,0.0169445219805563,0.1413845909177837,0.0717534202153451,0.0510403117635164,4.150282163346128,1.0097480847472071,1.458585698754208,1.1396184163122165,0.016648829089815,0.1991163312955614,0.0356011101582378
31.00556182861328,0.0537944660561035,0.2444467003411878,0.0169445109076836,0.1413845408636692,0.0717533652337543,0.0510401138473675,4.150271842123257,1.00974801244791,1.4585855577400726,1.1396182066358465,0.0166488147233261,0.1991160348389052,0.0356010031649461
31.01668930053711,0.0537940762198294,0.2444446917798464,0.0169444742500968,0.1413843751557177,0.0717531832130183,0.0510394586309102,4.1502376729302926,1.0097477730955904,1.4585850909020546,1.1396175124862822,0.0166487671619726,0.1991150533966071,0.0356006489555199
31.01712226867676,0.0537940611564637,0.2444446141685615,0.0169444728336389,0.1413843687527233,0.071753176179694,0.0510394333131915,4.150236352624602,1.00974776384696,1.4585850728633232,1.139617485664179,0.0166487653241906,0.1991150154734448,0.0356006352687839
31.030614852905277,0.0537935956428099,0.2444422156931318,0.0169444290598593,0.1413841708765408,0.0717529588239906,0.0510386509021489,4.150195550301036,1.0097474780301188,1.4585845153998798,1.139616656762097,0.0166487085299391,0.1991138435076259,0.0356002122980795
31.03645133972168,0.0537933966023099,0.2444411901727268,0.0169444103434265,0.1413840862702694,0.0717528658888259,0.0510383163652679,4.150178104378982,1.0097473558229038,1.4585842770442428,1.1396163023469583,0.01664868424632,0.1991133424081163,0.0356000314477432
31.047588348388672,0.0537930206506437,0.244439253149329,0.0169443749914549,0.1413839264642566,0.0717526903510333,0.0510376844853349,4.150145152173462,1.0097471249954784,1.4585838268333606,1.1396156329205755,0.0166486383789359,0.1991123959213685,0.0355996898540209
31.05382537841797,0.0537928122947858,0.2444381796332168,0.0169443553990684,0.1413838378983001,0.0717525930663803,0.0510373342916868,4.150126889759255,1.0097469970688042,1.4585835773223643,1.1396152619183402,0.0166486129588113,0.1991118713697411,0.0355995005396504
31.07808494567871,0.0537920165607909,0.2444340797568226,0.016944280573584,0.141383499655147,0.0717522215255642,0.0510359968635348,4.150057143585918,1.009746508502732,1.4585826244123543,1.139613845019896,0.0166485158765531,0.1991098680492426,0.0355987775271968
31.079418182373047,0.0537919734983204,0.2444338578851828,0.0169442765242783,0.1413834813505554,0.0717522014190141,0.0510359244863826,4.150053369155575,1.0097464820631652,1.458582572844042,1.1396137683420766,0.016648510622785,0.199109759636217,0.0355987384001736
31.08909034729004,0.0537916631523077,0.2444322588831274,0.016944247341422,0.1413833494315789,0.0717520565135408,0.0510354028730071,4.150026167292916,1.0097462915164073,1.458582201197454,1.139613215734311,0.0166484727595141,0.1991089783166627,0.0355984564164529
31.090038299560547,0.053791632929455,0.2444321031653101,0.0169442444994677,0.1413833365847316,0.0717520424020117,0.0510353520760141,4.150023518256504,1.0097462729601303,1.4585821650048831,1.139613161918949,0.0166484690722231,0.1991089022283456,0.0355984289556443
31.0911865234375,0.0537915963675665,0.2444319147867507,0.0169442410614331,0.1413833210433465,0.0717520253306864,0.0510352906247008,4.150020313602899,1.0097462505118016,1.4585821212211687,1.139613096816184,0.0166484646115481,0.1991088101810267,0.0355983957351197
31.099925994873047,0.0537913197312396,0.244430489467793,0.0169442150484095,0.1413832034533674,0.0717518961647997,0.0510348256688052,4.149996066397959,1.0097460806621723,1.4585817899427145,1.1396126042324983,0.0166484308609737,0.1991081137281552,0.0355981443803815
31.134918212890625,0.0537902407478924,0.2444249302000131,0.0169441135880568,0.1413827448092312,0.0717513923703701,0.0510330121699301,4.149901493387298,1.0097454181861945,1.4585804978349834,1.1396106829750836,0.0166482992213293,0.1991053973059935,0.035597164004524
31.13709831237793,0.0537901750141343,0.2444245915186386,0.0169441074068954,0.1413827168677409,0.0717513616782363,0.0510329016880615,4.149895731816071,1.0097453778268728,1.4585804191172744,1.1396105659283555,0.0166482912015869,0.1991052318162872,0.0355971042781254
31.14003562927246,0.0537900867208275,0.2444241366032435,0.0169440991043853,0.1413826793368489,0.0717513204526916,0.0510327532892811,4.1498879928978765,1.0097453236164025,1.458580313383979,1.1396104087116834,0.0166482804295026,0.1991050095312108,0.0355970240538785
31.17049598693848,0.0537891892472997,0.2444195125321937,0.0169440147119979,0.1413822978472062,0.0717509014080738,0.0510312448626342,4.1498093292431495,1.009744772584123,1.4585792386384828,1.1396088106539557,0.0166481709346746,0.1991027500737444,0.0355962085997926
31.18527603149414,0.053788765468305,0.2444173290870908,0.0169439748626654,0.1413821177111999,0.0717507035389434,0.051030532597028,4.149772184967137,1.009744512391597,1.4585787311532452,1.1396080560653503,0.0166481192321936,0.1991016831780849,0.0355958235496477
31.18803596496582,0.0537886871649922,0.2444169256433444,0.0169439674995474,0.1413820844267609,0.0717506669778853,0.051030400988908,4.149765321673034,1.0097444643147993,1.4585786373831997,1.1396079166370434,0.0166481096789226,0.1991014860435739,0.0355957524024167
31.208837509155277,0.0537881052756748,0.2444139275632133,0.016943912782581,0.1413818370826982,0.0717503952845375,0.0510294229797229,4.1497143190094254,1.0097441070454345,1.4585779405571548,1.1396068805143085,0.0166480386864433,0.1991000210932162,0.0355952236915326
31.232845306396484,0.053787451529861,0.2444105592554045,0.0169438513087121,0.1413815591945494,0.0717500900402532,0.0510283241978935,4.1496570181160575,1.0097437056574998,1.4585771576812774,1.1396057164425868,0.0166479589272268,0.1990983752387,0.0355946296910657
31.24139976501465,0.0537872231069704,0.2444093823475129,0.0169438298293564,0.1413814620986857,0.071749983385984,0.0510279402766247,4.149636996824209,1.0097435654100355,1.4585768841395306,1.1396053097086194,0.0166479310588558,0.1990978001668002,0.0355944221435738
31.25155639648437,0.0537869549337876,0.2444080006333808,0.01694380461215,0.14138134810614,0.0717498581716732,0.05102748954514,4.149613491414809,1.0097434007566215,1.4585765629958802,1.1396048321945558,0.0166478983408138,0.1990971250205337,0.0355941784785393
31.26007461547852,0.0537867325306626,0.2444068547412499,0.0169437836988526,0.1413812535691019,0.071749754328128,0.051027115741579,4.149593997756093,1.0097432642051831,1.458576296662943,1.1396044361794924,0.0166478712068747,0.1990965651038491,0.0355939764006711
31.279560089111328,0.0537862322610046,0.2444042771917544,0.0169437366568514,0.1413810409191601,0.0717495207442939,0.0510262749144593,4.149550149064902,1.0097429570487926,1.4585756975783428,1.1396035453902114,0.0166478101722721,0.1990953056371603,0.0355935218502879
31.283428192138672,0.0537861343372346,0.2444037726571283,0.0169437274487573,0.1413809992946407,0.0717494750221331,0.0510261103292992,4.149541566035536,1.0097428969253943,1.4585755803123406,1.139603371025359,0.0166477982252385,0.1990950591066645,0.0355934328756987
31.298303604125977,0.0537857619679929,0.2444018540915327,0.0169436924336527,0.1413808410114096,0.0717493011570303,0.0510254844705187,4.149508927829954,1.009742668297512,1.4585751343914737,1.13960270797789,0.0166477527949222,0.1990941216389408,0.0355930945370059
31.29945945739746,0.0537857333117816,0.2444017064455539,0.0169436897390149,0.1413808288304956,0.0717492877769909,0.0510254363066549,4.149506416109834,1.0097426507031235,1.4585751000749911,1.139602656952117,0.0166477492987668,0.1990940494947619,0.0355930684996645
31.304975509643555,0.053785597103248,0.2444010046555643,0.0169436769308785,0.1413807709322474,0.0717492241790671,0.0510252073744632,4.149494477416682,1.0097425670735831,1.4585749369620895,1.1396024144167158,0.0166477326808616,0.1990937065794792,0.035592944739128
31.30507469177246,0.053785594662385,0.2444009920794561,0.0169436767013561,0.1413807698947081,0.0717492230393894,0.051025203271988,4.149494263474764,1.009742565574938,1.4585749340390992,1.1396024100704705,0.016647732383068,0.1990937004344219,0.0355929425213336
31.308773040771484,0.0537855038537062,0.2444005242040552,0.0169436681623174,0.1413807312946051,0.0717491806393776,0.0510250506455017,4.149486304083934,1.0097425098200754,1.4585748252935846,1.1396022483748791,0.0166477213040998,0.1990934718167062,0.0355928600115926
31.31302070617676,0.0537854000538979,0.2443999893941981,0.01694365840168,0.1413806871723544,0.0717491321736014,0.0510248761842033,4.149477206019161,1.0097424460888975,1.458574700990889,1.139602063547046,0.0166477086401695,0.1990932104928399,0.0355927656979719
31.322185516357425,0.0537851778908755,0.2443988447391521,0.0169436375109603,0.1413805927373767,0.0717490284421638,0.0510245027841941,4.149457733405456,1.0097423096848777,1.4585744349454786,1.139601667959512,0.0166476815355238,0.1990926511806314,0.0355925638382634
31.330101013183597,0.0537849879715266,0.2443978662138388,0.0169436196522192,0.1413805120082379,0.0717489397658086,0.0510241835776679,4.149441086953331,1.0097421930778818,1.4585742075126205,1.139601329785652,0.0166476583647161,0.1990921730443091,0.035592391275503
31.336166381835938,0.0537848436604794,0.2443971226771037,0.0169436060821768,0.1413804506658489,0.0717488723846926,0.0510239410271941,4.1494284380739455,1.0097421044735466,1.4585740346967693,1.1396010728227668,0.0166476407582766,0.1990918097303354,0.0355922601529355
31.34756088256836,0.0537845753829101,0.2443957404251483,0.0169435808551547,0.1413803366289321,0.0717487471216428,0.0510234901202652,4.149404923515222,1.009741939756042,1.4585737134281127,1.1396005951228318,0.0166476080274993,0.1990911343212726,0.035592016393056
31.34838485717773,0.053784556124901,0.2443956412017177,0.0169435790442608,0.1413803284429179,0.071748738129773,0.051023457752409,4.14940323554858,1.009741927931978,1.458573690366197,1.1396005608316693,0.0166476056779566,0.1990910858377785,0.0355919988950221
31.3624267578125,0.0537842308506528,0.2443939652846121,0.0169435484576533,0.1413801901783856,0.0717485862540693,0.0510229110484349,4.149374725224434,1.009741728219557,1.458573300842683,1.1395999816424036,0.01664756599339,0.1990902669352621,0.0355917033473463
31.396440505981445,0.0537834653168917,0.2443900210094897,0.0169434764719958,0.1413798647724611,0.0717482288142187,0.0510216243792571,4.149307626104869,1.009741258195873,1.4585723840981133,1.13959861851901,0.0166474725956627,0.1990883396461305,0.0355910077751482
31.41788101196289,0.0537829985960754,0.2443876163143684,0.0169434325847025,0.1413796663831464,0.0717480108948704,0.0510208399392792,4.149266717973408,1.0097409716378554,1.4585718251890296,1.139597787467405,0.016647415654133,0.1990871646411875,0.035590583707603
31.431968688964844,0.0537826984142146,0.2443860696812793,0.0169434043576148,0.1413795387846511,0.0717478707352002,0.0510203354092798,4.14924040699982,1.0097407873317,1.4585714657142348,1.1395972529581018,0.0166473790309232,0.1990864089106538,0.03559031095914
31.43216133117676,0.0537826943444882,0.2443860487127454,0.0169434039749251,0.1413795370547299,0.0717478688349804,0.0510203285690961,4.149240050287847,1.009740784832963,1.4585714608406424,1.1395972457114725,0.0166473785344027,0.1990863986648098,0.0355903072613429
31.4343376159668,0.0537826484340444,0.2443858121674349,0.016943399657815,0.1413795175395483,0.0717478473986663,0.0510202514052192,4.1492360262323285,1.009740756644793,1.4585714058618129,1.1395971639624978,0.0166473729331721,0.199086283081796,0.0355902655466205
31.434799194335938,0.0537826387121074,0.2443857620769015,0.0169433987436293,0.1413795134070383,0.0717478428593397,0.051020235065095,4.149235174103461,1.0097407506757017,1.458571394219566,1.1395971466514394,0.0166473717470627,0.1990862586060843,0.0355902567131641
31.43557357788086,0.0537826224138569,0.2443856781030952,0.0169433972110512,0.1413795064791305,0.0717478352494282,0.0510202076718465,4.149233745559991,1.009740740668875,1.45857137470203,1.1395971176304769,0.0166473697586206,0.1990862175740064,0.0355902419043987
31.440221786499023,0.053782524902289,0.2443851756922751,0.0169433880417179,0.1413794650298268,0.0717477897197318,0.0510200437794971,4.149225198660336,1.0097406807985625,1.4585712579296504,1.1395969439996012,0.0166473578618773,0.1990859720812648,0.0355901533043422
31.441139221191406,0.053782505720332,0.2443850768606894,0.0169433862379754,0.1413794568761401,0.071747780763372,0.0510200115394654,4.149223517359672,1.0097406690211927,1.4585712349588085,1.1395969098438583,0.0166473555216132,0.1990859237892378,0.0355901358754101
31.449731826782227,0.0537823270867475,0.2443841564832491,0.0169433694404719,0.1413793809442483,0.0717476973565191,0.0510197113014627,4.149207860106057,1.009740559343449,1.4585710210409155,1.1395965917656354,0.0166473337277072,0.1990854740656807,0.0355899735670165
31.44990348815918,0.0537823235367989,0.2443841381927768,0.0169433691066585,0.1413793794352693,0.0717476956989918,0.0510197053348945,4.149207548952665,1.0097405571638456,1.458571016789769,1.139596585444532,0.0166473332946013,0.1990854651284166,0.035589970341495
31.457176208496094,0.0537821738080122,0.2443833667421125,0.0169433550271682,0.1413793157899583,0.0717476257882473,0.051019453678567,4.149194425207806,1.0097404652331177,1.458570837486047,1.13959631883472,0.0166473150271792,0.1990850881748739,0.0355898342963112
31.4613094329834,0.0537820892956269,0.244382931307236,0.0169433470801907,0.1413792798662247,0.0717475863280747,0.0510193116345621,4.149187017687809,1.0097404133440635,1.4585707362804905,1.1395961683504232,0.0166473047163802,0.1990848754085534,0.0355897575074501
31.46202850341797,0.0537820746355492,0.2443828557738204,0.0169433457016554,0.1413792736346562,0.071747579483052,0.051019286994669,4.1491857327303645,1.009740404343045,1.4585707187247046,1.1395961422464214,0.0166473029278008,0.1990848385006992,0.0355897441871461
31.472883224487305,0.0537818548664339,0.2443817234529506,0.0169433250360426,0.1413791802172579,0.0717474768693675,0.0510189176182139,4.14916646994289,1.0097402694088402,1.4585704555460517,1.1395957509215209,0.0166472761152199,0.1990842852153329,0.0355895445025673
31.486276626586918,0.0537815876190127,0.2443803465086388,0.0169432999058885,0.1413790666182258,0.0717473520873093,0.0510184684427012,4.149143045676612,1.0097401053238266,1.4585701355110177,1.1395952750558818,0.0166472435101239,0.1990836123997414,0.0355893016786899
31.4875602722168,0.0537815622307208,0.2443802157000274,0.0169432975185439,0.1413790558264084,0.0717473402331133,0.0510184257713856,4.149140820389992,1.009740089735881,1.4585701051079447,1.1395952298490255,0.0166472404126658,0.1990835484827967,0.0355892786106151
31.49071884155273,0.0537814999261546,0.2443798946869474,0.0169432916598406,0.1413790293425666,0.0717473111421234,0.0510183210531236,4.149135359387815,1.0097400514820205,1.45857003049677,1.1395951189083768,0.0166472328112964,0.1990833916263399,0.0355892220000171
31.498735427856445,0.0537813428520997,0.2443790853911091,0.0169432768896506,0.1413789625749978,0.0717472378017568,0.0510180570512529,4.149121591829383,1.0097399550414323,1.4585698423969176,1.1395948392194462,0.0166472136477265,0.1990829961805292,0.0355890792808437
31.52310562133789,0.0537808745380128,0.2443766724869469,0.0169432328525368,0.1413787635084303,0.0717470191384851,0.0510172699333889,4.149080544047576,1.0097396675051764,1.4585692815798528,1.1395940053308322,0.0166471565118124,0.1990818171644068,0.0355886537656356
31.541746139526367,0.053780525472343,0.2443748739888172,0.0169432000287437,0.141378615130863,0.0717468561541894,0.0510166832420356,4.149049948402674,1.0097394531852593,1.4585688635655532,1.139593383778125,0.0166471139246113,0.1990809383651873,0.0355883366008186
31.54841041564941,0.0537804025611246,0.244374240710854,0.0169431884709976,0.1413785628849129,0.0717467987649927,0.0510164766592768,4.149039175220669,1.009739377720026,1.4585687163764955,1.1395931649201645,0.0166470989290238,0.1990806289269006,0.0355882249223654
31.570053100585938,0.0537800101198191,0.2443722187275573,0.0169431515684508,0.1413783960696364,0.0717466155279249,0.0510158170644197,4.14900477769647,1.0097391367682644,1.4585682464188576,1.1395924661320076,0.0166470510498473,0.1990796409262386,0.03558786834598
31.59933280944824,0.0537794951835608,0.2443695656110303,0.0169431031473007,0.141378177185352,0.0717463750960213,0.0510149515864411,4.148959643475981,1.0097388206068492,1.4585676297706498,1.1395915492271,0.0166469882258692,0.1990783445352696,0.0355874004693646
31.63127899169922,0.0537789536386535,0.2443667753982276,0.016943052224052,0.1413779469905129,0.0717461222401185,0.0510140413860376,4.148912177004603,1.0097384881082123,1.4585669812579645,1.139590584942349,0.0166469221555455,0.1990769811550194,0.0355869084158466
31.64507293701172,0.0537787261564156,0.2443656033368798,0.016943030833149,0.1413778502944927,0.0717460160250548,0.0510136590457688,4.148892238161072,1.009738348438292,1.4585667088426657,1.1395901798833208,0.0166468944019374,0.1990764084512837,0.0355867017230418
31.65101623535156,0.0537786292990841,0.2443651042968863,0.0169430217253355,0.1413778091232849,0.071745970800831,0.0510134962530228,4.1488837486051615,1.0097382889696676,1.458566592853747,1.1395900074173873,0.0166468825850129,0.1990761646056274,0.0355866137174301
31.669164657592773,0.0537783377811008,0.2443636023028656,0.0169429943129407,0.1413776852075494,0.0717458346864624,0.0510130062848165,4.148858197021408,1.009738109982974,1.4585662437541462,1.1395894883351407,0.0166468470188256,0.1990754306870605,0.0355863488410592
31.688003540039062,0.0537780418222714,0.2443620774281868,0.0169429664829585,0.1413775594041406,0.0717456964985924,0.0510125088526679,4.148832256196997,1.0097379282696828,1.4585658893365283,1.1395889613454429,0.01664681091084,0.1990746855883277,0.0355860799296879
31.695877075195312,0.0537779201004906,0.2443614502785871,0.0169429550370591,0.1413775076637854,0.071745639664763,0.0510123042690537,4.148821587269331,1.0097378535347423,1.45856574357185,1.1395887446054165,0.016646796060368,0.1990743791445401,0.0355859693319704
31.69740104675293,0.053777896673216,0.2443613295737651,0.0169429528341154,0.1413774977055389,0.071745628726197,0.0510122648937137,4.148819533866099,1.0097378391508256,1.458565715517141,1.1395887028903833,0.0166467932021606,0.1990743201646048,0.0355859480456971
31.727895736694336,0.0537774367992339,0.2443589601557299,0.0169429095906524,0.1413773022266121,0.0717454140037441,0.0510114919615373,4.148779225860424,1.009737556796639,1.458565164807297,1.1395878840303733,0.016646737095968,0.1990731623970845,0.0355855301992589
31.735137939453125,0.0537773300374545,0.2443584100848491,0.0169428995514911,0.1413772568453143,0.0717453641549765,0.0510113125219125,4.148769868178555,1.009737491246865,1.4585650369575702,1.1395876939283984,0.0166467240706672,0.1990728936162319,0.0355854331943595
31.743942260742188,0.0537772014926011,0.2443577477805939,0.0169428874639957,0.1413772022046713,0.0717453041353463,0.0510110964704341,4.148758601207814,1.0097374123226834,1.4585648830221027,1.1395874650390845,0.0166467083877571,0.1990725699948431,0.035585316397125
31.74968147277832,0.0537771184281654,0.2443573198060174,0.0169428796531736,0.1413771668964185,0.0717452653512443,0.0510109568600674,4.148751320600761,1.0097373613226437,1.458564783550499,1.1395873171330326,0.0166466982536129,0.1990723608738451,0.0355852409238865
31.755340576171875,0.0537770370821419,0.2443569006852508,0.0169428720039395,0.1413771323186123,0.0717452273694961,0.0510108201379181,4.148744190612726,1.0097373113776775,1.4585646861367336,1.1395871722868172,0.0166466883291208,0.1990721560790797,0.0355851670120158
31.76435089111328,0.0537769087006818,0.2443562392228501,0.0169428599318085,0.141377077747423,0.0717451674261568,0.0510106043610626,4.148732937963423,1.0097372325538163,1.4585645323969336,1.1395869436884438,0.0166466726661453,0.1990718328690457,0.0355850503632421
31.76884078979492,0.0537768452443857,0.2443559122756856,0.0169428539648043,0.1413770507740147,0.0717451377974061,0.0510104977070332,4.148727376011997,1.009737193592815,1.4585644564065352,1.139586830697004,0.0166466649242609,0.1990716731130221,0.03558499270617
31.77185821533203,0.0537768027906816,0.244355693540605,0.0169428499727428,0.1413770327281915,0.0717451179750985,0.0510104263530638,4.148723654940097,1.0097371675270197,1.458564405567232,1.139586755103163,0.0166466597447644,0.1990715662326117,0.0355849541322784
31.778949737548828,0.0537767036203249,0.2443551825831646,0.016942840647428,0.1413769905737846,0.0717450716708865,0.0510102596727058,4.148714962647264,1.00973710663824,1.458564286808411,1.139586578518614,0.0166466476456429,0.1990713165637395,0.035584864025027
31.788747787475582,0.0537765679839079,0.244354483740903,0.0169428278930896,0.1413769329187262,0.0717450083400929,0.0510100317020977,4.14870307410019,1.0097370233599685,1.4585641243806304,1.1395863370019323,0.0166466310975379,0.1990709750888033,0.0355847407843217
31.79397201538086,0.0537764963139309,0.2443541144742269,0.0169428211537259,0.1413769024539232,0.0717449748762443,0.0510099112429422,4.148696792218709,1.0097369793559174,1.4585640385541572,1.139586209385062,0.0166466223535565,0.1990707946542165,0.0355846756642108
31.79815101623535,0.0537764393061942,0.2443538207521086,0.0169428157931009,0.1413768782216081,0.0717449482584281,0.0510098154273146,4.148691795484222,1.009736944354213,1.458563970286059,1.1395861078760443,0.0166466153984183,0.1990706511329284,0.0355846238663688
31.799863815307617,0.0537764160236706,0.2443537007930904,0.0169428136037686,0.141376868324891,0.0717449373874487,0.0510097762952646,4.148689754768436,1.0097369300591703,1.458563942404693,1.1395860664187578,0.0166466125578711,0.1990705925174148,0.0355846027116179
31.809680938720703,0.0537762834974362,0.2443530179754852,0.0169428011418909,0.1413768119918798,0.0717448755088486,0.0510095535520889,4.148678138829207,1.009736848690494,1.4585637837014287,1.1395858304401236,0.016646596389219,0.1990702588725983,0.0355844822968578
31.8137321472168,0.0537762292622053,0.244352738538205,0.0169427960419737,0.1413767889380755,0.0717448501855593,0.0510094623963443,4.148673385105165,1.0097368153910573,1.4585637187534717,1.1395857338678808,0.016646589772336,0.1990701223313032,0.0355844330181444
31.828563690185547,0.0537760329435655,0.2443517270416958,0.0169427775814863,0.1413767054887858,0.0717447585212736,0.0510091324342242,4.148656177754488,1.0097366948550142,1.4585634836573105,1.1395853842993242,0.016646565820793,0.1990696280842823,0.0355842546409196
31.84314346313477,0.053775843337785,0.244350750131997,0.0169427597522313,0.1413766248929362,0.0717446699913293,0.0510088137547306,4.148639558786836,1.0097365784405448,1.458563256599957,1.1395850466838109,0.0166465426882419,0.1990691507373968,0.0355840823630725
31.84562492370605,0.0537758113965972,0.2443505855607676,0.0169427567486963,0.1413766113156751,0.0717446550774823,0.0510087600696498,4.1486367591381645,1.0097365588292415,1.4585632183496378,1.1395849898087484,0.0166465387913082,0.1990690703230413,0.0355840533409662
31.872562408447266,0.0537754707191914,0.2443488302816606,0.0169427247136793,0.1413764665037124,0.0717444960097999,0.0510081874768527,4.148606898725542,1.0097363496595646,1.4585628103804786,1.139584383192336,0.0166464972275039,0.1990682126419108,0.035583743797816
31.875707626342773,0.05377543165589,0.2443486290150203,0.0169427210404286,0.1413764498990499,0.0717444777705251,0.0510081218212951,4.1486034748228136,1.0097363256754142,1.458562763601262,1.139584313635508,0.016646492461648,0.1990681142970955,0.0355837083044807
31.87598991394043,0.0537754281571197,0.2443486109882357,0.0169427207114277,0.1413764484118254,0.0717444761368938,0.0510081159407448,4.148603168155214,1.0097363235272334,1.4585627594114028,1.1395843074055336,0.0166464920347861,0.1990681054886769,0.0355837051254605
31.893014907836918,0.0537752193226301,0.2443475350060593,0.0169427010740337,0.1413763596424154,0.0717443786287594,0.0510077649426378,4.148584863788906,1.009736195306688,1.4585625093272183,1.1395839355510269,0.0166464665562668,0.1990675797320577,0.0355835153762002
31.89799690246582,0.0537751590154005,0.2443472242838974,0.0169426954031466,0.1413763340075828,0.0717443504703577,0.0510076635813949,4.148579577853508,1.0097361582791555,1.458562437107901,1.1395838281668718,0.0166464591985793,0.1990674279040469,0.0355834605804036
31.904216766357425,0.0537750842286761,0.2443468389587462,0.0169426883707051,0.1413763022179427,0.0717443155512511,0.0510075378837761,4.148573022788927,1.00973611236148,1.458562347549052,1.1395836950002671,0.0166464500743443,0.1990672396228175,0.0355833926283841
31.908992767333984,0.0537750271809292,0.2443465450304827,0.0169426830063178,0.1413762779686205,0.0717442889147536,0.0510074420009015,4.148568022547544,1.00973607733521,1.458562279233041,1.139583593420007,0.0166464431143248,0.1990670960008007,0.0355833407941885
31.91451072692871,0.0537749616770778,0.244346207533661,0.0169426768467752,0.1413762501248565,0.0717442583299668,0.051007331905448,4.148562281127666,1.009736037117047,1.4585622007906474,1.1395834767826525,0.0166464351226317,0.1990669310899016,0.0355832812766856
31.928857803344727,0.0537747933813879,0.244345340420365,0.0169426610213779,0.1413761785873,0.0717441797500408,0.0510070490428391,4.148547529991675,1.009735933786581,1.4585619992526238,1.1395831771122726,0.0166464145899841,0.1990665073927762,0.0355831283614141
31.941694259643555,0.0537746452453434,0.2443445771760184,0.0169426470916584,0.1413761156190169,0.0717441105829728,0.0510068000635095,4.148534545850846,1.0097358428337675,1.4585618218562466,1.1395829133385251,0.0166463965168819,0.1990661344490822,0.0355829937634128
31.943572998046875,0.0537746237552596,0.2443444664522238,0.0169426450708751,0.1413761064842132,0.0717441005489119,0.0510067639440986,4.148532662242603,1.0097358296392502,1.4585617961213688,1.1395828750728896,0.0166463938950184,0.1990660803461712,0.0355829742372919
31.952377319335938,0.053774523690279,0.244343950885395,0.0169426356614359,0.1413760639495279,0.0717440538269859,0.0510065957601036,4.148523891535892,1.009735768201188,1.4585616762912148,1.139582696895357,0.0166463816867498,0.1990658284250159,0.0355828833171757
31.952486038208008,0.0537745224612461,0.244343944553024,0.0169426355458659,0.1413760634271021,0.071744053253131,0.0510065936944093,4.148523783811025,1.0097357674465846,1.4585616748194192,1.1395826947069188,0.0166463815368037,0.1990658253308327,0.0355828822004632
31.95339012145996,0.0537745122470843,0.2443438919263909,0.0169426345853946,0.1413760590853618,0.0717440484839768,0.0510065765269794,4.1485228885386,1.0097357611752764,1.4585616625877216,1.1395826765193957,0.0166463802906411,0.1990657996159079,0.0355828729197661
31.953800201416016,0.0537745076177351,0.2443438680745014,0.0169426341500817,0.1413760571175615,0.0717440463224603,0.051006568746211,4.148522482775632,1.0097357583329412,1.4585616570439677,1.139582668276292,0.0166463797258447,0.1990657879611714,0.0355828687134897
31.976511001586918,0.0537742547668697,0.2443425653058594,0.0169426103736831,0.1413759496380824,0.0717439282623821,0.0510061437676776,4.14850032036907,1.0097356030871485,1.4585613542491442,1.1395822180454218,0.0166463488771776,0.1990651513899975,0.0355826389704775
31.985008239746094,0.0537741619225803,0.2443420869423407,0.0169426016432292,0.1413759101727009,0.0717438849119113,0.0510059877198433,4.148492182556749,1.0097355460824582,1.4585612430659367,1.139582052725184,0.0166463375498579,0.1990649176474782,0.0355825546111589
31.98716163635254,0.0537741385438657,0.2443419664877154,0.0169425994448518,0.1413759002350958,0.0717438739960188,0.0510059484261204,4.148490133409807,1.0097355317283565,1.4585612150693794,1.1395820110966175,0.0166463346975751,0.1990648587897964,0.0355825333690077
32.01365661621094,0.0537738557934256,0.2443405096668886,0.0169425728568979,0.1413757800461854,0.0717437419753551,0.0510054731939429,4.14846535030219,1.0097353581247737,1.458560876469116,1.1395815076260185,0.0166463002010579,0.1990641469441823,0.0355822764589207
32.0334587097168,0.0537736502694176,0.2443394507413742,0.0169425535307994,0.141375692683964,0.0717436460129371,0.0510051277599206,4.148447336099965,1.0097352319368034,1.4585606303493108,1.139581141666215,0.0166462751264287,0.1990636295219509,0.0355820897175995
32.04191589355469,0.0537735639725074,0.2443390061120539,0.0169425454160171,0.1413756560016812,0.0717436057195415,0.0510049827165795,4.148439772166164,1.009735178952084,1.458560527006743,1.13958098800436,0.0166462645979116,0.199063412262954,0.0355820113073
32.04302978515625,0.0537735526716026,0.2443389478861727,0.0169425443533558,0.1413756511979984,0.0717436004429698,0.0510049637226086,4.148438781640593,1.0097351720135357,1.4585605134736452,1.1395809678817626,0.0166462632191627,0.1990633838120714,0.0355820010391765
32.04636001586914,0.0537735189750651,0.2443387742708191,0.0169425411847596,0.1413756368745896,0.0717435847095222,0.0510049070872276,4.148435828135321,1.00973515132448,1.4585604731212538,1.1395809078810923,0.0166462591080703,0.1990632989784902,0.0355819704221406
32.06293869018555,0.0537733532176824,0.2443379202356949,0.0169425255980477,0.141375566415993,0.0717435073147721,0.051004628490873,4.148421299482241,1.009735049552488,1.4585602746229125,1.1395806127304686,0.0166462388851048,0.1990628816717451,0.0355818198132022
32.07852935791016,0.0537732003227371,0.2443371324719764,0.0169425112208332,0.1413755014248416,0.0717434359256987,0.0510043715130344,4.148407898223382,1.0097349556777977,1.4585600915276424,1.139580340482939,0.0166462202314007,0.199062496747163,0.0355816808912142
32.1033821105957,0.0537729624416465,0.2443359068324092,0.0169424888520918,0.1413754003085743,0.0717433248552457,0.0510039716949169,4.1483870479192575,1.0097348096231722,1.458559806659474,1.1395799169075231,0.0166461912090971,0.1990618978635294,0.0355814647499002
32.118438720703125,0.0537728217433009,0.2443351819094696,0.0169424756217636,0.1413753405018386,0.0717432591609573,0.0510037352164834,4.148374715693568,1.0097347232369691,1.4585596381699153,1.1395796663774784,0.0166461740434195,0.1990615436448048,0.0355813369098721
32.130889892578125,0.0537727072994072,0.2443345922578755,0.0169424648602279,0.1413752918550996,0.0717432057252888,0.051003542865162,4.148364684673525,1.0097346529705185,1.458559501120677,1.1395794625965907,0.0166461600808745,0.1990612555236486,0.0355812329249211
32.162479400634766,0.0537724245147201,0.2443331352605972,0.0169424382690536,0.1413751716516318,0.0717430736886347,0.0510030675754239,4.148339898564156,1.0097344793459089,1.4585591624794016,1.1395789590650107,0.0166461255801791,0.1990605435918152,0.035580975983717
32.17045211791992,0.0537723548244522,0.2443327761940164,0.0169424317158485,0.1413751420283451,0.0717430411491436,0.05100295044366,4.148333790204396,1.0097344365573626,1.4585590790236762,1.1395788349732463,0.016646117077729,0.1990603681412958,0.035580912662391
32.17695236206055,0.0537722984972087,0.2443324859780175,0.0169424264192125,0.1413751180852877,0.0717430148490605,0.05100285577177,4.148328853115221,1.0097344019734686,1.4585590115704852,1.1395787346759276,0.0166461102056133,0.1990602263332009,0.0355808614828525
32.17790985107422,0.0537722902372928,0.2443324434202851,0.0169424256425054,0.1413751145742399,0.0717430109923748,0.0510028418889345,4.148328129132668,1.0097343969020316,1.4585590016790426,1.1395787199681704,0.0166461091978755,0.1990602055382379,0.0355808539778042
32.1840705871582,0.0537722373175086,0.2443321707606042,0.0169424206662841,0.1413750920795934,0.0717429862832885,0.0510027529441242,4.14832349070768,1.009734364410255,1.4585589383063635,1.139578625738236,0.0166461027414815,0.1990600723086795,0.0355808058943198
32.20784378051758,0.0537720367427891,0.2443311373354095,0.0169424018055835,0.1413750068211692,0.0717428926317717,0.0510024158286076,4.148305910311146,1.0097342412610573,1.458558698113447,1.139578268591226,0.0166460782706823,0.1990595673466562,0.0355806236499753
32.219512939453125,0.0537719403667312,0.2443306407750919,0.0169423927430257,0.1413749658545366,0.0717428476322622,0.0510022538447612,4.148297462938921,1.0097341820879258,1.4585585827008642,1.1395780969822566,0.0166460665124748,0.1990593247126427,0.0355805360816539
32.27727508544922,0.0537714827097947,0.2443282827799765,0.0169423497080387,0.1413747713180101,0.0717426339449821,0.0510014846388763,4.148257349257385,1.009733901094963,1.4585580346459817,1.1395772820699546,0.0166460106767691,0.1990581725266978,0.0355801202496456
32.29399871826172,0.0537713560285987,0.2443276300778813,0.0169423377957891,0.1413747174695531,0.0717425747955231,0.051001271719736,4.148246245636424,1.009733823315033,1.4585578829422872,1.1395770564991026,0.0166459952212316,0.1990578535972075,0.0355800051457503
32.29475021362305,0.0537713503955849,0.2443276010547902,0.0169423372660983,0.1413747150751243,0.0717425721653797,0.0510012622520605,4.148245751902138,1.0097338198564658,1.4585578761966216,1.1395770464688555,0.0166459945339847,0.1990578394156693,0.0355800000275334
32.298343658447266,0.0537713235302597,0.2443274626360303,0.0169423347398634,0.1413747036554634,0.0717425596215334,0.0510012170982246,4.148243397153388,1.0097338033616492,1.4585578440247666,1.1395769986319668,0.0166459912563235,0.1990577717801817,0.0355799756174104
32.306182861328125,0.0537712653237967,0.2443271627376905,0.0169423292665182,0.1413746789136049,0.0717425324440129,0.0510011192678405,4.148238295350411,1.0097337676239486,1.4585577743211662,1.1395768949884753,0.0166459841549366,0.1990576252410095,0.0355799227303929
32.31224060058594,0.0537712207188371,0.2443269329186525,0.0169423250721672,0.1413746599533462,0.0717425116172501,0.0510010442981532,4.148234385720727,1.009733740237322,1.458557720905684,1.139576815564069,0.0166459787129796,0.1990575129446508,0.0355798822018475
32.31486129760742,0.0537712015222416,0.2443268340116498,0.0169423232670483,0.1413746517934379,0.0717425026540561,0.0510010120335207,4.148232703137146,1.0097337284509655,1.4585576979173145,1.139576781382264,0.0166459763709297,0.1990574646157745,0.0355798647596162
32.31926727294922,0.0537711693844299,0.244326668427351,0.0169423202450242,0.1413746381325977,0.0717424876484022,0.0510009580179647,4.148229886254367,1.0097337087189389,1.4585576594315333,1.139576724157089,0.0166459724500072,0.1990573837064034,0.0355798355588554
32.323814392089844,0.0537711363950233,0.2443264984553625,0.0169423171429218,0.1413746241097696,0.0717424722451252,0.0510009025710925,4.1482269947292005,1.0097336884640484,1.4585576199259476,1.1395766654155493,0.0166459684251872,0.1990573006530777,0.0355798055843262
32.33143615722656,0.0537710815017004,0.2443262156273812,0.0169423119811221,0.1413746007762297,0.0717424466145624,0.0510008103092611,4.148222183323317,1.009733654760555,1.4585575541899096,1.1395765676714955,0.0166459617280147,0.1990571624549862,0.0355797557076633
32.34519577026367,0.0537709836666135,0.2443257115496791,0.016942302781367,0.1413745591894067,0.0717424009338091,0.0510006458731551,4.148213608067041,1.0097335946916068,1.4585574370301055,1.1395763934645524,0.0166459497918008,0.1990569161477569,0.0355796668136525
32.3608512878418,0.0537708743006694,0.2443251480613073,0.0169422924973276,0.1413745127011549,0.0717423498691157,0.0510004620565861,4.14820402212984,1.0097335275429236,1.4585573060618302,1.1395761987255544,0.0166459364487829,0.1990566408107225,0.035579567442581
32.36132049560547,0.053770871054538,0.2443251313361986,0.0169422921920832,0.1413745113213198,0.0717423483534455,0.051000456600658,4.148203737606061,1.0097335255498583,1.458557302174512,1.1395761929454336,0.0166459360527439,0.1990566326383413,0.0355795644931111
32.36176681518555,0.0537708679684525,0.2443251154356976,0.0169422919018884,0.1413745100095154,0.0717423469125032,0.0510004514137265,4.14820346711032,1.0097335236550586,1.4585572984788524,1.1395761874502932,0.0166459356762309,0.1990566248688876,0.0355795616890607
32.36644744873047,0.053770835703616,0.2443249491969264,0.0169422888679197,0.1413744962946808,0.0717423318475395,0.0510003971846739,4.148200639093806,1.009733503845041,1.4585572598409562,1.139576129998936,0.0166459317398109,0.199056543639722,0.0355795323728837
32.36847305297852,0.0537708217967547,0.2443248775443227,0.0169422875602118,0.1413744903832824,0.0717423253542055,0.0510003738107475,4.1481994201558585,1.0097334953064832,1.4585572431871647,1.1395761052361246,0.0166459300431264,0.199056508628147,0.0355795197369601
32.41008377075195,0.0537705434802395,0.244323443568497,0.0169422613891944,0.1413743720791033,0.0717421954038116,0.0509999060308794,4.148175025682253,1.009733324425249,1.4585569098966298,1.139575609660653,0.0166458960875632,0.1990558079452741,0.0355792668555849
32.41983795166016,0.0537704802274989,0.244323117670119,0.0169422554413312,0.1413743451922204,0.0717421658701042,0.0509997997189755,4.148169481572487,1.0097332855892267,1.4585568341499942,1.1395754970316676,0.0166458883705134,0.1990556487017167,0.0355792093834655
32.42569732666016,0.0537704425862304,0.2443229237302479,0.0169422519017989,0.1413743291920224,0.0717421482947991,0.0509997364534966,4.148166182311102,1.0097332624781783,1.4585567890736948,1.1395754300069372,0.0166458837781504,0.1990555539369768,0.0355791751822046
32.431495666503906,0.0537704055970426,0.2443227331501057,0.0169422484235839,0.1413743134690047,0.0717421310239608,0.050999674284001,4.148162940204671,1.0097332397674958,1.4585567447782777,1.1395753641433135,0.0166458792653434,0.1990554608138996,0.0355791415734313
32.43927383422852,0.0537703563810033,0.2443224795733085,0.0169422437956378,0.1413742925487114,0.0717421080442117,0.0509995915642517,4.1481586264133385,1.0097332095497509,1.4585566858409198,1.1395752765083351,0.0166458732608189,0.1990553369087991,0.0355790968552094
32.464637756347656,0.0537701990503535,0.2443216689554107,0.0169422290013194,0.1413742256720715,0.0717420345840368,0.0509993271311096,4.148144836364331,1.009733112951618,1.458556497433788,1.1395749963625057,0.0166458540659436,0.1990549408169911,0.035578953902891
32.47019577026367,0.0537701652102103,0.2443214946001544,0.0169422258192194,0.1413742112876201,0.0717420187835373,0.0509992702543636,4.148141870272001,1.009733092174391,1.458556456909425,1.1395749361061285,0.0166458499373308,0.1990548556218716,0.0355789231553734
32.47039031982422,0.0537701640297782,0.2443214885181901,0.0169422257082195,0.1413742107858531,0.0717420182323749,0.050999268270355,4.148141766806996,1.0097330914496272,1.45855645549583,1.1395749340042296,0.016645849793314,0.1990548526500445,0.0355789220828201
32.48720169067383,0.0537700630617278,0.2443209682984564,0.0169422162138616,0.1413741678672994,0.0717419710887912,0.0509990985685273,4.148132916946115,1.009733029457097,1.4585563345842287,1.1395747542186745,0.0166458374748678,0.1990545984553426,0.035578830342165
32.51201629638672,0.0537699177048476,0.2443202193732549,0.016942202545476,0.1413741060803574,0.0717419032193592,0.0509988542602722,4.148120176399355,1.0097329402106392,1.4585561605159658,1.139574495393558,0.0166458197408332,0.1990542325084052,0.0355786982693424
32.52222442626953,0.0537698591554184,0.2443199177078433,0.0169421970398806,0.1413740811927141,0.0717418758817023,0.0509987558534483,4.148115044535352,1.0097329042623635,1.4585560904016557,1.1395743911393748,0.0166458125976033,0.1990540851057897,0.0355786450707021
32.54081726074219,0.0537697543428295,0.2443193776798162,0.0169421871840081,0.1413740366399599,0.0717418269430427,0.0509985796899212,4.148105857700248,1.0097328399093572,1.4585559648861297,1.1395742045081645,0.0166457998101103,0.1990538212321715,0.035578549836858
32.54133605957031,0.0537697514516766,0.2443193627836702,0.0169421869121435,0.1413740354110157,0.0717418255931176,0.0509985748306223,4.148105604290368,1.0097328381342423,1.458555961423906,1.1395741993601245,0.0166457994573798,0.1990538139534753,0.0355785472099254
32.544132232666016,0.0537697359002094,0.2443192826575304,0.0169421854497879,0.1413740288005436,0.071741818331891,0.0509985486925282,4.148104241202535,1.0097328285859268,1.4585559428006605,1.139574171668898,0.0166457975600478,0.1990537748014808,0.0355785330796953
32.56626892089844,0.0537696146096744,0.244318657729847,0.0169421740444399,0.1413739772434983,0.0717417616994171,0.0509983448337294,4.14809361007361,1.0097327541157637,1.4585557975524088,1.1395739556967552,0.0166457827621893,0.199053469443387,0.0355784228738124
32.57929611206055,0.0537695447250746,0.2443182976620065,0.0169421674729612,0.1413739475376068,0.0717417290691894,0.0509982273753428,4.148087484680647,1.0097327112079015,1.4585557138639664,1.1395738312589605,0.01664577423603,0.1990532935036226,0.0355783593759144
32.58635711669922,0.0537695073008757,0.2443181048405473,0.0169421639538406,0.1413739316296787,0.0717417115952375,0.0509981644747031,4.148084204445434,1.0097326882301298,1.4585556690476131,1.139573764620748,0.0166457696701502,0.1990531992853718,0.0355783253718852
32.589820861816406,0.0537694890583585,0.2443180108492559,0.0169421622384367,0.1413739238753202,0.071741703077517,0.0509981338136326,4.148082605486766,1.0097326770295592,1.4585556472017722,1.1395737321377886,0.0166457674445009,0.1990531533584553,0.0355783087965382
32.59550857543945,0.0537694592670738,0.244317857355016,0.0169421594370643,0.1413739112119198,0.0717416891674938,0.0509980837419968,4.148079994277346,1.009732658738257,1.4585556115260123,1.1395736790908828,0.0166457638098627,0.1990530783566435,0.035578281727857
32.59736633300781,0.0537694495804825,0.244317807446595,0.0169421585262022,0.1413739070944343,0.0717416846446707,0.0509980674612798,4.148079145246535,1.0097326527908674,1.4585555999260926,1.1395736618427614,0.0166457626280655,0.1990530539699173,0.035578272926516
32.60725021362305,0.0537693984066216,0.2443175437824738,0.0169421537141558,0.1413738853419285,0.0717416607507837,0.0509979814509262,4.148074659851921,1.0097326213710558,1.4585555386441975,1.13957357072165,0.0166457563846801,0.1990529251358529,0.0355782264293964
32.61344146728516,0.0537693666595767,0.2443173802115303,0.0169421507288767,0.1413738718471918,0.0717416459275851,0.0509979280921505,4.1480718772198895,1.0097326018789523,1.458555500626369,1.1395735141922816,0.0166457525114325,0.1990528452102666,0.0355781975836903
32.619895935058594,0.0537693338133394,0.244317210977196,0.016942147640237,0.1413738578852207,0.0717416305911561,0.0509978728859098,4.148068998243532,1.0097325817119656,1.458555461292232,1.1395734557056714,0.0166457485040796,0.1990527625173806,0.0355781677392464
32.628841400146484,0.0537692887097754,0.2443169785891881,0.0169421433990005,0.1413738387130199,0.0717416095315869,0.0509977970781942,4.1480650449111085,1.0097325540192048,1.4585554072796594,1.1395733753934412,0.0166457430012911,0.1990526489657473,0.0355781267576636
32.670936584472656,0.0537690828522793,0.2443159179454365,0.016942124041543,0.1413737512090425,0.071741513413458,0.0509974510836626,4.148047001478619,1.0097324276264787,1.4585551607604943,1.139573008839823,0.0166457178859752,0.1990521307039345,0.0355779397133316
32.69670104980469,0.0537689618983289,0.2443152947519503,0.0169421126678454,0.1413736997950702,0.0717414569381416,0.0509972477905806,4.148036399851526,1.0097323533629736,1.458555015915313,1.1395727934670123,0.0166457031291813,0.1990518261932224,0.0355778298132746
32.717994689941406,0.0537688647210778,0.2443147940636287,0.0169421035299488,0.1413736584878739,0.0717414115645422,0.0509970844601305,4.148027882254628,1.0097322936979245,1.4585548995432822,1.1395726204314236,0.0166456912732255,0.1990515815421444,0.0355777415169805
32.72259521484375,0.0537688440504194,0.244314687561776,0.0169421015862188,0.1413736497013839,0.0717414019130841,0.050997049717967,4.148026070469109,1.009732281006519,1.4585548747896857,1.1395725836248716,0.0166456887513348,0.1990515295021988,0.0355777227353982
32.79983139038086,0.0537685135518395,0.2443129847272403,0.0169420705083503,0.1413735092161413,0.0717412475980569,0.050996494233209,4.147997102231715,1.0097320780864547,1.458554479009908,1.1395719951330625,0.0166456484293819,0.1990506974470322,0.0355774224408385
32.82724380493164,0.0537684034348602,0.2443124173692949,0.0169420601536885,0.1413734624086465,0.0717411961826933,0.0509963091543394,4.147987450466199,1.0097320104766494,1.4585543471422506,1.139571799056757,0.0166456349947352,0.19905042021921,0.0355773223873684
32.83500671386719,0.0537683729042667,0.2443122600658987,0.0169420572827964,0.1413734494309876,0.0717411819274751,0.0509962578401118,4.14798477445627,1.0097319917314254,1.458554310581151,1.1395717446934248,0.0166456312698987,0.1990503433561321,0.0355772946469432
32.88722610473633,0.0537681747692486,0.244311239210827,0.0169420386515089,0.1413733652096088,0.0717410894150936,0.0509959248251179,4.147967407899837,1.0097318700801594,1.458554073309834,1.139571391890592,0.0166456070967514,0.1990498445362416,0.0355771146193376
32.92689514160156,0.0537680323479924,0.2443105054109005,0.0169420252591698,0.1413733046705144,0.071741022916351,0.0509956854509063,4.147954924660846,1.009731782636121,1.4585539027570495,1.1395711382927012,0.0166455897208729,0.1990494859799595,0.0355769852138545
32.92979431152344,0.0537680222030697,0.2443104531410091,0.0169420243052093,0.1413733003582055,0.0717410181795256,0.0509956683998497,4.147954035457232,1.0097317764073246,1.4585538906082671,1.1395711202284664,0.0166455884831577,0.1990494604393493,0.0355769759960686
32.935211181640625,0.0537680033425277,0.2443103559654564,0.0169420225316905,0.141373292341143,0.0717410093732396,0.0509956367000356,4.147952382328628,1.009731764827298,1.4585538680223271,1.1395710866450408,0.0166455861821073,0.1990494129565088,0.0355769588591777
32.95081329345703,0.0537679496998672,0.2443100795812889,0.0169420174874947,0.1413732695392229,0.0717409843266309,0.0509955465402524,4.147947680543452,1.0097317318916883,1.458553803783987,1.1395709911279397,0.01664557963752,0.1990492779070546,0.0355769101188802
33.033973693847656,0.0515606551441973,0.2347390912849003,0.0164860016895184,0.1397768664794502,0.0714523758525241,0.048058766829171,3.852452950667021,0.9383653080943114,1.4549149527021887,1.137127705654818,0.0162382871421855,0.1910834073926116,0.0339625742258849
33.03826904296875,0.0511110627879188,0.2327896604625827,0.0163931135072909,0.1394516910019962,0.0713936047119916,0.0474606040403293,3.7922632372204927,0.9238277293439346,1.4541737552269818,1.136630073631674,0.0161553252433123,0.1894608351151231,0.0336337659298944
33.04081726074219,0.0508477431977981,0.2316479076218192,0.0163387102811224,0.139261240556917,0.0713591833018847,0.047110268922631,3.7570110158585184,0.9153132867422772,1.4537396468643624,1.1363386178739012,0.016106735691027,0.1885105186165467,0.0334411877645434
33.30805969238281,0.2843554889946948,0.2670192409951081,0.0177127588467077,0.1521743463742819,0.0700499300496126,0.0374687355070497,1.4678070455917316,0.3616958545794705,1.6933964333710716,1.588847189740123,0.3129698925214832,0.4643189851437105,0.0702734543666836
33.4456901550293,0.3513444359028238,0.280748691750963,0.018278787566667,0.1564507198328381,0.069790997639542,0.0358770130198551,0.9340804648445974,0.2325870738290176,1.7626821655032376,1.7179518499997786,0.3972039589061829,0.5455216813140317,0.0813309581278365
33.52375793457031,0.3748010334730833,0.2851509914734016,0.018457557693996,0.1578834613045671,0.0696871194215469,0.0351868432156184,0.7332842782717364,0.1840200163942105,1.7868827697914431,1.763239081076878,0.4268042623056319,0.5737203046058471,0.0851472712164991
33.55226135253906,0.3815540525632043,0.2863578332844751,0.0185061210010631,0.1582862761128761,0.0696552384420205,0.0349682959509114,0.6733975323542152,0.1695358814201623,1.7938409833095008,1.776289033467125,0.4353417449565987,0.5818034031704289,0.0862376644148924
33.55702209472656,0.3826020418609295,0.2865421664554216,0.0185135157941894,0.1583483167849846,0.069650194513405,0.0349334114166254,0.6640023947366767,0.1672636241562412,1.7949203772391773,1.7783148193288734,0.4366674293349781,0.5830560916039665,0.086406475611323
33.59029006958008,0.3893458194268281,0.2877071091760575,0.0185600828911994,0.1587441580270545,0.0696170442557679,0.0347019690626326,0.6028160665177693,0.1524657113358546,1.8018630864551235,1.791354901229072,0.4452036806025304,0.5911047855454361,0.0874898591264165
33.59526062011719,0.3902716274054431,0.2878639511270509,0.0185663278525413,0.1587980081178569,0.0696123926282007,0.0346691844780517,0.5943103047748832,0.1504086338019901,1.8028157458868408,1.793145698925063,0.4463763664899056,0.5922079474075866,0.0876381666305572
33.62010192871094,0.3946080013517258,0.2885875457748658,0.0185950494714105,0.1590484748414741,0.0695902449530522,0.0345120080555759,0.5540915833650197,0.1406820757791333,1.8072762489167105,1.801535771299706,0.4518719526158318,0.5973686263390949,0.0883313085678637
33.634063720703125,0.3968457795150989,0.2889532998953599,0.0186095041745364,0.1591765062195314,0.0695785658960957,0.0344283877126888,0.533074008773463,0.1355992542944729,1.8095769459259308,1.805866972775757,0.4547099283108439,0.6000273457882315,0.0886879537369297
33.648372650146484,0.3990014268060092,0.2893002362655771,0.018623169767329,0.1592989779655869,0.0695671394801664,0.0343460681441922,0.512642683462884,0.1306582807906784,1.811792401226623,1.810040281057551,0.4574451454456347,0.6025853569066739,0.0890307698781737
33.67048645019531,0.4020779571293995,0.2897854055551982,0.0186421949422126,0.1594721772689399,0.0695505061809071,0.0342253113453086,0.4831407514381264,0.1235238654650826,1.81495280665474,1.815998388153092,0.4613514261845186,0.6062303533535351,0.08951866783908
33.71356964111328,0.4072792153261932,0.2905752049512022,0.0186729001081543,0.1597601356630883,0.0695213920650212,0.0340111778427083,0.432219293560091,0.1112099998650582,1.8202913428091243,1.8260773517119693,0.4679633858496262,0.6123750222784191,0.090339347139205
33.77629852294922,0.4132940296187795,0.2914296856009071,0.0187055867326275,0.1600837453877807,0.0694858028245407,0.0337442559259346,0.3713129875962994,0.0964823875906684,1.826456162217578,1.8377444970317824,0.4756248408018921,0.6194466826571288,0.0912803245101194
33.78795623779297,0.4142406729705423,0.2915571268909092,0.0187103936133336,0.1601335534877028,0.0694799716983901,0.0336999379320285,0.3614855765096912,0.0941061395483408,1.827425367991172,1.8395821312312288,0.4768324697234055,0.6205555751964683,0.0914274551760821
33.801815032958984,0.4153048317112192,0.2916977210180442,0.0187156693575815,0.1601891191758133,0.0694733295892953,0.0336492438122151,0.3503466543516394,0.0914128070379327,1.828514493719108,1.841648416779252,0.4781907052542051,0.6218005778896516,0.0915924847829904
33.88678741455078,0.4205870676635986,0.2923456691740959,0.0187394640469981,0.1604569701601641,0.0694387288797211,0.0333812416641869,0.2933423100577366,0.077630155870856,1.833913243086116,1.8519148807537944,0.4849456350856558,0.6279515342346942,0.0924048082331538
33.89973831176758,0.4212327754682556,0.2924179858001521,0.0187420425860893,0.1604886137684828,0.0694342741499599,0.0333462220796771,0.2861376173917299,0.0758882847889819,1.8345721703263496,1.8531712339439093,0.4857731560236973,0.6286994416320906,0.0925031632321308
33.9539794921875,0.4235713805536817,0.2926635530623117,0.0187505981868672,0.1606006125994736,0.0694176058485055,0.0332140299846677,0.2594830045189608,0.0694442639362564,1.8369562254648688,1.8577246978444997,0.4887744911910175,0.6313987144757711,0.0928571412091827
33.969173431396484,0.4241325875649027,0.2927181003848876,0.0187524413339601,0.1606267906153703,0.0694134625894971,0.0331808703241257,0.2529361952517539,0.0678615714397135,1.8375276885385348,1.8588182848824928,0.4894958749531061,0.6320439324627026,0.0929414862272855
33.97703552246094,0.4244086046135248,0.2927442157162394,0.0187533137077893,0.1606395520613846,0.0694114015204465,0.0331643278858692,0.2496918491387497,0.067077260707722,1.83780864400056,1.8593562823497864,0.4898508563530354,0.6323608554437794,0.092982871734351
34.1170654296875,0.4280167206004781,0.293029875613038,0.0187620484058692,0.1607974866195606,0.0693826359650262,0.0329298154121807,0.2053701022950775,0.0563635037605698,1.8414730434285085,1.8664000715526428,0.4945056685629408,0.6364714066344686,0.0935162262947772
34.128746032714844,0.4282289845943319,0.2930424554812188,0.0187623599126909,0.1608061042850053,0.0693808053675853,0.0329146338160145,0.2026177501862183,0.0556982565181513,1.8416879914541544,1.866815292126158,0.4947806063525336,0.6367107805407182,0.0935470239691432
34.143104553222656,0.4284754012840552,0.2930562588797951,0.0187626832122016,0.1608159809240087,0.0693786540047352,0.0328967470760946,0.1993951000742055,0.0549193514838708,1.8419374052550104,1.8672974791403236,0.495099988722865,0.6369882053282437,0.0935826671367983
34.1705322265625,0.4289049538321458,0.2930780701301123,0.0187631390336012,0.1608328391492436,0.0693748299987109,0.0328648290331032,0.1937002104422419,0.0535429533772758,1.842371848446251,1.8681384713651417,0.4956573191001979,0.6374705073550131,0.0936444915313153
34.24950408935547,0.4298878902293074,0.2931148714378581,0.0187635546384321,0.1608693267736985,0.0693656497486599,0.0327874935806609,0.1802192671384851,0.0502849907950827,1.8433640317528204,1.870065492707054,0.4969360501979089,0.6385665576303399,0.0937841654847676
34.28788757324219,0.4302554364264672,0.2931226414994871,0.0187634233764479,0.1608820161344081,0.0693620203953996,0.0327566114903877,0.1749730209774625,0.0490172415970254,1.8437341473754816,1.870787243401252,0.4974157572003984,0.6389729314733718,0.0938355717718065
34.3197021484375,0.4305163371369419,0.2931255817154719,0.0187632070111805,0.1608906134820305,0.0693593595186083,0.0327338455890371,0.1711607422143518,0.0480960639642205,1.8439964903024524,1.871300083847304,0.4977569431805233,0.6392599031246595,0.0938717090790035
34.33119201660156,0.430601925659723,0.2931260091235141,0.0187631103441036,0.1608933483180346,0.0693584689624142,0.0327262011104409,0.1698917179778703,0.0477894359694179,1.8440824723580027,1.8714684274937776,0.4978690087267555,0.6393537333722841,0.0938834902661925
34.35212326049805,0.4307471273304712,0.2931260560292274,0.0187629139179713,0.1608978800193135,0.0693569358234454,0.0327130098083636,0.1677155706177024,0.0472636398611794,1.8442282411922772,1.871754158074456,0.4980593049364531,0.6395125247653296,0.0939033841415927
34.39542007446289,0.4310081310251778,0.2931237036870003,0.0187624443460529,0.1609056380084252,0.069354099788498,0.0326884991238974,0.163720415882412,0.0462983974395386,1.8444899035001352,1.8722682478187684,0.4984019996705289,0.639796546614765,0.0939388097042494
34.43918228149414,0.4312258638396498,0.293118865527358,0.0187619151803879,0.1609116521886188,0.0693516392127664,0.032667108974882,0.1602891060958656,0.0454694551174632,1.8447077599844373,1.872697676790097,0.4986886266574676,0.6400318181473185,0.0939679677568276
34.4515495300293,0.4312801513720894,0.2931171741114665,0.0187617600654634,0.1609130745324664,0.0693510097225313,0.0326616166711578,0.159416962554324,0.0452587740312141,1.8447620065596708,1.87280484256256,0.4987602175419562,0.6400901981158994,0.0939751712233081
34.47222900390625,0.4313645611076556,0.2931141043150067,0.018761497872172,0.1609152161189363,0.0693500164383744,0.0326529326394339,0.1580458378906261,0.0449275678907772,1.8448462875359897,1.872971557641702,0.4988716457940325,0.6401807167392743,0.0939863112984952
34.516963958740234,0.4315228118839378,0.2931067040473452,0.0187609277608797,0.160918969559091,0.0693480999179439,0.0326361124181994,0.1554189528603951,0.0442930713132654,1.845004053627476,1.8732844386337324,0.4990809775891585,0.6403494696385897,0.0940069709787687
34.533260345458984,0.4315731216558355,0.2931038336793709,0.0187607218008819,0.1609200805140116,0.0693474735223125,0.032630595286551,0.1545661169072796,0.0440870937244885,1.8450541327727417,1.8733840093198475,0.4991476609616254,0.6404028190040769,0.0940134679099481
34.55997467041016,0.431648146370216,0.2930990123326037,0.0187603888508605,0.1609216512686808,0.0693465215105336,0.032622190448156,0.1532758143063123,0.0437754765069083,1.8451287336360207,1.8735326013128573,0.4992472432425042,0.6404820640898753,0.0940230822893681
34.6461067199707,0.4318376798872271,0.2930832631401999,0.0187593775095018,0.1609250524887498,0.0693439981715324,0.0325997869189064,0.1498940803447664,0.0429588920370506,1.8453166693535263,1.873908689831504,0.4994997420666767,0.6406801988384103,0.0940468812360586
34.70854187011719,0.4319363106032748,0.2930723461328845,0.0187587215531723,0.1609263904878073,0.0693425946295871,0.0325872358538457,0.1480412559564157,0.042511602124246,1.8454140671901955,1.8741049369444585,0.499631845013626,0.6407817355707924,0.0940588924763548
34.71488571166992,0.4319448901063567,0.2930712795668704,0.0187586589272239,0.1609264883282227,0.0693424686447372,0.0325861057283795,0.1478760915067037,0.0424717349902538,1.845422522220297,1.874122030708757,0.4996433664652344,0.640790500447294,0.0940599212394373
34.72969436645508,0.4319640040583682,0.293068825203523,0.0187585156844612,0.1609266939058022,0.0693421853581987,0.0325835623124055,0.147505457580536,0.0423822756099117,1.8454413473491025,1.8741601286260303,0.4996690549539498,0.6408099823269542,0.0940622024491317
34.78143310546875,0.4320217491317882,0.2930606686381396,0.0187580476623232,0.1609271974416993,0.0693413047354552,0.0325756351036885,0.1463604195618994,0.0421059361927601,1.8454981107167048,1.8742753716854417,0.49974685466186,0.6408684117655359,0.0940689923977774
34.82878494262695,0.4320641642330592,0.2930538149687814,0.0187576629077081,0.1609274307246289,0.0693406290035265,0.0325695294377292,0.1454899389626091,0.0418959039857611,1.8455396779456088,1.874360189533988,0.4998042239771758,0.6409108331614185,0.0940738613764444
34.85752487182617,0.4320858857750903,0.2930499501100423,0.0187574490188109,0.1609274940323773,0.0693402710212047,0.0325662861540799,0.1450320488920713,0.0417854437510584,1.845560913161837,1.8744036958060992,0.4998336958599987,0.6409323538109933,0.0940763061327125
34.925235748291016,0.4321273288818492,0.2930417206420133,0.0187570003753581,0.1609274796019004,0.0693395591591301,0.0325598174658708,0.1441292861682757,0.0415677197394163,1.845601302979396,1.8744868698405264,0.4998901477877473,0.640972922185914,0.0940808530548211
34.9305305480957,0.4321300743990418,0.2930411278993677,0.0187569684015387,0.1609274711364697,0.0693395103910388,0.0325593733230586,0.1440678613517674,0.0415529089283344,1.8456039717559936,1.874492389226936,0.4998938999302248,0.6409755824611758,0.0940811477469161
34.956825256347656,0.4321427919378122,0.293038289961693,0.0187568159295916,0.1609274173645643,0.0693392813603994,0.0325572857177416,0.1437801959353288,0.0414835537022961,1.8456163203307128,1.874517973625222,0.4999113041771076,0.6409878522356015,0.0940825001160313
35.09343338012695,0.4321894695365367,0.2930261660015423,0.018756175682666,0.1609269510478831,0.069338382463187,0.0325490629697838,0.1426663628987276,0.0412151610650645,1.845661394632103,1.8746122089071635,0.4999756258209403,0.6410319088915679,0.0940872291004147
35.10350036621094,0.4321919135245338,0.2930254303575644,0.0187561374104797,0.1609269107820653,0.0693383319332479,0.0325485993288338,0.1426046241173891,0.041200294185408,1.8456637400079303,1.8746171625072787,0.4999790197369925,0.6410341580449413,0.0940874628429923
35.17144012451172,0.4322058266493658,0.2930209570415806,0.0187559061372961,0.1609266368240671,0.0693380343758533,0.0325458661819525,0.1422435009890801,0.0411133673755317,1.8456770504179505,1.8746454174062368,0.4999984144531666,0.6410467994417923,0.0940887542361084
35.22222137451172,0.4322137924283081,0.2930181221261773,0.0187557609052231,0.1609264371538367,0.0693378544556583,0.0325442114358591,0.1420274972997879,0.0410614072334197,1.8456846315880229,1.874661647029182,0.5000095894424851,0.6410538814920018,0.0940894559425156
35.29716491699219,0.4322226915680932,0.2930146211008911,0.0187555830816989,0.1609261620352997,0.0693376416689495,0.0325422530890215,0.1417749352297495,0.0410007017907663,1.845693053069342,1.8746798421719693,0.5000221601126977,0.6410616041837373,0.094090193901297
35.312034606933594,0.4322241293905601,0.2930140124976176,0.0187555523545806,0.1609261109089834,0.0693376057601868,0.0325419225680638,0.141732685626944,0.0409905536438541,1.8456944075708348,1.874682790115905,0.5000242022309824,0.6410628276680375,0.0940903072177248
35.34771728515625,0.4322272131126205,0.2930126562470081,0.0187554840919826,0.1609259933564716,0.069337526915723,0.0325411969404923,0.1416403628506826,0.0409683871245389,1.8456973053275796,1.874689122284582,0.5000285951519962,0.6410654229819793,0.0940905432267161
35.34854888916016,0.4322272792644418,0.2930126263151508,0.0187554825888601,0.1609259907050473,0.0693375251941635,0.0325411810990038,0.1416383542826511,0.0409679050232223,1.8456973673708872,1.8746892582804011,0.500028689604826,0.6410654781851732,0.0940905481741291
35.353729248046875,0.4322276858410681,0.2930124415151193,0.0187554733118891,0.1609259742798706,0.0693375145830566,0.0325410834607476,0.1416259814263648,0.0409649354162807,1.8456977485774149,1.8746900942840343,0.5000292703382067,0.6410658170006872,0.0940905784663413
35.37993240356445,0.4322296037046599,0.2930115492538094,0.0187554286030913,0.1609258936259996,0.0693374637848739,0.0325406161374607,0.1415669301745673,0.0409507664775517,1.845699543852376,1.8746940416747333,0.5000320150154492,0.6410674036913112,0.0940907185262044
35.40465545654297,0.4322312177853213,0.2930107692313171,0.0187553896350741,0.1609258212575239,0.0693374199738455,0.0325402132699619,0.1415162602175728,0.0409386143993558,1.8457010506416085,1.874697369289524,0.5000343324473885,0.6410687227391225,0.0940908323896109
35.444942474365234,0.4322334927082691,0.2930096164818032,0.0187553322599226,0.1609257110434625,0.0693373562681655,0.0325396279060118,0.1414430648256932,0.0409210715455618,1.8457031668138308,1.874702069315438,0.5000376124449415,0.6410705519779848,0.0940909855095544
35.451175689697266,0.4322338093299221,0.2930094503842371,0.0187553240150475,0.1609256948345078,0.0693373471928362,0.0325395445739776,0.1414326891215059,0.0409185860548098,1.845703460544424,1.8747027245184371,0.500038070409859,0.6410708034101331,0.0940910060397499
35.52000427246094,0.432236774042844,0.2930078122289964,0.0187552430289747,0.1609255303700092,0.0693372591243556,0.0325387370117522,0.1413327830099957,0.0408946740525952,1.8457061993112365,1.8747088749722616,0.5000423799407447,0.6410731115992311,0.0940911868313497
35.530548095703125,0.4322371523943205,0.2930075905209897,0.0187552321180245,0.1609255074499974,0.0693372474096095,0.0325386297884261,0.1413196140611589,0.0408915254249226,1.8457065470642005,1.8747096622231203,0.5000429331701796,0.6410733991480727,0.0940912081562622
35.59233856201172,0.4322390418071483,0.2930064273352395,0.0187551750965366,0.1609253844811139,0.069337186771678,0.0325380758889409,0.1412520021970001,0.0408753759339674,1.8457082759199936,1.8747136038825665,0.5000457102878837,0.6410748041839683,0.0940913069037142
35.6041145324707,0.4322393458296249,0.2930062299384929,0.0187551654602241,0.1609253631450692,0.0693371766207268,0.0325379833920246,0.1412407861187007,0.0408727000171783,1.8457085526980384,1.8747142399971948,0.5000461597773572,0.6410750246363599,0.0940913213778674
35.61676788330078,0.4322396549583318,0.2930060257792192,0.0187551555073413,0.1609253409304277,0.0693371661652946,0.0325378882057569,0.141229268500117,0.0408699532627856,1.8457088336522132,1.8747148874217645,0.5000466177010733,0.6410752469009875,0.0940913356180113
35.621063232421875,0.4322397559380466,0.2930059582926338,0.0187551522204597,0.1609253335538078,0.0693371627188845,0.0325378568499568,0.1412254800560915,0.0408690500431753,1.845708925319527,1.8747150990532109,0.5000467674903283,0.6410753190697076,0.0940913401594767
35.6453971862793,0.4322402923856744,0.2930055926617051,0.0187551344409778,0.1609252932956585,0.0693371441313038,0.032537687930107,0.1412051212544737,0.0408641986034793,1.8457094113248589,1.8747162246160456,0.5000475650599174,0.6410756985716525,0.0940913633006885
35.69047927856445,0.4322411426761063,0.293004984939429,0.0187551050041132,0.1609252252577381,0.069337113554842,0.0325374108943464,0.1411719311354189,0.0408562995343349,1.8457101778341545,1.874718013744226,0.5000488364637142,0.6410762847374781,0.0940913960756645
35.69578552246094,0.4322412317971895,0.2930049189245242,0.0187551018159063,0.16092521778003,0.0693371102575225,0.0325373810931138,0.1411683768829753,0.0408554545019457,1.8457102578606668,1.8747182016816903,0.5000489703165656,0.6410763449160662,0.094091399189551
35.73118209838867,0.4322417743865724,0.2930045057748334,0.0187550819092773,0.1609251705815115,0.0693370897291811,0.0325371959497749,0.1411463729641864,0.0408502274360877,1.8457107435710836,1.874719347882916,0.5000497881190585,0.6410767052200147,0.0940914165889123
35.742919921875,0.4322419358810105,0.2930043786755692,0.0187550758025241,0.1609251559202374,0.0693370834512927,0.0325371394813076,0.1411396899506679,0.0408486415529553,1.8457108875836032,1.8747196897646887,0.500050032583734,0.641076810231432,0.0940914211943121
35.74974822998047,0.4322420259357417,0.2930043068834128,0.0187550723569531,0.1609251476088107,0.0693370799129686,0.032537107689826,0.1411359336211674,0.0408477505573315,1.8457109677676096,1.874719880570917,0.5000501691400011,0.6410768682959057,0.0940914236350697
35.82199478149414,0.4322428252265854,0.2930036354323913,0.0187550402817097,0.160925068793857,0.0693370470876912,0.0325368142114141,0.1411014908861877,0.040839596215886,1.8457116749194933,1.874721580072774,0.5000513899091299,0.6410773653207519,0.0940914405387647
35.85136032104492,0.4322430818671364,0.293003403656423,0.0187550292823336,0.1609250411182641,0.0693370358661503,0.0325367146335227,0.1410899132532686,0.0408368629786469,1.84571189985494,1.8747221285542888,0.500051786008506,0.6410775163004229,0.0940914437153042
35.898780822753906,0.432243429883354,0.2930030722691928,0.0187550136350668,0.1609250011098466,0.0693370199127805,0.0325365739515249,0.1410736698120772,0.0408330371994097,1.8457122026687436,1.874722875228532,0.5000523274886203,0.6410777120295537,0.094091445642403
35.919246673583984,0.4322435582012048,0.2930029440129354,0.0187550076078415,0.1609249854832948,0.069337013764958,0.032536520072476,0.1410674885248404,0.0408315846845805,1.8457123135428035,1.8747231515586524,0.5000525286826251,0.6410777810187737,0.094091445506583
36.2237434387207,0.4322445333271912,0.2930017608277235,0.0187549532262719,0.1609248374662445,0.0693369573472106,0.0325360414952147,0.1410140517978244,0.0408191782508661,1.8457131304702263,1.8747252850437548,0.5000541103720187,0.6410781989870254,0.0940914152762798
36.25603103637695,0.4322445764706014,0.2930016897962821,0.0187549500799635,0.1609248283754137,0.0693369539242765,0.0325360141116559,0.1410111223583832,0.0408185139411554,1.845713164424307,1.8747253822889012,0.5000541850507941,0.6410782082481492,0.0940914113105934
36.47415542602539,0.4322447426399012,0.2930013573273751,0.0187549357708142,0.1609247857511938,0.0693369375290806,0.0325358889928587,0.1409981276362483,0.0408156276744747,1.8457132888344272,1.8747257650376477,0.5000544873500519,0.6410782162883979,0.0940913876912817
36.52775955200195,0.4322447624668427,0.2930013039618144,0.0187549335725335,0.1609247789479564,0.0693369347878681,0.0325358694836998,0.1409961881160381,0.0408152118155161,1.8457133022684549,1.8747258125116968,0.5000545268132627,0.6410782110138104,0.0940913829240971
36.53521347045898,0.4322447648149394,0.2930012971840546,0.0187549332963029,0.1609247780863203,0.0693369344359394,0.0325358670198923,0.1409959456723547,0.0408151603081573,1.845713303814264,1.8747258181915096,0.5000545315997711,0.6410782101861537,0.0940913822941673
36.53593826293945,0.4322447650384377,0.2930012965328372,0.0187549332698005,0.1609247780035671,0.0693369344020757,0.0325358667833387,0.140995922426964,0.0408151553758746,1.8457133039608025,1.874725818732887,0.5000545320568651,0.6410782101046886,0.0940913822333384
36.55500793457031,0.4322447706246035,0.2930012798830673,0.0187549325945708,0.160924775889988,0.0693369335331708,0.0325358607457918,0.1409953310987851,0.0408150302899629,1.8457133075870804,1.8747258323103329,0.5000545435734783,0.6410782079043938,0.0940913806596378
36.61655807495117,0.4322447852448738,0.2930012319834675,0.0187549306800841,0.1609247698379388,0.0693369309955162,0.0325358434941302,0.1409936644354985,0.0408146823067725,1.8457133166618112,1.8747258683729744,0.5000545747786976,0.6410782002574945,0.0940913759223598
36.682838439941406,0.432244796361807,0.2930011889416095,0.0187549290023623,0.1609247644492205,0.0693369286552768,0.0325358281541176,0.1409922166012547,0.0408143870441528,1.8457133229381344,1.8747258965824805,0.5000546001316579,0.641078191587711,0.094091371371597
36.70773696899414,0.4322447995713602,0.2930011747146108,0.0187549284585149,0.1609247626819856,0.0693369278661081,0.0325358231204589,0.1409917499378883,0.0408142936877743,1.845713324583872,1.8747259049362357,0.5000546078923899,0.6410781883174044,0.0940913697993652
36.71738815307617,0.4322448006953324,0.2930011694558941,0.0187549282590118,0.1609247620308689,0.0693369275721423,0.0325358212647626,0.1409915790824566,0.0408142597702186,1.84571332513498,1.874725907893388,0.5000546106778231,0.6410781870551908,0.0940913692090617
36.71943664550781,0.4322448009257698,0.2930011683574138,0.0187549282174461,0.1609247618950114,0.0693369275105742,0.0325358208774705,0.1409915435080042,0.0408142527268958,1.8457133252461213,1.8747259085019852,0.5000546112538681,0.64107818678783,0.0940913690851154
36.80986404418945,0.4322448086864474,0.2930011254278207,0.018754926625613,0.1609247566340237,0.06933692505457,0.032535805838155,0.1409901870167468,0.0408139898154958,1.8457133284563456,1.8747259296662784,0.5000546321040076,0.6410781752964367,0.0940913640573537
36.81730270385742,0.4322448091467754,0.2930011223327311,0.0187549265135799,0.1609247562589676,0.0693369248732483,0.0325358047614738,0.1409900919768093,0.0408139718787777,1.8457133285980172,1.874725930982649,0.5000546334746718,0.6410781743862767,0.094091363680163
36.82698822021485,0.4322448097124441,0.2930011183914842,0.0187549263715154,0.1609247557823439,0.0693369246414114,0.032535803391997,0.1409899715401932,0.0408139492570422,1.8457133287599807,1.8747259326154089,0.5000546351926198,0.6410781732107366,0.0940913631967995
36.84620666503906,0.4322448107286665,0.2930011108573452,0.0187549261018726,0.1609247548743924,0.0693369241951618,0.032535800779007,0.1409897431893295,0.0408139067159034,1.8457133290111676,1.874725935598332,0.5000546383895124,0.6410781709113427,0.094091362263084
36.91741943359375,0.4322448134511966,0.2930010859405885,0.0187549252299379,0.1609247519052608,0.0693369226874146,0.0325357921851069,0.1409890068388683,0.0408137731449504,1.8457133292726189,1.8747259441029016,0.5000546481069553,0.6410781628043678,0.0940913590795309
36.9316291809082,0.4322448138302717,0.2930010814772226,0.0187549250772891,0.1609247513795955,0.0693369224115545,0.0325357906537019,0.1409888782252066,0.0408137504726306,1.8457133292232213,1.8747259453939005,0.5000546497019527,0.6410781612683957,0.0940913584929196
37.11985397338867,0.4322448156077189,0.2930010346050365,0.0187549235549188,0.1609247460099775,0.0693369193794218,0.0325357747296875,0.1409875986391781,0.0408135400650652,1.8457133267855643,1.8747259541874464,0.500054663487442,0.6410781435301596,0.0940913519973553
37.19844818115234,0.4322448152774967,0.2930010201947907,0.0187549231228068,0.160924744429901,0.0693369183856494,0.0325357698948705,0.140987235388055,0.0408134873632464,1.8457133252870837,1.8747259549744315,0.5000546665423893,0.6410781374763485,0.0940913498653479
37.22819519042969,0.4322448150665853,0.2930010153347687,0.0187549229816749,0.1609247439065149,0.0693369180424261,0.0325357682708919,0.140987116556288,0.0408134710827912,1.845713324698632,1.874725955019361,0.5000546674378427,0.6410781353718651,0.0940913491307461
37.26881408691406,0.4322448147248187,0.2930010091584286,0.0187549228059201,0.1609247432489625,0.0693369175998771,0.032535766211863,0.1409869683587294,0.0408134515482499,1.8457133238899956,1.8747259549120772,0.5000546684757418,0.6410781326528877,0.0940913481855736
37.33396911621094,0.4322448140842821,0.2930010002361818,0.018754922559546,0.1609247423151639,0.0693369169471978,0.0325357632467876,0.1409867600581689,0.0408134257174237,1.845713322602069,1.8747259544278472,0.5000546697754278,0.6410781286400342,0.0940913467969296
37.39311599731445,0.4322448134419894,0.2930009930489342,0.0187549223679214,0.1609247415778434,0.0693369164091674,0.032535760866149,0.1409865974206723,0.0408134070587468,1.8457133214629444,1.8747259537524783,0.5000546706502585,0.6410781253381707,0.0940913456581454
37.4354362487793,0.4322448129637185,0.2930009883695246,0.0187549222466011,0.1609247411054083,0.0693369160526531,0.0325357593198192,0.1409864940770972,0.040813395980438,1.8457133206736407,1.874725953176007,0.5000546711377661,0.6410781231573607,0.0940913449070385
37.508636474609375,0.4322448121245025,0.2930009810677985,0.01875492206292,0.1609247403808587,0.069336915486111,0.032535756912389,0.1409863369053602,0.0408133804257474,1.845713319369482,1.8747259520633237,0.5000546717712608,0.6410781197095562,0.0940913437199189
37.56002426147461,0.4322448115392466,0.293000976468269,0.0187549219508259,0.1609247399326629,0.0693369151226211,0.0325357553991155,0.1409862404775701,0.0408133717290454,1.845713318504461,1.874725951231541,0.5000546720926317,0.6410781175122476,0.094091342962848
37.62394714355469,0.4322448108275126,0.2930009712722024,0.0187549218276115,0.1609247394342193,0.0693369147056902,0.0325357536923527,0.1409861339408065,0.040813362937162,1.8457133174891165,1.874725950173912,0.5000546723860998,0.6410781150092009,0.0940913420992194
37.63791275024414,0.4322448106752665,0.293000970207481,0.018754921802814,0.1609247393331309,0.0693369146194241,0.0325357533429634,0.140986112422577,0.0408133612708337,1.8457133172762987,1.874725949942157,0.5000546724374041,0.6410781144938539,0.0940913419211866
37.65190887451172,0.4322448105240238,0.2930009691641679,0.0187549217786638,0.160924739234423,0.0693369145346166,0.0325357530007069,0.1409860914392817,0.0408133596824813,1.8457133170662448,1.874725949710209,0.500054672484836,0.6410781139881239,0.0940913417463887
37.661895751953125,0.4322448104169576,0.2930009684338592,0.0187549217618464,0.1609247391655338,0.0693369144750896,0.032535752761193,0.1409860768112024,0.0408133585967878,1.8457133169183308,1.8747259495450164,0.5000546725163831,0.6410781136336945,0.0940913416238309
37.72654342651367,0.4322448097423749,0.2930009639744773,0.0187549216607173,0.1609247387485623,0.0693369141087025,0.0325357512997411,0.1409859885516468,0.0408133524313856,1.8457133160000248,1.8747259484869196,0.5000546726802199,0.6410781114625268,0.094091340871962
37.730499267578125,0.43224480970219,0.2930009637158959,0.0187549216549352,0.1609247387245778,0.0693369140873044,0.0325357512150508,0.1409859834892461,0.0408133520981657,1.8457133159460064,1.8747259484230183,0.5000546726882401,0.6410781113362912,0.0940913408281831
37.805660247802734,0.4322448089640951,0.2930009590874763,0.0187549215529415,0.1609247382988562,0.069336913701478,0.0325357497000623,0.1409858938807095,0.04081334657654,1.8457133149658085,1.8747259472340787,0.5000546728056853,0.6410781090714252,0.0940913400413606
37.9369010925293,0.4322448077948564,0.2930009521425224,0.018754921405109,0.16092473767261,0.0693369131127401,0.03253574742964,0.1409857628567327,0.0408133398151057,1.8457133134523915,1.8747259453003704,0.5000546728959624,0.6410781056583584,0.0940913388500698
37.9392204284668,0.4322448077755653,0.2930009520312027,0.0187549214027886,0.1609247376626918,0.0693369131032102,0.0325357473932713,0.1409857607885382,0.0408133397210194,1.845713313427764,1.874725945268027,0.5000546728966413,0.64107810560355,0.0940913388308786
38.02699661254883,0.4322448070796365,0.2930009480737905,0.0187549213212659,0.1609247373124721,0.0693369127625867,0.0325357461007669,0.1409856878820068,0.0408133366544028,1.8457133125456933,1.8747259440930308,0.5000546729065649,0.6410781036538556,0.0940913381468348
38.06161117553711,0.4322448068230604,0.293000946640761,0.0187549212921958,0.160924737186765,0.0693369126383847,0.0325357456329083,0.1409856617675441,0.0408133356731799,1.8457133122233709,1.874725943656107,0.5000546729037291,0.6410781029474291,0.0940913378983164
38.08260345458984,0.4322448066722232,0.2930009458041226,0.0187549212753308,0.1609247371136392,0.0693369125656684,0.0325357453597981,0.1409856465884664,0.0408133351308259,1.845713312034543,1.8747259433983896,0.5000546729006046,0.6410781025349477,0.0940913377530371
38.09886169433594,0.4322448065578292,0.2930009451723381,0.0187549212626465,0.1609247370585459,0.069336912510659,0.0325357451535769,0.1409856351581159,0.0408133347358641,1.845713311891649,1.874725943202533,0.5000546728975533,0.6410781022234496,0.0940913376432411
38.14046478271485,0.4322448062745504,0.2930009436173286,0.0187549212316103,0.1609247369234037,0.0693369123749126,0.0325357446460629,0.140985607139214,0.0408133338160012,1.8457133115389013,1.8747259427160847,0.5000546728876085,0.6410781014567489,0.0940913373726865
38.17937469482422,0.4322448060215598,0.2930009422392393,0.0187549212043179,0.1609247368041697,0.0693369122542029,0.0325357441963532,0.1409855824400125,0.0408133330610915,1.8457133112251307,1.8747259422800044,0.5000546728760435,0.6410781007773217,0.0940913371325578
38.21198272705078,0.4322448058181378,0.2930009411378666,0.0187549211826446,0.1609247367092268,0.0693369121574642,0.0325357438369812,0.1409855627859879,0.0408133324970489,1.8457133109736457,1.8747259419283089,0.5000546728650518,0.6410781002343914,0.0940913369404184
38.216827392578125,0.4322448057885674,0.2930009409782362,0.0187549211795133,0.1609247366954912,0.0693369121434239,0.0325357437848971,0.14098555994352,0.0408133324181208,1.8457133109371464,1.8747259418771092,0.500054672863335,0.6410781001557073,0.0940913369125541
38.23070907592773,0.4322448057047571,0.2930009405264265,0.0187549211706643,0.1609247366566489,0.0693369121036588,0.0325357436374844,0.1409855519066176,0.0408133321985343,1.8457133108337744,1.874725941731896,0.5000546728583113,0.6410780999330151,0.0940913368336665
38.2340202331543,0.432244805684966,0.2930009404198678,0.0187549211685801,0.1609247366474952,0.0693369120942747,0.032535743602718,0.1409855500128942,0.0408133321475592,1.8457133108093804,1.8747259416975837,0.5000546728570914,0.6410780998804959,0.0940913368150564
38.24045944213867,0.4322448056466969,0.2930009402139622,0.018754921164556,0.1609247366298153,0.0693369120761356,0.0325357435355388,0.1409855463555019,0.0408133320499318,1.8457133107622283,1.874725941631212,0.5000546728546967,0.6410780997790152,0.0940913367790908
38.24431991577149,0.4322448056238915,0.293000940091346,0.0187549211621616,0.1609247366192919,0.0693369120653301,0.0325357434955342,0.1409855441787156,0.0408133319923392,1.84571331073414,1.8747259415916453,0.5000546728532475,0.6410780997185855,0.0940913367576703
38.311553955078125,0.4322448052428569,0.2930009380518493,0.0187549211225413,0.1609247364447776,0.0693369118852014,0.0325357428301756,0.1409855080974787,0.0408133310924129,1.8457133102660035,1.8747259409290409,0.5000546728267016,0.6410780987136891,0.0940913364010577
38.35980987548828,0.4322448049874343,0.2930009366936222,0.0187549210963637,0.160924736329087,0.0693369117648403,0.0325357423871116,0.1409854841944917,0.0408133305513543,1.845713309953344,1.8747259404833547,0.5000546728066341,0.6410780980447655,0.0940913361632501
38.38602066040039,0.4322448048547088,0.2930009359903998,0.0187549210828726,0.1609247362693472,0.0693369117024026,0.0325357421577252,0.1409854718560744,0.0408133302885921,1.8457133097912148,1.874725940251316,0.5000546727955536,0.6410780976985402,0.0940913360400328
38.44296646118164,0.4322448045802425,0.2930009345412467,0.018754921055199,0.1609247361465676,0.0693369115734869,0.0325357416850391,0.1409854465062215,0.0408133297827112,1.8457133094566296,1.8747259397705696,0.5000546727713442,0.6410780969853261,0.0940913357859297
38.51931381225586,0.4322448042403965,0.2930009327553699,0.0187549210213193,0.160924735995836,0.0693369114141804,0.0325357411025451,0.1409854153988281,0.0408133292214236,1.8457133090435272,1.874725939173736,0.5000546727391871,0.6410780961069253,0.094091335472468
38.5235481262207,0.4322448042224431,0.293000932661262,0.0187549210195405,0.16092473598791,0.0693369114057729,0.0325357410718508,0.1409854137634415,0.0408133291936485,1.8457133090217377,1.8747259391421616,0.5000546727374272,0.6410780960606549,0.094091335455941
38.56870651245117,0.4322448040365444,0.2930009316880971,0.0187549210011827,0.1609247359060417,0.0693369113187604,0.0325357407544449,0.1409853968733597,0.0408133289164912,1.8457133087963056,1.874725938814971,0.5000546727188736,0.6410780955822818,0.0940913352849871
38.57953643798828,0.4322448039934417,0.293000931462777,0.0187549209969416,0.1609247358871106,0.069336911298596,0.0325357406809554,0.1409853929681576,0.0408133288548747,1.8457133087440845,1.874725938739045,0.5000546727144888,0.6410780954715507,0.0940913352453932
38.5816650390625,0.4322448039850358,0.2930009314188481,0.0187549209961151,0.1609247358834208,0.0693369112946639,0.0325357406666277,0.1409853922070244,0.0408133288429712,1.8457133087339024,1.8747259387242348,0.5000546727136302,0.6410780954499636,0.0940913352376734
38.61116409301758,0.4322448038707314,0.2930009308219255,0.0187549209848974,0.1609247358333149,0.0693369112412087,0.0325357404719386,0.1409853818717839,0.0408133286846957,1.8457133085955075,1.874725938522763,0.5000546727018446,0.6410780951566706,0.0940913351327571
38.65073013305664,0.4322448037236542,0.2930009300549592,0.0187549209705178,0.1609247357690233,0.0693369111724599,0.0325357402217899,0.1409853686118835,0.0408133284905698,1.845713308417602,1.874725938263299,0.5000546726863917,0.6410780947799412,0.0940913349979101
38.65451049804688,0.4322448037099649,0.2930009299836333,0.0187549209691824,0.1609247357630492,0.0693369111660627,0.0325357401985268,0.1409853673798291,0.040813328473029,1.8457133084010529,1.8747259382391368,0.5000546726849378,0.641078094744913,0.0940913349853673
38.70293045043945,0.4322448035400325,0.2930009290990291,0.018754920952646,0.1609247356890238,0.0693369110866737,0.0325357399100107,0.140985352114215,0.0408133282624639,1.8457133081957453,1.8747259379390264,0.5000546726666788,0.6410780943105753,0.0940913348297761
38.76764678955078,0.4322448033278554,0.2930009279964357,0.0187549209320979,0.1609247355969223,0.069336910987597,0.0325357395503963,0.1409853331230062,0.0408133280172664,1.8457133079397108,1.8747259375638887,0.5000546726433749,0.6410780937694495,0.0940913346357656
38.7941780090332,0.4322448032455455,0.2930009275692272,0.0187549209241542,0.1609247355612837,0.0693369109491739,0.0325357394110603,0.140985325774878,0.0408133279271168,1.8457133078404744,1.8747259374182448,0.5000546726341968,0.6410780935598589,0.0940913345605733
38.8016471862793,0.4322448032228446,0.2930009274514515,0.0187549209219659,0.160924735551463,0.0693369109385778,0.0325357393726471,0.1409853237500522,0.0408133279027208,1.8457133078131136,1.874725937378065,0.5000546726316528,0.6410780935020848,0.0940913345398418
38.80825805664063,0.4322448032029222,0.293000927348108,0.0187549209200463,0.1609247355428474,0.069336910929279,0.0325357393389411,0.1409853219736845,0.0408133278814741,1.845713307789104,1.8747259373427996,0.5000546726294158,0.6410780934513928,0.0940913345216501
38.84151458740234,0.4322448031050765,0.2930009268407696,0.0187549209106306,0.1609247355005716,0.0693369108836136,0.0325357391734695,0.1409853132574861,0.040813327779295,1.8457133076712244,1.8747259371695475,0.5000546726183713,0.641078093202568,0.0940913344323333
38.864295959472656,0.4322448030402809,0.2930009265049886,0.0187549209044059,0.1609247354726098,0.0693369108533763,0.032535739063952,0.140985307492631,0.0408133277135598,1.845713307593195,1.8747259370547704,0.5000546726110067,0.6410780930379153,0.0940913343732111
38.874122619628906,0.4322448030128769,0.2930009263630197,0.0187549209017757,0.1609247354607919,0.0693369108405887,0.0325357390176476,0.1409853050561565,0.0408133276862075,1.8457133075602017,1.874725937006217,0.5000546726078803,0.6410780929683073,0.0940913343482123
38.911956787109375,0.4322448029103494,0.2930009258320884,0.0187549208919476,0.1609247354166174,0.0693369107927496,0.0325357388444793,0.1409852959489795,0.0408133275861692,1.845713307436803,1.8747259368245095,0.5000546725961246,0.6410780927080282,0.0940913342547131
38.9350814819336,0.4322448028499498,0.2930009255194672,0.0187549208861666,0.1609247353906226,0.0693369107645692,0.0325357387425143,0.1409852905898729,0.0408133275288789,1.8457133073641367,1.8747259367174265,0.5000546725891579,0.6410780925548003,0.0940913341996526
38.96160125732422,0.432244802782726,0.2930009251716509,0.0187549208797399,0.1609247353617146,0.0693369107332065,0.0325357386290695,0.1409852846302403,0.0408133274664925,1.845713307283284,1.874725936598212,0.50005467258137,0.6410780923843468,0.0940913341383878
38.9799690246582,0.4322448027374114,0.2930009249372647,0.0187549208754119,0.1609247353422418,0.069336910712066,0.0325357385526212,0.1409852806157863,0.0408133274252327,1.845713307228796,1.8747259365178328,0.500054672576101,0.6410780922694962,0.0940913340970996
39.00970077514648,0.4322448026661569,0.2930009245688164,0.018754920868613,0.1609247353116434,0.0693369106788247,0.032535738432446,0.1409852743077271,0.0408133273616046,1.8457133071431373,1.8747259363914115,0.5000546725677857,0.6410780920889779,0.0940913340321908
39.04839324951172,0.4322448025771739,0.2930009241088755,0.0187549208601335,0.1609247352734669,0.0693369106373141,0.0325357382824281,0.1409852664374602,0.0408133272842113,1.8457133070362024,1.8747259362334885,0.5000546725573528,0.6410780918636737,0.0940913339511561
39.07594299316406,0.4322448025163011,0.2930009237943388,0.0187549208543393,0.1609247352473718,0.0693369106089172,0.0325357381798358,0.140985261057847,0.0408133272325329,1.8457133069630705,1.8747259361254245,0.5000546725501865,0.6410780917096213,0.0940913338957346
39.07619857788086,0.4322448025157458,0.2930009237914698,0.0187549208542864,0.1609247352471338,0.0693369106086582,0.0325357381789,0.140985261008787,0.0408133272320659,1.8457133069624032,1.8747259361244384,0.500054672550121,0.6410780917082163,0.094091333895229
39.08778381347656,0.4322448024907533,0.2930009236623553,0.018754920851909,0.1609247352364249,0.0693369105969994,0.0325357381367866,0.1409852588010954,0.0408133272111397,1.8457133069323823,1.874725936080064,0.5000546725471722,0.641078091644985,0.0940913338724779
39.11726760864258,0.4322448024287024,0.2930009233418479,0.0187549208460101,0.1609247352098485,0.0693369105680531,0.032535738032246,0.1409852533222564,0.0408133271598855,1.845713306857859,1.8747259359698756,0.5000546725398349,0.6410780914880375,0.094091333815999
39.12226867675781,0.4322448024183944,0.2930009232886126,0.0187549208450306,0.1609247352054351,0.0693369105632445,0.0325357380148821,0.1409852524124286,0.0408133271514659,1.8457133068454803,1.8747259359515684,0.500054672538614,0.641078091461971,0.0940913338066176
39.12773513793945,0.4322448024071981,0.2930009232307918,0.0187549208439669,0.160924735200642,0.0693369105580215,0.0325357379960225,0.1409852514242948,0.040813327142351,1.845713306832036,1.8747259359316832,0.5000546725372872,0.6410780914336598,0.0940913337964281
39.1964225769043,0.4322448022726277,0.293000922536018,0.0187549208311943,0.1609247351430708,0.0693369104952447,0.0325357377694042,0.1409852395556884,0.0408133270351642,1.8457133066704836,1.874725935692624,0.5000546725212884,0.6410780910935239,0.0940913336739825
39.21645736694336,0.4322448022354304,0.2930009223440283,0.0187549208276675,0.1609247351271692,0.0693369104778918,0.0325357377067813,0.1409852362774861,0.0408133270062759,1.84571330662584,1.874725935626528,0.5000546725168505,0.6410780909995489,0.0940913336401439
39.222164154052734,0.4322448022249983,0.2930009222901886,0.0187549208266787,0.1609247351227105,0.0693369104730252,0.0325357376892199,0.1409852353582902,0.0408133269982291,1.845713306613321,1.8747259356079895,0.5000546725156048,0.6410780909731968,0.0940913336306543
39.25091171264648,0.4322448021735254,0.293000922024562,0.0187549208218015,0.1609247351007162,0.0693369104490122,0.0325357376025779,0.1409852308239924,0.0408133269588705,1.8457133065515547,1.874725935516512,0.5000546725094508,0.6410780908431919,0.0940913335838349
39.26105499267578,0.4322448021557852,0.2930009219330234,0.0187549208201212,0.1609247350931379,0.069336910440736,0.0325357375727197,0.1409852292616729,0.0408133269454358,1.845713306530269,1.8747259354849812,0.5000546725073273,0.6410780907983935,0.0940913335676998
39.3809814453125,0.4322448019616845,0.2930009209317512,0.0187549208017573,0.1609247350102861,0.0693369103501788,0.0325357372461205,0.1409852121808509,0.0408133268025143,1.8457133062974456,1.8747259351399,0.5000546724840123,0.6410780903084724,0.0940913333911963
39.38204574584961,0.4322448019600844,0.2930009209234991,0.0187549208016061,0.1609247350096035,0.0693369103494323,0.0325357372434288,0.1409852120401354,0.0408133268013653,1.8457133062955269,1.8747259351370549,0.5000546724838194,0.6410780903044353,0.0940913333897415
39.412376403808594,0.432244801915337,0.2930009206927352,0.0187549207973775,0.1609247349905187,0.0693369103285541,0.0325357371681564,0.1409852081055181,0.040813326769415,1.8457133062418687,1.8747259350574776,0.5000546724784255,0.641078090191547,0.0940913333490593
39.42952346801758,0.4322448018907537,0.2930009205659677,0.0187549207950551,0.1609247349800361,0.0693369103170838,0.0325357371268063,0.1409852059443726,0.0408133267520073,1.8457133062123925,1.8747259350137568,0.5000546724754595,0.6410780901295369,0.0940913333267104
39.43111801147461,0.4322448018884934,0.2930009205543121,0.0187549207948416,0.1609247349790724,0.0693369103160291,0.0325357371230043,0.1409852057456778,0.0408133267504118,1.8457133062096824,1.8747259350097365,0.5000546724751866,0.6410780901238354,0.0940913333246556
39.4475212097168,0.4322448018654913,0.2930009204357042,0.018754920792669,0.1609247349692656,0.0693369103052964,0.0325357370843156,0.1409852037238363,0.0408133267342228,1.845713306182104,1.874725934968825,0.5000546724724098,0.6410780900658192,0.094091333303745
39.44830322265625,0.432244801864406,0.2930009204301081,0.0187549207925665,0.1609247349688028,0.06933691030479,0.0325357370824902,0.1409852036284461,0.040813326733461,1.8457133061808024,1.8747259349668943,0.5000546724722786,0.6410780900630819,0.0940913333027584
39.47703170776367,0.432244801825236,0.2930009202281445,0.0187549207888679,0.160924734952106,0.0693369102865129,0.0325357370166116,0.1409852001860964,0.0408133267060953,1.8457133061338424,1.8747259348972227,0.5000546724675462,0.6410780899642979,0.0940913332671515
39.58468627929688,0.4322448016899377,0.2930009195306399,0.018754920776101,0.1609247348944597,0.0693369102233777,0.0325357367890903,0.1409851883010928,0.040813326613344,1.8457133059716653,1.8747259346565257,0.5000546724511689,0.6410780896231822,0.0940913331441733
39.59031677246094,0.4322448016833325,0.2930009194965918,0.0187549207754781,0.1609247348916464,0.0693369102202953,0.032535736777984,0.1409851877210696,0.0408133266088819,1.845713305963749,1.8747259346447736,0.5000546724503683,0.6410780896065328,0.09409133313817
39.65411758422852,0.4322448016115329,0.2930009191265028,0.0187549207687082,0.160924734861071,0.0693369101867882,0.0325357366572623,0.1409851814171731,0.0408133265607446,1.845713305877703,1.8747259345170169,0.5000546724416595,0.6410780894255695,0.0940913330729156
39.65536880493164,0.4322448016101792,0.2930009191195255,0.0187549207685806,0.1609247348604946,0.0693369101861565,0.0325357366549863,0.1409851812983394,0.0408133265598433,1.8457133058760808,1.874725934514608,0.5000546724414952,0.6410780894221579,0.0940913330716854
39.67663192749024,0.4322448015874837,0.293000919002549,0.0187549207664413,0.1609247348508319,0.0693369101755646,0.0325357366168288,0.1409851793060996,0.0408133265447647,1.8457133058488844,1.874725934474221,0.5000546724387401,0.6410780893649636,0.0940913330510596
39.68871307373047,0.4322448015748451,0.2930009189374088,0.0187549207652501,0.1609247348454513,0.0693369101696662,0.0325357365955802,0.1409851781967437,0.0408133265363944,1.84571330583374,1.8747259344517304,0.5000546724372055,0.6410780893331148,0.0940913330395737
39.704044342041016,0.4322448015590686,0.2930009188560977,0.0187549207637633,0.1609247348387353,0.0693369101623033,0.0325357365690566,0.140985176812042,0.0408133265259723,1.8457133058148356,1.874725934423655,0.5000546724352896,0.6410780892933603,0.0940913330252364
39.77159118652344,0.4322448014929244,0.2930009185152067,0.0187549207575311,0.1609247348105819,0.0693369101314324,0.0325357364578581,0.1409851710073888,0.040813326482579,1.8457133057355823,1.87472593430594,0.500054672427252,0.641078089126701,0.0940913329651274
39.789772033691406,0.4322448014760203,0.2930009184280908,0.0187549207559388,0.160924734803388,0.0693369101235427,0.0325357364294408,0.140985169524139,0.0408133264715644,1.8457133057153292,1.8747259342758544,0.5000546724251969,0.6410780890841128,0.0940913329497662
39.8160514831543,0.4322448014522306,0.2930009183054923,0.018754920753698,0.1609247347932646,0.0693369101124391,0.032535736389449,0.1409851674368536,0.0408133264561122,1.8457133056868276,1.8747259342335127,0.5000546724223037,0.6410780890241797,0.0940913329281481
39.85606002807617,0.4322448014174265,0.2930009181261353,0.0187549207504202,0.1609247347784553,0.0693369100961942,0.0325357363309424,0.1409851643834322,0.0408133264336055,1.845713305645131,1.8747259341715647,0.5000546724180699,0.641078088936503,0.0940913328965213
39.87360763549805,0.432244801402682,0.293000918050154,0.0187549207490318,0.160924734772182,0.0693369100893121,0.0325357363061572,0.140985163089976,0.0408133264241051,1.845713305627467,1.8747259341453208,0.5000546724162758,0.6410780888993612,0.0940913328831231
39.88032150268555,0.4322448013971225,0.2930009180215048,0.0187549207485083,0.1609247347698167,0.0693369100867171,0.0325357362968117,0.1409851626022793,0.0408133264205281,1.8457133056208068,1.8747259341354252,0.5000546724155992,0.6410780888853569,0.0940913328780712
39.88496017456055,0.4322448013933075,0.2930009180018455,0.0187549207481491,0.1609247347681936,0.0693369100849364,0.0325357362903988,0.1409851622676227,0.0408133264180751,1.8457133056162365,1.8747259341286344,0.5000546724151349,0.6410780888757471,0.0940913328746046
39.92128753662109,0.4322448013641556,0.2930009178516226,0.0187549207454043,0.1609247347557915,0.069336910071329,0.0325357362413956,0.1409851597104837,0.0408133263993733,1.845713305581314,1.874725934076744,0.5000546724115866,0.6410780888023168,0.0940913328481147
39.94451522827149,0.4322448013461725,0.2930009177589553,0.0187549207437113,0.1609247347481414,0.0693369100629349,0.0325357362111671,0.1409851581331471,0.0408133263878731,1.845713305559772,1.874725934044733,0.5000546724093973,0.6410780887570212,0.094091332831774
39.94508743286133,0.4322448013457358,0.293000917756705,0.0187549207436702,0.1609247347479557,0.0693369100627311,0.0325357362104331,0.1409851580948444,0.0408133263875942,1.8457133055592485,1.874725934043956,0.500054672409344,0.6410780887559212,0.0940913328313772
39.98429107666016,0.4322448013165207,0.2930009176061612,0.01875492074092,0.1609247347355283,0.0693369100490938,0.0325357361613251,0.1409851555324756,0.0408133263689687,1.845713305524252,1.8747259339919504,0.5000546724057866,0.6410780886823376,0.0940913328048304
40.01242446899414,0.4322448012963882,0.2930009175024209,0.018754920739025,0.160924734726965,0.069336910039696,0.0325357361274845,0.1409851537668157,0.0408133263561729,1.845713305500136,1.8747259339561115,0.5000546724033345,0.641078088631632,0.0940913327865368
40.0216064453125,0.4322448012899635,0.2930009174693157,0.0187549207384203,0.1609247347242324,0.0693369100366969,0.0325357361166854,0.1409851532033778,0.040813326352096,1.8457133054924404,1.8747259339446745,0.500054672402552,0.6410780886154513,0.0940913327806991
40.02385330200195,0.4322448012884022,0.2930009174612704,0.0187549207382733,0.1609247347235683,0.0693369100359681,0.0325357361140609,0.14098515306645,0.0408133263511057,1.84571330549057,1.8747259339418951,0.5000546724023618,0.641078088611519,0.0940913327792803
40.03286743164063,0.4322448012821804,0.2930009174292108,0.0187549207376877,0.160924734720922,0.0693369100330638,0.032535736103603,0.1409851525208173,0.0408133263471612,1.8457133054831172,1.874725933930819,0.5000546724016038,0.6410780885958495,0.0940913327736269
40.056941986083984,0.4322448012658905,0.2930009173452724,0.0187549207361546,0.1609247347139936,0.0693369100254595,0.0325357360762217,0.1409851510922618,0.040813326336847,1.845713305463605,1.87472593390182,0.5000546723996193,0.6410780885548238,0.0940913327588251
40.0623893737793,0.4322448012622695,0.2930009173266143,0.0187549207358138,0.1609247347124536,0.0693369100237692,0.0325357360701354,0.1409851507747248,0.0408133263345569,1.845713305459268,1.874725933895374,0.5000546723991782,0.6410780885457046,0.094091332755535
40.09266662597656,0.4322448012425702,0.2930009172251095,0.0187549207339599,0.1609247347040756,0.0693369100145733,0.0325357360370239,0.1409851490472663,0.0408133263221142,1.845713305435672,1.8747259338603048,0.5000546723967779,0.6410780884960942,0.0940913327376354
40.10494613647461,0.4322448012347831,0.2930009171849844,0.0187549207332271,0.1609247347007639,0.0693369100109381,0.0325357360239348,0.1409851483644109,0.0408133263172028,1.8457133054263448,1.8747259338464413,0.5000546723958291,0.6410780884764833,0.0940913327305596
40.11264801025391,0.4322448012299571,0.293000917160118,0.018754920732773,0.1609247346987115,0.0693369100086853,0.0325357360158233,0.1409851479412357,0.0408133263141612,1.8457133054205648,1.87472593383785,0.500054672395241,0.6410780884643301,0.0940913327261746
40.114723205566406,0.4322448012286645,0.2930009171534574,0.0187549207326514,0.1609247346981618,0.0693369100080818,0.0325357360136505,0.1409851478278856,0.0408133263133467,1.845713305419016,1.8747259338355489,0.5000546723950835,0.6410780884610748,0.094091332725
40.16754913330078,0.4322448011968215,0.2930009169893819,0.018754920729655,0.1609247346846203,0.0693369099932166,0.032535735960128,0.1409851450357357,0.0408133262933173,1.845713305380876,1.8747259337788595,0.5000546723912027,0.6410780883808858,0.0940913326960665
40.16963195800781,0.432244801195607,0.2930009169831239,0.0187549207295407,0.1609247346841038,0.0693369099926497,0.0325357359580866,0.1409851449292422,0.0408133262925546,1.8457133053794212,1.8747259337766968,0.5000546723910547,0.6410780883778272,0.0940913326949629
40.19975280761719,0.4322448011783787,0.2930009168943538,0.0187549207279197,0.1609247346767777,0.0693369099846069,0.0325357359291292,0.1409851434186527,0.0408133262817455,1.8457133053587864,1.8747259337460251,0.5000546723889547,0.6410780883344434,0.0940913326793088
40.19977569580078,0.4322448011783659,0.2930009168942876,0.0187549207279185,0.1609247346767722,0.0693369099846009,0.0325357359291075,0.1409851434175256,0.0408133262817373,1.845713305358771,1.8747259337460025,0.5000546723889532,0.641078088334411,0.0940913326792971
40.210716247558594,0.4322448011722612,0.2930009168628329,0.0187549207273441,0.1609247346741763,0.069336909981751,0.0325357359188468,0.1409851428822738,0.0408133262779114,1.8457133053514596,1.874725933735134,0.500054672388209,0.6410780883190386,0.0940913326737503
40.23329544067383,0.4322448011599135,0.2930009167992102,0.0187549207261824,0.1609247346689258,0.0693369099759866,0.0325357358980926,0.1409851417996449,0.0408133262701793,1.8457133053366703,1.8747259337131508,0.5000546723867039,0.6410780882879451,0.0940913326625308
40.29319381713867,0.4322448011287356,0.293000916638566,0.0187549207232492,0.1609247346556688,0.0693369099614313,0.0325357358456892,0.1409851390661306,0.0408133262506935,1.8457133052993289,1.8747259336576427,0.5000546723829028,0.6410780882094372,0.0940913326342019
40.29463577270508,0.4322448011280124,0.2930009166348395,0.0187549207231812,0.1609247346553613,0.0693369099610937,0.0325357358444736,0.1409851390027227,0.040813326250242,1.845713305298463,1.8747259336563549,0.5000546723828145,0.641078088207616,0.0940913326335448
40.29868316650391,0.432244801125989,0.2930009166244143,0.0187549207229908,0.1609247346545009,0.0693369099601491,0.0325357358410728,0.1409851388253313,0.0408133262489794,1.8457133052960395,1.8747259336527524,0.5000546723825678,0.6410780882025213,0.0940913326317063
40.32654571533203,0.4322448011123243,0.2930009165540068,0.0187549207217053,0.1609247346486908,0.0693369099537696,0.0325357358181052,0.1409851376273156,0.0408133262404571,1.8457133052796733,1.874725933628424,0.5000546723809017,0.6410780881681132,0.0940913326192902
40.36465835571289,0.4322448010943585,0.2930009164614386,0.0187549207200153,0.1609247346410521,0.0693369099453821,0.0325357357879087,0.1409851360522539,0.0408133262292661,1.8457133052581567,1.874725933596437,0.500054672378711,0.6410780881228758,0.0940913326029662
40.37217712402344,0.4322448010909104,0.2930009164436726,0.0187549207196909,0.1609247346395861,0.0693369099437724,0.0325357357821133,0.140985135749966,0.0408133262271201,1.845713305254027,1.874725933590298,0.5000546723782906,0.6410780881141936,0.0940913325998332
40.38141250610352,0.4322448010867175,0.2930009164220689,0.0187549207192965,0.1609247346378034,0.0693369099418149,0.032535735775066,0.1409851353823827,0.0408133262245112,1.8457133052490056,1.8747259335828328,0.5000546723777793,0.6410780881036363,0.0940913325960235
40.390621185302734,0.4322448010825828,0.2930009164007652,0.0187549207189076,0.1609247346360455,0.0693369099398845,0.0325357357681165,0.1409851350199056,0.0408133262219394,1.8457133052440533,1.8747259335754711,0.5000546723772751,0.6410780880932255,0.0940913325922667
40.39523315429688,0.4322448010805292,0.2930009163901841,0.0187549207187144,0.1609247346351723,0.0693369099389258,0.0325357357646649,0.1409851348398692,0.0408133262206623,1.8457133052415944,1.874725933571815,0.5000546723770246,0.6410780880880546,0.0940913325904007
40.40703582763672,0.4322448010753252,0.2930009163633711,0.0187549207182249,0.1609247346329598,0.0693369099364962,0.0325357357559182,0.1409851343836528,0.040813326217427,1.8457133052353616,1.8747259335625492,0.5000546723763901,0.6410780880749515,0.0940913325856723
40.41555404663086,0.432244801071615,0.2930009163442545,0.0187549207178759,0.1609247346313824,0.0693369099347641,0.0325357357496822,0.140985134058393,0.0408133262151211,1.8457133052309185,1.874725933555944,0.5000546723759376,0.6410780880656095,0.0940913325823012
40.4174919128418,0.4322448010707763,0.2930009163399329,0.018754920717797,0.1609247346310258,0.0693369099343725,0.0325357357482725,0.1409851339848625,0.0408133262145999,1.8457133052299135,1.8747259335544504,0.5000546723758353,0.6410780880634976,0.0940913325815391
40.43304443359375,0.432244801064115,0.2930009163056111,0.0187549207171704,0.1609247346281937,0.0693369099312625,0.0325357357370764,0.1409851334008942,0.0408133262104615,1.845713305221936,1.8747259335425897,0.500054672375023,0.6410780880467252,0.0940913325754866
40.433353424072266,0.4322448010639839,0.2930009163049358,0.0187549207171581,0.1609247346281379,0.0693369099312013,0.0325357357368561,0.140985133389402,0.04081332621038,1.845713305221779,1.8747259335423567,0.500054672375007,0.6410780880463951,0.0940913325753674
40.44296646118164,0.4322448010599299,0.2930009162840478,0.0187549207167767,0.1609247346264143,0.0693369099293086,0.0325357357300422,0.1409851330340054,0.0408133262078625,1.845713305216924,1.8747259335351385,0.5000546723745126,0.6410780880361876,0.0940913325716839
40.44356536865234,0.4322448010596789,0.2930009162827544,0.0187549207167531,0.1609247346263076,0.0693369099291914,0.0325357357296203,0.140985133011999,0.0408133262077065,1.845713305216623,1.874725933534692,0.500054672374482,0.6410780880355555,0.0940913325714558
40.449100494384766,0.4322448010573674,0.2930009162708448,0.0187549207165357,0.1609247346253249,0.0693369099281123,0.0325357357257353,0.1409851328093665,0.0408133262062715,1.8457133052138548,1.8747259335305764,0.5000546723742001,0.6410780880297356,0.0940913325693556
40.46949005126953,0.4322448010489843,0.2930009162276515,0.0187549207157472,0.1609247346217608,0.0693369099241985,0.0325357357116452,0.1409851320744611,0.0408133262010685,1.8457133052038148,1.87472593351565,0.5000546723731777,0.641078088008628,0.0940913325617386
40.47062301635742,0.4322448010485245,0.2930009162252824,0.0187549207157039,0.1609247346215653,0.0693369099239838,0.0325357357108724,0.1409851320341511,0.0408133262007832,1.845713305203264,1.874725933514832,0.5000546723731216,0.6410780880074702,0.0940913325613208
40.48859024047852,0.4322448010413154,0.2930009161881386,0.0187549207150258,0.1609247346185004,0.0693369099206181,0.0325357356987557,0.140985131402182,0.0408133261963113,1.8457133051946304,1.874725933501996,0.5000546723722424,0.641078087989319,0.0940913325547706
40.50777816772461,0.4322448010337867,0.2930009161493473,0.0187549207143177,0.1609247346152996,0.0693369099171031,0.0325357356861016,0.1409851307421847,0.0408133261916434,1.845713305185614,1.8747259334885915,0.5000546723713242,0.6410780879703627,0.0940913325479299
40.51654052734375,0.4322448010304058,0.2930009161319282,0.0187549207139997,0.1609247346138623,0.0693369099155247,0.0325357356804194,0.1409851304458156,0.0408133261895478,1.845713305181565,1.874725933482572,0.5000546723709118,0.6410780879618504,0.094091332544858
40.53668975830078,0.4322448010227655,0.2930009160925619,0.0187549207132811,0.1609247346106141,0.0693369099119576,0.0325357356675777,0.1409851297760411,0.040813326184814,1.8457133051724148,1.874725933468968,0.50005467236998,0.6410780879426133,0.0940913325379159
40.53986358642578,0.4322448010215788,0.2930009160864475,0.0187549207131695,0.1609247346101096,0.0693369099114035,0.0325357356655831,0.1409851296720124,0.0408133261840789,1.8457133051709933,1.8747259334668551,0.5000546723698353,0.6410780879396253,0.0940913325368376
40.54914474487305,0.4322448010181344,0.2930009160687006,0.0187549207128455,0.1609247346086453,0.0693369099097954,0.0325357356597939,0.1409851293700708,0.0408133261819456,1.8457133051668688,1.8747259334607225,0.5000546723694151,0.641078087930953,0.094091332533708
40.55072021484375,0.4322448010175535,0.2930009160657077,0.0187549207127909,0.1609247346083983,0.0693369099095242,0.0325357356588176,0.1409851293191497,0.0408133261815859,1.845713305166173,1.874725933459688,0.5000546723693443,0.6410780879294905,0.0940913325331802
40.56198120117188,0.4322448010134334,0.2930009160444795,0.0187549207124033,0.1609247346066467,0.0693369099076006,0.0325357356518927,0.1409851289579782,0.0408133261790347,1.8457133051612389,1.8747259334523525,0.5000546723688417,0.6410780879191169,0.0940913325294366
40.5660514831543,0.4322448010119579,0.293000916036877,0.0187549207122646,0.1609247346060194,0.0693369099069117,0.0325357356494127,0.1409851288286319,0.0408133261781213,1.845713305159472,1.874725933449725,0.5000546723686617,0.6410780879154018,0.094091332528096
40.57502365112305,0.4322448010087307,0.2930009160202494,0.018754920711961,0.1609247346046474,0.069336909905405,0.0325357356439887,0.1409851285457365,0.0408133261761236,1.845713305155607,1.874725933443979,0.5000546723682682,0.6410780879072766,0.0940913325251637
40.57612609863281,0.4322448010083366,0.2930009160182187,0.018754920711924,0.1609247346044799,0.069336909905221,0.0325357356433262,0.1409851285111863,0.0408133261758797,1.8457133051551349,1.874725933443277,0.5000546723682201,0.6410780879062842,0.0940913325248056
40.583927154541016,0.4322448010055624,0.2930009160039254,0.0187549207116631,0.1609247346033005,0.0693369099039258,0.0325357356386636,0.1409851282680067,0.0408133261741629,1.8457133051518124,1.874725933438338,0.5000546723678817,0.6410780878992995,0.094091332522285
40.59067916870117,0.4322448010031823,0.293000915991662,0.0187549207114392,0.1609247346022887,0.0693369099028145,0.0325357356346632,0.140985128059362,0.0408133261726901,1.845713305148962,1.8747259334341,0.5000546723675914,0.6410780878933069,0.0940913325201224
40.59312438964844,0.4322448010023251,0.2930009159872453,0.0187549207113586,0.1609247346019242,0.0693369099024143,0.0325357356332224,0.1409851279842186,0.0408133261721597,1.8457133051479355,1.8747259334325737,0.5000546723674868,0.6410780878911486,0.0940913325193435
40.59877395629883,0.4322448010003542,0.2930009159770904,0.0187549207111732,0.1609247346010864,0.0693369099014941,0.0325357356299097,0.1409851278114466,0.0408133261709403,1.845713305145575,1.874725933429065,0.5000546723672464,0.6410780878861861,0.0940913325175527
40.60243225097656,0.432244800999085,0.2930009159705513,0.0187549207110538,0.1609247346005468,0.0693369099009016,0.0325357356277766,0.1409851277001942,0.0408133261701551,1.8457133051440555,1.8747259334268047,0.5000546723670916,0.6410780878829908,0.0940913325163996
40.628849029541016,0.4322448009900843,0.2930009159241764,0.0187549207102073,0.1609247345967204,0.0693369098966993,0.0325357356126487,0.1409851269111961,0.0408133261645885,1.845713305133276,1.8747259334107789,0.5000546723659938,0.6410780878603292,0.0940913325082214
40.63683319091797,0.4322448009874198,0.2930009159104474,0.0187549207099567,0.1609247345955876,0.0693369098954553,0.0325357356081702,0.1409851266776202,0.0408133261629411,1.8457133051300847,1.8747259334060349,0.5000546723656687,0.6410780878536203,0.0940913325058004
40.64075469970703,0.4322448009861203,0.2930009159037525,0.0187549207098345,0.1609247345950352,0.0693369098948486,0.0325357356059862,0.1409851265637149,0.0408133261621378,1.8457133051285288,1.874725933403721,0.5000546723655103,0.6410780878503487,0.0940913325046197
40.6453742980957,0.4322448009845974,0.293000915895906,0.0187549207096913,0.1609247345943878,0.0693369098941376,0.0325357356034266,0.1409851264302199,0.0408133261611965,1.845713305126705,1.8747259334010091,0.5000546723653245,0.6410780878465144,0.094091332503236
40.64881896972656,0.4322448009834674,0.2930009158900833,0.018754920709585,0.1609247345939074,0.0693369098936099,0.0325357356015272,0.1409851263311587,0.0408133261604979,1.845713305125352,1.8747259333989972,0.5000546723651866,0.6410780878436692,0.0940913325022092
40.66833114624024,0.4322448009771537,0.293000915857553,0.0187549207089912,0.1609247345912233,0.0693369098906622,0.0325357355909154,0.140985125777709,0.0408133261565962,1.8457133051177903,1.8747259333877555,0.5000546723644165,0.641078087827773,0.0940913324964725
40.67853546142578,0.4322448009739102,0.2930009158408418,0.0187549207086861,0.1609247345898445,0.0693369098891479,0.0325357355854641,0.1409851254933996,0.0408133261545923,1.845713305113906,1.8747259333819808,0.5000546723640209,0.6410780878196068,0.0940913324935255
40.69484329223633,0.4322448009688088,0.2930009158145572,0.0187549207082063,0.1609247345876758,0.069336909886766,0.0325357355768897,0.1409851250462124,0.0408133261514409,1.8457133051077967,1.8747259333728967,0.5000546723633986,0.6410780878067627,0.0940913324888903
40.70491409301758,0.4322448009657079,0.2930009157985806,0.0187549207079147,0.1609247345863576,0.0693369098853183,0.032535735571678,0.1409851247744023,0.0408133261495259,1.8457133051040835,1.874725933367376,0.5000546723630203,0.6410780877989556,0.0940913324860728
40.71616744995117,0.4322448009622871,0.2930009157809554,0.018754920707593,0.1609247345849034,0.0693369098837211,0.0325357355659285,0.1409851244745417,0.0408133261474136,1.8457133050999863,1.874725933361285,0.500054672362603,0.6410780877903429,0.0940913324829646
40.71766662597656,0.4322448009618349,0.2930009157786252,0.0187549207075505,0.1609247345847111,0.06933690988351,0.0325357355651684,0.1409851244349006,0.0408133261471344,1.845713305099445,1.87472593336048,0.5000546723625479,0.6410780877892044,0.0940913324825537
40.736209869384766,0.4322448009563079,0.2930009157501488,0.0187549207070307,0.1609247345823616,0.0693369098809295,0.032535735555879,0.1409851239504277,0.0408133261437223,1.845713305092826,1.874725933350639,0.5000546723618736,0.6410780877752892,0.0940913324775319
40.73737716674805,0.4322448009559642,0.2930009157483773,0.0187549207069984,0.1609247345822154,0.069336909880769,0.0325357355553012,0.14098512392029,0.0408133261435102,1.8457133050924144,1.8747259333500268,0.5000546723618318,0.6410780877744235,0.0940913324772195
40.74093627929688,0.4322448009549188,0.2930009157429915,0.0187549207069,0.160924734581771,0.069336909880281,0.0325357355535443,0.1409851238286602,0.0408133261428649,1.8457133050911625,1.8747259333481652,0.5000546723617042,0.6410780877717916,0.0940913324762698
40.74648666381836,0.4322448009532976,0.2930009157346381,0.0187549207067476,0.1609247345810818,0.069336909879524,0.0325357355508193,0.1409851236865445,0.0408133261418642,1.845713305089221,1.8747259333452788,0.5000546723615065,0.6410780877677098,0.0940913324747967
40.74770736694336,0.4322448009529424,0.2930009157328084,0.0187549207067142,0.1609247345809308,0.0693369098793582,0.0325357355502224,0.1409851236554156,0.0408133261416451,1.845713305088796,1.8747259333446464,0.5000546723614632,0.6410780877668157,0.094091332474474
40.75400161743164,0.4322448009511196,0.2930009157234165,0.0187549207065427,0.1609247345801559,0.0693369098785071,0.0325357355471587,0.1409851234956315,0.0408133261405201,1.8457133050866128,1.8747259333414008,0.5000546723612408,0.6410780877622263,0.0940913324728177
40.76984024047852,0.4322448009465932,0.2930009157000949,0.018754920706117,0.1609247345782317,0.0693369098763938,0.032535735539551,0.1409851230988644,0.0408133261377271,1.845713305081192,1.8747259333333413,0.5000546723606886,0.6410780877508301,0.094091332468705
40.77287292480469,0.4322448009457363,0.2930009156956799,0.0187549207060365,0.1609247345778675,0.0693369098759937,0.0325357355381107,0.1409851230237521,0.0408133261371983,1.845713305080166,1.874725933331816,0.5000546723605841,0.6410780877486728,0.0940913324679264
40.78063583374024,0.4322448009435571,0.2930009156844516,0.0187549207058315,0.1609247345769411,0.0693369098749762,0.0325357355344479,0.1409851228327245,0.0408133261358537,1.845713305077556,1.8747259333279351,0.5000546723603183,0.6410780877431861,0.0940913324659463
40.78527069091797,0.4322448009422656,0.2930009156777974,0.0187549207057101,0.160924734576392,0.0693369098743732,0.0325357355322773,0.140985122719519,0.0408133261350571,1.8457133050760093,1.874725933325636,0.5000546723601607,0.6410780877399345,0.0940913324647729
40.80458831787109,0.4322448009369596,0.2930009156504593,0.0187549207052111,0.1609247345741365,0.0693369098718959,0.0325357355233593,0.1409851222544199,0.0408133261317842,1.845713305069655,1.874725933316188,0.5000546723595134,0.6410780877265757,0.0940913324599518
40.82949447631836,0.432244800930298,0.2930009156161362,0.0187549207045846,0.1609247345713046,0.0693369098687856,0.0325357355121627,0.1409851216704897,0.0408133261276764,1.8457133050616772,1.874725933304327,0.5000546723587008,0.6410780877098037,0.094091332453899
40.83053970336914,0.4322448009300227,0.2930009156147182,0.0187549207045587,0.1609247345711876,0.0693369098686571,0.0325357355117001,0.1409851216463641,0.0408133261275066,1.845713305061348,1.8747259333038369,0.5000546723586672,0.6410780877091107,0.0940913324536489
40.839637756347656,0.4322448009276415,0.2930009156024496,0.0187549207043348,0.1609247345701753,0.0693369098675453,0.032535735507698,0.1409851214376422,0.0408133261260386,1.845713305058496,1.8747259332995967,0.5000546723583766,0.6410780877031158,0.0940913324514854
40.84066009521485,0.4322448009273756,0.2930009156010794,0.0187549207043097,0.1609247345700623,0.0693369098674212,0.032535735507251,0.1409851214143302,0.0408133261258746,1.845713305058177,1.8747259332991235,0.5000546723583442,0.6410780877024461,0.0940913324512437
40.84893035888672,0.4322448009252362,0.2930009155900564,0.0187549207041085,0.1609247345691528,0.0693369098664223,0.0325357355036552,0.1409851212268002,0.0408133261245557,1.845713305055616,1.874725933295314,0.5000546723580832,0.6410780876970598,0.0940913324492998
40.881649017333984,0.4322448009169777,0.2930009155475059,0.0187549207033319,0.1609247345656421,0.0693369098625664,0.0325357354897747,0.140985120502902,0.0408133261194655,1.8457133050457253,1.874725933280609,0.5000546723570758,0.6410780876762676,0.0940913324417961
40.89202880859375,0.4322448009144248,0.2930009155343528,0.0187549207030918,0.160924734564557,0.0693369098613745,0.0325357354854841,0.1409851202791343,0.0408133261178924,1.8457133050426684,1.8747259332760635,0.5000546723567644,0.6410780876698404,0.0940913324394766
40.8989143371582,0.4322448009127489,0.2930009155257178,0.0187549207029342,0.1609247345638445,0.069336909860592,0.0325357354826672,0.1409851201322296,0.0408133261168598,1.8457133050406611,1.8747259332730792,0.5000546723565599,0.6410780876656209,0.0940913324379538
40.90032577514648,0.4322448009124071,0.2930009155239565,0.0187549207029021,0.1609247345636992,0.0693369098604324,0.0325357354820927,0.140985120102266,0.0408133261166492,1.845713305040252,1.8747259332724708,0.5000546723565182,0.6410780876647603,0.0940913324376432
40.90845489501953,0.4322448009104495,0.2930009155138705,0.018754920702718,0.160924734562867,0.0693369098595184,0.0325357354788025,0.140985119930677,0.0408133261154431,1.845713305037908,1.8747259332689847,0.5000546723562794,0.6410780876598318,0.0940913324358646
40.91352081298828,0.4322448009092393,0.2930009155076347,0.0187549207026042,0.1609247345623526,0.0693369098589533,0.0325357354767683,0.1409851198245903,0.0408133261146974,1.8457133050364585,1.8747259332668305,0.5000546723561318,0.6410780876567846,0.0940913324347649
40.93049240112305,0.4322448009052379,0.2930009154870185,0.0187549207022279,0.1609247345606516,0.0693369098570851,0.0325357354700431,0.1409851194738549,0.0408133261122323,1.8457133050316663,1.8747259332597053,0.5000546723556436,0.6410780876467107,0.0940913324311292
40.93347930908203,0.4322448009045421,0.2930009154834334,0.0187549207021624,0.1609247345603558,0.0693369098567602,0.0325357354688736,0.1409851194128646,0.0408133261118038,1.8457133050308328,1.8747259332584665,0.5000546723555587,0.6410780876449589,0.094091332430497
40.93461227416992,0.4322448009042788,0.2930009154820769,0.0187549207021377,0.1609247345602439,0.0693369098566373,0.0325357354684311,0.1409851193897879,0.0408133261116417,1.845713305030518,1.8747259332579975,0.5000546723555266,0.641078087644296,0.0940913324302578
40.934844970703125,0.4322448009042248,0.2930009154817986,0.0187549207021326,0.1609247345602209,0.0693369098566121,0.0325357354683403,0.1409851193850521,0.0408133261116084,1.8457133050304533,1.8747259332579012,0.50005467235552,0.64107808764416,0.0940913324302087
40.93951034545898,0.4322448009031447,0.2930009154762337,0.018754920702031,0.1609247345597618,0.0693369098561078,0.032535735466525,0.1409851192903803,0.0408133261109431,1.84571330502916,1.8747259332559785,0.5000546723553883,0.6410780876414407,0.0940913324292273
40.94209289550781,0.4322448009025494,0.2930009154731667,0.018754920701975,0.1609247345595088,0.0693369098558299,0.0325357354655245,0.1409851192382025,0.0408133261105764,1.8457133050284469,1.8747259332549189,0.5000546723553156,0.6410780876399421,0.0940913324286865
40.94301223754883,0.432244800902338,0.2930009154720772,0.0187549207019551,0.1609247345594189,0.0693369098557311,0.0325357354651691,0.1409851192196671,0.0408133261104462,1.8457133050281935,1.874725933254542,0.5000546723552899,0.6410780876394097,0.0940913324284943
40.94820785522461,0.4322448009011473,0.2930009154659425,0.0187549207018432,0.1609247345589127,0.0693369098551752,0.0325357354631679,0.1409851191152991,0.0408133261097129,1.845713305026768,1.874725933252422,0.5000546723551446,0.6410780876364119,0.0940913324274125
40.95298004150391,0.4322448009000602,0.2930009154603413,0.0187549207017409,0.1609247345584506,0.0693369098546676,0.0325357354613407,0.1409851190200099,0.0408133261090433,1.845713305025466,1.8747259332504864,0.500054672355012,0.641078087633675,0.0940913324264247
40.985572814941406,0.4322448008927999,0.2930009154229337,0.0187549207010582,0.1609247345553643,0.0693369098512778,0.032535735449138,0.1409851183836168,0.0408133261045723,1.8457133050167716,1.8747259332375588,0.5000546723541263,0.641078087615396,0.0940913324198279
40.99485778808594,0.4322448008907831,0.2930009154125426,0.0187549207008685,0.160924734554507,0.0693369098503361,0.0325357354457483,0.1409851182068373,0.0408133261033307,1.845713305014356,1.874725933233968,0.5000546723538802,0.6410780876103185,0.0940913324179955
40.99518203735352,0.4322448008907131,0.2930009154121819,0.0187549207008619,0.1609247345544772,0.0693369098503034,0.0325357354456306,0.1409851182007,0.0408133261032876,1.8457133050142724,1.874725933233843,0.5000546723538717,0.6410780876101422,0.0940913324179318
40.99919509887695,0.4322448008898487,0.2930009154077281,0.0187549207007806,0.1609247345541098,0.0693369098498998,0.0325357354441777,0.1409851181249322,0.0408133261027553,1.8457133050132373,1.874725933232304,0.5000546723537662,0.6410780876079659,0.0940913324171464
41.003265380859375,0.4322448008889762,0.2930009154032329,0.0187549207006986,0.1609247345537389,0.0693369098494925,0.0325357354427113,0.1409851180484565,0.0408133261022183,1.8457133050121923,1.8747259332307504,0.5000546723536597,0.6410780876057693,0.0940913324163537
41.01520919799805,0.4322448008864405,0.2930009153901682,0.0187549207004601,0.160924734552661,0.0693369098483085,0.0325357354384495,0.1409851178261943,0.0408133261006572,1.845713305009156,1.8747259332262352,0.5000546723533504,0.6410780875993853,0.0940913324140498
41.01990509033203,0.4322448008854535,0.2930009153850827,0.0187549207003673,0.1609247345522414,0.0693369098478477,0.0325357354367905,0.1409851177396795,0.0408133261000496,1.8457133050079737,1.8747259332244777,0.50005467235323,0.6410780875969004,0.0940913324131529
41.021183013916016,0.4322448008851858,0.2930009153837037,0.0187549207003422,0.1609247345521277,0.0693369098477227,0.0325357354363407,0.1409851177162191,0.0408133260998849,1.845713305007653,1.8747259332240007,0.5000546723531973,0.6410780875962265,0.0940913324129097
41.02150344848633,0.4322448008851188,0.2930009153833583,0.0187549207003358,0.1609247345520991,0.0693369098476914,0.032535735436228,0.140985117710342,0.0408133260998436,1.845713305007573,1.8747259332238817,0.5000546723531892,0.6410780875960578,0.0940913324128488
41.034576416015625,0.4322448008824054,0.2930009153693779,0.0187549207000807,0.1609247345509457,0.0693369098464245,0.0325357354316674,0.1409851174725021,0.0408133260981734,1.8457133050043235,1.8747259332190505,0.5000546723528582,0.6410780875892265,0.0940913324103834
41.03472137451172,0.4322448008823755,0.2930009153692241,0.0187549207000779,0.160924734550933,0.0693369098464106,0.0325357354316173,0.1409851174698864,0.0408133260981549,1.8457133050042875,1.8747259332189967,0.5000546723528545,0.6410780875891513,0.0940913324103563
41.06610870361328,0.4322448008760333,0.2930009153365471,0.0187549206994815,0.160924734548237,0.0693369098434494,0.0325357354209576,0.1409851169139737,0.0408133260942516,1.8457133049966925,1.8747259332077044,0.5000546723520808,0.641078087573184,0.0940913324045937
41.06611633300781,0.4322448008760318,0.2930009153365392,0.0187549206994813,0.1609247345482364,0.0693369098434487,0.0325357354209551,0.1409851169138405,0.0408133260942507,1.8457133049966907,1.8747259332077015,0.5000546723520807,0.6410780875731802,0.0940913324045923
41.07080841064453,0.4322448008751041,0.2930009153317594,0.0187549206993941,0.1609247345478421,0.0693369098430155,0.0325357354193959,0.1409851168325251,0.0408133260936798,1.84571330499558,1.87472593320605,0.5000546723519674,0.6410780875708445,0.0940913324037494
41.072208404541016,0.4322448008748283,0.2930009153303385,0.0187549206993681,0.1609247345477248,0.0693369098428868,0.0325357354189323,0.1409851168083507,0.04081332609351,1.8457133049952492,1.8747259332055588,0.5000546723519338,0.6410780875701502,0.0940913324034988
41.07248306274414,0.4322448008747742,0.29300091533006,0.0187549206993631,0.1609247345477018,0.0693369098428615,0.0325357354188415,0.1409851168036131,0.0408133260934767,1.8457133049951848,1.8747259332054624,0.5000546723519272,0.641078087570014,0.0940913324034497
41.08616256713867,0.4322448008721046,0.2930009153163053,0.018754920699112,0.160924734546567,0.0693369098416151,0.0325357354143545,0.1409851165696145,0.040813326091834,1.845713304991988,1.874725933200709,0.5000546723516015,0.641078087563293,0.0940913324010241
41.11162567138672,0.4322448008672507,0.2930009152912967,0.0187549206986556,0.1609247345445037,0.0693369098393488,0.0325357354061964,0.1409851161441611,0.0408133260888475,1.845713304986175,1.8747259331920665,0.5000546723510093,0.6410780875510728,0.0940913323966138
41.12164688110352,0.4322448008653809,0.2930009152816622,0.0187549206984797,0.1609247345437089,0.0693369098384757,0.0325357354030536,0.1409851159802576,0.040813326087697,1.845713304983936,1.874725933188737,0.5000546723507813,0.6410780875463651,0.0940913323949148
41.12171173095703,0.4322448008653689,0.2930009152816002,0.0187549206984786,0.1609247345437038,0.0693369098384701,0.0325357354030334,0.1409851159792042,0.0408133260876896,1.8457133049839212,1.8747259331887152,0.5000546723507798,0.6410780875463348,0.0940913323949039
41.12582778930664,0.4322448008646073,0.2930009152776768,0.018754920698407,0.16092473454338,0.0693369098381146,0.0325357354017535,0.1409851159124576,0.0408133260872212,1.8457133049830097,1.8747259331873596,0.5000546723506869,0.6410780875444176,0.094091332394212
41.14088821411133,0.432244800861853,0.2930009152634857,0.018754920698148,0.1609247345422092,0.0693369098368286,0.0325357353971242,0.1409851156710347,0.0408133260855268,1.8457133049797112,1.8747259331824555,0.5000546723503508,0.6410780875374833,0.0940913323917094
41.14249801635742,0.4322448008615616,0.2930009152619839,0.0187549206981206,0.1609247345420853,0.0693369098366925,0.0325357353966343,0.1409851156454862,0.0408133260853476,1.845713304979362,1.874725933181936,0.5000546723503153,0.6410780875367494,0.0940913323914445
41.14402389526367,0.4322448008612858,0.2930009152605631,0.0187549206980946,0.1609247345419681,0.0693369098365637,0.0325357353961708,0.1409851156213162,0.0408133260851779,1.845713304979032,1.874725933181445,0.5000546723502817,0.6410780875360552,0.094091332391194
41.1589241027832,0.4322448008586194,0.2930009152468252,0.0187549206978439,0.1609247345408347,0.0693369098353188,0.0325357353916894,0.1409851153876036,0.0408133260835378,1.8457133049758387,1.8747259331766968,0.5000546723499563,0.6410780875293423,0.0940913323887713
41.16946029663086,0.4322448008567627,0.2930009152372583,0.0187549206976693,0.1609247345400454,0.0693369098344518,0.0325357353885686,0.1409851152248503,0.0408133260823956,1.8457133049736152,1.8747259331733912,0.5000546723497298,0.6410780875246676,0.0940913323870842
41.18788909912109,0.4322448008535709,0.2930009152208134,0.0187549206973691,0.1609247345386886,0.0693369098329616,0.032535735383204,0.1409851149450856,0.0408133260804326,1.845713304969793,1.874725933167708,0.5000546723493404,0.6410780875166319,0.0940913323841841
41.19049453735352,0.4322448008531253,0.2930009152185177,0.0187549206973272,0.1609247345384992,0.0693369098327535,0.0325357353824551,0.1409851149060315,0.0408133260801586,1.8457133049692596,1.8747259331669144,0.500054672349286,0.6410780875155101,0.0940913323837793
41.1910285949707,0.4322448008530342,0.293000915218048,0.0187549206973187,0.1609247345384605,0.069336909832711,0.0325357353823019,0.1409851148980406,0.0408133260801025,1.84571330496915,1.8747259331667523,0.5000546723492749,0.6410780875152806,0.0940913323836965
41.192752838134766,0.4322448008527402,0.2930009152165336,0.018754920697291,0.1609247345383355,0.0693369098325737,0.0325357353818079,0.140985114872279,0.0408133260799217,1.8457133049687984,1.874725933166229,0.5000546723492391,0.6410780875145407,0.0940913323834294
41.1932487487793,0.4322448008526558,0.2930009152160987,0.0187549206972831,0.1609247345382996,0.0693369098325343,0.032535735381666,0.1409851148648787,0.0408133260798698,1.845713304968697,1.8747259331660784,0.5000546723492287,0.6410780875143282,0.0940913323833527
41.1949462890625,0.4322448008523672,0.2930009152146117,0.0187549206972559,0.160924734538177,0.0693369098323996,0.032535735381181,0.1409851148395824,0.0408133260796924,1.8457133049683516,1.8747259331655648,0.5000546723491935,0.6410780875136015,0.0940913323830905
41.20255279541016,0.4322448008510812,0.293000915207986,0.018754920697135,0.1609247345376303,0.0693369098317991,0.0325357353790196,0.1409851147268637,0.0408133260789015,1.8457133049668115,1.8747259331632748,0.5000546723490367,0.641078087510364,0.094091332381922
41.20836639404297,0.4322448008501063,0.2930009152029627,0.0187549206970433,0.1609247345372159,0.0693369098313439,0.0325357353773809,0.1409851146414067,0.0408133260783019,1.845713304965644,1.8747259331615391,0.5000546723489178,0.6410780875079094,0.0940913323810362
41.21160507202149,0.4322448008495661,0.2930009152001794,0.0187549206969925,0.1609247345369863,0.0693369098310917,0.032535735376473,0.1409851145940571,0.0408133260779697,1.845713304964997,1.8747259331605768,0.5000546723488518,0.6410780875065495,0.0940913323805453
41.21703338623047,0.4322448008486654,0.2930009151955386,0.0187549206969078,0.1609247345366034,0.0693369098306711,0.0325357353749591,0.1409851145151087,0.0408133260774158,1.8457133049639185,1.8747259331589727,0.500054672348742,0.6410780875042817,0.0940913323797269
41.23323059082031,0.4322448008460124,0.29300091518187,0.0187549206966584,0.1609247345354757,0.0693369098294325,0.0325357353705002,0.1409851142825747,0.0408133260757844,1.8457133049607413,1.8747259331542492,0.5000546723484183,0.6410780874976028,0.0940913323773165
41.254337310791016,0.432244800842632,0.2930009151644527,0.0187549206963405,0.1609247345340387,0.0693369098278541,0.0325357353648185,0.1409851139862712,0.0408133260737059,1.8457133049566927,1.8747259331482304,0.5000546723480058,0.641078087489092,0.094091332374245
41.28644943237305,0.4322448008376506,0.2930009151387869,0.018754920695872,0.1609247345319212,0.0693369098255282,0.032535735356446,0.1409851135496401,0.0408133260706431,1.845713304950728,1.8747259331393604,0.5000546723473982,0.6410780874765507,0.0940913323697188
41.29839324951172,0.4322448008358463,0.2930009151294906,0.0187549206957024,0.1609247345311542,0.0693369098246858,0.0325357353534135,0.1409851133914919,0.0408133260695339,1.845713304948567,1.874725933136148,0.500054672347178,0.6410780874720082,0.0940913323680794
41.304954528808594,0.4322448008348661,0.2930009151244402,0.0187549206956102,0.1609247345307376,0.0693369098242281,0.032535735351766,0.140985113305574,0.0408133260689313,1.845713304947393,1.8747259331344024,0.5000546723470585,0.6410780874695404,0.0940913323671888
41.30659103393555,0.4322448008346228,0.2930009151231868,0.0187549206955873,0.1609247345306342,0.0693369098241145,0.0325357353513571,0.1409851132842497,0.0408133260687818,1.8457133049471015,1.874725933133969,0.5000546723470287,0.6410780874689279,0.0940913323669677
41.30802154541016,0.4322448008344106,0.2930009151220931,0.0187549206955674,0.1609247345305439,0.0693369098240154,0.0325357353510003,0.140985113265645,0.0408133260686513,1.8457133049468477,1.874725933133591,0.5000546723470028,0.6410780874683936,0.0940913323667748
41.3133659362793,0.4322448008336207,0.2930009151180237,0.0187549206954931,0.1609247345302082,0.0693369098236467,0.0325357353496729,0.1409851131964168,0.0408133260681657,1.8457133049459016,1.8747259331321848,0.5000546723469065,0.641078087466405,0.0940913323660572
41.32174682617188,0.4322448008323923,0.2930009151116947,0.0187549206953776,0.160924734529686,0.0693369098230731,0.0325357353476082,0.1409851130887456,0.0408133260674105,1.8457133049444308,1.8747259331299972,0.5000546723467566,0.6410780874633125,0.0940913323649411
41.32998275756836,0.4322448008311972,0.2930009151055369,0.0187549206952652,0.160924734529178,0.0693369098225151,0.0325357353455995,0.1409851129839894,0.0408133260666759,1.8457133049429997,1.8747259331278692,0.5000546723466108,0.6410780874603036,0.0940913323638552
41.3376350402832,0.4322448008300973,0.2930009150998698,0.0187549206951617,0.1609247345287105,0.0693369098220015,0.0325357353437508,0.1409851128875821,0.0408133260659998,1.8457133049416825,1.874725933125911,0.5000546723464766,0.6410780874575345,0.0940913323628558
41.34870147705078,0.4322448008285244,0.293000915091766,0.0187549206950138,0.1609247345280419,0.0693369098212671,0.0325357353411073,0.1409851127497191,0.0408133260650331,1.845713304939799,1.8747259331231103,0.5000546723462848,0.6410780874535748,0.0940913323614267
41.35194778442383,0.432244800828067,0.2930009150894091,0.0187549206949708,0.1609247345278474,0.0693369098210536,0.0325357353403384,0.140985112709624,0.0408133260647519,1.8457133049392511,1.874725933122296,0.5000546723462289,0.641078087452423,0.094091332361011
41.35702133178711,0.4322448008273556,0.293000915085744,0.0187549206949039,0.160924734527545,0.0693369098207214,0.0325357353391429,0.1409851126472721,0.0408133260643146,1.8457133049383996,1.874725933121029,0.5000546723461422,0.6410780874506321,0.0940913323603647
41.37674331665039,0.4322448008246313,0.2930009150717073,0.0187549206946478,0.160924734526387,0.0693369098194494,0.0325357353345639,0.14098511240848,0.0408133260626401,1.8457133049351369,1.874725933116178,0.5000546723458098,0.6410780874437733,0.0940913323578893
41.37733459472656,0.4322448008245506,0.2930009150712916,0.0187549206946402,0.1609247345263527,0.0693369098194117,0.0325357353344283,0.1409851124014084,0.0408133260625905,1.84571330493504,1.8747259331160344,0.5000546723457999,0.6410780874435702,0.094091332357816
41.387168884277344,0.432244800823217,0.2930009150644205,0.0187549206945148,0.1609247345257858,0.0693369098187891,0.0325357353321869,0.1409851122845161,0.0408133260617708,1.8457133049334429,1.87472593311366,0.5000546723456373,0.6410780874402127,0.0940913323566043
41.41996383666992,0.4322448008188819,0.293000915042085,0.0187549206941071,0.1609247345239431,0.069336909816765,0.0325357353249008,0.1409851119045445,0.0408133260591067,1.8457133049282517,1.8747259331059407,0.5000546723451084,0.6410780874292988,0.0940913323526655
41.43896865844727,0.4322448008164468,0.2930009150295387,0.0187549206938781,0.160924734522908,0.069336909815628,0.032535735320808,0.1409851116911072,0.0408133260576102,1.845713304925336,1.8747259331016048,0.5000546723448113,0.6410780874231682,0.0940913323504529
41.44826889038086,0.4322448008152753,0.2930009150235026,0.018754920693768,0.16092473452241,0.069336909815081,0.032535735318839,0.1409851115884214,0.0408133260568902,1.8457133049239327,1.8747259330995187,0.5000546723446683,0.6410780874202188,0.0940913323493885
41.44874572753906,0.4322448008152156,0.293000915023195,0.0187549206937623,0.1609247345223846,0.0693369098150531,0.0325357353187386,0.1409851115831882,0.0408133260568536,1.8457133049238608,1.8747259330994124,0.500054672344661,0.6410780874200684,0.0940913323493342
41.45695114135742,0.4322448008141934,0.2930009150179282,0.0187549206936662,0.1609247345219501,0.0693369098145758,0.0325357353170205,0.1409851114935897,0.0408133260562254,1.8457133049226369,1.8747259330975925,0.5000546723445363,0.641078087417495,0.0940913323484054
41.4630012512207,0.4322448008134462,0.293000915014078,0.018754920693596,0.1609247345216324,0.0693369098142269,0.0325357353157646,0.1409851114280901,0.0408133260557661,1.8457133049217425,1.874725933096262,0.5000546723444452,0.6410780874156136,0.0940913323477264
41.46402359008789,0.4322448008133204,0.2930009150134301,0.0187549206935841,0.160924734521579,0.0693369098141682,0.0325357353155532,0.1409851114170686,0.0408133260556888,1.845713304921592,1.8747259330960375,0.5000546723444299,0.641078087415297,0.0940913323476122
41.47410202026367,0.4322448008120891,0.2930009150070859,0.0187549206934683,0.1609247345210556,0.0693369098135933,0.0325357353134837,0.1409851113091425,0.0408133260549323,1.845713304920117,1.8747259330938453,0.5000546723442796,0.6410780874121971,0.0940913323464934
41.47746658325195,0.4322448008116814,0.2930009150049851,0.01875492069343,0.1609247345208823,0.0693369098134029,0.0325357353127983,0.1409851112734013,0.0408133260546817,1.8457133049196288,1.8747259330931192,0.5000546723442298,0.6410780874111704,0.0940913323461229
41.47901916503906,0.4322448008114937,0.2930009150040185,0.0187549206934124,0.1609247345208025,0.0693369098133153,0.032535735312483,0.1409851112569585,0.0408133260545664,1.845713304919404,1.8747259330927848,0.500054672344207,0.6410780874106982,0.0940913323459524
41.479095458984375,0.4322448008114845,0.293000915003971,0.0187549206934115,0.1609247345207986,0.069336909813311,0.0325357353124676,0.1409851112561511,0.0408133260545608,1.845713304919393,1.8747259330927688,0.5000546723442059,0.6410780874106751,0.0940913323459441
41.48521423339844,0.4322448008107487,0.2930009150001795,0.0187549206933423,0.1609247345204858,0.0693369098129674,0.0325357353112307,0.1409851111916499,0.0408133260541085,1.845713304918512,1.8747259330914587,0.500054672344116,0.6410780874088223,0.0940913323452754
41.49382400512695,0.4322448008097223,0.2930009149948915,0.0187549206932458,0.1609247345200495,0.0693369098124882,0.0325357353095057,0.1409851111016898,0.0408133260534779,1.8457133049172827,1.8747259330896309,0.5000546723439908,0.6410780874062384,0.0940913323443429
41.52041244506836,0.432244800806619,0.293000914978902,0.018754920692954,0.1609247345187304,0.0693369098110392,0.0325357353042898,0.1409851108296798,0.0408133260515711,1.8457133049135663,1.874725933084105,0.5000546723436122,0.6410780873984254,0.0940913323415232
41.52940368652344,0.4322448008055917,0.2930009149736096,0.0187549206928574,0.1609247345182937,0.0693369098105596,0.0325357353025633,0.1409851107396443,0.04081332605094,1.845713304912336,1.8747259330822763,0.5000546723434869,0.6410780873958394,0.0940913323405898
41.532981872558594,0.432244800805186,0.2930009149715193,0.0187549206928192,0.1609247345181213,0.0693369098103702,0.0325357353018814,0.1409851107040843,0.0408133260506908,1.8457133049118504,1.8747259330815536,0.5000546723434375,0.641078087394818,0.0940913323402212
41.536258697509766,0.432244800804816,0.2930009149696128,0.0187549206927844,0.160924734517964,0.0693369098101974,0.0325357353012595,0.1409851106716516,0.0408133260504634,1.8457133049114076,1.8747259330808947,0.5000546723433923,0.6410780873938865,0.094091332339885
41.538856506347656,0.4322448008045237,0.2930009149681068,0.0187549206927569,0.1609247345178397,0.0693369098100609,0.0325357353007682,0.1409851106460303,0.0408133260502838,1.8457133049110568,1.8747259330803745,0.5000546723433567,0.6410780873931505,0.0940913323396194
41.53921127319336,0.4322448008044839,0.2930009149679015,0.0187549206927532,0.1609247345178228,0.0693369098100423,0.0325357353007013,0.140985110642538,0.0408133260502593,1.8457133049110093,1.874725933080304,0.5000546723433518,0.6410780873930503,0.0940913323395832
41.54607009887695,0.4322448008037168,0.2930009149639493,0.0187549206926811,0.1609247345174967,0.0693369098096842,0.032535735299412,0.1409851105753047,0.040813326049788,1.845713304910091,1.8747259330789376,0.5000546723432582,0.641078087391119,0.0940913323388862
41.54607391357422,0.4322448008037164,0.2930009149639472,0.018754920692681,0.1609247345174966,0.069336909809684,0.0325357352994113,0.1409851105752673,0.0408133260497878,1.8457133049100904,1.8747259330789368,0.5000546723432581,0.641078087391118,0.0940913323388859
41.550384521484375,0.4322448008032375,0.29300091496148,0.018754920692636,0.160924734517293,0.0693369098094604,0.0325357352986065,0.1409851105332956,0.0408133260494935,1.845713304909517,1.874725933078084,0.5000546723431997,0.6410780873899125,0.0940913323384508
41.55202865600586,0.4322448008030555,0.2930009149605422,0.0187549206926189,0.1609247345172156,0.0693369098093754,0.0325357352983006,0.140985110517343,0.0408133260493817,1.845713304909299,1.8747259330777604,0.5000546723431775,0.6410780873894543,0.0940913323382854
41.55241394042969,0.432244800803013,0.2930009149603228,0.0187549206926149,0.1609247345171975,0.0693369098093556,0.032535735298229,0.14098511051361,0.0408133260493555,1.845713304909248,1.8747259330776844,0.5000546723431722,0.641078087389347,0.0940913323382467
41.56532287597656,0.4322448008015971,0.2930009149530281,0.0187549206924817,0.1609247345165957,0.0693369098086945,0.0325357352958494,0.1409851103895137,0.0408133260484857,1.8457133049075527,1.8747259330751636,0.5000546723429996,0.6410780873857826,0.0940913323369603
41.58818817138672,0.4322448007991426,0.2930009149403816,0.0187549206922509,0.1609247345155524,0.0693369098075484,0.032535735291724,0.1409851101743729,0.0408133260469777,1.8457133049046133,1.8747259330707928,0.5000546723427001,0.6410780873796031,0.0940913323347301
41.591156005859375,0.4322448007988289,0.2930009149387656,0.0187549206922214,0.160924734515419,0.069336909807402,0.0325357352911968,0.1409851101468802,0.040813326046785,1.8457133049042376,1.8747259330702344,0.5000546723426619,0.6410780873788134,0.0940913323344451
41.59727478027344,0.4322448007981858,0.2930009149354517,0.0187549206921609,0.1609247345151456,0.0693369098071017,0.0325357352901157,0.1409851100905049,0.0408133260463899,1.8457133049034675,1.874725933069089,0.5000546723425834,0.6410780873771942,0.0940913323338607
41.59852600097656,0.4322448007980548,0.293000914934777,0.0187549206921486,0.16092473451509,0.0693369098070405,0.0325357352898957,0.1409851100790279,0.0408133260463094,1.8457133049033103,1.874725933068856,0.5000546723425674,0.6410780873768646,0.0940913323337417
41.60004806518555,0.4322448007978958,0.2930009149339578,0.0187549206921337,0.1609247345150224,0.0693369098069663,0.0325357352896284,0.1409851100650897,0.0408133260462118,1.84571330490312,1.8747259330685728,0.500054672342548,0.6410780873764642,0.0940913323335972
41.60584259033203,0.4322448007972931,0.2930009149308522,0.018754920692077,0.1609247345147662,0.0693369098066849,0.0325357352886154,0.140985110012259,0.0408133260458415,1.8457133049023984,1.8747259330675,0.5000546723424745,0.6410780873749468,0.0940913323330496
41.6059455871582,0.4322448007972824,0.2930009149307972,0.018754920692076,0.1609247345147616,0.0693369098066799,0.0325357352885974,0.1409851100113238,0.0408133260458348,1.8457133049023853,1.8747259330674808,0.5000546723424731,0.6410780873749199,0.0940913323330399
41.60757064819336,0.4322448007971141,0.2930009149299303,0.0187549206920602,0.1609247345146901,0.0693369098066013,0.0325357352883146,0.1409851099965756,0.0408133260457315,1.845713304902184,1.8747259330671808,0.5000546723424526,0.6410780873744962,0.094091332332887
41.61580657958984,0.4322448007962664,0.2930009149255625,0.0187549206919805,0.1609247345143298,0.0693369098062055,0.0325357352868898,0.1409851099222706,0.0408133260452107,1.845713304901169,1.8747259330656716,0.5000546723423492,0.6410780873723619,0.0940913323321167
41.63677215576172,0.4322448007941459,0.2930009149146368,0.0187549206917811,0.1609247345134284,0.0693369098052154,0.0325357352833257,0.140985109736405,0.0408133260439079,1.8457133048986292,1.874725933061896,0.5000546723420904,0.6410780873670233,0.09409133233019
41.6475830078125,0.4322448007930731,0.2930009149091098,0.0187549206916802,0.1609247345129724,0.0693369098047145,0.0325357352815227,0.140985109642378,0.0408133260432491,1.8457133048973449,1.8747259330599853,0.5000546723419595,0.6410780873643226,0.0940913323292153
41.64776611328125,0.4322448007930551,0.2930009149090167,0.0187549206916785,0.1609247345129647,0.0693369098047061,0.0325357352814924,0.1409851096407962,0.040813326043238,1.8457133048973235,1.8747259330599533,0.5000546723419574,0.6410780873642772,0.0940913323291989
41.656959533691406,0.4322448007921539,0.2930009149043737,0.0187549206915937,0.1609247345125816,0.0693369098042853,0.0325357352799777,0.1409851095618096,0.0408133260426844,1.845713304896244,1.8747259330583488,0.5000546723418474,0.6410780873620084,0.0940913323283801
41.66267395019531,0.4322448007915987,0.2930009149015135,0.0187549206915415,0.1609247345123457,0.0693369098040261,0.0325357352790447,0.1409851095131507,0.0408133260423434,1.8457133048955796,1.87472593305736,0.5000546723417797,0.6410780873606109,0.0940913323278757
41.66304016113281,0.4322448007915633,0.2930009149013308,0.0187549206915382,0.1609247345123306,0.0693369098040096,0.0325357352789851,0.1409851095100448,0.0408133260423217,1.8457133048955368,1.8747259330572967,0.5000546723417754,0.6410780873605216,0.0940913323278435
41.67290878295898,0.432244800790614,0.2930009148964395,0.0187549206914489,0.1609247345119271,0.0693369098035663,0.0325357352773895,0.1409851094268331,0.0408133260417384,1.8457133048944,1.8747259330556063,0.5000546723416596,0.6410780873581315,0.0940913323269809
41.67803955078125,0.4322448007901248,0.2930009148939192,0.0187549206914029,0.1609247345117191,0.0693369098033379,0.0325357352765674,0.1409851093839581,0.040813326041438,1.845713304893814,1.874725933054736,0.5000546723416,0.6410780873569001,0.0940913323265364
41.6810302734375,0.4322448007898411,0.2930009148924573,0.0187549206913763,0.1609247345115985,0.0693369098032054,0.0325357352760905,0.1409851093590891,0.0408133260412637,1.8457133048934744,1.8747259330542303,0.5000546723415653,0.6410780873561858,0.0940913323262787
41.68788909912109,0.4322448007891942,0.2930009148891244,0.0187549206913154,0.1609247345113235,0.0693369098029034,0.0325357352750032,0.1409851093023895,0.0408133260408663,1.8457133048927,1.8747259330530783,0.5000546723414864,0.6410780873545572,0.0940913323256909
41.70374298095703,0.4322448007877192,0.2930009148815248,0.0187549206911767,0.1609247345106966,0.0693369098022147,0.0325357352725242,0.1409851091731072,0.0408133260399603,1.845713304890933,1.874725933050452,0.5000546723413064,0.6410780873508438,0.0940913323243507
41.704689025878906,0.4322448007876321,0.293000914881076,0.0187549206911685,0.1609247345106595,0.0693369098021741,0.0325357352723777,0.1409851091654706,0.0408133260399068,1.8457133048908287,1.874725933050297,0.5000546723412957,0.6410780873506244,0.0940913323242715
41.71090316772461,0.4322448007870622,0.2930009148781398,0.0187549206911149,0.1609247345104173,0.069336909801908,0.0325357352714199,0.1409851091155204,0.0408133260395567,1.8457133048901464,1.8747259330492825,0.5000546723412262,0.6410780873491897,0.0940913323237538
41.71384048461914,0.4322448007867944,0.2930009148767595,0.0187549206910898,0.1609247345103034,0.0693369098017829,0.0325357352709697,0.1409851090920396,0.0408133260393922,1.8457133048898255,1.8747259330488053,0.5000546723411936,0.6410780873485155,0.0940913323235104
41.72063827514648,0.432244800786178,0.293000914873584,0.0187549206910318,0.1609247345100415,0.0693369098014951,0.0325357352699338,0.1409851090380161,0.0408133260390135,1.845713304889088,1.874725933047708,0.5000546723411184,0.6410780873469637,0.0940913323229503
41.724853515625,0.4322448007857984,0.2930009148716277,0.0187549206909961,0.1609247345098801,0.0693369098013178,0.0325357352692956,0.1409851090047379,0.0408133260387803,1.8457133048886327,1.874725933047032,0.5000546723410721,0.6410780873460078,0.0940913323226054
41.73080825805664,0.4322448007852653,0.2930009148688811,0.018754920690946,0.1609247345096535,0.0693369098010689,0.0325357352683996,0.1409851089580126,0.0408133260384529,1.8457133048879948,1.8747259330460824,0.5000546723410071,0.6410780873446658,0.094091332322121
41.731544494628906,0.4322448007851996,0.2930009148685429,0.0187549206909398,0.1609247345096256,0.0693369098010383,0.0325357352682893,0.1409851089522581,0.0408133260384126,1.845713304887916,1.8747259330459656,0.5000546723409991,0.6410780873445004,0.0940913323220613
41.74651718139648,0.4322448007838771,0.2930009148617289,0.0187549206908154,0.1609247345090634,0.0693369098004208,0.0325357352660665,0.140985108836341,0.0408133260376003,1.8457133048863323,1.874725933043611,0.5000546723408377,0.6410780873411709,0.0940913323208597
41.77565383911133,0.4322448007813708,0.2930009148488154,0.0187549206905798,0.160924734507998,0.0693369097992505,0.032535735261854,0.1409851086166572,0.0408133260360608,1.845713304883331,1.874725933039148,0.5000546723405319,0.6410780873348609,0.0940913323185824
41.77568435668945,0.4322448007813682,0.2930009148488021,0.0187549206905795,0.1609247345079969,0.0693369097992493,0.0325357352618496,0.1409851086164316,0.0408133260360592,1.845713304883328,1.8747259330391437,0.5000546723405316,0.6410780873348545,0.0940913323185801
41.78742980957031,0.4322448007803824,0.2930009148437232,0.0187549206904868,0.1609247345075779,0.069336909798789,0.0325357352601928,0.1409851085300296,0.0408133260354537,1.8457133048821477,1.874725933037388,0.5000546723404113,0.6410780873323728,0.0940913323176844
41.79326248168945,0.4322448007798981,0.2930009148412275,0.0187549206904413,0.160924734507372,0.0693369097985629,0.0325357352593787,0.1409851084875738,0.0408133260351562,1.8457133048815677,1.8747259330365256,0.5000546723403523,0.6410780873311533,0.0940913323172443
41.80025863647461,0.4322448007793215,0.2930009148382571,0.0187549206903871,0.1609247345071269,0.0693369097982937,0.0325357352584097,0.1409851084370409,0.0408133260348021,1.845713304880877,1.874725933035499,0.5000546723402819,0.6410780873297018,0.0940913323167205
41.80150985717773,0.4322448007792189,0.2930009148377284,0.0187549206903774,0.1609247345070833,0.0693369097982458,0.0325357352582372,0.1409851084280463,0.040813326034739,1.845713304880754,1.8747259330353163,0.5000546723402693,0.6410780873294435,0.0940913323166272
41.80800628662109,0.4322448007786887,0.2930009148349965,0.0187549206903275,0.1609247345068579,0.0693369097979982,0.0325357352573461,0.1409851083815723,0.0408133260344134,1.845713304880119,1.8747259330343724,0.5000546723402047,0.6410780873281087,0.0940913323161455
41.82088851928711,0.4322448007776494,0.2930009148296418,0.0187549206902298,0.1609247345064162,0.069336909797513,0.0325357352555993,0.1409851082904799,0.0408133260337751,1.8457133048788743,1.8747259330325217,0.5000546723400779,0.6410780873254922,0.0940913323152012
41.83032989501953,0.4322448007768979,0.2930009148257697,0.0187549206901592,0.1609247345060967,0.0693369097971621,0.0325357352543362,0.1409851082246072,0.0408133260333135,1.8457133048779744,1.874725933031184,0.5000546723399862,0.6410780873236002,0.0940913323145183
41.83805847167969,0.4322448007762891,0.2930009148226326,0.0187549206901019,0.1609247345058379,0.0693369097968778,0.0325357352533128,0.1409851081712402,0.0408133260329396,1.8457133048772452,1.8747259330300996,0.500054672339912,0.6410780873220673,0.0940913323139651
41.839168548583984,0.432244800776202,0.2930009148221844,0.0187549206900937,0.1609247345058009,0.0693369097968372,0.0325357352531666,0.1409851081636151,0.0408133260328862,1.8457133048771408,1.8747259330299448,0.5000546723399013,0.6410780873218482,0.094091332313886
41.844688415527344,0.4322448007757712,0.2930009148199645,0.0187549206900532,0.1609247345056178,0.069336909796636,0.0325357352524425,0.1409851081258507,0.0408133260326215,1.8457133048766248,1.8747259330291772,0.5000546723398488,0.6410780873207635,0.0940913323134946
41.84727096557617,0.4322448007755706,0.293000914818931,0.0187549206900343,0.1609247345055325,0.0693369097965423,0.0325357352521053,0.1409851081082692,0.0408133260324982,1.845713304876385,1.87472593302882,0.5000546723398243,0.6410780873202585,0.0940913323133123
41.84961318969727,0.4322448007753892,0.2930009148179964,0.0187549206900173,0.1609247345054554,0.0693369097964577,0.0325357352518005,0.1409851080923699,0.0408133260323869,1.845713304876168,1.874725933028497,0.5000546723398022,0.6410780873198019,0.0940913323131475
41.85362243652344,0.4322448007750799,0.2930009148164027,0.0187549206899882,0.1609247345053239,0.0693369097963132,0.0325357352512806,0.1409851080652583,0.040813326032197,1.8457133048757972,1.8747259330279464,0.5000546723397644,0.6410780873190232,0.0940913323128664
41.85743713378906,0.432244800774787,0.2930009148148935,0.0187549206899606,0.1609247345051994,0.0693369097961764,0.0325357352507882,0.1409851080395828,0.040813326032017,1.8457133048754464,1.8747259330274249,0.5000546723397287,0.6410780873182856,0.0940913323126003
41.86684036254883,0.4322448007740706,0.2930009148112026,0.0187549206898933,0.1609247345048949,0.069336909795842,0.0325357352495842,0.1409851079767957,0.0408133260315771,1.8457133048745888,1.8747259330261488,0.5000546723396413,0.6410780873164822,0.0940913323119494
41.87409210205078,0.4322448007735237,0.2930009148083846,0.0187549206898419,0.1609247345046624,0.0693369097955866,0.032535735248665,0.1409851079288545,0.0408133260312411,1.8457133048739336,1.8747259330251755,0.5000546723395746,0.6410780873151053,0.0940913323114525
41.87836837768555,0.4322448007732034,0.2930009148067343,0.0187549206898117,0.1609247345045263,0.0693369097954371,0.0325357352481266,0.1409851079007809,0.0408133260310444,1.8457133048735503,1.874725933024605,0.5000546723395355,0.6410780873142988,0.0940913323111614
41.89183807373047,0.4322448007722052,0.2930009148015912,0.0187549206897179,0.160924734504102,0.069336909794971,0.0325357352464489,0.1409851078132865,0.0408133260304314,1.8457133048723549,1.874725933022828,0.5000546723394137,0.6410780873117857,0.0940913323102544
41.9069938659668,0.4322448007711011,0.2930009147959029,0.0187549206896141,0.1609247345036327,0.0693369097944555,0.0325357352445933,0.1409851077165186,0.0408133260297533,1.8457133048710328,1.8747259330208617,0.500054672339279,0.6410780873090063,0.0940913323092513
41.91246795654297,0.4322448007707073,0.2930009147938737,0.018754920689577,0.1609247345034652,0.0693369097942716,0.0325357352439314,0.1409851076819986,0.0408133260295114,1.8457133048705607,1.8747259330201604,0.500054672339231,0.6410780873080147,0.0940913323088935
41.9472770690918,0.4322448007682626,0.293000914781278,0.0187549206893471,0.1609247345024261,0.0693369097931301,0.0325357352398225,0.1409851074677211,0.0408133260280102,1.8457133048676333,1.8747259330158077,0.5000546723389326,0.6410780873018601,0.0940913323066722
41.94791793823242,0.4322448007682186,0.293000914781051,0.018754920689343,0.1609247345024073,0.0693369097931096,0.0325357352397484,0.1409851074638593,0.0408133260279831,1.845713304867581,1.874725933015729,0.5000546723389273,0.6410780873017492,0.0940913323066322
41.95431518554688,0.4322448007677806,0.2930009147787946,0.0187549206893018,0.1609247345022212,0.0693369097929051,0.0325357352390124,0.1409851074254758,0.0408133260277141,1.8457133048670564,1.8747259330149493,0.5000546723388739,0.6410780873006466,0.0940913323062343
41.95734786987305,0.4322448007675742,0.293000914777731,0.0187549206892824,0.1609247345021335,0.0693369097928087,0.0325357352386654,0.1409851074073818,0.0408133260275874,1.845713304866809,1.8747259330145816,0.5000546723388487,0.6410780873001269,0.0940913323060467
41.968406677246094,0.4322448007668278,0.2930009147738852,0.0187549206892122,0.1609247345018162,0.0693369097924602,0.0325357352374109,0.1409851073419568,0.040813326027129,1.8457133048659156,1.8747259330132529,0.5000546723387577,0.6410780872982478,0.0940913323053685
41.976959228515625,0.4322448007662572,0.2930009147709458,0.0187549206891586,0.1609247345015737,0.0693369097921938,0.032535735236452,0.1409851072919524,0.0408133260267786,1.845713304865232,1.8747259330122368,0.500054672338688,0.6410780872968115,0.0940913323048501
41.99446487426758,0.4322448007651077,0.2930009147650227,0.0187549206890505,0.160924734501085,0.0693369097916571,0.0325357352345198,0.1409851071911912,0.0408133260260727,1.8457133048638557,1.8747259330101895,0.5000546723385477,0.6410780872939174,0.0940913323038056
42.0051383972168,0.4322448007644185,0.293000914761472,0.0187549206889857,0.1609247345007921,0.0693369097913353,0.0325357352333615,0.1409851071307862,0.0408133260256494,1.84571330486303,1.8747259330089627,0.5000546723384637,0.6410780872921823,0.0940913323031794
42.0068473815918,0.432244800764309,0.2930009147609076,0.0187549206889754,0.1609247345007455,0.0693369097912841,0.0325357352331774,0.1409851071211868,0.0408133260255822,1.845713304862899,1.874725933008768,0.5000546723384504,0.6410780872919065,0.0940913323030799
42.007511138916016,0.4322448007642665,0.2930009147606888,0.0187549206889714,0.1609247345007275,0.0693369097912643,0.0325357352331061,0.1409851071174635,0.0408133260255561,1.845713304862848,1.874725933008692,0.5000546723384451,0.6410780872917996,0.0940913323030413
42.01360702514648,0.432244800763878,0.293000914758687,0.0187549206889348,0.1609247345005623,0.0693369097910829,0.032535735232453,0.1409851070834081,0.0408133260253175,1.8457133048623828,1.874725933008,0.5000546723383977,0.6410780872908215,0.0940913323026883
42.02021789550781,0.4322448007634598,0.2930009147565326,0.0187549206888955,0.1609247345003846,0.0693369097908877,0.0325357352317502,0.1409851070467565,0.0408133260250607,1.845713304861882,1.874725933007256,0.5000546723383467,0.6410780872897687,0.0940913323023084
42.038761138916016,0.4322448007623045,0.2930009147505799,0.0187549206887869,0.1609247344998935,0.0693369097903482,0.0325357352298084,0.1409851069454918,0.0408133260243512,1.8457133048604983,1.8747259330051984,0.5000546723382058,0.6410780872868601,0.0940913323012586
42.04285430908203,0.4322448007620529,0.2930009147492837,0.0187549206887632,0.1609247344997865,0.0693369097902308,0.0325357352293856,0.140985106923441,0.0408133260241967,1.8457133048601968,1.8747259330047503,0.500054672338175,0.6410780872862267,0.09409133230103
42.04490661621094,0.4322448007619273,0.2930009147486362,0.0187549206887514,0.1609247344997331,0.0693369097901721,0.0325357352291743,0.1409851069124258,0.0408133260241195,1.845713304860047,1.8747259330045267,0.5000546723381597,0.6410780872859103,0.0940913323009158
42.07052612304688,0.4322448007603842,0.2930009147406861,0.0187549206886063,0.1609247344990772,0.0693369097894516,0.0325357352265809,0.1409851067771802,0.0408133260231719,1.845713304858199,1.8747259330017791,0.5000546723379715,0.6410780872820258,0.0940913322995138
42.09089279174805,0.4322448007591911,0.2930009147345384,0.0187549206884941,0.16092473449857,0.0693369097888945,0.0325357352245755,0.1409851066725963,0.0408133260224392,1.8457133048567704,1.8747259329996544,0.5000546723378259,0.6410780872790217,0.0940913322984297
42.091888427734375,0.4322448007591334,0.2930009147342417,0.0187549206884887,0.1609247344985455,0.0693369097888676,0.0325357352244787,0.1409851066675496,0.0408133260224039,1.8457133048567007,1.874725932999552,0.5000546723378189,0.6410780872788767,0.0940913322983774
42.102386474609375,0.4322448007585305,0.2930009147311348,0.018754920688432,0.1609247344982892,0.0693369097885861,0.0325357352234652,0.140985106614695,0.0408133260220335,1.845713304855979,1.8747259329984785,0.5000546723377454,0.6410780872773586,0.0940913322978295
42.10376739501953,0.4322448007584517,0.293000914730729,0.0187549206884246,0.1609247344982557,0.0693369097885493,0.0325357352233328,0.1409851066077921,0.0408133260219852,1.8457133048558847,1.874725932998338,0.5000546723377357,0.6410780872771603,0.0940913322977579
42.106101989746094,0.4322448007583189,0.2930009147300446,0.0187549206884121,0.1609247344981993,0.0693369097884872,0.0325357352231095,0.1409851065961481,0.0408133260219036,1.8457133048557255,1.8747259329981012,0.5000546723377195,0.6410780872768259,0.0940913322976372
42.12339401245117,0.4322448007573464,0.2930009147250341,0.0187549206883206,0.1609247344977859,0.0693369097880332,0.0325357352214751,0.1409851065109123,0.0408133260213064,1.845713304854561,1.87472593299637,0.5000546723376008,0.6410780872743777,0.0940913322967536
42.18492126464844,0.4322448007540456,0.2930009147080274,0.0187549206880103,0.1609247344963828,0.069336909786492,0.0325357352159273,0.1409851062215961,0.0408133260192796,1.845713304850608,1.8747259329904924,0.5000546723371981,0.6410780872660676,0.0940913322937545
42.19050598144531,0.4322448007537579,0.293000914706545,0.0187549206879832,0.1609247344962605,0.0693369097863577,0.0325357352154437,0.140985106196379,0.0408133260191028,1.845713304850264,1.87472593298998,0.500054672337163,0.6410780872653433,0.0940913322934931
42.19943237304688,0.432244800753302,0.2930009147041963,0.0187549206879403,0.1609247344960668,0.0693369097861448,0.0325357352146775,0.1409851061564225,0.0408133260188229,1.8457133048497176,1.8747259329891683,0.5000546723371074,0.6410780872641957,0.0940913322930789
42.20553970336914,0.432244800752993,0.2930009147026037,0.0187549206879113,0.1609247344959354,0.0693369097860005,0.032535735214158,0.1409851061293304,0.0408133260186331,1.845713304849348,1.874725932988618,0.5000546723370697,0.6410780872634175,0.094091332292798
42.2224006652832,0.4322448007521513,0.2930009146982673,0.0187549206878321,0.1609247344955776,0.0693369097856075,0.0325357352127434,0.1409851060555601,0.0408133260181163,1.84571330484834,1.8747259329871195,0.500054672336967,0.6410780872612986,0.0940913322920333
42.22896957397461,0.432244800751828,0.2930009146966015,0.0187549206878017,0.1609247344954402,0.0693369097854566,0.0325357352122,0.1409851060272227,0.0408133260179178,1.8457133048479528,1.874725932986544,0.5000546723369276,0.6410780872604847,0.0940913322917395
42.23250579833984,0.432244800751655,0.2930009146957102,0.0187549206877855,0.1609247344953666,0.0693369097853758,0.0325357352119093,0.1409851060120598,0.0408133260178116,1.8457133048477452,1.874725932986236,0.5000546723369065,0.6410780872600491,0.0940913322915824
42.233734130859375,0.4322448007515951,0.2930009146954015,0.0187549206877798,0.1609247344953412,0.0693369097853478,0.0325357352118086,0.140985106006808,0.0408133260177748,1.8457133048476737,1.874725932986129,0.5000546723368992,0.6410780872598982,0.0940913322915279
42.26166534423828,0.4322448007502562,0.2930009146885031,0.0187549206876539,0.1609247344947721,0.0693369097847227,0.0325357352095582,0.1409851058894521,0.0408133260169526,1.8457133048460703,1.874725932983745,0.5000546723367358,0.6410780872565275,0.0940913322903114
42.28223419189453,0.4322448007492985,0.293000914683569,0.0187549206875639,0.160924734494365,0.0693369097842755,0.0325357352079487,0.1409851058055156,0.0408133260163645,1.845713304844924,1.87472593298204,0.5000546723366189,0.6410780872541165,0.0940913322894412
42.282840728759766,0.4322448007492707,0.2930009146834254,0.0187549206875613,0.1609247344943531,0.0693369097842625,0.0325357352079018,0.1409851058030723,0.0408133260163474,1.8457133048448904,1.87472593298199,0.5000546723366156,0.6410780872540464,0.0940913322894159
42.28788375854492,0.4322448007490396,0.293000914682235,0.0187549206875395,0.1609247344942549,0.0693369097841546,0.0325357352075135,0.1409851057828218,0.0408133260162056,1.8457133048446133,1.8747259329815784,0.5000546723365874,0.6410780872534647,0.094091332289206
42.291603088378906,0.4322448007488701,0.2930009146813617,0.0187549206875236,0.1609247344941829,0.0693369097840755,0.0325357352072286,0.1409851057679652,0.0408133260161015,1.8457133048444103,1.8747259329812769,0.5000546723365668,0.6410780872530379,0.094091332289052
42.3056526184082,0.4322448007482367,0.2930009146780979,0.018754920687464,0.1609247344939136,0.0693369097837797,0.0325357352061639,0.1409851057124417,0.0408133260157125,1.845713304843652,1.874725932980149,0.5000546723364895,0.6410780872514431,0.0940913322884764
42.31733322143555,0.4322448007477181,0.2930009146754259,0.0187549206874153,0.1609247344936932,0.0693369097835376,0.0325357352052923,0.1409851056669865,0.040813326015394,1.845713304843031,1.8747259329792256,0.5000546723364262,0.6410780872501376,0.0940913322880052
42.32612609863281,0.4322448007473325,0.2930009146734392,0.018754920687379,0.1609247344935293,0.0693369097833575,0.0325357352046442,0.1409851056331895,0.0408133260151573,1.845713304842569,1.8747259329785388,0.5000546723363791,0.6410780872491668,0.0940913322876549
42.33083724975586,0.4322448007471275,0.2930009146723834,0.0187549206873597,0.1609247344934422,0.0693369097832619,0.0325357352042998,0.140985105615227,0.0408133260150315,1.845713304842324,1.874725932978174,0.5000546723363541,0.6410780872486509,0.0940913322874687
42.336158752441406,0.4322448007468975,0.2930009146711979,0.0187549206873381,0.1609247344933444,0.0693369097831544,0.032535735203913,0.1409851055950591,0.0408133260148902,1.845713304842048,1.8747259329777644,0.5000546723363261,0.6410780872480716,0.0940913322872596
42.34943771362305,0.4322448007463297,0.2930009146682725,0.0187549206872847,0.160924734493103,0.0693369097828893,0.0325357352029588,0.1409851055452945,0.0408133260145416,1.8457133048413683,1.8747259329767532,0.5000546723362568,0.6410780872466422,0.0940913322867437
42.35431289672852,0.4322448007461235,0.2930009146672102,0.0187549206872653,0.1609247344930154,0.0693369097827931,0.0325357352026122,0.1409851055272218,0.040813326014415,1.8457133048411212,1.874725932976386,0.5000546723362316,0.6410780872461231,0.0940913322865564
42.35960388183594,0.4322448007459011,0.2930009146660642,0.0187549206872444,0.1609247344929208,0.0693369097826892,0.0325357352022384,0.1409851055077272,0.0408133260142783,1.8457133048408552,1.8747259329759904,0.5000546723362045,0.6410780872455631,0.0940913322863543
42.36370086669922,0.4322448007457298,0.2930009146651819,0.0187549206872283,0.160924734492848,0.0693369097826092,0.0325357352019505,0.140985105492717,0.0408133260141732,1.84571330484065,1.874725932975685,0.5000546723361836,0.6410780872451319,0.0940913322861987
42.37002182006836,0.4322448007454673,0.2930009146638291,0.0187549206872036,0.1609247344927364,0.0693369097824866,0.0325357352015092,0.1409851054697034,0.040813326014012,1.845713304840336,1.8747259329752175,0.5000546723361515,0.641078087244471,0.0940913322859601
42.37545776367188,0.4322448007452431,0.2930009146626738,0.0187549206871825,0.1609247344926411,0.069336909782382,0.0325357352011324,0.1409851054500507,0.0408133260138743,1.8457133048400671,1.8747259329748185,0.5000546723361242,0.6410780872439065,0.0940913322857564
42.38225936889648,0.4322448007449646,0.293000914661239,0.0187549206871563,0.1609247344925228,0.0693369097822519,0.0325357352006643,0.1409851054256417,0.0408133260137033,1.8457133048397336,1.8747259329743229,0.5000546723360902,0.6410780872432055,0.0940913322855034
42.39957809448242,0.4322448007442657,0.2930009146576379,0.0187549206870906,0.1609247344922257,0.0693369097819256,0.0325357351994896,0.1409851053643823,0.0408133260132742,1.8457133048388965,1.874725932973078,0.500054672336005,0.6410780872414458,0.0940913322848683
42.412017822265625,0.4322448007437725,0.2930009146550973,0.0187549206870442,0.160924734492016,0.0693369097816954,0.0325357351986608,0.1409851053211609,0.0408133260129714,1.845713304838306,1.8747259329722,0.5000546723359448,0.6410780872402043,0.0940913322844203
42.41756439208984,0.432244800743555,0.2930009146539766,0.0187549206870238,0.1609247344919236,0.0693369097815938,0.0325357351982953,0.1409851053020961,0.0408133260128378,1.8457133048380456,1.874725932971813,0.5000546723359183,0.6410780872396568,0.0940913322842226
42.4195442199707,0.4322448007434777,0.2930009146535784,0.0187549206870165,0.1609247344918908,0.0693369097815577,0.0325357351981654,0.140985105295322,0.0408133260127903,1.845713304837953,1.8747259329716752,0.5000546723359088,0.6410780872394622,0.0940913322841524
42.42084503173828,0.4322448007434271,0.2930009146533173,0.0187549206870118,0.1609247344918692,0.0693369097815341,0.0325357351980802,0.1409851052908793,0.0408133260127592,1.8457133048378924,1.8747259329715849,0.5000546723359026,0.6410780872393347,0.0940913322841064
42.42804336547852,0.432244800743148,0.2930009146518797,0.0187549206869855,0.1609247344917506,0.0693369097814038,0.0325357351976112,0.1409851052664233,0.0408133260125879,1.8457133048375585,1.874725932971088,0.5000546723358686,0.6410780872386322,0.0940913322838529
42.43082427978516,0.4322448007430409,0.2930009146513277,0.0187549206869755,0.1609247344917051,0.0693369097813537,0.0325357351974312,0.1409851052570317,0.0408133260125221,1.84571330483743,1.8747259329708967,0.5000546723358555,0.6410780872383625,0.0940913322837555
42.45248031616211,0.4322448007422186,0.2930009146470911,0.0187549206868981,0.1609247344913555,0.0693369097809698,0.0325357351960491,0.1409851051849596,0.0408133260120173,1.8457133048364447,1.874725932969433,0.5000546723357552,0.6410780872362923,0.0940913322830084
42.46221160888672,0.432244800741856,0.2930009146452229,0.018754920686864,0.1609247344912014,0.0693369097808005,0.0325357351954397,0.1409851051531797,0.0408133260117946,1.845713304836011,1.8747259329687875,0.500054672335711,0.6410780872353795,0.0940913322826789
42.46993255615234,0.4322448007415714,0.2930009146437562,0.0187549206868373,0.1609247344910804,0.0693369097806676,0.0325357351949613,0.1409851051282281,0.0408133260116199,1.8457133048356704,1.8747259329682808,0.5000546723356762,0.6410780872346628,0.0940913322824203
42.470741271972656,0.4322448007415417,0.2930009146436034,0.0187549206868345,0.1609247344910678,0.0693369097806538,0.0325357351949114,0.1409851051256284,0.0408133260116016,1.845713304835635,1.874725932968228,0.5000546723356726,0.6410780872345881,0.0940913322823933
42.50020599365234,0.4322448007404803,0.2930009146381347,0.0187549206867347,0.1609247344906166,0.0693369097801582,0.0325357351931274,0.1409851050325961,0.0408133260109499,1.8457133048343637,1.874725932966338,0.5000546723355431,0.641078087231916,0.0940913322814289
42.50857925415039,0.4322448007401855,0.2930009146366156,0.0187549206867069,0.1609247344904913,0.0693369097800205,0.0325357351926319,0.1409851050067537,0.0408133260107688,1.8457133048340104,1.8747259329658128,0.5000546723355072,0.6410780872311737,0.094091332281161
42.50962829589844,0.4322448007401487,0.2930009146364264,0.0187549206867035,0.1609247344904757,0.0693369097800034,0.0325357351925702,0.1409851050035349,0.0408133260107463,1.8457133048339665,1.8747259329657475,0.5000546723355027,0.6410780872310813,0.0940913322811277
42.520469665527344,0.4322448007397719,0.2930009146344846,0.0187549206866681,0.1609247344903155,0.0693369097798274,0.0325357351919367,0.1409851049705009,0.0408133260105149,1.8457133048335157,1.8747259329650765,0.5000546723354568,0.6410780872301324,0.0940913322807852
42.52155685424805,0.4322448007397343,0.2930009146342912,0.0187549206866645,0.1609247344902995,0.0693369097798099,0.0325357351918737,0.140985104967212,0.0408133260104918,1.8457133048334704,1.8747259329650097,0.5000546723354521,0.6410780872300379,0.0940913322807511
42.52456283569336,0.4322448007396308,0.293000914633758,0.0187549206866548,0.1609247344902555,0.0693369097797615,0.0325357351916997,0.140985104958141,0.0408133260104283,1.8457133048333465,1.8747259329648251,0.5000546723354395,0.6410780872297773,0.0940913322806571
42.52956008911133,0.4322448007394596,0.2930009146328757,0.0187549206866387,0.1609247344901828,0.0693369097796816,0.0325357351914119,0.1409851049431317,0.0408133260103232,1.845713304833141,1.8747259329645205,0.5000546723354186,0.6410780872293462,0.0940913322805015
42.53116989135742,0.4322448007394047,0.2930009146325926,0.0187549206866335,0.1609247344901594,0.0693369097796559,0.0325357351913196,0.140985104938316,0.0408133260102894,1.8457133048330756,1.8747259329644224,0.5000546723354119,0.641078087229208,0.0940913322804516
42.534446716308594,0.4322448007392931,0.2930009146320181,0.018754920686623,0.160924734490112,0.0693369097796039,0.0325357351911322,0.1409851049285434,0.040813326010221,1.845713304832942,1.874725932964224,0.5000546723353982,0.6410780872289272,0.0940913322803503
42.55476760864258,0.4322448007386114,0.2930009146285054,0.0187549206865589,0.1609247344898222,0.0693369097792855,0.0325357351899862,0.140985104868785,0.0408133260098024,1.8457133048321253,1.87472593296301,0.5000546723353151,0.6410780872272108,0.0940913322797308
42.575660705566406,0.4322448007379275,0.2930009146249819,0.0187549206864946,0.1609247344895315,0.0693369097789662,0.0325357351888369,0.1409851048088453,0.0408133260093824,1.8457133048313064,1.874725932961792,0.5000546723352317,0.6410780872254892,0.0940913322791094
42.57582473754883,0.4322448007379222,0.2930009146249546,0.0187549206864941,0.1609247344895293,0.0693369097789638,0.032535735188828,0.1409851048083799,0.0408133260093791,1.8457133048313,1.874725932961783,0.500054672335231,0.6410780872254758,0.0940913322791046
42.5828971862793,0.4322448007376946,0.2930009146237821,0.0187549206864727,0.1609247344894325,0.0693369097788575,0.0325357351884455,0.1409851047884332,0.0408133260092394,1.845713304831028,1.8747259329613777,0.5000546723352033,0.6410780872249029,0.0940913322788978
42.59185791015625,0.4322448007374091,0.2930009146223107,0.0187549206864459,0.1609247344893111,0.0693369097787242,0.0325357351879655,0.1409851047634026,0.0408133260090641,1.8457133048306855,1.8747259329608688,0.5000546723351684,0.6410780872241839,0.0940913322786384
42.59422302246094,0.4322448007373342,0.293000914621925,0.0187549206864388,0.1609247344892793,0.0693369097786892,0.0325357351878397,0.1409851047568407,0.0408133260090181,1.845713304830596,1.874725932960736,0.5000546723351593,0.6410780872239954,0.0940913322785703
42.61872863769531,0.4322448007365709,0.2930009146179923,0.0187549206863671,0.1609247344889549,0.0693369097783328,0.0325357351865568,0.1409851046899378,0.0408133260085495,1.8457133048296817,1.8747259329593768,0.5000546723350662,0.6410780872220738,0.0940913322778768
42.61938095092773,0.4322448007365509,0.2930009146178892,0.0187549206863652,0.1609247344889463,0.0693369097783235,0.0325357351865231,0.1409851046881836,0.0408133260085372,1.845713304829658,1.874725932959341,0.5000546723350637,0.6410780872220234,0.0940913322778586
42.63483047485352,0.4322448007360815,0.2930009146154705,0.018754920686321,0.1609247344887468,0.0693369097781043,0.0325357351857341,0.1409851046470388,0.040813326008249,1.845713304829096,1.874725932958505,0.5000546723350064,0.6410780872208416,0.0940913322774321
42.65162658691406,0.4322448007355809,0.2930009146128916,0.018754920686274,0.1609247344885341,0.0693369097778706,0.0325357351848929,0.1409851046031663,0.0408133260079416,1.8457133048284964,1.874725932957614,0.5000546723349454,0.6410780872195815,0.0940913322769773
42.66046524047852,0.4322448007353215,0.2930009146115552,0.0187549206862496,0.1609247344884238,0.0693369097777495,0.0325357351844569,0.1409851045804316,0.0408133260077824,1.8457133048281855,1.874725932957152,0.5000546723349137,0.6410780872189284,0.0940913322767416
42.66899490356445,0.4322448007350739,0.2930009146102789,0.0187549206862263,0.1609247344883185,0.0693369097776338,0.0325357351840406,0.1409851045587201,0.0408133260076303,1.845713304827889,1.874725932956711,0.5000546723348835,0.6410780872183048,0.0940913322765166
42.6709098815918,0.4322448007350186,0.2930009146099943,0.0187549206862211,0.160924734488295,0.069336909777608,0.0325357351839477,0.140985104553876,0.0408133260075964,1.845713304827823,1.8747259329566128,0.5000546723348768,0.6410780872181657,0.0940913322764663
42.67301177978516,0.4322448007349581,0.2930009146096824,0.0187549206862154,0.1609247344882693,0.0693369097775798,0.032535735183846,0.1409851045485727,0.0408133260075592,1.8457133048277503,1.874725932956505,0.5000546723348694,0.6410780872180134,0.0940913322764114
42.67778015136719,0.4322448007348214,0.2930009146089781,0.0187549206862025,0.1609247344882112,0.0693369097775159,0.0325357351836162,0.1409851045365893,0.0408133260074753,1.8457133048275869,1.8747259329562616,0.5000546723348527,0.6410780872176691,0.0940913322762871
42.68316268920898,0.432244800734668,0.2930009146081877,0.0187549206861881,0.160924734488146,0.0693369097774443,0.0325357351833584,0.140985104523145,0.0408133260073811,1.8457133048274037,1.874725932955988,0.500054672334834,0.641078087217283,0.0940913322761478
42.68632888793945,0.4322448007345782,0.2930009146077253,0.0187549206861797,0.1609247344881078,0.0693369097774024,0.0325357351832075,0.1409851045152775,0.040813326007326,1.845713304827296,1.8747259329558288,0.500054672334823,0.6410780872170571,0.0940913322760662
42.69670486450195,0.4322448007342864,0.2930009146062219,0.0187549206861522,0.1609247344879838,0.0693369097772662,0.0325357351827171,0.1409851044897033,0.0408133260071468,1.8457133048269465,1.874725932955309,0.5000546723347875,0.6410780872163224,0.0940913322758011
42.70835876464844,0.432244800733963,0.2930009146045556,0.0187549206861218,0.1609247344878463,0.0693369097771152,0.0325357351821735,0.1409851044613562,0.0408133260069481,1.845713304826559,1.874725932954733,0.500054672334748,0.6410780872155082,0.0940913322755073
42.7091064453125,0.4322448007339424,0.2930009146044495,0.0187549206861199,0.1609247344878376,0.0693369097771055,0.0325357351821389,0.1409851044595505,0.0408133260069355,1.8457133048265344,1.8747259329546964,0.5000546723347455,0.6410780872154563,0.0940913322754885
42.7125244140625,0.4322448007338485,0.2930009146039656,0.0187549206861111,0.1609247344877976,0.0693369097770617,0.0325357351819811,0.1409851044513189,0.0408133260068778,1.8457133048264216,1.8747259329545287,0.500054672334734,0.64107808721522,0.0940913322754032
42.72753143310547,0.4322448007334407,0.2930009146018644,0.0187549206860727,0.1609247344876243,0.0693369097768713,0.0325357351812957,0.140985104415575,0.0408133260066275,1.845713304825933,1.874725932953803,0.5000546723346843,0.6410780872141932,0.0940913322750327
42.76365661621094,0.4322448007324887,0.2930009145969593,0.0187549206859832,0.1609247344872196,0.0693369097764268,0.0325357351796955,0.1409851043321289,0.0408133260060429,1.8457133048247931,1.874725932952108,0.5000546723345681,0.6410780872117965,0.0940913322741676
42.76530838012695,0.4322448007324461,0.2930009145967401,0.0187549206859792,0.1609247344872015,0.0693369097764069,0.032535735179624,0.1409851043283994,0.0408133260060168,1.8457133048247425,1.874725932952032,0.5000546723345629,0.6410780872116894,0.094091332274129
42.7768440246582,0.4322448007321513,0.2930009145952211,0.0187549206859515,0.1609247344870762,0.0693369097762692,0.0325357351791285,0.1409851043025588,0.0408133260058358,1.8457133048243892,1.8747259329515071,0.5000546723345269,0.6410780872109471,0.0940913322738611
42.78444290161133,0.4322448007319593,0.2930009145942319,0.0187549206859334,0.1609247344869946,0.0693369097761796,0.0325357351788058,0.1409851042857313,0.0408133260057179,1.8457133048241596,1.8747259329511647,0.5000546723345035,0.6410780872104638,0.0940913322736867
42.784481048583984,0.4322448007319583,0.293000914594227,0.0187549206859333,0.1609247344869942,0.0693369097761791,0.0325357351788042,0.140985104285647,0.0408133260057173,1.8457133048241583,1.874725932951164,0.5000546723345034,0.6410780872104613,0.0940913322736858
42.81201934814453,0.4322448007312772,0.2930009145907171,0.0187549206858693,0.1609247344867046,0.0693369097758611,0.0325357351776593,0.1409851042259383,0.0408133260052991,1.8457133048233425,1.8747259329499504,0.5000546723344204,0.6410780872087463,0.0940913322730668
42.83489608764648,0.4322448007307281,0.2930009145878884,0.0187549206858176,0.1609247344864713,0.0693369097756047,0.0325357351767365,0.1409851041778168,0.040813326004962,1.845713304822685,1.874725932948973,0.5000546723343533,0.6410780872073641,0.094091332272568
42.86188888549805,0.4322448007300994,0.2930009145846492,0.0187549206857585,0.160924734486204,0.0693369097753112,0.0325357351756799,0.1409851041227133,0.040813326004576,1.8457133048219323,1.8747259329478536,0.5000546723342766,0.6410780872057814,0.0940913322719968
42.91005706787109,0.432244800729027,0.2930009145791237,0.0187549206856577,0.1609247344857482,0.0693369097748105,0.0325357351738774,0.1409851040287138,0.0408133260039175,1.845713304820648,1.874725932945944,0.5000546723341458,0.6410780872030815,0.0940913322710223
42.93410873413086,0.4322448007285143,0.2930009145764821,0.0187549206856095,0.1609247344855302,0.0693369097745711,0.0325357351730156,0.1409851039837756,0.0408133260036027,1.845713304820034,1.874725932945031,0.5000546723340832,0.6410780872017907,0.0940913322705565
42.93845748901367,0.4322448007284232,0.2930009145760125,0.0187549206856009,0.1609247344854915,0.0693369097745285,0.0325357351728625,0.1409851039757882,0.0408133260035468,1.8457133048199248,1.874725932944869,0.5000546723340721,0.6410780872015612,0.0940913322704737
42.95372772216797,0.4322448007281069,0.2930009145743831,0.0187549206855712,0.1609247344853571,0.0693369097743809,0.0325357351723309,0.1409851039480681,0.0408133260033526,1.8457133048195464,1.8747259329443056,0.5000546723340336,0.6410780872007651,0.0940913322701863
42.96166610717773,0.4322448007279448,0.2930009145735477,0.0187549206855559,0.1609247344852881,0.0693369097743051,0.0325357351720584,0.1409851039338581,0.0408133260032531,1.845713304819352,1.874725932944017,0.5000546723340138,0.6410780872003569,0.094091332270039
42.965576171875,0.4322448007278655,0.2930009145731393,0.0187549206855485,0.1609247344852545,0.0693369097742681,0.0325357351719252,0.1409851039269082,0.0408133260032044,1.845713304819257,1.874725932943876,0.5000546723340041,0.6410780872001572,0.094091332269967
42.98868179321289,0.4322448007274045,0.293000914570764,0.0187549206855051,0.1609247344850585,0.0693369097740529,0.0325357351711503,0.1409851038865005,0.0408133260029213,1.8457133048187049,1.8747259329430548,0.5000546723339478,0.6410780871989966,0.0940913322695481
43.000186920166016,0.4322448007271797,0.2930009145696056,0.018754920685484,0.1609247344849629,0.0693369097739479,0.0325357351707724,0.1409851038667936,0.0408133260027832,1.845713304818436,1.8747259329426544,0.5000546723339204,0.6410780871984306,0.0940913322693438
43.02933120727539,0.4322448007266239,0.2930009145667419,0.0187549206854317,0.1609247344847267,0.0693369097736884,0.0325357351698383,0.1409851038180779,0.0408133260024419,1.84571330481777,1.8747259329416648,0.5000546723338526,0.6410780871970313,0.0940913322688388
43.058250427246094,0.4322448007260913,0.2930009145639978,0.0187549206853816,0.1609247344845003,0.0693369097734397,0.0325357351689431,0.1409851037713952,0.0408133260021149,1.8457133048171324,1.8747259329407164,0.5000546723337876,0.6410780871956905,0.0940913322683549
43.06117630004883,0.4322448007260384,0.2930009145637254,0.0187549206853766,0.1609247344844778,0.069336909773415,0.0325357351688543,0.1409851037667616,0.0408133260020825,1.845713304817069,1.8747259329406225,0.5000546723337812,0.6410780871955574,0.0940913322683069
43.09806823730469,0.4322448007253876,0.2930009145603722,0.0187549206853155,0.1609247344842012,0.0693369097731111,0.0325357351677604,0.1409851037097174,0.0408133260016829,1.8457133048162897,1.8747259329394637,0.5000546723337017,0.6410780871939189,0.0940913322677155
43.1042594909668,0.4322448007252812,0.2930009145598239,0.0187549206853054,0.1609247344841559,0.0693369097730615,0.0325357351675815,0.1409851037003898,0.0408133260016175,1.8457133048161625,1.874725932939274,0.5000546723336888,0.641078087193651,0.0940913322676188
43.151885986328125,0.4322448007244884,0.2930009145557395,0.0187549206852309,0.160924734483819,0.0693369097726913,0.0325357351662492,0.1409851036309076,0.0408133260011308,1.845713304815213,1.8747259329378625,0.500054672333592,0.6410780871916553,0.0940913322668986
43.15737533569336,0.4322448007243999,0.2930009145552836,0.0187549206852226,0.1609247344837814,0.06933690977265,0.0325357351661005,0.140985103623152,0.0408133260010765,1.8457133048151069,1.8747259329377048,0.5000546723335813,0.6410780871914324,0.0940913322668181
43.178321838378906,0.4322448007240676,0.2930009145535713,0.0187549206851913,0.1609247344836401,0.0693369097724948,0.0325357351655419,0.1409851035940224,0.0408133260008724,1.845713304814709,1.874725932937113,0.5000546723335407,0.6410780871905958,0.0940913322665162
43.22964859008789,0.4322448007232878,0.2930009145495533,0.018754920685118,0.1609247344833086,0.0693369097721307,0.0325357351642312,0.1409851035256691,0.0408133260003936,1.845713304813775,1.8747259329357249,0.5000546723334456,0.6410780871886325,0.0940913322658076
43.24827194213867,0.4322448007230165,0.2930009145481557,0.0187549206850925,0.1609247344831933,0.069336909772004,0.0325357351637752,0.1409851035018917,0.0408133260002271,1.8457133048134504,1.8747259329352413,0.5000546723334125,0.6410780871879496,0.0940913322655611
43.26270294189453,0.4322448007228104,0.2930009145470939,0.0187549206850731,0.1609247344831057,0.0693369097719078,0.0325357351634289,0.1409851034838297,0.0408133260001006,1.8457133048132035,1.8747259329348749,0.5000546723333873,0.6410780871874308,0.0940913322653739
43.29729461669922,0.4322448007223308,0.2930009145446225,0.018754920685028,0.1609247344829018,0.0693369097716839,0.0325357351626227,0.1409851034417878,0.0408133259998061,1.845713304812629,1.8747259329340205,0.5000546723333288,0.6410780871862232,0.0940913322649381
43.30189514160156,0.4322448007222685,0.2930009145443015,0.0187549206850222,0.1609247344828753,0.0693369097716548,0.032535735162518,0.1409851034363264,0.0408133259997678,1.8457133048125545,1.8747259329339097,0.5000546723333212,0.6410780871860663,0.0940913322648815
43.32828903198242,0.4322448007219176,0.2930009145424938,0.0187549206849892,0.1609247344827262,0.069336909771491,0.0325357351619282,0.1409851034055732,0.0408133259995524,1.8457133048121344,1.8747259329332848,0.5000546723332784,0.641078087185183,0.0940913322645627
43.331817626953125,0.4322448007218715,0.2930009145422564,0.0187549206849848,0.1609247344827066,0.0693369097714694,0.0325357351618508,0.1409851034015355,0.0408133259995241,1.845713304812079,1.8747259329332029,0.5000546723332728,0.641078087185067,0.0940913322645208
43.34149169921875,0.4322448007217462,0.2930009145416108,0.018754920684973,0.1609247344826533,0.0693369097714109,0.0325357351616402,0.1409851033905532,0.0408133259994472,1.845713304811929,1.87472593293298,0.5000546723332575,0.6410780871847516,0.094091332264407
43.39567184448242,0.4322448007210708,0.2930009145381305,0.0187549206849095,0.1609247344823662,0.0693369097710955,0.0325357351605049,0.1409851033313463,0.0408133259990324,1.8457133048111205,1.874725932931777,0.5000546723331751,0.6410780871830509,0.0940913322637932
43.39668655395508,0.4322448007210585,0.2930009145380675,0.0187549206849084,0.160924734482361,0.0693369097710898,0.0325357351604843,0.1409851033302743,0.0408133259990249,1.8457133048111056,1.8747259329317552,0.5000546723331736,0.6410780871830202,0.0940913322637821
43.42546463012695,0.4322448007207176,0.2930009145363111,0.0187549206848763,0.1609247344822161,0.0693369097709307,0.0325357351599114,0.1409851033003951,0.0408133259988156,1.8457133048106973,1.874725932931148,0.500054672333132,0.6410780871821619,0.0940913322634723
43.45960998535156,0.4322448007203281,0.2930009145343045,0.0187549206848397,0.1609247344820505,0.0693369097707488,0.0325357351592568,0.1409851032662588,0.0408133259985765,1.845713304810231,1.8747259329304544,0.5000546723330845,0.6410780871811814,0.0940913322631185
43.465423583984375,0.4322448007202634,0.2930009145339709,0.0187549206848336,0.160924734482023,0.0693369097707186,0.032535735159148,0.1409851032605843,0.0408133259985367,1.8457133048101533,1.8747259329303396,0.5000546723330767,0.6410780871810184,0.0940913322630597
43.50640869140625,0.4322448007198197,0.2930009145316846,0.0187549206847919,0.1609247344818344,0.0693369097705114,0.0325357351584022,0.14098510322169,0.0408133259982643,1.845713304809622,1.8747259329295487,0.5000546723330225,0.6410780871799012,0.0940913322626565
43.522403717041016,0.4322448007196524,0.2930009145308224,0.0187549206847761,0.1609247344817633,0.0693369097704333,0.0325357351581209,0.1409851032070227,0.0408133259981615,1.8457133048094216,1.8747259329292512,0.500054672333002,0.64107808717948,0.0940913322625044
43.53723907470703,0.4322448007195,0.2930009145300374,0.0187549206847618,0.1609247344816985,0.0693369097703621,0.0325357351578648,0.1409851031936689,0.040813325998068,1.8457133048092391,1.87472593292898,0.5000546723329835,0.6410780871790964,0.094091332262366
43.57876586914063,0.4322448007190877,0.293000914527913,0.0187549206847231,0.1609247344815232,0.0693369097701696,0.0325357351571718,0.1409851031575298,0.0408133259978149,1.8457133048087453,1.8747259329282455,0.5000546723329331,0.6410780871780584,0.0940913322619914
43.61515808105469,0.4322448007187429,0.2930009145261366,0.0187549206846906,0.1609247344813767,0.0693369097700086,0.0325357351565923,0.1409851031273087,0.0408133259976032,1.8457133048083323,1.874725932927632,0.5000546723328911,0.6410780871771904,0.0940913322616781
43.636566162109375,0.432244800718547,0.2930009145251273,0.0187549206846722,0.1609247344812934,0.0693369097699172,0.0325357351562631,0.1409851031101384,0.0408133259974829,1.8457133048080976,1.874725932927283,0.5000546723328672,0.6410780871766971,0.0940913322615001
43.73491668701172,0.432244800717709,0.2930009145208098,0.0187549206845934,0.1609247344809372,0.0693369097695259,0.0325357351548547,0.1409851030366914,0.0408133259969684,1.8457133048070944,1.8747259329257908,0.5000546723327649,0.6410780871745876,0.0940913322607387
43.85334777832031,0.432244800716823,0.2930009145162446,0.0187549206845101,0.1609247344805606,0.0693369097691122,0.0325357351533655,0.140985102959029,0.0408133259964244,1.8457133048060332,1.8747259329242127,0.5000546723326569,0.6410780871723568,0.0940913322599336
43.87712097167969,0.4322448007166598,0.293000914515404,0.0187549206844948,0.1609247344804912,0.069336909769036,0.0325357351530912,0.1409851029447276,0.0408133259963242,1.845713304805838,1.8747259329239228,0.5000546723326369,0.641078087171946,0.0940913322597854
43.91876983642578,0.432244800716385,0.2930009145139879,0.0187549206844689,0.1609247344803744,0.0693369097689077,0.0325357351526293,0.1409851029206375,0.0408133259961554,1.8457133048055088,1.8747259329234331,0.5000546723326034,0.6410780871712541,0.0940913322595357
43.97236633300781,0.4322448007160509,0.2930009145122667,0.0187549206844375,0.1609247344802324,0.0693369097687517,0.0325357351520678,0.1409851028913578,0.0408133259959503,1.8457133048051089,1.8747259329228383,0.5000546723325626,0.6410780871704131,0.0940913322592321
44.02566146850586,0.4322448007157394,0.2930009145106617,0.0187549206844082,0.1609247344801,0.0693369097686062,0.0325357351515443,0.1409851028640543,0.0408133259957591,1.845713304804736,1.874725932922284,0.5000546723325247,0.6410780871696289,0.0940913322589491
44.187747955322266,0.4322448007149058,0.2930009145063669,0.0187549206843298,0.1609247344797457,0.0693369097682171,0.0325357351501432,0.1409851027909919,0.0408133259952473,1.8457133048037373,1.8747259329207997,0.500054672332423,0.6410780871675303,0.0940913322581917
44.257843017578125,0.4322448007145927,0.2930009145047535,0.0187549206843004,0.1609247344796126,0.0693369097680708,0.0325357351496169,0.1409851027635445,0.040813325995055,1.8457133048033625,1.874725932920242,0.5000546723323848,0.641078087166742,0.0940913322579072
44.31587600708008,0.4322448007143527,0.2930009145035169,0.0187549206842778,0.1609247344795105,0.0693369097679588,0.0325357351492135,0.1409851027425071,0.0408133259949077,1.8457133048030752,1.8747259329198145,0.5000546723323555,0.6410780871661377,0.0940913322576891
44.47499847412109,0.4322448007137743,0.2930009145005368,0.0187549206842234,0.1609247344792647,0.0693369097676887,0.0325357351482414,0.1409851026918108,0.0408133259945525,1.8457133048023824,1.8747259329187849,0.500054672332285,0.6410780871646815,0.0940913322571636
44.670169830322266,0.4322448007132005,0.2930009144975801,0.0187549206841695,0.1609247344790207,0.0693369097674208,0.0325357351472769,0.1409851026415124,0.0408133259942002,1.8457133048016956,1.8747259329177628,0.5000546723322149,0.6410780871632368,0.0940913322566422
44.83045196533203,0.4703392988721752,0.3004974964613799,0.0197501610208593,0.1629336241425985,0.0694074529923885,0.0428141576796444,0.2896021131405796,0.0416072500484922,1.848512006935497,1.8756529038716516,0.5047154693482759,3.463218186653551,0.2763754306319458
44.8360710144043,0.4725224970959318,0.3009271260724895,0.0198071983107648,0.1630487537428647,0.0694114958293089,0.0434032147587681,0.2981193638999584,0.0416527498888659,1.8486724007409816,1.8757060286387035,0.5049825799353295,3.624955223499682,0.2868221444363864
44.867897033691406,0.4844201489724846,0.3032684542639504,0.0201180312034875,0.1636761690136119,0.0694335278490073,0.0466133658053232,0.3445353436206776,0.0419007077954419,1.849546489790729,1.8759955396769248,0.5064382373936047,4.50636440522278,0.3437530097818863
45.11969375610352,0.5553935798864702,0.3172352517770139,0.0219722522772176,0.1674189087436502,0.0695649561378757,0.0657629791819189,0.6214220237946881,0.0433798587686089,1.8547607202479583,1.8777225688321075,0.5151217158750131,9.764261872310495,0.683364462562534
45.18495178222656,0.5653608778750432,0.3046723915487251,0.0208808087384855,0.152061816517404,0.0604812925282891,0.0678750850251831,0.6612636832984335,0.0398571227580355,1.6664359013367995,1.7294140107403917,0.5152444679113036,10.723558346230154,0.7443056470703839
45.74485397338867,0.6111508997144272,0.2378118499170359,0.0150153879480071,0.0715090751006474,0.013018803955571,0.0772146657282324,0.8448996354846818,0.0213243875438121,0.6822113853441717,0.9545331793881944,0.5151177469256167,15.26969445663122,1.0326131804605705
45.77042007446289,0.6123372748794514,0.2367501991395618,0.0149258402267048,0.0701553948060978,0.0122093752555145,0.077483297095499,0.849613299476908,0.0210164715514029,0.6654405426963685,0.9413159181487164,0.5151651037678276,15.377281003256863,1.0394712795365866
45.79774475097656,0.613544455580949,0.2357082655738263,0.0148382901577825,0.0688198957298142,0.011409775672145,0.0777581629523675,0.8544071026671659,0.0207130017944774,0.6488745856048884,0.9282589504149114,0.5152161858166056,15.486171277557496,1.0464146850043805
45.85627746582031,0.6159321349656698,0.2337636030170915,0.0146759380564208,0.0663054560949126,0.0099010545728276,0.078306436268764,0.8638811019543449,0.020142608484614,0.6176210269019343,0.9036218186849122,0.5153259932230032,15.699778204898315,1.0600420681094005
45.859413146972656,0.6160528057676126,0.2336694884853719,0.0146681207629502,0.0661829353196714,0.0098274165700304,0.0783343110118204,0.8643596335017368,0.0201148515848842,0.6160957407475398,0.902419299617362,0.5153318573983268,15.71051030536877,1.0607269814203817
45.883544921875,0.6169580506665617,0.2329764650412485,0.0146106873953159,0.0652780307537915,0.0092831493667203,0.0785439377167535,0.8679486120003947,0.0199099651988369,0.6048226374669363,0.8935312600837232,0.5153768309142908,15.79082233485796,1.065853186203809
45.98175430297852,0.6202447288772417,0.2306579857547002,0.0144205631839421,0.0622087620079433,0.0074309607531784,0.0793128868632659,0.8809661194721735,0.0192168569239605,0.566466499558423,0.8632832754057447,0.5155550437270577,16.079405219440382,1.084284627091422
45.99435043334961,0.6206236841987588,0.2304111720257295,0.0144005505472145,0.0618772999628869,0.0072302545620086,0.0794023620101492,0.8824656927571728,0.0191422085552462,0.5623109639364553,0.8600054199582253,0.5155771402834959,16.112367048518657,1.0863910750859176
46.2759895324707,0.6270912880720062,0.2269089432527569,0.0141250907689029,0.0569967990922395,0.0042498375910095,0.0809576490036551,0.9080120387143198,0.018050580159743,0.5006321209784446,0.8113254612265183,0.5160078820529527,16.66412435853569,1.1216939941248258
46.59355545043945,0.6311768598243208,0.2254879288229609,0.0140247366967727,0.0547791432818277,0.0028630302208253,0.0819715689133204,0.9240974973055543,0.0175642496548778,0.4719702248771901,0.7886680231149099,0.5163397344477663,17.000633259869232,1.1432730216197495
46.63539505004883,0.6315486136129985,0.2253954744449149,0.014019034754072,0.0546176470997308,0.0027599329765113,0.0820652916828372,0.925558716602328,0.0175294612555411,0.4698418397318061,0.786983236152956,0.5163727125823707,17.030692454184553,1.145202931162841
46.764949798583984,0.6325219654788827,0.2251874310644178,0.0140072725918428,0.0542320160327852,0.0025113207296001,0.0823120354863431,0.9293823426407518,0.0174471154524147,0.4647120700160866,0.7829200300294722,0.5164616276376498,17.108878044969074,1.1502249207270572
46.8037338256836,0.6327677550987048,0.2251432036611665,0.0140050756381895,0.0541437213646808,0.0024537475994455,0.0823746730746681,0.9303473329027624,0.0174284553001101,0.4635248416218879,0.7819789607999491,0.5164847076537353,17.128495030606285,1.1514854904119258
46.831634521484375,0.632933164146323,0.2251154499107216,0.0140037842310393,0.0540864996490818,0.0024162622172686,0.0824169061721337,0.9309966100588049,0.017416413821944,0.4627520354071065,0.7813662068506568,0.5165003915852341,17.14166610544195,1.1523319828039655
46.89679718017578,0.6332853572739858,0.2250619701406332,0.0140015570752866,0.0539708010154588,0.0023399657199688,0.0825070530653129,0.9323786976698294,0.0173922167724622,0.4611796348438129,0.7801189364652213,0.5165342101379472,17.1696249073149,1.1541292352677806
46.99907684326172,0.6337532621510007,0.2250034767144093,0.0139997669264394,0.0538308213424083,0.0022464714838386,0.0826273164099673,0.9342140381020346,0.0173632950254877,0.4592540762521491,0.778590309115268,0.5165800878234128,17.20657849822361,1.1565055156147688
47.00124740600586,0.6337621878980673,0.2250025082381906,0.013999746491529,0.0538283122160543,0.0022447803265707,0.0826296164074563,0.9342490393276568,0.0173627811587508,0.459219262233943,0.7785626560343455,0.5165809741114185,17.207281183547003,1.1565507111189997
47.108428955078125,0.6341577961878653,0.2249655210834392,0.0139993934300224,0.053723595472458,0.002173545707484,0.0827317932115104,0.9357999778181358,0.0173415305590084,0.457753519957123,0.7773977423326408,0.5166207046625212,17.238335402148305,1.158548457314542
47.15851974487305,0.6343153564489323,0.224954195640821,0.0139995697859048,0.0536856136426791,0.0021473090532133,0.0827726228551223,0.936417451096382,0.0173339417026345,0.4572140825396814,0.776968619381497,0.5166367854378057,17.25065167816698,1.159341000397249
47.18703842163086,0.6343981985239753,0.2249490706468911,0.0139997397343617,0.0536665508448059,0.0021340342961519,0.0827941232487732,0.9367420517163167,0.0173301647341535,0.4569412568633162,0.7767514809727011,0.5166453030426146,17.25711471448493,1.1597569471625766
47.293304443359375,0.6346680651777159,0.2249365902382637,0.0140006856490453,0.0536090607848153,0.0020934317295576,0.0828643305110809,0.937799194340736,0.0173189434054738,0.4561073611299032,0.7760872379134002,0.5166733682824322,17.278104625168478,1.1611080927274655
47.38697814941406,0.6348622925119957,0.2249319132031354,0.0140017671542926,0.0535723922430004,0.002066907475809,0.0829150308943091,0.9385597532142658,0.0173119730244761,0.4555632335870953,0.7756532052737155,0.5166938923769974,17.293145921276324,1.1620766069992905
47.38911819458008,0.6348663131264534,0.2249318573153381,0.0140017933515479,0.0535716779410726,0.0020663840586498,0.0829160820471724,0.938575494512897,0.0173118392461175,0.4555525026044993,0.7756446391715176,0.5166943203278138,17.293456662043674,1.1620966184560129
47.44792556762695,0.6349702347900988,0.224931020931055,0.0140025270816718,0.0535538802673925,0.0020532363079863,0.0829432755840834,0.9389823231031678,0.0173085376501176,0.4552830528122441,0.7754294494371293,0.516705427584224,17.30147919452737,1.1626133040850375
47.46492385864258,0.6349980337399419,0.2249310011368314,0.014002742335237,0.0535493424172006,0.0020498471007901,0.0829505579349673,0.9390911359478822,0.0173077068561356,0.455213629814781,0.7753739722055352,0.5167084141644677,17.30362211303216,1.1627513310124724
47.47966766357422,0.6350213805633247,0.2249310531908342,0.0140029295071645,0.0535456064253174,0.0020470437296175,0.0829566767140326,0.9391825174047496,0.0173070267569974,0.4551562191763335,0.7753280823238111,0.5167109276163716,17.305420789039836,1.16286718966953
47.48421859741211,0.635028446869468,0.2249310814649157,0.0140029873230826,0.0535444893548796,0.0020462030879663,0.0829585291622595,0.9392101747048878,0.0173068241290614,0.4551390058430648,0.7753143210263607,0.5167116892998954,17.305964997987196,1.162902244809457
47.4883041381836,0.6350347351338206,0.2249311115581344,0.0140030392321986,0.0535435006740292,0.0020454580968649,0.0829601778410745,0.9392347864490902,0.0173066450784705,0.4551237520003155,0.7753021253746808,0.5167123674900277,17.306449211322004,1.1629334356741057
47.51482009887695,0.6350743023846132,0.2249314087849369,0.0140033758969169,0.0535373976216522,0.0020408380382573,0.0829705560061944,0.9393896422770543,0.0173055461561042,0.4550291753442753,0.7752264907413016,0.5167166429686881,17.309494355885285,1.163129597604895
47.533451080322266,0.6351008551215198,0.2249317144371251,0.0140036117089757,0.0535334181146352,0.0020378041626871,0.0829775247912123,0.9394935557224556,0.0173048359668002,0.4549670891974895,0.7751768200354617,0.5167195201694694,17.31153627237749,1.1632611408347715
47.53921127319336,0.6351088629999763,0.2249318236609585,0.0140036844124685,0.0535322365974172,0.002036899875794,0.082979627142054,0.9395248932240992,0.017304626162765,0.4549485868694491,0.7751620144716332,0.5167203891739515,17.31215182234118,1.1633007966122286
47.54547119140625,0.6351174598889148,0.2249319498056193,0.0140037632907379,0.0535309778931836,0.0020359346444105,0.0829818844821213,0.9395585351351236,0.0173044032093886,0.4549288393018457,0.775146210795173,0.5167213227681356,17.312812513231513,1.1633433611202009
47.547306060791016,0.6351199590836168,0.2249319882119236,0.0140037863828508,0.053530613873431,0.0020356551299918,0.0829825407805914,0.939568315033896,0.017304338840385,0.4549231210846413,0.7751416342650731,0.5167215943035551,17.313004555766327,1.1633557334319051
47.54800796508789,0.6351209126528063,0.2249320030724902,0.0140037952128908,0.0535304752074261,0.0020355486105873,0.082982791199865,0.9395720465463432,0.0173043143334228,0.4549209419850205,0.7751398902006027,0.5167216979236539,17.31307782656462,1.163360453906169
47.59154510498047,0.6351774756333863,0.2249330920058773,0.014004338293536,0.0535224767879827,0.0020293601894272,0.0829976535947684,0.9397933754661982,0.017302913932263,0.4547943843228353,0.7750385590343665,0.516727860034091,17.317420884532766,1.16364026965104
47.59609222412109,0.6351830993070984,0.224933222957572,0.0140043943998933,0.0535217063675522,0.0020287591338308,0.0829991321635184,0.9398153792062424,0.0173027805267117,0.4547820968524326,0.7750287163946188,0.5167284744040086,17.317852340318026,1.1636680691420875
47.62373352050781,0.6352161871459068,0.2249340787962188,0.0140047324562148,0.0535172668138536,0.0020252762160806,0.0830078349660861,0.9399448363239332,0.0173020175371404,0.4547109125586548,0.7749716786156614,0.5167320955993849,17.32038958543365,1.163831554310121
47.65098190307617,0.6352470315687011,0.2249350107958438,0.0140050600812308,0.0535132750084776,0.0020221135399263,0.0830159530354803,0.9400655071750272,0.0173013407449618,0.4546463013659299,0.774919880548176,0.5167354814036442,17.322752759884423,1.1639838324957068
47.73979949951172,0.6353364672448396,0.2249384825893917,0.0140060816649486,0.053502541824563,0.0020134252912003,0.0830395225520408,0.940415350528116,0.017299575948847,0.4544689713141501,0.774777557385816,0.5167453568892454,17.329593257002074,1.16442467257523
47.82854843139648,0.6354110302723357,0.2249423162381243,0.0140070207802393,0.0534946205422745,0.0020067704253653,0.0830592099153242,0.9407069550524222,0.0172983458536642,0.4543333553663999,0.7746685076149196,0.5167536610558048,17.335281934281525,1.1647913468259288
47.842750549316406,0.6354217576839228,0.2249429432255846,0.0140071629125677,0.0534935633987385,0.0020058602634356,0.0830620453418989,0.940748903339926,0.0172981882553298,0.4543148262054033,0.7746535901529343,0.5167548614758455,17.336099219168055,1.1648440315866893
47.86667251586914,0.6354391379548914,0.2249440012700345,0.0140073971208585,0.053491896806568,0.0020044120988108,0.0830666409033802,0.9408168640752352,0.0172979437614603,0.4542853552505431,0.7746298530449777,0.5167568095526311,17.337422720672254,1.164929351550943
47.87710571289063,0.6354464560937703,0.2249444626664297,0.0140074972161493,0.0534912124538471,0.0020038122962277,0.0830685765427465,0.940845478583351,0.0172978448976343,0.4542731531196852,0.7746200208767327,0.5167576310103766,17.337979752611375,1.164965261886536
47.960086822509766,0.6354994240436553,0.2249480949173868,0.0140082489396601,0.053486579264382,0.0019996544219788,0.0830825981374995,0.941052568225478,0.0172972045117769,0.4541886454218738,0.7745518504062373,0.516763598741093,17.342007041826996,1.165224910295912
47.97881317138672,0.6355101845076113,0.2249488982694484,0.0140084077451752,0.0534857096103842,0.0019988507695468,0.0830854492324557,0.9410946342729184,0.0172970912296402,0.4541723296907611,0.774538671037067,0.5167648160311689,17.34282419200095,1.1652775982898669
48.08597183227539,0.6355644231788793,0.2249533104398048,0.014009241983069,0.0534817228419517,0.0019950272989554,0.0830998347423267,0.9413066464508906,0.0172966134162032,0.4540948122594564,0.774475950715964,0.5167709792418134,17.34693756128102,1.1655428439013458
48.11735534667969,0.6355781822940485,0.2249545316527966,0.0140094630987892,0.0534808229700814,0.0019941212591913,0.0831034880698518,0.9413604223963484,0.0172965183898732,0.4540764748413467,0.7744610826767926,0.5167725504058626,17.34797947890811,1.1656100376882652
48.221458435058594,0.6356179761192049,0.2249583174677624,0.0140101262318785,0.0534784979690859,0.0019916599119777,0.0831140642354731,0.9415159353437224,0.0172963087557731,0.4540267439837392,0.7744206779421299,0.5167771136617324,17.350989030630213,1.165804142626774
48.24120330810547,0.635624611714847,0.2249589876141544,0.0140102404261697,0.0534781527754987,0.0019912738392708,0.0831158293490183,0.941541864471716,0.0172962837813741,0.4540189572721864,0.774414337970041,0.5167778775164408,17.35149028044729,1.1658364740580869
48.41450881958008,0.6356726386576463,0.2249642064146402,0.0140111012303433,0.0534760572323565,0.0019887104218929,0.0831286194840771,0.941729509381208,0.0172961976514211,0.4539673945443909,0.7743722189172205,0.5167834339446136,17.35511261013131,1.1660701456216491
48.54743194580078,0.6356994790386572,0.224967439393789,0.014011611748537,0.0534752321018544,0.0019874761073848,0.0831357799644451,0.9418343559496531,0.0172962307806261,0.4539426965431575,0.7743519162402017,0.5167865631061276,17.357132176699228,1.1662004469503815
48.58879852294922,0.635706442773396,0.2249683206783031,0.0140117481570263,0.053475064483887,0.0019871824912355,0.0831376394390358,0.941861555585452,0.0172962502888102,0.4539368417019174,0.774347083272331,0.5167873781751262,17.357655506902717,1.166234214867622
48.59085464477539,0.6357067736957738,0.2249683630247411,0.0140117546827423,0.0534750570293036,0.0019871688310637,0.0831377278213531,0.9418628481036608,0.0172962513358201,0.4539365695548065,0.7743468583828788,0.5167874169431413,17.357680368879038,1.1662358191206983
48.64283752441406,0.6357146916918411,0.2249693893451964,0.0140119120426974,0.0534748929829949,0.0019868501899424,0.0831398430698363,0.941893773388236,0.0172962797510701,0.453930228331586,0.7743416113757312,0.5167883455361678,17.358275043456462,1.16627419221959
48.67060470581055,0.6357185868437863,0.224969903739198,0.014011990338902,0.0534748226814104,0.0019866993980967,0.0831408840158641,0.9419089860408628,0.0172962961719961,0.4539272326321515,0.7743391274409589,0.5167888030631058,17.358567441013268,1.1662930606775763
48.694969177246094,0.6357218261393712,0.2249703364893099,0.014012055914224,0.0534747696502652,0.001986577109914,0.0831417498873458,0.9419216368962468,0.0172963111041391,0.4539248060148868,0.7743371125621816,0.5167891839279273,17.35881052980538,1.1663087475781284
48.72106170654297,0.6357251197765577,0.2249707812630371,0.0140121230330199,0.0534747209389399,0.00198645575571,0.0831426304737899,0.9419344996654394,0.0172963275103549,0.453922400699168,0.7743351126063902,0.5167895715417629,17.359057624141563,1.1663246932931397
48.730262756347656,0.6357262396858966,0.2249709336152152,0.0140121459590697,0.0534747055999908,0.001986415194043,0.0831429299370984,0.9419388732171532,0.0172963333763128,0.4539215974081276,0.7743344440251401,0.51678970342354,17.35914162464684,1.1663301141673177
48.73735427856445,0.6357270884804638,0.2249710494695392,0.0140121633708257,0.0534746943948849,0.0019863846927799,0.0831431569197072,0.9419421879663424,0.017296337920966,0.4539209935881535,0.7743339412311625,0.516789803407574,17.35920528392771,1.1663342223710982
48.75244903564453,0.6357288544743659,0.2249712915901327,0.0140121996976322,0.0534746722573953,0.0019863219059432,0.0831436292202927,0.941949084531166,0.0172963476526825,0.4539197512813588,0.7743329061195642,0.5167900115145914,17.359337716469906,1.1663427688801584
48.810184478759766,0.6357351248835295,0.2249721633569256,0.0140123298057372,0.053474606868913,0.0019861065450697,0.0831453066700122,0.9419735709565498,0.0172963853101041,0.4539154975846974,0.7743293543991552,0.5167907513401949,17.35980775302054,1.1663731034387634
48.85785675048828,0.6357397692016548,0.2249728217622589,0.0140124273563519,0.0534745723382149,0.0019859549995287,0.0831465496156668,0.9419917065354176,0.0172964164668574,0.4539125124545778,0.7743268537520492,0.5167913002683676,17.36015570272658,1.1663955598107665
48.88638305664063,0.6357423379557519,0.2249731908136683,0.0140124817663489,0.0534745585867705,0.0019858742447636,0.0831472372783552,0.9420017369307544,0.0172964349554977,0.4539109250420819,0.7743255206677536,0.5167916042476259,17.360348077971462,1.166407975881821
48.89107131958008,0.6357427458772447,0.2249732497500852,0.0140124904374952,0.0534745567645133,0.0019858616279659,0.0831473464932221,0.9420033297488132,0.0172964379764231,0.4539106772618463,0.7743253123532519,0.5167916525448892,17.360378622383124,1.1664099472685534
48.91096115112305,0.6357444333377748,0.2249734945362377,0.0140125263990912,0.0534745503003766,0.0019858100512157,0.083147798324525,0.9420099187402472,0.0172964507254393,0.4539096650469739,0.7743244606582486,0.5167918524117273,17.360504961388664,1.1664181014647288
48.91877365112305,0.6357450774750004,0.2249735883982908,0.0140125401656538,0.0534745482946975,0.0019857906280009,0.0831479708142974,0.9420124338614336,0.0172964557004602,0.4539092841615161,0.7743241398686518,0.5167919287367609,17.36055318107555,1.1664212136983103
48.93040084838867,0.6357460171445752,0.2249737257493438,0.0140125602878975,0.0534745458333036,0.001985762559545,0.0831482224598445,0.9420161029007972,0.0172964630671369,0.4539087340535829,0.7743236762441469,0.5167920401120539,17.360623517658595,1.1664257534478204
48.956539154052734,0.6357480491683776,0.2249740245224975,0.0140126039651788,0.0534745424277444,0.0019857029605585,0.0831487667098933,0.94202403703746,0.0172964794477816,0.4539075672727516,0.7743226915932487,0.5167922810921282,17.36077559298356,1.1664355690007957
48.976261138916016,0.6357495115691685,0.2249742410588341,0.0140126355398305,0.0534745416348126,0.0019856610186947,0.0831491584543888,0.9420297469532696,0.0172964916259719,0.4539067473027928,0.7743219984696578,0.5167924546344306,17.360885015038317,1.166442631645649
49.015357971191406,0.6357522407511771,0.2249746486705631,0.0140126947916756,0.0534745439870209,0.0019855849414232,0.0831498896805297,0.942040402761242,0.0172965152533691,0.4539052626606131,0.7743207407796397,0.5167927787695744,17.361089168897472,1.1664558089971435
49.01677322387695,0.6357523354802356,0.2249746629024881,0.0140126968560929,0.0534745441603559,0.0019855823533511,0.0831499150644938,0.9420407726154996,0.0172965160950046,0.4539052122205678,0.774320697983193,0.5167927900265358,17.361096253739206,1.166456266302439
49.031494140625,0.6357533046078772,0.2249748088325634,0.0140127180068784,0.0534745462945989,0.0019855560828713,0.0831501747687937,0.9420445563955896,0.0172965247901494,0.4539047004889486,0.7743202635290705,0.5167929052160414,17.361168730342943,1.1664609444729177
49.03644180297852,0.635753623784516,0.2249748570264913,0.0140127249851189,0.053474547142603,0.0019855475139956,0.083150260306191,0.9420458025531552,0.0172965276879269,0.453904533680284,0.7743201218012465,0.5167929431630651,17.361192598079278,1.1664624850805496
49.03854751586914,0.6357537586412616,0.2249748774090461,0.0140127279353808,0.0534745475226836,0.0019855439060072,0.0831502964477701,0.9420463290714362,0.0172965289173969,0.4539044634605439,0.7743200621229616,0.5167929591977357,17.36120268224003,1.1664631359913815
49.04904174804688,0.635754422070213,0.2249749778546777,0.014012742465366,0.0534745495821914,0.0019855262651893,0.0831504742534818,0.9420489192713432,0.0172965350103409,0.4539041202719468,0.7743197703093562,0.5167930380935387,17.361252288719665,1.166466337994751
49.0722770690918,0.635755840906673,0.2249751936526696,0.0140127736310809,0.0534745550593022,0.0019854891524782,0.0831508545550737,0.9420544587148733,0.0172965482928807,0.4539033990817532,0.7743191562564559,0.5167932068974125,17.36135836426172,1.1664731850363572
49.08740615844727,0.6357567288891051,0.2249753294031349,0.0140127932006998,0.0534745592446943,0.00198546635952,0.0831510925953289,0.942057925544172,0.0172965567837173,0.4539029567401297,0.7743187790350424,0.5167933125960578,17.36142474137583,1.166477469643055
49.10439682006836,0.6357576936768552,0.2249754775125946,0.0140128145204383,0.0534745644672068,0.0019854419819968,0.0831513512492172,0.9420616921933932,0.0172965661675284,0.4539024841745605,0.7743183755004612,0.516793427483639,17.3614968503352,1.1664821242802432
49.11215972900391,0.63575812336146,0.2249755436857641,0.0140128240351015,0.0534745670228987,0.0019854312567231,0.0831514664534676,0.9420633697207372,0.0172965704007324,0.4539022764443381,0.7743181979284063,0.5167934786666389,17.36152896208912,1.16648419711031
49.12081527709961,0.6357585944174216,0.2249756163809775,0.0140128344798908,0.0534745699894411,0.0019854195932201,0.0831515927559264,0.942065208755656,0.0172965750802253,0.4539020506746459,0.7743180048003601,0.5167935347890742,17.36156416336985,1.1664864693814008
49.12736129760742,0.6357589451279352,0.2249756706072564,0.0140128422658537,0.0534745723109968,0.0019854109742151,0.0831516867947173,0.9420665779468572,0.0172965785907195,0.453901883928586,0.7743178620687069,0.5167935765811377,17.36159036985181,1.1664881610381608
49.128936767578125,0.6357590288313725,0.2249756835624535,0.0140128441253355,0.0534745728794146,0.0019854089253489,0.0831517092393047,0.942066904728354,0.01729657943193,0.4539018443022595,0.7743178281372927,0.5167935865565629,17.361596624305573,1.16648856477083
49.12958526611328,0.6357590632066767,0.2249756888843586,0.0140128448891236,0.053474573114458,0.0019854080848413,0.0831517184568999,0.9420670389307924,0.0172965797777753,0.4539018280476438,0.7743178142173669,0.5167935906533787,17.361599192860563,1.166488730574311
49.18231201171875,0.6357617098158137,0.2249761012460366,0.0140129039382155,0.0534745940756085,0.0019853450145925,0.0831524282382719,0.9420773712165632,0.0172966070778173,0.4539006106795442,0.7743167692946161,0.5167939062715345,17.361796910136263,1.1665014936575766
49.40189743041992,0.6357701009450344,0.2249774462297646,0.0140130946525602,0.0534747016307622,0.0019851686012984,0.0831546801084089,0.9421101274680715,0.0172967032859473,0.453897240184341,0.7743138407294842,0.5167949097832996,17.362423205291392,1.166541925000316
49.4143180847168,0.635770471413835,0.2249775070808949,0.0140131032094308,0.0534747079868404,0.0019851617338811,0.0831547795870152,0.9421115735615034,0.017296707911107,0.4538971105115436,0.774313726468252,0.5167949541993989,17.362450833898848,1.1665437087054802
49.43965148925781,0.6357711982286482,0.2249776268650869,0.0140131200343567,0.0534747208959216,0.0019851485125559,0.0831549747679267,0.9421144105948148,0.0172967170882727,0.4538968613375229,0.7743135064096814,0.5167950413687233,17.362505031763988,1.1665472077521346
49.44581985473633,0.6357713695217455,0.2249776551741858,0.0140131240069282,0.0534747240244484,0.0019851454459792,0.0831550207705921,0.9421150792114174,0.0172967192713512,0.4538968036386908,0.7743134553529354,0.5167950619184253,17.36251780372331,1.1665480323229824
49.52173614501953,0.6357733084660703,0.2249779777991515,0.0140131691773032,0.0534747618231074,0.0019851121010629,0.0831555415823367,0.9421226474425968,0.0172967445428907,0.453896178914128,0.7743128997295162,0.5167952946945495,17.362662342152532,1.1665573640251168
49.61751174926758,0.6357753587061797,0.2249783235979176,0.0140132173737348,0.0534748068818487,0.0019850797593849,0.0831560924737739,0.9421306497851624,0.0172967724606404,0.4538955789233226,0.7743123598240442,0.5167955411835724,17.36281510631945,1.1665672271230505
49.63167953491211,0.6357756290284855,0.2249783695751892,0.014013223764133,0.0534748132427352,0.0019850757358201,0.0831561651235733,0.9421317048615064,0.0172967762402023,0.4538955048136666,0.7743122925656241,0.5167955737119244,17.362835242296498,1.1665685272133517
49.63231658935547,0.6357756409987749,0.2249783716132955,0.0140132240473109,0.0534748135267689,0.0019850755590051,0.0831561683407046,0.9421317515817756,0.0172967764081224,0.4538955015601138,0.774312289609426,0.5167955751524934,17.3628361339158,1.1665685847813871
49.65244674682617,0.6357760112506071,0.2249784347455037,0.0140132328147976,0.0534748224125131,0.0019850701474531,0.0831562678531186,0.942133196675718,0.0172967816256048,0.4538954021190093,0.7743121991099101,0.5167956197175151,17.36286371110855,1.1665703653289063
49.65351486206055,0.6357760304697639,0.224978438027485,0.0140132332703587,0.0534748228791083,0.001985069869615,0.0831562730188369,0.9421332716878184,0.0172967818976925,0.4538953970208819,0.7743121944622788,0.5167956220311807,17.362865142520334,1.1665704577497036
49.66339492797852,0.6357762062522443,0.2249784680678592,0.0140132374391277,0.0534748271714859,0.0019850673426608,0.0831563202664929,0.9421339577628928,0.0172967843920885,0.4538953506875167,0.7743121521860021,0.5167956431941694,17.362878234170946,1.1665713030292135
49.68521118164063,0.635776581930227,0.2249785324081822,0.0140132463614347,0.0534748364968048,0.0019850620290851,0.0831564212485334,0.942135424016485,0.0172967897586938,0.4538952534713836,0.7743120632535545,0.5167956884336661,17.36290621121326,1.1665731094131673
49.71635818481445,0.635777089792098,0.2249786196947502,0.0140132584517443,0.0534748494398963,0.0019850550388165,0.0831565577737655,0.9421374061573364,0.0172967970926258,0.4538951260562385,0.774311946178256,0.5167957496141152,17.362944027414684,1.1665755511001985
49.720359802246094,0.6357771527040161,0.224978630532646,0.0140132599517877,0.0534748510707717,0.0019850541886704,0.0831565746869715,0.9421376516954404,0.0172967980075919,0.4538951106003296,0.7743119319329798,0.5167957571948084,17.362948711553045,1.166575853543755
49.73896408081055,0.6357774384632287,0.2249786798319888,0.0140132667719409,0.0534748585565554,0.0019850503718298,0.0831566515131584,0.9421387669766416,0.0172968021818822,0.4538950413248309,0.7743118679574957,0.5167957916333039,17.36296998681343,1.1665772272411732
49.77441787719727,0.6357779535523224,0.2249787689973328,0.0140132790935578,0.0534748723800056,0.0019850436810482,0.0831567900065384,0.9421407772827908,0.0172968097836943,0.4538949203832136,0.7743117557274134,0.5167958537324646,17.36300833148319,1.1665797030944376
49.77693557739258,0.635777988716556,0.2249787750989677,0.0140132799360801,0.0534748733395344,0.0019850432333499,0.0831567994618149,0.9421409145219298,0.0172968103063739,0.4538949123151218,0.7743117482136815,0.5167958579729588,17.363010948986773,1.1665798721034195
49.79168319702149,0.6357781910620413,0.2249788102462801,0.0140132847876192,0.0534748789010662,0.0019850406801503,0.0831568538717534,0.942141704234446,0.0172968133234506,0.4538948663664444,0.7743117053526455,0.5167958823767966,17.363026010324962,1.1665808445980372
49.848087310791016,0.6357789105189589,0.2249789357360202,0.0140133020861252,0.0534748992446712,0.0019850319281678,0.0831570473516892,0.9421445120914924,0.0172968241845954,0.4538947097660754,0.7743115582792754,0.5167959691860554,17.363079554303965,1.1665843019123114
49.87086486816406,0.635779178119164,0.224978982626462,0.0140133085402581,0.053474907046364,0.0019850288075298,0.0831571193246067,0.9421455564527648,0.0172968282795527,0.4538946543155228,0.7743115057730952,0.5167960014907655,17.363099466585847,1.1665855876557731
49.87101364135742,0.6357791798259615,0.2249789829259225,0.0140133085814595,0.0534749070965462,0.0019850287878676,0.083157119783677,0.9421455631138456,0.0172968283057701,0.4538946539668707,0.7743115054421471,0.5167960016968395,17.36309959358375,1.1665855958561022
49.87735366821289,0.6357792520765568,0.224978995606948,0.0140133103259819,0.0534749092257739,0.0019850279583862,0.0831571392168011,0.9421458450843168,0.0172968294167445,0.4538946392670772,0.774311491479137,0.5167960104205102,17.36310496947393,1.166585942980794
49.90746688842773,0.6357795826175885,0.2249790537362521,0.0140133183177038,0.0534749190921128,0.0019850242353688,0.0831572281264331,0.9421471350704403,0.0172968345287946,0.4538945735079077,0.7743114287711858,0.516796050339298,17.363129562024216,1.166587530945621
49.907936096191406,0.6357795876069741,0.224979054615152,0.0140133184384716,0.0534749192426391,0.0019850241800871,0.0831572294685468,0.942147154542172,0.0172968346063342,0.4538945725343188,0.7743114278395786,0.5167960509419665,17.36312993321676,1.166587554913986
49.91026306152344,0.6357796122797525,0.2249790589620061,0.0140133190357354,0.0534749199877072,0.0019850239071212,0.0831572361053963,0.9421472508308856,0.0172968349899382,0.4538945677282904,0.774311423239349,0.5167960539222437,17.36313176877397,1.1665876734382463
49.96491622924805,0.6357801589387496,0.2249791555545975,0.0140133322951856,0.0534749368042108,0.0019850180359898,0.0831573831650434,0.9421493842198284,0.0172968435616658,0.4538944649164346,0.7743113242004537,0.5167961199756453,17.363172433752005,1.166590299247264
49.990943908691406,0.635780398363485,0.2249791980355037,0.0140133381188664,0.0534749443613375,0.0019850155745164,0.0831574475809389,0.9421503185861678,0.0172968473609602,0.4538944221709052,0.7743112826180832,0.5167961489188453,17.36319024145836,1.1665914491344007
50.01505279541016,0.6357806089416171,0.2249792354901984,0.014013343249457,0.0534749511085791,0.0019850134672724,0.0831575042394727,0.9421511403712164,0.0172968507261374,0.4538943857731969,0.7743112469867799,0.5167961743818305,17.363205902239965,1.1665924603957971
50.018829345703125,0.6357806409879627,0.2249792411978638,0.0140133440309616,0.0534749521438228,0.0019850131514176,0.0831575128622269,0.9421512654321637,0.0172968512402392,0.453894380334445,0.7743112416431613,0.5167961782574381,17.363208285422516,1.1665926142852403
50.0738525390625,0.6357810806142701,0.2249793197103747,0.0140133547717437,0.0534749665777769,0.0019850089513406,0.0831576311615125,0.9421529810610072,0.0172968583474147,0.4538943084848874,0.7743111705069851,0.5167962314408022,17.36324097577516,1.166594725216927
50.10897064208984,0.6357813361727273,0.2249793655387247,0.0140133610329828,0.0534749751743421,0.0019850066278482,0.0831576999373646,0.9421539783580268,0.0172968625272567,0.4538942691700648,0.7743111310815245,0.5167962623709612,17.363259976086333,1.1665959521474036
50.11836624145508,0.6357814014593265,0.2249793772694209,0.0140133626346683,0.053474977395728,0.0019850060487456,0.0831577175082018,0.942154233132386,0.017296863600997,0.4538942594270348,0.774311121245829,0.5167962702743214,17.36326482967624,1.1665962655658548
50.206661224365234,0.6357819568504279,0.2249794774615809,0.0140133762973403,0.0534749967298387,0.0019850013726889,0.0831578669986514,0.9421564004637532,0.0172968728378784,0.4538941817433335,0.7743110416597191,0.5167963375381293,17.36330611294142,1.1665989314426644
50.228660583496094,0.635782080166101,0.2249794998091748,0.0140133793403674,0.0534750011336977,0.0019850003980752,0.0831579001946396,0.9421568816781832,0.0172968749148579,0.4538941658165449,0.7743110250273688,0.5167963524806443,17.36331527768315,1.166599523265183
50.26800537109375,0.635782287204189,0.224979537417163,0.0140133844575798,0.0534750086236837,0.0019849988169147,0.0831579559317977,0.9421576895965804,0.0172968784245571,0.4538941402220237,0.7743109980028542,0.5167963775746897,17.363330663282785,1.16660051681209
50.27688217163086,0.6357823316331812,0.2249795455023563,0.0140133855570741,0.053475010247136,0.0019849984868642,0.0831579678932069,0.9421578629695048,0.0172968791815087,0.4538941349218643,0.7743109923546366,0.5167963829608196,17.363333964705184,1.1666007300071564
50.361061096191406,0.6357827148050635,0.224979615459731,0.0140133950607096,0.0534750244973898,0.0019849957830903,0.0831580710618249,0.942159358186032,0.0172968857682218,0.4538940921753651,0.77431094597131,0.5167964294299695,17.36336243391652,1.1666025684717083
50.36924362182617,0.6357827486180769,0.2249796216534956,0.0140133959012545,0.0534750257771834,0.0019849955572638,0.0831580801667521,0.9421594901301156,0.0172968863546994,0.4538940886684006,0.7743109420865936,0.5167964335321793,17.36336494587301,1.1666027306884812
50.3917121887207,0.6357828385779927,0.224979638148915,0.014013398139101,0.0534750292005006,0.0019849949670008,0.0831581043911862,0.9421598411677732,0.0172968879193543,0.4538940795572361,0.7743109319234606,0.5167964444474278,17.36337162870642,1.1666031622527375
50.39487075805664,0.6357828508926923,0.2249796404089184,0.0140133984456216,0.0534750296712318,0.0019849948874084,0.0831581077073689,0.942159889221529,0.0172968881340369,0.4538940783351152,0.7743109305519538,0.5167964459417723,17.36337254349658,1.166603221328225
50.39761734008789,0.6357828615359702,0.2249796423625596,0.0140133987105746,0.0534750300784864,0.0019849948188558,0.0831581105734755,0.942159930753129,0.0172968883196789,0.4538940772837941,0.7743109293704665,0.5167964472333245,17.363373334120425,1.1666032723853033
50.43781661987305,0.6357830105921141,0.224979669760282,0.0140134024246606,0.0534750358230053,0.0019849938823103,0.08315815071399,0.9421605123891512,0.0172968909291795,0.4538940630487357,0.7743109132078286,0.5167964653239858,17.363384406016515,1.1666039873912442
50.46597671508789,0.6357831078711567,0.2249796876797651,0.01401340485221,0.0534750396145107,0.0019849932954107,0.0831581769125795,0.942160891981786,0.0172968926421953,0.4538940542636292,0.7743109030564851,0.5167964771334891,17.363391631317292,1.1666044539927232
50.49209213256836,0.6357831931637636,0.2249797034174228,0.0140134069830788,0.0534750429674449,0.0019849927972212,0.083158199884096,0.9421612248004172,0.0172968941508573,0.4538940469015156,0.7743108944235209,0.5167964874898356,17.363397965940045,1.166604863077089
50.4967155456543,0.6357832077898548,0.2249797061186496,0.0140134073487169,0.0534750435451575,0.0019849927133653,0.0831582038233824,0.942161281872438,0.0172968944102099,0.453894045671749,0.7743108929688215,0.5167964892659456,17.363399052171484,1.1666049332251365
50.49908447265625,0.6357832152299303,0.2249797074930094,0.0140134075347381,0.053475043839344,0.0019849926708881,0.0831582058272503,0.9421613109041094,0.0172968945422122,0.4538940450499054,0.7743108922317609,0.516796490169448,17.36339960471695,1.1666049689081464
50.50259780883789,0.6357832261973757,0.2249797095193118,0.0140134078089857,0.0534750442733914,0.0019849926084936,0.0831582087811741,0.9421613536997904,0.0172968947368879,0.453894044137838,0.7743108911488672,0.5167964915013311,17.363400419221087,1.1666050215082933
50.51371765136719,0.635783260389373,0.2249797158392087,0.01401340866423,0.0534750456295445,0.0019849924156759,0.0831582179904052,0.9421614871189976,0.0172968953445047,0.4538940413297541,0.7743108878006384,0.5167964956538017,17.363402958469663,1.1666051854915045
50.54799270629883,0.6357833609685479,0.2249797344541182,0.0140134111822783,0.0534750496453785,0.0019849918637125,0.0831582450812439,0.9421618795833168,0.0172968971381121,0.4538940333858163,0.7743108782000383,0.5167965078705438,17.36341042755334,1.166605667842331
50.55403137207031,0.635783377962181,0.2249797376029057,0.0140134116080622,0.0534750503278804,0.0019849917727438,0.0831582496585968,0.9421619458929736,0.0172968974420944,0.4538940320911866,0.7743108766153128,0.5167965099349332,17.363411689457493,1.166605749335919
50.58771514892578,0.6357834689575502,0.2249797544821268,0.0140134138897173,0.0534750540026754,0.0019849912972235,0.0831582741695652,0.9421623009583588,0.01729689907457,0.4538940253995482,0.7743108683187385,0.516796520990462,17.363418446261928,1.1666061856906675
50.66037368774414,0.635783644938726,0.2249797872180341,0.0140134183109237,0.053475061210408,0.0019849904353744,0.0831583215764008,0.9421629876336493,0.0172969022553921,0.4538940136584765,0.774310853216628,0.5167965423783478,17.363431512232097,1.1666070294980997
50.67996597290039,0.6357836880381051,0.2249797952548128,0.0140134193955283,0.0534750629969261,0.0019849902364947,0.0831583331875363,0.9421631558053464,0.0172969030394021,0.4538940110362773,0.7743108497170107,0.5167965476179035,17.363434711910227,1.166607236136411
50.6835823059082,0.6357836958042605,0.2249797967038202,0.0140134195910439,0.0534750633197669,0.0019849902011882,0.0831583352798015,0.9421631861084544,0.0172969031808915,0.4538940105747866,0.7743108490950579,0.5167965485620925,17.363435288453182,1.166607273370173
50.69899368286133,0.6357837282571839,0.2249798027617153,0.0140134204083211,0.0534750646719434,0.001984990055428,0.0831583440229947,0.9421633127377754,0.0172969037728707,0.4538940086832448,0.7743108465250732,0.5167965525078485,17.36343769764644,1.166607428958652
50.70813751220703,0.6357837470289113,0.2249798062678926,0.014013420881255,0.053475065456392,0.0019849899724398,0.0831583490803994,0.942163385983768,0.0172969041158315,0.4538940076166162,0.7743108450601224,0.5167965547903495,17.36343909116271,1.1666075189536884
50.754844665527344,0.6357838375701321,0.2249798232014933,0.0140134231644248,0.0534750692644331,0.0019849895861645,0.0831583734745451,0.9421637392679304,0.0172969057757635,0.4538940027627594,0.7743108382227457,0.5167965658011687,17.363445812136423,1.166607953004204
50.77168273925781,0.6357838681248309,0.2249798289246175,0.0140134239357192,0.0534750705589139,0.0019849894611914,0.0831583817071122,0.9421638584892064,0.0172969063381421,0.4538940012365318,0.774310836003194,0.5167965695176083,17.363448080114456,1.1666080994742134
50.77500915527344,0.6357838740361916,0.2249798300323734,0.0140134240849879,0.0534750708099164,0.001984989437335,0.083158383299872,0.942163881554692,0.0172969064470764,0.4538940009479418,0.774310835579035,0.5167965702366598,17.36344851888814,1.1666081278110254
50.80993270874024,0.6357839337051956,0.224979841223534,0.0140134255925858,0.0534750733539383,0.0019849892024978,0.0831583993774954,0.9421641143760092,0.0172969075491,0.4538939981588906,0.7743108313949993,0.5167965774954513,17.363452947704705,1.166608413832818
50.81867218017578,0.6357839479751427,0.2249798439025345,0.0140134259533738,0.0534750739652049,0.0019849891479746,0.0831584032225912,0.9421641700554646,0.0172969078133224,0.4538939975259189,0.7743108304211228,0.5167965792316014,17.363454006824206,1.1666084822330478
50.83359146118164,0.6357839717475657,0.2249798483677964,0.014013426554627,0.0534750749860264,0.001984989058581,0.0831584096282593,0.942164262812178,0.0172969082540817,0.4538939965012917,0.7743108288221847,0.5167965821240414,17.36345577118527,1.1666085961794648
50.8387336730957,0.6357839797727042,0.2249798498758419,0.0140134267576601,0.0534750753313525,0.0019849890288133,0.0831584117907225,0.9421642941251168,0.0172969084030421,0.4538939961639119,0.7743108282891034,0.5167965831005261,17.363456366791578,1.1666086346451094
50.86649703979492,0.6357840216575714,0.2249798577521042,0.0140134278178399,0.053475077139651,0.0019849888768704,0.0831584230772849,0.9421644575535042,0.0172969091818992,0.45389399447411,0.7743108255626714,0.5167965881974149,17.363459475301838,1.166608835400336
50.87075805664063,0.6357840278757105,0.2249798589221899,0.0140134279753058,0.0534750774089736,0.0019849888548099,0.0831584247528957,0.9421644818156863,0.0172969092977302,0.4538939942335593,0.7743108251660151,0.5167965889541482,17.36345993677267,1.1666088652033109
50.89291000366211,0.6357840593340313,0.2249798648450015,0.0140134287722428,0.0534750787750155,0.001984988745212,0.0831584332301414,0.9421646045607976,0.0172969098845568,0.4538939930583178,0.7743108231920746,0.5167965927827953,17.363462271360874,1.1666090159772562
50.9105224609375,0.6357840833375088,0.224979869367916,0.0140134293806664,0.0534750798213445,0.0019849886638815,0.0831584396986353,0.9421646982181152,0.0172969103332607,0.4538939922092548,0.7743108217233698,0.5167965957044245,17.363464052653754,1.1666091310181677
50.92544555664063,0.635784103002633,0.2249798730757787,0.0140134298793491,0.0534750806812005,0.0019849885987628,0.083158444998119,0.9421647749477876,0.0172969107014864,0.4538939915450615,0.774310820544798,0.5167965980981849,17.36346551196169,1.166609225264554
50.95006561279297,0.6357841341484628,0.2249798789528767,0.014013430669591,0.0534750820480206,0.0019849884984762,0.0831584533916775,0.9421648964727476,0.0172969112858537,0.4538939905522808,0.7743108187246605,0.516796601889791,17.363467823159727,1.1666093745288195
50.95427322387695,0.6357841393144809,0.2249798799282326,0.0140134308007159,0.0534750822753283,0.0019849884821856,0.0831584547839009,0.9421649166295072,0.0172969113829208,0.4538939903947471,0.7743108184283684,0.5167966025187289,17.36346820649937,1.1666093992861095
50.99517822265625,0.6357841872620718,0.2249798889884879,0.0140134320184422,0.0534750843934061,0.0019849883357763,0.0831584677059091,0.9421651037108278,0.0172969122857973,0.453893989032104,0.774310815756546,0.5167966083566957,17.36347176429023,1.166609629060061
51.02079772949219,0.6357842152911535,0.2249798942914754,0.0140134327309088,0.0534750856387672,0.0019849882543038,0.0831584752600849,0.9421652130739214,0.017296912815285,0.4538939883210042,0.7743108142618174,0.5167966117699353,17.363473843994765,1.1666097633747483
51.02485275268555,0.6357842195930109,0.2249798951058101,0.014013432840298,0.0534750858303852,0.0019849882420758,0.0831584764195049,0.9421652298587608,0.0172969128966632,0.4538939882176046,0.7743108140369179,0.516796612293827,17.3634741631777,1.166609783988744
51.05615234375,0.635784251611366,0.2249799011706073,0.0140134336548239,0.0534750872607092,0.0019849881534291,0.0831584850491185,0.9421653547866258,0.0172969135033231,0.4538939874971354,0.7743108124016123,0.516796616193393,17.363476538771433,1.166609937413499
51.06690216064453,0.6357842621385215,0.2249799031661012,0.0140134339227655,0.0534750877325962,0.0019849881252106,0.0831584878864649,0.942165395860938,0.0172969137031638,0.4538939872795151,0.7743108118790808,0.5167966174756236,17.363477319808556,1.1666099878559104
51.06810760498047,0.63578426330447,0.2249799033871606,0.014013433952446,0.0534750877849108,0.0019849881221139,0.0831584882007207,0.9421654004101732,0.0172969137253091,0.4538939872560083,0.7743108118216756,0.5167966176176421,17.363477406312622,1.1666099934426823
51.07990646362305,0.6357842745645855,0.224979905522509,0.0140134342391286,0.0534750882906558,0.0019849880925053,0.0831584912356557,0.942165444344252,0.0172969139392994,0.4538939870351697,0.7743108112721399,0.516796618989218,17.36347824171603,1.1666100473963434
51.087039947509766,0.6357842812402643,0.224979906788882,0.0140134344091295,0.0534750885909396,0.0019849880752079,0.0831584930349653,0.9421654703910084,0.0172969140662708,0.4538939869095693,0.7743108109505267,0.5167966198024022,17.36347873698756,1.1666100793829697
51.10707092285156,0.6357842994676189,0.2249799102481772,0.0140134348734485,0.0534750894125598,0.0019849880289656,0.0831584979478848,0.9421655415092874,0.0172969144133597,0.4538939865871238,0.774310810088494,0.5167966220228493,17.363480089259046,1.1666101667182078
51.126007080078125,0.6357843160180824,0.2249799133912544,0.01401343529524,0.0534750901608146,0.0019849879882513,0.0831585024089033,0.9421656060846484,0.0172969147290388,0.4538939863207974,0.7743108093265539,0.5167966240391718,17.363481317092525,1.166610246016872
51.145469665527344,0.6357843323664926,0.2249799164979023,0.0140134357120629,0.0534750909020586,0.0019849879492513,0.0831585068155374,0.9421656698715272,0.017296915041363,0.4538939860830071,0.7743108085937829,0.5167966260310249,17.363482529906687,1.166610324345661
51.1892204284668,0.6357843668006836,0.2249799230478635,0.0140134365906118,0.0534750924704462,0.0019849878711908,0.0831585160973646,0.9421658042235828,0.0172969157008763,0.4538939856669849,0.7743108071170228,0.5167966302269009,17.36348508432353,1.1666104893214175
51.2300033569336,0.6357843962108729,0.2249799286494574,0.0140134373416568,0.053475093817967,0.0019849878090831,0.0831585240252482,0.9421659189729862,0.017296916266036,0.453893985406451,0.7743108059302053,0.5167966338111418,17.363487265936246,1.1666106302203132
51.25965881347656,0.635784416091391,0.2249799324399613,0.0140134378497133,0.0534750947332003,0.0019849877695897,0.0831585293844479,0.9421659965403172,0.0172969166490896,0.4538939852820518,0.7743108051685823,0.516796636234295,17.363488740588913,1.166610725460655
51.32781600952149,0.6357844574146998,0.2249799403296504,0.0140134389067574,0.053475096647412,0.001984987694275,0.0831585405244194,0.9421661577697484,0.0172969174480752,0.4538939851642118,0.7743108036960674,0.5167966412718363,17.363491805612583,1.166610923415758
51.35601806640625,0.6357844728810137,0.2249799432865123,0.0140134393027503,0.0534750973681661,0.0019849876685571,0.0831585446939976,0.94216621811376,0.0172969177481288,0.4538939851714229,0.7743108031852619,0.5167966431575638,17.36349295271677,1.1666109975019645
51.356746673583984,0.6357844732687564,0.22497994336067,0.0140134393126806,0.0534750973862668,0.0019849876679304,0.0831585447985307,0.9421662196265914,0.0172969177556585,0.4538939851719769,0.7743108031727493,0.5167966432048414,17.363492981474398,1.16661099935929
51.37995910644531,0.6357844853207606,0.2249799456663866,0.0140134396214043,0.053475097949664,0.0019849876488958,0.0831585480477057,0.9421662666490862,0.0172969179898852,0.4538939851984889,0.7743108027911245,0.516796644674401,17.363493875321954,1.166611057088923
51.43994903564453,0.6357845139152584,0.2249799511426239,0.0140134403544117,0.053475099292621,0.0019849876073133,0.0831585557569019,0.9421663782139386,0.0172969185470764,0.4538939853357248,0.7743108019440921,0.5167966481614986,17.36349599597135,1.1666111940526234
51.4712142944336,0.635784527469466,0.2249799537413736,0.0140134407021409,0.0534750999324101,0.001984987589441,0.0831585594112895,0.9421664310971072,0.0172969188119465,0.4538939854389625,0.774310801572591,0.516796649814655,17.363497001145365,1.1666112589727324
51.49838638305664,0.6357845385578393,0.2249799558688184,0.0140134409867466,0.0534751004574136,0.0019849875757413,0.0831585624009151,0.942166474359467,0.017296919029008,0.4538939855425509,0.7743108012837077,0.5167966511671739,17.363497823431864,1.1666113120809822
51.56479263305664,0.635784563173073,0.2249799605965206,0.0140134416190082,0.0534751016282976,0.001984987548436,0.0831585690378234,0.9421665703978512,0.0172969195121392,0.4538939858370429,0.7743108006931194,0.5167966541700234,17.363499648761632,1.1666114299721986
51.66356658935547,0.6357845940655539,0.2249799665402541,0.0140134424134737,0.0534751031091445,0.0019849875206836,0.0831585773676543,0.9421666909267544,0.0172969201211466,0.4538939863419768,0.7743108000582677,0.5167966579394291,17.363501939419265,1.1666115779179296
51.67535400390625,0.635784597348165,0.2249799671725602,0.0140134424979609,0.0534751032672959,0.0019849875181918,0.0831585782528047,0.9421667037340148,0.0172969201860466,0.4538939864051271,0.7743107999982706,0.5167966583400183,17.363502182811672,1.166611593637863
51.68032455444336,0.6357845987085711,0.2249799674346486,0.0140134425329788,0.0534751033328854,0.0019849875171861,0.0831585786196375,0.9421667090416994,0.0172969202129541,0.4538939864318587,0.7743107999738462,0.516796658506037,17.36350228367967,1.1666116001526057
51.68601608276367,0.6357846002492213,0.2249799677314926,0.0140134425726391,0.0534751034071985,0.0019849875160665,0.0831585790350744,0.942166715052613,0.0172969202434345,0.4538939864625317,0.7743107999465,0.5167966586940542,17.36350239791148,1.1666116075304764
51.70682144165039,0.6357846057291958,0.2249799687876114,0.0140134427137328,0.0534751036718174,0.0019849875122515,0.0831585805127618,0.942166736432951,0.0172969203519196,0.4538939865751163,0.7743107998519686,0.5167966593628374,17.363502804221174,1.166611633772752
51.71910095214844,0.6357846088545568,0.2249799693901313,0.0140134427942196,0.0534751038229436,0.0019849875101948,0.08315858135553,0.9421667486266596,0.01729692041384,0.4538939866417981,0.7743107997999974,0.5167966597442748,17.363503035946465,1.166611648739179
51.74958801269531,0.6357846162793321,0.2249799708220765,0.0140134429854811,0.0534751041825868,0.001984987505664,0.0831585833576778,0.94216677759465,0.0172969205610871,0.4538939868075884,0.7743107996823289,0.5167966606504808,17.36350358643687,1.1666116842937089
51.76670455932617,0.6357846202471332,0.2249799715876429,0.0140134430877225,0.0534751043751463,0.0019849875034524,0.0831585844276392,0.9421667930751252,0.0172969206398619,0.4538939869005442,0.7743107996228704,0.5167966611347827,17.363503880613937,1.1666117032937495
51.81242752075195,0.6357846301823636,0.2249799735056539,0.0140134433438298,0.0534751048584676,0.0019849874985793,0.083158587106826,0.9421668318376084,0.0172969208373836,0.4538939871471029,0.7743107994848328,0.5167966623475373,17.36350461720655,1.1666117508681977
51.81731796264648,0.6357846311904423,0.224979973700352,0.0140134433698238,0.0534751049076029,0.0019849874981394,0.0831585873786734,0.9421668357706404,0.0172969208574475,0.4538939871732516,0.7743107994717161,0.5167966624705961,17.363504691943646,1.1666117556952624
51.81889343261719,0.6357846315130318,0.2249799737626596,0.0140134433781423,0.0534751049233302,0.0019849874980007,0.0831585874656658,0.9421668370292268,0.0172969208638689,0.4538939871816642,0.7743107994675541,0.5167966625099757,17.363504715859772,1.1666117572399404
51.8614387512207,0.6357846398385452,0.2249799753713098,0.0140134435928849,0.0534751053298713,0.0019849874947928,0.0831585897108233,0.9421668695112776,0.0172969210297468,0.453893987406463,0.7743107993661724,0.5167966635263439,17.363505333087595,1.1666117971050498
51.86492919921875,0.6357846404896038,0.2249799754971556,0.0140134436096824,0.0534751053617163,0.0019849874945725,0.0831585898863975,0.9421668720513834,0.017296921042731,0.4538939874246773,0.7743107993587434,0.516796663605828,17.363505381354322,1.1666118002224732
51.887882232666016,0.6357846446557962,0.2249799763026288,0.0140134437171874,0.0534751055656842,0.0019849874932708,0.083158591009922,0.942166888305782,0.0172969211258628,0.4538939875434741,0.7743107993129645,0.5167966641144681,17.36350569021558,1.1666118201710374
51.94444274902344,0.6357846541159535,0.2249799781327546,0.0140134439614047,0.053475106030081,0.0019849874910299,0.0831585935611503,0.9421669252145056,0.0172969213149229,0.4538939878280751,0.774310799220683,0.5167966652695214,17.363506391528315,1.1666118654671256
51.94994354248047,0.6357846549783042,0.2249799782996632,0.0140134439836742,0.0534751060725026,0.0019849874908766,0.0831585937937134,0.942166928578954,0.0172969213321778,0.4538939878550781,0.7743107992131039,0.5167966653748177,17.363506455455973,1.166611869596064
51.96246719360352,0.6357846569053931,0.224979978672703,0.0140134440334443,0.0534751061673573,0.0019849874905659,0.0831585943134227,0.9421669360974604,0.0172969213707502,0.4538939879160811,0.774310799196685,0.5167966656101264,17.36350659831391,1.1666118788229278
52.04722595214844,0.6357846687138922,0.2249799809601436,0.0140134443385654,0.053475106750329,0.0019849874896572,0.0831585974980747,0.942166982168021,0.0172969216075155,0.4538939883105565,0.7743107991123177,0.5167966670521318,17.363507473671145,1.1666119353603404
52.21668243408203,0.6357846869328437,0.2249799844952611,0.014013444809876,0.0534751076562283,0.0019849874919523,0.0831586024118059,0.942167053248412,0.0172969219743284,0.4538939889959699,0.7743107990424881,0.516796669277401,17.363508824141814,1.1666120225847054
52.28733825683594,0.6357846928334996,0.2249799856419374,0.0140134449626836,0.0534751079515305,0.001984987493787,0.0831586040033078,0.942167076269431,0.0172969220935771,0.4538939892406261,0.7743107990376839,0.5167966699982406,17.36350926149849,1.1666120508328746
52.29216003417969,0.6357846932056029,0.22497998571428,0.0140134449723228,0.0534751079701872,0.0019849874939225,0.0831586041036713,0.9421670777211656,0.0172969221011052,0.4538939892564658,0.7743107990377041,0.5167966700437001,17.36350928907831,1.1666120526142134
52.343658447265625,0.6357846969566253,0.2249799864437561,0.0140134450695121,0.0534751081584987,0.0019849874954265,0.0831586051154039,0.9421670923554958,0.0172969221770495,0.4538939894190059,0.7743107990401604,0.5167966705019756,17.363509567095942,1.1666120705709655
52.35924530029297,0.635784698015359,0.2249799866497267,0.0140134450969509,0.0534751082117315,0.0019849874958976,0.0831586054009705,0.9421670964860605,0.017296922198504,0.4538939894658528,0.7743107990416157,0.5167966706313304,17.363509645565845,1.1666120756392273
52.37000274658203,0.6357846987263944,0.2249799867880736,0.0140134451153803,0.0534751082475029,0.001984987496226,0.0831586055927549,0.942167099260106,0.0172969222129176,0.4538939894975622,0.7743107990427872,0.5167966707182053,17.363509698265187,1.166612079043006
52.37599563598633,0.635784699115696,0.224979986863827,0.0140134451254713,0.0534751082670953,0.0019849874964099,0.0831586056977599,0.9421671007789342,0.0172969222208109,0.4538939895150086,0.7743107990434955,0.516796670765771,17.36350972711871,1.1666120809066156
52.43967819213867,0.6357847029676112,0.2249799876136202,0.0140134452253395,0.0534751084612331,0.0019849874983904,0.0831586067367331,0.9421671158068452,0.0172969222989766,0.4538939896909802,0.7743107990531366,0.5167966712364255,17.36351001260371,1.1666120993457236
52.4404182434082,0.6357847030094578,0.2249799876217684,0.0140134452264247,0.053475108463345,0.0019849874984136,0.0831586067480204,0.9421671159701056,0.0172969222998265,0.453893989692926,0.7743107990532683,0.5167966712415387,17.363510015705128,1.1666120995460405
52.454193115234375,0.6357847037767798,0.2249799877711899,0.0140134452463245,0.0534751085020825,0.0019849874988449,0.0831586069549918,0.9421671189637416,0.0172969223154126,0.4538939897287451,0.7743107990557894,0.5167966713353,17.363510072574364,1.1666121032191552
52.49665832519531,0.6357847060092181,0.2249799882060295,0.0140134453042312,0.0534751086149099,0.0019849875001715,0.0831586075571565,0.9421671276733854,0.017296922360788,0.4538939898344437,0.7743107990642935,0.5167966716080968,17.363510238027366,1.166612113905571
52.50370407104492,0.6357847063610148,0.2249799882745691,0.0140134453133579,0.0534751086327071,0.0019849875003905,0.0831586076520486,0.9421671290458844,0.0172969223679425,0.453893989851307,0.774310799065796,0.5167966716510864,17.36351026409988,1.1666121155895652
52.5133171081543,0.6357847068327994,0.2249799883664928,0.014013445325598,0.053475108656582,0.0019849875006886,0.0831586077793062,0.9421671308865056,0.017296922377539,0.4538939898740124,0.7743107990678824,0.5167966717087391,17.36351029906489,1.1666121178479163
52.518367767333984,0.6357847070769386,0.2249799884140646,0.0140134453319324,0.0534751086689402,0.0019849875008448,0.0831586078451595,0.94216713183899,0.0172969223825059,0.4538939898858031,0.774310799068994,0.5167966717385735,17.363510317158543,1.1666121190165657
52.51937484741211,0.6357847071253145,0.2249799884234911,0.0140134453331875,0.0534751086713893,0.0019849875008759,0.0831586078582083,0.942167132027724,0.0172969223834901,0.4538939898881427,0.7743107990692172,0.5167966717444852,17.363510320743778,1.166612119248132
52.58350372314453,0.6357847100071665,0.2249799889852078,0.0140134454079749,0.0534751088174565,0.0019849875028282,0.0831586086355572,0.942167143270968,0.0172969224421635,0.4538939900295707,0.7743107990841089,0.516796672096667,17.363510534321044,1.166612133042865
52.59637069702149,0.6357847105407393,0.2249799890892442,0.014013445421825,0.053475108844539,0.0019849875032116,0.0831586087794842,0.942167145352644,0.0172969224530358,0.4538939900562118,0.7743107990872244,0.5167966721618759,17.363510573864176,1.166612135596917
52.59785461425781,0.6357847106013661,0.2249799891010661,0.0140134454233988,0.0534751088476171,0.0019849875032556,0.0831586087958378,0.9421671455891734,0.0172969224542713,0.4538939900592481,0.7743107990875856,0.5167966721692853,17.36351057835724,1.1666121358871195
52.6146125793457,0.6357847112732635,0.2249799892320909,0.014013445440841,0.05347510888174,0.0019849875037496,0.0831586089770775,0.942167148210507,0.0172969224679668,0.4538939900930273,0.7743107990916906,0.5167966722514005,17.363510628151364,1.1666121391032744
52.63432312011719,0.6357847120342952,0.2249799893805198,0.0140134454605993,0.053475108920414,0.001984987504323,0.0831586091823613,0.9421671511795856,0.0172969224834848,0.4538939901315766,0.7743107990965673,0.5167966723444106,17.363510684550867,1.1666121427460658
52.63661956787109,0.6357847121209601,0.2249799893974241,0.0140134454628494,0.0534751089248198,0.0019849875043892,0.0831586092057387,0.9421671515176988,0.0172969224852524,0.4538939901359863,0.7743107990971382,0.5167966723550026,17.363510690973513,1.166612143160899
52.640113830566406,0.6357847122520414,0.2249799894229927,0.0140134454662529,0.0534751089314842,0.0019849875044898,0.0831586092410972,0.9421671520290972,0.017296922487926,0.4538939901426638,0.7743107990980078,0.516796672371023,17.363510700687804,1.166612143788336
52.65854644775391,0.6357847129280392,0.2249799895548633,0.0140134454838059,0.0534751089658658,0.0019849875050157,0.0831586094234448,0.9421671546664252,0.0172969225017168,0.4538939901772497,0.7743107991026097,0.5167966724536427,17.36351075078511,1.1666121470240765
52.71702194213867,0.6357847149096323,0.2249799899415379,0.0140134455352708,0.0534751090667758,0.0019849875066289,0.0831586099579756,0.9421671623973742,0.0172969225421723,0.4538939902801222,0.7743107991172697,0.5167966726958395,17.363510897636615,1.1666121565090926
52.75167846679688,0.6357847159757559,0.2249799901496478,0.0140134455629664,0.0534751091211474,0.0019849875075431,0.0831586102455632,0.942167166556724,0.0172969225639568,0.4538939903364285,0.7743107991259107,0.5167966728261502,17.36351097664357,1.1666121616120906
52.77385711669922,0.6357847166189845,0.2249799902752337,0.0140134455796785,0.0534751091539801,0.0019849875081109,0.0831586104190757,0.9421671690661984,0.0172969225771068,0.4538939903707394,0.7743107991313907,0.516796672904773,17.36351102431075,1.1666121646908787
52.77398300170898,0.6357847166225518,0.2249799902759302,0.0140134455797712,0.0534751091541622,0.0019849875081141,0.083158610420038,0.942167169080116,0.0172969225771798,0.4538939903709303,0.7743107991314219,0.516796672905209,17.36351102457511,1.1666121647079537
52.78599166870117,0.635784716958617,0.2249799903415527,0.0140134455885035,0.053475109171325,0.0019849875084159,0.0831586105106927,0.942167170391232,0.0172969225840523,0.4538939903889618,0.7743107991343676,0.5167966729462874,17.36351104947949,1.16661216631651
52.8233528137207,0.6357847179523346,0.2249799905356259,0.0140134456143273,0.0534751092221103,0.0019849875093289,0.0831586107787526,0.9421671742680916,0.0172969226043823,0.4538939904427105,0.774310799143417,0.5167966730677553,17.363511123119174,1.1666121710728472
52.82604598999024,0.6357847180210418,0.2249799905490463,0.0140134456161129,0.0534751092256237,0.0019849875093932,0.0831586107972868,0.9421671745361436,0.0172969226057884,0.4538939904464511,0.7743107991440619,0.516796673076154,17.363511128210714,1.1666121714017064
52.82807159423828,0.6357847180724665,0.2249799905590911,0.0140134456174494,0.0534751092282536,0.0019849875094414,0.0831586108111589,0.9421671747367704,0.0172969226068409,0.4538939904492529,0.7743107991445459,0.51679667308244,17.363511132021532,1.1666121716478444
52.88496017456055,0.6357847194320964,0.2249799908247195,0.0140134456527907,0.0534751092978402,0.0019849875107485,0.0831586111779291,0.9421671800411836,0.0172969226346806,0.453893990523994,0.7743107991578712,0.5167966732486425,17.363511232775856,1.1666121781555046
52.912635803222656,0.6357847200378617,0.2249799909430995,0.0140134456685396,0.0534751093288794,0.0019849875113513,0.08315861134134,0.9421671824044936,0.0172969226470927,0.4538939905577204,0.774310799164143,0.5167966733226944,17.36351127766513,1.1666121810548775
52.943153381347656,0.6357847206668197,0.2249799910660342,0.0140134456848936,0.0534751093611315,0.0019849875119913,0.0831586115110083,0.9421671848582842,0.0172969226599856,0.4538939905930287,0.7743107991708835,0.5167966733995831,17.36351132427272,1.166612184065237
52.98807907104492,0.635784721523367,0.2249799912334912,0.0140134457071688,0.0534751094050956,0.0019849875128867,0.0831586117420728,0.9421671881999804,0.0172969226775538,0.4538939906416096,0.7743107991804529,0.5167966735042969,17.36351138774474,1.166612188164864
53.017677307128906,0.6357847220456999,0.2249799913356309,0.0140134457207545,0.0534751094319301,0.0019849875134468,0.0831586118829796,0.942167190237786,0.0172969226882728,0.4538939906715273,0.7743107991865182,0.5167966735681545,17.36351142645042,1.1666121906648463
53.0201530456543,0.6357847220879578,0.2249799913438949,0.0140134457218537,0.0534751094341019,0.0019849875134926,0.0831586118943793,0.9421671904026484,0.0172969226891402,0.4538939906739577,0.7743107991870167,0.5167966735733207,17.363511429581774,1.1666121908670994
53.023414611816406,0.6357847221432993,0.2249799913547179,0.0140134457232933,0.0534751094369463,0.0019849875135526,0.0831586119093085,0.9421671906185553,0.0172969226902762,0.4538939906771426,0.7743107991876712,0.5167966735800865,17.363511433682646,1.166612191131973
53.04946899414063,0.6357847225722272,0.2249799914386087,0.0140134457344511,0.0534751094589996,0.0019849875140226,0.0831586120250186,0.942167192291954,0.0172969226990825,0.4538939907019187,0.7743107991928156,0.5167966736325261,17.363511465466622,1.166612193184887
53.05872344970703,0.6357847227191005,0.2249799914673374,0.014013445738272,0.0534751094665542,0.0019849875141853,0.0831586120646402,0.9421671928649584,0.0172969227020987,0.4538939907104394,0.7743107991946062,0.5167966736504827,17.363511476350034,1.1666121938878422
53.10594940185547,0.6357847234263292,0.2249799916056935,0.0140134457566725,0.0534751095029541,0.0019849875149819,0.0831586122554277,0.942167195624104,0.0172969227166277,0.4538939907517403,0.7743107992034414,0.516796673736949,17.36351152875584,1.166612197272714
53.15084457397461,0.635784724037508,0.2249799917252882,0.0140134457725768,0.0534751095344422,0.0019849875156884,0.0831586124203052,0.9421671980085228,0.0172969227291909,0.453893990787809,0.7743107992113729,0.5167966738116745,17.36351157404388,1.1666122001978545
53.15102767944336,0.6357847240398863,0.2249799917257536,0.0140134457726387,0.0534751095345648,0.0019849875156912,0.0831586124209468,0.942167198017801,0.0172969227292398,0.45389399078795,0.7743107992114044,0.5167966738119653,17.363511574220112,1.1666122002092365
53.21836471557617,0.6357847248561345,0.2249799918855207,0.0140134457938834,0.0534751095766669,0.0019849875166627,0.0831586126411476,0.9421672012022644,0.0172969227460299,0.4538939908367023,0.7743107992224542,0.5167966739117668,17.36351163470302,1.1666122041158116
53.27470397949219,0.6357847254568938,0.2249799920031442,0.0140134458095228,0.0534751096076921,0.0019849875173996,0.083158612803217,0.9421672035460286,0.0172969227583963,0.453893990873036,0.7743107992309419,0.5167966739852234,17.363511679217954,1.1666122069910216
53.2890853881836,0.6357847255993504,0.2249799920310405,0.0140134458132318,0.053475109615054,0.0019849875175772,0.0831586128416483,0.9421672041017995,0.0172969227613299,0.4538939908817112,0.7743107992330013,0.5167966740026423,17.363511689773606,1.1666122076728096
53.29397201538086,0.6357847256467984,0.2249799920403324,0.0140134458144671,0.0534751096175065,0.0019849875176365,0.0831586128544486,0.9421672042869104,0.017296922762307,0.4538939908846058,0.7743107992336912,0.5167966740084441,17.36351169328937,1.1666122078998922
53.31150817871094,0.6357847258131741,0.2249799920729155,0.0140134458187991,0.0534751096261078,0.0019849875178458,0.0831586128993328,0.9421672049359968,0.017296922765734,0.4538939908947764,0.7743107992361269,0.5167966740287879,17.363511705617313,1.166612208696152
53.34555816650391,0.6357847261194818,0.2249799921329099,0.0140134458267752,0.0534751096419506,0.0019849875182353,0.0831586129819676,0.9421672061310052,0.0172969227720449,0.4538939909135882,0.7743107992406796,0.5167966740662427,17.363511728313703,1.1666122101621084
53.36806488037109,0.6357847263104182,0.2249799921703118,0.0140134458317475,0.0534751096518311,0.0019849875184809,0.083158613033478,0.9421672068759112,0.0172969227759799,0.4538939909253729,0.7743107992435636,0.5167966740895905,17.363511742461387,1.1666122110759056
53.40338516235352,0.6357847265926938,0.2249799922256124,0.014013445839099,0.0534751096664453,0.0019849875188481,0.08315861310963,0.9421672079771616,0.017296922781799,0.4538939909428804,0.7743107992478939,0.5167966741241077,17.36351176337688,1.1666122124268352
53.43352508544922,0.6357847268177808,0.2249799922697149,0.0140134458449616,0.0534751096781051,0.0019849875191445,0.0831586131703539,0.942167208855299,0.0172969227864407,0.4538939909569167,0.7743107992514063,0.5167966741516322,17.363511780054836,1.1666122135040629
53.44215393066406,0.6357847268796786,0.2249799922818438,0.0140134458465739,0.0534751096813125,0.0019849875192266,0.0831586131870527,0.9421672090967826,0.0172969227877174,0.4538939909607886,0.7743107992523819,0.5167966741592014,17.363511784641176,1.1666122138002943
53.444183349609375,0.6357847268940765,0.2249799922846652,0.0140134458469489,0.0534751096820586,0.0019849875192457,0.083158613190937,0.9421672091529536,0.0172969227880144,0.45389399096169,0.7743107992526093,0.516796674160962,17.363511785707992,1.1666122138692003
53.458763122558594,0.6357847269957555,0.2249799923045903,0.0140134458495975,0.0534751096873285,0.0019849875193813,0.0831586132183681,0.9421672095496368,0.0172969227901118,0.4538939909680639,0.7743107992542221,0.5167966741733959,17.363511793241923,1.1666122143558162
53.47640609741211,0.6357847271147647,0.2249799923279129,0.0140134458526977,0.0534751096934981,0.0019849875195408,0.0831586132504745,0.9421672100139304,0.0172969227925671,0.4538939909755429,0.7743107992561244,0.5167966741879492,17.363511802059914,1.16661221492537
53.48628234863281,0.6357847271795115,0.2249799923406022,0.0140134458543844,0.0534751096968555,0.001984987519628,0.0831586132679421,0.9421672102665288,0.0172969227939031,0.4538939909796203,0.7743107992571664,0.5167966741958668,17.363511806857318,1.1666122152352345
53.55430603027344,0.6357847275912604,0.2249799924213091,0.0140134458651117,0.0534751097182181,0.0019849875201895,0.0831586133790249,0.9421672118728944,0.017296922802402,0.4538939910056966,0.774310799263906,0.5167966742462194,17.363511837365635,1.166612217205766
53.58588409423828,0.6357847277635741,0.2249799924550904,0.0140134458696015,0.0534751097271648,0.0019849875204282,0.0831586134255124,0.9421672125451456,0.0172969228059602,0.4538939910166877,0.774310799266788,0.516796674267292,17.363511850133033,1.1666122180304126
53.597652435302734,0.6357847278249651,0.2249799924671267,0.0140134458712013,0.0534751097303533,0.0019849875205139,0.0831586134420747,0.9421672127846517,0.0172969228072282,0.4538939910206151,0.7743107992678241,0.5167966742747998,17.36351185468172,1.1666122183242127
53.599647521972656,0.6357847278352253,0.2249799924691384,0.0140134458714686,0.0534751097308862,0.0019849875205282,0.0831586134448428,0.94216721282468,0.0172969228074401,0.4538939910212722,0.7743107992679976,0.5167966742760545,17.36351185544194,1.166612218373315
53.61276626586914,0.6357847279016468,0.2249799924821616,0.0140134458731995,0.0534751097343366,0.0019849875206213,0.0831586134627623,0.9421672130838112,0.0172969228088121,0.4538939910255295,0.7743107992691249,0.5167966742841775,17.363511860363335,1.1666122186911885
53.67251968383789,0.6357847281823814,0.2249799925372115,0.0140134458805156,0.053475109748927,0.0019849875210185,0.0831586135385006,0.9421672141790466,0.0172969228146126,0.4538939910436079,0.7743107992739553,0.5167966743185101,17.363511881163873,1.166612220034697
53.69402694702149,0.6357847282752273,0.2249799925554202,0.0140134458829355,0.0534751097537551,0.0019849875211514,0.0831586135635492,0.9421672145412666,0.0172969228165316,0.4538939910496178,0.774310799275577,0.516796674329865,17.36351188804308,1.1666122204790257
53.710445404052734,0.6357847283433751,0.224979992568786,0.0140134458847117,0.0534751097572996,0.0019849875212494,0.0831586135819347,0.942167214807133,0.0172969228179403,0.4538939910540392,0.7743107992767754,0.5167966743381993,17.363511893092337,1.1666122208051577
53.71592330932617,0.6357847283656018,0.2249799925731455,0.014013445885291,0.0534751097584559,0.0019849875212815,0.0831586135879312,0.9421672148938464,0.0172969228183998,0.453893991055483,0.7743107992771677,0.5167966743409176,17.363511894739176,1.1666122209115268
53.73720932006836,0.6357847284496179,0.2249799925896247,0.0140134458874809,0.0534751097628271,0.0019849875214031,0.0831586136105977,0.9421672152216196,0.0172969228201368,0.4538939910609497,0.7743107992786575,0.5167966743511927,17.36351190096413,1.1666122213135974
53.7560920715332,0.6357847285211129,0.2249799926036488,0.0140134458893446,0.0534751097665478,0.001984987521507,0.0831586136298863,0.9421672155005438,0.0172969228216152,0.4538939910656123,0.7743107992799337,0.5167966743599366,17.36351190626135,1.1666122216557455
53.756797790527344,0.6357847285237311,0.2249799926041624,0.0140134458894128,0.0534751097666841,0.0019849875215109,0.0831586136305926,0.9421672155107584,0.0172969228216694,0.4538939910657832,0.7743107992799807,0.5167966743602568,17.363511906455344,1.1666122216682755
53.78637313842773,0.6357847286300892,0.2249799926250266,0.0140134458921853,0.0534751097722207,0.0019849875216665,0.0831586136592869,0.9421672159256946,0.017296922823869,0.4538939910727392,0.7743107992818946,0.5167966743732646,17.36351191433563,1.1666122221772646
53.7940673828125,0.6357847286567084,0.2249799926302488,0.0140134458928793,0.0534751097736067,0.0019849875217056,0.0831586136664685,0.9421672160295448,0.0172969228244196,0.4538939910744837,0.7743107992823766,0.5167966743765202,17.363511916307903,1.1666122223046538
53.81083679199219,0.6357847287132765,0.2249799926413467,0.014013445894354,0.0534751097765525,0.001984987521789,0.08315861368173,0.9421672162502346,0.0172969228255898,0.4538939910781961,0.7743107992834044,0.5167966743834386,17.363511920499132,1.166612222575366
53.83572006225586,0.6357847287936792,0.2249799926571215,0.0140134458964501,0.0534751097807405,0.0019849875219081,0.0831586137034219,0.9421672165639104,0.0172969228272533,0.4538939910834841,0.7743107992848746,0.5167966743932721,17.363511926456294,1.16661222296014
53.84847640991211,0.6357847288333197,0.2249799926648992,0.0140134458974836,0.0534751097828058,0.0019849875219671,0.0831586137141165,0.9421672167185596,0.0172969228280735,0.4538939910860965,0.7743107992856036,0.5167966743981204,17.363511929393322,1.1666122231498433
53.87394714355469,0.6357847289094075,0.224979992679829,0.0140134458994674,0.0534751097867707,0.0019849875220808,0.0831586137346443,0.9421672170154014,0.0172969228296481,0.4538939910911208,0.7743107992870104,0.5167966744074263,17.36351193503076,1.1666122235139664
53.88433456420898,0.6357847289393044,0.2249799926856956,0.0140134459002469,0.0534751097883289,0.0019849875221256,0.0831586137427102,0.9421672171320384,0.0172969228302668,0.4538939910930983,0.7743107992875659,0.5167966744110829,17.363511937245853,1.16661222365704
53.89195251464844,0.6357847289608254,0.2249799926899187,0.014013445900808,0.0534751097894507,0.0019849875221579,0.0831586137485164,0.9421672172159982,0.0172969228307123,0.4538939910945233,0.774310799287967,0.5167966744137149,17.363511938840368,1.1666122237600296
53.89375686645508,0.6357847289658731,0.2249799926909092,0.0140134459009396,0.0534751097897138,0.0019849875221655,0.0831586137498782,0.9421672172356914,0.0172969228308167,0.4538939910948578,0.7743107992880612,0.5167966744143323,17.363511939214366,1.1666122237841865
53.91313552856445,0.6357847290189149,0.2249799927013181,0.0140134459023227,0.053475109792479,0.0019849875222455,0.0831586137641885,0.942167217442624,0.0172969228319147,0.4538939910983749,0.7743107992890534,0.5167966744208198,17.363511943144285,1.1666122240380206
53.93238830566406,0.6357847290695473,0.2249799927112546,0.0140134459036429,0.0534751097951192,0.0019849875223221,0.0831586137778487,0.942167217640156,0.0172969228329629,0.4538939911017386,0.7743107992900059,0.5167966744270124,17.363511946895677,1.166612224280324
53.95849990844727,0.6357847291350722,0.2249799927241146,0.0140134459053516,0.0534751097985367,0.0019849875224217,0.0831586137955269,0.9421672178957892,0.0172969228343196,0.4538939911061012,0.7743107992912457,0.5167966744350267,17.363511951750468,1.166612224593896
53.9680290222168,0.6357847291581167,0.2249799927286374,0.0140134459059525,0.0534751097997388,0.0019849875224568,0.0831586138017441,0.9421672179856924,0.0172969228347968,0.4538939911076379,0.7743107992916834,0.5167966744378453,17.363511953457834,1.1666122247041752
54.01432418823242,0.6357847292638278,0.2249799927493865,0.0140134459087093,0.0534751098052547,0.0019849875226189,0.0831586138302643,0.9421672183981036,0.0172969228369861,0.4538939911147052,0.7743107992937067,0.5167966744507747,17.363511961290005,1.1666122252100573
54.04174041748047,0.6357847293218188,0.22497999276077,0.0140134459102217,0.0534751098082816,0.0019849875227085,0.08315861384591,0.9421672186243448,0.0172969228381874,0.4538939911185948,0.7743107992948265,0.5167966744578677,17.36351196558657,1.1666122254875737
54.045204162597656,0.6357847293289141,0.2249799927621629,0.0140134459104067,0.053475109808652,0.0019849875227195,0.0831586138478242,0.9421672186520252,0.0172969228383343,0.4538939911190715,0.774310799294964,0.5167966744587356,17.363511966112256,1.166612225521528
54.10182571411133,0.6357847294379698,0.2249799927835724,0.0140134459132511,0.0534751098143468,0.0019849875228892,0.0831586138772469,0.9421672190774838,0.017296922840594,0.4538939911264141,0.7743107992970918,0.5167966744720744,17.36351197419217,1.1666122260434115
54.11240005493164,0.6357847294569581,0.2249799927873004,0.0140134459137463,0.0534751098153386,0.0019849875229189,0.0831586138823698,0.9421672191515628,0.0172969228409875,0.4538939911276961,0.7743107992974648,0.5167966744743969,17.363511975599003,1.1666122261342793
54.12554550170898,0.6357847294799912,0.2249799927918226,0.0140134459143471,0.0534751098165419,0.001984987522955,0.0831586138885841,0.9421672192414215,0.0172969228414648,0.4538939911292525,0.7743107992979188,0.5167966744772142,17.363511977305514,1.1666122262445031
54.16394805908203,0.6357847295437989,0.2249799928043511,0.0140134459160115,0.0534751098198759,0.0019849875230555,0.0831586139057992,0.9421672194903552,0.0172969228427874,0.4538939911335735,0.7743107992991831,0.5167966744850189,17.36351198203299,1.1666122265498526
54.1770133972168,0.635784729564377,0.2249799928083918,0.0140134459165483,0.0534751098209514,0.0019849875230881,0.0831586139113511,0.9421672195706364,0.017296922843214,0.4538939911349696,0.7743107992995931,0.516796674487536,17.363511983557604,1.166612226648328
54.23014831542969,0.6357847296425616,0.2249799928237449,0.0140134459185879,0.0534751098250385,0.0019849875232123,0.0831586139324451,0.942167219875658,0.017296922844835,0.4538939911402871,0.7743107993011603,0.5167966744970992,17.36351198935022,1.166612227022475
54.23255157470703,0.6357847296458987,0.2249799928244002,0.0140134459186749,0.053475109825213,0.0019849875232176,0.0831586139333454,0.9421672198886768,0.0172969228449042,0.4538939911405145,0.7743107993012275,0.5167966744975073,17.363511989597463,1.1666122270384445
54.24417495727539,0.6357847296618063,0.2249799928275242,0.0140134459190899,0.0534751098260448,0.001984987523243,0.0831586139376372,0.9421672199507372,0.0172969228452341,0.4538939911415992,0.7743107993015487,0.5167966744994531,17.36351199077604,1.166612227114569
54.24706268310547,0.6357847296656994,0.2249799928282887,0.0140134459191915,0.0534751098262484,0.0019849875232493,0.0831586139386876,0.9421672199659256,0.0172969228453148,0.4538939911418648,0.7743107993016272,0.5167966744999294,17.36351199106447,1.1666122271331991
54.275146484375,0.6357847297023719,0.2249799928354909,0.0140134459201482,0.0534751098281664,0.001984987523308,0.0831586139485817,0.9421672201089958,0.0172969228460753,0.4538939911443692,0.7743107993023707,0.516796674504415,17.36351199378149,1.166612227308692
54.29784393310547,0.6357847297304922,0.2249799928410137,0.0140134459208819,0.0534751098296373,0.0019849875233533,0.0831586139561686,0.9421672202187016,0.0172969228466586,0.4538939911462927,0.7743107993029431,0.5167966745078547,17.36351199586488,1.166612227443259
54.39619445800781,0.6357847298381718,0.2249799928621642,0.0140134459236914,0.0534751098352724,0.0019849875235278,0.0831586139852204,0.9421672206387918,0.0172969228488925,0.4538939911536871,0.7743107993051573,0.5167966745210261,17.363512003842676,1.166612227958548
54.40196228027344,0.635784729843832,0.2249799928632761,0.0140134459238391,0.0534751098355687,0.001984987523537,0.0831586139867476,0.942167220660874,0.01729692284901,0.4538939911540772,0.7743107993052749,0.5167966745217185,17.36351200426203,1.166612227985634
54.44512176513672,0.6357847298841087,0.2249799928711883,0.01401344592489,0.0534751098376775,0.0019849875236029,0.0831586139976142,0.942167220818005,0.0172969228498458,0.4538939911568564,0.7743107993061136,0.5167966745266452,17.363512007246037,1.1666122281783724
54.48525619506836,0.635784729918468,0.2249799928779384,0.0140134459257866,0.053475109839477,0.0019849875236595,0.0831586140068844,0.9421672209520509,0.017296922850559,0.4538939911592328,0.7743107993068334,0.5167966745308482,17.363512009791638,1.1666122283427938
54.503456115722656,0.6357847299331331,0.2249799928808196,0.0140134459261693,0.0534751098402452,0.0019849875236837,0.083158614010841,0.9421672210092634,0.0172969228508634,0.4538939911602487,0.7743107993071421,0.5167966745326421,17.363512010878136,1.1666122284129712
54.506046295166016,0.6357847299351755,0.224979992881221,0.0140134459262226,0.0534751098403522,0.001984987523687,0.0831586140113921,0.942167221017232,0.0172969228509058,0.4538939911603904,0.7743107993071852,0.5167966745328919,17.363512011029464,1.1666122284227454
54.519344329833984,0.6357847299454915,0.2249799928832477,0.0140134459264918,0.0534751098408926,0.0019849875237041,0.0831586140141753,0.9421672210574772,0.01729692285112,0.4538939911611057,0.7743107993074027,0.5167966745341538,17.36351201179374,1.1666122284721103
54.52066802978516,0.6357847299465029,0.2249799928834465,0.0140134459265182,0.0534751098409456,0.0019849875237058,0.0831586140144482,0.9421672210614233,0.017296922851141,0.453893991161176,0.7743107993074242,0.5167966745342776,17.363512011868675,1.1666122284769505
54.57548904418945,0.6357847299860473,0.2249799928912162,0.0140134459275502,0.0534751098430177,0.0019849875237714,0.0831586140251174,0.9421672212156974,0.017296922851962,0.4538939911639233,0.7743107993082623,0.5167966745391148,17.36351201479841,1.1666122286661835
54.630897521972656,0.6357847300217075,0.2249799928982234,0.0140134459284809,0.0534751098448869,0.0019849875238309,0.0831586140347386,0.9421672213548185,0.0172969228527025,0.4538939911664077,0.7743107993090236,0.516796674543477,17.36351201744037,1.166612228836829
54.704345703125,0.6357847300630945,0.2249799929063565,0.0140134459295611,0.0534751098470569,0.0019849875239004,0.0831586140459049,0.9421672215162812,0.0172969228535621,0.4538939911692999,0.7743107993099141,0.5167966745485397,17.363512020506604,1.1666122290348784
54.73645782470703,0.6357847300793044,0.2249799929095421,0.0140134459299842,0.0534751098479071,0.0019849875239278,0.0831586140502784,0.94216722157952,0.0172969228538989,0.4538939911704356,0.774310799310265,0.5167966745505227,17.363512021707532,1.166612229112447
54.77665328979492,0.6357847300981337,0.2249799929132428,0.0140134459304757,0.0534751098488948,0.0019849875239596,0.0831586140553586,0.9421672216529784,0.0172969228542901,0.4538939911717566,0.7743107993106745,0.5167966745528261,17.363512023102537,1.166612229202551
54.82000350952149,0.6357847301167601,0.2249799929169037,0.0140134459309619,0.0534751098498721,0.0019849875239913,0.0831586140603841,0.9421672217256452,0.0172969228546771,0.4538939911730658,0.774310799311081,0.5167966745551046,17.363512024482496,1.1666122292916832
54.83982849121094,0.6357847301247372,0.2249799929184716,0.0140134459311701,0.0534751098502907,0.0019849875240049,0.0831586140625363,0.942167221756766,0.0172969228548428,0.4538939911736273,0.7743107993112559,0.5167966745560805,17.363512025073486,1.1666122293298558
54.85294342041016,0.6357847301298373,0.224979992919474,0.0140134459313032,0.0534751098505583,0.0019849875240135,0.0831586140639124,0.9421672217766628,0.0172969228549488,0.4538939911739864,0.7743107993113678,0.5167966745567043,17.36351202545133,1.166612229354261
54.86627578735352,0.635784730134882,0.2249799929204656,0.0140134459314349,0.0534751098508231,0.0019849875240222,0.0831586140652734,0.9421672217963436,0.0172969228550537,0.4538939911743417,0.7743107993114785,0.5167966745573215,17.363512025825077,1.1666122293784011
54.88473510742188,0.6357847301416408,0.2249799929217941,0.0140134459316113,0.0534751098511778,0.0019849875240337,0.083158614067097,0.9421672218227116,0.0172969228551941,0.4538939911748184,0.7743107993116273,0.5167966745581483,17.363512026325807,1.1666122294107435
54.89108276367188,0.6357847301439059,0.2249799929222394,0.0140134459316705,0.0534751098512967,0.0019849875240376,0.0831586140677081,0.9421672218315488,0.0172969228552412,0.4538939911749778,0.774310799311677,0.5167966745584254,17.363512026493623,1.166612229421583
54.91860961914063,0.6357847301533917,0.224979992924104,0.0140134459319181,0.0534751098517946,0.0019849875240538,0.0831586140702674,0.9421672218685554,0.0172969228554383,0.4538939911756475,0.7743107993118863,0.5167966745595858,17.363512027196386,1.1666122294669747
54.93578720092773,0.635784730159043,0.2249799929252149,0.0140134459320656,0.0534751098520913,0.0019849875240635,0.0831586140717922,0.942167221890603,0.0172969228555558,0.4538939911760467,0.7743107993120114,0.5167966745602771,17.36351202761507,1.166612229494018
54.94722366333008,0.6357847301626957,0.2249799929259329,0.014013445932161,0.0534751098522831,0.0019849875240698,0.0831586140727777,0.9421672219048532,0.0172969228556317,0.4538939911763048,0.7743107993120921,0.516796674560724,17.363512027885683,1.166612229511497
54.96451187133789,0.6357847301680558,0.2249799929269866,0.0140134459323009,0.0534751098525645,0.001984987524079,0.0831586140742239,0.9421672219257644,0.0172969228557432,0.453893991176684,0.774310799312211,0.5167966745613797,17.36351202828279,1.1666122295371462
54.98673248291016,0.6357847301746695,0.2249799929282867,0.0140134459324736,0.0534751098529118,0.0019849875240904,0.0831586140760083,0.942167221951566,0.0172969228558806,0.4538939911771519,0.7743107993123579,0.5167966745621888,17.363512028772767,1.166612229568794
55.00064468383789,0.6357847301786581,0.2249799929290708,0.0140134459325777,0.0534751098531212,0.0019849875240973,0.0831586140770844,0.9421672219671268,0.0172969228559635,0.4538939911774343,0.7743107993124465,0.5167966745626767,17.363512029068268,1.1666122295878805
55.03703308105469,0.6357847301885634,0.2249799929310181,0.0140134459328363,0.0534751098536414,0.0019849875241144,0.083158614079757,0.9421672220057704,0.0172969228561695,0.4538939911781363,0.7743107993126674,0.5167966745638884,17.36351202980211,1.16661222963528
55.05705642700195,0.6357847301937041,0.2249799929320287,0.0140134459329705,0.0534751098539114,0.0019849875241233,0.083158614081144,0.9421672220258256,0.0172969228562764,0.4538939911785007,0.7743107993127822,0.5167966745645173,17.363512030182964,1.166612229659879
55.09206771850586,0.6357847302021964,0.2249799929336983,0.0140134459331922,0.0534751098543574,0.001984987524138,0.0831586140834352,0.9421672220589564,0.0172969228564529,0.4538939911791035,0.7743107993129723,0.5167966745655562,17.363512030812117,1.1666122297005168
55.119441986083984,0.6357847302084206,0.224979992934922,0.0140134459333547,0.0534751098546844,0.0019849875241488,0.0831586140851146,0.9421672220832392,0.0172969228565824,0.4538939911795462,0.774310799313112,0.5167966745663176,17.363512031273245,1.1666122297303014
55.1326789855957,0.6357847302113063,0.2249799929354893,0.0140134459334301,0.053475109854836,0.0019849875241538,0.0831586140858931,0.9421672220944968,0.0172969228566424,0.4538939911797513,0.7743107993131768,0.5167966745666707,17.36351203148703,1.1666122297441095
55.14489364624024,0.6357847302138998,0.2249799929359992,0.0140134459334978,0.0534751098549723,0.0019849875241583,0.0831586140865929,0.942167222104615,0.0172969228566963,0.4538939911799357,0.7743107993132353,0.516796674566988,17.363512031679175,1.1666122297565205
55.1645393371582,0.635784730217936,0.2249799929367928,0.0140134459336032,0.0534751098551844,0.0019849875241653,0.0831586140876819,0.9421672221203616,0.0172969228567802,0.4538939911802229,0.7743107993133262,0.5167966745674818,17.3635120319782,1.1666122297758348
55.18107604980469,0.6357847302212087,0.2249799929374363,0.0140134459336886,0.0534751098553563,0.001984987524171,0.0831586140885649,0.942167222133129,0.0172969228568483,0.453893991180456,0.7743107993133999,0.5167966745678821,17.363512032220655,1.166612229791495
55.183780670166016,0.6357847302217334,0.2249799929375394,0.0140134459337023,0.0534751098553839,0.0019849875241719,0.0831586140887064,0.942167222135176,0.0172969228568592,0.4538939911804934,0.7743107993134117,0.5167966745679463,17.363512032259525,1.1666122297940054
55.20139694213867,0.6357847302250799,0.2249799929381974,0.0140134459337897,0.0534751098555597,0.0019849875241778,0.0831586140896093,0.9421672221482312,0.0172969228569288,0.4538939911807317,0.7743107993134873,0.5167966745683557,17.36351203250744,1.1666122298100188
55.2026596069336,0.635784730225315,0.2249799929382436,0.0140134459337958,0.0534751098555721,0.0019849875241782,0.0831586140896728,0.9421672221491488,0.0172969228569337,0.4538939911807486,0.7743107993134927,0.5167966745683845,17.363512032524866,1.1666122298111443
55.237579345703125,0.635784730231582,0.2249799929394759,0.0140134459339595,0.0534751098559014,0.0019849875241891,0.0831586140913637,0.9421672221735984,0.017296922857064,0.4538939911811952,0.7743107993136346,0.5167966745691511,17.363512032989163,1.1666122298411334
55.25785827636719,0.635784730235019,0.2249799929401517,0.0140134459340492,0.0534751098560821,0.0019849875241952,0.083158614092291,0.942167222187007,0.0172969228571355,0.4538939911814404,0.7743107993137124,0.5167966745695716,17.363512033243794,1.16661222985758
55.264198303222656,0.6357847302360643,0.2249799929403572,0.0140134459340765,0.053475109856137,0.001984987524197,0.083158614092573,0.942167222191085,0.0172969228571573,0.4538939911815152,0.774310799313736,0.5167966745696995,17.363512033321232,1.166612229862582
55.32749557495117,0.6357847302457813,0.2249799929422679,0.0140134459343302,0.0534751098566478,0.001984987524214,0.0831586140951947,0.9421672222289936,0.0172969228573594,0.4538939911822093,0.7743107993139572,0.5167966745708882,17.36351203404112,1.1666122299090798
55.33531188964844,0.6357847302468953,0.224979992942487,0.0140134459343593,0.0534751098567063,0.001984987524216,0.0831586140954953,0.94216722223334,0.0172969228573825,0.453893991182289,0.7743107993139825,0.5167966745710245,17.36351203412365,1.1666122299144106
55.36100387573242,0.6357847302504327,0.2249799929431825,0.0140134459344517,0.0534751098568923,0.0019849875242222,0.0831586140964497,0.9421672222471398,0.0172969228574561,0.453893991182542,0.7743107993140632,0.5167966745714572,17.36351203438571,1.1666122299313373
55.39607620239258,0.6357847302549676,0.2249799929440743,0.0140134459345701,0.0534751098571307,0.0019849875242302,0.0831586140976733,0.9421672222648322,0.0172969228575505,0.4538939911828665,0.7743107993141667,0.5167966745720121,17.363512034721683,1.166612229953038
55.46931838989258,0.6357847302634403,0.2249799929457405,0.0140134459347913,0.0534751098575762,0.0019849875242452,0.0831586140999593,0.9421672222978864,0.0172969228577268,0.4538939911834739,0.7743107993143611,0.5167966745730486,17.363512035349377,1.1666122299935813
55.48014450073242,0.6357847302645873,0.224979992945966,0.0140134459348213,0.0534751098576366,0.0019849875242472,0.0831586141002688,0.9421672223023608,0.0172969228577506,0.4538939911835561,0.7743107993143873,0.5167966745731889,17.36351203543435,1.1666122299990698
55.48360061645508,0.635784730264948,0.224979992946037,0.0140134459348307,0.0534751098576555,0.0019849875242478,0.0831586141003661,0.9421672223037684,0.0172969228577581,0.4538939911835822,0.7743107993143958,0.516796674573233,17.363512035461078,1.166612230000796
55.51152801513672,0.6357847302677706,0.224979992946592,0.0140134459349044,0.053475109857804,0.0019849875242528,0.0831586141011276,0.9421672223147798,0.0172969228578169,0.4538939911837847,0.7743107993144608,0.5167966745735784,17.36351203567018,1.1666122300143018
55.51333618164063,0.6357847302679478,0.2249799929466269,0.014013445934909,0.0534751098578133,0.0019849875242531,0.0831586141011754,0.9421672223154712,0.0172969228578205,0.4538939911837973,0.7743107993144648,0.5167966745736,17.363512035683307,1.1666122300151498
55.54261016845703,0.6357847302707259,0.2249799929471733,0.0140134459349816,0.0534751098579594,0.0019849875242581,0.083158614101925,0.9421672223263096,0.0172969228578784,0.453893991183997,0.7743107993145288,0.5167966745739399,17.363512035889126,1.1666122300284438
55.579872131347656,0.6357847302740272,0.2249799929478225,0.0140134459350678,0.0534751098581331,0.0019849875242639,0.0831586141028157,0.9421672223391888,0.017296922857947,0.4538939911842342,0.774310799314605,0.5167966745743438,17.363512036133702,1.1666122300442412
55.58973693847656,0.6357847302748594,0.2249799929479862,0.0140134459350895,0.0534751098581769,0.0019849875242654,0.0831586141030402,0.9421672223424352,0.0172969228579644,0.4538939911842939,0.7743107993146241,0.5167966745744456,17.363512036195356,1.1666122300482231
55.67909240722656,0.6357847302816715,0.2249799929493259,0.0140134459352674,0.0534751098585352,0.0019849875242775,0.0831586141048782,0.9421672223690106,0.0172969228581061,0.4538939911847844,0.7743107993147819,0.516796674575279,17.36351203670003,1.1666122300808204
55.7236213684082,0.6357847302846239,0.2249799929499066,0.0140134459353445,0.0534751098586906,0.0019849875242828,0.0831586141056748,0.9421672223805287,0.0172969228581676,0.4538939911849972,0.7743107993148504,0.5167966745756402,17.363512036918756,1.1666122300949482
55.72776412963867,0.635784730284885,0.224979992949958,0.0140134459353513,0.0534751098587043,0.0019849875242833,0.0831586141057453,0.9421672223815474,0.017296922858173,0.4538939911850159,0.7743107993148566,0.5167966745756721,17.363512036938097,1.1666122300961974
55.74029922485352,0.6357847302856615,0.2249799929501107,0.0140134459353716,0.0534751098587452,0.0019849875242846,0.0831586141059548,0.9421672223845768,0.0172969228581892,0.4538939911850718,0.7743107993148746,0.5167966745757671,17.36351203699563,1.166612230099913
55.74512481689453,0.6357847302859552,0.2249799929501685,0.0140134459353793,0.0534751098587606,0.0019849875242852,0.083158614106034,0.942167222385722,0.0172969228581953,0.4538939911850932,0.7743107993148814,0.516796674575803,17.36351203701738,1.1666122301013182
55.786415100097656,0.635784730288351,0.2249799929506397,0.0140134459354419,0.0534751098588867,0.0019849875242894,0.0831586141066804,0.9421672223950692,0.0172969228582452,0.4538939911852658,0.7743107993149373,0.5167966745760961,17.363512037194873,1.166612230112783
55.791748046875,0.6357847302886458,0.2249799929506976,0.0140134459354496,0.0534751098589022,0.00198498752429,0.08315861410676,0.9421672223962192,0.0172969228582513,0.4538939911852873,0.7743107993149443,0.5167966745761322,17.36351203721671,1.1666122301141937
55.815223693847656,0.6357847302899055,0.2249799929509454,0.0140134459354825,0.0534751098589685,0.0019849875242922,0.0831586141070998,0.9421672224011336,0.0172969228582775,0.4538939911853783,0.7743107993149736,0.5167966745762863,17.363512037310034,1.166612230120221
55.83454895019531,0.6357847302908974,0.2249799929511405,0.0140134459355084,0.0534751098590207,0.001984987524294,0.0831586141073675,0.9421672224050036,0.0172969228582982,0.4538939911854499,0.7743107993149969,0.5167966745764077,17.363512037383522,1.166612230124968
55.888790130615234,0.6357847302934788,0.2249799929516483,0.0140134459355758,0.0534751098591566,0.0019849875242986,0.083158614108064,0.9421672224150742,0.0172969228583519,0.4538939911856364,0.7743107993150572,0.5167966745767235,17.36351203757476,1.16661223013732
55.92819595336914,0.6357847302951806,0.224979992951983,0.0140134459356202,0.0534751098592461,0.0019849875243017,0.0831586141085231,0.9421672224217132,0.0172969228583873,0.4538939911857594,0.7743107993150968,0.5167966745769317,17.363512037700833,1.1666122301454631
55.9576301574707,0.6357847302963641,0.2249799929522158,0.0140134459356511,0.0534751098593085,0.0019849875243038,0.0831586141088424,0.9421672224263306,0.017296922858412,0.4538939911858448,0.7743107993151246,0.5167966745770765,17.363512037788517,1.1666122301511268
55.99692535400391,0.6357847302978359,0.2249799929525053,0.0140134459356896,0.0534751098593859,0.0019849875243065,0.0831586141092395,0.9421672224320724,0.0172969228584426,0.4538939911859514,0.7743107993151592,0.5167966745772565,17.363512037897554,1.1666122301581696
56.01700592041016,0.6357847302985431,0.2249799929526444,0.014013445935708,0.0534751098594232,0.0019849875243077,0.0831586141094303,0.9421672224348312,0.0172969228584573,0.4538939911860027,0.7743107993151758,0.516796674577343,17.363512037949942,1.1666122301615531
56.02330780029297,0.635784730298759,0.2249799929526869,0.0140134459357137,0.0534751098594345,0.0019849875243081,0.0831586141094886,0.9421672224356736,0.0172969228584618,0.4538939911860183,0.7743107993151811,0.5167966745773694,17.36351203796594,1.1666122301625863
56.09310531616211,0.6357847303009714,0.2249799929531221,0.0140134459357715,0.053475109859551,0.0019849875243121,0.0831586141100855,0.942167222444305,0.0172969228585079,0.4538939911861787,0.774310799315233,0.5167966745776401,17.363512038129844,1.1666122301731732
56.09975051879883,0.6357847303011659,0.2249799929531604,0.0140134459357765,0.0534751098595612,0.0019849875243125,0.083158614110138,0.9421672224450636,0.0172969228585119,0.4538939911861927,0.7743107993152376,0.5167966745776639,17.36351203814425,1.1666122301741035
56.10942840576172,0.6357847303014443,0.2249799929532151,0.0140134459357838,0.0534751098595759,0.001984987524313,0.0831586141102131,0.94216722244615,0.0172969228585177,0.4538939911862129,0.7743107993152442,0.516796674577698,17.363512038164878,1.166612230175436
56.11491012573242,0.6357847303015997,0.2249799929532457,0.0140134459357879,0.0534751098595841,0.0019849875243132,0.083158614110255,0.9421672224467555,0.017296922858521,0.4538939911862241,0.7743107993152477,0.5167966745777169,17.36351203817638,1.166612230176179
56.15317153930664,0.6357847303026356,0.2249799929534495,0.0140134459358149,0.0534751098596386,0.0019849875243151,0.0831586141105346,0.9421672224507974,0.0172969228585425,0.4538939911862993,0.7743107993152722,0.5167966745778437,17.363512038253134,1.1666122301811366
56.177345275878906,0.6357847303032491,0.2249799929535702,0.014013445935831,0.0534751098596709,0.0019849875243162,0.0831586141107001,0.942167222453191,0.0172969228585553,0.453893991186344,0.7743107993152868,0.5167966745779188,17.363512038298584,1.1666122301840722
56.18517303466797,0.6357847303034413,0.224979992953608,0.014013445935836,0.0534751098596811,0.0019849875243166,0.0831586141107519,0.9421672224539408,0.0172969228585593,0.4538939911863576,0.7743107993152912,0.5167966745779423,17.363512038312823,1.166612230184992
56.200469970703125,0.635784730303808,0.2249799929536801,0.0140134459358456,0.0534751098597004,0.0019849875243172,0.0831586141108509,0.9421672224553712,0.017296922858567,0.4538939911863844,0.7743107993152999,0.5167966745779872,17.363512038339987,1.1666122301867463
56.22144317626953,0.6357847303042923,0.2249799929537754,0.0140134459358582,0.0534751098597259,0.0019849875243181,0.0831586141109815,0.9421672224572604,0.017296922858577,0.4538939911864195,0.7743107993153114,0.5167966745780465,17.363512038375863,1.1666122301890636
56.251766204833984,0.6357847303049562,0.224979992953906,0.0140134459358755,0.0534751098597608,0.0019849875243193,0.0831586141111607,0.9421672224598506,0.0172969228585909,0.4538939911864676,0.7743107993153272,0.5167966745781276,17.363512038425053,1.1666122301922408
56.313777923583984,0.635784730306191,0.2249799929541489,0.0140134459359078,0.0534751098598259,0.0019849875243216,0.0831586141114938,0.942167222464668,0.0172969228586166,0.4538939911865575,0.7743107993153564,0.5167966745782787,17.36351203851653,1.1666122301981494
56.31461334228516,0.6357847303062066,0.224979992954152,0.0140134459359082,0.0534751098598267,0.0019849875243216,0.083158614111498,0.9421672224647288,0.0172969228586169,0.4538939911865586,0.7743107993153567,0.5167966745782806,17.363512038517683,1.166612230198224
56.326637268066406,0.6357847303064278,0.2249799929541955,0.014013445935914,0.0534751098598383,0.001984987524322,0.0831586141115577,0.942167222465592,0.0172969228586215,0.4538939911865746,0.7743107993153618,0.5167966745783077,17.363512038534076,1.1666122301992827
56.332481384277344,0.6357847303065334,0.2249799929542162,0.0140134459359167,0.0534751098598439,0.0019849875243222,0.0831586141115862,0.9421672224660036,0.0172969228586237,0.4538939911865824,0.7743107993153645,0.5167966745783206,17.36351203854189,1.1666122301997877
56.35308837890625,0.6357847303068955,0.2249799929542875,0.0140134459359262,0.053475109859863,0.0019849875243228,0.0831586141116839,0.9421672224674168,0.0172969228586313,0.4538939911866085,0.774310799315373,0.516796674578365,17.363512038568725,1.1666122302015207
56.35464096069336,0.6357847303069222,0.2249799929542927,0.0140134459359269,0.0534751098598644,0.0019849875243229,0.0831586141116911,0.9421672224675206,0.0172969228586318,0.4538939911866105,0.7743107993153737,0.5167966745783682,17.3635120385707,1.1666122302016484
56.41853332519531,0.6357847303079485,0.2249799929544947,0.0140134459359537,0.0534751098599184,0.0019849875243248,0.083158614111968,0.9421672224715244,0.0172969228586532,0.4538939911866853,0.774310799315398,0.5167966745784938,17.363512038646732,1.1666122302065594
56.43935775756836,0.6357847303082548,0.2249799929545549,0.0140134459359617,0.0534751098599346,0.0019849875243253,0.0831586141120507,0.9421672224727192,0.0172969228586596,0.4538939911867073,0.7743107993154053,0.5167966745785312,17.36351203866942,1.1666122302080246
56.45640182495117,0.6357847303084958,0.2249799929546023,0.014013445935968,0.0534751098599473,0.0019849875243257,0.0831586141121157,0.9421672224736596,0.0172969228586646,0.453893991186725,0.7743107993154111,0.5167966745785606,17.363512038687276,1.166612230209178
56.47283172607422,0.6357847303087202,0.2249799929546465,0.0140134459359739,0.0534751098599591,0.0019849875243262,0.0831586141121762,0.942167222474535,0.0172969228586693,0.4538939911867413,0.7743107993154164,0.5167966745785881,17.3635120387039,1.1666122302102515
56.4788932800293,0.6357847303088011,0.2249799929546624,0.014013445935976,0.0534751098599633,0.0019849875243263,0.083158614112198,0.9421672224748504,0.0172969228586709,0.4538939911867472,0.7743107993154184,0.516796674578598,17.36351203870989,1.1666122302106388
56.49083709716797,0.6357847303089574,0.2249799929546931,0.0140134459359801,0.0534751098599716,0.0019849875243266,0.0831586141122402,0.9421672224754608,0.0172969228586742,0.4538939911867585,0.7743107993154221,0.5167966745786171,17.363512038721478,1.1666122302113873
56.50770950317383,0.6357847303091719,0.2249799929547354,0.0140134459359857,0.0534751098599829,0.001984987524327,0.0831586141122981,0.9421672224762976,0.0172969228586787,0.4538939911867742,0.7743107993154271,0.5167966745786434,17.363512038737372,1.1666122302124138
56.57373046875,0.6357847303099429,0.224979992954887,0.0140134459360058,0.0534751098600235,0.0019849875243284,0.0831586141125061,0.9421672224793052,0.0172969228586947,0.4538939911868304,0.7743107993154454,0.5167966745787377,17.363512038794482,1.1666122302161026
56.58119583129883,0.6357847303100237,0.2249799929549029,0.0140134459360079,0.0534751098600277,0.0019849875243285,0.0831586141125279,0.94216722247962,0.0172969228586964,0.4538939911868364,0.7743107993154474,0.5167966745787476,17.36351203880046,1.1666122302164887
56.65276718139648,0.6357847303107375,0.2249799929550434,0.0140134459360266,0.0534751098600653,0.0019849875243298,0.0831586141127205,0.9421672224824048,0.0172969228587113,0.4538939911868881,0.7743107993154645,0.5167966745788349,17.363512038853344,1.1666122302199045
56.68889999389648,0.6357847303110595,0.2249799929551067,0.014013445936035,0.0534751098600823,0.0019849875243304,0.0831586141128074,0.9421672224836616,0.017296922858718,0.4538939911869118,0.7743107993154722,0.5167966745788743,17.363512038877207,1.166612230221446
56.7368049621582,0.6357847303114511,0.2249799929551837,0.0140134459360452,0.053475109860103,0.0019849875243311,0.0831586141129131,0.9421672224851892,0.0172969228587261,0.4538939911869401,0.7743107993154814,0.5167966745789222,17.36351203890622,1.1666122302233195
56.73932266235352,0.6357847303114706,0.2249799929551876,0.0140134459360457,0.053475109860104,0.0019849875243312,0.0831586141129183,0.9421672224852652,0.0172969228587265,0.4538939911869415,0.774310799315482,0.5167966745789246,17.363512038907665,1.1666122302234132
56.744117736816406,0.6357847303115075,0.2249799929551948,0.0140134459360467,0.0534751098601059,0.0019849875243312,0.0831586141129283,0.9421672224854092,0.0172969228587273,0.4538939911869443,0.7743107993154829,0.5167966745789292,17.3635120389104,1.1666122302235895
56.75115203857422,0.635784730311561,0.2249799929552054,0.0140134459360481,0.0534751098601087,0.0019849875243313,0.0831586141129427,0.942167222485618,0.0172969228587284,0.4538939911869482,0.7743107993154842,0.5167966745789356,17.36351203891436,1.1666122302238455
56.765472412109375,0.6357847303116675,0.2249799929552264,0.0140134459360509,0.0534751098601144,0.0019849875243315,0.0831586141129715,0.9421672224860336,0.0172969228587306,0.453893991186956,0.7743107993154865,0.5167966745789487,17.363512038922252,1.1666122302243551
56.78803634643555,0.6357847303118291,0.2249799929552581,0.0140134459360551,0.0534751098601229,0.0019849875243318,0.083158614113015,0.9421672224866636,0.017296922858734,0.4538939911869679,0.7743107993154904,0.5167966745789685,17.363512038934218,1.1666122302251285
56.8050651550293,0.6357847303119462,0.2249799929552811,0.0140134459360581,0.053475109860129,0.001984987524332,0.0831586141130466,0.9421672224871204,0.0172969228587364,0.4538939911869762,0.7743107993154933,0.5167966745789828,17.36351203894289,1.1666122302256885
56.84733581542969,0.6357847303122194,0.2249799929553349,0.0140134459360653,0.0534751098601434,0.0019849875243325,0.0831586141131204,0.9421672224881864,0.0172969228587421,0.4538939911869963,0.7743107993155,0.5167966745790162,17.363512038963133,1.166612230226996
56.95276641845703,0.6357847303128052,0.2249799929554502,0.0140134459360806,0.0534751098601743,0.0019849875243336,0.0831586141132784,0.942167222490472,0.0172969228587544,0.4538939911870392,0.7743107993155139,0.516796674579088,17.36351203900654,1.1666122302297997
56.96210861206055,0.6357847303128513,0.2249799929554592,0.0140134459360818,0.0534751098601767,0.0019849875243337,0.0831586141132909,0.9421672224906518,0.0172969228587553,0.4538939911870425,0.774310799315515,0.5167966745790935,17.36351203900995,1.16661223023002
56.96574401855469,0.635784730312869,0.2249799929554627,0.0140134459360822,0.0534751098601777,0.0019849875243337,0.0831586141132956,0.9421672224907206,0.0172969228587557,0.4538939911870439,0.7743107993155155,0.5167966745790957,17.36351203901126,1.1666122302301043
56.9697380065918,0.6357847303128883,0.2249799929554665,0.0140134459360827,0.0534751098601787,0.0019849875243338,0.0831586141133008,0.9421672224907958,0.0172969228587561,0.4538939911870452,0.7743107993155159,0.5167966745790981,17.363512039012683,1.1666122302301964
56.97962951660156,0.6357847303129353,0.2249799929554758,0.014013445936084,0.0534751098601812,0.0019849875243338,0.0831586141133135,0.9421672224909792,0.0172969228587571,0.4538939911870485,0.7743107993155169,0.5167966745791038,17.363512039016168,1.1666122302304214
57.014461517333984,0.6357847303130933,0.2249799929555069,0.0140134459360881,0.0534751098601895,0.0019849875243341,0.0831586141133562,0.942167222491596,0.0172969228587604,0.4538939911870601,0.7743107993155207,0.5167966745791231,17.36351203902788,1.166612230231178
57.027191162109375,0.6357847303131483,0.2249799929555177,0.0140134459360895,0.0534751098601924,0.0019849875243342,0.083158614113371,0.9421672224918104,0.0172969228587615,0.4538939911870642,0.774310799315522,0.5167966745791299,17.363512039031953,1.166612230231441
57.0624885559082,0.6357847303132935,0.2249799929555463,0.0140134459360933,0.0534751098602,0.0019849875243345,0.0831586141134102,0.9421672224923766,0.0172969228587645,0.4538939911870746,0.7743107993155256,0.5167966745791477,17.363512039042707,1.1666122302321356
57.09247589111328,0.6357847303134088,0.2249799929555689,0.0140134459360963,0.0534751098602061,0.0019849875243347,0.0831586141134412,0.942167222492826,0.0172969228587669,0.453893991187083,0.7743107993155285,0.5167966745791618,17.36351203905124,1.166612230232687
57.11268997192383,0.6357847303134825,0.2249799929555834,0.0140134459360983,0.05347510986021,0.0019849875243348,0.0831586141134611,0.9421672224931138,0.0172969228587685,0.4538939911870885,0.7743107993155303,0.5167966745791708,17.363512039056705,1.1666122302330395
57.20468521118164,0.6357847303137817,0.2249799929556423,0.0140134459361061,0.0534751098602258,0.0019849875243354,0.0831586141135419,0.9421672224942812,0.0172969228587747,0.4538939911871102,0.7743107993155373,0.5167966745792074,17.36351203907887,1.1666122302344717
57.2388801574707,0.6357847303138792,0.2249799929556615,0.0140134459361086,0.0534751098602309,0.0019849875243356,0.0831586141135682,0.9421672224946614,0.0172969228587767,0.4538939911871174,0.7743107993155397,0.5167966745792193,17.363512039086093,1.166612230234938
57.28448867797852,0.6357847303139988,0.224979992955685,0.0140134459361117,0.0534751098602372,0.0019849875243358,0.0831586141136005,0.9421672224951284,0.0172969228587792,0.4538939911871262,0.7743107993155426,0.516796674579234,17.36351203909496,1.1666122302355109
57.29418182373047,0.6357847303140229,0.2249799929556898,0.0140134459361124,0.0534751098602385,0.0019849875243358,0.083158614113607,0.9421672224952224,0.0172969228587797,0.453893991187128,0.7743107993155431,0.516796674579237,17.363512039096744,1.166612230235626
57.31246566772461,0.6357847303140669,0.2249799929556984,0.0140134459361135,0.0534751098602408,0.0019849875243359,0.0831586141136188,0.942167222495394,0.0172969228587806,0.4538939911871312,0.7743107993155443,0.5167966745792423,17.3635120391,1.1666122302358364
57.31830978393555,0.6357847303140807,0.2249799929557011,0.0140134459361139,0.0534751098602415,0.0019849875243359,0.0831586141136226,0.9421672224954476,0.0172969228587809,0.4538939911871322,0.7743107993155446,0.5167966745792439,17.36351203910102,1.166612230235902
57.37739181518555,0.6357847303142105,0.2249799929557266,0.0140134459361173,0.0534751098602484,0.0019849875243362,0.0831586141136576,0.942167222495954,0.0172969228587836,0.4538939911871417,0.7743107993155477,0.5167966745792598,17.363512039110635,1.1666122302365232
57.42772674560547,0.6357847303143092,0.2249799929557461,0.0140134459361199,0.0534751098602536,0.0019849875243364,0.0831586141136842,0.9421672224963392,0.0172969228587857,0.453893991187149,0.7743107993155501,0.5167966745792719,17.36351203911795,1.1666122302369957
57.43738555908203,0.6357847303143269,0.2249799929557496,0.0140134459361203,0.0534751098602545,0.0019849875243364,0.083158614113689,0.9421672224964086,0.017296922858786,0.4538939911871503,0.7743107993155506,0.5167966745792741,17.363512039119268,1.1666122302370807
57.46980285644531,0.6357847303143842,0.2249799929557608,0.0140134459361218,0.0534751098602575,0.0019849875243365,0.0831586141137044,0.9421672224966317,0.0172969228587872,0.4538939911871545,0.7743107993155519,0.5167966745792811,17.363512039123506,1.1666122302373545
57.52575302124024,0.6357847303144742,0.2249799929557786,0.0140134459361242,0.0534751098602623,0.0019849875243367,0.0831586141137288,0.9421672224969831,0.0172969228587891,0.4538939911871611,0.7743107993155541,0.5167966745792921,17.363512039130182,1.1666122302377857
57.62343215942383,0.6357847303146087,0.224979992955805,0.0140134459361277,0.0534751098602694,0.0019849875243369,0.083158614113765,0.9421672224975076,0.0172969228587919,0.453893991187171,0.7743107993155575,0.5167966745793086,17.363512039140137,1.1666122302384287
57.64466094970703,0.6357847303146344,0.2249799929558101,0.0140134459361284,0.0534751098602707,0.001984987524337,0.083158614113772,0.942167222497608,0.0172969228587925,0.4538939911871729,0.774310799315558,0.5167966745793117,17.363512039142044,1.166612230238552
57.657833099365234,0.6357847303146499,0.2249799929558131,0.0140134459361288,0.0534751098602715,0.001984987524337,0.0831586141137761,0.9421672224976684,0.0172969228587928,0.453893991187174,0.7743107993155585,0.5167966745793136,17.36351203914319,1.166612230238626
57.72769165039063,0.635784730314725,0.2249799929558279,0.0140134459361307,0.0534751098602755,0.0019849875243371,0.0831586141137964,0.9421672224979616,0.0172969228587943,0.4538939911871793,0.77431079931556,0.5167966745793228,17.36351203914876,1.1666122302389856
57.767578125,0.6357847303147633,0.2249799929558354,0.0140134459361317,0.0534751098602775,0.0019849875243372,0.0831586141138067,0.942167222498111,0.0172969228587951,0.4538939911871821,0.7743107993155609,0.5167966745793275,17.363512039151598,1.1666122302391688
57.77518081665039,0.6357847303147703,0.2249799929558368,0.0140134459361319,0.0534751098602779,0.0019849875243372,0.0831586141138086,0.942167222498138,0.0172969228587953,0.4538939911871826,0.7743107993155611,0.5167966745793283,17.363512039152113,1.166612230239202
57.80760955810547,0.6357847303147988,0.2249799929558424,0.0140134459361326,0.0534751098602794,0.0019849875243373,0.0831586141138163,0.9421672224982492,0.0172969228587959,0.4538939911871847,0.7743107993155618,0.5167966745793318,17.36351203915422,1.1666122302393382
57.81902313232422,0.6357847303148083,0.2249799929558443,0.0140134459361329,0.0534751098602799,0.0019849875243373,0.0831586141138189,0.9421672224982864,0.0172969228587961,0.4538939911871854,0.774310799315562,0.516796674579333,17.36351203915493,1.166612230239384
57.83077239990234,0.6357847303148179,0.2249799929558462,0.0140134459361331,0.0534751098602804,0.0019849875243373,0.0831586141138215,0.942167222498324,0.0172969228587963,0.4538939911871861,0.7743107993155622,0.5167966745793342,17.36351203915564,1.16661223023943
57.83536148071289,0.6357847303148216,0.2249799929558469,0.0140134459361332,0.0534751098602806,0.0019849875243373,0.0831586141138225,0.9421672224983384,0.0172969228587964,0.4538939911871864,0.7743107993155623,0.5167966745793346,17.363512039155914,1.1666122302394475
57.84403991699219,0.6357847303148285,0.2249799929558483,0.0140134459361334,0.0534751098602809,0.0019849875243373,0.0831586141138243,0.9421672224983652,0.0172969228587965,0.4538939911871869,0.7743107993155626,0.5167966745793354,17.363512039156422,1.1666122302394806
57.87142181396485,0.6357847303148494,0.2249799929558524,0.014013445936134,0.053475109860282,0.0019849875243374,0.08315861411383,0.9421672224984468,0.0172969228587969,0.4538939911871885,0.774310799315563,0.516796674579338,17.363512039157975,1.166612230239581
57.9119758605957,0.6357847303148784,0.2249799929558581,0.0140134459361347,0.0534751098602836,0.0019849875243374,0.0831586141138378,0.9421672224985596,0.0172969228587975,0.4538939911871906,0.7743107993155638,0.5167966745793415,17.363512039160117,1.166612230239719
57.93012619018555,0.6357847303148905,0.2249799929558605,0.014013445936135,0.0534751098602842,0.0019849875243374,0.0831586141138411,0.9421672224986072,0.0172969228587978,0.4538939911871915,0.774310799315564,0.5167966745793431,17.363512039161016,1.1666122302397774
57.97840118408203,0.6357847303149208,0.2249799929558664,0.0140134459361358,0.0534751098602858,0.0019849875243375,0.0831586141138492,0.942167222498725,0.0172969228587984,0.4538939911871937,0.7743107993155648,0.5167966745793467,17.363512039163258,1.166612230239922
58.04934310913086,0.63578473031496,0.2249799929558742,0.0140134459361369,0.0534751098602879,0.0019849875243376,0.0831586141138598,0.9421672224988784,0.0172969228587992,0.4538939911871966,0.7743107993155658,0.5167966745793515,17.363512039166167,1.16661223024011
58.05705261230469,0.635784730314964,0.2249799929558749,0.014013445936137,0.0534751098602881,0.0019849875243376,0.0831586141138609,0.9421672224988936,0.0172969228587993,0.4538939911871968,0.7743107993155658,0.5167966745793521,17.36351203916646,1.1666122302401287
58.079532623291016,0.6357847303149751,0.2249799929558771,0.0140134459361373,0.0534751098602887,0.0019849875243376,0.0831586141138639,0.9421672224989368,0.0172969228587996,0.4538939911871977,0.7743107993155661,0.5167966745793534,17.36351203916728,1.166612230240182
58.11271286010742,0.6357847303149906,0.2249799929558802,0.0140134459361377,0.0534751098602895,0.0019849875243376,0.0831586141138681,0.9421672224989974,0.0172969228587999,0.4538939911871988,0.7743107993155665,0.5167966745793553,17.36351203916843,1.1666122302402562
58.151004791259766,0.6357847303150072,0.2249799929558834,0.0140134459361381,0.0534751098602904,0.0019849875243376,0.0831586141138725,0.9421672224990622,0.0172969228588002,0.4538939911872001,0.7743107993155669,0.5167966745793573,17.36351203916966,1.1666122302403354
58.157657623291016,0.6357847303150099,0.224979992955884,0.0140134459361382,0.0534751098602905,0.0019849875243376,0.0831586141138733,0.9421672224990728,0.0172969228588003,0.4538939911872002,0.7743107993155669,0.5167966745793576,17.363512039169862,1.1666122302403488
58.17878723144531,0.6357847303150184,0.2249799929558856,0.0140134459361384,0.053475109860291,0.0019849875243377,0.0831586141138756,0.942167222499106,0.0172969228588005,0.4538939911872008,0.7743107993155671,0.5167966745793587,17.36351203917049,1.1666122302403894
58.183223724365234,0.6357847303150201,0.224979992955886,0.0140134459361384,0.053475109860291,0.0019849875243377,0.083158614113876,0.9421672224991128,0.0172969228588005,0.453893991187201,0.7743107993155672,0.5167966745793589,17.36351203917062,1.1666122302403976
58.20125961303711,0.635784730315027,0.2249799929558874,0.0140134459361386,0.0534751098602914,0.0019849875243377,0.0831586141138779,0.9421672224991398,0.0172969228588006,0.4538939911872015,0.7743107993155673,0.5167966745793597,17.36351203917113,1.1666122302404307
58.20858383178711,0.6357847303150297,0.2249799929558879,0.0140134459361387,0.0534751098602915,0.0019849875243377,0.0831586141138786,0.9421672224991504,0.0172969228588007,0.4538939911872017,0.7743107993155675,0.5167966745793601,17.363512039171333,1.1666122302404436
58.22466659545898,0.6357847303150356,0.224979992955889,0.0140134459361388,0.0534751098602919,0.0019849875243377,0.0831586141138802,0.9421672224991732,0.0172969228588008,0.4538939911872021,0.7743107993155676,0.5167966745793608,17.363512039171766,1.1666122302404716
58.251007080078125,0.6357847303150448,0.2249799929558908,0.0140134459361391,0.0534751098602923,0.0019849875243377,0.0831586141138827,0.9421672224992088,0.017296922858801,0.4538939911872028,0.7743107993155678,0.516796674579362,17.363512039172445,1.1666122302405155
58.278995513916016,0.635784730315054,0.2249799929558927,0.0140134459361393,0.0534751098602928,0.0019849875243377,0.0831586141138852,0.9421672224992448,0.0172969228588012,0.4538939911872035,0.774310799315568,0.5167966745793631,17.363512039173127,1.1666122302405595
58.28308868408203,0.6357847303150552,0.2249799929558929,0.0140134459361393,0.0534751098602929,0.0019849875243377,0.0831586141138855,0.94216722249925,0.0172969228588012,0.4538939911872036,0.774310799315568,0.5167966745793632,17.363512039173223,1.1666122302405657
58.2909049987793,0.6357847303150578,0.2249799929558934,0.0140134459361394,0.053475109860293,0.0019849875243377,0.0831586141138862,0.9421672224992595,0.0172969228588013,0.4538939911872038,0.7743107993155681,0.5167966745793635,17.363512039173408,1.1666122302405777
58.32488632202149,0.635784730315068,0.2249799929558954,0.0140134459361397,0.0534751098602936,0.0019849875243378,0.0831586141138889,0.9421672224992994,0.0172969228588015,0.4538939911872045,0.7743107993155683,0.5167966745793647,17.363512039174164,1.1666122302406263
58.37588882446289,0.6357847303150821,0.2249799929558982,0.01401344593614,0.0534751098602943,0.0019849875243378,0.0831586141138927,0.9421672224993544,0.0172969228588018,0.4538939911872056,0.7743107993155687,0.5167966745793665,17.36351203917521,1.166612230240694
58.42499923706055,0.6357847303150943,0.2249799929559006,0.0140134459361404,0.0534751098602949,0.0019849875243378,0.083158614113896,0.942167222499402,0.017296922858802,0.4538939911872064,0.774310799315569,0.516796674579368,17.36351203917611,1.1666122302407522
58.46873474121094,0.6357847303151042,0.2249799929559025,0.0140134459361406,0.0534751098602955,0.0019849875243378,0.0831586141138987,0.9421672224994406,0.0172969228588022,0.4538939911872072,0.7743107993155692,0.5167966745793692,17.363512039176843,1.1666122302407995
58.52183532714844,0.635784730315115,0.2249799929559047,0.0140134459361409,0.053475109860296,0.0019849875243378,0.0831586141139016,0.9421672224994828,0.0172969228588025,0.4538939911872079,0.7743107993155696,0.5167966745793705,17.363512039177646,1.1666122302408517
58.60490036010742,0.6357847303151297,0.2249799929559076,0.0140134459361413,0.0534751098602968,0.0019849875243379,0.0831586141139056,0.9421672224995404,0.0172969228588028,0.4538939911872091,0.7743107993155699,0.5167966745793723,17.36351203917874,1.166612230240922
58.65434646606445,0.6357847303151374,0.2249799929559091,0.0140134459361415,0.0534751098602972,0.0019849875243379,0.0831586141139077,0.9421672224995704,0.0172969228588029,0.4538939911872096,0.77431079931557,0.5167966745793733,17.36351203917931,1.1666122302409587
58.68357467651367,0.6357847303151416,0.2249799929559099,0.0140134459361416,0.0534751098602974,0.0019849875243379,0.0831586141139088,0.9421672224995864,0.017296922858803,0.4538939911872099,0.7743107993155701,0.5167966745793737,17.363512039179618,1.1666122302409787
58.74163818359375,0.6357847303151491,0.2249799929559114,0.0140134459361418,0.0534751098602978,0.0019849875243379,0.0831586141139109,0.9421672224996162,0.0172969228588032,0.4538939911872105,0.7743107993155703,0.5167966745793747,17.36351203918018,1.166612230241015
58.82646179199219,0.6357847303151587,0.2249799929559133,0.014013445936142,0.0534751098602983,0.0019849875243379,0.0831586141139134,0.9421672224996532,0.0172969228588034,0.4538939911872112,0.7743107993155706,0.5167966745793758,17.363512039180886,1.1666122302410606
58.85490417480469,0.6357847303151616,0.2249799929559138,0.0140134459361421,0.0534751098602985,0.0019849875243379,0.0831586141139142,0.9421672224996644,0.0172969228588034,0.4538939911872114,0.7743107993155707,0.5167966745793762,17.363512039181096,1.1666122302410744
58.85542678833008,0.6357847303151616,0.2249799929559138,0.0140134459361421,0.0534751098602985,0.0019849875243379,0.0831586141139142,0.9421672224996648,0.0172969228588034,0.4538939911872114,0.7743107993155707,0.5167966745793762,17.3635120391811,1.1666122302410746
58.89209747314453,0.635784730315165,0.2249799929559145,0.0140134459361422,0.0534751098602987,0.0019849875243379,0.0831586141139151,0.942167222499678,0.0172969228588035,0.4538939911872116,0.7743107993155707,0.5167966745793766,17.36351203918135,1.1666122302410908
58.91397857666016,0.6357847303151669,0.2249799929559149,0.0140134459361423,0.0534751098602988,0.0019849875243379,0.0831586141139156,0.9421672224996857,0.0172969228588036,0.4538939911872118,0.7743107993155708,0.5167966745793768,17.363512039181497,1.1666122302411002
58.94205093383789,0.6357847303151692,0.2249799929559153,0.0140134459361423,0.0534751098602989,0.0019849875243379,0.0831586141139163,0.9421672224996946,0.0172969228588036,0.4538939911872119,0.7743107993155708,0.5167966745793772,17.36351203918167,1.1666122302411113
58.94616317749024,0.6357847303151696,0.2249799929559154,0.0140134459361423,0.0534751098602989,0.0019849875243379,0.0831586141139164,0.942167222499696,0.0172969228588036,0.453893991187212,0.7743107993155708,0.5167966745793772,17.363512039181693,1.1666122302411128
59.01082611083984,0.6357847303151745,0.2249799929559164,0.0140134459361425,0.0534751098602992,0.001984987524338,0.0831586141139177,0.942167222499715,0.0172969228588037,0.4538939911872123,0.774310799315571,0.5167966745793778,17.363512039182055,1.166612230241136
59.0272216796875,0.6357847303151756,0.2249799929559166,0.0140134459361425,0.0534751098602992,0.001984987524338,0.083158614113918,0.9421672224997192,0.0172969228588037,0.4538939911872124,0.774310799315571,0.516796674579378,17.363512039182137,1.1666122302411417
59.109134674072266,0.6357847303151807,0.2249799929559176,0.0140134459361426,0.0534751098602995,0.001984987524338,0.0831586141139194,0.9421672224997392,0.0172969228588038,0.4538939911872128,0.7743107993155711,0.5167966745793785,17.363512039182517,1.166612230241166
59.12126541137695,0.6357847303151813,0.2249799929559177,0.0140134459361426,0.0534751098602995,0.001984987524338,0.0831586141139195,0.942167222499742,0.0172969228588039,0.4538939911872128,0.7743107993155711,0.5167966745793786,17.363512039182567,1.1666122302411692
59.14864349365234,0.6357847303151829,0.224979992955918,0.0140134459361427,0.0534751098602996,0.001984987524338,0.08315861411392,0.9421672224997476,0.0172969228588039,0.4538939911872129,0.7743107993155711,0.5167966745793788,17.363512039182677,1.1666122302411763
59.16509628295898,0.6357847303151838,0.2249799929559182,0.0140134459361427,0.0534751098602997,0.001984987524338,0.0831586141139202,0.942167222499751,0.0172969228588039,0.453893991187213,0.7743107993155712,0.516796674579379,17.36351203918274,1.1666122302411803
59.17898178100586,0.6357847303151845,0.2249799929559183,0.0140134459361427,0.0534751098602997,0.001984987524338,0.0831586141139204,0.9421672224997538,0.0172969228588039,0.4538939911872131,0.7743107993155712,0.5167966745793791,17.363512039182794,1.166612230241184
59.22969055175781,0.6357847303151869,0.2249799929559188,0.0140134459361428,0.0534751098602998,0.001984987524338,0.083158614113921,0.9421672224997631,0.017296922858804,0.4538939911872132,0.7743107993155712,0.5167966745793793,17.36351203918297,1.1666122302411954
59.2490463256836,0.6357847303151877,0.224979992955919,0.0140134459361428,0.0534751098602999,0.001984987524338,0.0831586141139213,0.9421672224997664,0.017296922858804,0.4538939911872133,0.7743107993155712,0.5167966745793794,17.363512039183036,1.1666122302411994
59.29269790649414,0.6357847303151895,0.2249799929559193,0.0140134459361429,0.0534751098603,0.001984987524338,0.0831586141139217,0.9421672224997736,0.017296922858804,0.4538939911872134,0.7743107993155713,0.5167966745793796,17.363512039183167,1.166612230241208
59.2990837097168,0.6357847303151898,0.2249799929559194,0.0140134459361429,0.0534751098603,0.001984987524338,0.0831586141139218,0.9421672224997744,0.017296922858804,0.4538939911872134,0.7743107993155713,0.5167966745793796,17.363512039183185,1.1666122302412092
59.33197784423828,0.6357847303151909,0.2249799929559196,0.0140134459361429,0.0534751098603,0.001984987524338,0.0831586141139221,0.9421672224997792,0.0172969228588041,0.4538939911872136,0.7743107993155713,0.5167966745793798,17.363512039183274,1.166612230241215
59.352481842041016,0.6357847303151917,0.2249799929559197,0.0140134459361429,0.0534751098603001,0.001984987524338,0.0831586141139223,0.942167222499782,0.0172969228588041,0.4538939911872136,0.7743107993155713,0.5167966745793799,17.36351203918333,1.1666122302412183
59.37366485595703,0.6357847303151924,0.2249799929559199,0.0140134459361429,0.0534751098603001,0.001984987524338,0.0831586141139225,0.9421672224997848,0.0172969228588041,0.4538939911872137,0.7743107993155713,0.5167966745793799,17.363512039183384,1.166612230241222
59.39288711547852,0.635784730315193,0.22497999295592,0.0140134459361429,0.0534751098603002,0.001984987524338,0.0831586141139227,0.9421672224997872,0.0172969228588041,0.4538939911872137,0.7743107993155715,0.51679667457938,17.36351203918343,1.166612230241225
59.40031433105469,0.6357847303151933,0.22497999295592,0.014013445936143,0.0534751098603002,0.001984987524338,0.0831586141139228,0.9421672224997882,0.0172969228588041,0.4538939911872137,0.7743107993155715,0.51679667457938,17.363512039183448,1.166612230241226
59.437156677246094,0.6357847303151943,0.2249799929559203,0.014013445936143,0.0534751098603002,0.001984987524338,0.083158614113923,0.9421672224997926,0.0172969228588041,0.4538939911872138,0.7743107993155715,0.5167966745793802,17.36351203918353,1.1666122302412314
59.49106216430664,0.6357847303151959,0.2249799929559206,0.014013445936143,0.0534751098603003,0.001984987524338,0.0831586141139235,0.9421672224997985,0.0172969228588042,0.4538939911872139,0.7743107993155715,0.5167966745793804,17.36351203918364,1.1666122302412385
59.53593063354492,0.635784730315197,0.2249799929559208,0.0140134459361431,0.0534751098603004,0.001984987524338,0.0831586141139237,0.9421672224998028,0.0172969228588042,0.453893991187214,0.7743107993155715,0.5167966745793805,17.36351203918372,1.1666122302412438
59.541446685791016,0.6357847303151971,0.2249799929559208,0.0140134459361431,0.0534751098603004,0.001984987524338,0.0831586141139238,0.9421672224998032,0.0172969228588042,0.453893991187214,0.7743107993155716,0.5167966745793806,17.363512039183732,1.1666122302412445
59.56109619140625,0.6357847303151976,0.2249799929559209,0.0140134459361431,0.0534751098603004,0.001984987524338,0.0831586141139239,0.942167222499805,0.0172969228588042,0.4538939911872141,0.7743107993155716,0.5167966745793806,17.363512039183764,1.1666122302412465
59.59523391723633,0.6357847303151983,0.224979992955921,0.0140134459361431,0.0534751098603004,0.001984987524338,0.0831586141139241,0.942167222499808,0.0172969228588042,0.4538939911872141,0.7743107993155716,0.5167966745793807,17.36351203918382,1.1666122302412505
59.60146713256836,0.6357847303151984,0.2249799929559211,0.0140134459361431,0.0534751098603004,0.001984987524338,0.0831586141139242,0.9421672224998084,0.0172969228588042,0.4538939911872141,0.7743107993155716,0.5167966745793807,17.363512039183828,1.1666122302412507
59.62908172607422,0.635784730315199,0.2249799929559212,0.0140134459361431,0.0534751098603005,0.001984987524338,0.0831586141139243,0.9421672224998106,0.0172969228588042,0.4538939911872142,0.7743107993155716,0.5167966745793808,17.36351203918387,1.1666122302412534
59.6456413269043,0.6357847303151993,0.2249799929559212,0.0140134459361431,0.0534751098603005,0.001984987524338,0.0831586141139244,0.942167222499812,0.0172969228588042,0.4538939911872142,0.7743107993155716,0.5167966745793808,17.363512039183895,1.166612230241255
59.66562271118164,0.6357847303151997,0.2249799929559213,0.0140134459361431,0.0534751098603005,0.001984987524338,0.0831586141139245,0.9421672224998132,0.0172969228588042,0.4538939911872142,0.7743107993155716,0.5167966745793808,17.36351203918392,1.1666122302412567
59.66580581665039,0.6357847303151997,0.2249799929559213,0.0140134459361431,0.0534751098603005,0.001984987524338,0.0831586141139245,0.9421672224998132,0.0172969228588042,0.4538939911872142,0.7743107993155716,0.5167966745793808,17.36351203918392,1.1666122302412567
59.69497299194336,0.6357847303152002,0.2249799929559214,0.0140134459361431,0.0534751098603005,0.001984987524338,0.0831586141139246,0.9421672224998152,0.0172969228588042,0.4538939911872142,0.7743107993155716,0.5167966745793809,17.36351203918396,1.1666122302412592
59.74050521850586,0.6357847303152009,0.2249799929559216,0.0140134459361432,0.0534751098603006,0.001984987524338,0.0831586141139248,0.942167222499818,0.0172969228588043,0.4538939911872143,0.7743107993155716,0.516796674579381,17.363512039184013,1.1666122302412627
59.76426696777344,0.6357847303152013,0.2249799929559217,0.0140134459361432,0.0534751098603006,0.001984987524338,0.0831586141139249,0.9421672224998195,0.0172969228588043,0.4538939911872143,0.7743107993155716,0.516796674579381,17.36351203918404,1.1666122302412645
59.82658004760742,0.6357847303152022,0.2249799929559218,0.0140134459361432,0.0534751098603006,0.001984987524338,0.0831586141139252,0.942167222499823,0.0172969228588043,0.4538939911872144,0.7743107993155717,0.5167966745793812,17.363512039184105,1.1666122302412687
59.87356185913086,0.6357847303152028,0.2249799929559219,0.0140134459361432,0.0534751098603007,0.001984987524338,0.0831586141139253,0.9421672224998252,0.0172969228588043,0.4538939911872144,0.7743107993155717,0.5167966745793813,17.363512039184148,1.1666122302412714
59.94829559326172,0.6357847303152036,0.2249799929559221,0.0140134459361432,0.0534751098603007,0.001984987524338,0.0831586141139255,0.9421672224998284,0.0172969228588043,0.4538939911872145,0.7743107993155717,0.5167966745793814,17.363512039184208,1.1666122302412754
59.97858810424805,0.6357847303152039,0.2249799929559222,0.0140134459361432,0.0534751098603007,0.001984987524338,0.0831586141139256,0.9421672224998296,0.0172969228588043,0.4538939911872145,0.7743107993155717,0.5167966745793814,17.36351203918423,1.1666122302412767
60.11995315551758,0.635784730315205,0.2249799929559224,0.0140134459361433,0.0534751098603008,0.001984987524338,0.0831586141139259,0.942167222499834,0.0172969228588043,0.4538939911872146,0.7743107993155717,0.5167966745793815,17.363512039184318,1.1666122302412822
60.16427230834961,0.6357847303152053,0.2249799929559224,0.0140134459361433,0.0534751098603008,0.001984987524338,0.083158614113926,0.9421672224998352,0.0172969228588044,0.4538939911872146,0.7743107993155717,0.5167966745793816,17.36351203918434,1.1666122302412838
60.17284393310547,0.6357847303152053,0.2249799929559224,0.0140134459361433,0.0534751098603008,0.001984987524338,0.083158614113926,0.9421672224998354,0.0172969228588044,0.4538939911872146,0.7743107993155717,0.5167966745793816,17.363512039184343,1.166612230241284
60.25958633422852,0.6357847303152059,0.2249799929559225,0.0140134459361433,0.0534751098603008,0.001984987524338,0.0831586141139262,0.9421672224998374,0.0172969228588044,0.4538939911872147,0.7743107993155717,0.5167966745793816,17.36351203918438,1.1666122302412865
60.26166915893555,0.6357847303152059,0.2249799929559225,0.0140134459361433,0.0534751098603008,0.001984987524338,0.0831586141139262,0.9421672224998376,0.0172969228588044,0.4538939911872147,0.7743107993155717,0.5167966745793816,17.363512039184382,1.1666122302412865
60.28458786010742,0.635784730315206,0.2249799929559226,0.0140134459361433,0.0534751098603008,0.001984987524338,0.0831586141139262,0.942167222499838,0.0172969228588044,0.4538939911872147,0.7743107993155717,0.5167966745793816,17.36351203918439,1.166612230241287
60.42356872558594,0.6357847303152067,0.2249799929559227,0.0140134459361433,0.0534751098603009,0.001984987524338,0.0831586141139263,0.9421672224998404,0.0172969228588044,0.4538939911872147,0.7743107993155718,0.5167966745793817,17.363512039184435,1.16661223024129
60.43010330200195,0.6357847303152067,0.2249799929559227,0.0140134459361433,0.0534751098603009,0.001984987524338,0.0831586141139264,0.9421672224998404,0.0172969228588044,0.4538939911872147,0.7743107993155718,0.5167966745793817,17.36351203918444,1.16661223024129
60.48930740356445,0.6357847303152069,0.2249799929559227,0.0140134459361433,0.0534751098603009,0.001984987524338,0.0831586141139264,0.9421672224998412,0.0172969228588044,0.4538939911872147,0.7743107993155718,0.5167966745793817,17.363512039184453,1.1666122302412911
60.50613784790039,0.6357847303152069,0.2249799929559227,0.0140134459361433,0.0534751098603009,0.001984987524338,0.0831586141139264,0.9421672224998414,0.0172969228588044,0.4538939911872147,0.7743107993155718,0.5167966745793817,17.363512039184457,1.1666122302412911
60.57842254638672,0.6357847303152071,0.2249799929559228,0.0140134459361433,0.0534751098603009,0.001984987524338,0.0831586141139265,0.9421672224998422,0.0172969228588044,0.4538939911872147,0.7743107993155718,0.5167966745793818,17.36351203918447,1.1666122302412922
60.61354446411133,0.6357847303152072,0.2249799929559228,0.0140134459361433,0.0534751098603009,0.001984987524338,0.0831586141139265,0.9421672224998426,0.0172969228588044,0.4538939911872147,0.7743107993155718,0.5167966745793818,17.363512039184478,1.166612230241293
60.65367889404297,0.6357847303152073,0.2249799929559228,0.0140134459361433,0.0534751098603009,0.001984987524338,0.0831586141139265,0.942167222499843,0.0172969228588044,0.4538939911872147,0.7743107993155718,0.5167966745793818,17.363512039184485,1.1666122302412931
60.67053985595703,0.6357847303152073,0.2249799929559228,0.0140134459361433,0.0534751098603009,0.001984987524338,0.0831586141139266,0.9421672224998432,0.0172969228588044,0.4538939911872148,0.7743107993155718,0.5167966745793818,17.36351203918449,1.1666122302412936
60.72159194946289,0.6357847303152074,0.2249799929559229,0.0140134459361433,0.0534751098603009,0.001984987524338,0.0831586141139266,0.9421672224998436,0.0172969228588044,0.4538939911872148,0.7743107993155718,0.5167966745793818,17.3635120391845,1.166612230241294
60.97947311401367,0.6357847303152079,0.2249799929559229,0.0140134459361433,0.0534751098603009,0.001984987524338,0.0831586141139267,0.9421672224998452,0.0172969228588044,0.4538939911872148,0.7743107993155718,0.5167966745793818,17.363512039184528,1.166612230241296
61.070648193359375,0.635784730315208,0.2249799929559229,0.0140134459361433,0.0534751098603009,0.001984987524338,0.0831586141139267,0.9421672224998456,0.0172969228588044,0.4538939911872148,0.7743107993155718,0.5167966745793818,17.363512039184535,1.1666122302412965
61.16523361206055,0.635784730315208,0.224979992955923,0.0140134459361433,0.053475109860301,0.001984987524338,0.0831586141139267,0.942167222499846,0.0172969228588044,0.4538939911872148,0.7743107993155718,0.5167966745793819,17.363512039184542,1.166612230241297
61.38826751708984,0.6357847303152082,0.224979992955923,0.0140134459361433,0.053475109860301,0.001984987524338,0.0831586141139268,0.9421672224998464,0.0172969228588044,0.4538939911872148,0.7743107993155718,0.5167966745793819,17.363512039184553,1.1666122302412976
61.65258026123047,0.6357847303152083,0.224979992955923,0.0140134459361433,0.053475109860301,0.001984987524338,0.0831586141139268,0.9421672224998467,0.0172969228588044,0.4538939911872148,0.7743107993155718,0.5167966745793819,17.36351203918456,1.166612230241298
62.5424690246582,0.6357847303152084,0.224979992955923,0.0140134459361433,0.053475109860301,0.001984987524338,0.0831586141139268,0.9421672224998472,0.0172969228588044,0.4538939911872148,0.7743107993155718,0.5167966745793819,17.363512039184567,1.1666122302412985
64.01078033447266,0.6357847303152084,0.224979992955923,0.0140134459361433,0.053475109860301,0.001984987524338,0.0831586141139268,0.9421672224998474,0.0172969228588044,0.4538939911872148,0.7743107993155718,0.5167966745793819,17.36351203918457,1.166612230241299
72.432861328125,0.2269345968961715,0.0446582548320293,0.0059287948533892,0.0119672548025846,0.0004202364943921,0.0612300932407379,0.8853336572647095,0.0047295237891376,0.0166722852736711,0.0055221039801836,0.0277650617063045,16.811908721923828,1.0858935117721558
