,0: NPC-OPC-like 2,1: NPC-neuronal-like 1,2: NPC-neuronal-like 3,3: NPC-OPC-like 1,4: NPC-neuronal-like 3,5: Cycling,6: AC-progenitor-like,7: AC-gliosis-like 2,8: Gliosis-hypoxia
5.405213356018066,1611.3064266323086,0.0300004582769024,0.0300004466230826,0.0300003035765276,0.0300003788445952,0.0300003287500613,0.0300002644944287,0.0300005383868322,0.030001135541013
5.771660327911377,1649.4689695139737,0.0300004582769024,0.0300004466230826,0.0300003035765276,0.0300003788445952,0.0300003287500613,0.0300002644944287,0.0300005383868322,0.030001135541013
5.791129112243652,1651.3509887564,0.0300004582769024,0.0300004466230826,0.0300003035765276,0.0300003788445952,0.0300003287500613,0.0300002644944287,0.0300005383868322,0.030001135541013
6.247828960418701,1691.80607919049,0.0300004582769024,0.0300004466230826,0.0300003035765276,0.0300003788445952,0.0300003287500613,0.0300002644944287,0.0300005383868322,0.030001135541013
6.446134090423584,1707.3829508302629,0.0300004582769024,0.0300004466230826,0.0300003035765276,0.0300003788445952,0.0300003287500613,0.0300002644944287,0.0300005383868322,0.030001135541013
6.519456386566162,1712.870016534483,0.0300004582769024,0.0300004466230826,0.0300003035765276,0.0300003788445952,0.0300003287500613,0.0300002644944287,0.0300005383868322,0.030001135541013
6.578037738800049,1717.153437700596,0.0300004582769024,0.0300004466230826,0.0300003035765276,0.0300003788445952,0.0300003287500613,0.0300002644944287,0.0300005383868322,0.030001135541013
6.606493949890137,1719.2026868789271,0.0300004582769024,0.0300004466230826,0.0300003035765276,0.0300003788445952,0.0300003287500613,0.0300002644944287,0.0300005383868322,0.030001135541013
6.629000186920166,1720.809129252605,0.0300004582769024,0.0300004466230826,0.0300003035765276,0.0300003788445952,0.0300003287500613,0.0300002644944287,0.0300005383868322,0.030001135541013
6.661008358001709,1723.0722742618095,0.0300004582769024,0.0300004466230826,0.0300003035765276,0.0300003788445952,0.0300003287500613,0.0300002644944287,0.0300005383868322,0.030001135541013
6.707374572753906,1726.306454550479,0.0300004582769024,0.0300004466230826,0.0300003035765276,0.0300003788445952,0.0300003287500613,0.0300002644944287,0.0300005383868322,0.030001135541013
6.805277824401856,1732.9683173933804,0.0300004582769024,0.0300004466230826,0.0300003035765276,0.0300003788445952,0.0300003287500613,0.0300002644944287,0.0300005383868322,0.030001135541013
6.810943126678467,1733.347023457182,0.0300004582769024,0.0300004466230826,0.0300003035765276,0.0300003788445952,0.0300003287500613,0.0300002644944287,0.0300005383868322,0.030001135541013
6.824395179748535,1734.2433218193487,0.0300004582769024,0.0300004466230826,0.0300003035765276,0.0300003788445952,0.0300003287500613,0.0300002644944287,0.0300005383868322,0.030001135541013
6.8402252197265625,1735.2928176851146,0.0300004582769024,0.0300004466230826,0.0300003035765276,0.0300003788445952,0.0300003287500613,0.0300002644944287,0.0300005383868322,0.030001135541013
6.894365787506104,1738.8398690436554,0.0300004582769024,0.0300004466230826,0.0300003035765276,0.0300003788445952,0.0300003287500613,0.0300002644944287,0.0300005383868322,0.030001135541013
6.900232791900635,1739.22035763633,0.0300004582769024,0.0300004466230826,0.0300003035765276,0.0300003788445952,0.0300003287500613,0.0300002644944287,0.0300005383868322,0.030001135541013
6.906952381134033,1739.65521255542,0.0300004582769024,0.0300004466230826,0.0300003035765276,0.0300003788445952,0.0300003287500613,0.0300002644944287,0.0300005383868322,0.030001135541013
6.931570053100586,1741.2399351785157,0.0300004582769024,0.0300004466230826,0.0300003035765276,0.0300003788445952,0.0300003287500613,0.0300002644944287,0.0300005383868322,0.030001135541013
6.956207752227783,1742.8128446551482,0.0300004582769024,0.0300004466230826,0.0300003035765276,0.0300003788445952,0.0300003287500613,0.0300002644944287,0.0300005383868322,0.030001135541013
6.986664772033691,1744.7393619884435,0.0300004582769024,0.0300004466230826,0.0300003035765276,0.0300003788445952,0.0300003287500613,0.0300002644944287,0.0300005383868322,0.030001135541013
7.023155689239502,1747.0218223580482,0.0300004582769024,0.0300004466230826,0.0300003035765276,0.0300003788445952,0.0300003287500613,0.0300002644944287,0.0300005383868322,0.030001135541013
7.023630142211914,1747.051315933898,0.0300004582769024,0.0300004466230826,0.0300003035765276,0.0300003788445952,0.0300003287500613,0.0300002644944287,0.0300005383868322,0.030001135541013
7.024140357971191,1747.0830274343175,0.0300004582769024,0.0300004466230826,0.0300003035765276,0.0300003788445952,0.0300003287500613,0.0300002644944287,0.0300005383868322,0.030001135541013
7.03083086013794,1747.4983640270843,0.0300004582769024,0.0300004466230826,0.0300003035765276,0.0300003788445952,0.0300003287500613,0.0300002644944287,0.0300005383868322,0.030001135541013
7.04295539855957,1748.2486815382972,0.0300004582769024,0.0300004466230826,0.0300003035765276,0.0300003788445952,0.0300003287500613,0.0300002644944287,0.0300005383868322,0.030001135541013
7.071011066436768,1749.9733208367602,0.0300004582769024,0.0300004466230826,0.0300003035765276,0.0300003788445952,0.0300003287500613,0.0300002644944287,0.0300005383868322,0.030001135541013
7.094808101654053,1751.423632835499,0.0300004582769024,0.0300004466230826,0.0300003035765276,0.0300003788445952,0.0300003287500613,0.0300002644944287,0.0300005383868322,0.030001135541013
7.102081298828125,1751.864621406968,0.0300004582769024,0.0300004466230826,0.0300003035765276,0.0300003788445952,0.0300003287500613,0.0300002644944287,0.0300005383868322,0.030001135541013
7.121960639953613,1753.0645472190145,0.0300004582769024,0.0300004466230826,0.0300003035765276,0.0300003788445952,0.0300003287500613,0.0300002644944287,0.0300005383868322,0.030001135541013
7.1469035148620605,1754.5590124895823,0.0300004582769024,0.0300004466230826,0.0300003035765276,0.0300003788445952,0.0300003287500613,0.0300002644944287,0.0300005383868322,0.030001135541013
7.149034023284912,1754.6860943322658,0.0300004582769024,0.0300004466230826,0.0300003035765276,0.0300003788445952,0.0300003287500613,0.0300002644944287,0.0300005383868322,0.030001135541013
7.157351970672607,1755.1813957696568,0.0300004582769024,0.0300004466230826,0.0300003035765276,0.0300003788445952,0.0300003287500613,0.0300002644944287,0.0300005383868322,0.030001135541013
7.162227153778076,1755.471064486252,0.0300004582769024,0.0300004466230826,0.0300003035765276,0.0300003788445952,0.0300003287500613,0.0300002644944287,0.0300005383868322,0.030001135541013
7.163903713226318,1755.57057333271,0.0300004582769024,0.0300004466230826,0.0300003035765276,0.0300003788445952,0.0300003287500613,0.0300002644944287,0.0300005383868322,0.030001135541013
7.17361307144165,1756.145775854624,0.0300004582769024,0.0300004466230826,0.0300003035765276,0.0300003788445952,0.0300003287500613,0.0300002644944287,0.0300005383868322,0.030001135541013
7.175375938415527,1756.2500150812955,0.0300004582769024,0.0300004466230826,0.0300003035765276,0.0300003788445952,0.0300003287500613,0.0300002644944287,0.0300005383868322,0.030001135541013
7.189870834350586,1757.1048226329851,0.0300004582769024,0.0300004466230826,0.0300003035765276,0.0300003788445952,0.0300003287500613,0.0300002644944287,0.0300005383868322,0.030001135541013
7.193524360656738,1757.3196415139132,0.0300004582769024,0.0300004466230826,0.0300003035765276,0.0300003788445952,0.0300003287500613,0.0300002644944287,0.0300005383868322,0.030001135541013
7.1977219581604,1757.5661331789006,0.0300004582769024,0.0300004466230826,0.0300003035765276,0.0300003788445952,0.0300003287500613,0.0300002644944287,0.0300005383868322,0.030001135541013
7.199976444244385,1757.6983814306395,0.0300004582769024,0.0300004466230826,0.0300003035765276,0.0300003788445952,0.0300003287500613,0.0300002644944287,0.0300005383868322,0.030001135541013
7.200961589813232,1757.7561394582085,0.0300004582769024,0.0300004466230826,0.0300003035765276,0.0300003788445952,0.0300003287500613,0.0300002644944287,0.0300005383868322,0.030001135541013
7.210289001464844,1758.302073368654,0.0300004582769024,0.0300004466230826,0.0300003035765276,0.0300003788445952,0.0300003287500613,0.0300002644944287,0.0300005383868322,0.030001135541013
7.216797351837158,1758.6820217178683,0.0300004582769024,0.0300004466230826,0.0300003035765276,0.0300003788445952,0.0300003287500613,0.0300002644944287,0.0300005383868322,0.030001135541013
7.220033168792725,1758.870623423375,0.0300004582769024,0.0300004466230826,0.0300003035765276,0.0300003788445952,0.0300003287500613,0.0300002644944287,0.0300005383868322,0.030001135541013
7.228085994720459,1759.3391227915326,0.0300004582769024,0.0300004466230826,0.0300003035765276,0.0300003788445952,0.0300003287500613,0.0300002644944287,0.0300005383868322,0.030001135541013
7.229541778564453,1759.4236863039378,0.0300004582769024,0.0300004466230826,0.0300003035765276,0.0300003788445952,0.0300003287500613,0.0300002644944287,0.0300005383868322,0.030001135541013
7.232741832733154,1759.609429692957,0.0300004582769024,0.0300004466230826,0.0300003035765276,0.0300003788445952,0.0300003287500613,0.0300002644944287,0.0300005383868322,0.030001135541013
7.247649669647217,1760.4721859308222,0.0300004582769024,0.0300004466230826,0.0300003035765276,0.0300003788445952,0.0300003287500613,0.0300002644944287,0.0300005383868322,0.030001135541013
7.265570163726807,1761.5037605341608,0.0300004582769024,0.0300004466230826,0.0300003035765276,0.0300003788445952,0.0300003287500613,0.0300002644944287,0.0300005383868322,0.030001135541013
7.267368316650391,1761.6069375669845,0.0300004582769024,0.0300004466230826,0.0300003035765276,0.0300003788445952,0.0300003287500613,0.0300002644944287,0.0300005383868322,0.030001135541013
7.270466804504394,1761.7845856072393,0.0300004582769024,0.0300004466230826,0.0300003035765276,0.0300003788445952,0.0300003287500613,0.0300002644944287,0.0300005383868322,0.030001135541013
7.281203746795654,1762.3987928342654,0.0300004582769024,0.0300004466230826,0.0300003035765276,0.0300003788445952,0.0300003287500613,0.0300002644944287,0.0300005383868322,0.030001135541013
7.292515754699707,1763.0435841148874,0.0300004582769024,0.0300004466230826,0.0300003035765276,0.0300003788445952,0.0300003287500613,0.0300002644944287,0.0300005383868322,0.030001135541013
7.296691417694092,1763.2810020446325,0.0300004582769024,0.0300004466230826,0.0300003035765276,0.0300003788445952,0.0300003287500613,0.0300002644944287,0.0300005383868322,0.030001135541013
7.318046569824219,1764.4901937012478,0.0300004582769024,0.0300004466230826,0.0300003035765276,0.0300003788445952,0.0300003287500613,0.0300002644944287,0.0300005383868322,0.030001135541013
7.31898832321167,1764.5433263382672,0.0300004582769024,0.0300004466230826,0.0300003035765276,0.0300003788445952,0.0300003287500613,0.0300002644944287,0.0300005383868322,0.030001135541013
7.322546482086182,1764.7439275212064,0.0300004582769024,0.0300004466230826,0.0300003035765276,0.0300003788445952,0.0300003287500613,0.0300002644944287,0.0300005383868322,0.030001135541013
7.32941722869873,1765.130632689957,0.0300004582769024,0.0300004466230826,0.0300003035765276,0.0300003788445952,0.0300003287500613,0.0300002644944287,0.0300005383868322,0.030001135541013
7.329582691192627,1765.139934805265,0.0300004582769024,0.0300004466230826,0.0300003035765276,0.0300003788445952,0.0300003287500613,0.0300002644944287,0.0300005383868322,0.030001135541013
7.330443382263184,1765.188313868603,0.0300004582769024,0.0300004466230826,0.0300003035765276,0.0300003788445952,0.0300003287500613,0.0300002644944287,0.0300005383868322,0.030001135541013
7.330964088439941,1765.217576001099,0.0300004582769024,0.0300004466230826,0.0300003035765276,0.0300003788445952,0.0300003287500613,0.0300002644944287,0.0300005383868322,0.030001135541013
7.33265495300293,1765.3125636044156,0.0300004582769024,0.0300004466230826,0.0300003035765276,0.0300003788445952,0.0300003287500613,0.0300002644944287,0.0300005383868322,0.030001135541013
7.351730823516846,1766.3806034811596,0.0300004582769024,0.0300004466230826,0.0300003035765276,0.0300003788445952,0.0300003287500613,0.0300002644944287,0.0300005383868322,0.030001135541013
7.351861000061035,1766.3878693885108,0.0300004582769024,0.0300004466230826,0.0300003035765276,0.0300003788445952,0.0300003287500613,0.0300002644944287,0.0300005383868322,0.030001135541013
7.356020927429199,1766.6198985880296,0.0300004582769024,0.0300004466230826,0.0300003035765276,0.0300003788445952,0.0300003287500613,0.0300002644944287,0.0300005383868322,0.030001135541013
7.358250141143799,1766.7441100047072,0.0300004582769024,0.0300004466230826,0.0300003035765276,0.0300003788445952,0.0300003287500613,0.0300002644944287,0.0300005383868322,0.030001135541013
7.369633197784424,1767.376983713279,0.0300004582769024,0.0300004466230826,0.0300003035765276,0.0300003788445952,0.0300003287500613,0.0300002644944287,0.0300005383868322,0.030001135541013
7.370791912078857,1767.4412758277913,0.0300004582769024,0.0300004466230826,0.0300003035765276,0.0300003788445952,0.0300003287500613,0.0300002644944287,0.0300005383868322,0.030001135541013
7.372244834899902,1767.521858459797,0.0300004582769024,0.0300004466230826,0.0300003035765276,0.0300003788445952,0.0300003287500613,0.0300002644944287,0.0300005383868322,0.030001135541013
7.373934268951416,1767.615511237455,0.0300004582769024,0.0300004466230826,0.0300003035765276,0.0300003788445952,0.0300003287500613,0.0300002644944287,0.0300005383868322,0.030001135541013
7.374142646789551,1767.6270590147756,0.0300004582769024,0.0300004466230826,0.0300003035765276,0.0300003788445952,0.0300003287500613,0.0300002644944287,0.0300005383868322,0.030001135541013
7.382490634918213,1768.0890478413985,0.0300004582769024,0.0300004466230826,0.0300003035765276,0.0300003788445952,0.0300003287500613,0.0300002644944287,0.0300005383868322,0.030001135541013
7.402392387390137,1769.1854536389255,0.0300004582769024,0.0300004466230826,0.0300003035765276,0.0300003788445952,0.0300003287500613,0.0300002644944287,0.0300005383868322,0.030001135541013
7.418289184570312,1770.056209684445,0.0300004582769024,0.0300004466230826,0.0300003035765276,0.0300003788445952,0.0300003287500613,0.0300002644944287,0.0300005383868322,0.030001135541013
7.423522472381592,1770.3418975358402,0.0300004582769024,0.0300004466230826,0.0300003035765276,0.0300003788445952,0.0300003287500613,0.0300002644944287,0.0300005383868322,0.030001135541013
7.438072204589844,1771.1336667188662,0.0300004582769024,0.0300004466230826,0.0300003035765276,0.0300003788445952,0.0300003287500613,0.0300002644944287,0.0300005383868322,0.030001135541013
7.447762489318848,1771.6589556237996,0.0300004582769024,0.0300004466230826,0.0300003035765276,0.0300003788445952,0.0300003287500613,0.0300002644944287,0.0300005383868322,0.030001135541013
7.466101169586182,1772.648621452346,0.0300004582769024,0.0300004466230826,0.0300003035765276,0.0300003788445952,0.0300003287500613,0.0300002644944287,0.0300005383868322,0.030001135541013
7.469316959381103,1772.8215696566306,0.0300004582769024,0.0300004466230826,0.0300003035765276,0.0300003788445952,0.0300003287500613,0.0300002644944287,0.0300005383868322,0.030001135541013
7.470819473266602,1772.902315589989,0.0300004582769024,0.0300004466230826,0.0300003035765276,0.0300003788445952,0.0300003287500613,0.0300002644944287,0.0300005383868322,0.030001135541013
7.473136901855469,1773.0267797992497,0.0300004582769024,0.0300004466230826,0.0300003035765276,0.0300003788445952,0.0300003287500613,0.0300002644944287,0.0300005383868322,0.030001135541013
7.473799705505371,1773.0623607079829,0.0300004582769024,0.0300004466230826,0.0300003035765276,0.0300003788445952,0.0300003287500613,0.0300002644944287,0.0300005383868322,0.030001135541013
7.483129501342773,1773.562411513861,0.0300004582769024,0.0300004466230826,0.0300003035765276,0.0300003788445952,0.0300003287500613,0.0300002644944287,0.0300005383868322,0.030001135541013
7.4835309982299805,1773.5838973372104,0.0300004582769024,0.0300004466230826,0.0300003035765276,0.0300003788445952,0.0300003287500613,0.0300002644944287,0.0300005383868322,0.030001135541013
7.485560894012451,1773.6924838113246,0.0300004582769024,0.0300004466230826,0.0300003035765276,0.0300003788445952,0.0300003287500613,0.0300002644944287,0.0300005383868322,0.030001135541013
7.485823154449463,1773.706507961526,0.0300004582769024,0.0300004466230826,0.0300003035765276,0.0300003788445952,0.0300003287500613,0.0300002644944287,0.0300005383868322,0.030001135541013
7.497884273529053,1774.3502049715933,0.0300004582769024,0.0300004466230826,0.0300003035765276,0.0300003788445952,0.0300003287500613,0.0300002644944287,0.0300005383868322,0.030001135541013
7.511995315551758,1775.100184157294,0.0300004582769024,0.0300004466230826,0.0300003035765276,0.0300003788445952,0.0300003287500613,0.0300002644944287,0.0300005383868322,0.030001135541013
7.512152671813965,1775.108528483774,0.0300004582769024,0.0300004466230826,0.0300003035765276,0.0300003788445952,0.0300003287500613,0.0300002644944287,0.0300005383868322,0.030001135541013
7.51587438583374,1775.305763191762,0.0300004582769024,0.0300004466230826,0.0300003035765276,0.0300003788445952,0.0300003287500613,0.0300002644944287,0.0300005383868322,0.030001135541013
7.517996311187744,1775.4181119771629,0.0300004582769024,0.0300004466230826,0.0300003035765276,0.0300003788445952,0.0300003287500613,0.0300002644944287,0.0300005383868322,0.030001135541013
7.523068428039551,1775.6863576986589,0.0300004582769024,0.0300004466230826,0.0300003035765276,0.0300003788445952,0.0300003287500613,0.0300002644944287,0.0300005383868322,0.030001135541013
7.52331018447876,1775.6991325600147,0.0300004582769024,0.0300004466230826,0.0300003035765276,0.0300003788445952,0.0300003287500613,0.0300002644944287,0.0300005383868322,0.030001135541013
7.531721591949463,1776.1429989632666,0.0300004582769024,0.0300004466230826,0.0300003035765276,0.0300003788445952,0.0300003287500613,0.0300002644944287,0.0300005383868322,0.030001135541013
7.534916400909424,1776.311278421721,0.0300004582769024,0.0300004466230826,0.0300003035765276,0.0300003788445952,0.0300003287500613,0.0300002644944287,0.0300005383868322,0.030001135541013
7.536853790283203,1776.4132433291684,0.0300004582769024,0.0300004466230826,0.0300003035765276,0.0300003788445952,0.0300003287500613,0.0300002644944287,0.0300005383868322,0.030001135541013
7.538435935974121,1776.4964654323771,0.0300004582769024,0.0300004466230826,0.0300003035765276,0.0300003788445952,0.0300003287500613,0.0300002644944287,0.0300005383868322,0.030001135541013
7.538552284240723,1776.5025837997282,0.0300004582769024,0.0300004466230826,0.0300003035765276,0.0300003788445952,0.0300003287500613,0.0300002644944287,0.0300005383868322,0.030001135541013
7.538858890533447,1776.5187061245756,0.0300004582769024,0.0300004466230826,0.0300003035765276,0.0300003788445952,0.0300003287500613,0.0300002644944287,0.0300005383868322,0.030001135541013
7.542599678039551,1776.7152827744226,0.0300004582769024,0.0300004466230826,0.0300003035765276,0.0300003788445952,0.0300003287500613,0.0300002644944287,0.0300005383868322,0.030001135541013
7.5464091300964355,1776.9152291049254,0.0300004582769024,0.0300004466230826,0.0300003035765276,0.0300003788445952,0.0300003287500613,0.0300002644944287,0.0300005383868322,0.030001135541013
7.547377109527588,1776.965997026646,0.0300004582769024,0.0300004466230826,0.0300003035765276,0.0300003788445952,0.0300003287500613,0.0300002644944287,0.0300005383868322,0.030001135541013
7.575042247772217,1778.4104253877745,0.0300004582769024,0.0300004466230826,0.0300003035765276,0.0300003788445952,0.0300003287500613,0.0300002644944287,0.0300005383868322,0.030001135541013
7.579874515533447,1778.661434367105,0.0300004582769024,0.0300004466230826,0.0300003035765276,0.0300003788445952,0.0300003287500613,0.0300002644944287,0.0300005383868322,0.030001135541013
7.58911657333374,1779.140445350374,0.0300004582769024,0.0300004466230826,0.0300003035765276,0.0300003788445952,0.0300003287500613,0.0300002644944287,0.0300005383868322,0.030001135541013
7.589507102966309,1779.1606556545128,0.0300004582769024,0.0300004466230826,0.0300003035765276,0.0300003788445952,0.0300003287500613,0.0300002644944287,0.0300005383868322,0.030001135541013
7.589853763580322,1779.1785936138522,0.0300004582769024,0.0300004466230826,0.0300003035765276,0.0300003788445952,0.0300003287500613,0.0300002644944287,0.0300005383868322,0.030001135541013
7.592560291290283,1779.3185757540364,0.0300004582769024,0.0300004466230826,0.0300003035765276,0.0300003788445952,0.0300003287500613,0.0300002644944287,0.0300005383868322,0.030001135541013
7.59526777267456,1779.458488143374,0.0300004582769024,0.0300004466230826,0.0300003035765276,0.0300003788445952,0.0300003287500613,0.0300002644944287,0.0300005383868322,0.030001135541013
7.603202819824219,1779.8678566138888,0.0300004582769024,0.0300004466230826,0.0300003035765276,0.0300003788445952,0.0300003287500613,0.0300002644944287,0.0300005383868322,0.030001135541013
7.606010913848877,1780.0124818217496,0.0300004582769024,0.0300004466230826,0.0300003035765276,0.0300003788445952,0.0300003287500613,0.0300002644944287,0.0300005383868322,0.030001135541013
7.609441757202148,1780.1890075902593,0.0300004582769024,0.0300004466230826,0.0300003035765276,0.0300003788445952,0.0300003287500613,0.0300002644944287,0.0300005383868322,0.030001135541013
7.611579895019531,1780.2989242525375,0.0300004582769024,0.0300004466230826,0.0300003035765276,0.0300003788445952,0.0300003287500613,0.0300002644944287,0.0300005383868322,0.030001135541013
7.613410472869873,1780.39297142672,0.0300004582769024,0.0300004466230826,0.0300003035765276,0.0300003788445952,0.0300003287500613,0.0300002644944287,0.0300005383868322,0.030001135541013
7.614574909210205,1780.452767044609,0.0300004582769024,0.0300004466230826,0.0300003035765276,0.0300003788445952,0.0300003287500613,0.0300002644944287,0.0300005383868322,0.030001135541013
7.621668338775635,1780.8165546176692,0.0300004582769024,0.0300004466230826,0.0300003035765276,0.0300003788445952,0.0300003287500613,0.0300002644944287,0.0300005383868322,0.030001135541013
7.624249458312988,1780.9487271969206,0.0300004582769024,0.0300004466230826,0.0300003035765276,0.0300003788445952,0.0300003287500613,0.0300002644944287,0.0300005383868322,0.030001135541013
7.626577377319336,1781.0678424100545,0.0300004582769024,0.0300004466230826,0.0300003035765276,0.0300003788445952,0.0300003287500613,0.0300002644944287,0.0300005383868322,0.030001135541013
7.628279209136963,1781.154867000662,0.0300004582769024,0.0300004466230826,0.0300003035765276,0.0300003788445952,0.0300003287500613,0.0300002644944287,0.0300005383868322,0.030001135541013
7.636844158172607,1781.5921397932134,0.0300004582769024,0.0300004466230826,0.0300003035765276,0.0300003788445952,0.0300003287500613,0.0300002644944287,0.0300005383868322,0.030001135541013
7.645934581756592,1782.0549603572276,0.0300004582769024,0.0300004466230826,0.0300003035765276,0.0300003788445952,0.0300003287500613,0.0300002644944287,0.0300005383868322,0.030001135541013
7.653825283050537,1782.4556349153122,0.0300004582769024,0.0300004466230826,0.0300003035765276,0.0300003788445952,0.0300003287500613,0.0300002644944287,0.0300005383868322,0.030001135541013
7.655430793762207,1782.5370388283757,0.0300004582769024,0.0300004466230826,0.0300003035765276,0.0300003788445952,0.0300003287500613,0.0300002644944287,0.0300005383868322,0.030001135541013
7.655604362487793,1782.545836807717,0.0300004582769024,0.0300004466230826,0.0300003035765276,0.0300003788445952,0.0300003287500613,0.0300002644944287,0.0300005383868322,0.030001135541013
7.660459041595459,1782.7917213570695,0.0300004582769024,0.0300004466230826,0.0300003035765276,0.0300003788445952,0.0300003287500613,0.0300002644944287,0.0300005383868322,0.030001135541013
7.671297073364258,1783.3393148848663,0.0300004582769024,0.0300004466230826,0.0300003035765276,0.0300003788445952,0.0300003287500613,0.0300002644944287,0.0300005383868322,0.030001135541013
7.674317836761475,1783.4916101011922,0.0300004582769024,0.0300004466230826,0.0300003035765276,0.0300003788445952,0.0300003287500613,0.0300002644944287,0.0300005383868322,0.030001135541013
7.675466537475586,1783.5494855450834,0.0300004582769024,0.0300004466230826,0.0300003035765276,0.0300003788445952,0.0300003287500613,0.0300002644944287,0.0300005383868322,0.030001135541013
7.680985450744629,1783.8272585944185,0.0300004582769024,0.0300004466230826,0.0300003035765276,0.0300003788445952,0.0300003287500613,0.0300002644944287,0.0300005383868322,0.030001135541013
7.684718608856201,1784.0148821523314,0.0300004582769024,0.0300004466230826,0.0300003035765276,0.0300003788445952,0.0300003287500613,0.0300002644944287,0.0300005383868322,0.030001135541013
7.687526226043701,1784.1558457049832,0.0300004582769024,0.0300004466230826,0.0300003035765276,0.0300003788445952,0.0300003287500613,0.0300002644944287,0.0300005383868322,0.030001135541013
7.69022798538208,1784.2913781895843,0.0300004582769024,0.0300004466230826,0.0300003035765276,0.0300003788445952,0.0300003287500613,0.0300002644944287,0.0300005383868322,0.030001135541013
7.71027946472168,1785.2937020359943,0.0300004582769024,0.0300004466230826,0.0300003035765276,0.0300003788445952,0.0300003287500613,0.0300002644944287,0.0300005383868322,0.030001135541013
7.712532520294189,1785.4059371327078,0.0300004582769024,0.0300004466230826,0.0300003035765276,0.0300003788445952,0.0300003287500613,0.0300002644944287,0.0300005383868322,0.030001135541013
7.713054180145264,1785.4319122319794,0.0300004582769024,0.0300004466230826,0.0300003035765276,0.0300003788445952,0.0300003287500613,0.0300002644944287,0.0300005383868322,0.030001135541013
7.7163825035095215,1785.5975410742722,0.0300004582769024,0.0300004466230826,0.0300003035765276,0.0300003788445952,0.0300003287500613,0.0300002644944287,0.0300005383868322,0.030001135541013
7.718769550323486,1785.7162235032338,0.0300004582769024,0.0300004466230826,0.0300003035765276,0.0300003788445952,0.0300003287500613,0.0300002644944287,0.0300005383868322,0.030001135541013
7.727519989013672,1786.1505393416935,0.0300004582769024,0.0300004466230826,0.0300003035765276,0.0300003788445952,0.0300003287500613,0.0300002644944287,0.0300005383868322,0.030001135541013
7.740079402923584,1786.77185454835,0.0300004582769024,0.0300004466230826,0.0300003035765276,0.0300003788445952,0.0300003287500613,0.0300002644944287,0.0300005383868322,0.030001135541013
7.743053436279297,1786.9186268994638,0.0300004582769024,0.0300004466230826,0.0300003035765276,0.0300003788445952,0.0300003287500613,0.0300002644944287,0.0300005383868322,0.030001135541013
7.754425525665283,1787.47861095903,0.0300004582769024,0.0300004466230826,0.0300003035765276,0.0300003788445952,0.0300003287500613,0.0300002644944287,0.0300005383868322,0.030001135541013
7.758109092712402,1787.6595755306207,0.0300004582769024,0.0300004466230826,0.0300003035765276,0.0300003788445952,0.0300003287500613,0.0300002644944287,0.0300005383868322,0.030001135541013
7.758415222167969,1787.6746056529832,0.0300004582769024,0.0300004466230826,0.0300003035765276,0.0300003788445952,0.0300003287500613,0.0300002644944287,0.0300005383868322,0.030001135541013
7.773715972900391,1788.4240245075416,0.0300004582769024,0.0300004466230826,0.0300003035765276,0.0300003788445952,0.0300003287500613,0.0300002644944287,0.0300005383868322,0.030001135541013
7.776044845581055,1788.5377810787124,0.0300004582769024,0.0300004466230826,0.0300003035765276,0.0300003788445952,0.0300003287500613,0.0300002644944287,0.0300005383868322,0.030001135541013
7.785970211029053,1789.0216831609157,0.0300004582769024,0.0300004466230826,0.0300003035765276,0.0300003788445952,0.0300003287500613,0.0300002644944287,0.0300005383868322,0.030001135541013
7.792499542236328,1789.3392092005088,0.0300004582769024,0.0300004466230826,0.0300003035765276,0.0300003788445952,0.0300003287500613,0.0300002644944287,0.0300005383868322,0.030001135541013
7.795894622802734,1789.5040624642447,0.0300004582769024,0.0300004466230826,0.0300003035765276,0.0300003788445952,0.0300003287500613,0.0300002644944287,0.0300005383868322,0.030001135541013
7.796440601348877,1789.5305572118882,0.0300004582769024,0.0300004466230826,0.0300003035765276,0.0300003788445952,0.0300003287500613,0.0300002644944287,0.0300005383868322,0.030001135541013
7.818065166473389,1790.5763674391317,0.0300004582769024,0.0300004466230826,0.0300003035765276,0.0300003788445952,0.0300003287500613,0.0300002644944287,0.0300005383868322,0.030001135541013
7.818666458129883,1790.605348072885,0.0300004582769024,0.0300004466230826,0.0300003035765276,0.0300003788445952,0.0300003287500613,0.0300002644944287,0.0300005383868322,0.030001135541013
7.81948709487915,1790.6448919207703,0.0300004582769024,0.0300004466230826,0.0300003035765276,0.0300003788445952,0.0300003287500613,0.0300002644944287,0.0300005383868322,0.030001135541013
7.819774150848389,1790.6587218752688,0.0300004582769024,0.0300004466230826,0.0300003035765276,0.0300003788445952,0.0300003287500613,0.0300002644944287,0.0300005383868322,0.030001135541013
7.820373058319092,1790.6875724772765,0.0300004582769024,0.0300004466230826,0.0300003035765276,0.0300003788445952,0.0300003287500613,0.0300002644944287,0.0300005383868322,0.030001135541013
7.821011543273926,1790.7183237709378,0.0300004582769024,0.0300004466230826,0.0300003035765276,0.0300003788445952,0.0300003287500613,0.0300002644944287,0.0300005383868322,0.030001135541013
7.8257222175598145,1790.945017541353,0.0300004582769024,0.0300004466230826,0.0300003035765276,0.0300003788445952,0.0300003287500613,0.0300002644944287,0.0300005383868322,0.030001135541013
7.827280044555664,1791.0199134898717,0.0300004582769024,0.0300004466230826,0.0300003035765276,0.0300003788445952,0.0300003287500613,0.0300002644944287,0.0300005383868322,0.030001135541013
7.832801342010498,1791.2850741790155,0.0300004582769024,0.0300004466230826,0.0300003035765276,0.0300003788445952,0.0300003287500613,0.0300002644944287,0.0300005383868322,0.030001135541013
7.833004951477051,1791.2948439634995,0.0300004582769024,0.0300004466230826,0.0300003035765276,0.0300003788445952,0.0300003287500613,0.0300002644944287,0.0300005383868322,0.030001135541013
7.835333347320557,1791.4065239659603,0.0300004582769024,0.0300004466230826,0.0300003035765276,0.0300003788445952,0.0300003287500613,0.0300002644944287,0.0300005383868322,0.030001135541013
7.836820602416992,1791.477817522716,0.0300004582769024,0.0300004466230826,0.0300003035765276,0.0300003788445952,0.0300003287500613,0.0300002644944287,0.0300005383868322,0.030001135541013
7.839648723602295,1791.6132977427828,0.0300004582769024,0.0300004466230826,0.0300003035765276,0.0300003788445952,0.0300003287500613,0.0300002644944287,0.0300005383868322,0.030001135541013
7.848240375518799,1792.0241594452698,0.0300004582769024,0.0300004466230826,0.0300003035765276,0.0300003788445952,0.0300003287500613,0.0300002644944287,0.0300005383868322,0.030001135541013
7.851361274719238,1792.173136903357,0.0300004582769024,0.0300004466230826,0.0300003035765276,0.0300003788445952,0.0300003287500613,0.0300002644944287,0.0300005383868322,0.030001135541013
7.853546142578125,1792.2773479356788,0.0300004582769024,0.0300004466230826,0.0300003035765276,0.0300003788445952,0.0300003287500613,0.0300002644944287,0.0300005383868322,0.030001135541013
7.853891849517822,1792.293830645872,0.0300004582769024,0.0300004466230826,0.0300003035765276,0.0300003788445952,0.0300003287500613,0.0300002644944287,0.0300005383868322,0.030001135541013
7.861316204071045,1792.6473911112291,0.0300004582769024,0.0300004466230826,0.0300003035765276,0.0300003788445952,0.0300003287500613,0.0300002644944287,0.0300005383868322,0.030001135541013
7.868216037750244,1792.9752549622604,0.0300004582769024,0.0300004466230826,0.0300003035765276,0.0300003788445952,0.0300003287500613,0.0300002644944287,0.0300005383868322,0.030001135541013
7.869235038757324,1793.0236169906834,0.0300004582769024,0.0300004466230826,0.0300003035765276,0.0300003788445952,0.0300003287500613,0.0300002644944287,0.0300005383868322,0.030001135541013
7.873105049133301,1793.2071516498602,0.0300004582769024,0.0300004466230826,0.0300003035765276,0.0300003788445952,0.0300003287500613,0.0300002644944287,0.0300005383868322,0.030001135541013
7.876608848571777,1793.3731320214215,0.0300004582769024,0.0300004466230826,0.0300003035765276,0.0300003788445952,0.0300003287500613,0.0300002644944287,0.0300005383868322,0.030001135541013
7.886122703552246,1793.8229246574986,0.0300004582769024,0.0300004466230826,0.0300003035765276,0.0300003788445952,0.0300003287500613,0.0300002644944287,0.0300005383868322,0.030001135541013
7.8873114585876465,1793.8790346022854,0.0300004582769024,0.0300004466230826,0.0300003035765276,0.0300003788445952,0.0300003287500613,0.0300002644944287,0.0300005383868322,0.030001135541013
7.888197422027588,1793.9208393920248,0.0300004582769024,0.0300004466230826,0.0300003035765276,0.0300003788445952,0.0300003287500613,0.0300002644944287,0.0300005383868322,0.030001135541013
7.893079280853271,1794.150991040939,0.0300004582769024,0.0300004466230826,0.0300003035765276,0.0300003788445952,0.0300003287500613,0.0300002644944287,0.0300005383868322,0.030001135541013
7.898797035217285,1794.4201158598105,0.0300004582769024,0.0300004466230826,0.0300003035765276,0.0300003788445952,0.0300003287500613,0.0300002644944287,0.0300005383868322,0.030001135541013
7.90172529220581,1794.5577626783004,0.0300004582769024,0.0300004466230826,0.0300003035765276,0.0300003788445952,0.0300003287500613,0.0300002644944287,0.0300005383868322,0.030001135541013
7.911769390106201,1795.0289695184235,0.0300004582769024,0.0300004466230826,0.0300003035765276,0.0300003788445952,0.0300003287500613,0.0300002644944287,0.0300005383868322,0.030001135541013
7.922413349151611,1795.5267513977074,0.0300004582769024,0.0300004466230826,0.0300003035765276,0.0300003788445952,0.0300003287500613,0.0300002644944287,0.0300005383868322,0.030001135541013
7.923006057739258,1795.5544231205556,0.0300004582769024,0.0300004466230826,0.0300003035765276,0.0300003788445952,0.0300003287500613,0.0300002644944287,0.0300005383868322,0.030001135541013
7.923887252807617,1795.5955541822836,0.0300004582769024,0.0300004466230826,0.0300003035765276,0.0300003788445952,0.0300003287500613,0.0300002644944287,0.0300005383868322,0.030001135541013
7.931238174438477,1795.9382410680591,0.0300004582769024,0.0300004466230826,0.0300003035765276,0.0300003788445952,0.0300003287500613,0.0300002644944287,0.0300005383868322,0.030001135541013
7.932244777679443,1795.9851076831833,0.0300004582769024,0.0300004466230826,0.0300003035765276,0.0300003788445952,0.0300003287500613,0.0300002644944287,0.0300005383868322,0.030001135541013
7.937666893005371,1796.2373110844055,0.0300004582769024,0.0300004466230826,0.0300003035765276,0.0300003788445952,0.0300003287500613,0.0300002644944287,0.0300005383868322,0.030001135541013
7.941868782043457,1796.4324723195691,0.0300004582769024,0.0300004466230826,0.0300003035765276,0.0300003788445952,0.0300003287500613,0.0300002644944287,0.0300005383868322,0.030001135541013
7.94444990158081,1796.552232101783,0.0300004582769024,0.0300004466230826,0.0300003035765276,0.0300003788445952,0.0300003287500613,0.0300002644944287,0.0300005383868322,0.030001135541013
7.953887462615967,1796.989324084206,0.0300004582769024,0.0300004466230826,0.0300003035765276,0.0300003788445952,0.0300003287500613,0.0300002644944287,0.0300005383868322,0.030001135541013
7.961557865142822,1797.34365374071,0.0300004582769024,0.0300004466230826,0.0300003035765276,0.0300003788445952,0.0300003287500613,0.0300002644944287,0.0300005383868322,0.030001135541013
7.965784549713135,1797.538552149922,0.0300004582769024,0.0300004466230826,0.0300003035765276,0.0300003788445952,0.0300003287500613,0.0300002644944287,0.0300005383868322,0.030001135541013
7.965922832489014,1797.5449243610656,0.0300004582769024,0.0300004466230826,0.0300003035765276,0.0300003788445952,0.0300003287500613,0.0300002644944287,0.0300005383868322,0.030001135541013
7.968259811401367,1797.6525744824007,0.0300004582769024,0.0300004466230826,0.0300003035765276,0.0300003788445952,0.0300003287500613,0.0300002644944287,0.0300005383868322,0.030001135541013
7.976998805999756,1798.05445333522,0.0300004582769024,0.0300004466230826,0.0300003035765276,0.0300003788445952,0.0300003287500613,0.0300002644944287,0.0300005383868322,0.030001135541013
7.990483283996582,1798.6724871559582,0.0300004582769024,0.0300004466230826,0.0300003035765276,0.0300003788445952,0.0300003287500613,0.0300002644944287,0.0300005383868322,0.030001135541013
7.99083662033081,1798.6886478637175,0.0300004582769024,0.0300004466230826,0.0300003035765276,0.0300003788445952,0.0300003287500613,0.0300002644944287,0.0300005383868322,0.030001135541013
7.991409778594971,1798.7148590107054,0.0300004582769024,0.0300004466230826,0.0300003035765276,0.0300003788445952,0.0300003287500613,0.0300002644944287,0.0300005383868322,0.030001135541013
7.991506099700928,1798.7192634348185,0.0300004582769024,0.0300004466230826,0.0300003035765276,0.0300003788445952,0.0300003287500613,0.0300002644944287,0.0300005383868322,0.030001135541013
7.993120193481445,1798.793051234115,0.0300004582769024,0.0300004466230826,0.0300003035765276,0.0300003788445952,0.0300003287500613,0.0300002644944287,0.0300005383868322,0.030001135541013
7.995344638824463,1798.8946823011036,0.0300004582769024,0.0300004466230826,0.0300003035765276,0.0300003788445952,0.0300003287500613,0.0300002644944287,0.0300005383868322,0.030001135541013
7.996031761169434,1798.9260619742745,0.0300004582769024,0.0300004466230826,0.0300003035765276,0.0300003788445952,0.0300003287500613,0.0300002644944287,0.0300005383868322,0.030001135541013
7.998054027557373,1799.0183776750655,0.0300004582769024,0.0300004466230826,0.0300003035765276,0.0300003788445952,0.0300003287500613,0.0300002644944287,0.0300005383868322,0.030001135541013
7.998486995697021,1799.03813520427,0.0300004582769024,0.0300004466230826,0.0300003035765276,0.0300003788445952,0.0300003287500613,0.0300002644944287,0.0300005383868322,0.030001135541013
8.001251220703125,1799.1642137302042,0.0300004582769024,0.0300004466230826,0.0300003035765276,0.0300003788445952,0.0300003287500613,0.0300002644944287,0.0300005383868322,0.030001135541013
8.005311965942383,1799.349237494319,0.0300004582769024,0.0300004466230826,0.0300003035765276,0.0300003788445952,0.0300003287500613,0.0300002644944287,0.0300005383868322,0.030001135541013
8.009466171264648,1799.5382859481374,0.0300004582769024,0.0300004466230826,0.0300003035765276,0.0300003788445952,0.0300003287500613,0.0300002644944287,0.0300005383868322,0.030001135541013
8.02274227142334,1800.1408708903464,0.0300004582769024,0.0300004466230826,0.0300003035765276,0.0300003788445952,0.0300003287500613,0.0300002644944287,0.0300005383868322,0.030001135541013
8.023444175720215,1800.172662579848,0.0300004582769024,0.0300004466230826,0.0300003035765276,0.0300003788445952,0.0300003287500613,0.0300002644944287,0.0300005383868322,0.030001135541013
8.02840805053711,1800.3973026600734,0.0300004582769024,0.0300004466230826,0.0300003035765276,0.0300003788445952,0.0300003287500613,0.0300002644944287,0.0300005383868322,0.030001135541013
8.030643463134766,1800.498356992023,0.0300004582769024,0.0300004466230826,0.0300003035765276,0.0300003788445952,0.0300003287500613,0.0300002644944287,0.0300005383868322,0.030001135541013
8.047903060913086,1801.276320212795,0.0300004582769024,0.0300004466230826,0.0300003035765276,0.0300003788445952,0.0300003287500613,0.0300002644944287,0.0300005383868322,0.030001135541013
8.05199146270752,1801.460013250012,0.0300004582769024,0.0300004466230826,0.0300003035765276,0.0300003788445952,0.0300003287500613,0.0300002644944287,0.0300005383868322,0.030001135541013
8.05514144897461,1801.6013897682,0.0300004582769024,0.0300004466230826,0.0300003035765276,0.0300003788445952,0.0300003287500613,0.0300002644944287,0.0300005383868322,0.030001135541013
8.056344985961914,1801.65537129405,0.0300004582769024,0.0300004466230826,0.0300003035765276,0.0300003788445952,0.0300003287500613,0.0300002644944287,0.0300005383868322,0.030001135541013
8.057110786437988,1801.6897091678643,0.0300004582769024,0.0300004466230826,0.0300003035765276,0.0300003788445952,0.0300003287500613,0.0300002644944287,0.0300005383868322,0.030001135541013
8.057842254638672,1801.7225002653963,0.0300004582769024,0.0300004466230826,0.0300003035765276,0.0300003788445952,0.0300003287500613,0.0300002644944287,0.0300005383868322,0.030001135541013
8.058433532714844,1801.749001515206,0.0300004582769024,0.0300004466230826,0.0300003035765276,0.0300003788445952,0.0300003287500613,0.0300002644944287,0.0300005383868322,0.030001135541013
8.058887481689453,1801.7693444556585,0.0300004582769024,0.0300004466230826,0.0300003035765276,0.0300003788445952,0.0300003287500613,0.0300002644944287,0.0300005383868322,0.030001135541013
8.06156063079834,1801.8890810206983,0.0300004582769024,0.0300004466230826,0.0300003035765276,0.0300003788445952,0.0300003287500613,0.0300002644944287,0.0300005383868322,0.030001135541013
8.067451477050781,1802.152608150958,0.0300004582769024,0.0300004466230826,0.0300003035765276,0.0300003788445952,0.0300003287500613,0.0300002644944287,0.0300005383868322,0.030001135541013
8.06749153137207,1802.1543983941208,0.0300004582769024,0.0300004466230826,0.0300003035765276,0.0300003788445952,0.0300003287500613,0.0300002644944287,0.0300005383868322,0.030001135541013
8.072671890258789,1802.3857560326128,0.0300004582769024,0.0300004466230826,0.0300003035765276,0.0300003788445952,0.0300003287500613,0.0300002644944287,0.0300005383868322,0.030001135541013
8.079947471618652,1802.7100836756656,0.0300004582769024,0.0300004466230826,0.0300003035765276,0.0300003788445952,0.0300003287500613,0.0300002644944287,0.0300005383868322,0.030001135541013
8.081738471984863,1802.789814119811,0.0300004582769024,0.0300004466230826,0.0300003035765276,0.0300003788445952,0.0300003287500613,0.0300002644944287,0.0300005383868322,0.030001135541013
8.083988189697266,1802.8899050519265,0.0300004582769024,0.0300004466230826,0.0300003035765276,0.0300003788445952,0.0300003287500613,0.0300002644944287,0.0300005383868322,0.030001135541013
8.08633041381836,1802.9940402872148,0.0300004582769024,0.0300004466230826,0.0300003035765276,0.0300003788445952,0.0300003287500613,0.0300002644944287,0.0300005383868322,0.030001135541013
8.088160514831543,1803.0753559303091,0.0300004582769024,0.0300004466230826,0.0300003035765276,0.0300003788445952,0.0300003287500613,0.0300002644944287,0.0300005383868322,0.030001135541013
8.0901517868042,1803.1637823810345,0.0300004582769024,0.0300004466230826,0.0300003035765276,0.0300003788445952,0.0300003287500613,0.0300002644944287,0.0300005383868322,0.030001135541013
8.097085952758789,1803.4712987413889,0.0300004582769024,0.0300004466230826,0.0300003035765276,0.0300003788445952,0.0300003287500613,0.0300002644944287,0.0300005383868322,0.030001135541013
8.099051475524902,1803.5583502297995,0.0300004582769024,0.0300004466230826,0.0300003035765276,0.0300003788445952,0.0300003287500613,0.0300002644944287,0.0300005383868322,0.030001135541013
8.104990005493164,1803.821053820635,0.0300004582769024,0.0300004466230826,0.0300003035765276,0.0300003788445952,0.0300003287500613,0.0300002644944287,0.0300005383868322,0.030001135541013
8.110673904418945,1804.07205871698,0.0300004582769024,0.0300004466230826,0.0300003035765276,0.0300003788445952,0.0300003287500613,0.0300002644944287,0.0300005383868322,0.030001135541013
8.111175537109375,1804.094190785259,0.0300004582769024,0.0300004466230826,0.0300003035765276,0.0300003788445952,0.0300003287500613,0.0300002644944287,0.0300005383868322,0.030001135541013
8.115490913391113,1804.2844491570788,0.0300004582769024,0.0300004466230826,0.0300003035765276,0.0300003788445952,0.0300003287500613,0.0300002644944287,0.0300005383868322,0.030001135541013
8.1364164352417,1805.203571732332,0.0300004582769024,0.0300004466230826,0.0300003035765276,0.0300003788445952,0.0300003287500613,0.0300002644944287,0.0300005383868322,0.030001135541013
8.139691352844238,1805.3469016654435,0.0300004582769024,0.0300004466230826,0.0300003035765276,0.0300003788445952,0.0300003287500613,0.0300002644944287,0.0300005383868322,0.030001135541013
8.140175819396973,1805.3680929941645,0.0300004582769024,0.0300004466230826,0.0300003035765276,0.0300003788445952,0.0300003287500613,0.0300002644944287,0.0300005383868322,0.030001135541013
8.143758773803711,1805.5247225823289,0.0300004582769024,0.0300004466230826,0.0300003035765276,0.0300003788445952,0.0300003287500613,0.0300002644944287,0.0300005383868322,0.030001135541013
8.15645694732666,1806.0784886747012,0.0300004582769024,0.0300004466230826,0.0300003035765276,0.0300003788445952,0.0300003287500613,0.0300002644944287,0.0300005383868322,0.030001135541013
8.171865463256836,1806.7476632734465,0.0300004582769024,0.0300004466230826,0.0300003035765276,0.0300003788445952,0.0300003287500613,0.0300002644944287,0.0300005383868322,0.030001135541013
8.177599906921387,1806.99592641018,0.0300004582769024,0.0300004466230826,0.0300003035765276,0.0300003788445952,0.0300003287500613,0.0300002644944287,0.0300005383868322,0.030001135541013
8.180754661560059,1807.132327018624,0.0300004582769024,0.0300004466230826,0.0300003035765276,0.0300003788445952,0.0300003287500613,0.0300002644944287,0.0300005383868322,0.030001135541013
8.18663215637207,1807.386110848779,0.0300004582769024,0.0300004466230826,0.0300003035765276,0.0300003788445952,0.0300003287500613,0.0300002644944287,0.0300005383868322,0.030001135541013
8.18760871887207,1807.4282351217944,0.0300004582769024,0.0300004466230826,0.0300003035765276,0.0300003788445952,0.0300003287500613,0.0300002644944287,0.0300005383868322,0.030001135541013
8.188300132751465,1807.4580520980007,0.0300004582769024,0.0300004466230826,0.0300003035765276,0.0300003788445952,0.0300003287500613,0.0300002644944287,0.0300005383868322,0.030001135541013
8.191804885864258,1807.6090998095112,0.0300004582769024,0.0300004466230826,0.0300003035765276,0.0300003788445952,0.0300003287500613,0.0300002644944287,0.0300005383868322,0.030001135541013
8.19371509552002,1807.6913602322124,0.0300004582769024,0.0300004466230826,0.0300003035765276,0.0300003788445952,0.0300003287500613,0.0300002644944287,0.0300005383868322,0.030001135541013
8.195284843444824,1807.758924487632,0.0300004582769024,0.0300004466230826,0.0300003035765276,0.0300003788445952,0.0300003287500613,0.0300002644944287,0.0300005383868322,0.030001135541013
8.207940101623535,1808.3024851592168,0.0300004582769024,0.0300004466230826,0.0300003035765276,0.0300003788445952,0.0300003287500613,0.0300002644944287,0.0300005383868322,0.030001135541013
8.209260940551758,1808.359100319204,0.0300004582769024,0.0300004466230826,0.0300003035765276,0.0300003788445952,0.0300003287500613,0.0300002644944287,0.0300005383868322,0.030001135541013
8.216856956481934,1808.6842616998624,0.0300004582769024,0.0300004466230826,0.0300003035765276,0.0300003788445952,0.0300003287500613,0.0300002644944287,0.0300005383868322,0.030001135541013
8.221787452697754,1808.8949320870715,0.0300004582769024,0.0300004466230826,0.0300003035765276,0.0300003788445952,0.0300003287500613,0.0300002644944287,0.0300005383868322,0.030001135541013
8.224628448486328,1809.0161836275995,0.0300004582769024,0.0300004466230826,0.0300003035765276,0.0300003788445952,0.0300003287500613,0.0300002644944287,0.0300005383868322,0.030001135541013
8.240083694458008,1809.6740320046824,0.0300004582769024,0.0300004466230826,0.0300003035765276,0.0300003788445952,0.0300003287500613,0.0300002644944287,0.0300005383868322,0.030001135541013
8.246400833129883,1809.942061317344,0.0300004582769024,0.0300004466230826,0.0300003035765276,0.0300003788445952,0.0300003287500613,0.0300002644944287,0.0300005383868322,0.030001135541013
8.250443458557129,1810.1133251486256,0.0300004582769024,0.0300004466230826,0.0300003035765276,0.0300003788445952,0.0300003287500613,0.0300002644944287,0.0300005383868322,0.030001135541013
8.251374244689941,1810.1527287084791,0.0300004582769024,0.0300004466230826,0.0300003035765276,0.0300003788445952,0.0300003287500613,0.0300002644944287,0.0300005383868322,0.030001135541013
8.26094913482666,1810.557445403048,0.0300004582769024,0.0300004466230826,0.0300003035765276,0.0300003788445952,0.0300003287500613,0.0300002644944287,0.0300005383868322,0.030001135541013
8.263050079345703,1810.6460975537789,0.0300004582769024,0.0300004466230826,0.0300003035765276,0.0300003788445952,0.0300003287500613,0.0300002644944287,0.0300005383868322,0.030001135541013
8.263609886169434,1810.669710150172,0.0300004582769024,0.0300004466230826,0.0300003035765276,0.0300003788445952,0.0300003287500613,0.0300002644944287,0.0300005383868322,0.030001135541013
8.27184009552002,1811.016413487056,0.0300004582769024,0.0300004466230826,0.0300003035765276,0.0300003788445952,0.0300003287500613,0.0300002644944287,0.0300005383868322,0.030001135541013
8.273160934448242,1811.0719770690948,0.0300004582769024,0.0300004466230826,0.0300003035765276,0.0300003788445952,0.0300003287500613,0.0300002644944287,0.0300005383868322,0.030001135541013
8.274974822998047,1811.148246752952,0.0300004582769024,0.0300004466230826,0.0300003035765276,0.0300003788445952,0.0300003287500613,0.0300002644944287,0.0300005383868322,0.030001135541013
8.284985542297363,1811.568447051039,0.0300004582769024,0.0300004466230826,0.0300003035765276,0.0300003788445952,0.0300003287500613,0.0300002644944287,0.0300005383868322,0.030001135541013
8.287554740905762,1811.67609125534,0.0300004582769024,0.0300004466230826,0.0300003035765276,0.0300003788445952,0.0300003287500613,0.0300002644944287,0.0300005383868322,0.030001135541013
8.288050651550293,1811.696859608564,0.0300004582769024,0.0300004466230826,0.0300003035765276,0.0300003788445952,0.0300003287500613,0.0300002644944287,0.0300005383868322,0.030001135541013
8.290420532226562,1811.79606686934,0.0300004582769024,0.0300004466230826,0.0300003035765276,0.0300003788445952,0.0300003287500613,0.0300002644944287,0.0300005383868322,0.030001135541013
8.290910720825195,1811.816578439146,0.0300004582769024,0.0300004466230826,0.0300003035765276,0.0300003788445952,0.0300003287500613,0.0300002644944287,0.0300005383868322,0.030001135541013
8.294604301452637,1811.971039205004,0.0300004582769024,0.0300004466230826,0.0300003035765276,0.0300003788445952,0.0300003287500613,0.0300002644944287,0.0300005383868322,0.030001135541013
8.295442581176758,1812.0060718090924,0.0300004582769024,0.0300004466230826,0.0300003035765276,0.0300003788445952,0.0300003287500613,0.0300002644944287,0.0300005383868322,0.030001135541013
8.301301956176758,1812.2507023202556,0.0300004582769024,0.0300004466230826,0.0300003035765276,0.0300003788445952,0.0300003287500613,0.0300002644944287,0.0300005383868322,0.030001135541013
8.301826477050781,1812.272580835455,0.0300004582769024,0.0300004466230826,0.0300003035765276,0.0300003788445952,0.0300003287500613,0.0300002644944287,0.0300005383868322,0.030001135541013
8.309426307678223,1812.589205626296,0.0300004582769024,0.0300004466230826,0.0300003035765276,0.0300003788445952,0.0300003287500613,0.0300002644944287,0.0300005383868322,0.030001135541013
8.310319900512695,1812.6263885256813,0.0300004582769024,0.0300004466230826,0.0300003035765276,0.0300003788445952,0.0300003287500613,0.0300002644944287,0.0300005383868322,0.030001135541013
8.313027381896973,1812.7389892875588,0.0300004582769024,0.0300004466230826,0.0300003035765276,0.0300003788445952,0.0300003287500613,0.0300002644944287,0.0300005383868322,0.030001135541013
8.324322700500488,1813.2077912687944,0.0300004582769024,0.0300004466230826,0.0300003035765276,0.0300003788445952,0.0300003287500613,0.0300002644944287,0.0300005383868322,0.030001135541013
8.325051307678223,1813.2379785914104,0.0300004582769024,0.0300004466230826,0.0300003035765276,0.0300003788445952,0.0300003287500613,0.0300002644944287,0.0300005383868322,0.030001135541013
8.331730842590332,1813.5144242306285,0.0300004582769024,0.0300004466230826,0.0300003035765276,0.0300003788445952,0.0300003287500613,0.0300002644944287,0.0300005383868322,0.030001135541013
8.33343505859375,1813.5848706579109,0.0300004582769024,0.0300004466230826,0.0300003035765276,0.0300003788445952,0.0300003287500613,0.0300002644944287,0.0300005383868322,0.030001135541013
8.334171295166016,1813.615293357037,0.0300004582769024,0.0300004466230826,0.0300003035765276,0.0300003788445952,0.0300003287500613,0.0300002644944287,0.0300005383868322,0.030001135541013
8.341011047363281,1813.8976142122472,0.0300004582769024,0.0300004466230826,0.0300003035765276,0.0300003788445952,0.0300003287500613,0.0300002644944287,0.0300005383868322,0.030001135541013
8.344924926757812,1814.0589133350293,0.0300004582769024,0.0300004466230826,0.0300003035765276,0.0300003788445952,0.0300003287500613,0.0300002644944287,0.0300005383868322,0.030001135541013
8.35505485534668,1814.4755392890183,0.0300004582769024,0.0300004466230826,0.0300003035765276,0.0300003788445952,0.0300003287500613,0.0300002644944287,0.0300005383868322,0.030001135541013
8.366214752197266,1814.933111959109,0.0300004582769024,0.0300004466230826,0.0300003035765276,0.0300003788445952,0.0300003287500613,0.0300002644944287,0.0300005383868322,0.030001135541013
8.368030548095703,1815.007422540735,0.0300004582769024,0.0300004466230826,0.0300003035765276,0.0300003788445952,0.0300003287500613,0.0300002644944287,0.0300005383868322,0.030001135541013
8.370447158813477,1815.106260617347,0.0300004582769024,0.0300004466230826,0.0300003035765276,0.0300003788445952,0.0300003287500613,0.0300002644944287,0.0300005383868322,0.030001135541013
8.373961448669434,1815.249869884912,0.0300004582769024,0.0300004466230826,0.0300003035765276,0.0300003788445952,0.0300003287500613,0.0300002644944287,0.0300005383868322,0.030001135541013
8.374706268310547,1815.2802877271324,0.0300004582769024,0.0300004466230826,0.0300003035765276,0.0300003788445952,0.0300003287500613,0.0300002644944287,0.0300005383868322,0.030001135541013
8.378437995910645,1815.4325898886211,0.0300004582769024,0.0300004466230826,0.0300003035765276,0.0300003788445952,0.0300003287500613,0.0300002644944287,0.0300005383868322,0.030001135541013
8.37865924835205,1815.441614654388,0.0300004582769024,0.0300004466230826,0.0300003035765276,0.0300003788445952,0.0300003287500613,0.0300002644944287,0.0300005383868322,0.030001135541013
8.387649536132812,1815.8078357593613,0.0300004582769024,0.0300004466230826,0.0300003035765276,0.0300003788445952,0.0300003287500613,0.0300002644944287,0.0300005383868322,0.030001135541013
8.393362045288086,1816.0400421622996,0.0300004582769024,0.0300004466230826,0.0300003035765276,0.0300003788445952,0.0300003287500613,0.0300002644944287,0.0300005383868322,0.030001135541013
8.393535614013672,1816.0470915211856,0.0300004582769024,0.0300004466230826,0.0300003035765276,0.0300003788445952,0.0300003287500613,0.0300002644944287,0.0300005383868322,0.030001135541013
8.3994140625,1816.2856317222768,0.0300004582769024,0.0300004466230826,0.0300003035765276,0.0300003788445952,0.0300003287500613,0.0300002644944287,0.0300005383868322,0.030001135541013
8.406872749328613,1816.5877143199136,0.0300004582769024,0.0300004466230826,0.0300003035765276,0.0300003788445952,0.0300003287500613,0.0300002644944287,0.0300005383868322,0.030001135541013
8.409860610961914,1816.7085428947332,0.0300004582769024,0.0300004466230826,0.0300003035765276,0.0300003788445952,0.0300003287500613,0.0300002644944287,0.0300005383868322,0.030001135541013
8.42192554473877,1817.195389962958,0.0300004582769024,0.0300004466230826,0.0300003035765276,0.0300003788445952,0.0300003287500613,0.0300002644944287,0.0300005383868322,0.030001135541013
8.4224271774292,1817.2155953627007,0.0300004582769024,0.0300004466230826,0.0300003035765276,0.0300003788445952,0.0300003287500613,0.0300002644944287,0.0300005383868322,0.030001135541013
8.42603874206543,1817.36098048852,0.0300004582769024,0.0300004466230826,0.0300003035765276,0.0300003788445952,0.0300003287500613,0.0300002644944287,0.0300005383868322,0.030001135541013
8.428051948547363,1817.441957445448,0.0300004582769024,0.0300004466230826,0.0300003035765276,0.0300003788445952,0.0300003287500613,0.0300002644944287,0.0300005383868322,0.030001135541013
8.442570686340332,1818.0245569455988,0.0300004582769024,0.0300004466230826,0.0300003035765276,0.0300003788445952,0.0300003287500613,0.0300002644944287,0.0300005383868322,0.030001135541013
8.446623802185059,1818.1867645646744,0.0300004582769024,0.0300004466230826,0.0300003035765276,0.0300003788445952,0.0300003287500613,0.0300002644944287,0.0300005383868322,0.030001135541013
8.453617095947266,1818.4661961351408,0.0300004582769024,0.0300004466230826,0.0300003035765276,0.0300003788445952,0.0300003287500613,0.0300002644944287,0.0300005383868322,0.030001135541013
8.457469940185547,1818.619905156364,0.0300004582769024,0.0300004466230826,0.0300003035765276,0.0300003788445952,0.0300003287500613,0.0300002644944287,0.0300005383868322,0.030001135541013
8.460853576660156,1818.7547551626092,0.0300004582769024,0.0300004466230826,0.0300003035765276,0.0300003788445952,0.0300003287500613,0.0300002644944287,0.0300005383868322,0.030001135541013
8.462523460388184,1818.82125780482,0.0300004582769024,0.0300004466230826,0.0300003035765276,0.0300003788445952,0.0300003287500613,0.0300002644944287,0.0300005383868322,0.030001135541013
8.4635648727417,1818.8627156420848,0.0300004582769024,0.0300004466230826,0.0300003035765276,0.0300003788445952,0.0300003287500613,0.0300002644944287,0.0300005383868322,0.030001135541013
8.464665412902832,1818.906513867897,0.0300004582769024,0.0300004466230826,0.0300003035765276,0.0300003788445952,0.0300003287500613,0.0300002644944287,0.0300005383868322,0.030001135541013
8.471497535705566,1819.1781032932888,0.0300004582769024,0.0300004466230826,0.0300003035765276,0.0300003788445952,0.0300003287500613,0.0300002644944287,0.0300005383868322,0.030001135541013
8.473920822143555,1819.2743057816408,0.0300004582769024,0.0300004466230826,0.0300003035765276,0.0300003788445952,0.0300003287500613,0.0300002644944287,0.0300005383868322,0.030001135541013
8.480648040771484,1819.5410213823147,0.0300004582769024,0.0300004466230826,0.0300003035765276,0.0300003788445952,0.0300003287500613,0.0300002644944287,0.0300005383868322,0.030001135541013
8.485937118530273,1819.750358542264,0.0300004582769024,0.0300004466230826,0.0300003035765276,0.0300003788445952,0.0300003287500613,0.0300002644944287,0.0300005383868322,0.030001135541013
8.497961044311523,1820.225079302486,0.0300004582769024,0.0300004466230826,0.0300003035765276,0.0300003788445952,0.0300003287500613,0.0300002644944287,0.0300005383868322,0.030001135541013
8.501696586608887,1820.372231903044,0.0300004582769024,0.0300004466230826,0.0300003035765276,0.0300003788445952,0.0300003287500613,0.0300002644944287,0.0300005383868322,0.030001135541013
8.509610176086426,1820.683450792764,0.0300004582769024,0.0300004466230826,0.0300003035765276,0.0300003788445952,0.0300003287500613,0.0300002644944287,0.0300005383868322,0.030001135541013
8.514864921569824,1820.8897171874528,0.0300004582769024,0.0300004466230826,0.0300003035765276,0.0300003788445952,0.0300003287500613,0.0300002644944287,0.0300005383868322,0.030001135541013
8.516895294189453,1820.9693334044932,0.0300004582769024,0.0300004466230826,0.0300003035765276,0.0300003788445952,0.0300003287500613,0.0300002644944287,0.0300005383868322,0.030001135541013
8.525802612304688,1821.3180689185183,0.0300004582769024,0.0300004466230826,0.0300003035765276,0.0300003788445952,0.0300003287500613,0.0300002644944287,0.0300005383868322,0.030001135541013
8.542654991149902,1821.9754521043471,0.0300004582769024,0.0300004466230826,0.0300003035765276,0.0300003788445952,0.0300003287500613,0.0300002644944287,0.0300005383868322,0.030001135541013
8.543569564819336,1822.0110380538133,0.0300004582769024,0.0300004466230826,0.0300003035765276,0.0300003788445952,0.0300003287500613,0.0300002644944287,0.0300005383868322,0.030001135541013
8.55019474029541,1822.2685468891204,0.0300004582769024,0.0300004466230826,0.0300003035765276,0.0300003788445952,0.0300003287500613,0.0300002644944287,0.0300005383868322,0.030001135541013
8.553357124328613,1822.391292415932,0.0300004582769024,0.0300004466230826,0.0300003035765276,0.0300003788445952,0.0300003287500613,0.0300002644944287,0.0300005383868322,0.030001135541013
8.556112289428711,1822.4981422604296,0.0300004582769024,0.0300004466230826,0.0300003035765276,0.0300003788445952,0.0300003287500613,0.0300002644944287,0.0300005383868322,0.030001135541013
8.556782722473145,1822.524130121705,0.0300004582769024,0.0300004466230826,0.0300003035765276,0.0300003788445952,0.0300003287500613,0.0300002644944287,0.0300005383868322,0.030001135541013
8.557209968566895,1822.540688796812,0.0300004582769024,0.0300004466230826,0.0300003035765276,0.0300003788445952,0.0300003287500613,0.0300002644944287,0.0300005383868322,0.030001135541013
8.557865142822266,1822.5660773299496,0.0300004582769024,0.0300004466230826,0.0300003035765276,0.0300003788445952,0.0300003287500613,0.0300002644944287,0.0300005383868322,0.030001135541013
8.560601234436035,1822.672052101384,0.0300004582769024,0.0300004466230826,0.0300003035765276,0.0300003788445952,0.0300003287500613,0.0300002644944287,0.0300005383868322,0.030001135541013
8.573270797729492,1823.1617013392777,0.0300004582769024,0.0300004466230826,0.0300003035765276,0.0300003788445952,0.0300003287500613,0.0300002644944287,0.0300005383868322,0.030001135541013
8.576403617858887,1823.282506709893,0.0300004582769024,0.0300004466230826,0.0300003035765276,0.0300003788445952,0.0300003287500613,0.0300002644944287,0.0300005383868322,0.030001135541013
8.580728530883789,1823.4491046266908,0.0300004582769024,0.0300004466230826,0.0300003035765276,0.0300003788445952,0.0300003287500613,0.0300002644944287,0.0300005383868322,0.030001135541013
8.580914497375488,1823.4562635801908,0.0300004582769024,0.0300004466230826,0.0300003035765276,0.0300003788445952,0.0300003287500613,0.0300002644944287,0.0300005383868322,0.030001135541013
8.582019805908203,1823.4988056875295,0.0300004582769024,0.0300004466230826,0.0300003035765276,0.0300003788445952,0.0300003287500613,0.0300002644944287,0.0300005383868322,0.030001135541013
8.584219932556152,1823.583446537808,0.0300004582769024,0.0300004466230826,0.0300003035765276,0.0300003788445952,0.0300003287500613,0.0300002644944287,0.0300005383868322,0.030001135541013
8.585799217224121,1823.6441705581112,0.0300004582769024,0.0300004466230826,0.0300003035765276,0.0300003788445952,0.0300003287500613,0.0300002644944287,0.0300005383868322,0.030001135541013
8.592601776123047,1823.905421352328,0.0300004582769024,0.0300004466230826,0.0300003035765276,0.0300003788445952,0.0300003287500613,0.0300002644944287,0.0300005383868322,0.030001135541013
8.620979309082031,1824.9898547618984,0.0300004582769024,0.0300004466230826,0.0300003035765276,0.0300003788445952,0.0300003287500613,0.0300002644944287,0.0300005383868322,0.030001135541013
8.639774322509766,1825.703334849488,0.0300004582769024,0.0300004466230826,0.0300003035765276,0.0300003788445952,0.0300003287500613,0.0300002644944287,0.0300005383868322,0.030001135541013
8.642444610595703,1825.804396131492,0.0300004582769024,0.0300004466230826,0.0300003035765276,0.0300003788445952,0.0300003287500613,0.0300002644944287,0.0300005383868322,0.030001135541013
8.647172927856445,1825.9831607230385,0.0300004582769024,0.0300004466230826,0.0300003035765276,0.0300003788445952,0.0300003287500613,0.0300002644944287,0.0300005383868322,0.030001135541013
8.672554969787598,1826.938737687928,0.0300004582769024,0.0300004466230826,0.0300003035765276,0.0300003788445952,0.0300003287500613,0.0300002644944287,0.0300005383868322,0.030001135541013
8.6808500289917,1827.249555794025,0.0300004582769024,0.0300004466230826,0.0300003035765276,0.0300003788445952,0.0300003287500613,0.0300002644944287,0.0300005383868322,0.030001135541013
8.69595718383789,1827.8137733334,0.0300004582769024,0.0300004466230826,0.0300003035765276,0.0300003788445952,0.0300003287500613,0.0300002644944287,0.0300005383868322,0.030001135541013
8.697665214538574,1827.8774144190456,0.0300004582769024,0.0300004466230826,0.0300003035765276,0.0300003788445952,0.0300003287500613,0.0300002644944287,0.0300005383868322,0.030001135541013
8.701436042785645,1828.0178076029213,0.0300004582769024,0.0300004466230826,0.0300003035765276,0.0300003788445952,0.0300003287500613,0.0300002644944287,0.0300005383868322,0.030001135541013
8.711485862731934,1828.3912546261736,0.0300004582769024,0.0300004466230826,0.0300003035765276,0.0300003788445952,0.0300003287500613,0.0300002644944287,0.0300005383868322,0.030001135541013
8.716161727905273,1828.5646508248788,0.0300004582769024,0.0300004466230826,0.0300003035765276,0.0300003788445952,0.0300003287500613,0.0300002644944287,0.0300005383868322,0.030001135541013
8.731912612915039,1829.1470831059391,0.0300004582769024,0.0300004466230826,0.0300003035765276,0.0300003788445952,0.0300003287500613,0.0300002644944287,0.0300005383868322,0.030001135541013
8.746538162231445,1829.685619035364,0.0300004582769024,0.0300004466230826,0.0300003035765276,0.0300003788445952,0.0300003287500613,0.0300002644944287,0.0300005383868322,0.030001135541013
8.750938415527344,1829.8472148601363,0.0300004582769024,0.0300004466230826,0.0300003035765276,0.0300003788445952,0.0300003287500613,0.0300002644944287,0.0300005383868322,0.030001135541013
8.75355052947998,1829.9430491896285,0.0300004582769024,0.0300004466230826,0.0300003035765276,0.0300003788445952,0.0300003287500613,0.0300002644944287,0.0300005383868322,0.030001135541013
8.755099296569824,1829.9998381488656,0.0300004582769024,0.0300004466230826,0.0300003035765276,0.0300003788445952,0.0300003287500613,0.0300002644944287,0.0300005383868322,0.030001135541013
8.762842178344727,1830.2833817280048,0.0300004582769024,0.0300004466230826,0.0300003035765276,0.0300003788445952,0.0300003287500613,0.0300002644944287,0.0300005383868322,0.030001135541013
8.764537811279297,1830.345394282077,0.0300004582769024,0.0300004466230826,0.0300003035765276,0.0300003788445952,0.0300003287500613,0.0300002644944287,0.0300005383868322,0.030001135541013
8.768107414245605,1830.475846133218,0.0300004582769024,0.0300004466230826,0.0300003035765276,0.0300003788445952,0.0300003287500613,0.0300002644944287,0.0300005383868322,0.030001135541013
8.78010082244873,1830.9132023995307,0.0300004582769024,0.0300004466230826,0.0300003035765276,0.0300003788445952,0.0300003287500613,0.0300002644944287,0.0300005383868322,0.030001135541013
8.782583236694336,1831.0035455189463,0.0300004582769024,0.0300004466230826,0.0300003035765276,0.0300003788445952,0.0300003287500613,0.0300002644944287,0.0300005383868322,0.030001135541013
8.782878875732422,1831.01430064225,0.0300004582769024,0.0300004466230826,0.0300003035765276,0.0300003788445952,0.0300003287500613,0.0300002644944287,0.0300005383868322,0.030001135541013
8.78691291809082,1831.1609680298736,0.0300004582769024,0.0300004466230826,0.0300003035765276,0.0300003788445952,0.0300003287500613,0.0300002644944287,0.0300005383868322,0.030001135541013
8.793170928955078,1831.3881690951976,0.0300004582769024,0.0300004466230826,0.0300003035765276,0.0300003788445952,0.0300003287500613,0.0300002644944287,0.0300005383868322,0.030001135541013
8.79833984375,1831.5755332153535,0.0300004582769024,0.0300004466230826,0.0300003035765276,0.0300003788445952,0.0300003287500613,0.0300002644944287,0.0300005383868322,0.030001135541013
8.798786163330078,1831.591698952513,0.0300004582769024,0.0300004466230826,0.0300003035765276,0.0300003788445952,0.0300003287500613,0.0300002644944287,0.0300005383868322,0.030001135541013
8.801051139831543,1831.673705851867,0.0300004582769024,0.0300004466230826,0.0300003035765276,0.0300003788445952,0.0300003287500613,0.0300002644944287,0.0300005383868322,0.030001135541013
8.804557800292969,1831.800568491647,0.0300004582769024,0.0300004466230826,0.0300003035765276,0.0300003788445952,0.0300003287500613,0.0300002644944287,0.0300005383868322,0.030001135541013
8.814836502075195,1832.1717196891043,0.0300004582769024,0.0300004466230826,0.0300003035765276,0.0300003788445952,0.0300003287500613,0.0300002644944287,0.0300005383868322,0.030001135541013
8.8153715133667,1832.191009437442,0.0300004582769024,0.0300004466230826,0.0300003035765276,0.0300003788445952,0.0300003287500613,0.0300002644944287,0.0300005383868322,0.030001135541013
8.828594207763672,1832.666847325029,0.0300004582769024,0.0300004466230826,0.0300003035765276,0.0300003788445952,0.0300003287500613,0.0300002644944287,0.0300005383868322,0.030001135541013
8.834230422973633,1832.8691476444355,0.0300004582769024,0.0300004466230826,0.0300003035765276,0.0300003788445952,0.0300003287500613,0.0300002644944287,0.0300005383868322,0.030001135541013
8.834875106811523,1832.892267211591,0.0300004582769024,0.0300004466230826,0.0300003035765276,0.0300003788445952,0.0300003287500613,0.0300002644944287,0.0300005383868322,0.030001135541013
8.847603797912598,1833.347901858792,0.0300004582769024,0.0300004466230826,0.0300003035765276,0.0300003788445952,0.0300003287500613,0.0300002644944287,0.0300005383868322,0.030001135541013
8.849469184875488,1833.4145409391188,0.0300004582769024,0.0300004466230826,0.0300003035765276,0.0300003788445952,0.0300003287500613,0.0300002644944287,0.0300005383868322,0.030001135541013
8.854867935180664,1833.607213222356,0.0300004582769024,0.0300004466230826,0.0300003035765276,0.0300003788445952,0.0300003287500613,0.0300002644944287,0.0300005383868322,0.030001135541013
8.860225677490234,1833.7981393296543,0.0300004582769024,0.0300004466230826,0.0300003035765276,0.0300003788445952,0.0300003287500613,0.0300002644944287,0.0300005383868322,0.030001135541013
8.863972663879395,1833.9314982353408,0.0300004582769024,0.0300004466230826,0.0300003035765276,0.0300003788445952,0.0300003287500613,0.0300002644944287,0.0300005383868322,0.030001135541013
8.869647026062012,1834.133193081754,0.0300004582769024,0.0300004466230826,0.0300003035765276,0.0300003788445952,0.0300003287500613,0.0300002644944287,0.0300005383868322,0.030001135541013
8.877376556396484,1834.4074335498476,0.0300004582769024,0.0300004466230826,0.0300003035765276,0.0300003788445952,0.0300003287500613,0.0300002644944287,0.0300005383868322,0.030001135541013
8.887239456176758,1834.7565214655376,0.0300004582769024,0.0300004466230826,0.0300003035765276,0.0300003788445952,0.0300003287500613,0.0300002644944287,0.0300005383868322,0.030001135541013
8.889482498168945,1834.83578010349,0.0300004582769024,0.0300004466230826,0.0300003035765276,0.0300003788445952,0.0300003287500613,0.0300002644944287,0.0300005383868322,0.030001135541013
8.890718460083008,1834.879432412085,0.0300004582769024,0.0300004466230826,0.0300003035765276,0.0300003788445952,0.0300003287500613,0.0300002644944287,0.0300005383868322,0.030001135541013
8.896774291992188,1835.0931017135065,0.0300004582769024,0.0300004466230826,0.0300003035765276,0.0300003788445952,0.0300003287500613,0.0300002644944287,0.0300005383868322,0.030001135541013
8.925986289978027,1836.1188361061772,0.0300004582769024,0.0300004466230826,0.0300003035765276,0.0300003788445952,0.0300003287500613,0.0300002644944287,0.0300005383868322,0.030001135541013
8.927204132080078,1836.16142118904,0.0300004582769024,0.0300004466230826,0.0300003035765276,0.0300003788445952,0.0300003287500613,0.0300002644944287,0.0300005383868322,0.030001135541013
8.936636924743652,1836.4907848512007,0.0300004582769024,0.0300004466230826,0.0300003035765276,0.0300003788445952,0.0300003287500613,0.0300002644944287,0.0300005383868322,0.030001135541013
8.94173812866211,1836.6685501839056,0.0300004582769024,0.0300004466230826,0.0300003035765276,0.0300003788445952,0.0300003287500613,0.0300002644944287,0.0300005383868322,0.030001135541013
8.943242073059082,1836.7209120472912,0.0300004582769024,0.0300004466230826,0.0300003035765276,0.0300003788445952,0.0300003287500613,0.0300002644944287,0.0300005383868322,0.030001135541013
8.954475402832031,1837.1113377284887,0.0300004582769024,0.0300004466230826,0.0300003035765276,0.0300003788445952,0.0300003287500613,0.0300002644944287,0.0300005383868322,0.030001135541013
8.954719543457031,1837.1198098266989,0.0300004582769024,0.0300004466230826,0.0300003035765276,0.0300003788445952,0.0300003287500613,0.0300002644944287,0.0300005383868322,0.030001135541013
8.975601196289062,1837.8423606766603,0.0300004582769024,0.0300004466230826,0.0300003035765276,0.0300003788445952,0.0300003287500613,0.0300002644944287,0.0300005383868322,0.030001135541013
8.999256134033203,1838.6559376796304,0.0300004582769024,0.0300004466230826,0.0300003035765276,0.0300003788445952,0.0300003287500613,0.0300002644944287,0.0300005383868322,0.030001135541013
9.003398895263672,1838.7978856634647,0.0300004582769024,0.0300004466230826,0.0300003035765276,0.0300003788445952,0.0300003287500613,0.0300002644944287,0.0300005383868322,0.030001135541013
9.006136894226074,1838.8916133418236,0.0300004582769024,0.0300004466230826,0.0300003035765276,0.0300003788445952,0.0300003287500613,0.0300002644944287,0.0300005383868322,0.030001135541013
9.025559425354004,1839.554498931454,0.0300004582769024,0.0300004466230826,0.0300003035765276,0.0300003788445952,0.0300003287500613,0.0300002644944287,0.0300005383868322,0.030001135541013
9.026806831359863,1839.596953687088,0.0300004582769024,0.0300004466230826,0.0300003035765276,0.0300003788445952,0.0300003287500613,0.0300002644944287,0.0300005383868322,0.030001135541013
9.051305770874023,1840.4278696726249,0.0300004582769024,0.0300004466230826,0.0300003035765276,0.0300003788445952,0.0300003287500613,0.0300002644944287,0.0300005383868322,0.030001135541013
9.08759307861328,1841.648570654103,0.0300004582769024,0.0300004466230826,0.0300003035765276,0.0300003788445952,0.0300003287500613,0.0300002644944287,0.0300005383868322,0.030001135541013
9.1139554977417,1842.5279671335147,0.0300004582769024,0.0300004466230826,0.0300003035765276,0.0300003788445952,0.0300003287500613,0.0300002644944287,0.0300005383868322,0.030001135541013
9.11729621887207,1842.6389638633025,0.0300004582769024,0.0300004466230826,0.0300003035765276,0.0300003788445952,0.0300003287500613,0.0300002644944287,0.0300005383868322,0.030001135541013
9.121502876281738,1842.7785905378007,0.0300004582769024,0.0300004466230826,0.0300003035765276,0.0300003788445952,0.0300003287500613,0.0300002644944287,0.0300005383868322,0.030001135541013
9.12613010406494,1842.9319953020024,0.0300004582769024,0.0300004466230826,0.0300003035765276,0.0300003788445952,0.0300003287500613,0.0300002644944287,0.0300005383868322,0.030001135541013
9.12794017791748,1842.991952363783,0.0300004582769024,0.0300004466230826,0.0300003035765276,0.0300003788445952,0.0300003287500613,0.0300002644944287,0.0300005383868322,0.030001135541013
9.150534629821776,1843.7379379482245,0.0300004582769024,0.0300004466230826,0.0300003035765276,0.0300003788445952,0.0300003287500613,0.0300002644944287,0.0300005383868322,0.030001135541013
9.152562141418455,1843.8046591589068,0.0300004582769024,0.0300004466230826,0.0300003035765276,0.0300003788445952,0.0300003287500613,0.0300002644944287,0.0300005383868322,0.030001135541013
9.154109954833984,1843.8555702131848,0.0300004582769024,0.0300004466230826,0.0300003035765276,0.0300003788445952,0.0300003287500613,0.0300002644944287,0.0300005383868322,0.030001135541013
9.154986381530762,1843.8843885350811,0.0300004582769024,0.0300004466230826,0.0300003035765276,0.0300003788445952,0.0300003287500613,0.0300002644944287,0.0300005383868322,0.030001135541013
9.163278579711914,1844.1567163956504,0.0300004582769024,0.0300004466230826,0.0300003035765276,0.0300003788445952,0.0300003287500613,0.0300002644944287,0.0300005383868322,0.030001135541013
9.171485900878906,1844.4256649603683,0.0300004582769024,0.0300004466230826,0.0300003035765276,0.0300003788445952,0.0300003287500613,0.0300002644944287,0.0300005383868322,0.030001135541013
9.177806854248049,1844.6323982723416,0.0300004582769024,0.0300004466230826,0.0300003035765276,0.0300003788445952,0.0300003287500613,0.0300002644944287,0.0300005383868322,0.030001135541013
9.192044258117676,1845.0967761939264,0.0300004582769024,0.0300004466230826,0.0300003035765276,0.0300003788445952,0.0300003287500613,0.0300002644944287,0.0300005383868322,0.030001135541013
9.211304664611816,1845.7222000265788,0.0300004582769024,0.0300004466230826,0.0300003035765276,0.0300003788445952,0.0300003287500613,0.0300002644944287,0.0300005383868322,0.030001135541013
9.229228973388672,1846.3013758984653,0.0300004582769024,0.0300004466230826,0.0300003035765276,0.0300003788445952,0.0300003287500613,0.0300002644944287,0.0300005383868322,0.030001135541013
9.230226516723633,1846.3335281525783,0.0300004582769024,0.0300004466230826,0.0300003035765276,0.0300003788445952,0.0300003287500613,0.0300002644944287,0.0300005383868322,0.030001135541013
9.231175422668455,1846.3641048784173,0.0300004582769024,0.0300004466230826,0.0300003035765276,0.0300003788445952,0.0300003287500613,0.0300002644944287,0.0300005383868322,0.030001135541013
9.247982025146484,1846.904396859663,0.0300004582769024,0.0300004466230826,0.0300003035765276,0.0300003788445952,0.0300003287500613,0.0300002644944287,0.0300005383868322,0.030001135541013
9.250431060791016,1846.9829273659675,0.0300004582769024,0.0300004466230826,0.0300003035765276,0.0300003788445952,0.0300003287500613,0.0300002644944287,0.0300005383868322,0.030001135541013
9.25290870666504,1847.0623236222957,0.0300004582769024,0.0300004466230826,0.0300003035765276,0.0300003788445952,0.0300003287500613,0.0300002644944287,0.0300005383868322,0.030001135541013
9.254843711853027,1847.124294829567,0.0300004582769024,0.0300004466230826,0.0300003035765276,0.0300003788445952,0.0300003287500613,0.0300002644944287,0.0300005383868322,0.030001135541013
9.258628845214844,1847.2454274725792,0.0300004582769024,0.0300004466230826,0.0300003035765276,0.0300003788445952,0.0300003287500613,0.0300002644944287,0.0300005383868322,0.030001135541013
9.267440795898438,1847.5269612759623,0.0300004582769024,0.0300004466230826,0.0300003035765276,0.0300003788445952,0.0300003287500613,0.0300002644944287,0.0300005383868322,0.030001135541013
9.311059951782228,1848.9109749228192,0.0300004582769024,0.0300004466230826,0.0300003035765276,0.0300003788445952,0.0300003287500613,0.0300002644944287,0.0300005383868322,0.030001135541013
9.32956314086914,1849.4932987755744,0.0300004582769024,0.0300004466230826,0.0300003035765276,0.0300003788445952,0.0300003287500613,0.0300002644944287,0.0300005383868322,0.030001135541013
9.349235534667969,1850.1093317406285,0.0300004582769024,0.0300004466230826,0.0300003035765276,0.0300003788445952,0.0300003287500613,0.0300002644944287,0.0300005383868322,0.030001135541013
9.378576278686523,1851.0222610014453,0.0300004582769024,0.0300004466230826,0.0300003035765276,0.0300003788445952,0.0300003287500613,0.0300002644944287,0.0300005383868322,0.030001135541013
9.417593002319336,1852.2254951016564,0.0300004582769024,0.0300004466230826,0.0300003035765276,0.0300003788445952,0.0300003287500613,0.0300002644944287,0.0300005383868322,0.030001135541013
9.421113967895508,1852.333478865169,0.0300004582769024,0.0300004466230826,0.0300003035765276,0.0300003788445952,0.0300003287500613,0.0300002644944287,0.0300005383868322,0.030001135541013
9.456719398498535,1853.4199345278723,0.0300004582769024,0.0300004466230826,0.0300003035765276,0.0300003788445952,0.0300003287500613,0.0300002644944287,0.0300005383868322,0.030001135541013
9.462897300720217,1853.6074283246053,0.0300004582769024,0.0300004466230826,0.0300003035765276,0.0300003788445952,0.0300003287500613,0.0300002644944287,0.0300005383868322,0.030001135541013
9.50204086303711,1854.7884767752264,0.0300004582769024,0.0300004466230826,0.0300003035765276,0.0300003788445952,0.0300003287500613,0.0300002644944287,0.0300005383868322,0.030001135541013
9.674418449401855,1859.8399346613576,0.0300004582769024,0.0300004466230826,0.0300003035765276,0.0300003788445952,0.0300003287500613,0.0300002644944287,0.0300005383868322,0.030001135541013
9.75725555419922,1861.3102960956176,0.0300004582769024,0.0300004466230826,0.0300003035765276,0.0300003788445952,0.0300003287500613,0.0300002644944287,0.0300005383868322,0.030001135541013
9.7991361618042,1861.3187428101717,0.0300004582769024,0.0300004466230826,0.0300003035765276,0.0300003788445952,0.0300003287500613,0.0300002644944287,0.0300005383868322,0.030001135541013
9.81332015991211,1861.1803355339168,0.0300004582769024,0.0300004466230826,0.0300003035765276,0.0300003788445952,0.0300003287500613,0.0300002644944287,0.0300005383868322,0.030001135541013
9.818591117858888,1861.1093762190408,0.0300004582769024,0.0300004466230826,0.0300003035765276,0.0300003788445952,0.0300003287500613,0.0300002644944287,0.0300005383868322,0.030001135541013
9.82320785522461,1861.0383288999933,0.0300004582769024,0.0300004466230826,0.0300003035765276,0.0300003788445952,0.0300003287500613,0.0300002644944287,0.0300005383868322,0.030001135541013
9.838300704956056,1860.7468136988475,0.0300004582769024,0.0300004466230826,0.0300003035765276,0.0300003788445952,0.0300003287500613,0.0300002644944287,0.0300005383868322,0.030001135541013
9.85508632659912,1860.3128985264748,0.0300004582769024,0.0300004466230826,0.0300003035765276,0.0300003788445952,0.0300003287500613,0.0300002644944287,0.0300005383868322,0.030001135541013
9.881696701049805,1859.378670899138,0.0300004582769024,0.0300004466230826,0.0300003035765276,0.0300003788445952,0.0300003287500613,0.0300002644944287,0.0300005383868322,0.030001135541013
9.941535949707031,1856.1146982375556,0.2795071294930796,0.0300004466230826,0.0300003035765276,0.0300003788445952,0.0300003287500613,0.0300002644944287,0.0300005383868322,0.030001135541013
9.947775840759276,1855.678318943349,0.3612293391740235,0.0300004466230826,0.0300003035765276,0.0300003788445952,0.0300003287500613,0.0300002644944287,0.0300005383868322,0.030001135541013
9.956351280212402,1855.0483963527256,0.4983650102910721,0.0300004466230826,0.0300003035765276,0.0300003788445952,0.0300003287500613,0.0300002644944287,0.0300005383868322,0.030001135541013
10.004179954528809,1850.886225446242,1.8849589560838007,0.0300004466230826,0.0300003035765276,0.0300003788445952,0.0300003287500613,0.0300002644944287,0.0300005383868322,0.030001135541013
10.054633140563965,1845.2892145397443,4.697719815757905,0.0300004466230826,0.0300003035765276,0.0300003788445952,0.0300003287500613,0.0300002644944287,0.0300005383868322,0.030001135541013
10.080702781677246,1841.909851602192,6.75239967587949,0.0300004466230826,0.0300003035765276,0.0300003788445952,0.0300003287500613,0.0300002644944287,0.0300005383868322,0.030001135541013
10.11025047302246,1837.6799720243296,9.593460336491722,0.0300004466230826,0.0300003035765276,0.0300003788445952,0.0300003287500613,0.0300002644944287,0.0300005383868322,0.030001135541013
10.163475036621094,1829.0016078666144,16.083715821607477,0.0300004466230826,0.0300003035765276,0.0300003788445952,0.0300003287500613,0.0300002644944287,0.0300005383868322,0.030001135541013
10.259249687194824,1810.0606871552905,32.002469013238986,0.0300004466230826,0.0300003035765276,0.0300003788445952,0.0300003287500613,0.0300002644944287,0.0300005383868322,0.030001135541013
10.273479461669922,1806.8954805665144,34.79966908897666,0.0300004466230826,0.0300003035765276,0.0300003788445952,0.0300003287500613,0.0300002644944287,0.0300005383868322,0.030001135541013
10.294964790344238,1801.950593447724,39.21907666187524,0.0300004466230826,0.0300003035765276,0.0300003788445952,0.0300003287500613,0.0300002644944287,0.0300005383868322,0.030001135541013
10.29588222503662,1801.7350546142784,39.4129094053511,0.0300004466230826,0.0300003035765276,0.0300003788445952,0.0300003287500613,0.0300002644944287,0.0300005383868322,0.030001135541013
10.316167831420898,1796.8786419256994,43.80283161263984,0.0300004466230826,0.0300003035765276,0.0300003788445952,0.0300003287500613,0.0300002644944287,0.0300005383868322,0.030001135541013
10.350582122802734,1788.2508536142077,51.68750486238369,0.0300004466230826,0.0300003035765276,0.0300003788445952,0.0300003287500613,0.0300002644944287,0.0300005383868322,0.030001135541013
10.391090393066406,1777.4896341315975,61.62300878044867,0.0300004466230826,0.0300003035765276,0.0300003788445952,0.0300003287500613,0.0300002644944287,0.0300005383868322,0.030001135541013
10.39492416381836,1776.4382709373162,62.59766778258936,0.0300004466230826,0.0300003035765276,0.0300003788445952,0.0300003287500613,0.0300002644944287,0.0300005383868322,0.030001135541013
10.427987098693848,1767.1424406335186,71.23357066007681,0.0300004466230826,0.0300003035765276,0.0300003788445952,0.0300003287500613,0.0300002644944287,0.0300005383868322,0.030001135541013
10.45753288269043,1758.498404126203,79.27946426663642,0.0300004466230826,0.0300003035765276,0.0300003788445952,0.0300003287500613,0.0300002644944287,0.0300005383868322,0.030001135541013
10.46960735321045,1754.87728899216,82.65069946874465,0.0300004466230826,0.0300003035765276,0.0300003788445952,0.0300003287500613,0.0300002644944287,0.0300005383868322,0.030001135541013
10.477219581604004,1752.5685825327612,84.79966375709336,0.0300004466230826,0.0300003035765276,0.0300003788445952,0.0300003287500613,0.0300002644944287,0.0300005383868322,0.030001135541013
10.48756504058838,1749.399372927638,87.74861241165429,0.0300004466230826,0.0300003035765276,0.0300003788445952,0.0300003287500613,0.0300002644944287,0.0300005383868322,0.030001135541013
10.507569313049316,1743.170094435597,93.5399646409767,0.0300004466230826,0.0300003035765276,0.0300003788445952,0.0300003287500613,0.0300002644944287,0.0300005383868322,0.030001135541013
10.514418601989746,1741.0071425194285,95.54884789292991,0.0300004466230826,0.0300003035765276,0.0300003788445952,0.0300003287500613,0.0300002644944287,0.0300005383868322,0.030001135541013
10.547126770019531,1730.472714310073,105.31336632397807,0.0300004466230826,0.0300003035765276,0.0300003788445952,0.0300003287500613,0.0300002644944287,0.0300005383868322,0.030001135541013
10.587190628051758,1717.125257889012,117.62662114100029,0.0300004466230826,0.0300003035765276,0.0300003788445952,0.0300003287500613,0.0300002644944287,0.0300005383868322,0.030001135541013
10.589107513427734,1716.4748757472362,118.22466682541868,0.0300004466230826,0.0300003035765276,0.0300003788445952,0.0300003287500613,0.0300002644944287,0.0300005383868322,0.030001135541013
10.621392250061035,1705.3662117500548,128.40857214091596,0.0300004466230826,0.0300003035765276,0.0300003788445952,0.0300003287500613,0.0300002644944287,0.0300005383868322,0.030001135541013
10.646238327026367,1696.6249179295437,136.3787550623698,0.0300004466230826,0.0300003035765276,0.0300003788445952,0.0300003287500613,0.0300002644944287,0.0300005383868322,0.030001135541013
10.678353309631348,1685.0917485066338,146.83207151989967,0.0300004466230826,0.0300003035765276,0.0300003788445952,0.0300003287500613,0.0300002644944287,0.0300005383868322,0.030001135541013
10.74832534790039,1659.1189313867037,170.09803447017663,0.0300004466230826,0.0300003035765276,0.0300003788445952,0.0300003287500613,0.0300002644944287,0.0300005383868322,0.030001135541013
10.763336181640623,1653.407860892433,175.16130753409482,0.0300004466230826,0.0300003035765276,0.0300003788445952,0.0300003287500613,0.0300002644944287,0.0300005383868322,0.030001135541013
10.771538734436035,1650.2676605489628,177.93714186383653,0.0300004466230826,0.0300003035765276,0.0300003788445952,0.0300003287500613,0.0300002644944287,0.0300005383868322,0.030001135541013
10.773995399475098,1649.3245485591844,178.76968710582028,0.0300004466230826,0.0300003035765276,0.0300003788445952,0.0300003287500613,0.0300002644944287,0.0300005383868322,0.030001135541013
10.783858299255373,1645.5262085792606,182.11741290418232,0.0300004466230826,0.0300003035765276,0.0300003788445952,0.0300003287500613,0.0300002644944287,0.0300005383868322,0.030001135541013
10.824213981628418,1629.792737095243,195.89368814160807,0.0300004466230826,0.0300003035765276,0.0300003788445952,0.0300003287500613,0.0300002644944287,0.0300005383868322,0.030001135541013
10.824957847595217,1629.4999443609888,196.1486754048083,0.0300004466230826,0.0300003035765276,0.0300003788445952,0.0300003287500613,0.0300002644944287,0.0300005383868322,0.030001135541013
10.828485488891602,1628.1101087388724,197.3583672620756,0.0300004466230826,0.0300003035765276,0.0300003788445952,0.0300003287500613,0.0300002644944287,0.0300005383868322,0.030001135541013
10.842150688171388,1622.705916366591,202.0513084693754,0.0300004466230826,0.0300003035765276,0.0300003788445952,0.0300003287500613,0.0300002644944287,0.0300005383868322,0.030001135541013
10.845319747924805,1621.448108541844,203.14111719420887,0.0300004466230826,0.0300003035765276,0.0300003788445952,0.0300003287500613,0.0300002644944287,0.0300005383868322,0.030001135541013
10.84998607635498,1619.592977932328,204.74677659526165,0.0300004466230826,0.0300003035765276,0.0300003788445952,0.0300003287500613,0.0300002644944287,0.0300005383868322,0.030001135541013
10.899113655090332,1599.8518143527613,221.70917426262764,0.0300004466230826,0.0300003035765276,0.0300003788445952,0.0300003287500613,0.0300002644944287,0.0300005383868322,0.030001135541013
10.945230484008787,1581.0011793109106,237.69759321771187,0.0300004466230826,0.0300003035765276,0.0300003788445952,0.0300003287500613,0.0300002644944287,0.0300005383868322,0.030001135541013
10.966926574707031,1572.0372209696725,245.23028593013387,0.0300004466230826,0.0300003035765276,0.0300003788445952,0.0300003287500613,0.0300002644944287,0.0300005383868322,0.030001135541013
11.003104209899902,1556.9681426574075,257.7933253510004,0.0300004466230826,0.0300003035765276,0.0300003788445952,0.0300003287500613,0.0300002644944287,0.0300005383868322,0.030001135541013
11.04713535308838,1538.4444682052697,273.0683228326848,0.0300004466230826,0.0300003035765276,0.0300003788445952,0.0300003287500613,0.0300002644944287,0.0300005383868322,0.030001135541013
11.09517765045166,1518.0374491093153,289.6878384833537,0.0300004466230826,0.0300003035765276,0.0300003788445952,0.0300003287500613,0.0300002644944287,0.0300005383868322,0.030001135541013
11.099403381347656,1516.2339199527637,291.1463586329883,0.0300004466230826,0.0300003035765276,0.0300003788445952,0.0300003287500613,0.0300002644944287,0.0300005383868322,0.030001135541013
11.10796070098877,1512.5778153557887,294.098016597437,0.0300004466230826,0.0300003035765276,0.0300003788445952,0.0300003287500613,0.0300002644944287,0.0300005383868322,0.030001135541013
11.197967529296877,1473.85771520703,324.9533220032543,0.0300004466230826,0.0300003035765276,0.0300003788445952,0.0300003287500613,0.0300002644944287,0.0300005383868322,0.030001135541013
11.254898071289062,1449.183409433549,344.24525185641244,0.0300004466230826,0.0300003035765276,0.0300003788445952,0.0300003287500613,0.0300002644944287,0.0300005383868322,0.030001135541013
11.260626792907717,1446.695314466341,346.1752100170411,0.0300004466230826,0.0300003035765276,0.0300003788445952,0.0300003287500613,0.0300002644944287,0.0300005383868322,0.030001135541013
11.265003204345703,1444.794049572234,347.6481097449588,0.0300004466230826,0.0300003035765276,0.0300003788445952,0.0300003287500613,0.0300002644944287,0.0300005383868322,0.030001135541013
11.309752464294434,1425.3337093086966,362.63220110862017,0.0300004466230826,0.0300003035765276,0.0300003788445952,0.0300003287500613,0.0300002644944287,0.0300005383868322,0.030001135541013
11.315192222595217,1422.9662957578048,364.4438217917493,0.0300004466230826,0.0300003035765276,0.0300003788445952,0.0300003287500613,0.0300002644944287,0.0300005383868322,0.030001135541013
11.320427894592283,1420.6874660732697,366.185384602117,0.0300004466230826,0.0300003035765276,0.0300003788445952,0.0300003287500613,0.0300002644944287,0.0300005383868322,0.030001135541013
11.343100547790527,1410.8173894358738,373.7029536719922,0.0300004466230826,0.0300003035765276,0.0300003788445952,0.0300003287500613,0.0300002644944287,0.0300005383868322,0.030001135541013
11.356340408325195,1405.0531432091425,378.0743478388972,0.0300004466230826,0.0300003035765276,0.0300003788445952,0.0300003287500613,0.0300002644944287,0.0300005383868322,0.030001135541013
11.36514663696289,1401.2192976449005,380.97414414580464,0.0300004466230826,0.0300003035765276,0.0300003788445952,0.0300003287500613,0.0300002644944287,0.0300005383868322,0.030001135541013
11.378503799438477,1395.404783048516,385.3604933181661,0.0300004466230826,0.0300003035765276,0.0300003788445952,0.0300003287500613,0.0300002644944287,0.0300005383868322,0.030001135541013
11.397411346435549,1387.1763488685112,391.5442904704423,0.0300004466230826,0.0300003035765276,0.0300003788445952,0.0300003287500613,0.0300002644944287,0.0300005383868322,0.030001135541013
11.412436485290527,1380.6402826044075,396.436804821119,0.0300004466230826,0.0300003035765276,0.0300003788445952,0.0300003287500613,0.0300002644944287,0.0300005383868322,0.030001135541013
11.427760124206545,1373.9777421162507,401.406495201081,0.0300004466230826,0.0300003035765276,0.0300003788445952,0.0300003287500613,0.0300002644944287,0.0300005383868322,0.030001135541013
11.47842502593994,1351.9831712985426,417.6897199528549,0.0300004466230826,0.0300003035765276,0.0300003788445952,0.0300003287500613,0.0300002644944287,0.0300005383868322,0.030001135541013
11.479784965515137,1351.3936795835443,418.12358656634126,0.0300004466230826,0.0300003035765276,0.0300003788445952,0.0300003287500613,0.0300002644944287,0.0300005383868322,0.030001135541013
11.4956636428833,1344.514804716714,423.1767676354249,0.0300004466230826,0.0300003035765276,0.0300003788445952,0.0300003287500613,0.0300002644944287,0.0300005383868322,0.030001135541013
11.517914772033691,1334.888898778882,430.2182607324231,0.0300004466230826,0.0300003035765276,0.0300003788445952,0.0300003287500613,0.0300002644944287,0.0300005383868322,0.030001135541013
11.519842147827148,1334.0559170756658,430.8259898740621,0.0300004466230826,0.0300003035765276,0.0300003788445952,0.0300003287500613,0.0300002644944287,0.0300005383868322,0.030001135541013
11.547643661499023,1322.056180808901,439.55270709823833,0.0300004466230826,0.0300003035765276,0.0300003788445952,0.0300003287500613,0.0300002644944287,0.0300005383868322,0.030001135541013
11.555079460144045,1318.8519830027603,441.8741313288264,0.0300004466230826,0.0300003035765276,0.0300003788445952,0.0300003287500613,0.0300002644944287,0.0300005383868322,0.030001135541013
11.557581901550291,1317.774169928053,442.6541747299843,0.0300004466230826,0.0300003035765276,0.0300003788445952,0.0300003287500613,0.0300002644944287,0.0300005383868322,0.030001135541013
11.609925270080566,1295.295570755041,458.8291590617605,0.0300004466230826,0.0300003035765276,0.0300003788445952,0.0300003287500613,0.0300002644944287,0.0300005383868322,0.030001135541013
11.612658500671388,1294.1254980487086,459.66629742167527,0.0300004466230826,0.0300003035765276,0.0300003788445952,0.0300003287500613,0.0300002644944287,0.0300005383868322,0.030001135541013
11.61981964111328,1291.06173618533,461.8560684007798,0.0300004466230826,0.0300003035765276,0.0300003788445952,0.0300003287500613,0.0300002644944287,0.0300005383868322,0.030001135541013
11.639002799987791,1282.86823702809,467.696530460959,0.0300004466230826,0.0300003035765276,0.0300003788445952,0.0300003287500613,0.0300002644944287,0.0300005383868322,0.030001135541013
11.650012969970703,1278.1748872694286,471.0318231952936,0.0300004466230826,0.0300003035765276,0.0300003788445952,0.0300003287500613,0.0300002644944287,0.0300005383868322,0.030001135541013
11.701790809631348,1256.2009788029354,486.5504146745778,0.0300004466230826,0.0300003035765276,0.0300003788445952,0.0300003287500613,0.0300002644944287,0.0300005383868322,0.030001135541013
11.72527027130127,1246.293253605444,493.4962745404693,0.0300004466230826,0.0300003035765276,0.0300003788445952,0.0300003287500613,0.0300002644944287,0.0300005383868322,0.030001135541013
11.767823219299316,1228.4345486048526,505.9378836886754,0.0300004466230826,0.0300003035765276,0.0300003788445952,0.0300003287500613,0.0300002644944287,0.0300005383868322,0.030001135541013
11.789575576782228,1219.3566033097427,512.2243387807737,0.0300004466230826,0.0300003035765276,0.0300003788445952,0.0300003287500613,0.0300002644944287,0.0300005383868322,0.030001135541013
11.807480812072754,1211.911299330522,517.361487474496,0.0300004466230826,0.0300003035765276,0.0300003788445952,0.0300003287500613,0.0300002644944287,0.0300005383868322,0.030001135541013
11.822762489318848,1205.5768110304184,521.7190764418843,0.0300004466230826,0.0300003035765276,0.0300003788445952,0.0300003287500613,0.0300002644944287,0.0300005383868322,0.030001135541013
11.883027076721191,1180.7824420902382,538.6618561215009,0.0300004466230826,0.0300003035765276,0.0300003788445952,0.0300003287500613,0.0300002644944287,0.0300005383868322,0.030001135541013
11.905706405639648,1171.531655339129,544.9378063658403,0.0300004466230826,0.0300003035765276,0.0300003788445952,0.0300003287500613,0.0300002644944287,0.0300005383868322,0.030001135541013
11.920058250427246,1165.7010494603037,548.8810074250803,0.0300004466230826,0.0300003035765276,0.0300003788445952,0.0300003287500613,0.0300002644944287,0.0300005383868322,0.030001135541013
11.951841354370115,1152.854957442592,557.535334616402,0.0300004466230826,0.0300003035765276,0.0300003788445952,0.0300003287500613,0.0300002644944287,0.0300005383868322,0.030001135541013
12.009716033935549,1129.7047709129752,573.0178848833027,0.0300004466230826,0.0300003035765276,0.0300003788445952,0.0300003287500613,0.0300002644944287,0.0300005383868322,0.030001135541013
12.022086143493652,1124.7982601690353,576.2809185794642,0.0300004466230826,0.0300003035765276,0.0300003788445952,0.0300003287500613,0.0300002644944287,0.0300005383868322,0.030001135541013
12.04050064086914,1117.522030417606,581.1082879280709,0.0300004466230826,0.0300003035765276,0.0300003788445952,0.0300003287500613,0.0300002644944287,0.0300005383868322,0.030001135541013
12.040851593017578,1117.383681226254,581.1999411261941,0.0300004466230826,0.0300003035765276,0.0300003788445952,0.0300003287500613,0.0300002644944287,0.0300005383868322,0.030001135541013
12.059430122375488,1110.0772997279987,586.0332145677831,0.0300004466230826,0.0300003035765276,0.0300003788445952,0.0300003287500613,0.0300002644944287,0.0300005383868322,0.030001135541013
12.101058959960938,1093.8320712680363,596.7307298617661,0.0300004466230826,0.0300003035765276,0.0300003788445952,0.0300003287500613,0.0300002644944287,0.0300005383868322,0.030001135541013
12.11085605621338,1090.0345646583005,599.2217923380546,0.0300004466230826,0.0300003035765276,0.0300003788445952,0.0300003287500613,0.0300002644944287,0.0300005383868322,0.030001135541013
12.119423866271973,1086.721666943598,601.3920263071701,0.0300004466230826,0.0300003035765276,0.0300003788445952,0.0300003287500613,0.0300002644944287,0.0300005383868322,0.030001135541013
12.133767127990724,1081.192638794068,605.0079571190441,0.0300004466230826,0.0300003035765276,0.0300003788445952,0.0300003287500613,0.0300002644944287,0.0300005383868322,0.030001135541013
12.149209976196287,1075.2637636472148,608.8770239395095,0.0300004466230826,0.0300003035765276,0.0300003788445952,0.0300003287500613,0.0300002644944287,0.0300005383868322,0.030001135541013
12.174857139587402,1065.4727249782309,615.2477162634311,0.0300004466230826,0.0300003035765276,0.0300003788445952,0.0300003287500613,0.0300002644944287,0.0300005383868322,0.030001135541013
12.175044059753418,1065.4016224563215,615.2938954784586,0.0300004466230826,0.0300003035765276,0.0300003788445952,0.0300003287500613,0.0300002644944287,0.0300005383868322,0.030001135541013
12.186689376831056,1060.9792056213478,618.1637535049115,0.0300004466230826,0.0300003035765276,0.0300003788445952,0.0300003287500613,0.0300002644944287,0.0300005383868322,0.030001135541013
12.189898490905762,1059.7630604658773,618.9521310314462,0.0300004466230826,0.0300003035765276,0.0300003788445952,0.0300003287500613,0.0300002644944287,0.0300005383868322,0.030001135541013
12.197075843811035,1057.04708042743,620.7115174724491,0.0300004466230826,0.0300003035765276,0.0300003788445952,0.0300003287500613,0.0300002644944287,0.0300005383868322,0.030001135541013
12.206564903259276,1053.464820768928,623.0293918132254,0.0300004466230826,0.0300003035765276,0.0300003788445952,0.0300003287500613,0.0300002644944287,0.0300005383868322,0.030001135541013
12.217324256896973,1049.4147465000085,625.6463086926717,0.0300004466230826,0.0300003035765276,0.0300003788445952,0.0300003287500613,0.0300002644944287,0.0300005383868322,0.030001135541013
12.227928161621094,1045.4354409911064,628.2137437769609,0.0300004466230826,0.0300003035765276,0.0300003788445952,0.0300003287500613,0.0300002644944287,0.0300005383868322,0.030001135541013
12.353130340576172,999.385347139054,657.6612326989696,0.0300004466230826,0.0300003035765276,0.0300003788445952,0.0300003287500613,0.0300002644944287,0.0300005383868322,0.030001135541013
12.385493278503418,987.766461722513,665.0165887587195,0.0300004466230826,0.0300003035765276,0.0300003788445952,0.0300003287500613,0.0300002644944287,0.0300005383868322,0.030001135541013
12.399435997009276,982.7972240548136,668.153473365025,0.0300004466230826,0.0300003035765276,0.0300003788445952,0.0300003287500613,0.0300002644944287,0.0300005383868322,0.030001135541013
12.419075012207031,975.8351784626572,672.5394692977691,0.0300004466230826,0.0300003035765276,0.0300003788445952,0.0300003287500613,0.0300002644944287,0.0300005383868322,0.030001135541013
12.459609985351562,961.6042117394828,681.4729748806425,0.0300004466230826,0.0300003035765276,0.0300003788445952,0.0300003287500613,0.0300002644944287,0.0300005383868322,0.030001135541013
12.46203899383545,960.757388927844,682.0032358266128,0.0300004466230826,0.0300003035765276,0.0300003788445952,0.0300003287500613,0.0300002644944287,0.0300005383868322,0.030001135541013
12.532655715942385,936.4335538533614,697.1715015474167,0.0300004466230826,0.0300003035765276,0.0300003788445952,0.0300003287500613,0.0300002644944287,0.0300005383868322,0.030001135541013
12.552886962890623,929.5703462130784,701.4297584663398,0.0300004466230826,0.0300003035765276,0.0300003788445952,0.0300003287500613,0.0300002644944287,0.0300005383868322,0.030001135541013
12.56407070159912,925.7965836195658,703.7671894760966,0.0300004466230826,0.0300003035765276,0.0300003788445952,0.0300003287500613,0.0300002644944287,0.0300005383868322,0.030001135541013
12.582709312438965,919.5392537921416,707.6367285639966,0.0300004466230826,0.0300003035765276,0.0300003788445952,0.0300003287500613,0.0300002644944287,0.0300005383868322,0.030001135541013
12.588793754577637,917.5052421668248,708.8929098222765,0.0300004466230826,0.0300003035765276,0.0300003788445952,0.0300003287500613,0.0300002644944287,0.0300005383868322,0.030001135541013
12.59335994720459,915.9815736874306,709.8333801534795,0.0300004466230826,0.0300003035765276,0.0300003788445952,0.0300003287500613,0.0300002644944287,0.0300005383868322,0.030001135541013
12.594684600830078,915.5400058309544,710.1058492984367,0.0300004466230826,0.0300003035765276,0.0300003788445952,0.0300003287500613,0.0300002644944287,0.0300005383868322,0.030001135541013
12.605538368225098,911.9295486027974,712.332257792178,0.0300004466230826,0.0300003035765276,0.0300003788445952,0.0300003287500613,0.0300002644944287,0.0300005383868322,0.030001135541013
12.622594833374023,906.2831685354806,715.8090727637255,0.0300004466230826,0.0300003035765276,0.0300003788445952,0.0300003287500613,0.0300002644944287,0.0300005383868322,0.030001135541013
12.665729522705078,892.1531070214853,724.4830534484012,0.0300004466230826,0.0300003035765276,0.0300003788445952,0.0300003287500613,0.0300002644944287,0.0300005383868322,0.030001135541013
12.670156478881836,890.7150233524603,725.36372373937,0.0300004466230826,0.0300003035765276,0.0300003788445952,0.0300003287500613,0.0300002644944287,0.0300005383868322,0.030001135541013
12.69137191772461,883.8544836932595,729.5597192296771,0.0300004466230826,0.0300003035765276,0.0300003788445952,0.0300003287500613,0.0300002644944287,0.0300005383868322,0.030001135541013
12.714639663696287,876.3896537983145,734.1153466337274,0.0300004466230826,0.0300003035765276,0.0300003788445952,0.0300003287500613,0.0300002644944287,0.0300005383868322,0.030001135541013
12.745223999023438,866.6718303160025,740.0305463457339,0.0300004466230826,0.0300003035765276,0.0300003788445952,0.0300003287500613,0.0300002644944287,0.0300005383868322,0.030001135541013
12.787728309631348,853.3440667368521,748.1151994105267,0.0300004466230826,0.0300003035765276,0.0300003788445952,0.0300003287500613,0.0300002644944287,0.0300005383868322,0.030001135541013
12.79186725616455,852.057252442092,748.8940944720498,0.0300004466230826,0.0300003035765276,0.0300003788445952,0.0300003287500613,0.0300002644944287,0.0300005383868322,0.030001135541013
12.805559158325195,847.8142760348001,751.4602333352489,0.0300004466230826,0.0300003035765276,0.0300003788445952,0.0300003287500613,0.0300002644944287,0.0300005383868322,0.030001135541013
12.822460174560549,842.6062048125599,754.6056957902131,0.0300004466230826,0.0300003035765276,0.0300003788445952,0.0300003287500613,0.0300002644944287,0.0300005383868322,0.030001135541013
12.823189735412598,842.3821195417961,754.7409267314275,0.0300004466230826,0.0300003035765276,0.0300003788445952,0.0300003287500613,0.0300002644944287,0.0300005383868322,0.030001135541013
12.830121040344238,840.2561732755948,756.0234530698513,0.0300004466230826,0.0300003035765276,0.0300003788445952,0.0300003287500613,0.0300002644944287,0.0300005383868322,0.030001135541013
12.836913108825684,838.1782141626434,757.276263387339,0.0300004466230826,0.0300003035765276,0.0300003788445952,0.0300003287500613,0.0300002644944287,0.0300005383868322,0.030001135541013
12.84154224395752,836.7649740593477,758.1278799011368,0.0300004466230826,0.0300003035765276,0.0300003788445952,0.0300003287500613,0.0300002644944287,0.0300005383868322,0.030001135541013
12.859733581542969,831.2347681238434,761.4570266871917,0.0300004466230826,0.0300003035765276,0.0300003788445952,0.0300003287500613,0.0300002644944287,0.0300005383868322,0.030001135541013
12.865960121154783,829.3504721053481,762.5901471075177,0.0300004466230826,0.0300003035765276,0.0300003788445952,0.0300003287500613,0.0300002644944287,0.0300005383868322,0.030001135541013
12.87364673614502,827.0303534664079,763.9845059758522,0.0300004466230826,0.0300003035765276,0.0300003788445952,0.0300003287500613,0.0300002644944287,0.0300005383868322,0.030001135541013
12.884331703186035,823.8162715789699,765.9145918020201,0.0300004466230826,0.0300003035765276,0.0300003788445952,0.0300003287500613,0.0300002644944287,0.0300005383868322,0.030001135541013
12.89781379699707,819.7791246608642,768.336424635346,0.0300004466230826,0.0300003035765276,0.0300003788445952,0.0300003287500613,0.0300002644944287,0.0300005383868322,0.030001135541013
12.90355110168457,818.067308380299,769.3624806078875,0.0300004466230826,0.0300003035765276,0.0300003788445952,0.0300003287500613,0.0300002644944287,0.0300005383868322,0.030001135541013
12.921366691589355,812.7752592037364,772.5313635694024,0.0300004466230826,0.0300003035765276,0.0300003788445952,0.0300003287500613,0.0300002644944287,0.0300005383868322,0.030001135541013
12.923364639282228,812.1839924252876,772.8851198854479,0.0300004466230826,0.0300003035765276,0.0300003788445952,0.0300003287500613,0.0300002644944287,0.0300005383868322,0.030001135541013
12.927069664001465,811.0887193454116,773.5402683879806,0.0300004466230826,0.0300003035765276,0.0300003788445952,0.0300003287500613,0.0300002644944287,0.0300005383868322,0.030001135541013
12.966123580932615,799.6367750955003,780.3783019876306,0.0300004466230826,0.0300003035765276,0.0300003788445952,0.0300003287500613,0.0300002644944287,0.0300005383868322,0.030001135541013
12.968060493469238,799.0732215645465,780.7142386357064,0.0300004466230826,0.0300003035765276,0.0300003788445952,0.0300003287500613,0.0300002644944287,0.0300005383868322,0.030001135541013
12.972028732299805,797.9199441328328,781.4015479831985,0.0300004466230826,0.0300003035765276,0.0300003788445952,0.0300003287500613,0.0300002644944287,0.0300005383868322,0.030001135541013
12.984317779541016,794.3594841034021,783.5220576887696,0.0300004466230826,0.0300003035765276,0.0300003788445952,0.0300003287500613,0.0300002644944287,0.0300005383868322,0.030001135541013
12.99493408203125,791.297112731186,785.3442476545825,0.0300004466230826,0.0300003035765276,0.0300003788445952,0.0300003287500613,0.0300002644944287,0.0300005383868322,0.030001135541013
13.00019073486328,789.7853893698732,786.2431940539084,0.0300004466230826,0.0300003035765276,0.0300003788445952,0.0300003287500613,0.0300002644944287,0.0300005383868322,0.030001135541013
13.006109237670898,788.0869762053994,787.2527089802597,0.0300004466230826,0.0300003035765276,0.0300003788445952,0.0300003287500613,0.0300002644944287,0.0300005383868322,0.030001135541013
13.008170127868652,787.4964753387286,787.6035845788466,0.0300004466230826,0.0300003035765276,0.0300003788445952,0.0300003287500613,0.0300002644944287,0.0300005383868322,0.030001135541013
13.022109031677246,783.5148709424419,789.9679695285436,0.0300004466230826,0.0300003035765276,0.0300003788445952,0.0300003287500613,0.0300002644944287,0.0300005383868322,0.030001135541013
13.031051635742188,780.9716823552393,791.4768354755008,0.0300004466230826,0.0300003035765276,0.0300003788445952,0.0300003287500613,0.0300002644944287,0.0300005383868322,0.030001135541013
13.031495094299316,780.845795357739,791.5514966184753,0.0300004466230826,0.0300003035765276,0.0300003788445952,0.0300003287500613,0.0300002644944287,0.0300005383868322,0.030001135541013
13.054800033569336,774.2603778103218,795.4536143899442,0.0300004466230826,0.0300003035765276,0.0300003788445952,0.0300003287500613,0.0300002644944287,0.0300005383868322,0.030001135541013
13.060977935791016,772.5245960123074,796.4809721611305,0.0300004466230826,0.0300003035765276,0.0300003788445952,0.0300003287500613,0.0300002644944287,0.0300005383868322,0.030001135541013
13.07997989654541,767.211723126293,799.622512777751,0.0300004466230826,0.0300003035765276,0.0300003788445952,0.0300003287500613,0.0300002644944287,0.0300005383868322,0.030001135541013
13.08323097229004,766.3066639573439,800.1572329961508,0.0300004466230826,0.0300003035765276,0.0300003788445952,0.0300003287500613,0.0300002644944287,0.0300005383868322,0.030001135541013
13.092427253723145,763.752735176098,801.6654256174342,0.0300004466230826,0.0300003035765276,0.0300003788445952,0.0300003287500613,0.0300002644944287,0.0300005383868322,0.030001135541013
13.10706615447998,759.7061856040384,804.052957863815,0.0300004466230826,0.0300003035765276,0.0300003788445952,0.0300003287500613,0.0300002644944287,0.0300005383868322,0.030001135541013
13.10931396484375,759.0868843559861,804.4181284794261,0.0300004466230826,0.0300003035765276,0.0300003788445952,0.0300003287500613,0.0300002644944287,0.0300005383868322,0.030001135541013
13.11374855041504,757.8666944470531,805.1374364764081,0.0300004466230826,0.0300003035765276,0.0300003788445952,0.0300003287500613,0.0300002644944287,0.0300005383868322,0.030001135541013
13.116201400756836,757.1926946745352,805.5346625384354,0.0300004466230826,0.0300003035765276,0.0300003788445952,0.0300003287500613,0.0300002644944287,0.0300005383868322,0.030001135541013
13.134618759155272,752.1525857039595,808.5028309528736,0.0300004466230826,0.0300003035765276,0.0300003788445952,0.0300003287500613,0.0300002644944287,0.0300005383868322,0.030001135541013
13.142857551574709,749.9097255139662,809.8224001537956,0.0300004466230826,0.0300003035765276,0.0300003788445952,0.0300003287500613,0.0300002644944287,0.0300005383868322,0.030001135541013
13.146488189697266,748.9236557374938,810.4022994451446,0.0300004466230826,0.0300003035765276,0.0300003788445952,0.0300003287500613,0.0300002644944287,0.0300005383868322,0.030001135541013
13.148021697998049,748.5075828714246,810.6469431710173,0.0300004466230826,0.0300003035765276,0.0300003788445952,0.0300003287500613,0.0300002644944287,0.0300005383868322,0.030001135541013
13.19740104675293,735.243662417583,818.4319348634176,0.0300004466230826,0.0300003035765276,0.0300003788445952,0.0300003287500613,0.0300002644944287,0.0300005383868322,0.030001135541013
13.203726768493652,733.5631486465684,819.4163590653502,0.0300004466230826,0.0300003035765276,0.0300003788445952,0.0300003287500613,0.0300002644944287,0.0300005383868322,0.030001135541013
13.205408096313477,733.1171904106914,819.6775239132899,0.0300004466230826,0.0300003035765276,0.0300003788445952,0.0300003287500613,0.0300002644944287,0.0300005383868322,0.030001135541013
13.21043872833252,731.7846340905052,820.4577242756585,0.0300004466230826,0.0300003035765276,0.0300003788445952,0.0300003287500613,0.0300002644944287,0.0300005383868322,0.030001135541013
13.214938163757324,730.5950401571841,821.1539943248872,0.0300004466230826,0.0300003035765276,0.0300003788445952,0.0300003287500613,0.0300002644944287,0.0300005383868322,0.030001135541013
13.225845336914062,727.7201410322533,822.8357924187844,0.0300004466230826,0.0300003035765276,0.0300003788445952,0.0300003287500613,0.0300002644944287,0.0300005383868322,0.030001135541013
13.2610502243042,718.5257074278048,828.2061521749799,0.0300004466230826,0.0300003035765276,0.0300003788445952,0.0300003287500613,0.0300002644944287,0.0300005383868322,0.030001135541013
13.264873504638672,717.5349467770496,828.7840910566306,0.0300004466230826,0.0300003035765276,0.0300003788445952,0.0300003287500613,0.0300002644944287,0.0300005383868322,0.030001135541013
13.27043628692627,716.0961188560213,829.623140967193,0.0300004466230826,0.0300003035765276,0.0300003788445952,0.0300003287500613,0.0300002644944287,0.0300005383868322,0.030001135541013
13.274940490722656,714.9334414563336,830.300930154814,0.0300004466230826,0.0300003035765276,0.0300003788445952,0.0300003287500613,0.0300002644944287,0.0300005383868322,0.030001135541013
13.27712345123291,714.3707049066476,830.6289087071855,0.0300004466230826,0.0300003035765276,0.0300003788445952,0.0300003287500613,0.0300002644944287,0.0300005383868322,0.030001135541013
13.27776336669922,714.2058370016501,830.7249894543975,0.0300004466230826,0.0300003035765276,0.0300003788445952,0.0300003287500613,0.0300002644944287,0.0300005383868322,0.030001135541013
13.28827953338623,711.5025032524471,832.2998502822177,0.0300004466230826,0.0300003035765276,0.0300003788445952,0.0300003287500613,0.0300002644944287,0.0300005383868322,0.030001135541013
13.304784774780272,707.2825419237713,834.7560927309546,0.0300004466230826,0.0300003035765276,0.0300003788445952,0.0300003287500613,0.0300002644944287,0.0300005383868322,0.030001135541013
13.328768730163574,701.200202900564,838.2917570857799,0.0300004466230826,0.0300003035765276,0.0300003788445952,0.0300003287500613,0.0300002644944287,0.0300005383868322,0.030001135541013
13.329812049865724,700.936948745265,838.4446652154918,0.0300004466230826,0.0300003035765276,0.0300003788445952,0.0300003287500613,0.0300002644944287,0.0300005383868322,0.030001135541013
13.33083724975586,700.6783745606538,838.5948452508926,0.0300004466230826,0.0300003035765276,0.0300003788445952,0.0300003287500613,0.0300002644944287,0.0300005383868322,0.030001135541013
13.395341873168944,684.6228425726384,847.9010512444224,0.0300004466230826,0.0300003035765276,0.0300003788445952,0.0300003287500613,0.0300002644944287,0.0300005383868322,0.030001135541013
13.405571937561035,682.1148941057014,849.351400958856,0.0300004466230826,0.0300003035765276,0.0300003788445952,0.0300003287500613,0.0300002644944287,0.0300005383868322,0.030001135541013
13.407988548278809,681.5239724852236,849.6930021169478,0.0300004466230826,0.0300003035765276,0.0300003788445952,0.0300003287500613,0.0300002644944287,0.0300005383868322,0.030001135541013
13.408001899719238,681.5207093383785,849.6948883464597,0.0300004466230826,0.0300003035765276,0.0300003788445952,0.0300003287500613,0.0300002644944287,0.0300005383868322,0.030001135541013
13.48066234588623,664.0227892109326,859.7879311788593,0.0300004466230826,0.0300003035765276,0.0300003788445952,0.0300003287500613,0.0300002644944287,0.0300005383868322,0.030001135541013
13.483854293823242,663.2659658406112,860.2235175108632,0.0300004466230826,0.0300003035765276,0.0300003788445952,0.0300003287500613,0.0300002644944287,0.0300005383868322,0.030001135541013
13.495631217956545,660.4821622188122,861.8250451261946,0.0300004466230826,0.0300003035765276,0.0300003788445952,0.0300003287500613,0.0300002644944287,0.0300005383868322,0.030001135541013
13.523746490478516,653.8904887507108,865.613015006933,0.0300004466230826,0.0300003035765276,0.0300003788445952,0.0300003287500613,0.0300002644944287,0.0300005383868322,0.030001135541013
13.536561012268066,650.9112819864744,867.3231036095788,0.0300004466230826,0.0300003035765276,0.0300003788445952,0.0300003287500613,0.0300002644944287,0.0300005383868322,0.030001135541013
13.563203811645508,644.7672782961652,870.8460212480692,0.0300004466230826,0.0300003035765276,0.0300003788445952,0.0300003287500613,0.0300002644944287,0.0300005383868322,0.030001135541013
13.569042205810549,643.4298978062661,871.6121902157347,0.0300004466230826,0.0300003035765276,0.0300003788445952,0.0300003287500613,0.0300002644944287,0.0300005383868322,0.030001135541013
13.585254669189451,639.7330237146173,873.7288384330532,0.0300004466230826,0.0300003035765276,0.0300003788445952,0.0300003287500613,0.0300002644944287,0.0300005383868322,0.030001135541013
13.601317405700684,636.094633261712,875.8102223303902,0.0300004466230826,0.0300003035765276,0.0300003788445952,0.0300003287500613,0.0300002644944287,0.0300005383868322,0.030001135541013
13.606057167053224,635.0256341527632,876.4214215702697,0.0300004466230826,0.0300003035765276,0.0300003788445952,0.0300003287500613,0.0300002644944287,0.0300005383868322,0.030001135541013
13.614938735961914,633.028135007338,877.5630842579038,0.0300004466230826,0.0300003035765276,0.0300003788445952,0.0300003287500613,0.0300002644944287,0.0300005383868322,0.030001135541013
13.627886772155762,630.1292026522854,879.2190202222239,0.0300004466230826,0.0300003035765276,0.0300003788445952,0.0300003287500613,0.0300002644944287,0.0300005383868322,0.030001135541013
13.690881729125977,616.2453570508098,887.1345340079218,0.0300004466230826,0.0300003035765276,0.0300003788445952,0.0300003287500613,0.0300002644944287,0.0300005383868322,0.030001135541013
13.713705062866213,611.304248312426,889.9455500655046,0.0300004466230826,0.0300003035765276,0.0300003788445952,0.0300003287500613,0.0300002644944287,0.0300005383868322,0.030001135541013
13.720905303955078,609.7551632894632,890.8261850343185,0.0300004466230826,0.0300003035765276,0.0300003788445952,0.0300003287500613,0.0300002644944287,0.0300005383868322,0.030001135541013
13.72324562072754,609.2526596160753,891.1117859447418,0.0300004466230826,0.0300003035765276,0.0300003788445952,0.0300003287500613,0.0300002644944287,0.0300005383868322,0.030001135541013
13.733025550842283,607.1580490665742,892.3019226233087,0.0300004466230826,0.0300003035765276,0.0300003788445952,0.0300003287500613,0.0300002644944287,0.0300005383868322,0.030001135541013
13.74894905090332,603.7658741264154,894.2281366423258,0.0300004466230826,0.0300003035765276,0.0300003788445952,0.0300003287500613,0.0300002644944287,0.0300005383868322,0.030001135541013
13.83718490600586,585.3727636472777,904.6472385070844,0.0300004466230826,0.0300003035765276,0.0300003788445952,0.0300003287500613,0.0300002644944287,0.0300005383868322,0.030001135541013
13.854936599731444,581.7537654697251,906.6923221421728,0.0300004466230826,0.0300003035765276,0.0300003788445952,0.0300003287500613,0.0300002644944287,0.0300005383868322,0.030001135541013
13.88247776031494,576.1920893112848,909.832066176324,0.0300004466230826,0.0300003035765276,0.0300003788445952,0.0300003287500613,0.0300002644944287,0.0300005383868322,0.030001135541013
13.95132541656494,562.567258855132,917.5078068576948,0.0993538348485134,0.0300003035765276,0.0300003788445952,0.0300003287500613,0.0300002644944287,0.0300005383868322,0.030001135541013
13.964749336242676,559.9563536680281,918.97614239965,0.1614210823479688,0.0300003035765276,0.0300003788445952,0.0300003287500613,0.0300002644944287,0.0300005383868322,0.030001135541013
14.005141258239746,552.1887203937671,923.339741587608,0.5310010331277812,0.0300003035765276,0.0300003788445952,0.0300003287500613,0.0300002644944287,0.0300005383868322,0.030001135541013
14.050971031188965,543.5340532438228,928.193246024447,1.3769205360243628,0.0300003035765276,0.0300003788445952,0.0300003287500613,0.0300002644944287,0.0300005383868322,0.030001135541013
14.06150722503662,541.5679055030098,929.2946300491054,1.6465541659780265,0.0300003035765276,0.0300003788445952,0.0300003287500613,0.0300002644944287,0.0300005383868322,0.030001135541013
14.071605682373049,539.6916321307189,930.3452485490564,1.9334716413634432,0.0300003035765276,0.0300003788445952,0.0300003287500613,0.0300002644944287,0.0300005383868322,0.030001135541013
14.083431243896484,537.5046104417123,931.5693537856928,2.305973223374656,0.0300003035765276,0.0300003788445952,0.0300003287500613,0.0300002644944287,0.0300005383868322,0.030001135541013
14.08430290222168,537.343837495462,931.6593186459252,2.3350186100666086,0.0300003035765276,0.0300003788445952,0.0300003287500613,0.0300002644944287,0.0300005383868322,0.030001135541013
14.119749069213867,530.8558620860589,935.2873477055872,3.707197681982911,0.0300003035765276,0.0300003788445952,0.0300003287500613,0.0300002644944287,0.0300005383868322,0.030001135541013
14.133907318115234,528.2914049034964,936.7200372437908,4.362543931012754,0.0300003035765276,0.0300003788445952,0.0300003287500613,0.0300002644944287,0.0300005383868322,0.030001135541013
14.15049171447754,525.3069524771901,938.3864179069126,5.210414229895763,0.0300003035765276,0.0300003788445952,0.0300003287500613,0.0300002644944287,0.0300005383868322,0.030001135541013
14.170485496520996,521.7366668164844,940.3785660897807,6.349580253681842,0.0300003035765276,0.0300003788445952,0.0300003287500613,0.0300002644944287,0.0300005383868322,0.030001135541013
14.188918113708496,518.4717879236606,942.1990360386308,7.514606364010059,0.0300003035765276,0.0300003788445952,0.0300003287500613,0.0300002644944287,0.0300005383868322,0.030001135541013
14.204450607299805,515.7402815579158,943.7211754701405,8.582596569926693,0.0300003035765276,0.0300003788445952,0.0300003287500613,0.0300002644944287,0.0300005383868322,0.030001135541013
14.25981330871582,506.1490073249571,949.0592998583172,13.034557483929142,0.0300003035765276,0.0300003788445952,0.0300003287500613,0.0300002644944287,0.0300005383868322,0.030001135541013
14.26345157623291,505.5265289509885,949.4053915509926,13.362384102586642,0.0300003035765276,0.0300003788445952,0.0300003287500613,0.0300002644944287,0.0300005383868322,0.030001135541013
14.289523124694824,501.09381863545457,951.8686896826014,15.837879659527376,0.0300003035765276,0.0300003788445952,0.0300003287500613,0.0300002644944287,0.0300005383868322,0.030001135541013
14.313484191894531,497.0628261203682,954.106862635631,18.306905142616948,0.0300003035765276,0.0300003788445952,0.0300003287500613,0.0300002644944287,0.0300005383868322,0.030001135541013
14.31855297088623,496.21532456966304,954.5772026053884,18.85277035470589,0.0300003035765276,0.0300003788445952,0.0300003287500613,0.0300002644944287,0.0300005383868322,0.030001135541013
14.32331371307373,495.4209802626178,955.0179700934776,19.372901493067744,0.0300003035765276,0.0300003788445952,0.0300003287500613,0.0300002644944287,0.0300005383868322,0.030001135541013
14.340760231018066,492.5236119690066,956.6250813202028,21.340194679403837,0.0300003035765276,0.0300003788445952,0.0300003287500613,0.0300002644944287,0.0300005383868322,0.030001135541013
14.341712951660156,492.3660072221894,956.7124750954476,21.45037692919874,0.0300003035765276,0.0300003788445952,0.0300003287500613,0.0300002644944287,0.0300005383868322,0.030001135541013
14.34237575531006,492.2563997401147,956.7732521936064,21.527197515541808,0.0300003035765276,0.0300003788445952,0.0300003287500613,0.0300002644944287,0.0300005383868322,0.030001135541013
14.342418670654297,492.249303912122,956.7771867687107,21.53217623930365,0.0300003035765276,0.0300003788445952,0.0300003287500613,0.0300002644944287,0.0300005383868322,0.030001135541013
14.356056213378906,490.0009198704951,958.0236191445832,23.143318620853652,0.0300003035765276,0.0300003788445952,0.0300003287500613,0.0300002644944287,0.0300005383868322,0.030001135541013
14.36335277557373,488.8032717677051,958.687331858791,24.02894738706209,0.0300003035765276,0.0300003788445952,0.0300003287500613,0.0300002644944287,0.0300005383868322,0.030001135541013
14.379258155822754,486.2053597938153,960.126506232044,26.015889293546017,0.0300003035765276,0.0300003788445952,0.0300003287500613,0.0300002644944287,0.0300005383868322,0.030001135541013
14.4091157913208,481.37549845986064,962.8001757767896,29.95099820768572,0.0300003035765276,0.0300003788445952,0.0300003287500613,0.0300002644944287,0.0300005383868322,0.030001135541013
14.445029258728027,475.6462435028912,965.968459423784,35.02857315465731,0.0300003035765276,0.0300003788445952,0.0300003287500613,0.0300002644944287,0.0300005383868322,0.030001135541013
14.452001571655272,474.5440032192385,966.5775950140256,36.05668608556444,0.0300003035765276,0.0300003788445952,0.0300003287500613,0.0300002644944287,0.0300005383868322,0.030001135541013
14.456356048583984,473.8572581670831,966.9570479795716,36.70562717176601,0.0300003035765276,0.0300003788445952,0.0300003287500613,0.0300002644944287,0.0300005383868322,0.030001135541013
14.511090278625488,465.3320434720216,971.6633678144505,45.29812185004821,0.0300003035765276,0.0300003788445952,0.0300003287500613,0.0300002644944287,0.0300005383868322,0.030001135541013
14.567935943603516,456.6841678519834,976.4295356427996,55.02878712029733,0.0300003035765276,0.0300003788445952,0.0300003287500613,0.0300002644944287,0.0300005383868322,0.030001135541013
14.573472023010254,455.85300656677225,976.8872051795224,56.017683660271786,0.0300003035765276,0.0300003788445952,0.0300003287500613,0.0300002644944287,0.0300005383868322,0.030001135541013
14.628929138183594,447.6331830224205,981.4094681305836,66.3009769165735,0.0300003035765276,0.0300003788445952,0.0300003287500613,0.0300002644944287,0.0300005383868322,0.030001135541013
14.667604446411133,442.0134434740224,984.4972091836509,73.85379667683853,0.0300003035765276,0.0300003788445952,0.0300003287500613,0.0300002644944287,0.0300005383868322,0.030001135541013
14.750800132751465,430.2303767421706,990.9607877365388,91.04239215614662,0.0300003035765276,0.0300003788445952,0.0300003287500613,0.0300002644944287,0.0300005383868322,0.030001135541013
14.798394203186035,423.6726224801643,994.5518748746634,101.3845128349621,0.0300003035765276,0.0300003788445952,0.0300003287500613,0.0300002644944287,0.0300005383868322,0.030001135541013
14.80180549621582,423.2076112073767,994.806353145512,102.13852096014035,0.0300003035765276,0.0300003788445952,0.0300003287500613,0.0300002644944287,0.0300005383868322,0.030001135541013
14.865134239196776,414.6946671905749,999.4612041481624,116.41610200241284,0.0300003035765276,0.0300003788445952,0.0300003287500613,0.0300002644944287,0.0300005383868322,0.030001135541013
14.881097793579102,412.5841857525844,1000.614075794334,120.09269648763753,0.0300003035765276,0.0300003788445952,0.0300003287500613,0.0300002644944287,0.0300005383868322,0.030001135541013
14.884570121765137,412.12698700193766,1000.8637660390456,120.89622572291935,0.0300003035765276,0.0300003788445952,0.0300003287500613,0.0300002644944287,0.0300005383868322,0.030001135541013
14.906123161315918,409.3039259992544,1002.4050600995148,125.91300743711076,0.0300003035765276,0.0300003788445952,0.0300003287500613,0.0300002644944287,0.0300005383868322,0.030001135541013
14.909493446350098,408.8647758950108,1002.6447488941668,126.7019049553551,0.0300003035765276,0.0300003788445952,0.0300003287500613,0.0300002644944287,0.0300005383868322,0.030001135541013
14.9227933883667,407.137812819627,1003.587140085702,129.82626527569937,0.0300003035765276,0.0300003788445952,0.0300003287500613,0.0300002644944287,0.0300005383868322,0.030001135541013
14.962417602539062,402.0492354566734,1006.3622006563384,139.23399609423913,0.0300003035765276,0.0300003788445952,0.0300003287500613,0.0300002644944287,0.0300005383868322,0.030001135541013
14.986159324645996,399.0403833926445,1008.001861815691,144.9360541098687,0.0300003035765276,0.0300003788445952,0.0300003287500613,0.0300002644944287,0.0300005383868322,0.030001135541013
14.998579025268556,397.4782298821183,1008.8527940921546,147.93661421530118,0.0300003035765276,0.0300003788445952,0.0300003287500613,0.0300002644944287,0.0300005383868322,0.030001135541013
15.00837230682373,396.252117550038,1009.5205083054124,150.3107205668082,0.0300003035765276,0.0300003788445952,0.0300003287500613,0.0300002644944287,0.0300005383868322,0.030001135541013
15.015442848205566,395.3699950833984,1010.0008003643236,152.0290323276691,0.0300003035765276,0.0300003788445952,0.0300003287500613,0.0300002644944287,0.0300005383868322,0.030001135541013
15.051124572753906,390.9577375133412,1012.4019929841518,160.75115758489477,0.0300003035765276,0.0300003788445952,0.0300003287500613,0.0300002644944287,0.0300005383868322,0.030001135541013
15.098706245422363,385.1749159988036,1015.5461282094296,172.49690659237248,0.0300003035765276,0.0300003788445952,0.0300003287500613,0.0300002644944287,0.0300005383868322,0.030001135541013
15.100774765014648,384.9261018472228,1015.6813346059024,173.01011016799674,0.0300003035765276,0.0300003788445952,0.0300003287500613,0.0300002644944287,0.0300005383868322,0.030001135541013
15.140427589416504,380.1974557136524,1018.2497288003578,182.8832478362496,0.0300003035765276,0.0300003788445952,0.0300003287500613,0.0300002644944287,0.0300005383868322,0.030001135541013
15.14133644104004,380.08998257599455,1018.30807775977,183.11026119737545,0.0300003035765276,0.0300003788445952,0.0300003287500613,0.0300002644944287,0.0300005383868322,0.030001135541013
15.16159439086914,377.7049172202107,1019.6026751115992,188.1776008821713,0.0300003035765276,0.0300003788445952,0.0300003287500613,0.0300002644944287,0.0300005383868322,0.030001135541013
15.1777925491333,375.8121659301184,1020.6296468612672,192.23860269124597,0.0300003035765276,0.0300003788445952,0.0300003287500613,0.0300002644944287,0.0300005383868322,0.030001135541013
15.198050498962402,373.4628017886883,1021.9038750994736,197.32729012424355,0.0300003035765276,0.0300003788445952,0.0300003287500613,0.0300002644944287,0.0300005383868322,0.030001135541013
15.24978256225586,367.5517269813276,1025.1074588289814,210.35969865687952,0.0300003035765276,0.0300003788445952,0.0300003287500613,0.0300002644944287,0.0300005383868322,0.030001135541013
15.258469581604004,366.5714272247476,1025.638410982577,212.5519358017096,0.0300003035765276,0.0300003788445952,0.0300003287500613,0.0300002644944287,0.0300005383868322,0.030001135541013
15.294733047485352,362.516880228008,1027.8334346344568,221.70974102024527,0.0300003035765276,0.0300003788445952,0.0300003287500613,0.0300002644944287,0.0300005383868322,0.030001135541013
15.33153247833252,358.46374596220653,1030.0260687155464,231.00647752753164,0.0300003035765276,0.0300003788445952,0.0300003287500613,0.0300002644944287,0.0300005383868322,0.030001135541013
15.339937210083008,357.5465976504228,1030.5219952405694,233.12934043964725,0.0300003035765276,0.0300003788445952,0.0300003287500613,0.0300002644944287,0.0300005383868322,0.030001135541013
15.340082168579102,357.53080709099044,1030.5305328878835,233.1659508592924,0.0300003035765276,0.0300003788445952,0.0300003287500613,0.0300002644944287,0.0300005383868322,0.030001135541013
15.362641334533691,355.0848046533153,1031.8752266152223,238.86169765457683,0.0300003035765276,0.0300003788445952,0.0300003287500613,0.0300002644944287,0.0300005383868322,0.030001135541013
15.370370864868164,354.2519096958766,1032.318346216925,240.81225112485288,0.0300003035765276,0.0300003788445952,0.0300003287500613,0.0300002644944287,0.0300005383868322,0.030001135541013
15.372090339660645,354.06698607162963,1032.4160458418803,241.246078054292,0.0300003035765276,0.0300003788445952,0.0300003287500613,0.0300002644944287,0.0300005383868322,0.030001135541013
15.42943000793457,347.97420621915046,1035.382790994472,255.6894400870248,0.0300003035765276,0.0300003788445952,0.0300003287500613,0.0300002644944287,0.0300005383868322,0.030001135541013
15.449230194091797,345.9032141169583,1036.2265746143644,260.663219871305,0.0300003035765276,0.0300003788445952,0.0300003287500613,0.0300002644944287,0.0300005383868322,0.030001135541013
15.464043617248535,344.3647085118132,1036.781108406658,264.37857039545776,0.0300003035765276,0.0300003788445952,0.0300003287500613,0.0300002644944287,0.0300005383868322,0.030001135541013
15.477611541748049,342.9636827430886,1037.2262932228657,267.77677862207935,0.0300003035765276,0.0300003788445952,0.0300003287500613,0.0300002644944287,0.0300005383868322,0.030001135541013
15.478196144104004,342.90349038460204,1037.2440679338963,267.92308981388425,0.0300003035765276,0.0300003788445952,0.0300003287500613,0.0300002644944287,0.0300005383868322,0.030001135541013
15.490025520324709,341.6885751576921,1037.5778994924624,270.88168693360694,0.0300003035765276,0.0300003788445952,0.0300003287500613,0.0300002644944287,0.0300005383868322,0.030001135541013
15.534017562866213,337.22137121116407,1038.360398173376,281.847986767595,0.0300003035765276,0.0300003788445952,0.0300003287500613,0.0300002644944287,0.0300005383868322,0.030001135541013
15.563288688659668,334.2928994240008,1038.4512743924952,289.10914866538576,0.0300003035765276,0.0300003788445952,0.0300003287500613,0.0300002644944287,0.0300005383868322,0.030001135541013
15.58159351348877,332.4791373807145,1038.3239563330526,293.6339670474068,0.0300003035765276,0.0300003788445952,0.0300003287500613,0.0300002644944287,0.0300005383868322,0.030001135541013
15.662753105163574,324.5969679476053,1035.9811255110444,313.5294050428615,0.0300003035765276,0.0300003788445952,0.0300003287500613,0.0300002644944287,0.0300005383868322,0.030001135541013
15.66749668121338,324.14420461201735,1035.7529023578898,314.68313176990887,0.0300003035765276,0.0300003788445952,0.0300003287500613,0.0300002644944287,0.0300005383868322,0.030001135541013
15.690070152282717,322.00141846009177,1034.5280453191297,320.1586068128448,0.0300003035765276,0.0300003788445952,0.0300003287500613,0.0300002644944287,0.0300005383868322,0.030001135541013
15.692508697509766,321.7711013309844,1034.3820164602146,320.7486144949661,0.0300003035765276,0.0300003788445952,0.0300003287500613,0.0300002644944287,0.0300005383868322,0.030001135541013
15.69964599609375,321.09828889280345,1033.9392793492707,322.47378633513665,0.0300003035765276,0.0300003788445952,0.0300003287500613,0.0300002644944287,0.0300005383868322,0.030001135541013
15.731281280517578,318.1392200806384,1031.7030122631718,330.08918147003146,0.0300003035765276,0.0300003788445952,0.0300003287500613,0.0300002644944287,0.0300005383868322,0.030001135541013
15.734475135803224,317.8425576553684,1031.4525446174673,330.8551268934591,0.0300003035765276,0.0300003788445952,0.0300003287500613,0.0300002644944287,0.0300005383868322,0.030001135541013
15.774991989135742,314.11188333237624,1027.8872809637855,340.5240611023904,0.0300003035765276,0.0300003788445952,0.0300003287500613,0.0300002644944287,0.0300005383868322,0.030001135541013
15.832831382751465,308.8897519621789,1021.5825222630892,354.16679485275927,0.0300003035765276,0.0300003788445952,0.0300003287500613,0.0300002644944287,0.0300005383868322,0.030001135541013
15.847243309020996,307.6071708075126,1019.7964650187866,357.5356273480913,0.0300003035765276,0.0300003788445952,0.0300003287500613,0.0300002644944287,0.0300005383868322,0.030001135541013
15.901226997375488,302.8676831550255,1012.3776987972878,370.0417313413209,0.0300003035765276,0.0300003788445952,0.0300003287500613,0.0300002644944287,0.0300005383868322,0.030001135541013
15.901445388793944,302.84871494088185,1012.3454145836556,370.09195635155095,0.0300003035765276,0.0300003788445952,0.0300003287500613,0.0300002644944287,0.0300005383868322,0.030001135541013
15.920422554016112,301.20671826461887,1009.4723692902916,374.4447106955584,0.0300003035765276,0.0300003788445952,0.0300003287500613,0.0300002644944287,0.0300005383868322,0.030001135541013
15.947830200195312,298.8569306643,1005.0917905817907,380.6903659242947,0.0300003035765276,0.0300003788445952,0.0300003287500613,0.0300002644944287,0.0300005383868322,0.030001135541013
15.96584701538086,297.3260657038566,1002.0679087551176,384.76940807261695,0.0300003035765276,0.0300003788445952,0.0300003287500613,0.0300002644944287,0.0300005383868322,0.030001135541013
15.97459888458252,296.5863488370088,1000.5588569365234,386.7431397021624,0.0300003035765276,0.0300003788445952,0.0300003287500613,0.0300002644944287,0.0300005383868322,0.030001135541013
15.977202415466309,296.3667879288426,1000.1049487145845,387.3293126286868,0.0300003035765276,0.0300003788445952,0.0300003287500613,0.0300002644944287,0.0300005383868322,0.030001135541013
15.981961250305176,295.9660477814358,999.2694133397988,388.3995792945022,0.0300003035765276,0.0300003788445952,0.0300003287500613,0.0300002644944287,0.0300005383868322,0.030001135541013
15.982970237731934,295.88117774794193,999.09129005256,388.6263080925208,0.0300003035765276,0.0300003788445952,0.0300003287500613,0.0300002644944287,0.0300005383868322,0.030001135541013
15.983113288879396,295.8691478650884,999.0660089065065,388.65844752248574,0.0300003035765276,0.0300003788445952,0.0300003287500613,0.0300002644944287,0.0300005383868322,0.030001135541013
15.985002517700195,295.7103367982217,998.7314925946056,389.0827744105013,0.0300003035765276,0.0300003788445952,0.0300003287500613,0.0300002644944287,0.0300005383868322,0.030001135541013
15.99558162689209,294.8232231553584,996.8365810424664,391.454474208469,0.0300003035765276,0.0300003788445952,0.0300003287500613,0.0300002644944287,0.0300005383868322,0.030001135541013
16.007080078125,293.8631983200162,994.7357450940086,394.0237705391688,0.0300003035765276,0.0300003788445952,0.0300003287500613,0.0300002644944287,0.0300005383868322,0.030001135541013
16.01629066467285,293.09731700443814,993.022460830644,396.07542326594887,0.0300003035765276,0.0300003788445952,0.0300003287500613,0.0300002644944287,0.0300005383868322,0.030001135541013
16.01833152770996,292.9279895676978,992.6392159860084,396.5292477351207,0.0300003035765276,0.0300003788445952,0.0300003287500613,0.0300002644944287,0.0300005383868322,0.030001135541013
16.020824432373047,292.72134107159013,992.1693171734664,397.0832091372627,0.0300003035765276,0.0300003788445952,0.0300003287500613,0.0300002644944287,0.0300005383868322,0.030001135541013
16.054964065551758,289.9116056322813,985.5430703690596,404.6269192458106,0.0300003035765276,0.0300003788445952,0.0300003287500613,0.0300002644944287,0.0300005383868322,0.030001135541013
16.066944122314453,288.93451439560545,983.1358490195978,407.2551401735615,0.0300003035765276,0.0300003788445952,0.0300003287500613,0.0300002644944287,0.0300005383868322,0.030001135541013
16.09525489807129,286.6436208582923,977.2856855391144,413.4264969792823,0.0300003035765276,0.0300003788445952,0.0300003287500613,0.0300002644944287,0.0300005383868322,0.030001135541013
16.10593605041504,285.78587445109684,975.021475847308,415.7403126976004,0.0300003035765276,0.0300003788445952,0.0300003287500613,0.0300002644944287,0.0300005383868322,0.030001135541013
16.113121032714844,285.2108964659003,973.4813428956668,417.29226612554487,0.0300003035765276,0.0300003788445952,0.0300003287500613,0.0300002644944287,0.0300005383868322,0.030001135541013
16.115259170532227,285.040103170246,973.0204120993668,417.75340267460217,0.0300003035765276,0.0300003788445952,0.0300003287500613,0.0300002644944287,0.0300005383868322,0.030001135541013
16.13218116760254,283.69339666648244,969.3309442028774,421.39164183702434,0.0300003035765276,0.0300003788445952,0.0300003287500613,0.0300002644944287,0.0300005383868322,0.030001135541013
16.136171340942383,283.37713834706324,968.450411679278,422.2465852586653,0.0300003035765276,0.0300003788445952,0.0300003287500613,0.0300002644944287,0.0300005383868322,0.030001135541013
16.146984100341797,282.5225936254617,966.0444922961738,424.5576832264435,0.0300003035765276,0.0300003788445952,0.0300003287500613,0.0300002644944287,0.0300005383868322,0.030001135541013
16.195497512817383,278.7324516756122,954.9096938356864,434.8243892014236,0.0300003035765276,0.0300003788445952,0.0300003287500613,0.0300002644944287,0.0300005383868322,0.030001135541013
16.199186325073242,278.4471713797465,954.0413318135994,435.5981506582477,0.0300003035765276,0.0300003788445952,0.0300003287500613,0.0300002644944287,0.0300005383868322,0.030001135541013
16.218807220458984,276.93659424073496,949.3737546448896,439.6973723852643,0.0300003035765276,0.0300003788445952,0.0300003287500613,0.0300002644944287,0.0300005383868322,0.030001135541013
16.254072189331055,274.2502806846198,940.7879166344196,446.9951843331052,0.0300003035765276,0.0300003788445952,0.0300003287500613,0.0300002644944287,0.0300005383868322,0.030001135541013
16.254247665405273,274.237005118192,940.7445904410816,447.03127289740974,0.0300003035765276,0.0300003788445952,0.0300003287500613,0.0300002644944287,0.0300005383868322,0.030001135541013
16.303613662719727,270.5376973944834,928.3352249017792,457.0952019058752,0.0300003035765276,0.0300003788445952,0.0300003287500613,0.0300002644944287,0.0300005383868322,0.030001135541013
16.304956436157227,270.4380542632699,927.9918195303344,457.3664701877907,0.0300003035765276,0.0300003788445952,0.0300003287500613,0.0300002644944287,0.0300005383868322,0.030001135541013
16.34079933166504,267.79717947588324,918.7193718402508,464.5589441528332,0.0300003035765276,0.0300003788445952,0.0300003287500613,0.0300002644944287,0.0300005383868322,0.030001135541013
16.349750518798828,267.1433141161698,916.3732797761533,466.3405349131805,0.0300003035765276,0.0300003788445952,0.0300003287500613,0.0300002644944287,0.0300005383868322,0.030001135541013
16.372478485107422,265.4931260168276,910.3652513742144,470.83790937179504,0.0300003035765276,0.0300003788445952,0.0300003287500613,0.0300002644944287,0.0300005383868322,0.030001135541013
16.378816604614258,265.0354945399622,908.6772434459808,472.0853647490989,0.0300003035765276,0.0300003788445952,0.0300003287500613,0.0300002644944287,0.0300005383868322,0.030001135541013
16.387956619262695,264.3775078239108,906.23376200284,473.8791207410353,0.0300003035765276,0.0300003788445952,0.0300003287500613,0.0300002644944287,0.0300005383868322,0.030001135541013
16.413185119628906,262.5731937791249,899.4349591035311,478.79865210427255,0.0300003035765276,0.0300003788445952,0.0300003287500613,0.0300002644944287,0.0300005383868322,0.030001135541013
16.426586151123047,261.62180662013054,895.792852257782,481.3929534582861,0.0300003035765276,0.0300003788445952,0.0300003287500613,0.0300002644944287,0.0300005383868322,0.030001135541013
16.429689407348633,261.40218737916507,894.9465655115017,481.9918439530434,0.0300003035765276,0.0300003788445952,0.0300003287500613,0.0300002644944287,0.0300005383868322,0.030001135541013
16.456928253173828,259.4855709085523,887.4740533700732,487.2184827658605,0.0300003035765276,0.0300003788445952,0.0300003287500613,0.0300002644944287,0.0300005383868322,0.030001135541013
16.457134246826172,259.47115202633233,887.4172513227245,487.2578032264358,0.0300003035765276,0.0300003788445952,0.0300003287500613,0.0300002644944287,0.0300005383868322,0.030001135541013
16.47910499572754,257.9397311752492,881.3353449573616,491.433886132475,0.0300003035765276,0.0300003788445952,0.0300003287500613,0.0300002644944287,0.0300005383868322,0.030001135541013
16.47966194152832,257.90107630113937,881.1805838395642,491.5392909460752,0.0300003035765276,0.0300003788445952,0.0300003287500613,0.0300002644944287,0.0300005383868322,0.030001135541013
16.514047622680664,255.5302709178119,871.5735794687802,498.0033023227098,0.0300003035765276,0.0300003788445952,0.0300003287500613,0.0300002644944287,0.0300005383868322,0.030001135541013
16.515625,255.4222535506446,871.1305428746223,498.297767602292,0.0300003035765276,0.0300003788445952,0.0300003287500613,0.0300002644944287,0.0300005383868322,0.030001135541013
16.53990364074707,253.7677747202702,864.2878464594938,502.8073708874478,0.0300003035765276,0.0300003788445952,0.0300003287500613,0.0300002644944287,0.0300005383868322,0.030001135541013
16.542325973510742,253.6035347783001,863.6028129841573,503.254963058042,0.0300003035765276,0.0300003788445952,0.0300003287500613,0.0300002644944287,0.0300005383868322,0.030001135541013
16.654260635375977,246.17512546824432,831.5859571721227,523.477355426759,0.0300003035765276,0.0300003788445952,0.0300003287500613,0.0300002644944287,0.0300005383868322,0.030001135541013
16.700645446777344,243.1870001022964,818.1714256457772,531.5952326154659,0.0300003035765276,0.0300003788445952,0.0300003287500613,0.0300002644944287,0.0300005383868322,0.030001135541013
16.70977020263672,242.60524067355607,815.5264603453732,533.1742651948912,0.0300003035765276,0.0300003788445952,0.0300003287500613,0.0300002644944287,0.0300005383868322,0.030001135541013
16.718435287475586,242.05461459043693,813.0133286878573,534.6683255404017,0.0300003035765276,0.0300003788445952,0.0300003287500613,0.0300002644944287,0.0300005383868322,0.030001135541013
16.757997512817383,239.5630294529358,801.5263102943948,541.4228640299735,0.0300003035765276,0.0300003788445952,0.0300003287500613,0.0300002644944287,0.0300005383868322,0.030001135541013
16.770793914794922,238.76492357343392,797.8080242093355,543.5842289343414,0.0300003035765276,0.0300003788445952,0.0300003287500613,0.0300002644944287,0.0300005383868322,0.030001135541013
16.81341552734375,236.13372788526868,785.422263092075,550.7013202096504,0.0300003035765276,0.0300003788445952,0.0300003287500613,0.0300002644944287,0.0300005383868322,0.030001135541013
16.82563591003418,235.38692640988316,781.8724338911566,552.7188108479907,0.0300003035765276,0.0300003788445952,0.0300003287500613,0.0300002644944287,0.0300005383868322,0.030001135541013
16.83539390563965,234.7930156182216,779.0388352073182,554.3224246805366,0.0300003035765276,0.0300003788445952,0.0300003287500613,0.0300002644944287,0.0300005383868322,0.030001135541013
16.85683822631836,233.49530235143837,772.8156338329054,557.8236852670716,0.0300003035765276,0.0300003788445952,0.0300003287500613,0.0300002644944287,0.0300005383868322,0.030001135541013
16.873441696166992,232.4975411936364,768.0020160727787,560.513069996536,0.0300003035765276,0.0300003788445952,0.0300003287500613,0.0300002644944287,0.0300005383868322,0.030001135541013
16.87970542907715,232.12270922044837,766.1873439354093,561.5227965035235,0.0300003035765276,0.0300003788445952,0.0300003287500613,0.0300002644944287,0.0300005383868322,0.030001135541013
16.882923126220703,231.93049173603464,765.2554413443272,562.0404639546605,0.0300003035765276,0.0300003788445952,0.0300003287500613,0.0300002644944287,0.0300005383868322,0.030001135541013
16.933910369873047,228.91468770468745,750.5209242348958,570.1503947695438,0.0300003035765276,0.0300003788445952,0.0300003287500613,0.0300002644944287,0.0300005383868322,0.030001135541013
16.939250946044922,228.602043904283,748.9816321567866,570.9897932673148,0.0300003035765276,0.0300003788445952,0.0300003287500613,0.0300002644944287,0.0300005383868322,0.030001135541013
16.95416831970215,227.7319843691056,744.6867486338388,573.3243723926704,0.0300003035765276,0.0300003788445952,0.0300003287500613,0.0300002644944287,0.0300005383868322,0.030001135541013
16.963197708129883,227.2076379966989,742.0906137545065,574.7303139374517,0.0300003035765276,0.0300003788445952,0.0300003287500613,0.0300002644944287,0.0300005383868322,0.030001135541013
16.972631454467773,226.66164953139355,739.3812184716145,576.1934650563835,0.0300003035765276,0.0300003788445952,0.0300003287500613,0.0300002644944287,0.0300005383868322,0.030001135541013
16.990331649780273,225.64227574113772,734.3064105770279,578.9229188545656,0.0300003035765276,0.0300003788445952,0.0300003287500613,0.0300002644944287,0.0300005383868322,0.030001135541013
16.99964141845703,225.1087426057888,731.6420221651338,580.3502852858601,0.0300003035765276,0.0300003788445952,0.0300003287500613,0.0300002644944287,0.0300005383868322,0.030001135541013
17.001184463500977,225.02048648753663,731.2007460525803,580.586316306009,0.0300003035765276,0.0300003788445952,0.0300003287500613,0.0300002644944287,0.0300005383868322,0.030001135541013
17.03443717956543,223.13051750000832,721.7154156352534,585.6351467273344,0.0300003035765276,0.0300003788445952,0.0300003287500613,0.0300002644944287,0.0300005383868322,0.030001135541013
17.039270401000977,222.85770476773664,720.3407628760856,586.3630194116759,0.0300003035765276,0.0300003788445952,0.0300003287500613,0.0300002644944287,0.0300005383868322,0.030001135541013
17.043466567993164,222.6212374927236,719.1481646436341,586.99373062514,0.0300003035765276,0.0300003788445952,0.0300003287500613,0.0300002644944287,0.0300005383868322,0.030001135541013
17.044572830200195,222.55895589988668,718.8338876588936,587.1598199817493,0.0300003035765276,0.0300003788445952,0.0300003287500613,0.0300002644944287,0.0300005383868322,0.030001135541013
17.05088996887207,222.20378363852743,717.0403513776452,588.1067379574322,0.0300003035765276,0.0300003788445952,0.0300003287500613,0.0300002644944287,0.0300005383868322,0.030001135541013
17.058107376098633,221.79898672550328,714.993524403403,589.1854636704563,0.0300003035765276,0.0300003788445952,0.0300003287500613,0.0300002644944287,0.0300005383868322,0.030001135541013
17.062381744384766,221.5597509713108,713.7825118571798,589.8227422043863,0.0300003035765276,0.0300003788445952,0.0300003287500613,0.0300002644944287,0.0300005383868322,0.030001135541013
17.066314697265625,221.3399502272183,712.6690156838315,590.4080843534858,0.0300003035765276,0.0300003788445952,0.0300003287500613,0.0300002644944287,0.0300005383868322,0.030001135541013
17.07844352722168,220.6640686964349,709.2399380678763,592.2069954674861,0.0300003035765276,0.0300003788445952,0.0300003287500613,0.0300002644944287,0.0300005383868322,0.030001135541013
17.086475372314453,220.21811727314105,706.9732634787189,593.3930935606902,0.0300003035765276,0.0300003788445952,0.0300003287500613,0.0300002644944287,0.0300005383868322,0.030001135541013
17.094192504882812,219.79085406163392,704.7985501765288,594.528855044199,0.0300003035765276,0.0300003788445952,0.0300003287500613,0.0300002644944287,0.0300005383868322,0.030001135541013
17.103816986083984,219.25965086867367,702.0907454302286,595.940040468839,0.0300003035765276,0.0300003788445952,0.0300003287500613,0.0300002644944287,0.0300005383868322,0.030001135541013
17.111026763916016,218.86292593638285,700.0655693816889,596.9933359590273,0.0300003035765276,0.0300003788445952,0.0300003287500613,0.0300002644944287,0.0300005383868322,0.030001135541013
17.12867546081543,217.8961182858708,695.1202597012312,599.557871456189,0.0300003035765276,0.0300003788445952,0.0300003287500613,0.0300002644944287,0.0300005383868322,0.030001135541013
17.145353317260742,216.98810796882523,690.4632031833124,601.9633983459618,0.0300003035765276,0.0300003788445952,0.0300003287500613,0.0300002644944287,0.0300005383868322,0.030001135541013
17.149301528930664,216.7739453097984,689.3630840935737,602.5303275697939,0.0300003035765276,0.0300003788445952,0.0300003287500613,0.0300002644944287,0.0300005383868322,0.030001135541013
17.22764015197754,212.5865619144608,667.7329210634604,613.5802982725212,0.1637021192383539,0.0300003788445952,0.0300003287500613,0.0300002644944287,0.0300005383868322,0.030001135541013
17.235382080078125,212.1790555254988,665.6166998092075,614.6519943705518,0.2233021294125559,0.0300003788445952,0.0300003287500613,0.0300002644944287,0.0300005383868322,0.030001135541013
17.26565933227539,210.5960988443192,657.3794967984356,618.8085670929646,0.6065196797690323,0.0300003788445952,0.0300003287500613,0.0300002644944287,0.0300005383868322,0.030001135541013
17.2851505279541,209.5860209519948,652.1103069651739,621.4554098580477,0.9998979854847104,0.0300003788445952,0.0300003287500613,0.0300002644944287,0.0300005383868322,0.030001135541013
17.285552978515625,209.56523846906816,652.0017919353381,621.5098236630454,1.009353165496666,0.0300003788445952,0.0300003287500613,0.0300002644944287,0.0300005383868322,0.030001135541013
17.300565719604492,208.79209412127244,647.962078155424,623.532797782645,1.4025796982401828,0.0300003788445952,0.0300003287500613,0.0300002644944287,0.0300005383868322,0.030001135541013
17.303131103515625,208.66038918083467,647.2733886554311,623.8771544192928,1.4778456166531933,0.0300003788445952,0.0300003287500613,0.0300002644944287,0.0300005383868322,0.030001135541013
17.326440811157227,207.469140503763,641.0377218594592,626.9883646034592,2.274314544596963,0.0300003788445952,0.0300003287500613,0.0300002644944287,0.0300005383868322,0.030001135541013
17.3386287689209,206.8501625354768,637.793194043476,628.6024898987786,2.774042004064776,0.0300003788445952,0.0300003287500613,0.0300002644944287,0.0300005383868322,0.030001135541013
17.358684539794922,205.8373778788402,632.4783710370764,631.2398456941694,3.7251229630966622,0.0300003788445952,0.0300003287500613,0.0300002644944287,0.0300005383868322,0.030001135541013
17.40066146850586,203.74058373890605,621.4536639610958,636.6850679672204,6.247945971958946,0.0300003788445952,0.0300003287500613,0.0300002644944287,0.0300005383868322,0.030001135541013
17.40822410583496,203.3660934116062,619.4819586700241,637.6554251075142,6.779999450993275,0.0300003788445952,0.0300003287500613,0.0300002644944287,0.0300005383868322,0.030001135541013
17.416711807250977,202.9469748786488,617.274424471023,638.7406284844359,7.405400151070851,0.0300003788445952,0.0300003287500613,0.0300002644944287,0.0300005383868322,0.030001135541013
17.45062828063965,201.2845577735784,608.5102847723708,643.0366944148171,10.201591011126403,0.0300003788445952,0.0300003287500613,0.0300002644944287,0.0300005383868322,0.030001135541013
17.451047897338867,201.26411330964143,608.402430771152,643.0894435923778,10.239143324410334,0.0300003788445952,0.0300003287500613,0.0300002644944287,0.0300005383868322,0.030001135541013
17.46173667907715,200.74434452333185,605.6598852754139,644.4298159058881,11.219849383509109,0.0300003788445952,0.0300003287500613,0.0300002644944287,0.0300005383868322,0.030001135541013
17.462331771850586,200.7154635252684,605.5074668285446,644.5042545427561,11.275811212883662,0.0300003788445952,0.0300003287500613,0.0300002644944287,0.0300005383868322,0.030001135541013
17.48780632019043,199.48472979067037,599.0097982020449,647.672501349924,13.804634315847828,0.0300003788445952,0.0300003287500613,0.0300002644944287,0.0300005383868322,0.030001135541013
17.50444221496582,198.6868769748083,594.795251091109,649.7223004400331,15.594589063072196,0.0300003788445952,0.0300003287500613,0.0300002644944287,0.0300005383868322,0.030001135541013
17.52815818786621,197.5574014708948,588.8266069982743,652.6184903869346,18.33078583147939,0.0300003788445952,0.0300003287500613,0.0300002644944287,0.0300005383868322,0.030001135541013
17.530447006225586,197.4488867976244,588.2530514416285,652.8963937394583,18.60611386958371,0.0300003788445952,0.0300003287500613,0.0300002644944287,0.0300005383868322,0.030001135541013
17.538908004760742,197.04848999472716,586.1366077712079,653.9212661734971,19.64083522630233,0.0300003788445952,0.0300003287500613,0.0300002644944287,0.0300005383868322,0.030001135541013
17.539548873901367,197.0182101226864,585.9765440938012,653.9987375526309,19.720288404957163,0.0300003788445952,0.0300003287500613,0.0300002644944287,0.0300005383868322,0.030001135541013
17.58649253845215,194.81834650150415,574.3459448045556,659.6140580978764,25.94148893704276,0.0300003788445952,0.0300003287500613,0.0300002644944287,0.0300005383868322,0.030001135541013
17.58721923828125,194.7845713656157,574.1673665458156,659.7000687686823,26.0438501605578,0.0300003788445952,0.0300003287500613,0.0300002644944287,0.0300005383868322,0.030001135541013
17.659042358398438,191.48770657976647,556.7406490073001,668.0654205725291,37.006164863294615,0.0300003788445952,0.0300003287500613,0.0300002644944287,0.0300005383868322,0.030001135541013
17.673309326171875,190.84242681027425,553.3319110719277,669.6955715367243,39.37146568799791,0.0300003788445952,0.0300003287500613,0.0300002644944287,0.0300005383868322,0.030001135541013
17.6922550201416,189.99038221524845,548.8325962722562,671.8443959038339,42.60140845286669,0.0300003788445952,0.0300003287500613,0.0300002644944287,0.0300005383868322,0.030001135541013
17.73078155517578,188.27461589687917,539.7794912324318,676.1586364609202,49.46533535921682,0.0300003788445952,0.0300003287500613,0.0300002644944287,0.0300005383868322,0.030001135541013
17.750652313232422,187.39843016169775,535.1608452902482,678.3550494249172,53.15086829384309,0.0300003788445952,0.0300003287500613,0.0300002644944287,0.0300005383868322,0.030001135541013
17.826711654663086,184.09862926049533,517.801690684183,686.5850898673054,68.06936918963635,0.0300003788445952,0.0300003287500613,0.0300002644944287,0.0300005383868322,0.030001135541013
17.866226196289062,182.41744280645165,508.9836090123383,690.7520751998871,76.26598626540306,0.0300003788445952,0.0300003287500613,0.0300002644944287,0.0300005383868322,0.030001135541013
17.86659812927246,182.40172439426357,508.901259358744,690.7909501088327,76.3444221380652,0.0300003788445952,0.0300003287500613,0.0300002644944287,0.0300005383868322,0.030001135541013
17.904695510864258,180.80201678231,500.5303934518249,694.7390445326236,84.49524559453292,0.0300003788445952,0.0300003287500613,0.0300002644944287,0.0300005383868322,0.030001135541013
17.914976119995117,180.37381950739967,498.2933035940843,695.7930230952069,86.73219289227508,0.0300003788445952,0.0300003287500613,0.0300002644944287,0.0300005383868322,0.030001135541013
17.949695587158203,178.93853935353383,490.8065979746039,699.3170762443099,94.39341018866487,0.0300003788445952,0.0300003287500613,0.0300002644944287,0.0300005383868322,0.030001135541013
17.95680809020996,178.6465582070685,489.2858972183021,700.0323081980193,95.98190652510748,0.0300003788445952,0.0300003287500613,0.0300002644944287,0.0300005383868322,0.030001135541013
17.975807189941406,177.86999140832825,485.2453959847508,701.9317971882585,100.25451843251058,0.0300003788445952,0.0300003287500613,0.0300002644944287,0.0300005383868322,0.030001135541013
17.982799530029297,177.58542002512326,483.7662650442613,702.6268459848577,101.83729360061692,0.0300003788445952,0.0300003287500613,0.0300002644944287,0.0300005383868322,0.030001135541013
17.98522186279297,177.4869909743827,483.2548470538312,702.867125841852,102.38685315729828,0.0300003788445952,0.0300003287500613,0.0300002644944287,0.0300005383868322,0.030001135541013
18.021453857421875,176.02414009160037,475.66615441192425,706.4303973833421,110.67861392913326,0.0300003788445952,0.0300003287500613,0.0300002644944287,0.0300005383868322,0.030001135541013
18.041717529296875,175.21362307832723,471.4715827626816,708.3983706153272,115.36985685674227,0.0300003788445952,0.0300003287500613,0.0300002644944287,0.0300005383868322,0.030001135541013
18.06399345397949,174.3288562850584,466.9013791866299,710.5414252578463,120.56646122274675,0.0300003788445952,0.0300003287500613,0.0300002644944287,0.0300005383868322,0.030001135541013
18.06697654724121,174.2108650119367,466.2926026812113,710.8268071751033,121.26528453329207,0.0300003788445952,0.0300003287500613,0.0300002644944287,0.0300005383868322,0.030001135541013
18.11600875854492,172.28798361468398,456.3957076113642,715.4637873394804,132.83855809521484,0.0300003788445952,0.0300003287500613,0.0300002644944287,0.0300005383868322,0.030001135541013
18.21166229248047,168.62450278533635,437.676621206688,724.2246172495693,155.77093365784725,0.0300003788445952,0.0300003287500613,0.0300002644944287,0.0300005383868322,0.030001135541013
18.262903213500977,166.708425045448,427.9643662152075,728.7673196531001,168.17277161916428,0.0300003788445952,0.0300003287500613,0.0300002644944287,0.0300005383868322,0.030001135541013
18.26795768737793,166.52113845398955,427.018118718937,729.209866174607,169.39854260401066,0.0300003788445952,0.0300003287500613,0.0300002644944287,0.0300005383868322,0.030001135541013
18.293107986450195,165.59376330987595,422.3409739500114,731.3972779102515,175.50172457198818,0.0300003788445952,0.0300003287500613,0.0300002644944287,0.0300005383868322,0.030001135541013
18.301179885864254,165.29771782684435,420.8508519488293,732.094185477285,177.46150099758145,0.0300003788445952,0.0300003287500613,0.0300002644944287,0.0300005383868322,0.030001135541013
18.30813217163086,165.043352121588,419.57168325950727,732.6924411446865,179.14966726193467,0.0300003788445952,0.0300003287500613,0.0300002644944287,0.0300005383868322,0.030001135541013
18.321014404296875,164.57352827443262,417.2118572371095,733.7961386481959,182.27802768460467,0.0300003788445952,0.0300003287500613,0.0300002644944287,0.0300005383868322,0.030001135541013
18.39013290405273,162.08565807285305,404.77938714182415,739.6120714426822,199.0512667007858,0.0300003788445952,0.0300003287500613,0.0300002644944287,0.0300005383868322,0.030001135541013
18.425859451293945,160.82111804072306,398.5027911421187,742.5495916122375,207.6989733982011,0.0300003788445952,0.0300003287500613,0.0300002644944287,0.0300005383868322,0.030001135541013
18.430635452270508,160.65316076219707,397.6713634146213,742.9388008466767,208.85322663723164,0.0300003788445952,0.0300003287500613,0.0300002644944287,0.0300005383868322,0.030001135541013
18.43610191345215,160.46123536083147,396.7219383851146,743.4087520669962,210.17375760095916,0.0300003788445952,0.0300003287500613,0.0300002644944287,0.0300005383868322,0.030001135541013
18.452302932739254,159.89438052543937,393.92187734061287,744.7155562686501,214.0834726098722,0.0300003788445952,0.0300003287500613,0.0300002644944287,0.0300005383868322,0.030001135541013
18.462278366088867,159.54680096172757,392.2080017736584,745.5088255921744,216.48763157009049,0.0300003788445952,0.0300003287500613,0.0300002644944287,0.0300005383868322,0.030001135541013
18.540206909179688,156.86897669405886,379.08376929121215,751.1249737872995,235.1682777864636,0.0300003788445952,0.0300003287500613,0.0300002644944287,0.0300005383868322,0.030001135541013
18.54533576965332,156.69503725978043,378.236286515558,751.4457335270633,236.39055911638565,0.0300003788445952,0.0300003287500613,0.0300002644944287,0.0300005383868322,0.030001135541013
18.649917602539062,153.20868231199586,361.3846729982484,756.202741368457,261.07655513418,0.0300003788445952,0.0300003287500613,0.0300002644944287,0.0300005383868322,0.030001135541013
18.670766830444336,152.5271786419757,358.12149296913486,756.6994857996858,265.9377703453556,0.0300003788445952,0.0300003287500613,0.0300002644944287,0.0300005383868322,0.030001135541013
18.762874603271484,149.56869151888776,344.0784204972211,756.9436924328553,287.1401645968609,0.0300003788445952,0.0300003287500613,0.0300002644944287,0.0300005383868322,0.030001135541013
18.839658737182617,147.16589716107032,332.8253474260744,754.6978365664131,304.44439170765924,0.0300003788445952,0.0300003287500613,0.0300002644944287,0.0300005383868322,0.030001135541013
18.867225646972656,146.3169689641001,328.88333756796584,753.3609222553561,310.56888949706126,0.0300003788445952,0.0300003287500613,0.0300002644944287,0.0300005383868322,0.030001135541013
18.87174224853516,146.17856041622073,328.24233975319294,753.1158354490447,311.567765102211,0.0300003788445952,0.0300003287500613,0.0300002644944287,0.0300005383868322,0.030001135541013
18.8795166015625,145.94076673484363,327.14219224024407,752.6769967195668,313.28406987685605,0.0300003788445952,0.0300003287500613,0.0300002644944287,0.0300005383868322,0.030001135541013
18.9303035736084,144.4011367613826,320.0538144650056,749.2927309378427,324.3999801068111,0.0300003788445952,0.0300003287500613,0.0300002644944287,0.0300005383868322,0.030001135541013
18.990558624267575,142.6050113991613,311.86186937351255,744.1640006783564,337.3670118682184,0.0300003788445952,0.0300003287500613,0.0300002644944287,0.0300005383868322,0.030001135541013
19.06424331665039,140.45251881694887,302.1571929081828,736.3776966253788,352.88834853312113,0.0300003788445952,0.0300003287500613,0.0300002644944287,0.0300005383868322,0.030001135541013
19.07205581665039,140.2270814035072,301.1480323991688,735.4611677590303,354.5119749842318,0.0300003788445952,0.0300003287500613,0.0300002644944287,0.0300005383868322,0.030001135541013
19.111928939819336,139.0846821948614,296.0555728890697,730.5294103208357,362.73199379140726,0.0300003788445952,0.0300003287500613,0.0300002644944287,0.0300005383868322,0.030001135541013
19.16837882995605,137.49041880888674,289.00946712026507,722.8645567067796,374.1775558017335,0.0300003788445952,0.0300003287500613,0.0300002644944287,0.0300005383868322,0.030001135541013
19.177562713623047,137.23356944628924,287.8809696538227,721.546746337611,376.01824782595554,0.0300003788445952,0.0300003287500613,0.0300002644944287,0.0300005383868322,0.030001135541013
19.18520164489746,137.02046109577054,286.9460745722681,720.4362446287987,377.5447136613976,0.0300003788445952,0.0300003287500613,0.0300002644944287,0.0300005383868322,0.030001135541013
19.226600646972656,135.87387828405724,281.9383391406321,714.1996361677187,385.74490691402366,0.0300003788445952,0.0300003287500613,0.0300002644944287,0.0300005383868322,0.030001135541013
19.289926528930664,134.14690068993792,274.4674418514506,704.0017633158589,398.0510218090424,0.0300003788445952,0.0300003287500613,0.0300002644944287,0.0300005383868322,0.030001135541013
19.29714584350586,133.95205608649792,273.6300205889916,702.7927598385511,399.4357021770803,0.0300003788445952,0.0300003287500613,0.0300002644944287,0.0300005383868322,0.030001135541013
19.32142639160156,133.29975906641675,270.8346759441363,698.6619270971607,404.0653549820746,0.0300003788445952,0.0300003287500613,0.0300002644944287,0.0300005383868322,0.030001135541013
19.35243797302246,132.4733473927718,267.311332956034,693.2483821485556,409.9170159235068,0.0300003788445952,0.0300003287500613,0.0300002644944287,0.0300005383868322,0.030001135541013
19.426420211791992,130.5317507972947,259.1142681125433,679.7765481716735,423.5993030647528,0.0300003788445952,0.0300003287500613,0.0300002644944287,0.0300005383868322,0.030001135541013
19.52411651611328,128.03075133729533,248.72549849579656,660.9932096612642,441.0715643501147,0.0300003788445952,0.0300003287500613,0.0300002644944287,0.0300005383868322,0.030001135541013
19.546348571777344,127.4713790538778,246.42856679937304,656.5906245282943,444.9537003281549,0.0300003788445952,0.0300003287500613,0.0300002644944287,0.0300005383868322,0.030001135541013
19.54671859741211,127.462099137632,246.3905438103712,656.5170008314693,445.0180211146917,0.0300003788445952,0.0300003287500613,0.0300002644944287,0.0300005383868322,0.030001135541013
19.565757751464844,126.9859394617632,244.4431940713456,652.7142068121523,448.31465844150887,0.0300003788445952,0.0300003287500613,0.0300002644944287,0.0300005383868322,0.030001135541013
19.580469131469727,126.61978858068582,242.95061511050224,649.7570691755723,450.8446448742607,0.0300003788445952,0.0300003287500613,0.0300002644944287,0.0300005383868322,0.030001135541013
19.61256980895996,125.82615844956564,239.73005736553125,643.2525851384642,456.3130322937728,0.0300003788445952,0.0300003287500613,0.0300002644944287,0.0300005383868322,0.030001135541013
19.62209701538086,125.59201057184782,238.78371561469305,641.3094683345142,457.9222999004068,0.0300003788445952,0.0300003287500613,0.0300002644944287,0.0300005383868322,0.030001135541013
19.66579246520996,124.52620908063275,234.49832379415363,632.3325211284648,465.2231622067648,0.0300003788445952,0.0300003287500613,0.0300002644944287,0.0300005383868322,0.030001135541013
19.6751766204834,124.2990340899969,233.5896204039626,630.3920437713425,466.77409114730335,0.0300003788445952,0.0300003287500613,0.0300002644944287,0.0300005383868322,0.030001135541013
19.680646896362305,124.16688616302152,233.0617935172259,629.259041577933,467.6754046485056,0.0300003788445952,0.0300003287500613,0.0300002644944287,0.0300005383868322,0.030001135541013
19.68453025817871,124.07319821194577,232.68792609687628,628.4539238888622,468.3140152787139,0.0300003788445952,0.0300003287500613,0.0300002644944287,0.0300005383868322,0.030001135541013
19.73583221435547,122.84511986738497,227.8135561224892,617.7626085341166,476.6548160235749,0.0300003788445952,0.0300003287500613,0.0300002644944287,0.0300005383868322,0.030001135541013
19.75340843200684,122.42844670027031,226.17091313933352,614.0796035530891,479.4717326089966,0.0300003788445952,0.0300003287500613,0.0300002644944287,0.0300005383868322,0.030001135541013
19.764694213867188,122.16198298299872,225.1234212614835,611.7102992153159,481.2696238494594,0.0300003788445952,0.0300003287500613,0.0300002644944287,0.0300005383868322,0.030001135541013
19.77328872680664,121.95962775476906,224.32950371641329,609.9039024800554,482.6330998341307,0.0300003788445952,0.0300003287500613,0.0300002644944287,0.0300005383868322,0.030001135541013
19.78635597229004,121.65289739284346,223.128652283157,607.1542958112846,484.6967702647759,0.0300003788445952,0.0300003287500613,0.0300002644944287,0.0300005383868322,0.030001135541013
19.797645568847656,121.38879784168556,222.09718665569247,604.7760170586955,486.4706158237586,0.0300003788445952,0.0300003287500613,0.0300002644944287,0.0300005383868322,0.030001135541013
19.848709106445312,120.2046265759694,217.5006922292308,593.9954354654976,494.3893741319645,0.0300003788445952,0.0300003287500613,0.0300002644944287,0.0300005383868322,0.030001135541013
19.849096298217773,120.19571189406624,217.46626565395263,593.9135848194901,494.44876895237536,0.0300003788445952,0.0300003287500613,0.0300002644944287,0.0300005383868322,0.030001135541013
19.88793182373047,119.306431750988,214.04539594944464,585.700049504995,500.3568797906877,0.0300003788445952,0.0300003287500613,0.0300002644944287,0.0300005383868322,0.030001135541013
19.89553642272949,119.1334186866124,213.38292886339343,584.0913020332571,501.5024230835963,0.0300003788445952,0.0300003287500613,0.0300002644944287,0.0300005383868322,0.030001135541013
19.931793212890625,118.31353643438868,210.2572880333944,576.423094447386,506.9133838163269,0.0300003788445952,0.0300003287500613,0.0300002644944287,0.0300005383868322,0.030001135541013
19.966259002685547,117.54174478182328,207.3357214997464,569.1416977110733,511.9799986417949,0.0313309473087026,0.0300003287500613,0.0300002644944287,0.0300005383868322,0.030001135541013
20.025829315185547,116.22495524552936,202.397825793403,556.5933234781337,520.5625215871137,0.302519297592428,0.0300003287500613,0.0300002644944287,0.0300005383868322,0.030001135541013
20.052513122558597,115.6420654274548,200.23093550208597,550.9939399585008,524.3362154738115,0.7067557449461026,0.0300003287500613,0.0300002644944287,0.0300005383868322,0.030001135541013
20.055500030517575,115.57708317133964,199.99008635497688,550.3681608438613,524.7559358897372,0.7666728686515448,0.0300003287500613,0.0300002644944287,0.0300005383868322,0.030001135541013
20.057729721069336,115.52860931351228,199.8105181315682,549.9011631770322,525.0688995896533,0.8134631645031002,0.0300003287500613,0.0300002644944287,0.0300005383868322,0.030001135541013
20.069129943847656,115.28122789648036,198.89536804999844,547.5153497809429,526.6643572588042,1.0811034389270069,0.0300003287500613,0.0300002644944287,0.0300005383868322,0.030001135541013
20.06996726989746,115.26308854557205,198.82834711465108,547.3402447494361,526.7812313883156,1.1026805608929395,0.0300003287500613,0.0300002644944287,0.0300005383868322,0.030001135541013
20.103796005249023,114.53369901419715,196.1428090820036,540.2816227516242,531.4678385049076,2.2087246047708,0.0300003287500613,0.0300002644944287,0.0300005383868322,0.030001135541013
20.111207962036133,114.3747845031286,195.5601390410451,538.7394179779902,532.4855530039179,2.51507416095454,0.0300003287500613,0.0300002644944287,0.0300005383868322,0.030001135541013
20.12606239318848,114.05726468391038,194.3985501378296,535.6537115642088,534.515357908081,3.201786457076076,0.0300003287500613,0.0300002644944287,0.0300005383868322,0.030001135541013
20.143238067626957,113.69172212814468,193.06560628528663,532.0945991852028,536.8461072200047,4.119874353321692,0.0300003287500613,0.0300002644944287,0.0300005383868322,0.030001135541013
20.145898818969727,113.63524687401934,192.8600839564517,531.5441172839256,537.2056208921979,4.274215718125387,0.0300003287500613,0.0300002644944287,0.0300005383868322,0.030001135541013
20.1727352142334,113.06790871345596,190.80160448719488,526.005667348178,540.8085431328059,6.015787700752293,0.0300003287500613,0.0300002644944287,0.0300005383868322,0.030001135541013
20.1758975982666,113.00132520923228,190.5607535882418,525.3547141683327,541.2303473413745,6.243362603826468,0.0300003287500613,0.0300002644944287,0.0300005383868322,0.030001135541013
20.180450439453125,112.90556590327633,190.214636630951,524.4181921585566,541.8365949189615,6.579330261007057,0.0300003287500613,0.0300002644944287,0.0300005383868322,0.030001135541013
20.187049865722656,112.76697027543273,189.71425647692075,523.0620569922769,542.7132323119961,7.083808879465828,0.0300003287500613,0.0300002644944287,0.0300005383868322,0.030001135541013
20.19084358215332,112.68740971850218,189.42731700880944,522.2832184253064,543.2160334533754,7.383193106622908,0.0300003287500613,0.0300002644944287,0.0300005383868322,0.030001135541013
20.194137573242188,112.61839537153624,189.1785920524528,521.607416820907,543.6519303007416,7.648701657457076,0.0300003287500613,0.0300002644944287,0.0300005383868322,0.030001135541013
20.233234405517575,111.8039235787873,186.2558532460606,513.6189268649856,548.7781505983987,11.19471974239003,0.0300003287500613,0.0300002644944287,0.0300005383868322,0.030001135541013
20.23609161376953,111.7447376002224,186.04436970368636,513.0375666760668,549.1493607501382,11.482323414259447,0.0300003287500613,0.0300002644944287,0.0300005383868322,0.030001135541013
20.24857711791992,111.48663845110386,185.1235660521741,510.50116650709583,550.7660647371238,12.784254263705588,0.0300003287500613,0.0300002644944287,0.0300005383868322,0.030001135541013
20.249303817749023,111.47164285993554,185.0701391595164,510.353743850308,550.8598914529175,12.86228734632521,0.0300003287500613,0.0300002644944287,0.0300005383868322,0.030001135541013
20.282384872436523,110.7920997210479,182.65733491649965,503.6672247270516,555.0997134367776,16.674474586960578,0.0300003287500613,0.0300002644944287,0.0300005383868322,0.030001135541013
20.303699493408203,110.35744241366442,181.1225629286353,499.3851800307297,557.7991913717798,19.39585640546976,0.0300003287500613,0.0300002644944287,0.0300005383868322,0.030001135541013
20.31812286376953,110.06471785544828,180.09271528098932,496.49962075807855,559.6116674843154,21.352452355220265,0.0300003287500613,0.0300002644944287,0.0300005383868322,0.030001135541013
20.334697723388672,109.72971852698326,178.9178592983101,493.195942425504,561.6804189424802,23.71316273832336,0.0300003287500613,0.0300002644944287,0.0300005383868322,0.030001135541013
20.34208106994629,109.58096797874884,178.39745973715432,491.7286142817949,562.5971289732288,24.802738551511027,0.0300003287500613,0.0300002644944287,0.0300005383868322,0.030001135541013
20.34556579589844,109.51086371372388,178.15247387397233,491.03701139803246,563.02876043795,25.325014217536246,0.0300003287500613,0.0300002644944287,0.0300005383868322,0.030001135541013
20.3614559173584,109.19201667883723,177.04043378167862,487.89101888446567,564.9886357272164,27.770946377667865,0.0300003287500613,0.0300002644944287,0.0300005383868322,0.030001135541013
20.36721992492676,109.07669062732036,176.63910110266198,486.7529772897184,565.6961959964896,28.683954350150174,0.0300003287500613,0.0300002644944287,0.0300005383868322,0.030001135541013
20.373550415039062,108.9502340078449,176.19957759257744,485.50503679523166,566.4712366507151,29.702262737228303,0.0300003287500613,0.0300002644944287,0.0300005383868322,0.030001135541013
20.378890991210938,108.8437171096992,175.82979954693923,484.4538349357225,567.1234108085569,30.573890170302896,0.0300003287500613,0.0300002644944287,0.0300005383868322,0.030001135541013
20.3826847076416,108.76814385506523,175.56768850830684,483.7079979610331,567.5857600446507,31.199976051944507,0.0300003287500613,0.0300002644944287,0.0300005383868322,0.030001135541013
20.416505813598636,108.09775856232474,173.25149484772578,477.0920600066569,571.6737742159354,37.029260200641225,0.0300003287500613,0.0300002644944287,0.0300005383868322,0.030001135541013
20.47557258605957,106.94126253055026,169.29350837821096,465.6853178072311,578.669246922329,48.21510618563532,0.0300003287500613,0.0300002644944287,0.0300005383868322,0.030001135541013
20.70897674560547,102.54256118240316,154.6793737773462,422.5900206042878,604.6003497857005,102.26058799378757,0.0300003287500613,0.0300002644944287,0.0300005383868322,0.030001135541013
20.712127685546875,102.48498518576692,154.49273563837514,422.03088421038,604.9325097129416,103.0725920643956,0.0300003287500613,0.0300002644944287,0.0300005383868322,0.030001135541013
20.721668243408203,102.31093907875874,153.92928293852228,420.3416855322613,605.9354333592344,105.54147438944284,0.0300003287500613,0.0300002644944287,0.0300005383868322,0.030001135541013
20.72873306274414,102.1823328639856,153.5136456962966,419.09449502912327,606.6753922900946,107.3794093404578,0.0300003287500613,0.0300002644944287,0.0300005383868322,0.030001135541013
20.79150009155273,101.04994149043031,149.879976480773,408.1516546265515,613.1494622544585,124.03928082732835,0.0300003287500613,0.0300002644944287,0.0300005383868322,0.030001135541013
20.79523468017578,100.98313844356916,149.6670796108323,407.5084033939307,613.5290569258935,125.0476385308958,0.0300003287500613,0.0300002644944287,0.0300005383868322,0.030001135541013
20.79879570007324,100.91949962075628,149.4644188027191,406.8958708039677,613.8904291346604,126.01076369035604,0.0300003287500613,0.0300002644944287,0.0300005383868322,0.030001135541013
20.833351135253903,100.30496281557818,147.51502728640332,400.9937641397796,617.3678722134127,135.43491158851054,0.0300003287500613,0.0300002644944287,0.0300005383868322,0.030001135541013
20.84043312072754,100.17968473674564,147.11932673776076,399.7935235494443,618.0740569636142,137.38277127324525,0.0300003287500613,0.0300002644944287,0.0300005383868322,0.030001135541013
20.84845733642578,100.03801214631486,146.67253633257786,398.4374533631243,618.8715440288667,139.5960609524428,0.0300003287500613,0.0300002644944287,0.0300005383868322,0.030001135541013
20.94704818725586,98.32072057385614,141.31537067661927,382.11105855073527,628.4438924976407,167.24606595688726,0.0300003287500613,0.0300002644944287,0.0300005383868322,0.030001135541013
20.958131790161133,98.13033163702248,140.7281247385168,380.31443914611054,629.4943349703424,170.39730001052067,0.0300003287500613,0.0300002644944287,0.0300005383868322,0.030001135541013
20.96006774902344,98.09713129920569,140.62585654176632,380.0014302380069,629.6772909552333,170.94842599695164,0.0300003287500613,0.0300002644944287,0.0300005383868322,0.030001135541013
20.96297645568848,98.04727951482757,140.47237258205507,379.531595527288,629.951883619955,171.77685215210215,0.0300003287500613,0.0300002644944287,0.0300005383868322,0.030001135541013
20.97156143188477,97.90035641860902,140.02055769682113,378.1480377051737,630.7602970937551,174.2245098539716,0.0300003287500613,0.0300002644944287,0.0300005383868322,0.030001135541013
20.99232292175293,97.54635665342184,138.93521359660912,374.8215365931195,632.7027908801269,180.15855197055816,0.0300003287500613,0.0300002644944287,0.0300005383868322,0.030001135541013
21.009952545166016,97.2472074203589,138.02164160290107,372.0184021080683,634.3384367380231,185.21197372247636,0.0300003287500613,0.0300002644944287,0.0300005383868322,0.030001135541013
21.030208587646484,96.9051244007051,136.9810026979821,368.8220840329109,636.2022252808347,191.03218572327967,0.0300003287500613,0.0300002644944287,0.0300005383868322,0.030001135541013
21.05150604248047,96.54732475708828,135.89717673718428,365.4895540014298,638.1440877177267,197.1648876326013,0.0300003287500613,0.0300002644944287,0.0300005383868322,0.030001135541013
21.067546844482425,96.27909521659014,135.08777429348262,362.9985578745318,639.6174692537303,201.79110078982467,0.0300003287500613,0.0300002644944287,0.0300005383868322,0.030001135541013
21.093189239501957,95.85253956740986,133.80609047800658,359.05034423214886,641.8835720121804,209.19594332504252,0.0300003287500613,0.0300002644944287,0.0300005383868322,0.030001135541013
21.1048583984375,95.65932820981368,133.2277578502555,357.2673691353136,642.8833268890835,212.56845556490717,0.0300003287500613,0.0300002644944287,0.0300005383868322,0.030001135541013
21.12037467956543,95.40328753800914,132.46348938529297,354.9098685476712,644.1730034290152,217.05449317489908,0.0300003287500613,0.0300002644944287,0.0300005383868322,0.030001135541013
21.14380645751953,95.0184999870786,131.31948315092916,351.3783968236436,646.0186590582305,223.83062838891004,0.0300003287500613,0.0300002644944287,0.0300005383868322,0.030001135541013
21.233078002929688,93.57284253868406,127.07045886337052,338.23812252248416,651.5958752557494,249.6120339489567,0.0300003287500613,0.0300002644944287,0.0300005383868322,0.030001135541013
21.234390258789062,93.55182907806176,127.0092684328628,338.04865165629826,651.6581503863646,249.99009304889037,0.0300003287500613,0.0300002644944287,0.0300005383868322,0.030001135541013
21.246360778808597,93.3604559789632,126.45275119527712,336.3251783327968,652.1977488579278,253.436989540826,0.0300003287500613,0.0300002644944287,0.0300005383868322,0.030001135541013
21.26199722290039,93.1113242874069,125.73030769836618,334.0871677196232,652.8241954002799,257.9342104340967,0.0300003287500613,0.0300002644944287,0.0300005383868322,0.030001135541013
21.284822463989254,92.74937134639792,124.6848072025748,330.8471287420961,653.5760778876836,264.4868979175907,0.0300003287500613,0.0300002644944287,0.0300005383868322,0.030001135541013
21.3134822845459,92.29775919140629,123.38715178917576,326.8238397046755,654.2420797645805,272.6912608812128,0.0300003287500613,0.0300002644944287,0.0300005383868322,0.030001135541013
21.34689140319824,91.77529607737677,121.89537026648156,322.1966153759063,654.6232814820862,282.21747690576336,0.0300003287500613,0.0300002644944287,0.0300005383868322,0.030001135541013
21.42597007751465,90.55547792854516,118.45194964595784,311.5101799147228,653.8381506613925,304.5722498583446,0.0300003287500613,0.0300002644944287,0.0300005383868322,0.030001135541013
21.481590270996094,89.71144127207192,116.1017231356218,304.2145866904224,651.9072517994233,320.1044233039887,0.0300003287500613,0.0300002644944287,0.0300005383868322,0.030001135541013
21.491107940673828,89.56814490000627,115.7053460259822,302.9841872498155,651.4674209184084,322.7446901152304,0.0300003287500613,0.0300002644944287,0.0300005383868322,0.030001135541013
21.53241729736328,88.94999576018043,114.00422264061488,297.70426655002154,649.2025629222459,334.14076161943285,0.0300003287500613,0.0300002644944287,0.0300005383868322,0.030001135541013
21.532575607299805,88.94763863419365,113.99776313961785,297.6842200177318,649.1927945007974,334.18423111568217,0.0300003287500613,0.0300002644944287,0.0300005383868322,0.030001135541013
21.61567687988281,87.7225987227774,110.66862999351312,287.35646571490514,642.9830497548038,356.77532480330296,0.0300003287500613,0.0300002644944287,0.0300005383868322,0.030001135541013
21.6849365234375,86.7200302454513,107.98564620729424,279.0416629046829,636.2863618421479,375.2367243258959,0.0300003287500613,0.0300002644944287,0.0300005383868322,0.030001135541013
21.697221755981445,86.54391380310369,107.51820221776656,277.59405427494687,634.9675739055003,378.4747503046511,0.0300003287500613,0.0300002644944287,0.0300005383868322,0.030001135541013
21.776832580566406,85.41497692936018,104.54922216832291,268.4085470813746,625.5616825900973,399.1796630365568,0.0300003287500613,0.0300002644944287,0.0300005383868322,0.030001135541013
21.861940383911133,84.23128726811218,101.48715888746014,258.9548559596935,614.0551951022786,420.7635552197818,0.0300003287500613,0.0300002644944287,0.0300005383868322,0.030001135541013
21.89940452575684,83.71767018664886,100.17469373893464,254.91020235011644,608.5852200957527,430.07904280945365,0.0300003287500613,0.0300002644944287,0.0300005383868322,0.030001135541013
21.90962219238281,83.57836859061551,99.8204206005157,253.81927523351257,607.0550890131533,432.5996893954893,0.0300003287500613,0.0300002644944287,0.0300005383868322,0.030001135541013
21.96636199951172,82.81081391040547,97.8812920183184,247.854884170962,598.2865173769184,446.4399236374912,0.0300003287500613,0.0300002644944287,0.0300005383868322,0.030001135541013
22.135009765625,80.58801946200694,92.38892142304913,231.0339634871438,570.0635336496998,485.9851893627463,0.0300003287500613,0.0300002644944287,0.0300005383868322,0.030001135541013
22.146728515625,80.43674471574056,92.02178125573433,229.9139078880608,568.0107689597039,488.64393885150025,0.0300003287500613,0.0300002644944287,0.0300005383868322,0.030001135541013
22.14959716796875,80.39977568847121,91.93218698382574,229.6406678715425,567.506850826401,489.293011981296,0.0300003287500613,0.0300002644944287,0.0300005383868322,0.030001135541013
22.15205383300781,80.36813531502686,91.8555468244056,229.4069629975629,567.0748711070348,489.8483149326212,0.0300003287500613,0.0300002644944287,0.0300005383868322,0.030001135541013
22.32874870300293,78.13819347668473,86.54723414413314,213.28857495554988,535.2106391797814,528.456843520298,0.0300003287500613,0.0300002644944287,0.0300005383868322,0.030001135541013
22.4305419921875,76.89337722676119,83.6636519822203,204.59590988435625,516.4502756206293,549.5186154574303,0.155145534688768,0.0300002644944287,0.0300005383868322,0.030001135541013
23.109346389770508,69.26996972799014,67.23708827883956,156.1963300312071,396.329495541161,669.4015329707044,121.08194631698834,0.0300002644944287,0.0300005383868322,0.030001135541013
23.124845504760746,69.10862965522011,66.91211621610607,155.26195173556556,393.8091782439664,671.7538313711798,126.00159895249362,0.0300002644944287,0.0300005383868322,0.030001135541013
23.1645565032959,68.69766513552419,66.08855088868404,152.898649795631,387.40958783416784,677.709033899675,138.83069202371885,0.0300002644944287,0.0300005383868322,0.030001135541013
23.18998336791992,68.43633399912336,65.56798296163332,151.4083227117526,383.3561160377026,681.4685206848358,147.19874866088696,0.0300002644944287,0.0300005383868322,0.030001135541013
23.191823959350582,68.41747131190957,65.53050293779106,151.3011272759025,383.06404426624766,681.7390508318459,147.80876468256773,0.0300002644944287,0.0300005383868322,0.030001135541013
23.269752502441406,67.62552468293347,63.96833692340412,146.8460626463691,370.8670247346877,692.9963217808333,174.09544448436318,0.0300002644944287,0.0300005383868322,0.030001135541013
23.310222625732425,67.21933782318945,63.17575126540802,144.5954963378514,364.6643696601811,698.6933420473889,188.04330193325143,0.0300002644944287,0.0300005383868322,0.030001135541013
23.358232498168945,66.74191860962839,62.25164462858099,141.97999338618334,357.4239718974528,705.3225092604191,204.7876430105701,0.0300002644944287,0.0300005383868322,0.030001135541013
23.40018081665039,66.32867339249482,61.45826399853762,139.7419483294821,351.202951181084,711.0019677566781,219.55304525392324,0.0300002644944287,0.0300005383868322,0.030001135541013
23.410579681396484,66.22678793011166,61.26358298718423,139.19384254251162,349.67599898647006,712.393854805357,223.22864391256223,0.0300002644944287,0.0300005383868322,0.030001135541013
23.48130416870117,65.53965022925397,59.96016370467462,135.53523517496654,339.4515895765086,721.694249750662,248.33878846662213,0.0300002644944287,0.0300005383868322,0.030001135541013
23.55398368835449,64.84390994674891,58.65733591412504,131.89790303227886,329.23625012329774,730.956626572274,274.2451094488855,0.0300002644944287,0.0300005383868322,0.030001135541013
23.557758331298828,64.80806025220926,58.59066430735643,131.712302331363,328.7137716584537,731.4296736755925,275.5909434376405,0.0300002644944287,0.0300005383868322,0.030001135541013
23.580486297607425,64.59278841353276,58.191257537731936,130.60154380119906,325.584592199027,734.2615412315074,283.6921779478321,0.0300002644944287,0.0300005383868322,0.030001135541013
23.590251922607425,64.500599872072,58.0207102873902,130.12783159155018,324.2488932574579,735.4696999017264,287.1712787821092,0.0300002644944287,0.0300005383868322,0.030001135541013
23.594703674316406,64.45863611261194,57.94317646998981,129.9125895463621,323.6417612063349,736.0187398866748,288.7567902395846,0.0300002644944287,0.0300005383868322,0.030001135541013
23.60526657104492,64.35921977717655,57.75973677125145,129.40363080589742,322.2055914682986,737.3172043609932,292.51745496048375,0.0300002644944287,0.0300005383868322,0.030001135541013
23.626230239868164,64.1625490055958,57.39786369487023,128.40080221729863,319.37361795459856,739.876501879922,299.9743265601244,0.0300002644944287,0.0300005383868322,0.030001135541013
23.6821346282959,63.64218426361916,56.446902968647535,125.77315287855332,311.9401880801936,746.587830286014,319.7998756681245,0.0300002644944287,0.0300005383868322,0.030001135541013
23.719621658325195,63.29655943728904,55.8204847919483,124.04841946920494,307.0517751622494,750.9971474211118,333.0293320072781,0.0300002644944287,0.0300005383868322,0.030001135541013
23.736024856567383,63.14615153544254,55.54917768778037,123.30296020504292,304.9368698028149,752.903928603072,338.79825995663526,0.0300002644944287,0.0300005383868322,0.030001135541013
23.75473403930664,62.97520946595984,55.24178431696235,122.45948013410074,302.5424889853126,755.0621522320009,345.36180624711113,0.0300002644944287,0.0300005383868322,0.030001135541013
23.77147674560547,62.82278384257998,54.9685418784491,121.71072578325996,300.41583993453827,756.9786342141751,351.2196892235588,0.0300002644944287,0.0300005383868322,0.030001135541013
23.772947311401367,62.80942050606247,54.94462475013361,121.64523245042535,300.2297725382182,757.1462965656249,351.73346325161083,0.0300002644944287,0.0300005383868322,0.030001135541013
23.793603897094727,62.62212955751558,54.61007013547456,120.72988188494998,297.62844559994164,759.4900579962082,358.93708878043327,0.0300002644944287,0.0300005383868322,0.030001135541013
23.808990478515625,62.48312878805165,54.36256008170386,120.05362282355784,295.7056697876394,761.2221866868709,364.28628102206005,0.0300002644944287,0.0300005383868322,0.030001135541013
23.8222770690918,62.363446318000086,54.14998402531471,119.47345056226106,294.0555078244089,762.7085827055864,368.8934751216933,0.0300002644944287,0.0300005383868322,0.030001135541013
23.83600616455078,62.240114618287606,53.93144404454634,118.87761891834418,292.3602755209016,764.2354590908775,373.6420791089783,0.0300002644944287,0.0300005383868322,0.030001135541013
23.83915138244629,62.21190843217824,53.881537337334656,118.74164048299605,291.9733238274072,764.5839680761314,374.7281808763633,0.0300002644944287,0.0300005383868322,0.030001135541013
23.845233917236328,62.15741121321049,53.78519028380028,118.47922122615944,291.22648815273266,765.2565948544122,376.82669601054766,0.0300002644944287,0.0300005383868322,0.030001135541013
23.8465518951416,62.14561143673339,53.76434263862254,118.42245489890142,291.0649207410847,765.4021061983974,377.2810751196546,0.0300002644944287,0.0300005383868322,0.030001135541013
23.86738586425781,61.95950167295201,53.43616218421715,117.52960714594848,288.5231517884905,767.6912086192984,384.4476578588333,0.0300002644944287,0.0300005383868322,0.030001135541013
23.89629173278809,61.70257423993293,52.9850649655328,116.30469442565688,285.0344821860133,770.8329745513813,394.3392283673635,0.0300002644944287,0.0300005383868322,0.030001135541013
23.903099060058597,61.642284610935896,52.87954141168907,116.01854876285137,284.2192749802356,771.5671227612295,396.65965612195066,0.0300002644944287,0.0300005383868322,0.030001135541013
23.91408920288086,61.54512316702741,52.70974522149064,115.5584313489954,282.90826426743365,772.7477911833028,400.3984257905131,0.0300002644944287,0.0300005383868322,0.030001135541013
23.947772979736328,61.24866235509482,52.19366453649441,114.16234336298456,278.9292422432215,776.3314510242112,411.7984464004237,0.0300002644944287,0.0300005383868322,0.030001135541013
23.94828224182129,61.24419552324159,52.18591171762675,114.14139828755587,278.86953438212026,776.385230081435,411.9701048479748,0.0300002644944287,0.0300005383868322,0.030001135541013
23.96402931213379,61.10629950922335,51.94691012631228,113.49611350687708,277.02988014353593,778.0422868456643,417.2675270000136,0.0300002644944287,0.0300005383868322,0.030001135541013
23.9880313873291,60.896948046219606,51.58530785583641,112.5213095016892,274.25031102228945,780.546293480481,425.3022312543594,0.0300002644944287,0.0300005383868322,0.030001135541013
24.01207733154297,60.68821726630052,51.22627127189076,111.5552121317244,271.495117761946,783.0288314552917,433.3022541425821,0.0300002644944287,0.0300005383868322,0.030001135541013
24.01597595214844,60.654469463984285,51.16836179733436,111.39955701242684,271.0511754697,783.4288943957833,434.594571168576,0.0300002644944287,0.0300005383868322,0.030001135541013
24.04814910888672,60.37696520162597,50.69365421613632,110.12535864074827,267.4168185539094,786.7046804144175,445.2077895924568,0.0300002644944287,0.0300005383868322,0.030001135541013
24.05000114440918,60.36104477703876,50.66649994567251,110.05256759292496,267.20919030398306,786.8918618649095,445.8159025858166,0.0300002644944287,0.0300005383868322,0.030001135541013
24.07505416870117,60.14625898713475,50.301001019929245,109.07380789509844,264.4173601547619,789.4092095780948,454.0111948352319,0.0300002644944287,0.0300005383868322,0.030001135541013
24.106735229492188,59.876173298724055,49.843629342368125,107.85170063970406,260.93148479849515,792.5536775182802,464.291137365745,0.0300002644944287,0.0300005383868322,0.030001135541013
24.10780906677246,59.86704835489285,49.82822021489676,107.81057919117224,260.8141967406103,792.659506199733,464.6379208669615,0.0300002644944287,0.0300005383868322,0.030001135541013
24.12118530273437,59.75354604657965,49.63678748339831,107.2999981707844,259.35793751544634,793.9736466341899,468.9484171004376,0.0300002644944287,0.0300005383868322,0.030001135541013
24.12141990661621,59.751558026238655,49.63343839253453,107.291070314919,259.3324745295536,793.9966273666005,469.023865689369,0.0300002644944287,0.0300005383868322,0.030001135541013
24.15349578857422,59.48061463813247,49.1782534872983,106.07916650604344,255.8763132980984,797.1167900969078,479.2894685132428,0.0300002644944287,0.0300005383868322,0.030001135541013
24.190906524658203,59.16676663124285,48.65410250045984,104.68737622271682,251.9081011396164,800.7016975147952,491.1353581832663,0.0300002644944287,0.0300005383868322,0.030001135541013
24.19334602355957,59.14638125890592,48.6201727846171,104.59742047587903,251.65166792955608,800.9334598642715,491.9029983285143,0.0300002644944287,0.0300005383868322,0.030001135541013
24.195825576782227,59.12567119891144,48.58571708320311,104.5060874994213,251.39131495466432,801.1687777496569,492.6826344543389,0.0300002644944287,0.0300005383868322,0.030001135541013
24.20952606201172,59.01142204917797,48.39589963360913,104.00324507820434,249.95803499746788,802.4644730618927,496.9793435310212,0.0300002644944287,0.0300005383868322,0.030001135541013
24.238100051879883,58.77412919327335,48.00306384676927,102.96428227784976,246.99732487936777,805.1423062763085,505.8798756538498,0.0300002644944287,0.0300005383868322,0.030001135541013
24.248106002807617,58.69134900493378,47.86646945807281,102.6035578256614,245.96962378251231,806.0722582370385,508.9770819000013,0.0300002644944287,0.0300005383868322,0.030001135541013
24.248640060424805,58.68693526155255,47.85919289805915,102.58434937108512,245.91490290756596,806.1217809843024,509.14210565688177,0.0300002644944287,0.0300005383868322,0.030001135541013
24.277069091796875,58.45264768025805,47.47388659732397,101.56836005088064,243.0211575733285,808.7416261261083,517.8845747490358,0.0300002644944287,0.0300005383868322,0.030001135541013
24.2951774597168,58.30409285810398,47.23053295149592,100.92782602702788,241.1974354100148,810.3937651489704,523.4099412429935,0.0300002644944287,0.0300005383868322,0.030001135541013
24.302881240844727,58.241053045309584,47.12748930976777,100.65687323040828,240.42614551349112,811.0927413827385,525.7503070170479,0.0300002644944287,0.0300005383868322,0.030001135541013
24.34803771972656,57.87343853076873,46.52925622817882,99.08701092224084,235.95951908287464,815.1437127088163,539.3445471546127,0.0300002644944287,0.0300005383868322,0.030001135541013
24.348468780517575,57.86994487779878,46.52359265243746,99.07217487374268,235.9173254843392,815.1820062900941,539.4732915412663,0.0300002644944287,0.0300005383868322,0.030001135541013
24.352169036865234,57.839967167025534,46.4750125046814,98.94493671284768,235.5554762572983,815.5104303175989,540.5776421360188,0.0300002644944287,0.0300005383868322,0.030001135541013
24.369281768798828,57.70160843149162,46.25118700845543,98.3591751121824,233.89000045696545,817.022554564194,545.6663080104051,0.0300002644944287,0.0300005383868322,0.030001135541013
24.37784194946289,57.63257086957389,46.13974363387115,98.06781050401123,233.06179855257307,817.7748067632588,548.2002352632516,0.0300002644944287,0.0300005383868322,0.030001135541013
24.4011344909668,57.44529796637574,45.838243068570456,97.28051145265373,230.82469394789035,819.8078181700691,555.0560785969687,0.0300002644944287,0.0300005383868322,0.030001135541013
24.407697677612305,57.39268247185073,45.75374579749019,97.06011948216988,230.19866583970665,820.3770171248411,556.977529590926,0.0300002644944287,0.0300005383868322,0.030001135541013
24.41389274597168,57.34307950072585,45.67417127467469,96.85266901900948,229.60948697313876,820.9128280577842,558.7870350372641,0.0300002644944287,0.0300005383868322,0.030001135541013
24.418991088867188,57.30230253518188,45.60881727400411,96.68236524388652,229.1258735228174,821.3527208421314,560.2731569838171,0.0300002644944287,0.0300005383868322,0.030001135541013
24.419363021850582,57.299329365323786,45.604054287741306,96.66995614567192,229.09063760126855,821.384774312186,560.3814645889299,0.0300002644944287,0.0300005383868322,0.030001135541013
24.42754554748535,57.23397380788856,45.49943002909633,96.39746599985268,228.31697621757755,822.0886642004555,562.7605291692373,0.0300002644944287,0.0300005383868322,0.030001135541013
24.437292098999023,57.1562611046184,45.37520962409047,96.07416082692602,227.3992429897544,822.9238948365963,565.5850842091833,0.0300002644944287,0.0300005383868322,0.030001135541013
24.44223976135254,57.11686771968707,45.3123180405105,95.91056681638428,226.93495135538177,823.3465572436605,567.0150683696289,0.0300002644944287,0.0300005383868322,0.030001135541013
24.44660186767578,57.08216780018468,45.25696252698593,95.76662707908643,226.52648850717148,823.7184582735043,568.2736618462385,0.0300002644944287,0.0300005383868322,0.030001135541013
24.471923828125,56.88131233837396,44.93733493103275,94.93644930455037,224.1715770057549,825.8637298529279,575.5399144150915,0.0300002644944287,0.0300005383868322,0.030001135541013
24.531604766845703,56.41178435118924,44.19540399072639,93.01565502575892,218.72939307759725,830.8542833903546,592.3962318820213,0.0300002644944287,0.0300005383868322,0.030001135541013
24.54905128479004,56.27554341390688,43.981493401349454,92.46349373849527,217.16674279614895,832.2765651443642,597.2523327143067,0.0300002644944287,0.0300005383868322,0.030001135541013
24.55631256103516,56.21897419006196,43.89285559011317,92.23491141786832,216.5200886244793,832.8624310723425,599.2639199044636,0.0300002644944287,0.0300005383868322,0.030001135541013
24.559816360473636,56.19170593674585,43.85016713982588,92.12487011582532,216.20883701355297,833.1436473727263,600.2325719849873,0.0300002644944287,0.0300005383868322,0.030001135541013
24.56218719482422,56.17326537870905,43.82131240724788,92.05050572953878,215.99851706095663,833.3333505136256,600.887267539799,0.0300002644944287,0.0300005383868322,0.030001135541013
24.563337326049805,56.164322578574605,43.807323287272894,92.01445782899496,215.8965708368756,833.4252046610752,601.2046562066569,0.0300002644944287,0.0300005383868322,0.030001135541013
24.565093994140625,56.1506674833087,43.78596789740854,91.95943424025074,215.7409671219923,833.5652751242144,601.6891528236157,0.0300002644944287,0.0300005383868322,0.030001135541013
24.58527183532715,55.99414885328454,43.54162768420544,91.33040128444948,213.96272440440785,835.1530049821886,607.2307938466938,0.0300002644944287,0.0300005383868322,0.030001135541013
24.599496841430664,55.88416931960175,43.37042507500479,90.89023248841146,212.7190935676492,836.2460233958079,611.1115858930697,0.0300002644944287,0.0300005383868322,0.030001135541013
24.6048641204834,55.842750382992485,43.306053012122334,90.72485290049984,212.25199165924417,836.6521366076119,612.5702844162722,0.0300002644944287,0.0300005383868322,0.030001135541013
24.61288452148437,55.7809366983638,43.210089662125,90.47843714042637,211.5561672390823,837.252138572128,614.7443496091183,0.0300002644944287,0.0300005383868322,0.030001135541013
24.61929702758789,55.73158331694977,43.13356122294275,90.28203452667518,211.00170598894076,837.7256893397687,616.4776667789537,0.0300002644944287,0.0300005383868322,0.030001135541013
24.646705627441406,55.52131553814988,42.808417799207874,89.4486573219782,208.6503958264076,839.6829645203111,623.83725097333,0.0300002644944287,0.0300005383868322,0.030001135541013
24.666231155395508,55.372193596360646,42.57871030207208,88.86094237311644,206.99359136819697,841.0054122624838,629.031729278048,0.0300002644944287,0.0300005383868322,0.030001135541013
24.67999839782715,55.267382698320574,42.417698221880094,88.44950765026908,205.8344380703544,841.8988576871536,632.6701473983845,0.0300002644944287,0.0300005383868322,0.030001135541013
24.68206596374512,55.25166594069588,42.39358509059405,88.38792830253286,205.6609988439311,842.0301338301763,633.2148424813835,0.0300002644944287,0.0300005383868322,0.030001135541013
24.683523178100582,55.24059254414128,42.37660081731652,88.34456020523282,205.5388599398754,842.1221932072979,633.5984718514985,0.0300002644944287,0.0300005383868322,0.030001135541013
24.685222625732425,55.22768230236519,42.35680429486717,88.29401728795911,205.39652277932,842.2290687928248,634.0455900145404,0.0300002644944287,0.0300005383868322,0.030001135541013
24.68805885314941,55.20614555183988,42.32379214744533,88.20974774875975,205.1592260989649,842.4062601437032,634.7911143817671,0.0300002644944287,0.0300005383868322,0.030001135541013
24.688329696655277,55.20408952328701,42.32064140813175,88.20170585640074,205.13658205787985,842.4231037050027,634.8622634713649,0.0300002644944287,0.0300005383868322,0.030001135541013
24.69754409790039,55.13420419708542,42.21362923422801,87.92866788072303,204.36791016643195,842.9880270398326,637.2782447962609,0.0300002644944287,0.0300005383868322,0.030001135541013
24.699438095092773,55.11985461306617,42.19167628783841,87.87267925692744,204.21032105869477,843.1021716695132,637.7737391535215,0.0300002644944287,0.0300005383868322,0.030001135541013
24.72877693176269,54.89823219815391,41.85348378304627,87.01117315555595,201.7869263289029,844.7813091994267,645.4011411819181,0.0300002644944287,0.0300005383868322,0.030001135541013
24.729883193969727,54.889899763732174,41.84080009875655,86.97890022897279,201.69619734469376,844.8412678296346,645.6869808369802,0.0300002644944287,0.0300005383868322,0.030001135541013
24.7581729888916,54.67741269294765,41.51812116528417,86.15877196680492,199.3919127865018,846.288269658295,652.9532060961292,0.0300002644944287,0.0300005383868322,0.030001135541013
24.776626586914062,54.53941905403205,41.30935985501231,85.6291159476153,197.9051638411016,847.140096964239,657.6481226817857,0.0300002644944287,0.0300005383868322,0.030001135541013
24.79193115234375,54.42533864484945,41.13724638290063,85.19299643760957,196.6818250128022,847.7896329724804,661.5150812882919,0.0300002644944287,0.0300005383868322,0.030001135541013
24.79376983642578,54.411655272199766,41.11663087536692,85.14079244157645,196.53544239186004,847.8641387198884,661.9780251384252,0.0300002644944287,0.0300005383868322,0.030001135541013
24.800067901611328,54.3648215413819,41.04611702537474,84.9622871787701,196.03499023960552,848.1135509891279,663.5611041974847,0.0300002644944287,0.0300005383868322,0.030001135541013
24.81431579589844,54.25907679764205,40.88716929163,84.56022332045012,194.90826535594232,848.644414047787,667.1273456534736,0.0300002644944287,0.0300005383868322,0.030001135541013
24.822174072265625,54.2008760897117,40.79984218620451,84.33951015625581,194.2900410051365,848.9172019274772,669.0853223704994,0.0300002644944287,0.0300005383868322,0.030001135541013
24.822284698486328,54.20005737619371,40.7986145382159,84.33640829222688,194.28135407681532,848.9209398828143,669.1128407862656,0.0300002644944287,0.0300005383868322,0.030001135541013
24.82522964477539,54.17826895051438,40.76595117235211,84.25388815713596,194.0502674467222,849.0193994538688,669.8449375867403,0.0300002644944287,0.0300005383868322,0.030001135541013
24.829980850219727,54.14314228872476,40.71332492199305,84.12097258516843,193.67811698057452,849.1739823489738,671.0241820507116,0.0300002644944287,0.0300005383868322,0.030001135541013
24.83830070495605,54.08170762010164,40.62138134699459,83.88886911272849,193.028434453669,849.4319268341293,673.0835824224621,0.0300002644944287,0.0300005383868322,0.030001135541013
24.8555965423584,53.95430176608823,40.43109697550625,83.40897444301068,191.6859102446649,849.9158092304765,677.3421111123678,0.0300002644944287,0.0300005383868322,0.030001135541013
24.88800048828125,53.71672010685796,40.07767496470896,82.51930696704324,189.1997773996185,850.6295699210971,685.2384038082387,0.0300002644944287,0.0300005383868322,0.030001135541013
24.89230728149414,53.68525212554076,40.031001738816414,82.40197829933412,188.87218020702403,850.705313878888,686.2798675845527,0.0300002644944287,0.0300005383868322,0.030001135541013
24.893733978271484,53.67483345119767,40.01555588780654,82.36315835430776,188.76380394388545,850.729410035,686.62445557247,0.0300002644944287,0.0300005383868322,0.030001135541013
24.89631462097168,53.65599499708464,39.987636553921625,82.29299941992511,188.56795443610437,850.7717359986086,687.2472311372413,0.0300002644944287,0.0300005383868322,0.030001135541013
24.897424697875977,53.64789434519443,39.97563462071094,82.2628437390805,188.48378159843944,850.7894433278933,687.5149140606238,0.0300002644944287,0.0300005383868322,0.030001135541013
24.94314956665039,53.31568498786406,39.48527176480365,81.03291948223104,185.0544328415611,851.2563730141828,698.4330703441051,0.0300002644944287,0.0300005383868322,0.030001135541013
24.94750022888184,53.284223774635294,39.43901882605388,80.91712547184622,184.73194915275235,851.2739857474747,699.4609878844502,0.0300002644944287,0.0300005383868322,0.030001135541013
24.95560646057129,53.22567295611371,39.3530254905768,80.70194142385995,184.13284392796368,851.2943305154274,701.3711802906257,0.0300002644944287,0.0300005383868322,0.030001135541013
24.956130981445312,53.22188743136242,39.34746954020966,80.68804304467679,184.09415668969217,851.2950875638269,701.4945551882836,0.0300002644944287,0.0300005383868322,0.030001135541013
24.95867729187012,53.20351571181541,39.320512275514254,80.62061634071283,183.9064829050029,851.2977961827177,702.0930946185688,0.0300002644944287,0.0300005383868322,0.030001135541013
24.965444564819336,53.15473216398041,39.24898404936394,80.44176882544626,183.4087943328915,851.2972025116308,703.6806817741036,0.0300002644944287,0.0300005383868322,0.030001135541013
24.979007720947266,53.05714450520903,39.106129066759976,80.08484728206304,182.4160557909498,851.2619102223182,706.848867176297,0.0300002644944287,0.0300005383868322,0.030001135541013
24.98619079589844,53.00556197231779,39.030743987713954,79.89664382098303,181.89285163790765,851.2247874273,708.5193581064275,0.0300002644944287,0.0300005383868322,0.030001135541013
24.989049911499023,52.98504957022682,39.000790157535775,79.82189018016905,181.68508797122504,851.2064605882964,709.182851891778,0.0300002644944287,0.0300005383868322,0.030001135541013
24.99410629272461,52.948799949049786,38.9478888759292,79.68990705349427,181.31833670716293,851.1691010239156,710.3542718459992,0.0300002644944287,0.0300005383868322,0.030001135541013
24.995162963867188,52.94122890468685,38.93684536144438,79.66236091529026,181.24180366483307,851.1604952483458,710.598753734399,0.0300002644944287,0.0300005383868322,0.030001135541013
25.001012802124023,52.89934183370676,38.87578025667577,79.51008365700976,180.81879455004963,851.1078603179892,711.9502382845108,0.0300002644944287,0.0300005383868322,0.030001135541013
25.0028018951416,52.88654038075971,38.85712896217455,79.4635863646078,180.68965458270912,851.0900742974233,712.3628980839377,0.0300002644944287,0.0300005383868322,0.030001135541013
25.01950454711914,52.76723456053123,38.68355866728157,79.03117569705634,179.48924082869934,850.8859079857609,716.20023461922,0.0300002644944287,0.0300005383868322,0.030001135541013
25.02667999267578,52.71609489031468,38.60929969152622,78.84634030659191,178.9764247994921,850.7770788537266,717.8403495911964,0.0300002644944287,0.0300005383868322,0.030001135541013
25.02763557434082,52.7092895784791,38.59942420303405,78.82176697355166,178.90826124854797,850.7616292768039,718.0583898865897,0.0300002644944287,0.0300005383868322,0.030001135541013
25.06072425842285,52.47438903888168,38.25946599155306,77.97690703286253,176.5667243497998,850.0884245003904,725.5535214833253,0.0300002644944287,0.0300005383868322,0.030001135541013
25.073413848876957,52.38468709869467,38.13011475828301,77.65598937583724,175.67833518609925,849.7592573923857,728.3997419097475,0.0300002644944287,0.0300005383868322,0.030001135541013
25.08929443359375,52.27272553193883,37.969028761145225,77.25675967486015,174.57396914583563,849.2922277968453,731.9398114358969,0.0300002644944287,0.0300005383868322,0.030001135541013
25.089454650878903,52.27159764602082,37.967408057188266,77.25274535622468,174.56286918457823,849.2872050313363,731.9754031999546,0.0300002644944287,0.0300005383868322,0.030001135541013
25.099523544311523,52.200782564226245,37.865733172215535,77.00100171127443,173.8669598827497,848.9591284520293,734.2072370783438,0.0300002644944287,0.0300005383868322,0.030001135541013
25.100601196289062,52.19321120590183,37.85487192247243,76.97412066317771,173.79267267572044,848.9225688919098,734.4455300908255,0.0300002644944287,0.0300005383868322,0.030001135541013
25.12082862854004,52.05137761311194,37.65175033399705,76.47179767492148,172.40525054722494,848.184698245297,738.8976933305155,0.0300002644944287,0.0300005383868322,0.030001135541013
25.1237735748291,52.03077212891667,37.62229476322817,76.39901564222359,172.20434849209775,848.0691214652329,739.5426413215284,0.0300002644944287,0.0300005383868322,0.030001135541013
25.12833023071289,51.99891183838941,37.57677724043987,76.28657700483416,171.89404292834297,847.886227944994,740.5389330554426,0.0300002644944287,0.0300005383868322,0.030001135541013
25.131568908691406,51.97628326180879,37.54446844674824,76.20678980179804,171.6738935539346,847.7532387517266,741.2458574428318,0.0300002644944287,0.0300005383868322,0.030001135541013
25.13925552368164,51.9226312828917,37.46793055630851,76.0178538104465,171.1527314776336,847.4276644330682,742.9196809098878,0.0300002644944287,0.0300005383868322,0.030001135541013
25.15195846557617,51.834132754914535,37.34188379191253,75.70693640049954,170.29556169452732,846.8590869901782,745.6736152536519,0.0300002644944287,0.0300005383868322,0.030001135541013
25.15729141235352,51.79704130411346,37.289129776483286,75.57689496321788,169.93722321790057,846.6091015328234,746.8252401636021,0.0300002644944287,0.0300005383868322,0.030001135541013
25.17995262145996,51.63983641799481,37.0660310759593,75.02750817472048,168.4244907995785,845.4729862812433,751.6890666282063,0.0300002644944287,0.0300005383868322,0.030001135541013
25.19342041015625,51.54671901233668,36.93425582594784,74.70343711185079,167.53303972030056,844.7416050336407,754.5569682649024,0.0300002644944287,0.0300005383868322,0.030001135541013
25.194015502929688,51.5426098211767,36.92844709466763,74.68915921857342,167.49377935614234,844.7083291941544,754.6833012474732,0.0300002644944287,0.0300005383868322,0.030001135541013
25.194669723510746,51.53809286485404,36.92206257243307,74.67346674450273,167.45063075276948,844.6716537642496,754.8221485966743,0.0300002644944287,0.0300005383868322,0.030001135541013
25.222591400146484,51.345818698194975,36.65089665698349,74.00766372550817,165.6213510564799,843.015850107774,760.7111300522215,0.0300002644944287,0.0300005383868322,0.030001135541013
25.242076873779297,51.21222200203433,36.46317971242314,73.54755220430766,164.35886595912535,841.7566960637919,764.7783046890255,0.0300002644944287,0.0300005383868322,0.030001135541013
25.257259368896484,51.10845846844845,36.317774577887896,73.1916003707934,163.38312890890072,840.7174515293298,767.9232685934915,0.0300002644944287,0.0300005383868322,0.030001135541013
25.31778717041016,50.6976462498824,35.745466983183995,71.79442121310292,159.5613671650938,836.0806520503652,780.2541006363206,0.0300002644944287,0.0300005383868322,0.030001135541013
25.362199783325195,50.39909216456522,35.332913049372465,70.79106485615128,156.8251509746107,832.1933453521757,789.0942249126819,0.0300002644944287,0.0300005383868322,0.030001135541013
25.36631774902344,50.37153250155494,35.29497261976606,70.698952703153,156.57431281495087,831.8128026844547,789.9050980215368,0.0300002644944287,0.0300005383868322,0.030001135541013
25.37274169921875,50.32858125384187,35.23589111192022,70.55556833368826,156.18397230998704,831.2124699050403,791.1670869218206,0.0300002644944287,0.0300005383868322,0.030001135541013
25.37883186340332,50.28790816422168,35.17999720965237,70.41998084456847,155.8149938816407,830.6358392856795,792.3601811359315,0.0300002644944287,0.0300005383868322,0.030001135541013
25.381309509277344,50.27137415455432,35.15729075794161,70.36491646366075,155.66518345519586,830.399174158631,792.8446409619174,0.0300002644944287,0.0300005383868322,0.030001135541013
25.407560348510746,50.09665235201909,34.91787120320096,69.78490833655948,154.08853286838644,827.8188118613477,797.944857575176,0.0300002644944287,0.0300005383868322,0.030001135541013
25.409332275390625,50.08488869308383,34.901786288252296,69.74598085215345,153.9828038192203,827.6398901110899,798.2869783981539,0.0300002644944287,0.0300005383868322,0.030001135541013
25.41219139099121,50.06591528455742,34.875852427449,69.68322806233414,153.81238762321198,827.3499363133727,798.8384426985235,0.0300002644944287,0.0300005383868322,0.030001135541013
25.413972854614254,50.05409828799323,34.85970607044128,69.6441648228267,153.70631928891106,827.168491210265,799.1816951130303,0.0300002644944287,0.0300005383868322,0.030001135541013
25.414512634277344,50.050518518521386,34.85481566206104,69.63233433248985,153.67419821634326,827.113395719678,799.2856460763107,0.0300002644944287,0.0300005383868322,0.030001135541013
25.45101928710937,49.80922272331654,34.52610861344573,68.83820220586341,151.52043835341487,823.2615492416263,806.2583428834517,0.0300002644944287,0.0300005383868322,0.030001135541013
25.45824241638184,49.761669724150025,34.46154574673644,68.68246676948206,151.09862867528574,822.4705737498057,807.6245303921257,0.0300002644944287,0.0300005383868322,0.030001135541013
25.466815948486328,49.70530718759776,34.38511448114052,68.49820668166117,150.59979957364595,821.5195908546816,809.2404204728878,0.0300002644944287,0.0300005383868322,0.030001135541013
25.47681999206543,49.63965107457227,34.296206700553086,68.28400996704582,150.02025435229388,820.3934536408966,811.1181108231538,0.0300002644944287,0.0300005383868322,0.030001135541013
25.496400833129883,49.51148658322616,34.123044788364325,67.86726610140329,148.893703675791,818.1386662087216,814.7690639042287,0.0300002644944287,0.0300005383868322,0.030001135541013
25.50328063964844,49.46656320687826,34.06247155323518,67.72162311505534,148.50031866702122,817.3307641161296,816.0442607799234,0.0300002644944287,0.0300005383868322,0.030001135541013
25.50340843200684,49.46572928387942,34.06134771881317,67.71892162590946,148.4930234597862,817.315681064155,816.0679103952357,0.0300002644944287,0.0300005383868322,0.030001135541013
25.513748168945312,49.398319974138346,33.97057609827596,67.50080432912466,147.90420110238225,816.0861510840023,817.9769307611105,0.0300002644944287,0.0300005383868322,0.030001135541013
25.52008819580078,49.35704876733111,33.91507193411348,67.36751073430848,147.54455163675658,815.3233570687081,819.1431185330491,0.0300002644944287,0.0300005383868322,0.030001135541013
25.53548812866211,49.2569974532947,33.78073871899388,67.04515652972498,146.67536946324748,813.4427837403894,821.9620196177098,0.0300002644944287,0.0300005383868322,0.030001135541013
25.58286476135254,48.95093530439549,33.37175556615944,66.06590168558878,144.04010708016472,807.4180252256582,830.5129319888523,0.0300002644944287,0.0300005383868322,0.030001135541013
25.594043731689453,48.87909724493817,33.27618528671795,65.83754316735781,143.4267072062687,805.9454341394317,832.5041893649027,0.0300002644944287,0.0300005383868322,0.030001135541013
25.59893035888672,48.84774024033764,33.234519901009065,65.7380428040823,143.15957245651896,805.2957825485148,833.3714807653616,0.0300002644944287,0.0300005383868322,0.030001135541013
25.605512619018555,48.80554604354633,33.17850321091565,65.60432416076503,142.8007002133802,804.415050289965,834.5367069839028,0.0300002644944287,0.0300005383868322,0.030001135541013
25.640668869018555,48.58102817628547,32.88136957676764,64.89606339338866,140.90239712513574,799.6034485463431,840.7021053080673,0.0300002644944287,0.0300005383868322,0.030001135541013
25.656591415405277,48.47980788607305,32.747925384119654,64.57854782722644,140.05277238247436,797.3662364484156,843.4624908069286,0.0300002644944287,0.0300005383868322,0.030001135541013
25.67050170898437,48.3916158441961,32.6319171116176,64.30280604434303,139.31563546089995,795.3830890905009,845.8578580882037,0.0300002644944287,0.0300005383868322,0.030001135541013
25.69477081298828,48.23827366036401,32.430786109685314,63.82536884093305,138.04087976920977,791.8608150567119,850.0011963319403,0.0300002644944287,0.0300005383868322,0.030001135541013
25.69978904724121,48.20664937179354,32.389397155035525,63.727221302595055,137.77907494637694,791.1228312864478,850.852284994535,0.0300002644944287,0.0300005383868322,0.030001135541013
25.707956314086918,48.15524082834455,32.322181542292874,63.56790272766936,137.35428068734296,789.914802317551,852.2333301648359,0.0300002644944287,0.0300005383868322,0.030001135541013
25.72477912902832,48.049586282612594,32.184298312798774,63.24136597061813,136.48433706797874,787.3998257273665,855.0619823571756,0.0300002644944287,0.0300005383868322,0.030001135541013
25.745105743408203,47.92234884240381,32.01870882247259,62.8497176122024,135.44219164135365,784.3142302077704,858.4512144225646,0.0300002644944287,0.0300005383868322,0.030001135541013
25.75386619567871,47.86765346722045,31.94768152411372,62.68189426437088,134.99605291347643,782.9689802735495,859.9023447790478,0.0300002644944287,0.0300005383868322,0.030001135541013
25.754371643066406,47.864500339168,31.94358970670495,62.67222920773063,134.97036731644266,782.8910854815467,859.9858946612425,0.0300002644944287,0.0300005383868322,0.030001135541013
25.78156471252441,47.6952795011765,31.724443788825383,62.1550893197763,133.5972809984536,778.6564440642976,864.4528402503363,0.0300002644944287,0.0300005383868322,0.030001135541013
25.79038429260254,47.640571250694805,31.653784779288237,61.9885551046038,133.15563311705506,777.2648808611627,865.8898518706176,0.0300002644944287,0.0300005383868322,0.030001135541013
25.791828155517575,47.63162306651434,31.64223647648704,61.96134683774102,133.0835014590182,777.0362385253667,866.1245607915688,0.0300002644944287,0.0300005383868322,0.030001135541013
25.796072006225582,47.60533554064088,31.608324787239187,61.881465131356016,132.87176749349285,776.3628678275113,866.8135380407164,0.0300002644944287,0.0300005383868322,0.030001135541013
25.796533584594727,47.60247759732262,31.60463924437485,61.87278494187866,132.84876342569623,776.2895093969139,866.8883942383551,0.0300002644944287,0.0300005383868322,0.030001135541013
25.808969497680664,47.52556664186196,31.505551362174195,61.63951618107426,132.2308234780183,774.3043090309053,868.8993059115387,0.0300002644944287,0.0300005383868322,0.030001135541013
25.851303100585938,47.26501923912605,31.171234592403174,60.853951718765785,130.1536103675986,767.4237653216044,875.660480942709,0.0300002644944287,0.0300005383868322,0.030001135541013
25.85264015197754,47.25682199476621,31.16075042526033,60.82935324674884,130.08866149617307,767.2034675330146,875.8719193344266,0.0300002644944287,0.0300005383868322,0.030001135541013
25.85553741455078,47.239066018394645,31.138047854225093,60.77609503863325,129.94806050431913,766.725494083166,876.3296469702182,0.0300002644944287,0.0300005383868322,0.030001135541013
25.89518928527832,46.99697099294638,30.82947794155169,60.05325927685832,128.04250266030675,760.1024722207485,882.5340903852045,0.0300002644944287,0.0300005383868322,0.030001135541013
25.898542404174805,46.97657618520037,30.803565593856284,59.99264720495968,127.88294758088438,759.5356419204934,883.0536684266265,0.0300002644944287,0.0300005383868322,0.030001135541013
25.90064811706543,46.96377469247567,30.787307382574767,59.954624314550834,127.78287467623625,759.1791570631872,883.3795529664396,0.0300002644944287,0.0300005383868322,0.030001135541013
25.904172897338867,46.94235674888903,30.76011733971749,59.89104741055907,127.61557770471964,758.5815345263718,883.9243598227038,0.0300002644944287,0.0300005383868322,0.030001135541013
25.92085266113281,46.84118459668299,30.63186996844921,59.59137875605114,126.8275649884819,755.738478761107,886.4906920280407,0.0300002644944287,0.0300005383868322,0.030001135541013
25.925600051879883,46.81244340285302,30.59549454533274,59.50644381583067,126.6043812564052,754.9248310533317,887.2175808878607,0.0300002644944287,0.0300005383868322,0.030001135541013
25.928600311279297,46.79429193261248,30.57253474673177,59.45284776685682,126.46358384161464,754.4096196622161,887.6761546172961,0.0300002644944287,0.0300005383868322,0.030001135541013
25.936830520629883,46.74454872838052,30.5096663850561,59.30614696090319,126.0783461779286,752.9923699161074,888.9309011087323,0.0300002644944287,0.0300005383868322,0.030001135541013
25.93722915649414,46.74214121324433,30.5066255540104,59.29905336950879,126.05972380912536,752.9235790237236,888.9915568366453,0.0300002644944287,0.0300005383868322,0.030001135541013
25.93879508972168,46.73268557636247,30.49468425895178,59.271198795729084,125.9866037979238,752.6532234633386,889.2297203928023,0.0300002644944287,0.0300005383868322,0.030001135541013
25.97422218322754,46.51946022164631,30.22613456043195,58.64555142630608,124.34630477858757,746.4832195204089,894.5729080582153,0.0300002644944287,0.0300005383868322,0.030001135541013
25.975025177001957,46.51464261703733,30.220083063711613,58.63147028338901,124.30943312779668,746.3422121654763,894.69302534426,0.0300002644944287,0.0300005383868322,0.030001135541013
25.99653625488281,46.38583861947862,30.05855300579107,58.25588862161298,123.32671814899211,742.5465211480762,897.8945749944412,0.0300002644944287,0.0300005383868322,0.030001135541013
26.027437210083008,46.20165937559644,29.828459482435665,57.72182310596441,121.93183890677342,737.0346395776154,902.4393390077432,0.0300002644944287,0.0300005383868322,0.030001135541013
26.05935478210449,46.01246520981791,29.593179861405403,57.176861247757735,120.51158043086768,731.272674956694,907.0672446207576,0.0300002644944287,0.0300005383868322,0.030001135541013
26.095836639404297,45.79750524755729,29.32718284523643,56.56214747580341,118.91332713321128,724.6078822244721,912.2755785886992,0.0300002644944287,0.0300005383868322,0.030001135541013
26.113262176513672,45.69531236550234,29.20121946510799,56.27156782102823,118.1592379848136,721.3968910274659,914.7331026845048,0.0300002644944287,0.0300005383868322,0.030001135541013
26.123992919921875,45.6325359181954,29.123998334839456,56.09359461044906,117.69782953892526,719.4111857238782,916.2368314514176,0.0300002644944287,0.0300005383868322,0.030001135541013
26.1497859954834,45.48212176525264,28.939462012637502,55.66879836746736,116.5979177689928,714.6134455076582,919.8215134221756,0.0300002644944287,0.0300005383868322,0.030001135541013
26.15540885925293,45.44942118680896,28.89943407452281,55.57675044580935,116.35984324950572,713.563083054969,920.5974237320132,0.0300002644944287,0.0300005383868322,0.030001135541013
26.176422119140625,45.327498365684725,28.75047696357885,55.234508536788695,115.47548787535958,709.6243531991123,923.479652915512,0.0300002644944287,0.0300005383868322,0.030001135541013
26.17867660522461,45.31444386727941,28.734554517588187,55.19795323622737,115.38110597588604,709.2005518580836,923.787257095952,0.0300002644944287,0.0300005383868322,0.030001135541013
26.196840286254883,45.20945421929496,28.60668733232144,54.90458661651758,114.62420761692609,705.7778621041359,926.2541006040008,0.0300002644944287,0.0300005383868322,0.030001135541013
26.229228973388672,45.023059875514704,28.380498895162628,54.38649456454526,113.28988436048198,699.640258417842,930.6028363545628,0.0300002644944287,0.0300005383868322,0.030001135541013
26.23767471313477,44.97462692910388,28.32189772122083,54.25244500448939,112.94514379802531,698.0330286841856,931.7263793128,0.0300002644944287,0.0300005383868322,0.030001135541013
26.273576736450195,44.76953114673843,28.07452799218997,53.68740005612962,111.49427015269356,691.1723401448606,936.4548177910608,0.0300002644944287,0.0300005383868322,0.030001135541013
26.30299568176269,44.60241674766492,27.87390613587512,53.23010150301121,110.32277758775209,685.5192519379581,940.2725770036508,0.0300002644944287,0.0300005383868322,0.030001135541013
26.344465255737305,44.36828425410084,27.594241551130587,52.594080182283406,108.69754105029018,677.5094063438727,945.5686775339718,0.0300002644944287,0.0300005383868322,0.030001135541013
26.34534454345703,44.36333797246848,27.58835114502256,52.58070219247908,108.66340777163845,677.339106566043,945.6799010637668,0.0300002644944287,0.0300005383868322,0.030001135541013
26.34920310974121,44.3416411107844,27.56252156610784,52.5220482437418,108.51378043670192,676.591571101046,946.1674599004124,0.0300002644944287,0.0300005383868322,0.030001135541013
26.36753463745117,44.23875856707328,27.440235021142044,52.244555342751774,107.80645126717135,673.0356177043121,948.4722164708304,0.0300002644944287,0.0300005383868322,0.030001135541013
26.37760162353516,44.18239710006089,27.373378109679344,52.092980785128006,107.42048024353156,671.0798326760096,949.729812274622,0.0300002644944287,0.0300005383868322,0.030001135541013
26.39838218688965,44.0663620517377,27.2360345667902,51.78190799997911,106.6292350545968,667.0365585858669,952.3077790839156,0.0300002644944287,0.0300005383868322,0.030001135541013
26.41506004333496,43.97353460915378,27.12645033632029,51.53400328649973,105.9995106471902,663.7861862270681,954.35936858893,0.0300002644944287,0.0300005383868322,0.030001135541013
26.460102081298828,43.72415648201812,26.833329718120805,50.8721886992741,104.32209132736392,654.9882992399134,959.8236532134524,0.0300002644944287,0.0300005383868322,0.030001135541013
26.47364616394043,43.64954393237519,26.74598991412712,50.67535571871986,103.82425575671198,652.3382825822722,961.44519212274,0.0300002644944287,0.0300005383868322,0.030001135541013
26.475984573364254,43.63667941241051,26.7309477552283,50.641472966272005,103.73860759845869,651.8805819655418,961.7241540872536,0.0300002644944287,0.0300005383868322,0.030001135541013
26.497846603393555,43.51665612351563,26.59084477866417,50.32612743136315,102.94217752017148,647.5994067671787,964.3180448072692,0.0300002644944287,0.0300005383868322,0.030001135541013
26.50598907470703,43.472068017657925,26.53890631271007,50.20933368697417,102.64752506716736,646.0040632694037,965.2776325241732,0.0300002644944287,0.0300005383868322,0.030001135541013
26.531211853027344,43.33434054948961,26.37884784977473,49.84978513999309,101.7415309356413,641.060125415991,968.2279294587274,0.0300002644944287,0.0300005383868322,0.030001135541013
26.53522109985352,43.31250278992833,26.353521087676487,49.79294402678475,101.5984535402894,640.2740530671313,968.6938161297657,0.0300002644944287,0.0300005383868322,0.030001135541013
26.53543472290039,43.31133963543378,26.35217249435104,49.78991776343885,101.5908371560105,640.2321678635958,968.71861623448,0.0300002644944287,0.0300005383868322,0.030001135541013
26.541507720947266,43.27829048532389,26.31387119653048,49.70398595286067,101.37461629440958,639.0413854454091,969.4226530515824,0.0300002644944287,0.0300005383868322,0.030001135541013
26.543359756469727,43.26821852922411,26.30220506295963,49.67781858335224,101.30879304749062,638.6782259488502,969.6369758303708,0.0300002644944287,0.0300005383868322,0.030001135541013
26.581130981445312,43.0634973895753,26.06573250910961,49.14805741862335,99.97809942881509,631.271267639051,973.9693101668915,0.0300002644944287,0.0300005383868322,0.030001135541013
26.59139060974121,43.00811638270459,26.00197558644402,49.005437771398896,99.62048061814656,629.2595577005692,975.1334556462176,0.0300002644944287,0.0300005383868322,0.030001135541013
26.603836059570312,42.941065587634576,25.924905699591477,48.833158526878606,99.1888457535238,626.8196311856045,976.5384526758976,0.0300002644944287,0.0300005383868322,0.030001135541013
26.61701774597168,42.87020227409885,25.84359828878752,48.65155053536623,98.7342610418383,624.2359997208871,978.0180425576988,0.0300002644944287,0.0300005383868322,0.030001135541013
26.63418197631836,42.77816594474237,25.73821936323487,48.41639566060738,98.14629037750986,620.8730861461595,979.9316059005572,0.0300002644944287,0.0300005383868322,0.030001135541013
26.64520835876465,42.71918231032194,25.670816437125037,48.26611500107757,97.77092000424088,618.7136964756174,981.1531515151066,0.0300002644944287,0.0300005383868322,0.030001135541013
26.70033073425293,42.42595801353862,25.33726077007649,47.52392413183885,95.92151664043544,607.9341150138375,987.1702834388346,0.0300002644944287,0.0300005383868322,0.030001135541013
26.705102920532227,42.40070045158447,25.308647566442367,47.46037383313576,95.7635067414764,607.0023672809382,987.6842742068462,0.0300002644944287,0.0300005383868322,0.030001135541013
26.721046447753903,42.316463985266935,25.21335534556956,47.248861665637655,95.2380043038888,603.8915127046591,989.3935601269934,0.0300002644944287,0.0300005383868322,0.030001135541013
26.73236656188965,42.25679223735265,25.14597806611082,47.09943365226749,94.867118652516,601.6848029843538,990.5998133746302,0.0300002644944287,0.0300005383868322,0.030001135541013
26.74186134338379,42.206830044338886,25.089644686204675,46.97457708637122,94.55745510248092,599.8353140180573,991.6068756572356,0.0300002644944287,0.0300005383868322,0.030001135541013
26.772226333618164,42.04758223346582,24.910578586817252,46.57817409775248,93.57573876430686,593.9298195929697,994.7990696588712,0.0300002644944287,0.0300005383868322,0.030001135541013
26.774789810180664,42.03417538443653,24.895537206841027,46.54490968839953,93.49345641485988,593.4319569736961,995.066589986148,0.0300002644944287,0.0300005383868322,0.030001135541013
26.78566169738769,41.977380040698165,24.83187602286053,46.40417808724466,93.14551526222732,591.3217580174362,996.1977756255848,0.0309284054587173,0.0300005383868322,0.030001135541013
26.79830551147461,41.911458242193774,24.75810373576769,46.24120952681256,92.74294148110324,588.8703119291356,997.5064591023222,0.0405444580975115,0.0300005383868322,0.030001135541013
26.80000686645508,41.90259844868381,24.748198556655232,46.21933766425539,92.68894071096696,588.540671540091,997.6819946462624,0.0431303809342657,0.0300005383868322,0.030001135541013
26.83724021911621,41.70933763371918,24.53270622417571,45.74405568954849,91.51715050627875,581.34095203482,1001.4904490330248,0.234890119985223,0.0300005383868322,0.030001135541013
26.849910736083984,41.64384563631232,24.45992806705376,45.58377736073863,91.1227105780578,578.8974796813552,1002.7721683341116,0.3801810742972509,0.0300005383868322,0.030001135541013
26.860231399536133,41.59060210653678,24.40085350592457,45.45376714962765,90.8030279293802,576.9097955221052,1003.8108688240349,0.5361103033374104,0.0300005383868322,0.030001135541013
26.883275985717773,41.47204770752367,24.269612802326098,45.165220722357375,90.09438292336384,572.4804488189759,1006.113052563426,1.0201302382545758,0.0300005383868322,0.030001135541013
26.99468421936035,40.90527979909424,23.64785033464625,43.80358943651971,86.76662388154774,551.2606959383339,1016.9177301808731,6.493925806092504,0.0300005383868322,0.030001135541013
27.01677894592285,40.79411886123155,23.5269978396757,43.53996317229369,86.125487363181,547.0946720951212,1018.9981286792143,8.239954291388933,0.0300005383868322,0.030001135541013
27.08016967773437,40.47744051623643,23.18467387486503,42.79505721855784,84.31951811121162,535.2287088087743,1024.8558770523766,14.444992616812112,0.0300005383868322,0.030001135541013
27.0871639251709,40.44270244429581,23.14729915310745,42.71389381671513,84.12325064220009,533.9276766163966,1025.4922622085871,15.234635893812245,0.0300005383868322,0.030001135541013
27.125713348388672,40.25195890325584,22.94269757937605,42.27015682224857,83.05199459505963,526.7875396919819,1028.9649622905686,19.941957233653383,0.0300005383868322,0.030001135541013
27.152942657470703,40.11795636698506,22.799585896961247,41.96036023581967,82.30588815234393,521.7762238993977,1031.3828226377643,23.6141477987641,0.0300005383868322,0.030001135541013
27.19977378845215,39.88888753423342,22.55614056577089,41.434474712759474,81.04277070259252,513.2219957770442,1035.474577261681,30.554198523853227,0.0300005383868322,0.030001135541013
27.22774887084961,39.7528892789087,22.412318694575355,41.12444953586812,80.3001561227799,508.152288300005,1037.8792709656486,35.04954688005468,0.0300005383868322,0.030001135541013
27.232637405395508,39.72918806564593,22.387308312115195,41.07058641195771,80.17129043349266,507.2695386183496,1038.296484266535,35.86030143762651,0.0300005383868322,0.030001135541013
27.330812454223636,39.25719440372417,21.892588030372103,40.0081865199605,77.63899277434882,489.7473885147618,1046.4904963846034,53.56505059143137,0.0300005383868322,0.030001135541013
27.369779586791992,39.07193962667023,21.700149559644323,39.596501517450896,76.66261203479331,482.9048334414765,1049.6474881247393,61.25299693311143,0.0300005383868322,0.030001135541013
27.385683059692383,38.99666977391931,21.62223964809429,39.4300794226418,76.26869990177231,480.1311083340144,1050.9207578109838,64.48336126958733,0.0300005383868322,0.030001135541013
27.43287467956543,38.77445796028277,21.393171964060517,38.94161272899642,75.11515990658256,471.9660299117013,1054.6481015644322,74.35352146722063,0.0300005383868322,0.030001135541013
27.45573616027832,38.66741990092461,21.283331280259222,38.707833861854944,74.56447831296464,468.0463126071759,1056.4267656568709,79.27431769503545,0.0300005383868322,0.030001135541013
27.46855926513672,38.60755513772102,21.22204036146948,38.57751210714193,74.25789255416687,465.8580690655815,1057.416814043222,82.07061155543896,0.0300005383868322,0.030001135541013
27.477237701416016,38.56711015870263,21.180689304132517,38.48963930370586,74.05132975848502,464.3813500700778,1058.0837786221225,83.97709888153292,0.0300005383868322,0.030001135541013
27.486387252807617,38.5245309652137,21.13720634066784,38.39728041777563,73.83436130758102,462.8281901727129,1058.7842696305163,85.99888374838582,0.0300005383868322,0.030001135541013
27.5283317565918,38.3301383794948,20.93933787856576,37.97757959805455,72.85021724395644,455.7572856496679,1061.960677321864,95.41152135926244,0.0300005383868322,0.030001135541013
27.564403533935547,38.16401235458285,20.77108594509467,37.621443961511,72.01747039825433,449.7417436650055,1064.647213081278,103.67556593999812,0.0300005383868322,0.030001135541013
27.565528869628903,38.15884522664636,20.765865144879665,37.610404187375664,71.99169086216928,449.55505616876377,1064.7303625772458,103.93564090368343,0.0300005383868322,0.030001135541013
27.582107543945312,38.08283042302875,20.689147661525247,37.44825547488836,71.61329000415621,446.8116457519774,1065.950732133704,107.78180257112578,0.0300005383868322,0.030001135541013
27.595956802368164,38.01948546522942,20.62534129983253,37.31350460488977,71.2991701785912,444.5298402917752,1066.9636087299116,111.01489041677831,0.0300005383868322,0.030001135541013
27.64567375183105,37.79324490489321,20.39837195212999,36.83497708684896,70.18620424525474,436.4135583832301,1070.5510072773882,122.75496891914496,0.0300005383868322,0.030001135541013
27.75282287597656,37.31173945383348,19.92009271206184,35.83072064011776,67.8635136846992,419.3255740069503,1078.030683684546,148.59145456428158,0.0300005383868322,0.030001135541013
27.757265090942383,37.29195437630878,19.900579021264008,35.78986618061908,67.7694011647197,418.6291626751686,1078.3335454805135,149.6738854189582,0.0300005383868322,0.030001135541013
27.790082931518555,37.14622079191069,19.75718092845035,35.48993086523073,67.0793823630543,413.51412469466914,1080.5535818991495,157.6896171976129,0.0300005383868322,0.030001135541013
27.86069107055664,36.83523913410473,19.45316110776757,34.85571235475953,65.62565722066091,402.68791916611417,1085.2278006427723,175.01452142607718,0.0300005383868322,0.030001135541013
27.90757179260254,36.63067653290576,19.254642484023755,34.44281824145742,64.6831678576651,395.635163876455,1088.256048018296,186.5436279502014,0.0300005383868322,0.030001135541013
28.040376663208008,36.059344706127725,18.70632428073277,33.3074854934158,62.10783008808916,376.2436058665013,1096.5216462758883,219.1125699242488,0.0300005383868322,0.030001135541013
28.061830520629883,35.96816503064403,18.619651006009544,33.128709611539286,61.70449877141381,373.1924363899834,1097.814914813303,224.3419782274105,0.0300005383868322,0.030001135541013
28.06305503845215,35.962970041207186,18.614719663688533,33.118543687760614,61.68158184416173,373.01896720345167,1097.8883869719884,224.64007809272908,0.0300005383868322,0.030001135541013
28.093730926513672,35.83315381175304,18.491732981190516,32.865203719612495,61.11111237494656,368.6973216697403,1099.7169681814926,232.09339011453065,0.0300005383868322,0.030001135541013
28.121501922607425,35.716168064731136,18.38129858045252,32.638043607672074,60.6006314242359,364.82467307789614,1101.3526786898065,238.81475233771835,0.0300005383868322,0.030001135541013
28.14805030822754,35.60480684608325,18.276522531323856,32.42280692313979,60.117854690319874,361.15775592983135,1102.8991054298378,245.21447813072535,0.0300005383868322,0.030001135541013
28.18670463562012,35.44348915434706,18.12534756178372,32.112742189319846,59.42394131466354,355.88015167741304,1105.1209612195444,254.4830739575557,0.0300005383868322,0.030001135541013
28.212427139282227,35.33667813900131,18.02564409948405,31.908563585248235,58.96801040462951,352.4083916777003,1106.5802440895154,260.61579842344213,0.0300005383868322,0.030001135541013
28.283376693725582,35.044271859503056,17.754289377877477,31.3541460441822,57.734082277541496,342.99802889797456,1110.5273312874515,277.37180891499946,0.0300005383868322,0.030001135541013
28.33935546875,34.81582633783071,17.54391346726177,30.925605952067126,56.784440016523554,335.7437392097376,1113.5627197219767,290.4119542676113,0.0300005383868322,0.030001135541013
28.35612678527832,34.74776845881093,17.481513351062794,30.798712581369458,56.50394143901664,333.5993964099045,1114.4588992189608,294.2857259959624,0.0300005383868322,0.030001135541013
28.398778915405277,34.575479616826016,17.32410954570705,30.47906663180337,55.79878102208161,328.20595104112925,1116.7110570654884,304.065563204269,0.0300005383868322,0.030001135541013
28.427398681640625,34.460506823558944,17.219517829730787,30.26701977304335,55.33211788526008,324.6349273646188,1118.2008654279325,310.5684170708611,0.0300005383868322,0.030001135541013
28.50277328491211,34.160121404101446,16.947943534892435,29.71774636805488,54.12751151007043,315.4128231115648,1122.0441870663346,327.4567056343029,0.0300005383868322,0.030001135541013
28.52359771728516,34.0777431202448,16.87389170890546,29.56830251502516,53.8008256266977,312.9112567800754,1123.0858966817043,332.0599734971662,0.0300005383868322,0.030001135541013
28.56248664855957,33.92460654080864,16.736720419110384,29.29185046678734,53.19769956458176,308.2928288259574,1125.0084318509175,340.5819000440512,0.0300005383868322,0.030001135541013
28.606176376342773,33.75364917502164,16.584332587706424,28.98530172562061,52.53074233691616,303.1862159368195,1127.1334248374517,350.0381271025625,0.0300005383868322,0.030001135541013
28.64911651611328,33.586734444068185,16.43630606648274,28.688101241777023,51.88597165376143,298.2508898633738,1129.1867123996794,359.20864620175297,0.0300005383868322,0.030001135541013
28.6707763671875,33.50295354200332,16.3622871808736,28.539703906398405,51.56471075877,295.79261101714656,1130.2094002545136,363.78742111387146,0.0300005383868322,0.030001135541013
28.78409767150879,33.06909639016355,15.981985975962951,27.779507672719312,49.926194198638754,283.2671375538104,1135.421472186331,387.22117639576015,0.0300005383868322,0.030001135541013
28.787458419799805,33.056343126107066,15.970883063859516,27.75737056078428,49.87866204541463,282.9041779852717,1135.5725724658662,387.9026531265205,0.0300005383868322,0.030001135541013
28.799299240112305,33.01146170499227,15.931844057294873,27.67955968539708,49.71167099071347,281.62923252511246,1136.103377427906,390.297447006436,0.0300005383868322,0.030001135541013
28.80045509338379,33.00708487554737,15.928039861680377,27.67197943776327,49.69540974749384,281.50509902353286,1136.1550624531108,390.5306967520219,0.0300005383868322,0.030001135541013
28.826866149902344,32.9072833461798,15.84143406156602,27.49951138899479,49.32575811378887,278.6841954977843,1137.3297942491615,395.8351615629948,0.0300005383868322,0.030001135541013
28.83443069458008,32.87877202616187,15.81674127747548,27.450373583954804,49.22055645251973,277.88170669925614,1137.6640575986148,397.3455211795576,0.0300005383868322,0.030001135541013
28.898067474365234,32.640206125729726,15.610973722044264,27.041524276029687,48.34722675884798,271.226167677131,1140.4378840339202,409.8938223553911,0.0300005383868322,0.030001135541013
28.91175079345703,32.589207651641054,15.567182602222871,26.95465729974637,48.16213382556689,269.81717102481264,1141.0255248641197,412.5551505526361,0.0300005383868322,0.030001135541013
28.968555450439453,32.378612315447285,15.387080291895671,26.597926752169005,47.403726764722975,264.0503818621772,1143.4324614045213,423.4639245037988,0.0300005383868322,0.030001135541013
29.004735946655277,32.24541237396932,15.273772577516516,26.373936573321775,46.9289303896792,260.4459064275197,1144.938584491297,430.2950347589938,0.0300005383868322,0.030001135541013
29.00599670410156,32.240783880815506,15.269843712219064,26.366175997039026,46.91249966091638,260.3212562094988,1144.9906951428256,430.5314350004589,0.0300005383868322,0.030001135541013
29.0068416595459,32.23768236912295,15.267211331240937,26.360976559513425,46.90149212013359,260.23775180594845,1145.0256055827058,430.6898079381464,0.0300005383868322,0.030001135541013
29.007795333862305,32.23418226294178,15.264240951569434,26.35510973393437,46.88907238251228,260.1435375052568,1145.064994447201,430.86849893692806,0.0300005383868322,0.030001135541013
29.031707763671875,32.146583938730686,15.190006027431249,26.20856285226961,46.57908370168974,257.79312169402635,1146.0479913076204,435.3283874362121,0.0300005383868322,0.030001135541013
29.04377174377441,32.102508805703,15.152731387811023,26.135034146120795,46.423725868547,256.61598304891663,1146.5405527682449,437.5634036289692,0.0300005383868322,0.030001135541013
29.07402992248535,31.992311261092453,15.059760305900005,25.951799184970152,46.03708555777114,253.6889273895244,1147.7661347751475,443.1248995033086,0.0300005383868322,0.030001135541013
29.091312408447266,31.92959333966394,15.006989453237509,25.84789624474287,45.81816928488512,252.0332643314217,1148.459897394152,446.27312128116654,0.0300005383868322,0.030001135541013
29.16852378845215,31.651360961177826,14.774133605408275,25.39029804416992,44.8568704751747,244.778091328497,1151.5049243695605,460.0879916580623,0.0300005383868322,0.030001135541013
29.19039535522461,31.573126482741664,14.709023972388067,25.26260699327729,44.58944934288905,242.76446616367497,1152.3516071351137,463.9274427554879,0.0300005383868322,0.030001135541013
29.23503303527832,31.41424437709357,14.577289492057815,25.00460233936832,44.05021913404492,238.71083997318695,1154.058330127744,471.66300606526966,0.0300005383868322,0.030001135541013
29.2525634765625,31.352134067195266,14.525971282573952,24.90422124535617,43.84082308946464,237.13922156694196,1154.7208992546948,474.6643232881755,0.0300005383868322,0.030001135541013
29.285518646240234,31.235809730938087,14.430130738732522,24.716941886283948,43.45075726105357,234.2154897168616,1155.9548562926348,480.25085384215663,0.0300005383868322,0.030001135541013
29.297388076782227,31.194052077741546,14.3958124402637,24.6499419154783,43.31140017293662,233.17220584501283,1156.3956169822843,482.24525009786,0.0300005383868322,0.030001135541013
29.346982955932617,31.020363759630367,14.253554751484124,24.37255265637031,42.73551279289236,228.8682387128848,1158.2165414085116,490.47788702966506,0.0300005383868322,0.030001135541013
29.348541259765625,31.014926949477378,14.249114463548818,24.36390331310708,42.71758379112146,228.73443935603268,1158.273219025186,490.73394184303714,0.0300005383868322,0.030001135541013
29.362361907958984,30.966762364849263,14.209811576151184,24.28736776623344,42.55900864971844,227.5515625599167,1158.7744769746514,492.9979506301065,0.0300005383868322,0.030001135541013
29.379234313964844,30.90809536702753,14.162020109800393,24.19435865233753,42.36647985687144,226.11670115973143,1159.3829812805157,495.7449906625751,0.0300005383868322,0.030001135541013
29.40070533752441,30.833648895023124,14.10150360506152,24.07667337149589,42.12315155841829,224.3053104591723,1160.1519143467394,499.2140139948866,0.0300005383868322,0.030001135541013
29.423358917236328,30.755356713600083,14.0380170674904,23.95331818326149,41.86843672738651,222.41168347498544,1160.9566775282376,502.8418170902712,0.0300005383868322,0.030001135541013
29.43050575256348,30.730710834476053,14.01806503988514,23.914573456878387,41.788504507237626,221.8179864440823,1161.2091888025816,503.9794824492636,0.0300005383868322,0.030001135541013
29.432100296020508,30.725215584072014,14.013618538969418,23.905940256122623,41.7706984459482,221.685767572476,1161.2654372757552,504.2328621693373,0.0300005383868322,0.030001135541013
29.48015594482422,30.560204367193705,13.880464187333626,23.647660772656568,41.23878017431669,217.7421398870727,1162.9453936007562,511.7930109987227,0.0300005383868322,0.030001135541013
29.52792739868164,30.397317500302982,13.749716581781136,23.39451844099473,40.71892247900591,213.89978568445625,1164.5866142280963,519.1637807610248,0.0300005383868322,0.030001135541013
29.52810287475586,30.39672127760801,13.749239259131352,23.39359514611654,40.71702907391028,213.885813332392,1164.5925906645025,519.1905919469806,0.0300005383868322,0.030001135541013
29.53936004638672,30.35850435101638,13.718662696786064,23.334463364006005,40.595808081118754,212.9916054757544,1164.9752012949807,520.9065818096512,0.0300005383868322,0.030001135541013
29.57301521301269,30.244624128148928,13.627772401109604,23.158842291117363,40.23625712700667,210.3433175517177,1166.1098548252028,525.9899805105293,0.0300005383868322,0.030001135541013
29.589900970458984,30.187697840538316,13.58246389200253,23.071379940444544,40.05746009973769,209.0286522889591,1166.6739835938909,528.5141900413529,0.0300005383868322,0.030001135541013
29.59483337402344,30.171095900728275,13.569265909999018,23.04591348413936,40.005432803162606,208.64639270990557,1166.8381229437691,529.2482282583098,0.0300005383868322,0.030001135541013
29.60630989074707,30.132513399225857,13.538621600059102,22.98680134705108,39.884726261194295,207.7600330404784,1167.2189124968909,530.950413886871,0.0300005383868322,0.030001135541013
29.64778709411621,29.993609920233283,13.428615549960664,22.77481180690751,39.45251234843095,204.59214362752687,1168.5821350949027,537.0356819707259,0.0300005383868322,0.030001135541013
29.65187263488769,29.97997316369653,13.417842531565334,22.75406935117536,39.41027769411716,204.2830899988056,1168.7153225262127,537.6294771555208,0.0300005383868322,0.030001135541013
29.66225242614746,29.94536390310367,13.390522640058697,22.701481776265695,39.30324669644869,203.50029449023432,1169.052827938323,539.1335861645158,0.0300005383868322,0.030001135541013
29.674400329589844,29.904925550697087,13.35864034125187,22.64013824654328,39.178475983852046,202.5884992616064,1169.4462403026955,540.8857359822107,0.0300005383868322,0.030001135541013
29.674501419067383,29.90458934085424,13.35837544313587,22.639628684630047,39.17743991669178,202.58093129787355,1169.4495069621828,540.9002797155628,0.0300005383868322,0.030001135541013
29.677322387695312,29.895209173387936,13.350986024655157,22.625415071249638,39.14854252163504,202.369872443662,1169.540617801505,541.3058870847599,0.0300005383868322,0.030001135541013
29.70140266418457,29.815294873489812,13.288123689768412,22.504559075396173,38.90302347858206,200.578430960131,1170.314641823207,544.7490172909625,0.0300005383868322,0.030001135541013
29.7370548248291,29.697489991045963,13.195755519431334,22.327171765602777,38.5432793568973,197.95933957579905,1171.4485314800377,549.7840692645113,0.0300005383868322,0.030001135541013
29.74204444885254,29.681051404874857,13.182894825284269,22.30249199555245,38.49328685763743,197.59592783176905,1171.6060820695425,550.4828139274136,0.0300005383868322,0.030001135541013
29.79131317138672,29.519369338539462,13.056772375792422,22.06070338676328,38.00426569190984,194.04838573372925,1173.1469393155216,557.3050798875879,0.0300005383868322,0.030001135541013
29.80086326599121,29.48816269844721,13.03250629756934,22.01423317121724,37.9104366840502,193.3692564750261,1173.4425267561844,558.611364226692,0.0300005383868322,0.030001135541013
29.80431365966797,29.47689851448389,13.023753450697534,21.99747523510949,37.87661291064298,193.12456533385455,1173.5490765174131,559.0820391995926,0.0300005383868322,0.030001135541013
29.85981559753418,29.296475201920543,12.883997802419357,21.730190657539804,37.33803004035989,189.23727543091985,1175.2453659962214,566.5607133778165,0.0300005383868322,0.030001135541013
29.85991668701172,29.296147900082047,12.883745030861776,21.729707719643137,37.33705844425784,189.2302782970605,1175.248425533041,566.5741771064625,0.0300005383868322,0.030001135541013
29.87445068359375,29.249140187452127,12.847469996044678,21.66041987248061,37.19771931671593,188.2273883608349,1175.6871814910317,568.5039892437517,0.0300005383868322,0.030001135541013
29.880836486816406,29.228517527632988,12.831573619759348,21.63006819990823,37.13671748942196,187.78869810592224,1175.8792536216442,569.3481847921054,0.0300005383868322,0.030001135541013
29.88375473022461,29.219099509356,12.824317611865848,21.61621633817012,37.10888479517324,187.58861633196983,1175.966885919908,569.7332220379561,0.0300005383868322,0.030001135541013
29.88407325744629,29.218071769842453,12.823525937355605,21.614705104918137,37.10584853437869,187.56679231857163,1175.9764456068117,569.7752204944813,0.0300005383868322,0.030001135541013
29.921844482421875,29.09653566766291,12.730096360078736,21.43647706607689,36.748146472835,184.9996661134325,1177.1025417988697,574.7158863182749,0.0300005383868322,0.030001135541013
29.92341423034668,29.09149899149655,12.726232621182588,21.42911167149376,36.733380496530216,184.8938652854287,1177.1490216127042,574.9195281161778,0.0300005383868322,0.030001135541013
30.00837135314941,28.820594293650466,12.51936775001556,21.0353721736639,35.94590778282948,179.2715954864041,1179.6271790289093,585.7429996606261,0.0300005383868322,0.030001135541013
30.03274917602539,28.74346805011485,12.460814442566445,20.92414050850336,35.72411953488557,177.6954001684164,1180.3249278587446,588.7779636108064,0.0300005383868322,0.030001135541013
30.05145072937012,28.68448260362932,12.416135190308411,20.839329306014847,35.55521191357568,176.49722306518254,1180.8562521881893,591.0852165402245,0.0300005383868322,0.030001135541013
30.05629539489746,28.669228045408573,12.40459481541653,20.817432105529186,35.511630347469335,176.1883817214329,1180.9933362537854,591.6799544693602,0.0300005383868322,0.030001135541013
30.070709228515625,28.623905110923648,12.370342020517707,20.752461307563195,35.382388049876155,175.27326546728398,1181.399842153396,593.4422513394104,0.0300005383868322,0.030001135541013
30.07350730895996,28.615117645031997,12.363706884494643,20.739879608486863,35.35737182579445,175.09626701487173,1181.4785221696409,593.7831170405311,0.0300005383868322,0.030001135541013
30.078350067138672,28.59991710737759,12.35223403652728,20.718127487697775,35.31413100251194,174.7904246474171,1181.6145187703953,594.3721183619806,0.0300005383868322,0.030001135541013
30.083261489868164,28.58451177112436,12.340612569130382,20.696097396274197,35.27034925142927,174.48088743614184,1181.7522132395702,594.9682436232465,0.0300005383868322,0.030001135541013
30.105506896972656,28.51487116997612,12.288151913158398,20.59669875320027,35.072953696871686,173.08694909772356,1182.3729837959709,597.652873948683,0.0300005383868322,0.030001135541013
30.114336013793945,28.48729228733244,12.2674104676594,20.557420900727625,34.99501748605619,172.53733997294214,1182.618058833886,598.7114275757953,0.0300005383868322,0.030001135541013
30.117202758789062,28.478345111209254,12.26068562771866,20.54468874557916,34.969761995711366,172.359328871257,1182.697473914634,599.0542842149903,0.0300005383868322,0.030001135541013
30.157485961914062,28.35300607594532,12.166691779662624,20.366862490563445,34.6174368385818,169.88071665707156,1183.805232944902,603.8284437419546,0.0300005383868322,0.030001135541013
30.16153717041016,28.340440721899988,12.157290793256522,20.349090319098,34.582267167001646,169.63378542798807,1183.9157995106748,604.304093065329,0.0300005383868322,0.030001135541013
30.16157341003418,28.34032835263476,12.157206740469524,20.34893143162528,34.58195277629919,169.63157844916333,1183.916787884029,604.308344260189,0.0300005383868322,0.030001135541013
30.170581817626957,28.31241375818592,12.136336266703818,20.309485556502672,34.5039202347306,169.08402211137428,1184.162099383571,605.3630856215235,0.0300005383868322,0.030001135541013
30.184572219848636,28.269132202489526,12.1040154876797,20.248422361396475,34.38319865732173,168.23778753466584,1184.5415925167054,606.9932022340217,0.0300005383868322,0.030001135541013
30.19501495361328,28.236881952116285,12.079963238042982,20.20299975118983,34.293457274866,167.60940848603457,1184.8236824031442,608.2036906617489,0.0300005383868322,0.030001135541013
30.20240020751953,28.21410296509397,12.062990457248022,20.17095652224827,34.2301798003716,167.1666886264816,1185.0225785757182,609.0565467404331,0.0300005383868322,0.030001135541013
30.254138946533203,28.05518878405493,11.944945929312471,19.948324662947243,33.79122597483792,164.10375789561397,1186.402137898901,614.9573071076047,0.0300005383868322,0.030001135541013
30.258249282836918,28.042614009513063,11.935632189823664,19.9307759189225,33.75667713735439,163.86329857068117,1186.510706312296,615.4205768050858,0.0300005383868322,0.030001135541013
30.322614669799805,27.846652944162187,11.791003938182229,19.658585187373312,33.22177127578534,160.1520570340041,1188.1913991374736,622.5710484388632,0.0300005383868322,0.030001135541013
30.33771133422852,27.800948949364773,11.757410840995728,19.595448186175144,33.097954362786176,159.29617639770967,1188.5803764163627,624.2201738728827,0.0300005383868322,0.030001135541013
30.34765243530273,27.770906235390825,11.7353575494778,19.554017284939174,33.01675810609114,158.73556774011635,1188.8354468199188,625.3003821452508,0.0300005383868322,0.030001135541013
30.35492706298828,27.748948502207423,11.719253532577024,19.523771714036656,32.95750957925438,158.32682486799513,1189.0215646408976,626.0879766927355,0.0300005383868322,0.030001135541013
30.37105178833008,27.70035786656186,11.683659588631446,19.45694769022514,32.8266869292448,157.42530074558692,1189.4325015157074,627.8251222027595,0.0300005383868322,0.030001135541013
30.38932037353516,27.64544032432193,11.643501970448863,19.38159940527919,32.67930841229797,156.41133555165513,1189.8954153267937,629.7789706550705,0.0300005383868322,0.030001135541013
30.406476974487305,27.59399419881525,11.605951187795418,19.31118406890649,32.541705377756166,155.46621383955738,1190.327599014312,631.6001990684049,0.0300005383868322,0.030001135541013
30.428464889526367,27.52824238760661,11.558055458013593,19.22142733373559,32.36648363915372,154.2649509655782,1190.877899974681,633.9150554442494,0.0300005383868322,0.030001135541013
30.42985725402832,27.524085563647585,11.555031151890118,19.215761938214044,32.35543042459269,154.1892583185433,1190.912612431368,634.0609184254549,0.0300005383868322,0.030001135541013
30.435569763183597,27.50703972751258,11.542633918742592,19.192541087583955,32.31013476170496,153.8791781565903,1191.0548611868078,634.6584584150057,0.0300005383868322,0.030001135541013
30.445756912231445,27.47667576075594,11.520568670714711,19.151222045784607,32.229569025941295,153.32806976518177,1191.3078676936957,635.7204805102247,0.0300005383868322,0.030001135541013
30.47515106201172,27.38930650075163,11.457206547845102,19.03264861308856,31.99860447267212,151.75116083784098,1192.0331398901824,638.7593472182491,0.0300005383868322,0.030001135541013
30.51231384277344,27.27936097261552,11.377742714014143,18.884104825335555,31.70975575948649,149.7853789832635,1192.9400936475813,642.5477310737274,0.0300005383868322,0.030001135541013
30.51531791687012,27.270498480593915,11.37135043382346,18.872163417624204,31.68655915384816,149.6278207431031,1193.0129246501403,642.8513771532644,0.0300005383868322,0.030001135541013
30.527172088623047,27.235563208007,11.346171551046409,18.82513832919238,31.595245754186525,149.00804192140777,1193.2996181184449,644.0458220593493,0.0300005383868322,0.030001135541013
30.53384017944336,27.215937271504306,11.332039855249164,18.798753408936044,31.54403569912748,148.66077386907136,1193.4603967355526,644.7150864550964,0.0300005383868322,0.030001135541013
30.55300712585449,27.15962586629348,11.291545806780166,18.723180044209528,31.39745290049741,147.66801441650833,1193.9205918539917,646.628380479779,0.0300005383868322,0.030001135541013
30.56410789489746,27.127081487090862,11.268178730336771,18.67959226555161,31.312974092687185,147.09671531495027,1194.185802248915,647.7294297862367,0.0300005383868322,0.030001135541013
30.578712463378903,27.084341818210824,11.237531367993206,18.62244831964076,31.202293192505763,146.34916687689773,1194.5332601504092,649.1701750305753,0.0300005383868322,0.030001135541013
30.617280960083008,26.9718911876622,11.157112928571651,18.47263209565766,30.912506338447105,144.3970430416436,1195.4429286389047,652.9325720417609,0.0300005383868322,0.030001135541013
30.63096618652344,26.932136005172104,11.1287570912227,18.419850945072294,30.81054720653385,143.71198255019408,1195.7629711716029,654.2529410772381,0.0300005383868322,0.030001135541013
30.634431838989254,26.922080437724684,11.121591089786296,18.40651584916596,30.78479841913253,143.53912488158178,1195.8437933836328,654.5861050572374,0.0300005383868322,0.030001135541013
30.66704559326172,26.827689613201127,11.05444739760601,18.28164029369112,30.54389172559558,141.92476421748478,1196.59994345722,657.6976508831185,0.0300005383868322,0.030001135541013
30.6693115234375,26.82114748668549,11.049801918671408,18.273005330271303,30.527247889279007,141.8134254232961,1196.6521829289914,657.9122501404788,0.0300005383868322,0.030001135541013
30.6733341217041,26.80953865315832,11.041561237207098,18.25768918301997,30.497730742712115,141.61603295447003,1196.744826920518,658.2927139691003,0.0300005383868322,0.030001135541013
30.685815811157227,26.77355916085404,11.016041912307722,18.210271344792798,30.40638481681521,141.00567310587002,1197.0315256449662,659.4691589655516,0.0300005383868322,0.030001135541013
30.688697814941406,26.765260430841515,11.010160417579428,18.19934549227745,30.38534518643777,140.86519793653383,1197.0975598468476,659.7399210951774,0.0300005383868322,0.030001135541013
30.705236434936523,26.71770175241221,10.976487533163631,18.13681191485772,30.26498317100005,140.0623617434503,1197.47531750757,661.287378515447,0.0300005383868322,0.030001135541013
30.707277297973636,26.71184061809234,10.9723415495106,18.12911472323505,30.25017473953624,139.96367932552744,1197.5217932517985,661.4775891643066,0.0300005383868322,0.030001135541013
30.71166610717773,26.69924210013904,10.963432599780727,18.11257662417619,30.21836250066746,139.7517533613399,1197.6216343457836,661.8860781510449,0.0300005383868322,0.030001135541013
30.713245391845703,26.694710482921288,10.960229058733082,18.106630307539536,30.206926018501512,139.67558903381584,1197.6575269965897,662.0328858582652,0.0300005383868322,0.030001135541013
30.722007751464844,26.669585738459592,10.942476787564765,18.07368455709902,30.143577916205665,139.25392542851316,1197.8563392982076,662.8456512520872,0.0300005383868322,0.030001135541013
30.724931716918945,26.66120851087769,10.936561232899791,18.062708093062756,30.122478437457037,139.1135640132484,1197.92255752608,663.1162021098221,0.0300005383868322,0.030001135541013
30.736955642700195,26.626795404388474,10.912278891012884,18.01766199940891,30.035920501126107,138.53818405214844,1198.194206453455,664.2252711906879,0.0300005383868322,0.030001135541013
30.764339447021484,26.548635507120565,10.857237617969304,17.91561751677146,29.84002740833164,137.23861220005824,1198.8089705207665,666.7302920317987,0.0300005383868322,0.030001135541013
30.767498016357425,26.539639276270016,10.850912037794204,17.90389576806748,29.817542268824624,137.08967524980764,1198.8795334839615,667.0173827614667,0.0300005383868322,0.030001135541013
30.779748916625977,26.504783549819663,10.826422601653904,17.858525967793135,29.730544967976087,136.5138743529429,1199.152546331039,668.1273034550453,0.0300005383868322,0.030001135541013
30.78377914428711,26.493329870526477,10.8183818567608,17.84363328563366,29.7019993285238,136.32509872223423,1199.2421267203883,668.4911922084297,0.0300005383868322,0.030001135541013
30.800207138061523,26.44670853679426,10.785686015613162,17.783095095914945,29.58602051561261,135.5589147794741,1199.6060821002684,669.9681214336932,0.0300005383868322,0.030001135541013
30.800935745239254,26.444643262316312,10.784238868927572,17.780416340260032,29.5808907134513,135.52505576392946,1199.6221798945317,670.0333900346448,0.0300005383868322,0.030001135541013
30.8046817779541,26.43402822550677,10.77680254129129,17.76665218885108,29.55453531678236,135.35113800241538,1199.7048853803503,670.3686446704944,0.0300005383868322,0.030001135541013
30.805316925048828,26.43222897071816,10.7755423560859,17.764319832159252,29.55006982208892,135.32167705952315,1199.7188984529248,670.4254355192555,0.0300005383868322,0.030001135541013
30.8057861328125,26.4308998930061,10.774611530739024,17.762597086141888,29.54677156762622,135.299918171743,1199.7292486283595,670.4673794016832,0.0300005383868322,0.030001135541013
30.805858612060547,26.430694596008905,10.774467753973912,17.76233099031453,29.54626212506202,135.2965574254521,1199.7308472977586,670.4738578018391,0.0300005383868322,0.030001135541013
30.816804885864254,26.39971295533976,10.75278225815025,17.722203144606468,29.469457543753656,134.79017002290306,1199.971864596098,671.4500090638921,0.0300005383868322,0.030001135541013
30.848190307617188,26.31114135422353,10.690917384768328,17.607801128389674,29.2507168168194,133.3510910524932,1200.658273860698,674.2241430079872,0.0300005383868322,0.030001135541013
30.870784759521484,26.247615913969085,10.646665644239354,17.52603828323246,29.09458763014031,132.32677382492562,1201.1481993084035,676.1987861390754,0.0300005383868322,0.030001135541013
30.89232063293457,26.18725116878319,10.604707427354937,17.44856613787891,28.94680896913424,131.3594459665717,1201.611915175516,678.0636088426652,0.0300005383868322,0.030001135541013
30.895004272460938,26.179741553219745,10.59949393136355,17.43894344310755,28.92846429437428,131.23951592762918,1201.6694787476977,678.2948139100823,0.0300005383868322,0.030001135541013
30.902080535888672,26.15995341733308,10.585762806982762,17.413603321814744,28.880167243623603,130.92392879802372,1201.821029232597,678.9032162794804,0.0300005383868322,0.030001135541013
30.90892219543457,26.140839666935616,10.572508794917262,17.389148924662848,28.83357388011678,130.61969340888044,1201.9672332989223,679.4897386366852,0.0300005383868322,0.030001135541013
30.910593032836918,26.136174533688177,10.56927522291961,17.383183585641607,28.822210344855687,130.5455269547245,1202.0028905694678,679.6327216188195,0.0300005383868322,0.030001135541013
30.918506622314453,26.11409364523152,10.55397749087286,17.354966241603123,28.768470489262604,130.19495690111395,1202.1715188234543,680.3085772170177,0.0300005383868322,0.030001135541013
30.91889762878418,26.11300326432446,10.55322238263603,17.35357358973276,28.76581870488921,130.17766553239014,1202.1798397446842,680.3419129838469,0.0300005383868322,0.030001135541013
30.924457550048828,26.097504955767956,10.542492690025131,17.333786547127197,28.728146966494663,129.9320969819904,1202.2980481719353,680.8153424148096,0.0300005383868322,0.030001135541013
30.949542999267575,26.02772672860148,10.494257260029489,17.244875420513285,28.558996204053244,128.83121524613097,1202.8288168060385,682.937759169044,0.0300005383868322,0.030001135541013
30.953052520751957,26.01798380263986,10.487531797387543,17.232483915331237,28.535437858049796,128.67811885441412,1202.9027390606502,683.2329223071557,0.0300005383868322,0.030001135541013
30.968921661376957,25.97398771446354,10.45719067953635,17.176597350082698,28.429236936285623,127.98865704112136,1203.235979894028,684.5621897430277,0.0300005383868322,0.030001135541013
30.99484634399414,25.902319649766596,10.407867638896672,17.085805296547253,28.25687545546385,126.8721137691904,1203.776821532323,686.7149158605466,0.0300005383868322,0.030001135541013
31.00222969055176,25.881955237284245,10.393875517518648,17.060062137589078,28.208042839723596,126.55633000396308,1203.9300509195398,687.3237684376295,0.0300005383868322,0.030001135541013
31.00556182861328,25.87277145992572,10.387568768054557,17.048460687772405,28.18604144967859,126.41413410268484,1203.999088150871,687.5979337034369,0.0300005383868322,0.030001135541013
31.01668930053711,25.842133240297816,10.366543604239247,17.00979272772303,28.11273524775828,125.9407112404326,1204.2291130991837,688.5107401339125,0.0300005383868322,0.030001135541013
31.01712226867676,25.840942056759964,10.365726633191908,17.008290475208543,28.10988807081091,125.92233487049756,1204.2380471685217,688.5461718764202,0.0300005383868322,0.030001135541013
31.030614852905277,25.803856624665663,10.34030900100149,16.961562442072612,28.02135449589577,125.35133395686417,1204.5158548280117,689.6471372246864,0.0300005383868322,0.030001135541013
31.03645133972168,25.787835842824247,10.32933907769708,16.941401223763286,27.98317311391431,125.10533092657406,1204.6356639862092,690.1214698774554,0.0300005383868322,0.030001135541013
31.047588348388672,25.75730100488786,10.308448338150148,16.903016829204613,27.910509408756475,124.6375746406497,1204.863676012884,691.0233884199423,0.0300005383868322,0.030001135541013
31.05382537841797,25.740221014711665,10.296772831925075,16.881570016621126,27.869925913240564,124.37656615831678,1204.9910237373574,691.5266660496966,0.0300005383868322,0.030001135541013
31.07808494567871,25.6739252781872,10.251522300255688,16.798486756363896,27.71282089161125,123.36777777739417,1205.4840119188966,693.4718588824119,0.0300005383868322,0.030001135541013
31.079418182373047,25.67028824912488,10.249042933366756,16.79393618540344,27.70422121870942,123.31263281097227,1205.5109975158348,693.5781939960891,0.0300005383868322,0.030001135541013
31.08909034729004,25.64392272176759,10.231079247346567,16.760971427625574,27.64194030155533,122.91349133063744,1205.7064344139462,694.3478582223602,0.0300005383868322,0.030001135541013
31.090038299560547,25.64134055715715,10.229320853439951,16.7577451498121,27.63584633109902,122.8744586286765,1205.7255572972845,694.4231255630397,0.0300005383868322,0.030001135541013
31.0911865234375,25.638213312876783,10.227191493851924,16.75383834651938,27.628467307172592,122.8272002172454,1205.7487126952865,694.5142548085929,0.0300005383868322,0.030001135541013
31.099925994873047,25.614427037784424,10.21100324280423,16.72414133026662,27.57238960105137,122.4682421484084,1205.9246852888118,695.2064454073599,0.0300005383868322,0.030001135541013
31.134918212890625,25.51947280202966,10.146517950255616,16.605921725074086,27.349376645765183,121.04400991587887,1206.6245149426406,697.9529345245985,0.0300005383868322,0.030001135541013
31.13709831237793,25.51357195604564,10.142517827583376,16.59859247911602,27.335562339556187,120.95596103307562,1206.6678659294828,698.1227331567128,0.0300005383868322,0.030001135541013
31.14003562927246,25.50562433999548,10.13713157684294,16.588724231052836,27.31696463439168,120.8374561342392,1206.7262279489223,698.3512659404694,0.0300005383868322,0.030001135541013
31.17049598693848,25.42339461853317,10.08149299044786,16.48683826900504,27.12509767553456,119.61703618845893,1207.3283424158406,700.7048729522155,0.0300005383868322,0.030001135541013
31.18527603149414,25.38361805507037,10.054638374812155,16.43769464791155,27.032648641159703,119.0304017895352,1207.6184727433242,701.8362558295505,0.0300005383868322,0.030001135541013
31.18803596496582,25.37619930662796,10.04963400036548,16.428539012251,27.01543197887189,118.92125554975762,1207.672503929923,702.046758597055,0.0300005383868322,0.030001135541013
31.208837509155277,25.32037415274752,10.01201989177655,16.359746471907926,26.88614078298064,118.10263161131586,1208.078265578711,703.6256163921465,0.0300005383868322,0.030001135541013
31.232845306396484,25.25614084960357,9.96883451046232,16.280816078401777,26.737947447734648,117.16656364186944,1208.543363662226,705.4310630325593,0.0300005383868322,0.030001135541013
31.24139976501465,25.233303876253466,9.9535050146829,16.25281144247556,26.68540709588321,116.83526737820306,1208.708263303964,706.07007332519,0.0300005383868322,0.030001135541013
31.25155639648437,25.20622421227584,9.935344054793386,16.219643277734782,26.623205504450247,116.4434430317301,1208.903488143516,706.8258456728504,0.0300005383868322,0.030001135541013
31.26007461547852,25.18354175320824,9.920145778994002,16.19189362737694,26.571187303801345,116.11609333558968,1209.0667541589232,707.4572679557232,0.0300005383868322,0.030001135541013
31.279560089111328,25.131754226530056,9.885492726846858,16.128648285563884,26.452705127381776,115.37160236360909,1209.4386350599432,708.8933532515903,0.0300005383868322,0.030001135541013
31.283428192138672,25.121490091083608,9.87863229583291,16.116131597577642,26.429269036551787,115.22452412630044,1209.5121956685618,709.1770668413576,0.0300005383868322,0.030001135541013
31.298303604125977,25.082067861959285,9.852306770431492,16.068114321375212,26.339399887935983,114.66109678211264,1209.7942794818755,710.2639393018109,0.0300005383868322,0.030001135541013
31.29945945739746,25.07900799953531,9.85026502302241,16.06439107634405,26.33243396071553,114.61746201582888,1209.816144656119,710.3481139026023,0.0300005383868322,0.030001135541013
31.304975509643555,25.06441211525571,9.840528790857489,16.046638166848407,26.299224512928795,114.4095114992932,1209.920385619467,710.7492684076153,0.0300005383868322,0.030001135541013
31.30507469177246,25.064149771876973,9.840353841731702,16.04631919184275,26.29862789853948,114.40577675062072,1209.922258340065,710.7564731060427,0.0300005383868322,0.030001135541013
31.308773040771484,25.05436990738481,9.83383312493196,16.03443101087265,26.27639400460073,114.26662285590648,1209.9920489560789,711.0249158461589,0.0300005383868322,0.030001135541013
31.31302070617676,25.043143500719964,9.82635079159694,16.020791218551132,26.25088868949339,114.10706236861084,1210.0721089500807,711.3327278738487,0.0300005383868322,0.030001135541013
31.322185516357425,25.01894335244029,9.810232029006936,15.991413420136958,26.19597077719142,113.76374444576324,1210.2444961556869,711.995041073786,0.0300005383868322,0.030001135541013
31.330101013183597,24.998066277950272,9.796338127070278,15.96609684664023,26.148662658728185,113.46826957103032,1210.3929990749175,712.5650689978198,0.0300005383868322,0.030001135541013
31.336166381835938,24.98208406804929,9.78570903399013,15.946732948837246,26.11248933043116,113.24250951555,1210.5065508839407,713.0006107948516,0.0300005383868322,0.030001135541013
31.34756088256836,24.95209508894417,9.765781521719225,15.910438124425792,26.044714205962244,112.81991678522186,1210.7193081710273,713.8159039952304,0.0300005383868322,0.030001135541013
31.34838485717773,24.949928286125107,9.764342538595455,15.907817690888432,26.03982227962481,112.78943458387714,1210.7346649439091,713.8747130958559,0.0300005383868322,0.030001135541013
31.3624267578125,24.913039514865524,9.739862102883809,15.86324734395615,25.956644212064752,112.27155512601428,1210.9957827305743,714.8738725300104,0.0300005383868322,0.030001135541013
31.396440505981445,24.82397387071544,9.680891587877074,15.755956100256633,25.756628269695327,111.0294368496784,1211.623721072021,717.2704708403138,0.0300005383868322,0.030001135541013
31.41788101196289,24.76804199661217,9.643957297101396,15.688810306124823,25.63160589099855,110.2553536578933,1212.0162486256818,718.7641294042853,0.0300005383868322,0.030001135541013
31.431968688964844,24.73137956270889,9.619788364343894,15.644894243069416,25.549899985902016,109.75043570094766,1212.2727892457194,719.7384577650478,0.0300005383868322,0.030001135541013
31.43216133117676,24.73087870497433,9.619458408286755,15.644294822363875,25.548785110272185,109.74355141873475,1212.2762898039182,719.7517424641236,0.0300005383868322,0.030001135541013
31.4343376159668,24.725221403727254,9.615731899966768,15.637525222369025,25.536194840427708,109.66581729148896,1212.3158216678514,719.9017476272186,0.0300005383868322,0.030001135541013
31.434799194335938,24.72402173371499,9.6149417671403,15.636089915962687,25.533525577031117,109.6493392253373,1212.324202848804,719.9335458107514,0.0300005383868322,0.030001135541013
31.43557357788086,24.722009231856,9.613616360732856,15.633682313124272,25.529048228553425,109.62170121863214,1212.338261232861,719.9868797342006,0.0300005383868322,0.030001135541013
31.440221786499023,24.70993368528705,9.605665614764254,15.619240906146924,25.502195141381478,109.45598963528025,1212.42257760251,720.3066609598729,0.0300005383868322,0.030001135541013
31.441139221191406,24.707551184543185,9.604097349257342,15.616392603603726,25.496899504575204,109.42331985330196,1212.439205569004,720.3697058237389,0.0300005383868322,0.030001135541013
31.449731826782227,24.68525122458954,9.589425260891474,15.589748455755725,25.44737231800427,109.11793418619747,1212.594719840629,720.9590349899352,0.0300005383868322,0.030001135541013
31.44990348815918,24.68480598361489,9.5891324404297,15.589216767157607,25.446384183679957,109.11184421565513,1212.5978225980225,720.9707874791816,0.0300005383868322,0.030001135541013
31.457176208496094,24.66595206336776,9.576737255817726,15.566712560782364,25.404567273295044,108.8542260543704,1212.7291297177671,721.4679469903042,0.0300005383868322,0.030001135541013
31.4613094329834,24.655245252050733,9.569702090301147,15.553941861026187,25.380842838756173,108.70815889832484,1212.803626781609,721.7498365237132,0.0300005383868322,0.030001135541013
31.46202850341797,24.65338316199373,9.568478842145591,15.5517214979881,25.37671844501752,108.68277239643442,1212.816577873599,721.7988293256442,0.0300005383868322,0.030001135541013
31.472883224487305,24.625295964252757,9.550037903955474,15.518254064046156,25.314567323446504,108.30045852720389,1213.011743094337,722.5366601003852,0.0300005383868322,0.030001135541013
31.486276626586918,24.590696401821912,9.527347389300877,15.477088379749985,25.23816050445334,107.83106775762272,1213.2516826418705,723.4425736089298,0.0300005383868322,0.030001135541013
31.4875602722168,24.58738360150616,9.52517635302448,15.473150459974413,25.230853750455843,107.78621567610348,1213.2746285110873,723.5291389981138,0.0300005383868322,0.030001135541013
31.49071884155273,24.57923448053753,9.5198369797804,15.463466263322111,25.212886608196687,107.67595190614216,1213.3310522742313,723.7419516358623,0.0300005383868322,0.030001135541013
31.498735427856445,24.558567194691744,9.506302800406829,15.438922698977738,25.167361933096903,107.39673711785773,1213.4740198686077,724.2808542831244,0.0300005383868322,0.030001135541013
31.52310562133789,24.49587584270384,9.465312037328884,15.364621487597113,25.029640773731906,106.55353541465544,1213.9065470343826,725.9083690431403,0.0300005383868322,0.030001135541013
31.541746139526367,24.44806238932127,9.43411319916092,15.30810314856258,24.92497809429352,105.914226566826,1214.2352737411366,727.1424212480463,0.0300005383868322,0.030001135541013
31.54841041564941,24.43099744423376,9.422991397182749,15.28796262291802,24.88770148620321,105.6868426536915,1214.3523579573066,727.5813562613864,0.0300005383868322,0.030001135541013
31.570053100585938,24.375683277179903,9.386989568017675,15.222792342389662,24.767155924446584,104.9526506164744,1214.7310056494694,728.9986840735178,0.0300005383868322,0.030001135541013
31.59933280944824,24.301105622556832,9.338566284620828,15.135199114221956,24.605311725731227,103.96964431808352,1215.2394229330223,730.8965002120914,0.0300005383868322,0.030001135541013
31.63127899169922,24.220069685735453,9.286101333605837,15.040375104294773,24.430335614827843,102.9104058873129,1215.7891540319456,732.9417102857608,0.0300005383868322,0.030001135541013
31.64507293701172,24.18518646146153,9.263565799228072,14.999669971278657,24.355296810546267,102.45727853583408,1216.0249277397795,733.8166945910621,0.0300005383868322,0.030001135541013
31.65101623535156,24.170176398564404,9.253877895019976,14.982175788039658,24.32306029125922,102.26282454347682,1216.1262196887567,734.1921969028793,0.0300005383868322,0.030001135541013
31.669164657592773,24.12441553422556,9.224376206489442,14.92891973700092,24.224974948499728,101.67193792098313,1216.434433136512,735.3332856553694,0.0300005383868322,0.030001135541013
31.688003540039062,24.07703114203666,9.193881048382986,14.873898266381143,24.123715805206384,101.06315766517972,1216.7526435064806,736.5090122231559,0.0300005383868322,0.030001135541013
31.695877075195312,24.057262589969703,9.181174533267498,14.850980717459391,24.081562964459152,100.81009865660968,1216.885117690599,736.9977658801533,0.0300005383868322,0.030001135541013
31.69740104675293,24.053438662806784,9.178717728165706,14.846550189195106,24.07341538198309,100.76121074363364,1216.9107236883938,737.0921888588565,0.0300005383868322,0.030001135541013
31.727895736694336,23.97708542007548,9.129735283424084,14.75825545425883,23.911153335412944,99.78928044556348,1217.4207124627872,738.9695113010105,0.0300005383868322,0.030001135541013
31.735137939453125,23.958997856311036,9.118152244970863,14.737386671032912,23.872832433486256,99.56021384630644,1217.5411651233112,739.4119963494156,0.0300005383868322,0.030001135541013
31.743942260742188,23.9370323586454,9.104096426591648,14.71206824423638,23.82635621067117,99.28264056774138,1217.687257377797,739.9481987823342,0.0300005383868322,0.030001135541013
31.74968147277832,23.922727741173063,9.094949126881184,14.695594633282855,23.796125118861845,99.10223205642572,1217.7822882543232,740.2967135717187,0.0300005383868322,0.030001135541013
31.755340576171875,23.908633516127672,9.08594123409666,14.679374427718216,23.766366123758207,98.9247510052788,1217.8758375427258,740.6395812100197,0.0300005383868322,0.030001135541013
31.76435089111328,23.886214886493647,9.071622945688656,14.653596917095673,23.719086909102806,98.64300519356448,1218.0244678604763,741.183889995915,0.0300005383868322,0.030001135541013
31.76884078979492,23.875053586945363,9.064498947810248,14.640773835412489,23.695574259585506,98.50299171969118,1218.098386281482,741.4543917629653,0.0300005383868322,0.030001135541013
31.77185821533203,23.867556408241263,9.05971538512123,14.632164322240712,23.67979012300368,98.40903851707506,1218.1480088906917,741.6359093876843,0.0300005383868322,0.030001135541013
31.778949737548828,23.849948460256368,9.04848594069288,14.611956288467676,23.64274961754284,98.188680674667,1218.2644605908245,742.0616500273279,0.0300005383868322,0.030001135541013
31.788747787475582,23.825647710186992,9.033000299952937,14.584095361786732,23.59169948176044,97.8852573998647,1218.4249635157908,742.647897906242,0.0300005383868322,0.030001135541013
31.79397201538086,23.81270371639139,9.024757516304534,14.56926842503558,23.56454015619482,97.72396445753802,1218.510356148337,742.9595441714517,0.0300005383868322,0.030001135541013
31.79815101623535,23.802355962575746,9.018170896012862,14.55742210899739,23.542844713444023,97.5951862595266,1218.5785711091848,743.2083713609513,0.0300005383868322,0.030001135541013
31.799863815307617,23.79811651519673,9.015473118542452,14.55257041337926,23.533960354010965,97.5424680704014,1218.6065057659594,743.3102355638852,0.0300005383868322,0.030001135541013
31.809680938720703,23.773836210378743,9.000030601512098,14.52480277358434,23.483124799261333,97.24100818362167,1218.766350068583,743.8927432832909,0.0300005383868322,0.030001135541013
31.8137321472168,23.763825772708277,8.993667955208325,14.513364021198136,23.462189352149377,97.11695261141004,1218.8321805162684,744.1324619212535,0.0300005383868322,0.030001135541013
31.828563690185547,23.727223337582014,8.970423850338706,14.47158621017958,23.38575669221261,96.66450594747964,1219.072530784338,745.0067836799025,0.0300005383868322,0.030001135541013
31.84314346313477,23.691312415096284,8.947650039079024,14.430669709937543,23.31094533272455,96.22236426333862,1219.3078007481315,745.8612487785531,0.0300005383868322,0.030001135541013
31.84562492370605,23.68520733329691,8.94378141799946,14.423720757374443,23.29824435627175,96.14737012502373,1219.3477450709995,746.0061850857309,0.0300005383868322,0.030001135541013
31.872562408447266,23.619063010932603,8.901924738839602,14.348565589959836,23.160961472657355,95.33806616193512,1219.7795298576102,747.570381308812,0.0300005383868322,0.030001135541013
31.875707626342773,23.611355401885955,8.897054145358792,14.33982369808059,23.145002793007848,95.24414152820322,1219.8297273482017,747.7519286420081,0.0300005383868322,0.030001135541013
31.87598991394043,23.61066379054791,8.896617171208593,14.339039439493014,23.14357119735274,95.23571746205585,1219.8342304244088,747.7682116888379,0.0300005383868322,0.030001135541013
31.893014907836918,23.56899993500292,8.870314114273565,14.291843047242947,23.057448498557843,94.72941540502693,1220.1051411816793,748.7468936163561,0.0300005383868322,0.030001135541013
31.89799690246582,23.55682567741832,8.862636157694165,14.278070258547514,23.03232745396803,94.58190983988442,1220.1841674716231,749.0320370331349,0.0300005383868322,0.030001135541013
31.904216766357425,23.54163782351993,8.853062600308457,14.26089954983727,23.001015846637088,94.3981667954813,1220.2826711051955,749.3872409051469,0.0300005383868322,0.030001135541013
31.908992767333984,23.52998414589548,8.845720495977439,14.247732992129368,22.977011371064307,94.25738793606033,1220.358189358457,749.6593956502157,0.0300005383868322,0.030001135541013
31.91451072692871,23.51652922993572,8.837247576800193,14.232540630128948,22.949319366383047,94.09507393194164,1220.445311036901,749.9731902433784,0.0300005383868322,0.030001135541013
31.928857803344727,23.481591621092527,8.815266450712052,14.193137916162495,22.87752649043956,93.67472115089409,1220.6711909762391,750.7858799664468,0.0300005383868322,0.030001135541013
31.941694259643555,23.450388807222705,8.795659774992291,14.158004007667744,22.813546580215597,93.30066817783806,1220.872504469542,751.5091051422213,0.0300005383868322,0.030001135541013
31.943572998046875,23.44582641665971,8.79279488890613,14.152871299610334,22.804202549882355,93.24608288226884,1220.901906799883,751.6146488295764,0.0300005383868322,0.030001135541013
31.952377319335938,23.424460847117874,8.77938526617243,14.128850111797227,22.760481631785783,92.9908257140089,1221.03948505318,752.1082161053099,0.0300005383868322,0.030001135541013
31.952486038208008,23.42419717378342,8.779219844603507,14.128553820716022,22.759942449651085,92.98767931999204,1221.0411817604077,752.1143001363104,0.0300005383868322,0.030001135541013
31.95339012145996,23.422004668540104,8.777844389499998,14.126090238763004,22.755459384455797,92.96151986455833,1221.0552891841928,752.164883550286,0.0300005383868322,0.030001135541013
31.953800201416016,23.42101026409633,8.777220593343463,14.124972975385935,22.753426314946548,92.94965740437814,1221.0616869228777,752.1878215567134,0.0300005383868322,0.030001135541013
31.976511001586918,23.36602293300418,8.742763393080756,14.063276448118437,22.6412094431668,92.29572243953788,1221.414838644999,753.4523871849283,0.0300005383868322,0.030001135541013
31.985008239746094,23.345491866254505,8.729916225303684,14.040282695588283,22.59941336480864,92.05257305641076,1221.5463847745648,753.92262265982,0.0300005383868322,0.030001135541013
31.98716163635254,23.340292478970454,8.726664327021833,14.03446333174684,22.588837620201257,91.99108418997628,1221.5796711839728,754.0415415655128,0.0300005383868322,0.030001135541013
32.01365661621094,23.27644111251949,8.686781483540763,13.963118712881151,22.459254667867825,91.23884168397134,1221.9875599558154,755.4964826473515,0.0300005383868322,0.030001135541013
32.0334587097168,23.22886485385188,8.657127190330538,13.910104093633212,22.3630523957092,90.68178402325482,1222.2904184079014,756.5740442401352,0.0300005383868322,0.030001135541013
32.04191589355469,23.20858357200415,8.644502152577342,13.887542016313247,22.322133335785143,90.44520714787096,1222.419248675997,757.0317095661734,0.0300005383868322,0.030001135541013
32.04302978515625,23.20591401953545,8.642841087801656,13.884573920182325,22.316751349854925,90.4141069765397,1222.4361939099233,757.0918754127779,0.0300005383868322,0.030001135541013
32.04636001586914,23.19793512364751,8.637877415814348,13.875705032690982,22.300671003718133,90.32120808184018,1222.4868237252222,757.2715982096736,0.0300005383868322,0.030001135541013
32.06293869018555,23.15826635946176,8.613221802576941,13.831663052389596,22.22084896388438,89.86056051806608,1222.738163769639,758.1628195791424,0.0300005383868322,0.030001135541013
32.07852935791016,23.121040794065,8.590118474303718,13.79041159817773,22.146131418407663,89.43012356171555,1222.97345550936,758.9956678521364,0.0300005383868322,0.030001135541013
32.1033821105957,23.061858542112414,8.553455847833245,13.724983212955207,22.027717436468915,88.74945329269934,1223.3464007121202,760.3128431720341,0.0300005383868322,0.030001135541013
32.118438720703125,23.02609811013091,8.531342863646735,13.685540385353596,21.95638881384905,88.34032967622007,1223.5710795722475,761.1046367810945,0.0300005383868322,0.030001135541013
32.130889892578125,22.996579133124342,8.513112237751198,13.653034037476957,21.89763560595409,88.00383898231738,1223.756163905217,761.7559140087288,0.0300005383868322,0.030001135541013
32.162479400634766,22.921903660811346,8.467085485493334,13.571012210665996,21.749512257107487,87.15753333643477,1224.2228513495245,763.3941541788604,0.0300005383868322,0.030001135541013
32.17045211791992,22.90310556066716,8.455519836713732,13.550412244371334,21.712339554699007,86.94560194098105,1224.339986494046,763.804450997698,0.0300005383868322,0.030001135541013
32.17695236206055,22.88779385042995,8.446105321788789,13.533646863398788,21.68209492651781,86.77330462249436,1224.4352953847035,764.1380316014323,0.0300005383868322,0.030001135541013
32.17790985107422,22.88553953893184,8.44471970276667,13.531179588250623,21.677644629962355,86.74796245452586,1224.4493198323437,764.187097085402,0.0300005383868322,0.030001135541013
32.1840705871582,22.871041491153846,8.435811279291274,13.5153184544886,21.64903937038984,86.58513292992959,1224.5394673254425,764.5023616044913,0.0300005383868322,0.030001135541013
32.20784378051758,22.81520576630897,8.401548740932327,13.454339135636824,21.53912763907734,85.96049552948311,1224.8858839942643,765.7118749689537,0.0300005383868322,0.030001135541013
32.219512939453125,22.787862153194588,8.384796653058064,13.424537859997985,21.48544943885203,85.65602276984822,1225.0550875080496,766.3015055316663,0.0300005383868322,0.030001135541013
32.27727508544922,22.65312462424238,8.302508971068075,13.278279606319408,21.222353804958352,84.16927928364689,1225.884625451607,769.1813245790916,0.0300005383868322,0.030001135541013
32.29399871826172,22.614304262575168,8.278879973684274,13.236321043005802,21.14698337363663,83.74508019873248,1226.122334651289,770.0032008769982,0.0300005383868322,0.030001135541013
32.29475021362305,22.612561815238315,8.277820223550101,13.23443963069566,21.14360489694894,83.726083490949,1226.1329906542112,770.040008750766,0.0300005383868322,0.030001135541013
32.298343658447266,22.60423226987205,8.272755211069578,13.225448022751465,21.127459891451718,83.63532366147786,1226.183914229811,770.2158668862007,0.0300005383868322,0.030001135541013
32.306182861328125,22.586074701625,8.26171970792965,13.20586009114438,21.092296190147884,83.43777092983676,1226.2948306047565,770.5986640673007,0.0300005383868322,0.030001135541013
32.31224060058594,22.572056180444047,8.253205047278005,13.190749387657984,21.065176865328624,83.28552666570796,1226.380377268472,770.8936812190493,0.0300005383868322,0.030001135541013
32.31486129760742,22.565994921885647,8.249524947368181,13.184219170909795,21.05345890751509,83.21977450635906,1226.4173422471436,771.0210987790001,0.0300005383868322,0.030001135541013
32.31926727294922,22.55580926081768,8.243342666726402,13.173249862977174,21.033777997415005,83.10938223284256,1226.4794285546095,771.2350271803714,0.0300005383868322,0.030001135541013
32.323814392089844,22.54530345242801,8.23696864468911,13.16194158306596,21.01349231643743,82.99565278152991,1226.5434249174814,771.4554294860995,0.0300005383868322,0.030001135541013
32.33143615722656,22.52770784387627,8.22629905033489,13.143015165995036,20.979548390369693,82.80547505692925,1226.650514703557,771.8240004735153,0.0300005383868322,0.030001135541013
32.34519577026367,22.49598659589416,8.207082457401473,13.108936480043171,20.91845402864285,82.4635764928768,1226.8432775860078,772.4866610510289,0.0300005383868322,0.030001135541013
32.3608512878418,22.459963751334246,8.185288651237743,13.070301536000976,20.849229646335157,82.07679485489757,1227.0617175301063,773.2363905807613,0.0300005383868322,0.030001135541013
32.36132049560547,22.45888525282542,8.184636628432552,13.069145899760713,20.84715965578695,82.06523912700985,1227.0682498830645,773.2587912446788,0.0300005383868322,0.030001135541013
32.36176681518555,22.457859425092565,8.184016473818291,13.068046758897166,20.84519089441668,82.05424905477847,1227.0744628053903,773.2800954600248,0.0300005383868322,0.030001135541013
32.36644744873047,22.44710497227793,8.17751648111873,13.05652708366007,20.82455904934098,81.93910929928578,1227.1395731035177,773.5032975307888,0.0300005383868322,0.030001135541013
32.36847305297852,22.442452874313943,8.1747056026831,13.051545882211371,20.815638785796303,81.88934617886767,1227.1677245553176,773.5997672252063,0.0300005383868322,0.030001135541013
32.41008377075195,22.34715898656547,8.117239195745857,12.949764480996905,20.63351707098,80.87573023446497,1227.7425853369114,775.5650490151606,0.0300005383868322,0.030001135541013
32.41983795166016,22.324895261491218,8.103843942318164,12.926054659000258,20.59113256927714,80.64048733042148,1227.876399257687,776.0212428559687,0.0300005383868322,0.030001135541013
32.42569732666016,22.31153498200249,8.095811166929327,12.911839157595342,20.565727759747997,80.4996039274048,1227.9566109836965,776.294466171422,0.0300005383868322,0.030001135541013
32.431495666503906,22.298323869800083,8.087872220424593,12.897791715500691,20.54062869830929,80.36050322703224,1228.03586128598,776.5642438524906,0.0300005383868322,0.030001135541013
32.43927383422852,22.280617478318952,8.077238411130482,12.878978897208436,20.507023667447164,80.17439788334131,1228.1419752008612,776.9252025414485,0.0300005383868322,0.030001135541013
32.464637756347656,22.22300247352366,8.042688187416768,12.817878873161304,20.397948626399227,79.57140973210741,1228.4864490172215,778.0948673663204,0.0300005383868322,0.030001135541013
32.47019577026367,22.210402595914516,8.035142772148646,12.80454033518287,20.37415024941428,79.44006619433506,1228.5616175184728,778.3496749067535,0.0300005383868322,0.030001135541013
32.47039031982422,22.20996172199924,8.034878822966219,12.804073767506924,20.37331789432869,79.43547383793658,1228.5642466221905,778.3585843112373,0.0300005383868322,0.030001135541013
32.48720169067383,22.171906999396228,8.012112794705306,12.763840089796576,20.301563295346693,79.03994322792116,1228.7909094218053,779.1259836898553,0.0300005383868322,0.030001135541013
32.51201629638672,22.115887364885037,7.978661001628557,12.70475228195228,20.19626326475528,78.46079421612758,1229.1235986167403,780.249815861679,0.0300005383868322,0.030001135541013
32.52222442626953,22.092894451091063,7.964952164322824,12.680548080278848,20.153156514482752,78.22415290533169,1229.2598127049737,780.7090785270728,0.0300005383868322,0.030001135541013
32.54081726074219,22.051093854208723,7.940061627075374,12.636616481371869,20.074957239945896,77.79552733394584,1229.5069480548873,781.5410300070902,0.0300005383868322,0.030001135541013
32.54133605957031,22.04992892897977,7.93936855075358,12.635393480245376,20.072781033525885,77.78361132956717,1229.5138261703428,781.5641604296509,0.0300005383868322,0.030001135541013
32.544132232666016,22.043651669233306,7.935634416966202,12.628804517709844,20.061057326003493,77.71942857217196,1229.5508806478094,781.6887486619346,0.0300005383868322,0.030001135541013
32.56626892089844,21.9940360266278,7.906151959626261,12.576797895237382,19.968564496636382,77.213739862449,1229.8432508691735,782.6704632724508,0.0300005383868322,0.030001135541013
32.57929611206055,21.96490414443315,7.888868068072285,12.546322358586174,19.91439868417075,76.91815483115735,1230.014496208429,783.2443763684096,0.0300005383868322,0.030001135541013
32.58635711669922,21.949134568191305,7.879520238942323,12.529844127031655,19.885121397691663,76.7585592208058,1230.1070647827514,783.5542753667951,0.0300005383868322,0.030001135541013
32.589820861816406,21.94140415275549,7.874939926453938,12.521771074806685,19.87078049068123,76.68042843986765,1230.152409847963,783.705994409863,0.0300005383868322,0.030001135541013
32.59550857543945,21.928717772140487,7.867426188724151,12.508529221193374,19.847261582735385,76.55235745131509,1230.2267783744455,783.9546996841436,0.0300005383868322,0.030001135541013
32.59736633300781,21.9245760945074,7.864974019336952,12.50420801062664,19.839587712627758,76.51058664610443,1230.2510445543658,784.0358183048144,0.0300005383868322,0.030001135541013
32.60725021362305,21.902557714155986,7.851944352911315,12.481250288436318,19.79882664818357,76.2888523398161,1230.3799458138756,784.4664456724904,0.0300005383868322,0.030001135541013
32.61344146728516,21.888779711389827,7.843796852207509,12.46689746636727,19.773350764522704,76.1503859007563,1230.460515910239,784.7353774761824,0.0300005383868322,0.030001135541013
32.619895935058594,21.87442765279634,7.835314617996513,12.451957262293128,19.746838219252517,76.0063823136019,1230.5443694236485,785.0150783236857,0.0300005383868322,0.030001135541013
32.628841400146484,21.854556395549764,7.8235784253859135,12.431289512373182,19.71017180507616,75.80739100611605,1230.660345920262,785.4016076860019,0.0300005383868322,0.030001135541013
32.670936584472656,21.76135425683443,7.768655567206468,12.334627584055696,19.53884075673456,74.88008035375545,1231.202402488872,787.2032433326293,0.0300005383868322,0.030001135541013
32.69670104980469,21.70455866898282,7.735286205507492,12.275946281806586,19.43495468587982,74.31983295410707,1231.5311859537774,788.2920425951347,0.0300005383868322,0.030001135541013
32.717994689941406,21.657760589595057,7.707847345210302,12.227721177023714,19.349649773571105,73.86094056136882,1231.8012248930063,789.1840486676954,0.0300005383868322,0.030001135541013
32.72259521484375,21.647666589463245,7.701935714671363,12.217334433115068,19.331285057024093,73.76228417607972,1231.8593673523,789.3758411792106,0.0300005383868322,0.030001135541013
32.79983139038086,21.4790907933992,7.60356037714587,12.04465291482423,19.0264018546908,72.13148448176108,1232.8250194625346,792.5473446293327,0.0300005383868322,0.030001135541013
32.82724380493164,21.41966070139087,7.569037264855586,11.984126888018883,18.919732907806,71.56407159038812,1233.163052617924,793.6513504326604,0.0300005383868322,0.030001135541013
32.83500671386719,21.40286862853056,7.559297525954102,11.96705814264849,18.889669974603915,71.4044518534765,1233.2583393012603,793.9619706485901,0.0300005383868322,0.030001135541013
32.88722610473633,21.290344528313742,7.494199624739949,11.853055154878271,18.689085419935378,70.34279056789094,1233.8943081061225,796.0285466208732,0.0300005383868322,0.030001135541013
32.92689514160156,21.205365053226,7.445231603230884,11.76739005214504,18.53859872775881,69.55012272300416,1234.3716737475331,797.5721923130264,0.0300005383868322,0.030001135541013
32.92979431152344,21.199171286767346,7.441669067340405,11.761160809975934,18.527663816989406,69.49265327863785,1234.4063688356418,797.6841318405897,0.0300005383868322,0.030001135541013
32.935211181640625,21.18760485730164,7.435018650983117,11.74953339474673,18.50725575291432,69.38544353333378,1234.4711239354765,797.8929644876804,0.0300005383868322,0.030001135541013
32.95081329345703,21.154334918181707,7.415906430285901,11.716126400831218,18.44864142581882,69.07786342907606,1234.657129181018,798.492158054619,0.0300005383868322,0.030001135541013
33.033973693847656,20.978115218380204,7.315100833243607,11.540127321291456,18.140349826113088,67.46838198930767,1235.6576431249928,801.629109920443,0.0300005383868322,0.030001135541013
33.03826904296875,20.9690637828968,7.309942351093557,11.53113011482399,18.12461277126713,67.38659885019604,1235.7022040098147,801.7885799322302,0.0300005383868322,0.030001135541013
33.04081726074219,20.96369634639501,7.306884296092027,11.525796807456292,18.115285323976916,67.33814274827833,1235.7276165446392,801.8830684352249,0.0300005383868322,0.030001135541013
33.30805969238281,20.41030297473856,6.995152477964467,10.98376425104351,17.17145095935409,62.501749009819946,1225.601968410182,811.3272951998715,5.758185577281651,0.030001135541013
33.4456901550293,20.13249478512088,6.841311615084703,10.717469184640258,16.71076884871036,60.18969288739882,1206.794700651907,815.8525055210927,19.46479179707798,0.030001135541013
33.52375793457031,19.977032923533564,6.755990228295979,10.570128079331218,16.45673111279456,58.92852737509956,1192.1073711224133,818.3240705681606,30.988665809968644,0.030001135541013
33.55226135253906,19.920649171216244,6.72518142141087,10.516986258052338,16.365257249001182,58.47681718627837,1186.0935726601003,819.2098867003617,35.81960356723126,0.030001135541013
33.55702209472656,19.911251324869305,6.720053395610676,10.508144062453136,16.35004475713116,58.40182010555439,1185.0572011979157,819.3569884167448,36.657296214938405,0.030001135541013
33.59029006958008,19.845734834851772,6.684359692498664,10.446622236022437,16.24426161378834,57.88129576414637,1177.5700465849343,820.3782035516954,42.74852902463887,0.030001135541013
33.59526062011719,19.83596933664992,6.679047756346678,10.437470320257058,16.228534527587666,57.80405510241821,1176.4155698986212,820.5297781490544,43.69342515046939,0.030001135541013
33.62010192871094,19.787254757992045,6.652582192871509,10.391887159622726,16.150237031650413,57.42007834265087,1170.511911099665,821.2834234227798,48.546331370860166,0.030001135541013
33.634063720703125,19.759941369311665,6.637766984024871,10.36638065325875,16.106450401624002,57.20575750574387,1167.0987199510655,821.7041821114194,51.36681384426332,0.030001135541013
33.648372650146484,19.731998216249,6.622627697743639,10.340323889649916,16.061738099129023,56.98721140103845,1163.532257104532,822.1333130554192,54.324480289077385,0.030001135541013
33.67048645019531,19.68891114421338,6.599318281091129,10.300220961860171,15.992960195759697,56.65163957744795,1157.889143017707,822.7923857037503,59.02447558662757,0.030001135541013
33.71356964111328,19.605306652127105,6.554209984306556,10.22266727602784,15.86008008509378,56.005382540938754,1146.4637546738124,824.0621854252491,68.60679742568355,0.030001135541013
33.77629852294922,19.48437510016246,6.489242947205832,10.111096567622148,15.669211498758754,55.08188421074915,1128.9090734925417,825.8779745298594,83.47216483449265,0.030001135541013
33.78795623779297,19.46200414451165,6.477261463381593,10.090535807835057,15.63407586614837,54.91250018964512,1125.5381793112492,826.2111825972798,86.3433186820144,0.030001135541013
33.801815032958984,19.435451355715912,6.463055020320439,10.066163268299714,15.592441897485111,54.71203753580538,1121.4900521340144,826.6055946706995,89.79759703138885,0.030001135541013
33.88678741455078,19.273639420174483,6.37682539250679,9.918378722101616,15.340358378980806,53.504041866274406,1095.799592834799,828.9839090466024,111.8589438676744,0.030001135541013
33.89973831176758,19.24912611990577,6.363813735434747,9.896101517786391,15.302412847918443,53.32306364861323,1091.7670793535092,829.3404585761689,115.34100848833496,0.030001135541013
33.9539794921875,19.14688338650004,6.309689083929811,9.803499319267136,15.144831197591005,52.57390727194642,1074.5954967183848,830.8170706109647,130.21801299877967,0.030001135541013
33.969173431396484,19.11836560484512,6.294634604398378,9.77776083378896,15.101075080411304,52.36657823476058,1069.711550887068,831.2259198447916,134.4627917066393,0.030001135541013
33.97703552246094,19.10363002262833,6.286862846078645,9.764476754088903,15.078499232599484,52.259724815123946,1067.172897329964,831.4366667702054,136.67139499329042,0.030001135541013
34.1170654296875,18.843548266310204,6.1505005879190495,9.53173673373862,14.683778204031167,50.40446410272381,1020.9211290471492,835.0995908682797,177.1384223022664,0.030001135541013
34.128746032714844,18.82205470211981,6.139299720327592,9.512648280819043,14.651473288198074,50.25371339382437,1016.99559231958,835.3975499741182,180.5906247695524,0.030001135541013
34.143104553222656,18.79567549742373,6.125566993599167,9.489251181083237,14.611890650660166,50.06922690837212,1012.1601718811636,835.7622566512073,184.8463729504844,0.030001135541013
34.1705322265625,18.74541438973595,6.099444784310743,9.44476401825704,14.536671557818046,49.71933247277843,1002.8970743612848,836.4541641787208,193.0090733681741,0.030001135541013
34.24950408935547,18.60163638417006,6.025031491597746,9.31816966629153,14.322934312774125,48.72999867578056,976.092733802835,838.4120711485848,216.6988882058224,0.030001135541013
34.28788757324219,18.5322533370604,5.989288027160788,9.257430579276267,14.220548437805723,48.258656613008576,963.0294287247774,839.3456781739633,228.27918481922256,0.030001135541013
34.3197021484375,18.47498996908373,5.959869363554052,9.207472842092589,14.136417412506464,47.872599303893615,952.2011545765852,840.1107605381048,237.89438853329037,0.030001135541013
34.33119201660156,18.454363734809117,5.949290743009659,9.189516221263588,14.106195060793253,47.73419189106515,948.2922735264182,840.3851437739202,241.36885925257687,0.030001135541013
34.35212326049805,18.41686253284664,5.930081888422516,9.156920726482678,14.051357567714614,47.483428934591714,941.1757443100454,840.8823862276781,247.69914768030023,0.030001135541013
34.39542007446289,18.33959230883052,5.890602492011477,9.089969524065328,13.938815628142162,46.97029805598842,926.4815600797364,841.9003803360538,260.78842098617054,0.030001135541013
34.43918228149414,18.26190325036948,5.851043661883549,9.022939567232584,13.826270698651872,46.45918101371832,911.6818872780998,842.915056003425,273.9960702198169,0.030001135541013
34.4515495300293,18.24002288439044,5.839926456047282,9.004112471372347,13.794683025923364,46.31609188645268,907.5115664304698,843.1992414015019,277.7220882823788,0.030001135541013
34.47222900390625,18.20350945419824,5.821398056185562,8.972744748413138,13.742077846476764,46.07814833566566,900.5519952579716,843.6719354857626,283.94432847057703,0.030001135541013
34.516963958740234,18.12483364657124,5.781575736735833,8.90537042794879,13.62918204958536,45.56900046455995,885.5625389562945,844.6839140619346,297.3630017462756,0.030001135541013
34.533260345458984,18.096278579725716,5.767156549617081,8.880988959545753,13.588360069603205,45.3854010562094,880.1269002113272,845.0490096036814,302.23476053867114,0.030001135541013
34.55997467041016,18.049590229129848,5.743619792471136,8.841207267263247,13.521790155391782,45.08657289019332,871.2479049789721,845.6434442119138,310.1991323923164,0.030001135541013
34.6461067199707,17.900078795492597,5.668575323428739,8.714501651330096,13.310064485691209,44.14090140812604,842.9189123808238,847.5262744392506,335.6625333512925,0.030001135541013
34.70854187011719,17.79266663078727,5.614968623469168,8.624118263615362,13.159315166449826,43.471998457082016,822.7053080440334,848.8596495887107,353.87937022809524,0.030001135541013
34.71488571166992,17.78179793553328,5.6095584581019295,8.615002628020573,13.144124212438513,43.40479747832592,820.6679300268203,848.9936811941534,355.7176705500186,0.030001135541013
34.72969436645508,17.756458907055567,5.596955518630866,8.593772070552383,13.108753177462448,43.248470208009714,815.9242873517604,849.3055276793068,359.9993372841087,0.030001135541013
34.78143310546875,17.668281256942223,5.553209890682596,8.520124686643776,12.986154271323828,42.70819438641015,799.489873584499,850.3838697779345,374.849800796267,0.030001135541013
34.82878494262695,17.588057642246536,5.513560098911028,8.453435413204357,12.875273252394717,42.22165090047401,784.6461834651268,851.3557571868155,388.284841694481,0.030001135541013
34.85752487182617,17.539587653209836,5.48967299423998,8.413287527201227,12.808582293332188,41.92997588956376,775.7324895175683,851.9387556014904,396.3626207269318,0.030001135541013
34.925235748291016,17.42604943002505,5.4339204325744905,8.3196663818132,12.653252083800052,41.253425199680585,755.0279282383327,853.2921253140302,415.1543706845743,0.030001135541013
34.9305305480957,17.41720967071309,5.429591630232876,8.312402269618033,12.641210663840832,41.20114155741919,753.4267938267144,853.3967773804603,416.6092608058549,0.030001135541013
34.956825256347656,17.373392765078613,5.408160016151115,8.276448432591607,12.581634791423628,40.94281006068123,745.5145290749138,853.9139965307203,423.8023727899808,0.030001135541013
35.09343338012695,17.1479463560932,5.298557664028925,8.09285247371646,12.278000750005711,39.63519447285938,705.483856933008,856.5356383854008,460.28501736703294,0.030001135541013
35.10350036621094,17.131477089328015,5.290594923400601,8.079531643624378,12.256008643627112,39.54106954046559,702.6067085176855,856.7245882857646,462.91299427438287,0.030001135541013
35.17144012451172,17.020842550843895,5.2372585793355455,7.990368177089127,12.108935369291803,38.91364271552965,683.4554863727817,857.9849523727646,480.42574622946046,0.030001135541013
35.22222137451172,16.938728948628437,5.197846462278819,7.924550488099761,12.000519178153697,38.45340109532191,669.4455912954068,858.910431931331,493.2592880324479,0.030001135541013
35.29716491699219,16.81844158722071,5.140379512260546,7.828685277305747,11.84283960742671,37.78746519622263,649.2486077362989,860.2510040075547,511.7938294985192,0.030001135541013
35.312034606933594,16.7947012952586,5.129075187738847,7.809842358376434,11.811878622841668,37.65718563799586,645.3093037050406,860.513473394658,515.4135190261675,0.030001135541013
35.34771728515625,16.737901485934522,5.102078760450625,7.764863726464721,11.738014807777974,37.347012622199465,635.948053217992,861.1386461033212,524.0213628160536,0.030001135541013
35.34854888916016,16.736580581788818,5.101451789134829,7.763819460704026,11.736300639712848,37.33982497198874,635.731429940234,861.1531379419627,524.2206541957567,0.030001135541013
35.353729248046875,16.728355104125164,5.097548402756668,7.75731842755854,11.725629889393003,37.29509246096488,634.3835904883299,861.2433330657913,525.4607580238601,0.030001135541013
35.37993240356445,16.686825986356425,5.0778635249771975,7.724542369431457,11.671851293325483,37.0699300737023,627.6077970372777,861.6974592433954,531.6976739456669,0.030001135541013
35.40465545654297,16.647759851297774,5.059380431687773,7.693781310328196,11.621407598393954,36.85916157982884,621.278678956855,862.1227469833293,537.5275613274837,0.030001135541013
35.444942474365234,16.58434309531974,5.02944786682812,7.643992792191901,11.539820602153789,36.5191519940848,611.0978520904191,862.8092146283147,546.9137486079801,0.030001135541013
35.451175689697266,16.574558044499057,5.024837146447602,7.636326683695837,11.527264753483363,36.4669235324088,609.5373274096594,862.9147061239003,548.3533915065966,0.030001135541013
35.52000427246094,16.466983952566785,4.974284492075421,7.552330181040957,11.389805793361305,35.89683853525226,592.5655433693614,864.0669444255425,564.0264493782016,0.030001135541013
35.530548095703125,16.450581317917667,4.966598325394905,7.539568174958683,11.368938996089422,35.81057012079018,590.0075710913619,864.241432670203,566.3912280501497,0.030001135541013
35.59233856201172,16.354861501085104,4.921862175482683,7.465334561886225,11.247658113655334,35.3105811542333,575.2391885468039,865.2533827720819,580.0574144563168,0.030001135541013
35.6041145324707,16.336697577501187,4.913395476066076,7.451294282067121,11.22473772486305,35.21636237290352,572.4674958740961,865.4442041623752,582.624774953785,0.030001135541013
35.61676788330078,16.31720820386392,4.904318839685942,7.436245713382398,11.200177883000972,35.11550089721851,569.5045000565618,865.6485245665933,585.3702243672857,0.030001135541013
35.621063232421875,16.310598834467218,4.901242577262591,7.431146157337194,11.19185672451974,35.08135062181032,568.5022453410307,865.717715292763,586.2991008273889,0.030001135541013
35.6453971862793,16.273217978744963,4.883862009300288,7.402341132608646,11.144868833667664,34.888725548387995,562.8583853441867,866.1080888835982,591.5317294799625,0.030001135541013
35.69047927856445,16.204244780164966,4.851871846176644,7.349354153198234,11.058498988853197,34.535609096801565,552.5546796160526,866.824168614712,601.0933708960849,0.030001135541013
35.69578552246094,16.196150293824385,4.848124352012112,7.343149641494081,11.048390983540736,34.49436388500723,551.3548561134697,866.9078479187181,602.2075195486879,0.030001135541013
35.73118209838867,16.14228185006083,4.823221263595206,7.301933419895466,10.981273119137812,34.22091873528951,543.4203974490656,867.4628277341018,609.5792993654061,0.030001135541013
35.742919921875,16.124467504491733,4.814999681155898,7.2883315227234355,10.95913450165438,34.1308869487365,540.8157359777172,867.6456343922149,612.0007295699319,0.030001135541013
35.74974822998047,16.11411543685861,4.81022520048673,7.280433892365412,10.94628256292252,34.078659093626726,539.306550878623,867.751699624974,613.404083822048,0.030001135541013
35.82199478149414,16.005087372701,4.760082002444899,7.197545685666673,10.811508401093992,33.532605210014374,523.6086167416433,868.8614457777967,628.0159668204094,0.030001135541013
35.85136032104492,15.961032293972265,4.739893200578328,7.164202620768349,10.757350718333706,33.31402488916349,517.367550332654,869.306089152881,633.8328051428791,0.030001135541013
35.898780822753906,15.890206849276698,4.707524070755749,7.110778344619698,10.670644240338168,32.96508906802797,507.457098478532,870.0164146677598,643.0785650174173,0.030001135541013
35.919246673583984,15.859759671720472,4.693641983233395,7.087879913245022,10.63350662639294,32.81601558464392,503.243330488467,870.320075440191,647.0130781598095,0.030001135541013
36.2237434387207,15.415151182641376,4.493208882060439,6.758134549807949,10.100441272961165,30.701511369409683,444.8837066863625,874.6403711132816,701.718994770251,0.030001135541013
36.25603103637695,15.368912985338495,4.4726093671336375,6.724336644252174,10.045989380983375,30.48817456121752,439.1519221724278,875.0776749508898,707.1142633477024,0.030001135541013
36.47415542602539,15.060978180728236,4.336584659730871,6.5016120606252885,9.688014766571824,29.0979853315794,402.5641940420958,877.9341892485943,741.6540198565569,0.030001135541013
36.52775955200195,14.986468345513448,4.303976584573904,6.448335802747897,9.60260578290136,28.769466615726323,394.11870501180897,878.6110263845401,749.6522570324992,0.030001135541013
36.53521347045898,14.976143337163869,4.299467294191095,6.440972020844086,9.590807307166791,28.72418079796585,392.9607156022586,878.7043835370494,750.7496931309197,0.030001135541013
36.53593826293945,14.975139839773428,4.299029150382967,6.440256567519997,9.589661075728946,28.719782486850395,392.8483285225755,878.7134514213637,750.8562132650454,0.030001135541013
36.55500793457031,14.948766918258883,4.287521998116358,6.421469314000566,9.55956725050891,28.604385775743467,389.9047921330703,878.9514080927213,753.646718632395,0.030001135541013
36.61655807495117,14.864032649155227,4.25065075277252,6.361309271597089,9.463273375040636,28.236158889716407,380.5785386507917,879.7113203327804,762.4962134724575,0.030001135541013
36.682838439941406,14.77344567355424,4.211400925322213,6.297334322380678,9.360995488397124,27.84673461413578,370.82706772937286,880.5159898894543,771.7626083014377,0.030001135541013
36.70773696899414,14.73959155912238,4.19677711463799,6.273515923241279,9.32294773473317,27.702313803325566,367.2402477874434,880.8146762157753,775.1745258746653,0.030001135541013
36.71738815307617,14.72649463250132,4.191126249926289,6.264314540516592,9.308254013475466,27.6466045075638,365.8609710218975,880.9299317904276,776.4870563290938,0.030001135541013
36.71943664550781,14.72371661572553,4.189928108562622,6.262363763060474,9.305139128099604,27.6347994496211,365.5690052279743,880.9543578082989,776.7649297973616,0.030001135541013
36.80986404418945,14.601724110867735,4.137475293181761,6.177023352182131,9.168985253205152,27.120374635281745,352.952016289716,882.019735044189,788.7853030228748,0.030001135541013
36.81730270385742,14.591744145924585,4.133198200014869,6.170069940245628,9.157901297781192,27.078633025917863,351.93739803881795,882.1062665128907,789.7530079426233,0.030001135541013
36.82698822021485,14.578762236362516,4.127637760068554,6.161031262971505,9.143495600036657,27.024412733298192,350.6215280810466,882.218685656472,791.0082750233903,0.030001135541013
36.84620666503906,14.553044786830371,4.11663297974224,6.143146706909927,9.11499862486539,26.917257991913832,348.0278881045267,882.4409214699429,793.4832600227351,0.030001135541013
36.91741943359375,14.458233918122904,4.076183453928953,6.07745517626131,9.010409209189778,26.52515188491513,338.615611998478,883.254873110958,802.4739351152425,0.030001135541013
36.9316291809082,14.43940605078465,4.068173570893289,6.064455310957998,8.989727414137985,26.44783232354966,336.7742702580938,883.4155134761385,804.2344722356913,0.030001135541013
37.11985397338867,14.192820778394122,3.963961399455144,5.895581601591321,8.721532508699323,25.451653810967017,313.4899848160487,885.489354031341,826.5460998158758,0.030001135541013
37.19844818115234,14.091385387383752,3.921464771057675,5.82685503684002,8.612636172465905,25.05061935694982,304.3501334740262,886.3264810012487,835.3300943957124,0.030001135541013
37.22819519042969,14.053224769794069,3.9055332571036754,5.801111426477944,8.571882602202264,24.901049887822676,300.97619430748057,886.639039995687,838.5765388265177,0.030001135541013
37.26881408691406,14.001321164935938,3.883913131058179,5.766194531640771,8.516639527332579,24.69874957524064,296.443092792294,887.0620954031826,842.9417043734329,0.030001135541013
37.33396911621094,13.91855401789826,3.849553918436944,5.710747408006672,8.428991319255637,24.378837385670398,289.3461800576049,887.7318228226568,849.7836080093448,0.030001135541013
37.39311599731445,13.843936296605134,3.8187009443249873,5.661004523317554,8.350441869325955,24.093228838358883,283.0848986216005,888.3304917447331,855.8281339551112,0.030001135541013
37.4354362487793,13.790846624055202,3.796820116346029,5.625754067028122,8.294824182081221,23.891625361581603,278.7078925330061,888.7535117876612,860.0583215658214,0.030001135541013
37.508636474609375,13.699604070181463,3.7593530558336137,5.565445760243959,8.19975828034979,23.54823569052892,271.3342679269569,889.4748917214081,867.1936256790789,0.030001135541013
37.56002426147461,13.63599030796736,3.7333339274522057,5.523604244045286,8.133866747338852,23.311121061369896,266.3031262854858,889.9736488974279,872.0688344726349,0.030001135541013
37.62394714355469,13.5573618888875,3.7012904498320527,5.472117958678527,8.052860729971622,23.02061887739902,260.2068896861791,890.5854230202037,877.9836214341398,0.030001135541013
37.63791275024414,13.540257191994664,3.6943368058950634,5.460951668076662,8.035302727232487,22.95779878694445,258.8984360621098,890.7178226512705,879.2542245382749,0.030001135541013
37.65190887451172,13.523141590445846,3.687384833594265,5.449790270641423,8.017756216680901,22.895072115400996,257.5954251408,890.8500633465983,880.519933015184,0.030001135541013
37.661895751953125,13.510944958414466,3.682434551945781,5.441843910041065,8.005266480187071,22.850454238479216,256.67071626459534,890.9441499283648,881.4184074909837,0.030001135541013
37.72654342651367,13.432316158903394,3.650596583319935,5.390762737692121,7.925025801848564,22.56443614887521,250.78507762957528,891.5477446816298,887.1417725374196,0.030001135541013
37.730499267578125,13.427522903676966,3.648659939182681,5.387657094027386,7.920149850015324,22.54709099260805,250.4304966081664,891.5843749932826,887.4868407005263,0.030001135541013
37.805660247802734,13.336845765564108,3.612113762251752,5.329084070217948,7.828243229089471,22.22090512828801,243.81255349385208,892.2737881135795,893.9328686942368,0.030001135541013
37.9369010925293,13.18029284528919,3.549420781465511,5.228750039836354,7.671057085264371,21.6663496478848,232.78083785311375,893.4483519202329,904.702697682918,0.030001135541013
37.9392204284668,13.177546352688546,3.548325486495308,5.226998767116873,7.668316281972079,21.656717051592928,232.59167029607784,893.4687821243285,904.88765412283,0.030001135541013
38.02699661254883,13.074113904801406,3.507190236129956,5.16127139562035,7.565517811500321,21.29634619479725,225.57500308343867,894.2338115523819,911.7550605862784,0.030001135541013
38.06161117553711,13.033596947234765,3.4911370092968865,5.135642574324317,7.525472602551535,21.15644303732313,222.882731063154,894.5311862249627,914.3937337335958,0.030001135541013
38.08260345458984,13.009099520565982,3.4814475581503634,5.12017927477013,7.501320911026069,21.07219712524243,221.2700925345932,894.7103601527963,915.9752691791545,0.030001135541013
38.09886169433594,12.990165106036605,3.4739669861914613,5.108244182917277,7.482685038734978,21.007258524546675,220.0314359054688,894.8485247620532,917.190552476784,0.030001135541013
38.14046478271485,12.941866233377365,3.454919141113927,5.077865701066452,7.435271321148164,20.842303836786304,216.90229499287148,895.19969499964,920.2626766098036,0.030001135541013
38.17937469482422,12.8968914973378,3.437225835302649,5.049663134419333,7.391279131368185,20.689594580085483,214.02752012218536,895.52506797344,923.0876805588566,0.030001135541013
38.21198272705078,12.859346995055262,3.4224875097858307,5.026182872570008,7.354671433883254,20.56277074298656,211.65618932809048,895.7954885835575,925.419879677034,0.030001135541013
38.216827392578125,12.85378025425482,3.4203047273585137,5.0227062985243816,7.349252585331773,20.54401707107224,211.3067813845888,895.8354916637323,925.7636708313336,0.030001135541013
38.23070907592773,12.837845817685018,3.4140601913832933,5.0127617246541165,7.3337542762117565,20.490407709305863,210.3097335506353,895.9498666015727,926.7449036638476,0.030001135541013
38.2340202331543,12.834048566471822,3.4125728537514064,5.010393410873086,7.330063757373939,20.47764808072468,210.07281173562652,895.9770939184939,926.9781139840582,0.030001135541013
38.24045944213867,12.826667948047987,3.4096828068157965,5.005791895628957,7.322893703054621,20.45286494307049,209.6130596577293,896.0299832608712,927.43071502114,0.030001135541013
38.24431991577149,12.822245541877948,3.407951663899925,5.003035757115079,7.318599426190951,20.43802609308285,209.33805178361288,896.0616540867665,927.7014777727622,0.030001135541013
38.311553955078125,12.74552192445734,3.3779828186304304,4.955345932615238,7.244331164277804,20.181888386634185,204.62274578466787,896.6087353410996,932.3478250993332,0.030001135541013
38.35980987548828,12.690799159072576,3.3566824499277086,4.921476615126676,7.19162805961288,20.000694909038764,201.3232811362786,896.9962110298668,935.6034397485388,0.030001135541013
38.38602066040039,12.66119534450129,3.345185220864185,4.903204326162861,7.163209712639775,19.903189067537188,199.560163029529,897.2048844582463,937.3446538167476,0.030001135541013
38.44296646118164,12.597166245991538,3.3203797093298606,4.863804065210253,7.101966923340847,19.693527655023075,195.7984982295132,897.6539680320568,941.0632360851214,0.030001135541013
38.51931381225586,12.511937437754566,3.287492178633544,4.811613873626195,7.020917497864729,19.417046165386864,190.89944132306937,898.246998903144,945.913873463799,0.030001135541013
38.5235481262207,12.507231043094237,3.2856804844550265,4.808740341795713,7.016457479284277,19.40186453277424,190.63245993869023,898.2795896120974,946.17847301166,0.030001135541013
38.56870651245117,12.457171031104654,3.2664385724345504,4.778231332330593,6.969119275972181,19.2409376170512,187.81539628665803,898.6252318833498,948.9720635127204,0.030001135541013
38.57953643798828,12.445201660750865,3.2618457078312746,4.770951666156832,6.957828078205758,19.202609324011203,187.14794909522183,898.7076017363756,949.6343986814304,0.030001135541013
38.5816650390625,12.442850739729185,3.2609439736364827,4.769522543675912,6.955611611636453,19.195087982655792,187.01713056645505,898.7237677459868,949.7642357072932,0.030001135541013
38.61116409301758,12.410325905768472,3.2484801527702096,4.749773289523041,6.924988846510056,19.09125817900751,185.21651540973505,898.9470073557974,951.5520268682924,0.030001135541013
38.65073013305664,12.366863214674416,3.231858569987933,4.723448210197719,6.884189281676031,18.953169985884493,182.83708577663705,899.2441163841346,953.9164989810058,0.030001135541013
38.65451049804688,12.3627202223717,3.2302761862725484,4.720942745102314,6.880307331121665,18.94004614013105,182.6118549659808,899.272366089772,954.140432975001,0.030001135541013
38.70293045043945,12.309803687007108,3.2100967617060125,4.689002049500751,6.830835993459704,18.773020499860746,179.75914557254404,899.6320900318374,956.9785319003934,0.030001135541013
38.76764678955078,12.23950465097688,3.1833781398755794,4.646742926839126,6.765430934706356,18.552837186758737,176.03755554433636,900.1068530183794,960.686236588466,0.030001135541013
38.7941780090332,12.21082525312394,3.1725069853129484,4.6295590706198,6.738851512132445,18.46356701019659,174.54132525347478,900.2995208079312,962.178582636146,0.030001135541013
38.8016471862793,12.202765975582745,3.169455090031785,4.624736126324259,6.731393263251086,18.438538814896702,174.12314271076605,900.353557099975,962.5958572071614,0.030001135541013
38.80825805664063,12.195638190122366,3.166757030214608,4.6204727558591605,6.724800987095392,18.416424458494703,173.75412249990148,900.4013093148196,962.9641411746502,0.030001135541013
38.84151458740234,12.159857476502994,3.1532289700572,4.599101557820178,6.691764407674964,18.30571179509251,171.91339068530388,900.6404731576622,964.802119108451,0.030001135541013
38.864295959472656,12.135420374333066,3.144005021586182,4.584534646247114,6.66925453373868,18.230383478774957,170.66737252295582,900.8032929098432,966.0471527328822,0.030001135541013
38.874122619628906,12.124897902184944,3.140037044587808,4.578269455622356,6.659575108268468,18.198018593932986,170.1336114408789,900.8732721880272,966.5807122204452,0.030001135541013
38.911956787109375,12.08448793724543,3.124819470900126,4.554249439980372,6.622477318569119,18.07412220509868,168.09915391129067,901.141292510544,968.6156294818454,0.030001135541013
38.9350814819336,12.059869049178616,3.115564702524373,4.539647715459933,6.599934207576171,17.998949377151774,166.87159128760288,901.3040144299885,969.8444241993456,0.030001135541013
38.96160125732422,12.0317105075465,3.104994464233647,4.522976113580267,6.574203600059542,17.913252935567698,165.4784609943096,901.489612253186,971.2398387688056,0.030001135541013
38.9799690246582,12.01225427975269,3.0977004049257078,4.511475050246041,6.55645859226103,17.854218328737133,164.52264779181937,901.6175274674584,972.197771558418,0.030001135541013
39.00970077514648,11.980841191892347,3.085940298128678,4.492937353857844,6.527865754457971,17.759208260835337,162.99103500137272,901.8234960771013,973.7337321523946,0.030001135541013
39.04839324951172,11.940108923419896,3.0707215685924067,4.468957978308126,6.490895865614687,17.63657072662375,161.02620474692554,902.0895456990024,975.7058856407028,0.030001135541013
39.07594299316406,11.911208781150716,3.059944011264495,4.4519836866015625,6.464737002599271,17.54993843289543,159.64647352285607,902.277615345056,977.09195475968,0.030001135541013
39.07619857788086,11.910941065120966,3.059844252452488,4.451826599633031,6.464494958234997,17.549137390859002,159.63374767043035,902.2793548344248,977.1047437215616,0.030001135541013
39.08778381347656,11.898813547888212,3.0553267024115875,4.444713510769114,6.453535711333219,17.512878539419976,159.0583287869804,902.358101651526,977.6831057548924,0.030001135541013
39.11726760864258,11.86801678276688,3.043868254531768,4.426676484290056,6.425752919076185,17.42105109532612,157.60639631878132,902.5576166805322,979.1432500080024,0.030001135541013
39.12226867675781,11.862802548527307,3.041930112231889,4.423626342152348,6.421055679223068,17.405539009211203,157.36188200076424,902.5913322085548,979.3892589543852,0.030001135541013
39.12773513793945,11.857106259729544,3.0398134342772867,4.420295443212107,6.415926369450826,17.388604485171783,157.09519488226806,902.628143485708,979.6576132476926,0.030001135541013
39.1964225769043,11.785812347188337,3.0133776260403464,4.378714534133323,6.351923646293536,17.177678858139355,153.79529529606515,903.0869956675544,982.9813881246846,0.030001135541013
39.21645736694336,11.765114924042011,3.005722530460471,4.366680645317446,6.333410923665521,17.11679885822693,152.85033695770497,903.2195574616788,983.934310830282,0.030001135541013
39.222164154052734,11.759227413294218,3.003546578171389,4.363260599860677,6.328150408684293,17.09951025713305,152.58260024257004,903.2572123296256,984.2043971126398,0.030001135541013
39.25091171264648,11.729623358418172,2.9926158923975583,4.346084645780936,6.301736419181856,17.01277284933453,151.24344357305705,903.446194947712,985.555928958106,0.030001135541013
39.26105499267578,11.7191993393457,2.9887712892964173,4.340044963930103,6.29245057785774,16.982308378348527,150.7747116248411,903.5125974036152,986.0292400803164,0.030001135541013
39.3809814453125,11.596796630146262,2.9437917894124253,4.269442755795263,6.183987462640144,16.627567095277115,145.378295389718,904.2868558957148,991.4879203489256,0.030001135541013
39.38204574584961,11.59571727076965,2.943396516725032,4.268822785362074,6.18303571444289,16.62446328449712,145.33158027665763,904.2936388027954,991.5352531776708,0.030001135541013
39.412376403808594,11.565008281526698,2.93216056730818,4.251203130382001,6.155991861736876,16.536333885872665,144.0087682637947,904.4862955262556,992.8761348325702,0.030001135541013
39.42952346801758,11.54769068813884,2.925832763357502,4.241283210281362,6.14077045869406,16.4867867277658,143.26813033955602,904.5946635718512,993.6273822449376,0.030001135541013
39.43111801147461,11.546081878626676,2.925245219267812,4.24036225116149,6.139357453094497,16.482189276056573,143.1995189019413,904.6047209302158,993.6969945907636,0.030001135541013
39.4475212097168,11.529547566746317,2.9192099010335584,4.230903073758014,6.124846121862593,16.43499389469481,142.49628226866162,904.7079846099588,994.4106679058513,0.030001135541013
39.44830322265625,11.52876001711696,2.91892256750345,4.230452786325063,6.124155408972593,16.43274838473574,142.46287272708506,904.7128986853792,994.4445813685747,0.030001135541013
39.47703170776367,11.499873045590736,2.908392124890647,4.213953127336941,6.098850684056749,16.35053840913501,141.2428376797188,904.8928621909038,995.6835258310324,0.030001135541013
39.58468627929688,11.39239689642634,2.869362794280996,4.152850221740636,6.005218007324665,16.047291716140137,136.79495644537445,905.5576174003849,1000.208939318706,0.030001135541013
39.59031677246094,11.386809097563912,2.867340004029248,4.149685686105037,6.000371996932474,16.031638084677454,136.56758979070185,905.59197246119,1000.440642002206,0.030001135541013
39.65411758422852,11.323722680132676,2.8445465280965045,4.11404148501225,5.945812481916276,15.855672939462892,134.02676273871205,905.9784410638864,1003.0324779608184,0.030001135541013
39.65536880493164,11.322489691341769,2.844101831272952,4.113346381154718,5.944748924298384,15.852247777901365,133.9775792140091,905.9859687796322,1003.0826957747172,0.030001135541013
39.67663192749024,11.301561022746675,2.836558220352601,4.101556662333083,5.926712298946959,15.794190962766974,133.14550386912316,906.1135937867408,1003.9325434969644,0.030001135541013
39.68871307373047,11.289690675351627,2.8322836007932053,4.094877357535594,5.916495768752799,15.76133059086614,132.67587428224567,906.1858550949456,1004.4124343561068,0.030001135541013
39.704044342041016,11.274648554508568,2.826870960492633,4.086421192201074,5.90356339499822,15.71976100125621,132.08314691199286,906.2772948677964,1005.0183522459384,0.030001135541013
39.77159118652344,11.208661730111256,2.803181178397108,4.049430118365555,5.847018252645771,15.53833863056632,129.51426018195218,906.676708016561,1007.6475555985296,0.030001135541013
39.789772033691406,11.1909801445915,2.796848489084089,4.0395468957809175,5.831918308671639,15.489983196523548,128.8344824372566,906.7832608424444,1008.3441673832835,0.030001135541013
39.8160514831543,11.165481548337928,2.787727324345912,4.025315697648519,5.810180970438434,15.42044105980542,127.86048718286996,906.9365702748438,1009.3429334745032,0.030001135541013
39.85606002807617,11.126795975127225,2.773913892857752,4.00377320897628,5.777287764501343,15.315362759375876,126.396883115233,907.168380159365,1010.8452250208748,0.030001135541013
39.87360763549805,11.109879464663056,2.7678830953221283,3.994371414686658,5.762936766861144,15.269575689071974,125.76217899866992,907.2694492924994,1011.4972619541531,0.030001135541013
39.88032150268555,11.103415270658072,2.7655801248509424,3.990781672325903,5.757458095553318,15.252105377596004,125.5204895202395,907.30802271753,1011.7456410844036,0.030001135541013
39.88496017456055,11.098951744736915,2.763990406648915,3.9883039080217344,5.753676758294631,15.240050459138338,125.3538753878508,907.33464233008,1011.9168957768924,0.030001135541013
39.92128753662109,11.06407036944958,2.7515810171440025,3.9689674471045935,5.72417396638903,15.146079243213132,124.05946601545644,907.5422359586016,1013.2481678809964,0.030001135541013
39.94451522827149,11.041836156665504,2.7436840089469485,3.956666468454914,5.705411716589614,15.086396566821696,123.24140504329318,907.6741620064074,1014.0902758460768,0.030001135541013
39.94508743286133,11.041289102175863,2.743489835661832,3.95636405248516,5.704950512242926,15.084930245397144,123.22134590407514,907.6774040271551,1014.1109320056804,0.030001135541013
39.98429107666016,11.003886001601174,2.7302282028364258,3.935714594077073,5.673465778863898,14.984917006442114,121.85762294227727,907.8986236082158,1015.5160820482032,0.030001135541013
40.01242446899414,10.977138312225808,2.720761885928506,3.920980989291266,5.651009418413822,14.913687029604926,120.89172088539736,908.056286401902,1016.5123389538772,0.030001135541013
40.0216064453125,10.968425527750432,2.7176814027938154,3.916187577989551,5.64370505466579,14.890537026334329,120.57875243827182,908.1075476162353,1016.835325675539,0.030001135541013
40.02385330200195,10.966294745346842,2.716928275651624,3.915015756432023,5.641919523590333,14.884879403894743,120.50233763828908,908.1200767755928,1016.9142002387662,0.030001135541013
40.03286743164063,10.957751275327276,2.713909485867162,3.9103190538740815,5.6347634772186375,14.862210327456063,120.19643817995684,908.1702846655644,1017.2300004990824,0.030001135541013
40.056941986083984,10.934972868852784,2.7058680239493182,3.897810733532205,5.615708560449109,14.801890578916424,119.38466741881244,908.3039267739204,1018.0684671094024,0.030001135541013
40.0623893737793,10.92982665035656,2.7040527253461395,3.8949875314343214,5.611408476331528,14.788287012938218,119.20203270084966,908.334075453606,1018.25719298747,0.030001135541013
40.09266662597656,10.901276282318117,2.6939914736753194,3.879343335922316,5.587585145792722,14.712978024073644,118.19389576572468,908.501038529542,1019.2995214041732,0.030001135541013
40.10494613647461,10.889722707420212,2.68992463079942,3.873021320450724,5.577960331627942,14.682579967573748,117.7883687487002,908.5684615472526,1019.7190760371456,0.030001135541013
40.11264801025391,10.882483633615005,2.687377847701023,3.869062762976871,5.571934384052282,14.663556359260864,117.5349932686652,908.6106645610364,1019.9812966393654,0.030001135541013
40.114723205566406,10.88053412057964,2.686692166470608,3.867997054880523,5.570312183087605,14.65843622324302,117.46685199066276,908.6220244901592,1020.0518272833508,0.030001135541013
40.16754913330078,10.831048468723974,2.669312811058754,3.840994466513728,5.529221362939737,14.528893332531108,115.7504160159717,908.9096003164818,1021.8299511378405,0.030001135541013
40.16963195800781,10.82910288824668,2.6686305169747104,3.839934752175037,5.52760922987857,14.523816872548515,115.68345004758518,908.9208760568812,1021.8993829975634,0.030001135541013
40.19975280761719,10.801013507863075,2.65878828840064,3.824651199770901,5.504362990435274,14.450665922206031,114.720960003354,909.083411799758,1022.8978135156946,0.030001135541013
40.19977569580078,10.800992196567105,2.658780827117754,3.824639615622585,5.50434537416767,14.450610522240307,114.72023283245996,909.0835349321078,1022.8985681946684,0.030001135541013
40.210716247558594,10.790811186179669,2.65521740228597,3.819107554551728,5.495933139230717,14.4241615548603,114.3733714247178,909.1423272290248,1023.2586124882656,0.030001135541013
40.23329544067383,10.769835831866631,2.647882469681074,3.807722825090325,5.478624175656533,14.3697786561916,113.66207519087745,909.2632544991718,1023.9973287000092,0.030001135541013
40.29319381713867,10.714428772043131,2.628549530612547,3.777730590423019,5.433044939971403,14.22682247368614,111.80447114911316,909.5814060088112,1025.9290350283254,0.030001135541013
40.29463577270508,10.713099157049031,2.6280863573367568,3.77701229150055,5.431953719501491,14.223404314815218,111.76027072042916,909.5890179644376,1025.9750432612373,0.030001135541013
40.29868316650391,10.709368143513752,2.626786843562351,3.774997047921655,5.428892292475101,14.213815790959352,111.6363343821613,909.6103720541512,1026.104059798165,0.030001135541013
40.32654571533203,10.68372588550388,2.6178632962171022,3.761160966648415,5.407877144039949,14.14803990095844,110.78827898004673,909.756906572245,1026.9873224398311,0.030001135541013
40.36465835571289,10.64876929381236,2.6057197589662158,3.7423397343576994,5.379299644804095,14.058717990448384,109.64259666605284,909.956031255217,1028.1818175926765,0.030001135541013
40.37217712402344,10.641889333297026,2.6033326646960617,3.738640968587991,5.373684808726079,14.04118495985594,109.41851596933878,909.9951355362764,1028.4156155778437,0.030001135541013
40.38141250610352,10.63344590674873,2.6004043762741897,3.734104087325575,5.366798358070453,14.01968852240168,109.1441413667596,910.0430875986772,1028.701965034448,0.030001135541013
40.390621185302734,10.625034899430744,2.597488737864116,3.729587283580039,5.35994307851039,13.998297616115664,108.87150696032444,910.0908132492904,1028.9865822288698,0.030001135541013
40.39523315429688,10.620825415359866,2.596030081238635,3.72732774732548,5.356513962888041,13.98760065209218,108.73531805727433,910.114682744985,1029.1287884264802,0.030001135541013
40.40703582763672,10.610061829738846,2.592301915953985,3.721553190713244,5.347751129892881,13.960274810549729,108.387863636549,910.175668436658,1029.4916899458651,0.030001135541013
40.41555404663086,10.602301664013568,2.589615455718016,3.71739264506677,5.341438257594342,13.940597074664073,108.13805316219668,910.2195941259748,1029.7526915174426,0.030001135541013
40.4174919128418,10.600537200190438,2.589004789401291,3.716446966709612,5.340003439900549,13.936125574294303,108.08133342667378,910.2295766899292,1029.8119621535504,0.030001135541013
40.43304443359375,10.586389094071563,2.584110475467289,3.708868419024241,5.328506094041732,13.9003079053684,107.6276123869972,910.3095535899658,1030.2862219040917,0.030001135541013
40.433353424072266,10.58610823508385,2.5840133573742903,3.708718051537667,5.328277991878116,13.899597532204464,107.618624804247,910.3111400332114,1030.295618728931,0.030001135541013
40.44296646118164,10.577374844718374,2.5809942224648887,3.70404381663018,5.321187728890423,13.877521041866409,107.33952953115414,910.3604474654616,1030.587468963762,0.030001135541013
40.44356536865234,10.576831025521004,2.58080627403155,3.70375285201007,5.320746394983448,13.876147182302516,107.32217464066171,910.3635162845788,1030.6056199788388,0.030001135541013
40.449100494384766,10.571806626091467,2.579070070795572,3.7010651191296495,5.316669812207667,13.863458446466565,107.1619638761438,910.3918611747988,1030.7731966886658,0.030001135541013
40.46949005126953,10.553323057243682,2.5726873000132646,3.691185889445968,5.301687553214544,13.816849508880942,106.5746506994296,910.4960063065806,1031.3877693537356,0.030001135541013
40.47062301635742,10.552297134147354,2.5723332315666765,3.690637931104605,5.300856642065657,13.814265721071685,106.5421470055732,910.5017808963568,1031.4217935131585,0.030001135541013
40.48859024047852,10.53604340658963,2.566726533886942,3.681961931786825,5.287702091309188,13.773376076955271,106.0285158118636,910.5931847438088,1031.9596175347335,0.030001135541013
40.50777816772461,10.518718464473745,2.560756243739368,3.672725279722589,5.273700295460088,13.729885225591444,105.48377069563128,910.6904404574324,1032.530364652844,0.030001135541013
40.51654052734375,10.510818178757962,2.558035750471816,3.668517095110615,5.267322173080242,13.710085144675489,105.2362976847305,910.7347307076752,1032.7897680075812,0.030001135541013
40.53668975830078,10.49267822140585,2.551793897219776,3.658863609212149,5.252693057051731,13.66469741437335,104.67027495722613,910.8362867947864,1033.3833571248565,0.030001135541013
40.53986358642578,10.489824294970688,2.5508124707091846,3.657346001887676,5.250393473792308,13.65756625499449,104.58150250444449,910.8522467300324,1033.476488400885,0.030001135541013
40.54914474487305,10.481483951962332,2.5479452578200137,3.652912736969345,5.243676226411903,13.636740999975808,104.32250570512312,910.898860752396,1033.748257449124,0.030001135541013
40.55072021484375,10.4800689742616,2.547458957319608,3.6521608744582137,5.242537075788868,13.633210093161155,104.27862956834234,910.9067649842112,1033.7943054756838,0.030001135541013
40.56198120117188,10.469961791568204,2.5439864793293694,3.646792537896817,5.234404041144524,13.608007399365396,103.96576054635456,910.963190658258,1034.12273053941,0.030001135541013
40.5660514831543,10.466311421904177,2.542732845424408,3.644854636806535,5.231468330511579,13.598913032551971,103.85299462369942,910.9835549315007,1034.2411329605457,0.030001135541013
40.57502365112305,10.458270304155752,2.53997225572103,3.640587617123468,5.22500459148963,13.578894539192085,103.60502231234724,911.0283865297718,1034.501555538109,0.030001135541013
40.57612609863281,10.457282770607948,2.539633313980131,3.640063752753677,5.2242110714305605,13.576437468402004,103.57460964419164,911.0338897142776,1034.5335004502522,0.030001135541013
40.583927154541016,10.450298039621575,2.537236561997324,3.636359591203748,5.218600424600757,13.559067748223992,103.35975954655156,911.0727968415492,1034.7592080161828,0.030001135541013
40.59067916870117,10.444257070724236,2.5351644323236213,3.633157412474066,5.213750551140768,13.544057538893238,103.17430052214372,911.1064237935402,1034.9540857744555,0.030001135541013
40.59312438964844,10.442070380669982,2.534414547570192,3.631998643110429,5.2119956195042985,13.53862706696131,103.10725108962924,911.118590682293,1035.0245510396833,0.030001135541013
40.59877395629883,10.437020229573234,2.5326830524368606,3.6293231554374143,5.207943850420199,13.526091226649449,102.95256779423968,911.1466793448768,1035.1871362949205,0.030001135541013
40.60243225097656,10.433751642007037,2.5315626560803763,3.627592016889829,5.205322330638696,13.517981997747238,102.85257673623396,911.164851121576,1035.2922514584843,0.030001135541013
40.628849029541016,10.410185294885451,2.5234909980367908,3.6151226619936736,5.186442058660607,13.459615273264257,102.13452325717031,911.2956838998888,1036.0474755650844,0.030001135541013
40.63683319091797,10.40307515567159,2.521057917664581,3.611364696856159,5.180752952677883,13.442040272536556,101.91887086407436,911.3350932971116,1036.274420265554,0.030001135541013
40.64075469970703,10.399585064203997,2.519863979604686,3.6095207468752566,5.177961601110077,13.4334192606196,101.81318247984676,911.3544270767133,1036.3856647393973,0.030001135541013
40.6453742980957,10.3954754741593,2.5184584237285272,3.607350078091507,5.174675806470335,13.423272965320526,101.68887520854074,911.3771835147564,1036.5165253760902,0.030001135541013
40.64881896972656,10.39241235878925,2.517411006810352,3.6057325653295256,5.172227436360096,13.415713818487522,101.59632090105652,911.3941387864802,1036.6139720570354,0.030001135541013
40.66833114624024,10.375081800321263,2.511488498348323,3.596587732082558,5.158386686628544,13.373001508476554,101.07425531003553,911.4899655127728,1037.1638425185963,0.030001135541013
40.67853546142578,10.366032140377625,2.5083982894874546,3.591817034551571,5.151167209739864,13.35073594708922,100.8027142361292,911.5399346412383,1037.4499867006105,0.030001135541013
40.69484329223633,10.35158913990042,2.5034699363568613,3.584209508641461,5.139656441703727,13.3152541915937,100.37085804532924,911.619585164166,1037.9052680635505,0.030001135541013
40.70491409301758,10.34268194160664,2.500432645946003,3.5795217843251272,5.13256443455152,13.293404819589794,100.10545221712606,911.6686462609993,1038.185193152329,0.030001135541013
40.71616744995117,10.33273965710895,2.497044299631806,3.5742928844512414,5.124654453317364,13.269045797305706,99.8100349106692,911.7233543341652,1038.4968822814008,0.030001135541013
40.71766662597656,10.331416009624547,2.496593352483301,3.5735970287198064,5.123601860355619,13.265805139107089,99.77077090353056,911.730633498714,1038.5383177966155,0.030001135541013
40.736209869384766,10.315060578412403,2.4910241527249672,3.565004405887835,5.110605275246702,13.225808047012368,99.28688811466787,911.820493451089,1039.049132603354,0.030001135541013
40.73737716674805,10.314032037249133,2.490674099905293,3.564464380143737,5.109788551618886,13.223295588900644,99.2565370461574,911.8261392773989,1039.0811835285538,0.030001135541013
40.74093627929688,10.31089674989447,2.4896071677329035,3.562818506311066,5.107299378861214,13.21563895527254,99.16407573343456,911.8433455892856,1039.1788310143493,0.030001135541013
40.74648666381836,10.306009582421222,2.487944502475775,3.5602537159261907,5.103420652017753,13.20371022737624,99.020122744471,911.8701547898348,1039.3308815254825,0.030001135541013
40.74770736694336,10.304935112033276,2.48757902094079,3.559689952689782,5.1025681057082295,13.20108863823372,98.9885020050405,911.8760470851332,1039.3642847547276,0.030001135541013
40.75400161743164,10.29939699360552,2.4856955890625394,3.55678484600045,5.098175061388632,13.187581970936764,98.82568045395206,911.906407017618,1039.5363063468542,0.030001135541013
40.76984024047852,10.28547676660098,2.4809642233235616,3.549487904681928,5.087142055679731,13.153674948877615,98.41760827106026,911.9826393363286,1039.9675960659586,0.030001135541013
40.77287292480469,10.282813964527548,2.480059605840802,3.5480929124883,5.085033058800759,13.147195753733826,98.33974077654632,911.9972090749252,1040.0499199662224,0.030001135541013
40.78063583374024,10.276001604683216,2.4777459211126445,3.544525251976951,5.079639713453888,13.130629847813278,98.14081003572596,912.0344648326952,1040.260273769369,0.030001135541013
40.78527069091797,10.271936849018893,2.4763658392396004,3.542397344886552,5.076423126457973,13.120752272014949,98.0223052186684,912.0566816630718,1040.3856095252302,0.030001135541013
40.80458831787109,10.255016077181374,2.470624352436498,3.533545959429613,5.063044867982904,13.079689000202224,97.5305294092905,912.1490641628784,1040.9059421395689,0.030001135541013
40.82949447631836,10.233249236752286,2.4632469054459163,3.5221755566749424,5.04586275439345,13.026996940003512,96.90154263084328,912.2676628415676,1041.5719496597092,0.030001135541013
40.83053970336914,10.232336962028445,2.4629379176118986,3.521699405870348,5.045143318306608,13.024791775993368,96.87526991996434,912.2726275196482,1041.5997809431626,0.030001135541013
40.839637756347656,10.224400290066496,2.460250448526977,3.5175582562809007,5.038886606425419,13.005618010604843,96.6470009991322,912.3157995396364,1041.8416328976764,0.030001135541013
40.84066009521485,10.223508913572022,2.4599486932343906,3.517093305812695,5.038184164348285,13.003465808950342,96.6213975222343,912.320645983478,1041.8687645449245,0.030001135541013
40.84893035888672,10.21630148060808,2.4575093556161782,3.5133349302624834,5.032506352062883,12.98607270771558,96.4146240245939,912.3598163042296,1042.0879139991407,0.030001135541013
40.881649017333984,10.187846866652698,2.447889314507576,3.498516182690534,5.010123992297077,12.917563157287924,95.6026111889704,912.5141684139226,1042.9491258789908,0.030001135541013
40.89202880859375,10.178839553964954,2.4448474710811707,3.4938317044932585,5.003049927348402,12.89592888115763,95.34699806706992,912.562932151676,1043.2204253019956,0.030001135541013
40.8989143371582,10.17286970564785,2.442832284921997,3.490728628744312,4.9983643357450624,12.881603938049569,95.17796041815916,912.595226166086,1043.3998890943085,0.030001135541013
40.90032577514648,10.171646485937124,2.442419460238804,3.4900929763990787,4.997404545008697,12.87867013060302,95.14336167574304,912.6018406952372,1043.436627060811,0.030001135541013
40.90845489501953,10.164604820893544,2.4400435371217277,3.4864348360357766,4.991881237748039,12.861790111484147,94.94443274447828,912.63990177913,1043.6478900165416,0.030001135541013
40.91352081298828,10.160219521824342,2.4385643990489534,3.4841576256063025,4.988443173237094,12.851285578958176,94.82075732521412,912.6635905929892,1043.7792632111966,0.030001135541013
40.93049240112305,10.145544550265011,2.433617452597805,3.476542470035896,4.976947241290457,12.816176422649054,94.40806016441638,912.7427834018442,1044.2178122602495,0.030001135541013
40.93347930908203,10.142964453806972,2.43274813598605,3.475204444849653,4.974927535792878,12.810010505838704,94.33568719746762,912.7566941424814,1044.294745037987,0.030001135541013
40.93461227416992,10.141986000973166,2.4324184983639183,3.4746970889629845,4.974161713754256,12.807672732043256,94.30825563628608,912.7619685382772,1044.3239069614465,0.030001135541013
40.934844970703125,10.14178505319646,2.4323508020354776,3.4745928961876933,4.974004442296763,12.807192652785368,94.30262292262692,912.763051689312,1044.329895122346,0.030001135541013
40.93951034545898,10.137757215442582,2.43099405085808,3.472504752577695,4.970852614744032,12.797572457038338,94.18979064034708,912.7847577468348,1044.4498576400506,0.030001135541013
40.94209289550781,10.135528397602904,2.430243425217385,3.4713495414387303,4.969108993063442,12.792251224778004,94.1274125817121,912.7967649064288,1044.5161858141846,0.030001135541013
40.94301223754883,10.134735118818258,2.429976286833245,3.470938428454905,4.968488482701444,12.790357663838469,94.1052210141685,912.8010378026438,1044.5397840864184,0.030001135541013
40.94820785522461,10.130253331198327,2.4284672676715715,3.468616203607467,4.96498355262011,12.779663230885005,93.9799435781394,912.8251716737694,1044.6730167007229,0.030001135541013
40.95298004150391,10.12613887897227,2.42708227859644,3.46648497563755,4.961767041240827,12.76985074577953,93.86508098731778,912.8473174496136,1044.7951939842528,0.030001135541013
40.985572814941406,10.098091403202654,2.417649991777881,3.4519739960072124,4.939870323775025,12.70309928509337,93.08581532149483,912.998025476091,1045.6246156785055,0.030001135541013
40.99485778808594,10.090118223328478,2.4149714794189645,3.447854299558653,4.933654989272446,12.68416759605887,92.86547319974308,913.0407866152758,1045.8593088067855,0.030001135541013
40.99518203735352,10.089839919906805,2.414878008682348,3.4477105445027574,4.933438117773569,12.683507136362817,92.85779159435032,913.042278541383,1045.8674920735923,0.030001135541013
40.99919509887695,10.086396262216784,2.4137215668846213,3.4459319934800217,4.93075501880988,12.675336723583992,92.76279384818592,913.0607356440822,1045.9687013808405,0.030001135541013
41.003265380859375,10.082904932278222,2.4125493549016044,3.444129271568729,4.928035589571804,12.66705689039903,92.66658017505108,913.0794414174228,1046.071220394826,0.030001135541013
41.01520919799805,10.072668291872372,2.409113791328884,3.438846319462752,4.920066777211817,12.64280193026794,92.38505465668683,913.1342473964214,1046.371278497787,0.030001135541013
41.01990509033203,10.068646990764094,2.4077647489186647,3.436772088170564,4.916938212688036,12.633282533627364,92.27469590077106,913.1557608750138,1046.4889359337546,0.030001135541013
41.021183013916016,10.067552978906257,2.407397791311736,3.4362078888998644,4.916087261128785,12.630693599022509,92.24469514169624,913.1616121291388,1046.5209241226885,0.030001135541013
41.02150344848633,10.06727868170586,2.4073057891961973,3.4360664364612106,4.915873917894,12.630044544563695,92.23717470023485,913.1630790847734,1046.5289429845188,0.030001135541013
41.034576416015625,10.056095590664915,2.4035561378361576,3.430301828713133,4.907180066089626,12.60360211814942,91.93108754748664,913.222850726792,1046.8553916587148,0.030001135541013
41.03472137451172,10.05597167082553,2.40351460197874,3.4302379774705805,4.907083775687781,12.603309323558529,91.92770148701337,913.2235126617006,1046.8590037923173,0.030001135541013
41.06610870361328,10.029182616334989,2.3945425331178587,3.4164480532504315,4.886291111443474,12.540122095080449,91.19861546600684,913.3664077994664,1047.637191757744,0.030001135541013
41.06611633300781,10.029176115015348,2.3945403574540087,3.416444709890661,4.886286071002546,12.540106786886687,91.19843922942168,913.3664424292572,1047.637379965994,0.030001135541013
41.07080841064453,10.025178753347912,2.393202799429884,3.4143893294448744,4.8831874533428365,12.530696904879967,91.09014384376547,913.387730197863,1047.7530412330848,0.030001135541013
41.072208404541016,10.02398641192918,2.3928038906555185,3.41377636120119,4.882263391061178,12.527891041180608,91.05786614041992,913.3940782213048,1047.7875180009278,0.030001135541013
41.07248306274414,10.023752511890276,2.392725640528689,3.4136561222282342,4.882082129761209,12.527340669041248,91.05153560613697,913.3953234110504,1047.7942800280646,0.030001135541013
41.08616256713867,10.01211128557022,2.388832456336199,3.407674449212369,4.873065140059374,12.49996941796408,90.7370166992711,913.4572582771629,1048.1303180933337,0.030001135541013
41.11162567138672,9.990485092718265,2.381607087899201,3.3965756216277896,4.85633751015513,12.449229982904413,90.15560234407344,913.572114821984,1048.7519351403062,0.030001135541013
41.12164688110352,9.98198921213585,2.3787711376553853,3.392220191997198,4.849774369914828,12.429335394971451,89.92821048010998,913.6171649852564,1048.995200785046,0.030001135541013
41.12171173095703,9.9819342610836,2.378752799812319,3.3921920299531325,4.849731935159936,12.42920678820321,89.9267415819611,913.6174562368,1048.9967725007173,0.030001135541013
41.12582778930664,9.978447221722467,2.377589253183985,3.39040519451125,4.847039542980345,12.421047636206684,89.83357837596108,913.635934791401,1049.096464063165,0.030001135541013
41.14088821411133,9.965700707751305,2.373338089975667,3.3838774407339827,4.837204588348092,12.391253883149814,89.49384799374492,913.7034235884238,1049.4601226385955,0.030001135541013
41.14249801635742,9.96433938679001,2.3728842670117816,3.38318064087554,4.836154852260126,12.388074811911604,89.45764074992081,913.7106260096172,1049.4988913671657,0.030001135541013
41.14402389526367,9.963049239382336,2.3724542058413625,3.382520335046258,4.835160118282236,12.385062464766118,89.4233400046219,913.717450914869,1049.5356207353896,0.030001135541013
41.1589241027832,9.950461407597928,2.368259854085493,3.3760810523933777,4.8254602487128695,12.355697594336805,89.08935834094913,913.7839922111472,1049.8933522756108,0.030001135541013
41.16946029663086,9.941571771942886,2.365299637364029,3.371537162996587,4.818616305926922,12.33498852713343,88.85424686985786,913.8309311910182,1050.1452951593506,0.030001135541013
41.18788909912109,9.926045655697248,2.360133351240558,3.363608149431912,4.806675609084273,12.29887656633906,88.4450977171686,913.912806643692,1050.5839575884418,0.030001135541013
41.19049453735352,9.923852922717188,2.359404124959311,3.3624890713069693,4.804990512166262,12.293782386988449,88.38746566396097,913.9243590122225,1050.645769669588,0.030001135541013
41.1910285949707,9.923403531759762,2.359254684903811,3.362259743177206,4.804645197139843,12.292738534838572,88.37565885110425,913.9267262895722,1050.6584335239215,0.030001135541013
41.192752838134766,9.921952806151111,2.358772289004971,3.3615194763010416,4.803530538432509,12.289369185399684,88.33755477935782,913.9343675781664,1050.6993051430406,0.030001135541013
41.1932487487793,9.92153560909196,2.358633570001925,3.3613066059558423,4.803210011678364,12.288400350008995,88.32659990216274,913.9365648315992,1050.7110561453574,0.030001135541013
41.1949462890625,9.920107671841205,2.3581588025583398,3.360578063780479,4.802113029936005,12.285084712300996,88.28911490837262,913.944084636128,1050.7512668403988,0.030001135541013
41.20255279541016,9.913712229850672,2.35603290640618,3.3573160435057323,4.797201478240822,12.270242163917278,88.12142165775512,913.9777504364888,1050.9311832638766,0.030001135541013
41.20836639404297,9.90882754475098,2.354409758661796,3.3548256291277205,4.793451940585882,12.258914009587846,87.99355541461247,914.0034482857792,1051.0684020925569,0.030001135541013
41.21160507202149,9.906107593401057,2.3535061546549065,3.3534392767281807,4.791364742179377,12.252609218467786,87.92243548442211,914.0177519495498,1051.1447361433516,0.030001135541013
41.21703338623047,9.901550731254302,2.3519926202575707,3.351117262576275,4.787869003288837,12.242051435055153,87.80341249526612,914.0417065132804,1051.2725047312692,0.030001135541013
41.23323059082031,9.887968699892324,2.347483867218104,3.344200957645468,4.777457604896301,12.210620028857466,87.44960549872854,914.113036976888,1051.6524536080665,0.030001135541013
41.254337310791016,9.870303291842642,2.341625009482816,3.3352155300371846,4.763933767459548,12.16982096061389,86.99154564182136,914.2056611950056,1052.1446821184572,0.030001135541013
41.28644943237305,9.8434990355698,2.332746824861741,3.321603948497209,4.74345210850006,12.108092631081616,86.30106814899273,914.3458752671204,1052.8873634178888,0.030001135541013
41.29839324951172,9.833551555012267,2.329455606381252,3.31655934578256,4.73586289256458,12.085238603338148,86.04621006815599,914.3978104343032,1053.1617044876014,0.030001135541013
41.304954528808594,9.828092095643331,2.327650098322982,3.3137922782810034,4.731700413214376,12.072707989302394,85.90665365303585,914.4262910918064,1053.311978843301,0.030001135541013
41.30659103393555,9.826730969780192,2.327200047708805,3.3131025762365374,4.730662946120122,12.069585281987717,85.87189511564706,914.4333892174652,1053.3494122881243,0.030001135541013
41.30802154541016,9.825541357942814,2.326806737254953,3.312499838890803,4.729756308459994,12.066856512215992,85.8415279211211,914.4395920819712,1053.3821182277538,0.030001135541013
41.3133659362793,9.82109848194195,2.3253380753248662,3.310249241603566,4.726371076334599,12.056668998658049,85.72820915097643,914.4627512152356,1053.5041790035984,0.030001135541013
41.32174682617188,9.814136123022138,2.3230373377829654,3.306723834346104,4.721068686718583,12.0407160926704,85.55092846741974,914.4990217109736,1053.6951827791604,0.030001135541013
41.32998275756836,9.807299902787117,2.3207792410785872,3.30326403927278,4.715865455952333,12.02506616886697,85.3772142952403,914.534609210464,1053.882399291939,0.030001135541013
41.3376350402832,9.800953235075715,2.318683716489633,3.3000535679529723,4.711037521713845,12.010549340651597,85.21625339026386,914.5676254204484,1054.055920323897,0.030001135541013
41.34870147705078,9.791783580098008,2.3156574935734984,3.295417778744873,4.704066711506352,11.989596457976264,84.98422944440004,914.6152883124604,1054.3061329996904,0.030001135541013
41.35194778442383,9.789095626904356,2.314770710463498,3.29405947122858,4.702024337387049,11.98345910252254,84.9163339626327,914.6292513043078,1054.379369656083,0.030001135541013
41.35702133178711,9.784896483940772,2.313385667174319,3.2919380590589498,4.698834635245478,11.973875507674638,84.81037456607251,914.6510565721346,1054.4936815868543,0.030001135541013
41.37674331665039,9.768593877085909,2.3080116802095483,3.283708246015487,4.686461710063735,11.936717724976049,84.40024364068172,914.7356215136404,1054.9363379006295,0.030001135541013
41.37733459472656,9.76810561262032,2.307850809194531,3.283461922155568,4.68609140373766,11.935606052472414,84.3879906254275,914.7381520004692,1054.9495674444902,0.030001135541013
41.387168884277344,9.759988927808111,2.305177245513762,3.279368432250655,4.679937878572282,11.917136379215403,84.18456070369983,914.780198618274,1055.1692511534936,0.030001135541013
41.41996383666992,9.732979692719397,2.296290227766114,3.2657643980298703,4.659491908737053,11.855815934504683,83.5111221375254,914.9198554820006,1055.8970517142925,0.030001135541013
41.43896865844727,9.717368400892166,2.2911602661915715,3.257913659412825,4.647695517922908,11.820470510464974,83.12431649672565,915.0003960805996,1056.3154706169344,0.030001135541013
41.44826889038086,9.70973966941139,2.288655198019596,3.2540805735885714,4.641936677638161,11.80322435453754,82.93594435443919,915.0397054846692,1056.519341976657,0.030001135541013
41.44874572753906,9.709348724343371,2.288526852977106,3.2538842023779675,4.6416416575357085,11.8023410114682,82.92630237541239,915.04171909918,1056.5297791309615,0.030001135541013
41.45695114135742,9.702624286944124,2.286319720924565,3.250507453314903,4.636568708120236,11.78715407487462,82.76062934660763,915.0763413179976,1056.7091432356294,0.030001135541013
41.4630012512207,9.697669689444853,2.284694061973519,3.248020522563227,4.6328328091359685,11.775972705002992,82.6387707705556,915.1018354404132,1056.8411059527418,0.030001135541013
41.46402359008789,9.696832765407605,2.284419505272661,3.24760052276786,4.632201900682405,11.774084675430192,82.61820415776394,915.1061405597088,1056.8633807231247,0.030001135541013
41.47410202026367,9.688586781482677,2.281715126764693,3.243463758447305,4.62598812732845,11.755493376879166,82.41583812774351,915.1485374294914,1057.082598046994,0.030001135541013
41.47746658325195,9.68583581246854,2.280813225294805,3.2420842362258315,4.623916117970225,11.74929548343091,82.3484355507353,915.1626733906586,1057.1556310237477,0.030001135541013
41.47901916503906,9.684566687092584,2.280397194190282,3.241447904704876,4.622960384333712,11.746436904437031,82.3173586355266,915.1691934594336,1057.1893068999914,0.030001135541013
41.479095458984375,9.684504327298566,2.280376752882301,3.24141663942279,4.622913426006944,11.74629645726397,82.31583193875142,915.1695138073115,1057.190961322941,0.030001135541013
41.48521423339844,9.679504623689436,2.2787381163691363,3.2389104077030777,4.6191493466341855,11.735039769144551,82.19352019342946,915.1951908856246,1057.3235207329735,0.030001135541013
41.49382400512695,9.672474717387004,2.276434926503317,3.2353880563597905,4.613859533266751,11.719224452193703,82.02184608822678,915.2312717650163,1057.509627688743,0.030001135541013
41.52041244506836,9.650803457227232,2.2693409304178958,3.224541243171841,4.597572518300196,11.670560708538996,81.49485422717768,915.3423314014938,1058.0812877627436,0.030001135541013
41.52940368652344,9.6434881057556,2.2669483438868245,3.220883715767193,4.592081481924366,11.6541646134972,81.31772042471368,915.3797636568916,1058.27355938732,0.030001135541013
41.532981872558594,9.640578693647052,2.2659970806478835,3.2194296157344717,4.589898576435319,11.647648010464565,81.2473780061469,915.394642941672,1058.3499306363528,0.030001135541013
41.536258697509766,9.637915231131458,2.2651263914296083,3.218098712188395,4.587900690335071,11.641684441787277,81.1830348803808,915.408260394464,1058.4197970850046,0.030001135541013
41.538856506347656,9.635804305791238,2.264436428496377,3.2170440908212887,4.586317586629987,11.636959477590716,81.13207562843729,915.4190501824175,1058.475136654444,0.030001135541013
41.53921127319336,9.63551607222946,2.264342225166681,3.216900101628786,4.58610144571024,11.636314413502312,81.12511992179085,915.420523273784,1058.4826906586843,0.030001135541013
41.54607009887695,9.62994556742244,2.262521937167429,3.214117915033972,4.581925263535727,11.623852393347512,80.99080737085099,915.4489839772656,1058.6285752151498,0.030001135541013
41.54607391357422,9.629942470318731,2.262520925287822,3.214116368503989,4.58192294219824,11.62384546717663,80.99073275668599,915.4489997962748,1058.6286562679545,0.030001135541013
41.550384521484375,9.62644349837304,2.2613778679310763,3.212369392002355,4.579300792642301,11.616022353850678,80.90648040061987,915.4668681218632,1058.7201861251724,0.030001135541013
41.55202865600586,9.625109332224014,2.260942080565579,3.211703384323368,4.578301170816904,11.613040314197098,80.87437763679169,915.4736796211764,1058.7550656097324,0.030001135541013
41.55241394042969,9.624796717137109,2.260839974101712,3.2115473382238213,4.578066960780833,11.612341652065036,80.86685730273878,915.4752755188816,1058.7632367140263,0.030001135541013
41.56532287597656,9.61432952561239,2.2574222914821886,3.206324665186875,4.57022856328013,11.588964977429256,80.61545556112033,915.5286801156938,1059.036459297417,0.030001135541013
41.58818817138672,9.595822433687498,2.2513848878894245,3.1971002884311632,4.556386775291679,11.547709993556971,80.17284070751109,915.6229613501245,1059.5178041778113,0.030001135541013
41.591156005859375,9.593423379672144,2.2506027608087638,3.195905479525364,4.554594081731864,11.542369490424983,80.11564134653287,915.635169468768,1059.5800379071477,0.030001135541013
41.59727478027344,9.588479503632035,2.2489913389912584,3.193443955001417,4.550900917801728,11.531369368999863,79.99789442567715,915.6603177478124,1059.7081694340327,0.030001135541013
41.59852600097656,9.587468908756524,2.2486620014821126,3.192940896969904,4.5501461756644,11.529121670182043,79.97384644629938,915.6654567823304,1059.7343418192472,0.030001135541013
41.60004806518555,9.586239727419375,2.2482614568788293,3.192329080631729,4.549228273762962,11.526388201620044,79.94460664889485,915.6717066259464,1059.7661662759317,0.030001135541013
41.60584259033203,9.581561922936883,2.24673740400625,3.1900012607316843,4.5457359561948,11.515989646477106,79.83342755640503,915.6954837925068,1059.8871891910558,0.030001135541013
41.6059455871582,9.58147880015378,2.246710326042186,3.18995990370368,4.545673911570737,11.51580492669515,79.83145332999317,915.6959061976208,1059.8893384468347,0.030001135541013
41.60757064819336,9.580167420579446,2.2462831507014176,3.189307471612791,4.5446951276133865,11.512890973425147,79.80031350132711,915.7025697466592,1059.9232401122763,0.030001135541013
41.61580657958984,9.573524523613942,2.2441197766844745,3.186003515498766,4.539738702999678,11.498137703321682,79.64275664778859,915.736310338874,1060.0948017238811,0.030001135541013
41.63677215576172,9.556638856642396,2.2386245654558152,3.1776125169307177,4.527152662169127,11.460693539105907,79.24364381239883,915.8219697500656,1060.52962189388,0.030001135541013
41.6475830078125,9.547945632050885,2.235797734585665,3.173296731071768,4.520680117763947,11.441448271049207,79.03894000699044,915.8660104004252,1060.7527694890766,0.030001135541013
41.64776611328125,9.547798474200327,2.235749895159098,3.173223699087213,4.520570592472131,11.44112267729555,79.03547930270503,915.866755568842,1060.7565427605798,0.030001135541013
41.656959533691406,9.540413400692714,2.2333496245643323,3.1695596595349267,4.515075841023269,11.424790767052029,78.86199651958574,915.9041368912068,1060.9457267315297,0.030001135541013
41.66267395019531,9.535826443740843,2.231859318326167,3.1672848791371577,4.511664730557953,11.41465468355752,78.75443327348115,915.9273403295464,1061.0630570514463,0.030001135541013
41.66304016113281,9.535532576176973,2.231763854374772,3.1671391693491997,4.511446239600349,11.414005510361138,78.74754706716084,915.928826498854,1061.0705693822028,0.030001135541013
41.67290878295898,9.527617516486792,2.229193268061434,3.163215790011722,4.505563475532002,11.396529882174818,78.56229642609206,915.9688379116768,1061.2727016822091,0.030001135541013
41.67803955078125,9.523505506645607,2.2278583165454706,3.1611784293780465,4.5025088716062935,11.387458086055434,78.4662252689229,915.9896114040148,1061.377556504297,0.030001135541013
41.6810302734375,9.52110958854714,2.2270806519720283,3.159991619505422,4.500729558211687,11.382174553609524,78.41030159977646,916.0017112104036,1061.438602283742,0.030001135541013
41.68788909912109,9.51561756701343,2.225298494652594,3.1572719593963448,4.496652326706417,11.370069709121497,78.28225952165738,916.0294353578022,1061.578397122115,0.030001135541013
41.70374298095703,9.50293740029613,2.221186058148886,3.150996920670168,4.487246037010285,11.342154682099412,77.98741858065597,916.0933847428548,1061.9004350728585,0.030001135541013
41.704689025878906,9.502181374848163,2.220940962392622,3.1506229715010656,4.486685529938919,11.340491767995973,77.96987399828086,916.097194885101,1061.919603930383,0.030001135541013
41.71090316772461,9.497217165503768,2.219331890863716,3.148168075573613,4.483006020466473,11.329576777488246,77.8547693822268,916.122205518284,1062.0453814387429,0.030001135541013
41.71384048461914,9.494871740262054,2.218571824999753,3.147008551042572,4.481268113477027,11.32442224455283,77.80044457457487,916.1340176677104,1062.1047534023942,0.030001135541013
41.72063827514648,9.489446389328323,2.216814080342308,3.144327162951188,4.477249378769016,11.312504967442424,77.67492569732764,916.1613299107788,1062.2419584049096,0.030001135541013
41.724853515625,9.486084030745216,2.2157250233596413,3.14266591517711,4.474759700116918,11.30512344267932,77.59723576394224,916.1782488246602,1062.3268987143058,0.030001135541013
41.73080825805664,9.481336544552637,2.214187702192532,3.1403210149939174,4.4712456004710734,11.294706574196413,77.48767163085824,916.2021273464006,1062.446710256899,0.030001135541013
41.731544494628906,9.480749767908966,2.2139977237297206,3.1400312485711965,4.470811365135615,11.293419531233,77.47414037769968,916.2050778420304,1062.461508893357,0.030001135541013
41.74651718139648,9.46882598462934,2.210138683662372,3.1341457397466064,4.461992043927682,11.267287015543966,77.19967770725826,916.2649950031312,1062.7617655181048,0.030001135541013
41.77565383911133,9.445673600986442,2.202653671570996,3.122732618788933,4.444893506200804,11.216660718400732,76.66948326259879,916.381122398612,1063.342258762502,0.030001135541013
41.77568435668945,9.445649386616306,2.202645848925444,3.122720692370154,4.444875641316202,11.21660784945784,76.66893062831721,916.3812437050148,1063.342864150251,0.030001135541013
41.78742980957031,9.436335355249366,2.1996377207351614,3.1181348049086943,4.438006654490912,11.196284139801424,76.4566509544791,916.4278812007188,1063.575458234804,0.030001135541013
41.79326248168945,9.431714161094256,2.1981458842313275,3.115860683888766,4.434600591043037,11.186209547888367,76.3515422203086,916.4510036678404,1063.6906629366963,0.030001135541013
41.80025863647461,9.426174683263636,2.196358161268714,3.1131356988633203,4.430519471307448,11.174141021105193,76.22573473178878,916.4787059965493,1063.8285872947888,0.030001135541013
41.80150985717773,9.425184387043194,2.196038631882643,3.1126486697178857,4.429790089745137,11.17198443676785,76.20326555626173,916.4836566570395,1063.8532242941892,0.030001135541013
41.80800628662109,9.42004467796339,2.1943805584948337,3.110121529450054,4.426005545075591,11.16079609019032,76.08675359998952,916.5093426460384,1063.980995596275,0.030001135541013
41.82088851928711,9.40986261137678,2.191097336914043,3.10511800281844,4.418513094362036,11.138653628687138,75.85645382617072,916.5601870898228,1064.2336412626182,0.030001135541013
41.83032989501953,9.402408515719692,2.18869507270895,3.1014574317336647,4.413032170371528,11.122462109679171,75.68828965867611,916.5973750105276,1064.4181985335715,0.030001135541013
41.83805847167969,9.396311912485476,2.186731108236448,3.0984650245898946,4.408551982509143,11.109231112902425,75.55102301139546,916.6277688298662,1064.568894196725,0.030001135541013
41.839168548583984,9.395436625164976,2.186449204978853,3.098035517223054,4.407908954715196,11.107332417811516,75.53133579619245,916.6321308577102,1064.5905109824412,0.030001135541013
41.844688415527344,9.391085685567557,2.1850481410278206,3.0959009074809387,4.404713265277275,11.097897449375214,75.43354805871778,916.6538079616098,1064.697896211179,0.030001135541013
41.84727096557617,9.389050854874522,2.1843930252845016,3.094902838885618,4.403219132420381,11.093486766765498,75.38785780652921,916.6639424155384,1064.7480783195133,0.030001135541013
41.84961318969727,9.387205832325506,2.183799097992178,3.0939980005247483,4.4018645959578535,11.089488517026354,75.34645304707496,916.6731296535188,1064.7935577740643,0.030001135541013
41.85362243652344,9.384048655299894,2.1827829317504164,3.092449942254343,4.399547234002105,11.08264901739364,75.2756536589668,916.6888465848292,1064.87133377435,0.030001135541013
41.85743713378906,9.381045848738104,2.18181663131676,3.09097791551346,4.397343766408687,11.076146600919618,75.20837670560579,916.7037901841796,1064.945250957438,0.030001135541013
41.86684036254883,9.373648790299102,2.179437017820732,3.087353193808328,4.391918194447374,11.060139530413784,75.0428999459777,916.7405818060336,1065.1271048181502,0.030001135541013
41.87409210205078,9.36794892131325,2.1776041372103285,3.084561535794645,4.387739831862215,11.047815626301556,74.91563452983512,916.7689123588548,1065.2670088183472,0.030001135541013
41.87836837768555,9.36458969193326,2.176524221804406,3.082916835126447,4.385278278780943,11.040556776044628,74.84072975990361,916.7856010596475,1065.3493699202097,0.030001135541013
41.89183807373047,9.354017890113417,2.173127088239116,3.0777435194044327,4.37753628540605,11.017733222997826,74.60547747122517,916.8380833902388,1065.6081254218384,0.030001135541013
41.9069938659668,9.342139644927896,2.169312756485447,3.0719357969814176,4.368845968708438,10.992126737747451,74.34201947682965,916.8969817135496,1065.8980587468031,0.030001135541013
41.91246795654297,9.337853766922247,2.1679371507376097,3.0698415291507373,4.36571250987014,10.982897191751633,74.24718348675859,916.9182152112428,1066.0024650326452,0.030001135541013
41.9472770690918,9.310654804501086,2.1592158122744896,3.056566768607767,4.345854244035596,10.924444798561346,73.64809829437584,917.0527436865672,1066.6625005358048,0.030001135541013
41.94791793823242,9.310154927835509,2.159055665137205,3.056323051342763,4.345489715323851,10.923372472957556,73.63713245271958,917.055212524808,1066.6745900287394,0.030001135541013
41.95431518554688,9.305166828880616,2.157457877934966,3.053891579014452,4.341853068599217,10.912675972260656,73.5277957395603,917.0798410978348,1066.7951461096168,0.030001135541013
41.95734786987305,9.302803272171682,2.156700952933388,3.0527397690361484,4.340130447847248,10.907609985710009,73.47604333299836,917.0915065607168,1066.8522190263652,0.030001135541013
41.968406677246094,9.294190485587803,2.153943736536573,3.0485443921509163,4.333856244173152,10.889162784445212,73.28776010250861,917.1339908605686,1067.0599138829568,0.030001135541013
41.976959228515625,9.287536086804687,2.151814515552702,3.045304862121083,4.3290119011812775,10.87492430951894,73.14261311968906,917.1667886234064,1067.2200840384294,0.030001135541013
41.99446487426758,9.2739332366242,2.147464828392152,3.0386876640635183,4.319117910661239,10.845856695495012,72.84678111450042,917.2337620105502,1067.5466946822385,0.030001135541013
42.0051383972168,9.265650919723257,2.1448183059399977,3.034661965990776,4.313099544223506,10.828183622187977,72.66723307305008,917.2744929687944,1067.745027689823,0.030001135541013
42.0068473815918,9.26432561508432,2.144394943388316,3.034018021167093,4.31213691250962,10.82535741871341,72.63854274207546,917.2810072818066,1067.7767270528905,0.030001135541013
42.007511138916016,9.26381093672594,2.1442305409327487,3.033767964242729,4.311763106660642,10.824260002527817,72.62740392308588,917.283536851818,1067.7890346538888,0.030001135541013
42.01360702514648,9.259085775006088,2.1427214595852515,3.031472684208093,4.308332028288763,10.81418829329889,72.52521842268976,917.3067540023836,1067.901956629211,0.030001135541013
42.02021789550781,9.25396467159766,2.1410864518239325,3.028985982031947,4.3046150208436185,10.803279576544458,72.41462892257564,917.331903658958,1068.0241946735505,0.030001135541013
42.038761138916016,9.239618074809083,2.136508762154203,3.02202471515674,4.294210752943666,10.772757826278774,72.10569405012237,917.4022874652647,1068.3658310873989,0.030001135541013
42.04285430908203,9.23645481109888,2.1354999715753507,3.02049086931982,4.2919184590432575,10.766035793776766,72.03775102305138,917.417792021533,1068.4409979884467,0.030001135541013
42.04490661621094,9.234869243951184,2.1349943984965787,3.019722187417643,4.290769696571804,10.762667451348928,72.0037184628833,917.4255616652551,1068.4786533156189,0.030001135541013
42.07052612304688,9.215103353574984,2.1286961138135814,3.010147493345253,4.276462194650433,10.720735605558088,71.58078018789689,917.522310634114,1068.9468564650406,0.030001135541013
42.09089279174805,9.199425895814818,2.1237060444559672,3.002563472080873,4.2651313453618265,10.68755412662873,71.24705068128412,917.5989049161368,1069.3166228165137,0.030001135541013
42.091888427734375,9.198660303879358,2.1234624820468992,3.0021933434403443,4.264578406406875,10.685935504930658,71.23079237450884,917.6026420760418,1069.334643987179,0.030001135541013
42.102386474609375,9.190592441270043,2.1208965193199054,2.998294197258346,4.258753746250852,10.668888255414764,71.05968144930873,917.6420062068594,1069.5243492387062,0.030001135541013
42.10376739501953,9.189531812099018,2.120559284382738,2.997781778036309,4.257988337492019,10.666648507928873,71.03721650838527,917.6471786628396,1069.549260980427,0.030001135541013
42.106101989746094,9.18773903931545,2.119989315858904,2.9969157302395906,4.256694727919625,10.66286337634002,70.99925985371726,917.6559203363768,1069.5913546801285,0.030001135541013
42.12339401245117,9.17447313922512,2.1157737302913184,2.9905110162661925,4.247128626498508,10.634882175461016,70.71900779037524,917.7205546324052,1069.9022674802395,0.030001135541013
42.18492126464844,9.127454806579976,2.1008602813279054,2.967863317066228,4.213312590561581,10.536097895588428,69.73437662527085,917.9489120229994,1070.996242750615,0.030001135541013
42.19050598144531,9.123201165352102,2.0995132370067857,2.965818409321336,4.210260175955776,10.527191075709611,69.6459616274014,917.9695152455248,1071.0946012805423,0.030001135541013
42.19943237304688,9.11640720926366,2.097362443855924,2.962553646432194,4.205387168653967,10.512975214989812,69.50497025376713,918.0024039009191,1071.2514921652707,0.030001135541013
42.20553970336914,9.111762337978314,2.0958925162076243,2.960322574373042,4.202057239081739,10.503263380995076,69.4087372587251,918.0248756894924,1071.3586077403118,0.030001135541013
42.2224006652832,9.0989534449337,2.091841150716848,2.9541741584397547,4.192881436035645,10.476512044180565,69.14403233824731,918.0867880165746,1071.6533749782052,0.030001135541013
42.22896957397461,9.093968970026884,2.090265451511021,2.9517832280930354,4.189313504120657,10.466114080148293,69.04129022699283,918.110858169588,1071.7678361913988,0.030001135541013
42.23250579833984,9.091287043017434,2.0894178312974456,2.95049713919994,4.187394391485695,10.460522153462335,68.98607038230125,918.1238041087952,1071.8293663648064,0.030001135541013
42.233734130859375,9.09035567551708,2.0891235062357816,2.9500505730859605,4.186728036493888,10.458580675490897,68.96690394296502,918.12829905991,1071.8507250042271,0.030001135541013
42.26166534423828,9.06920761995889,2.082445003569521,2.9399192961544056,4.171612170336081,10.414560150572918,68.5330937417038,918.230244883664,1072.334420094934,0.030001135541013
42.28223419189453,9.053671295739868,2.0775441770108696,2.932486693216041,4.160525142088607,10.382297938783276,68.21608632602141,918.3049950034296,1072.6882065831894,0.030001135541013
42.282840728759766,9.053213637631154,2.077399882485156,2.9322678808023843,4.160198775601573,10.381348574143209,68.20676977053834,918.3071950906738,1072.698608231098,0.030001135541013
42.28788375854492,9.049409513554858,2.0762006436128297,2.9304493929212225,4.157486467435016,10.373459504140138,68.1293770276841,918.3254784438412,1072.7850241609983,0.030001135541013
42.291603088378906,9.046605110381789,2.075316764298273,2.9291091415717347,4.155487523187896,10.367646205640472,68.07237769352972,918.3389522509788,1072.8486796120044,0.030001135541013
42.3056526184082,9.036020919610834,2.07198232487026,2.924053478153384,4.1479476946436336,10.345725402758672,67.85767197298958,918.3897683162406,1073.088538789238,0.030001135541013
42.31733322143555,9.027232526521397,2.069215327435854,2.9198587526525337,4.141692410487819,10.327546871688394,67.67989447561357,918.4319196108112,1073.28724085438,0.030001135541013
42.32612609863281,9.02062350279899,2.067135503138307,2.9167060865309438,4.136991498896373,10.313890039762672,67.54650063372935,918.4635924180944,1073.4363933103225,0.030001135541013
42.33083724975586,9.017084794451542,2.066022256643173,2.9150186861134006,4.134475569338006,10.306582550613676,67.47518173851736,918.4805421048286,1073.5161580176632,0.030001135541013
42.336158752441406,9.01308960233378,2.064765696174823,2.913114163914266,4.131636036050714,10.298336472044962,67.3947507367761,918.4996706562154,1073.6061310833077,0.030001135541013
42.34943771362305,9.003129354074765,2.061634364725176,2.90836871494593,4.124561309372892,10.27779725515473,67.19463641016559,918.5473241859617,1073.830065508116,0.030001135541013
42.35431289672852,8.999475853187185,2.060486248773003,2.9066289461422525,4.1219677969270165,10.270270025099432,67.12137743520145,918.5647913505736,1073.9120730211766,0.030001135541013
42.35960388183594,8.995512728915461,2.059241125900342,2.904742283050044,4.11915542016318,10.262108964694445,67.04199756783763,918.583731200308,1074.000949580343,0.030001135541013
42.36370086669922,8.992445378288968,2.0582776400218363,2.903282441683761,4.116979389142175,10.255795413736182,66.98062198293592,918.5983847523568,1074.06968018341,0.030001135541013
42.37002182006836,8.98771543367765,2.05679228689731,2.90103197944404,4.113625018623196,10.246064662933756,66.88608511041777,918.620971837102,1074.17556700484,0.030001135541013
42.37545776367188,8.983650114779412,2.055516009814173,2.8990983843213023,4.110743066309416,10.237706015938013,66.80493489602925,918.6403762343676,1074.266480349139,0.030001135541013
42.38225936889648,8.978566554813359,2.0539205070110738,2.896681322646201,4.107140684382585,10.227260030203434,66.70359279967874,918.6646292606011,1074.3800413259746,0.030001135541013
42.39957809448242,8.965637768283212,2.0498651327233057,2.8905385017561454,4.097986128569323,10.2007246689759,66.44652483577616,918.7262523285634,1074.668236560847,0.030001135541013
42.412017822265625,8.956364830106288,2.046958515973969,2.88613645359694,4.091426612220564,10.181720619645528,66.26273858447279,918.7703986901438,1074.8743937223016,0.030001135541013
42.41756439208984,8.952233928303047,2.04566420757546,2.8841764436436934,4.0885062525274805,10.173262163511865,66.18102373612895,918.7900511943046,1074.9660865780672,0.030001135541013
42.4195442199707,8.95075996695812,2.045202462332949,2.8834772360214167,4.087464482424252,10.170245169627536,66.15189032033639,918.7970614195596,1074.9987821041975,0.030001135541013
42.42084503173828,8.949791682069934,2.0448991528145823,2.883017950445101,4.086780188166345,10.168263541491656,66.13275855244487,918.8016660322236,1075.020254436838,0.030001135541013
42.42804336547852,8.944435695873352,2.0432217851736585,2.880478084678392,4.082996111532449,10.157306870166844,66.02702950050426,918.8271275667114,1075.1389375459285,0.030001135541013
42.43082427978516,8.942367550496368,2.042574248383983,2.8794976248291384,4.081535405818896,10.153078144662471,65.986247265855,918.8369553911564,1075.184725197903,0.030001135541013
42.45248031616211,8.926281428835534,2.0375406217117646,2.871876838631857,4.070182952830156,10.12022648346442,65.66987221524155,918.9133235277076,1075.540096445808,0.030001135541013
42.46221160888672,8.919064143065622,2.035283913304386,2.8684607254770538,4.0650947013359895,10.10550964022855,65.52840307580738,918.947545183352,1075.6990985407117,0.030001135541013
42.46993255615234,8.913342745978351,2.0334957011009225,2.8657540144373854,4.061063358880592,10.093852952431074,65.41646500368469,918.9746553931916,1075.824951739769,0.030001135541013
42.470741271972656,8.912743719921336,2.033308516964297,2.865470693512718,4.060641396297535,10.092633012491772,65.40475587472142,918.9774928662345,1075.838118601087,0.030001135541013
42.50020599365234,8.890951198601371,2.0265036142959785,2.8551724828464087,4.0453056249877655,10.048316842304343,64.98015297126416,919.0805981161772,1076.3158589097775,0.030001135541013
42.50857925415039,8.884769701505725,2.024575135248053,2.8522545449741923,4.04096104211087,10.035769538508069,64.86019889616014,919.1098010461036,1076.4509227086742,0.030001135541013
42.50962829589844,8.883995614816994,2.024333690807373,2.851889237835051,4.0404171569563605,10.034199010524013,64.84519249189003,919.1134566967864,1076.467822408652,0.030001135541013
42.520469665527344,8.876000440866704,2.021840603802402,2.8481174249036005,4.034801785462078,10.017987079065405,64.69039440281784,919.1511967204932,1076.6421904235244,0.030001135541013
42.52155685424805,8.875199141478152,2.021590807595007,2.8477395340934613,4.034239212287665,10.01636320784428,64.67489977012774,919.154977380071,1076.6596479140858,0.030001135541013
42.52456283569336,8.872984063266305,2.020900346111512,2.8466950291849997,4.032684263039476,10.011875133007084,64.63208569283063,919.1654268134266,1076.7078894560118,0.030001135541013
42.52956008911133,8.86930309855121,2.019753157590702,2.844959692147193,4.030100935572586,10.00441979654777,64.56099841601896,919.1827861240416,1076.788000658929,0.030001135541013
42.53116989135742,8.868117706220179,2.0193837806488637,2.84440096291936,4.029269194861328,10.002019695895529,64.53812203155007,919.188374962756,1076.8137842856954,0.030001135541013
42.534446716308594,8.865705364326173,2.018632161151772,2.843264073145612,4.027576826175705,9.99713650269667,64.49159141466097,919.1997464145962,1076.8662331524945,0.030001135541013
42.55476760864258,8.850762830816835,2.0139790814495955,2.836226652300305,4.017101987606034,9.966923497328244,64.204090531611,919.2701194130864,1077.1904485789555,0.030001135541013
42.575660705566406,8.835430733068605,2.009209249811305,2.829014309444696,4.0063682215373095,9.935984533960893,63.91037464282937,919.34221292208,1077.5219348658602,0.030001135541013
42.57582473754883,8.835310485923255,2.009171859371211,2.828957777971361,4.006284095746119,9.93574212833194,63.90807617709434,919.342777885216,1077.52452995286,0.030001135541013
42.5828971862793,8.830127713997447,2.007560559168573,2.826521709368416,4.002659051860915,9.925297845763527,63.80908562019851,919.3671215579076,1077.6363109479398,0.030001135541013
42.59185791015625,8.823566389100245,2.0055214437424675,2.823439066908274,3.9980721495825615,9.91208562335187,63.68397572211285,919.3979214785164,1077.7776296258423,0.030001135541013
42.59422302246094,8.821835545608216,2.0049836899342544,2.822626147947078,3.99686260259903,9.908602187016694,63.65101164334987,919.4060428168336,1077.8148725125416,0.030001135541013
42.61872863769531,8.803925401239802,1.999422806072455,2.81422076541748,3.984357569653782,9.872603504020422,63.31087284877147,919.4899928290636,1078.1993604477843,0.030001135541013
42.61938095092773,8.803449241004847,1.999275050483486,2.8139974579659253,3.984025379915584,9.871647598254018,63.301853767098194,919.49222257587,1078.2095604229198,0.030001135541013
42.63483047485352,8.792180662678804,1.9957796176359608,2.8087151412690865,3.976168135473339,9.849043126120996,63.08877237895746,919.5449581302868,1078.4506157234157,0.030001135541013
42.65162658691406,8.77994929510972,1.991988368797177,2.8029867070269923,3.967648392670561,9.824545283627309,62.85826430603839,919.6021289172894,1078.7115474261984,0.030001135541013
42.66046524047852,8.773520815675761,1.9899969919071567,2.7999782518925613,3.963174357849527,9.811685751556462,62.73744016382579,919.632146784259,1078.8483860566362,0.030001135541013
42.66899490356445,8.767322331407328,1.988077626616778,2.797078864460916,3.95886282714821,9.799296659867135,62.62115013607789,919.6610714080524,1078.9801336394598,0.030001135541013
42.6709098815918,8.76593143167322,1.9876470353753288,2.796428450555444,3.957895672319704,9.796518018277212,62.59508386559552,919.6675593075812,1079.0096706426489,0.030001135541013
42.67301177978516,8.76440506633838,1.9871745500176807,2.795714770174924,3.9568344576407264,9.793469336533745,62.566490883826525,919.6746779951736,1079.0420732954146,0.030001135541013
42.67778015136719,8.760943511802463,1.986103194819852,2.7940965667542867,3.954428316174114,9.78655769271528,62.50169301191315,919.6908178014075,1079.1155144239758,0.030001135541013
42.68316268920898,8.757038045680842,1.98489473144032,2.792271361467315,3.951714484833988,9.778763504864262,62.42866281389651,919.7090203076798,1079.1983021780134,0.030001135541013
42.68632888793945,8.754741671559922,1.9841843125151344,2.791198415523416,3.9501192202648254,9.774182491219731,62.38576006025709,919.7197196931056,1079.246945172421,0.030001135541013
42.69670486450195,8.747221180265232,1.981858444065864,2.787685924019046,3.944897081815644,9.759189686121156,62.24545407828538,919.7547414176468,1079.4060651451937,0.030001135541013
42.70835876464844,8.738783556392386,1.979250225093983,2.783747597092232,3.9390421726272935,9.742386176410424,62.08839765793373,919.7940011241946,1079.5842573353498,0.030001135541013
42.7091064453125,8.73824255037631,1.9790830374325408,2.7834951666061425,3.938666913462264,9.74130940572444,62.07834044940694,919.7965171969742,1079.5956707152827,0.030001135541013
42.7125244140625,8.735769882785005,1.9783189782665171,2.782341567173744,3.9369520181273634,9.736389005773892,62.03239387436858,919.808015077084,1079.6478171748822,0.030001135541013
42.72753143310547,8.724923083092893,1.9749687627430943,2.7772836985203746,3.92943374868093,9.714823731720102,61.83122611739696,919.8584171531476,1079.8762110463415,0.030001135541013
42.76365661621094,8.698877599627883,1.966933589121299,2.765156063990398,3.91141016414,9.66316614404764,61.35072761753332,919.9792084140756,1080.4222782058037,0.030001135541013
42.76530838012695,8.697688915402878,1.9665671893366892,2.7646031528317474,3.9105885714366417,9.66081275383431,61.32888364380776,919.9847133060364,1080.4471211412426,0.030001135541013
42.7768440246582,8.689392679904348,1.9640107175325447,2.760745607494104,3.904856828186303,9.644397930921084,61.17663419682277,920.0231146234364,1080.620316995707,0.030001135541013
42.78444290161133,8.683932816106747,1.9623290287337072,2.758208278345782,3.901086989502737,9.63360499940597,61.07663384241482,920.0483688044214,1080.734117392981,0.030001135541013
42.784481048583984,8.683905417352092,1.9623205912155104,2.758195548385605,3.901068076492156,9.633550857998696,61.07613241409305,920.0484954985582,1080.7346881025674,0.030001135541013
42.81201934814453,8.664152859636259,1.9562415081737832,2.7490251551341185,3.8874451119282414,9.594569637051098,60.71566049332964,920.1397379232108,1081.145184376122,0.030001135541013
42.83489608764648,8.647784257213855,1.9512096625329631,2.741436546840686,3.876174227835461,9.562343936995106,60.41848465625418,920.215205302792,1081.4839312537877,0.030001135541013
42.86188888549805,8.62851757280901,1.9452936548470856,2.732516816819965,3.862929073986175,9.524501786361066,60.07047077431855,920.3038681719112,1081.8810110200805,0.030001135541013
42.91005706787109,8.594262427074646,1.9347934783811207,2.716691354046104,3.839435806135452,9.45745863341333,59.45643119425933,920.4610634144047,1082.5826425443215,0.030001135541013
42.93410873413086,8.57721793474381,1.929577371448716,2.708833069070172,3.827772954924354,9.4242129002543,59.153133211051326,920.5390684530976,1082.9296914886022,0.030001135541013
42.93845748901367,8.574140389756689,1.9286361607854472,2.7074153005245085,3.825669033557566,9.41821812739144,59.09852713735077,920.5531380444932,1082.992208953,0.030001135541013
42.95372772216797,8.563344309760726,1.9253358081305,2.702444369503022,3.818292971561068,9.397207456137718,58.90734496422256,920.602458855917,1083.2111730647243,0.030001135541013
42.96166610717773,8.557738226378502,1.9236229047525129,2.6998647871410526,3.8144655962449416,9.386309039733383,58.80830126522613,920.6280477165216,1083.32466057765,0.030001135541013
42.965576171875,8.554978539302962,1.9227799189272008,2.698595355846235,3.81258220542312,9.38094707499195,58.75960339206131,920.640638738416,1083.3804730260536,0.030001135541013
42.98868179321289,8.53869218304769,1.917808036767258,2.691109354657528,3.8014767543315497,9.349343137192012,58.472992090680606,920.7148702644852,1083.709129730761,0.030001135541013
43.000186920166016,8.530596262435264,1.915338429410348,2.687391629267644,3.795962213400773,9.333658120994508,58.33101249836624,920.7517232982506,1083.872047074988,0.030001135541013
43.02933120727539,8.510128528842884,1.909100568045691,2.67800309902566,3.7820383770499415,9.294079033318305,57.97352346853917,920.8447534623548,1084.2825789454307,0.030001135541013
43.058250427246094,8.489876094271775,1.902936439652716,2.6687280477380417,3.768286073794749,9.25502163991682,57.621839585147406,920.9366078671816,1084.6869000040135,0.030001135541013
43.06117630004883,8.487830244523694,1.902314192981076,2.667791926903448,3.7668982250143968,9.251081999494517,57.58642592824812,920.945875881447,1084.7276393022394,0.030001135541013
43.09806823730469,8.462084249704118,1.8944905355164476,2.6560242661762867,3.749454741694197,9.201594840884256,57.14251978486169,921.0623387822386,1085.2386970381826,0.030001135541013
43.1042594909668,8.457772531438914,1.8931815638966576,2.654055921928048,3.7465374560274274,9.19332364220287,57.06849580879798,921.081812033181,1085.3239905471964,0.030001135541013
43.151885986328125,8.424690720575775,1.88315051501271,2.638976064079243,3.7241921242765543,9.13002078684751,56.50355402335725,921.23092645104,1085.9756198485852,0.030001135541013
43.15737533569336,8.42088757073104,1.8819987369974225,2.637244995083236,3.721627505086324,9.12276122253767,56.43894683985568,921.2480356096446,1086.0502178458858,0.030001135541013
43.178321838378906,8.406393944748128,1.8776119292757527,2.630652765090022,3.711861917932133,9.095129099049474,56.19337001780442,921.313175082292,1086.3339164969634,0.030001135541013
43.22964859008789,8.371003361499135,1.8669178813627112,2.6145883162798182,3.688069463868891,9.02788035479307,55.59794295449315,921.4718158754524,1087.0227407282302,0.030001135541013
43.24827194213867,8.358205718630462,1.863056970135089,2.6087904461239573,3.6794842652132935,9.003639975022374,55.38409550955026,921.529036763244,1087.2704693678595,0.030001135541013
43.26270294189453,8.348304801204238,1.8600721309810584,2.604309051711984,3.6728490204761632,8.984914587120361,55.21918384166917,921.5732527082846,1087.4616322618858,0.030001135541013
43.29729461669922,8.324628376444016,1.8529421530339147,2.5936067377445147,3.6570058435524393,8.940235158911717,54.82668880334428,921.678802148802,1087.9170397563632,0.030001135541013
43.30189514160156,8.321485519868634,1.8519965090557,2.59218760023945,3.654905312862721,8.934314923748488,54.77478505299124,921.6927933327198,1087.9773090607791,0.030001135541013
43.32828903198242,8.30348145586993,1.846582965089841,2.5840648076916057,3.642883781937978,8.90044805653441,54.47833864677432,921.7728533993898,1088.3217427261502,0.030001135541013
43.331817626953125,8.30107797499204,1.845860743470621,2.5829813152450853,3.64128045925536,8.895933095362546,54.438878095819724,921.7835296559504,1088.3676177297343,0.030001135541013
43.34149169921875,8.294492730907077,1.8438825126427376,2.5800137501474785,3.636889324177341,8.883570177171254,54.33089834991338,921.8127673919716,1088.49318219696,0.030001135541013
43.39567184448242,8.25772510998701,1.8328532272305704,2.5634733625279886,3.612420297599108,8.81474339240135,53.73168931370783,921.9756383157088,1089.190837896386,0.030001135541013
43.39668655395508,8.257038341704867,1.832647468191167,2.5631648800467826,3.6119640228905503,8.813461018448496,53.720555978184095,921.9786745106978,1089.203814334163,0.030001135541013
43.42546463012695,8.237588972289853,1.82682414940754,2.5544355818488693,3.5990540845926926,8.777192403392934,53.40615211016051,922.06456885854,1089.5704801160991,0.030001135541013
43.45960998535156,8.214582104602828,1.8199451639979332,2.544126988589644,3.5838121776986984,8.734411432693136,53.03645935221411,922.1659470202897,1090.002154081494,0.030001135541013
43.465423583984375,8.210672468678325,1.8187772546581853,2.5423770804279595,3.5812252980211783,8.727154590484552,52.97387430367031,922.1831500344048,1090.075288787256,0.030001135541013
43.50640869140625,8.183171949716964,1.8105710274745008,2.5300839625275837,3.56305522983315,8.676216930718269,52.5355923260059,922.3039557171104,1090.5879159513586,0.030001135541013
43.522403717041016,8.172468863226376,1.8073812302128545,2.525307074617555,3.555995992366081,8.656442567980868,52.36593012022775,922.3508779854136,1090.7865783455718,0.030001135541013
43.53723907470703,8.16255647546659,1.804429039033404,2.5208867253732588,3.5494644483935907,8.638154215807557,52.20925680103538,922.3942865350356,1090.9701417254923,0.030001135541013
43.57876586914063,8.134885166782112,1.7961982416836055,2.508565653566569,3.53126224722947,8.587228559197062,51.77419050693121,922.5152257788262,1091.4804378893798,0.030001135541013
43.61515808105469,8.110726067820048,1.7890244096955783,2.4978308669759777,3.5154077082489943,8.542919856860301,51.39709851972995,922.6205267464004,1091.923406703736,0.030001135541013
43.636566162109375,8.096553644821626,1.784821411881974,2.491543187779873,3.506123215466565,8.516993653302833,51.17707275269934,922.6821744216024,1092.182161797576,0.030001135541013
43.73491668701172,8.031816692561799,1.7656740754310536,2.462914805909364,3.4638651912106933,8.399193784342316,50.18308347322012,922.9625966306884,1093.3538320133312,0.030001135541013
43.85334777832031,7.954666829419025,1.7429638061085966,2.4289951672063395,3.4138289162662563,8.260136426081965,49.02178510678156,923.2942896682696,1094.7285001716953,0.030001135541013
43.87712097167969,7.939285544892933,1.7384502253716525,2.422258005691349,3.403895021032905,8.232583536158163,48.79322958877261,923.3600973441409,1094.9998008425275,0.030001135541013
43.91876983642578,7.912422732093838,1.7305784721490132,2.4105120605264805,3.3865794841732115,8.184600606482759,48.396409908402525,923.47477135221,1095.4714338899448,0.030001135541013
43.97236633300781,7.87801054647073,1.7205147753614956,2.395503527441818,3.3644600996243743,8.123385425784088,47.89239090237172,923.621196753745,1096.071585104265,0.030001135541013
44.02566146850586,7.843965796379035,1.7105814657615794,2.380696853097874,3.342645569133205,8.063101617463486,47.39847898792354,923.7655347872892,1096.6609219772922,0.030001135541013
44.187747955322266,7.741480770691552,1.6808139194693397,2.336372813648422,3.277392901921734,7.883287209915107,45.93951362979438,924.19690883401,1098.4090041055708,0.030001135541013
44.257843017578125,7.697647406158826,1.6681445098648526,2.317529381053608,3.249674207318355,7.80713615740116,45.32803373663877,924.379985154107,1099.144965247092,0.030001135541013
44.31587600708008,7.661576975140343,1.6577472503315505,2.3020744685701486,3.226948495349098,7.744809820580119,44.83036937255471,924.5300023218211,1099.7454240924098,0.030001135541013
44.47499847412109,7.563686582177009,1.6296570216562525,2.2603623393178056,3.1656556599517125,7.577188280622992,43.50442106299529,924.9342547451834,1101.3519244959205,0.030001135541013
44.670169830322266,7.445611999116878,1.5960236272167525,2.2104999039917947,3.092467524483623,7.377943535743799,41.95176995882947,925.416309204266,1103.2458925823746,0.030001135541013
44.83045196533203,7.35025373818528,1.5690613872518342,2.170589138903422,3.033952037832244,7.219354611287683,40.7339241622114,925.801229091311,1104.7415702211597,0.4478737711930164
44.8360710144043,7.346936731081605,1.5681266650584524,2.169206642126384,3.0319261715451256,7.213875199671563,40.6921289306454,925.8145483228386,1104.793063250432,0.5269896128488891
44.867897033691406,7.328182265094355,1.562845727253187,2.161397318797204,3.020483846245841,7.182941194569706,40.45652678290168,925.8897670603632,1105.0835380361768,1.1545567711993208
45.11969375610352,7.181760028410528,1.5218533027693233,2.1008490944955382,2.931845210598896,6.944128362905003,38.65777230032171,926.4718979424928,1107.3130345700597,21.281121046275864
45.18495178222656,7.144371021895768,1.51145265834724,2.0855083553830456,2.909409461071456,6.883909602883877,38.20978008270711,926.5978850886916,1107.8716480965768,31.628066646803063
45.74485397338867,6.832733980371117,1.4258088944116594,1.9595455323470128,2.72552973297486,6.393880740203715,34.646072238247505,885.2545909950989,1112.3661880122704,197.2827650278632
45.77042007446289,6.818886492578588,1.4220466687673246,1.9540273767170149,2.717487107005585,6.372593225949062,34.49451611143857,881.2810291227756,1112.5594364828405,207.3191129172356
45.79774475097656,6.8041225488133215,1.418039493906644,1.9481513842439535,2.708924361049185,6.349942147761023,34.33354542937777,876.8708212016168,1112.7648869680563,218.2045495997067
45.85627746582031,6.772621584408404,1.409503321987005,1.9356395174721075,2.6906958681042576,6.301767218682888,33.99219916620837,866.8924791782558,1113.2012330262182,242.0268841504872
45.859413146972656,6.770938827198661,1.40904785280443,1.9349720992341772,2.689723727524811,6.299199638253544,33.974045091521035,866.338619068497,1113.224465475373,243.32106256341592
45.883544921875,6.758004814306736,1.405548976822368,1.929845407152016,2.6822569198721107,6.279485021097953,33.834780101013656,862.0141902722208,1113.4027757130202,253.33750033599745
45.98175430297852,6.705662442703294,1.3914227449132537,1.909157375644395,2.652136311154244,6.200065084153764,33.27606063608099,843.3799909504011,1114.1197196896344,295.0183632012511
45.99435043334961,6.698983262810839,1.3896239447856429,1.9065242740623105,2.6483038726006822,6.189972117227216,33.20532238317516,840.8816568280595,1114.210672150244,300.45665449242665
46.2759895324707,6.5516408662641945,1.3501639095387592,1.8488383091491063,2.5643960114467608,5.969698788730783,31.676267060837496,780.4645834221471,1116.1869298385056,425.3670865430803
46.59355545043945,6.38999740968973,1.3073602312394883,1.78642075412141,2.473740942667392,5.733215056196571,30.06574558043616,707.3216513647263,1118.290567489072,567.6330457384114
46.63539505004883,6.369047382194729,1.301849431186819,1.778397830575951,2.4620984866598365,5.702957442405557,29.8619759245956,697.6421702075254,1118.558415384196,586.0875436025804
46.764949798583984,6.3046793657124,1.284970354702072,1.7538434361593445,2.4264787015361184,5.61054739291262,29.242851343863585,667.8895588419266,1119.3746275256112,642.4814696170148
46.8037338256836,6.285556591954324,1.279971426975838,1.7465765419560777,2.4159408653710983,5.583256027186991,29.060918856111776,659.0745748008018,1119.61516964192,659.1120164894897
46.831634521484375,6.271841363445716,1.2763904693986592,1.7413723845000433,2.4083954657358806,5.563727789100077,28.930992871123493,652.765779098857,1119.787146885264,670.9967168903104
46.89679718017578,6.239943787682201,1.2680759202565617,1.7292941545380356,2.390887418020201,5.518457250113235,28.63061816549442,638.1497510467,1120.1853694737129,698.4820474485055
46.99907684326172,6.190254966479685,1.2551623779902552,1.7105497464295605,2.363728446786631,5.448344424588319,28.16765780004904,615.5865980883476,1120.8008836728873,740.8055725023326
47.00124740600586,6.189205447564503,1.2548901528274352,1.7101547451961,2.363156258581517,5.44686883108974,28.157943789216915,615.1132232344758,1120.813821551579,741.6924203061193
47.108428955078125,6.137635487392636,1.241541342600467,1.6907924313991107,2.3351159270804485,5.37463309977324,27.683887896606127,592.0444824236994,1121.4463680337576,784.8712810129289
47.15851974487305,6.113705412220888,1.2353649434531715,1.681838652637064,2.3221542086103275,5.34129352852295,27.46606047470336,581.4795274238368,1121.7377932895845,804.6270897285654
47.18703842163086,6.10012926088705,1.2318659278133073,1.676767814561554,2.314814662484368,5.322430055345064,27.343082298369687,575.5289229525073,1121.9025386018088,815.7510713803447
47.293304443359375,6.049847538802117,1.2189370423542452,1.6580425919958004,2.28772065857149,5.2528820191392,26.89137132729425,553.7823303641252,1122.509020099708,856.3946069743145
47.38697814941406,6.005920444042539,1.207682114533437,1.6417545711447252,2.264166340413761,5.1925322390711965,26.501543430657467,535.188885041953,1123.0341502342687,891.1486215102327
47.38911819458008,6.004921213327663,1.207426522133116,1.6413848227421937,2.26363180449,5.191163842961664,26.492727254157607,534.7705532971336,1123.0460450956975,891.9307193209748
47.44792556762695,5.977538130202029,1.20042946207273,1.631265685359816,2.2490048818811896,5.153740054129088,26.2520110871097,523.3890973017772,1123.3711472217774,913.2135532211104
47.46492385864258,5.969649903876735,1.1984165418896158,1.628355542595255,2.244798993874123,5.142986629970955,26.18298444649657,520.1404916571007,1123.464488372828,919.2901598874384
47.47966766357422,5.96281760332225,1.1966740654645944,1.625836687207369,2.2411588430526264,5.133682546019836,26.123311587960213,517.3377839154924,1123.5452226352409,924.533473163354
47.48421859741211,5.960710518461333,1.1961368795835658,1.6250602148510305,2.240036725179314,5.130814994622801,26.10492970147853,516.4755042227966,1123.5701002075466,926.146779990632
47.4883041381836,5.958819655686123,1.1956548867226986,1.6243635570288504,2.2390299520133508,5.128242416052494,26.088442509774936,515.7025402728785,1123.592416684846,927.593041658661
47.51482009887695,5.94656437977998,1.1925326419426876,1.6198512238345066,2.232509645972419,5.111585761710503,25.981779623104224,510.7120137428356,1123.7368643671011,936.9321095799096
47.533451080322266,5.93797082386203,1.1903450008382437,1.6166902241592986,2.227942556368204,5.099923448464372,25.90718748784051,507.2326642223428,1123.837954710467,943.4448516808228
47.53921127319336,5.935316841642857,1.1896696567773346,1.6157145107101,2.2265329005958785,5.0963246528754365,25.884184306072825,506.161485925074,1123.8691420033608,945.4501986834956
47.54547119140625,5.93243416229884,1.1889362829303112,1.6146549860537638,2.225002203674141,5.092417288844537,25.859216811655248,504.9998115867546,1123.9029991054986,947.6251202549738
47.547306060791016,5.931589514293979,1.1887214295973043,1.614344589645682,2.2245537822883463,5.091272704771395,25.8519046804908,504.65978920059416,1123.912916027254,948.2617518268268
47.54800796508789,5.93126644231853,1.1886392532098358,1.614225871504181,2.2243822744188426,5.090834945848263,25.849108264442684,504.5297758868557,1123.9167087639894,948.5051824817168
47.59154510498047,5.911266789489746,1.18355595411163,1.6068837838235892,2.213776485504856,5.063775380788132,25.676452301150235,496.5277812037526,1124.1510490838857,963.4919693952248
47.59609222412109,5.909182485652565,1.1830266210896991,1.60611942847927,2.2126724459517724,5.060959786325588,25.658509800677173,495.6991171281826,1124.1754209535188,965.0444583211896
47.62373352050781,5.896530483497569,1.1798152621421532,1.6014831622215269,2.205975868681996,5.04388713390638,25.54980366389545,490.690614544753,1124.3231568181225,974.4299429524568
47.65098190307617,5.884088847472357,1.1766603147364734,1.5969292849258618,2.199399243090544,5.027128770020313,25.44325112442029,485.80176042373125,1124.4680945026998,983.5949283983732
47.73979949951172,5.8437443779418015,1.16645027901097,1.5821988060066337,2.178130520668871,4.972992971819573,25.100076443367147,470.1996449516474,1124.935769707365,1012.871028475432
47.82854843139648,5.803749178935937,1.1563602033255025,1.5676516894627197,2.1571336322566848,4.919636606013965,24.763377402396568,455.1165646836991,1125.3959285095316,1041.2182574354588
47.842750549316406,5.7973782239444045,1.1547558109008391,1.5653395955232026,2.153797034458835,4.911165860961953,24.710063326294083,452.7495901807864,1125.4689119692894,1045.6712427533594
47.86667251586914,5.7866651974950045,1.1520597317480272,1.561454830689533,2.1481913260565597,4.8969397504188255,24.620610460496387,448.7916329465545,1125.5914411386632,1053.120236822606
47.87710571289063,5.782000006721175,1.1508863404326737,1.5597644148915302,2.1457521421262475,4.890751712608452,24.581733539457097,447.0767840555409,1125.6447222692202,1056.348785416541
47.960086822509766,5.745048889330152,1.1416067393992215,1.5464010796215852,2.126473947347291,4.841886462628809,24.27544769306188,433.6814865830164,1126.0651098325793,1081.593405845418
47.97881317138672,5.7367478205052045,1.139525692650607,1.5434052324648897,2.122153346410639,4.830944738761055,24.20703947096827,430.71806568856806,1126.1591536819349,1087.184587740638
48.08597183227539,5.68951151568565,1.1277088288605208,1.5264019657573773,2.0976392062094598,4.768931561939525,23.82052745523349,414.17555902302513,1126.6915561507333,1118.4418612434215
48.11735534667969,5.675762445183791,1.1242772951308848,1.5214673509095378,2.0905266620500447,4.750960825938359,23.70890134575263,409.4629529048559,1126.845650102637,1127.3615315980535
48.221458435058594,5.630427961331728,1.1129886951942554,1.5052416851666752,2.0671488367151403,4.691960563014606,23.343614505638048,394.2506259972712,1127.3509712018592,1156.2041743460672
48.24120330810547,5.621876642153605,1.110863709988981,1.5021889614694213,2.0627517575148238,4.680875049954853,23.27518520324588,391.4371301926223,1127.4458152597051,1161.5473605657917
48.41450881958008,5.547457584043604,1.09242983580129,1.4757279002696977,2.0246513597172813,4.5849852713353165,22.68594467141916,367.6956409434816,1128.264929991229,1206.7552117514838
48.54743194580078,5.491147821708577,1.0785514969551795,1.4558293753170175,1.9960200905261167,4.513121855168175,22.247462122844578,350.60574303357043,1128.8773284500944,1239.4429589255942
48.58879852294922,5.473758330951629,1.0742776485310117,1.4497059189854844,1.9872128266407043,4.491048200211203,22.113317462625908,345.4777476945176,1129.065175883152,1249.2774484067552
48.59085464477539,5.472895642667977,1.0740657718262645,1.4494023987998026,1.9867763306069317,4.489954588574467,22.106678044962308,345.22517044033793,1129.0744793965032,1249.7621697608315
48.64283752441406,5.451136999365896,1.0687265022013823,1.4417553698661068,1.9757802118405132,4.462417857006745,21.939701499078502,338.9113173468737,1129.3086466232944,1261.8893439864446
48.67060470581055,5.439555163473525,1.0658881729598784,1.4376915540771669,1.969937565801302,4.447796557802026,21.85119908980037,335.59473811775194,1129.4329112284613,1268.267645511375
48.694969177246094,5.4294158554607685,1.0634056870781594,1.4341376866065314,1.9648286844572875,4.4350169236711965,21.77393444211701,332.71630375836594,1129.5414822261264,1273.807950920326
48.72106170654297,5.418581508598862,1.0607552808689784,1.4303440324696866,1.9593757618963488,4.4213822723533145,21.691593226668672,329.66626361352513,1129.6572737454956,1279.683341136477
48.730262756347656,5.414766912300126,1.059822673266151,1.4290092657320348,1.9574574122897752,4.416586901045546,21.662656189621146,328.5986898678399,1129.6979876385635,1281.7410234657275
48.73735427856445,5.411829001571222,1.059104582602858,1.4279815848582884,1.955980479265388,4.412895452553154,21.640388739480883,327.7786980484766,1129.729325244285,1283.3219271619855
48.75244903564453,5.405581566243908,1.0575781001360862,1.425797199650862,1.952841382070848,4.405050923576442,21.593092624434327,326.04143076738126,1129.795908455268,1286.6725082628882
48.810184478759766,5.381762141681473,1.0517648555364645,1.4174808139082429,1.940892415243032,4.375208299567637,21.413456853711203,319.4977238122275,1130.049071548991,1299.3081560792411
48.85785675048828,5.362185230152458,1.0469952842085393,1.4106599085665734,1.9310946342857045,4.350758839288776,21.26662920331436,314.21349189302333,1130.256321551231,1309.529778256073
48.88638305664063,5.350509879062207,1.044154180055299,1.4065984246334629,1.925261602481745,4.336211095708181,21.17941067784723,311.1020203153069,1130.379570988826,1315.556256106548
48.89107131958008,5.348593836289501,1.043688168304516,1.405932338961812,1.924305064272892,4.333826047238244,21.165122083367347,310.59423406817723,1130.399772359686,1316.540322823978
48.91096115112305,5.340473807949146,1.0417140072342672,1.403110872647313,1.920253526290745,4.323725904576707,21.104645820058217,308.4511230358149,1130.4853056431343,1320.695318868586
48.91877365112305,5.337288214760921,1.0409398528845302,1.402004570634046,1.9186650281214928,4.319766813283827,21.08095434639395,307.61425171624205,1130.5188268410077,1322.318590165415
48.93040084838867,5.332551183877362,1.0397890212181495,1.400360115246798,1.9163038989177028,4.313883034480877,21.04576023095538,306.37386087293174,1130.5686373894728,1324.725369196587
48.956539154052734,5.3219197520739705,1.0372077013641468,1.3966721828891528,1.9110091678508792,4.300693129612365,20.966927426314577,303.6075964932586,1130.6802717162625,1330.096360302115
48.976261138916016,5.313914218901347,1.0352653410995818,1.3938976268598096,1.907026135574843,4.290774612658199,20.907705778148745,301.5405389348216,1130.764191056218,1334.1129667076802
49.015357971191406,5.298084865128607,1.0314283193292395,1.3884177050648734,1.8991605474854305,4.271197671132473,20.790960870522994,297.4934549449148,1130.9297655730118,1341.9851478690057
49.01677322387695,5.297512878616628,1.0312897593291228,1.3882198480357475,1.8988765804569967,4.27049113715357,20.786751148252574,297.34820815563245,1130.935739610025,1342.2678762799474
49.031494140625,5.2915674829611,1.0298498863704673,1.3861639638939895,1.895925999645161,4.263150741408074,20.743030337332403,295.842554590355,1130.99779863481,1345.1995228021833
49.03644180297852,5.289570965672849,1.0293665115521824,1.3854738607376893,1.894935593752242,4.260687229067703,20.728363331670494,295.33861103815445,1131.018623535536,1346.181089107067
49.03854751586914,5.288721514388178,1.0291608742284333,1.3851802849196304,1.8945142731750044,4.259639307621578,20.72212528065002,295.1244538555103,1131.0274815365308,1346.59827026726
49.04904174804688,5.28449043529395,1.028136803665725,1.3837183590858249,1.8924162909403783,4.254421655508244,20.69107393671533,294.06000104210875,1131.0715824346355,1348.6723025505032
49.0722770690918,5.275136234628422,1.0258739212550785,1.3804884314796917,1.8877814946236149,4.242898043869088,20.622542831988813,291.71994828886,1131.1689622522135,1353.2345122329718
49.08740615844727,5.269055732037105,1.0244038746998083,1.3783904447241475,1.884771256263376,4.23541589511853,20.57808249755162,290.2086067790491,1131.232173702389,1356.1830730440258
49.10439682006836,5.262236607076439,1.02275608108217,1.3760390827464812,1.8813977035360816,4.22703293979623,20.528303147041505,288.52279833548903,1131.3029804938546,1359.4739075484754
49.11215972900391,5.259124359887998,1.0220043159646002,1.3749664540936208,1.8798588552417133,4.223209812305884,20.50561260208337,287.756590285358,1131.3352674984867,1360.9702748660427
49.12081527709961,5.255656725370346,1.0211669259294327,1.3737717467960608,1.8781449177195884,4.218952243534874,20.480352161509156,286.9052406181966,1131.3712198207074,1362.6334125095334
49.12736129760742,5.253035958911694,1.0205342045692192,1.372869077253176,1.876849999462341,4.215735925389934,20.46127560170325,286.2634495507755,1131.3983767936263,1363.8875158076603
49.128936767578125,5.252405426595148,1.0203819966972445,1.3726519371411132,1.876538508221807,4.2149623018792575,20.45668784902692,286.10925110986875,1131.4049085791685,1364.1888743598383
49.12958526611328,5.252145910604305,1.0203193527679355,1.3725625699146706,1.876410310021282,4.214643914343268,20.454799823999345,286.04580945868435,1131.4075967293218,1364.3128668894617
49.18231201171875,5.231094731337392,1.0152420784409233,1.3653209215541895,1.8660237172678449,4.188858505490327,20.30206341854325,280.9454449084568,1131.625229530502,1374.2908474869448
49.40189743041992,5.144457647906485,0.9944366611194276,1.3356762443418653,1.82353140067406,4.083586941499199,19.68200594623069,260.8856819330568,1132.512209103293,1413.731077215125
49.4143180847168,5.139606399944125,0.9932759212394366,1.3340237529804242,1.8211640281100188,4.077732572200262,19.64768712231902,259.8056187370188,1132.5614654144538,1415.8641240773431
49.43965148925781,5.129727975192605,0.990913730843572,1.3306613880041396,1.8163473990370609,4.065824545503159,19.577934849075408,257.62014285555784,1132.6616313566562,1420.1834268244068
49.44581985473633,5.127325998181424,0.9903396272230724,1.3298443141957108,1.815177022022529,4.06293169429769,19.56100064887702,257.0915274312067,1132.6859601125311,1421.2288035560557
49.52173614501953,5.097868996641429,0.9833081022204796,1.3198397424087775,1.8008488735194996,4.027539780602677,19.354162690101443,250.6967759897409,1132.9834606508696,1433.8950812089238
49.61751174926758,5.06098184478285,0.9745264062617468,1.3073530158079172,1.7829735133418008,3.983441918287364,19.097323933060764,242.9147012460473,1133.3537760764675,1449.3615413740035
49.63167953491211,5.055551205261859,0.9732357351213614,1.3055185759823658,1.780348087614557,3.9769703117620265,19.05971341568969,241.7898209910254,1133.408087244036,1451.602124727551
49.63231658935547,5.055307172953145,0.973177750140224,1.3054361669949683,1.7802301479098008,3.9766796255436088,19.05802455800641,241.7393973383808,1133.41052653094,1451.7025906126155
49.65244674682617,5.047603013848601,0.971347748878536,1.3028354974337353,1.7765083928451215,3.967507981691941,19.004760222657215,240.1529743398935,1133.4874806214605,1454.8647589051795
49.65351486206055,5.047194603061773,0.9712507688644372,1.3026976888776605,1.7763111829133211,3.967022070790555,19.00193948178437,240.06917072342637,1133.4915571097283,1455.031873710187
49.66339492797852,5.043418591487731,0.9703542847599288,1.3014238318950735,1.7744882889499245,3.962530926827811,18.975873987602235,239.29575939560183,1133.5292325417631,1456.5744933132328
49.68521118164063,5.03509218203363,0.968378399114454,1.2986165829722935,1.77047140339368,3.952636614908687,18.91848555288486,237.5992562024204,1133.6122193254168,1459.9604537331782
49.71635818481445,5.023231823100314,0.9655662211134364,1.2946218781839791,1.7647562815035522,3.938564623586024,18.836948274543825,235.2038005740402,1133.730213233256,1464.7465696594563
49.720359802246094,5.021710374405562,0.9652056897641386,1.29410977217524,1.764023713166295,3.936761305856327,18.82650647372327,234.89829549931264,1133.7453312423131,1465.3574074552637
49.73896408081055,5.014643775347948,0.9635317113250264,1.2917322380864775,1.7606228181842898,3.928391060244063,18.778060831787947,233.48462198049,1133.8154947532485,1468.1852653644216
49.77441787719727,5.001208530359154,0.9603517031646888,1.287216708537972,1.7541644166915646,3.912502109528955,18.686193671049224,230.82077557884304,1133.9486457305811,1473.5198410694543
49.77693557739258,5.00025601164696,0.9601263799319644,1.2868968253910475,1.7537069150337796,3.9113768572925256,18.67969240235664,230.6330979903489,1133.958073519391,1473.8959763948417
49.79168319702149,4.99468071790285,0.958807875105408,1.2850250796456093,1.751030027341564,3.904793739504491,18.641670477525487,229.53770320578715,1134.013223902709,1476.0921034096957
49.848087310791016,4.973422749879305,0.9537860602494171,1.277897846591404,1.740838998472567,3.879743658682031,18.4971875803069,225.40965010200696,1134.2229991629029,1484.3805413678597
49.87086486816406,4.964867491639991,0.9517676181613388,1.2750338497631126,1.7367444783024064,3.8696851229303735,18.439259586243416,223.76983604297368,1134.3071968685545,1487.6784790106342
49.87101364135742,4.964811667601136,0.9517544524531178,1.2750151699979777,1.7367177736643615,3.869619532657144,18.438882011710334,223.75917631766464,1134.3077458422636,1487.6999278223602
49.87735366821289,4.962433370124457,0.9511936014326086,1.27421944234457,1.7355802149831718,3.866825670217399,18.42280099801315,223.30551840173925,1134.3311288986488,1488.6128735643856
49.90746688842773,4.951154906145753,0.948535419228066,1.2704486229103522,1.730189966913139,3.853590210547304,18.34667246148089,221.16697578780503,1134.4418807819384,1492.9198015068705
49.907936096191406,4.950979402802676,0.9484940780739004,1.2703899801429883,1.7301061454926052,3.8533844351400894,18.34548954582158,221.133864700884,1134.4436024073743,1492.986528912445
49.91026306152344,4.950109125237185,0.9482890859878792,1.270099200135982,1.7296905196383563,3.852364126064062,18.339624533797483,220.9697502192306,1134.4521387174905,1493.3172816152155
49.96491622924805,4.929719248883016,0.9434905525739484,1.263293898443408,1.7199640846817146,3.828497373172932,18.20258170443208,217.1602694548364,1134.6517565134327,1501.0040862967137
49.990943908691406,4.920042716514764,0.9412160967287838,1.260069079586072,1.715355743240612,3.8171964977797455,18.137790404816226,215.3760646418148,1134.7462354967606,1504.6104831954267
50.01505279541016,4.911098872348692,0.9391154708547828,1.257091293830369,1.711100687543008,3.806766036841368,18.078045976549745,213.74038428146036,1134.833414608909,1507.9202273418214
50.018829345703125,4.909699539113667,0.9387869460973786,1.2566256480831544,1.7104353295021375,3.8051353939689374,18.06871071453913,213.485630240872,1134.8470417707588,1508.43602332173
50.0738525390625,4.889363163905245,0.9340170651381856,1.249866022045755,1.7007774670989728,3.781476831505364,17.93341423832457,209.81847059575423,1135.0446976026285,1515.8702663617428
50.10897064208984,4.876433948841073,0.93098893423542,1.2455758903128984,1.6946487181886123,3.766473248392213,17.847757928131646,207.52087912579884,1135.169986659875,1520.5371943418036
50.11836624145508,4.872981458909061,0.9301808919463568,1.2444312729598177,1.6930136258850623,3.7624717685011535,17.824932382392014,206.91176173079128,1135.203393581763,1521.775654542285
50.206661224365234,4.840672889462184,0.9226303836445562,1.2337392262355746,1.6777426609436783,3.725127489457013,17.61229268716462,201.30047973551152,1135.5150190774557,1533.2089397670832
50.228660583496094,4.83266100991732,0.92076118132543,1.2310932283085685,1.6739646276077658,3.7158955712986144,17.559830428439486,199.9335604727858,1135.5920167647623,1536.0009416663072
50.26800537109375,4.818369873764743,0.9174302671480906,1.226378733603683,1.6672341245246178,3.69945655114646,17.46651385705245,197.51918984987267,1135.729087066729,1540.9391543754696
50.27688217163086,4.815152260527725,0.9166808753401456,1.2253182130968323,1.6657202721334363,3.695760309784484,17.445550102554225,196.9797853664888,1135.7598999469208,1542.0436133976802
50.361061096191406,4.784760976871109,0.9096124596550712,1.2153184557478556,1.6514489974862674,3.660938379647253,17.24838039706289,191.95989867463675,1136.0500616988736,1552.34353797487
50.36924362182617,4.781818525021912,0.9089290471422072,1.2143518934112971,1.6500698686947368,3.657575563597676,17.229370882335253,191.4809971297199,1136.0780713070849,1553.3282240115348
50.3917121887207,4.773749467263128,0.9070557335939464,1.2117028053167742,1.6462901695250294,3.648361456760637,17.17731299599472,190.17407386711923,1136.1548068827162,1556.0173056787842
50.39487075805664,4.772616389876022,0.906792773606298,1.2113309946264814,1.645759683924804,3.647068516417735,17.170011344451257,189.99129753702675,1136.165573449797,1556.3935999415262
50.39761734008789,4.771631354140925,0.9065641898456868,1.2110077967901092,1.6452985629939016,3.645944691801504,17.163665379640207,189.8325505849642,1136.1749315403335,1556.7204672706655
50.43781661987305,4.757240797749939,0.9032268018012456,1.2062898772929531,1.6385677217850771,3.62954577703592,17.07113480677812,187.52908616941096,1136.3114580775234,1561.468053044241
50.46597671508789,4.747189574768545,0.9008980489302142,1.202998693166744,1.63387299645684,3.6181133408148978,17.006704275682317,185.937508260694,1136.40660882557,1564.7535440711329
50.49209213256836,4.737889806140816,0.8987450835996351,1.199956539270206,1.6295341166237989,3.607551374588276,16.947236405418764,184.47747693039693,1136.4944938259796,1567.7712524085634
50.4967155456543,4.736245558445573,0.8983645948446897,1.199418969746591,1.628767488129049,3.605685535937784,16.93673667707619,184.22058439280332,1136.5100171326749,1568.302595601634
50.49908447265625,4.735403336689526,0.898169719100189,1.199143653734564,1.628374857748384,3.60472999101654,16.9313601573948,184.08914290353965,1136.5179667600123,1568.5745063080794
50.50259780883789,4.734154558432014,0.8978807973196932,1.1987354839809976,1.627792765141419,3.6033134118257353,16.9233904048956,183.89443248084012,1136.5297516176956,1568.9773551417118
50.51371765136719,4.730204598251583,0.8969671551718346,1.1974447553123166,1.625952105688649,3.598834459969902,16.89819807750169,183.27996781771665,1136.5670104842422,1570.2490907465835
50.54799270629883,4.718053168423447,0.8941583116963283,1.1934774480209285,1.620294916136804,3.585072536948057,16.820854453686017,181.4030767387094,1136.6814672027106,1574.137711261195
50.55403137207031,4.715915982184083,0.8936645769962808,1.1927801937810258,1.619300763686084,3.582654810339389,16.80727578624754,181.07505458811508,1136.7015720505046,1574.817959385802
50.58771514892578,4.704014917337245,0.8909168886493708,1.1889002848247825,1.6137692292674206,3.5692059764871704,16.731795747332594,179.259758410445,1136.8133867121164,1578.5859798990543
50.66037368774414,4.678459581131186,0.8850261546071411,1.1805855762721396,1.6019170156173828,3.540410175095585,16.570480696319397,175.42584514593693,1137.0526849896887,1586.5638609537623
50.67996597290039,4.671595702572222,0.8834461590382834,1.178356238506116,1.5987396523237551,3.532695276474387,16.527329931821342,174.41080535296422,1137.1167718973195,1588.680638023432
50.6835823059082,4.670330030676855,0.8831549126037141,1.1779453333994103,1.5981540455277607,3.531273584898765,16.51938121569174,174.22430865501383,1137.1285807372485,1589.0697743805508
50.69899368286133,4.664940610886655,0.8819151091113642,1.1761962228988154,1.595661445997806,3.525222944885276,16.48556271469284,173.43251636076317,1137.178834631217,1590.7226400166126
50.70813751220703,4.6617463217018,0.8811805686669952,1.175159989816312,1.5941848212352658,3.521639121058734,16.465540269293122,172.9650065176461,1137.208597079503,1591.6991351333809
50.754844665527344,4.645468554653899,0.8774404275273496,1.1698847935050094,1.5866685066624455,3.5034037715722217,16.363758017144015,170.60307057084535,1137.360000326106,1596.639088991088
50.77168273925781,4.6396162906411815,0.8760969599403945,1.1679904222971618,1.5839696710204934,3.4968589461225186,16.32726637545198,169.7621826928701,1137.41432656425,1598.40046542754
50.77500915527344,4.6384611490413,0.8758318656033233,1.1676166500148264,1.583437177480196,3.4955678175668887,16.320069905549122,169.5967200666914,1137.4250429656372,1598.7472210868475
50.80993270874024,4.626353223637432,0.8730546918393377,1.163701488794992,1.57786001280516,3.4820482672333988,16.244764132318437,167.8725357127459,1137.5372369063562,1602.3638553564858
50.81867218017578,4.623328945075258,0.8723614404161266,1.1627243095286244,1.5764681475736482,3.4786752663993226,16.22599007119758,167.4447479500616,1137.56522297412,1603.2621217494498
50.83359146118164,4.6181713593967135,0.8711795819353778,1.1610585281847126,1.57409555842596,3.4729265901610216,16.194005739267833,166.71784052227878,1137.612915476699,1604.7893469291332
50.8387336730957,4.616395219935559,0.8707727038370028,1.1604850755685463,1.5732788177388577,3.4709479490919577,16.18300074289148,166.46828029933693,1137.6293294064546,1605.3139241059998
50.86649703979492,4.606819282146189,0.8685800021677186,1.157395086455149,1.568878291640568,3.46028959942561,16.123751802079305,165.1295106269618,1137.7177364349195,1608.1302584447956
50.87075805664063,4.605351611442807,0.8682440826550872,1.1569217625636612,1.5682042738211197,3.4586574312553773,16.114683532969092,164.92532347096383,1137.7312729867413,1608.5601345120044
50.89291000366211,4.597730126795598,0.8665005022610804,1.1544650082247536,1.564705998703175,3.4501877458619283,16.06764688504616,163.86925815741847,1137.8015101020792,1610.784893759064
50.9105224609375,4.591680771386763,0.8651173926547571,1.152516364622509,1.561931495022907,3.443472181621133,16.03037653183344,163.036088944345,1137.8571915547543,1612.5417827429328
50.92544555664063,4.586562222738164,0.8639476544388424,1.1508685045948508,1.55958541617689,3.4377948344249285,15.998885192823726,162.33459777806053,1137.904258506588,1614.0221745589745
50.95006561279297,4.578131875050369,0.862022218638589,1.148156392574302,1.5557243919689387,3.4284540556214456,15.947106531817164,161.1861376025467,1137.981685327843,1616.4481608234328
50.95427322387695,4.576692888319725,0.8616936923139786,1.147693691825424,1.555065724096168,3.42686087809283,15.938279291697231,160.99095978424344,1137.9948898750904,1616.8607411698677
50.99517822265625,4.562730337660319,0.85850806488583,1.14320769834737,1.5486801952851414,3.4114208006607694,15.852794880903504,159.1100028741966,1138.1228385417187,1620.8412151494365
51.02079772949219,4.554010092600278,0.8565204143626468,1.1404092498068492,1.544697253725949,3.4017946883626484,15.799558502188937,157.94699907363147,1138.2025874046074,1623.306378631266
51.02485275268555,4.55263160109459,0.8562063362554218,1.1399670989160344,1.544068007536683,3.40027419458432,15.79115360486418,157.76397294684006,1138.2151827112702,1623.6946136273282
51.05615234375,4.542007403034312,0.8537868881017081,1.1365614942952875,1.539221667916049,3.388566428803021,15.72647358900635,156.3608359222104,1138.312152805724,1626.6735355672845
51.06690216064453,4.538365045730313,0.8529579171195423,1.1353948529423277,1.5375615704893382,3.3845570345337306,15.70433872808394,155.8828196998502,1138.3453554562636,1627.6894392964105
51.06810760498047,4.5379568149196965,0.8528650218204307,1.1352641254024576,1.5373755505357274,3.384107804307466,15.701859140710836,155.82933994131258,1138.3490754458685,1627.8031307003175
51.07990646362305,4.533963263831855,0.8519564287688588,1.1339855761735849,1.5355562584071216,3.379714678086685,15.677615794311231,155.30718830348144,1138.3854522546158,1628.9135175416263
51.087039947509766,4.531550748858754,0.8514076853083586,1.133213457140033,1.534457633045481,3.377062122457568,15.662982062477273,154.9926468877734,1138.4074151454367,1629.582722067415
51.10707092285156,4.524784166218282,0.8498691496814488,1.1310488353990202,1.5313779417009834,3.36962757477526,15.621985052369734,154.11400072687113,1138.4689660338556,1631.4533478538274
51.126007080078125,4.518398003600716,0.848417956389697,1.129007310009924,1.5284736380289197,3.362618125067745,15.583356825727495,153.28956261434658,1138.5269886609665,1633.210262365336
51.145469665527344,4.511844971052204,0.8469296647912138,1.126913848748914,1.5254957516076169,3.3554328781268845,15.543783858422508,152.44841299696648,1138.5864587176593,1635.0045006359176
51.1892204284668,4.497153653795779,0.8435959040282857,1.1222256663967372,1.5188277079634998,3.3393511690587725,15.455301792098798,150.58024463876473,1138.7195342680757,1638.995721267559
51.2300033569336,4.483507874368677,0.8405032591015746,1.117877530439371,1.5126446017333826,3.324447139008809,15.37341016468005,148.86663929229917,1138.842827589384,1642.6644719212118
51.25965881347656,4.473614817079054,0.8382633797214463,1.1147291521509777,1.50816808057871,3.3136617682449105,15.31421600782169,147.6371593482589,1138.9320265729398,1645.3013895664585
51.32781600952149,4.450971375694209,0.8331436634502112,1.107536236759858,1.4979417654063418,3.28903880005233,15.179286322994177,144.86323669635414,1139.1355957332073,1651.2653794115097
51.35601806640625,4.441640107271855,0.8310366532255249,1.104577285710278,1.4937356009443217,3.2789172242071536,15.123905847718667,143.73615645571587,1139.219247319354,1653.6945492973691
51.356746673583984,4.441399328843176,0.8309823092588252,1.104500972792125,1.4936271280362994,3.2786562452211325,15.122478545492164,143.70719636091482,1139.2214039982402,1653.757012195388
51.37995910644531,4.433736204108797,0.8292532943175304,1.102073274167819,1.4901763850555645,3.270355307516657,15.07709774586167,142.78870768266805,1139.289995105892,1655.7392674484015
51.43994903564453,4.414001320616536,0.8248056463786979,1.0958300394109086,1.4813039322996724,3.249023853894968,14.960631244425638,140.45169601181095,1139.466209104833,1660.7936044837193
51.4712142944336,4.403755693870419,0.8224994412637601,1.092593714142514,1.4767060113907229,3.237975301162097,14.900393545970056,139.25433287222256,1139.5574503688413,1663.3892336931012
51.49838638305664,4.394873366458517,0.8205016907325329,1.0897908751934675,1.4727245933414386,3.2284112806509127,14.848296995594731,138.2250026201023,1139.636416687074,1665.6239461856906
51.56479263305664,4.373251132586244,0.8156451391709902,1.0829786559989076,1.463050177243579,3.205185794544241,14.721965224070289,135.75271841412547,1139.82812257745,1671.0042537350594
51.66356658935547,4.34131281151466,0.8084882092275643,1.0729441958606418,1.4488052666818254,3.171023645018826,14.536613585725974,132.18587194277552,1140.1099460243518,1678.7997135067644
51.67535400390625,4.337519104807598,0.8076394323743069,1.0717545042618486,1.4471167908925993,3.166977380451258,14.51469609679748,131.76880700063518,1140.1433154625506,1679.7138523760243
51.68032455444336,4.335920490546117,0.8072818497026353,1.0712533275414524,1.4464055479113078,3.165273080658388,14.505466710830811,131.59347762104,1140.1573701168002,1680.098313544518
51.68601608276367,4.3340908177669055,0.8068726413138637,1.0706798141851563,1.4455916658629038,3.163322980216787,14.494907936848875,131.39310864053368,1140.1734512724963,1680.5378032655703
51.70682144165039,4.327409900650116,0.8053789953170989,1.068586660217924,1.4426213559698646,3.156207232349612,14.456394770079967,130.6642041874228,1140.2321259397258,1682.1376859616207
51.71910095214844,4.323472242376769,0.8044990897832154,1.0673536920349256,1.440871770508454,3.1520168333278105,14.433725839948377,130.23659455227644,1140.2666754343825,1683.0770622061086
51.74958801269531,4.313713596164394,0.8023196892113198,1.0643002244562243,1.4365392268024195,3.141642942549732,14.377642132248823,129.1831968011672,1140.3521951113346,1685.3937558065982
51.76670455932617,4.308245690675321,0.8010993318717068,1.0625907297896633,1.4341138959683324,3.135837407317219,14.346277919972437,128.5968932681185,1140.4000480934803,1686.6847948575823
51.81242752075195,4.293677991344085,0.7978509767899932,1.058041048809113,1.4276601597821954,3.120394801241756,14.262927645299785,127.0484948445787,1140.527312370649,1690.0999695624234
51.81731796264648,4.292123176889231,0.7975045300444438,1.05755588826155,1.4269720125686849,3.118748709412211,14.254049677402383,126.88439725263692,1140.5408759238014,1690.4623877977788
51.81889343261719,4.291622424818859,0.79739296104102,1.057399651683301,1.4267504106136937,3.118218645631209,14.25119112910856,126.83159465603823,1140.5452434762306,1690.579024929741
51.8614387512207,4.2781247815751,0.794387578386218,1.0531915849845672,1.4207823500986778,3.103946722237421,14.174275806081292,125.41699578724143,1140.662823786673,1693.7073885381687
51.86492919921875,4.277019562885679,0.794141642208907,1.0528472923723164,1.4202941210475255,3.1027794704985725,14.167989425394063,125.30190385802084,1140.6724390249906,1693.9622215950346
51.887882232666016,4.269759782052566,0.7925267313037228,1.050586806866388,1.417088668767319,3.0951172343102424,14.126739890200309,124.54866396285234,1140.7355513030052,1695.6311831706907
51.94444274902344,4.251930015712219,0.7885647784844292,1.0450425118571944,1.4092278428983531,3.076336767515386,14.025751870614242,122.71888828231005,1140.890208238903,1699.693933590471
51.94994354248047,4.250200496578551,0.7881807897481314,1.0445052505584664,1.4084662461071091,3.0745179246921235,14.0159798917407,122.54290837884297,1140.9051841987448,1700.085314456116
51.96246719360352,4.246265881722877,0.7873074565565935,1.043283375738063,1.4067342013204969,3.0703819685780345,13.99376479396733,122.14354665305254,1140.9392370333603,1700.9739220400388
52.04722595214844,4.219745387897071,0.7814287521093564,1.0350606832358626,1.3950805291080468,3.0425714199374205,13.844600678132515,119.48718017993592,1141.1681449969724,1706.8997279009077
52.21668243408203,4.167284036962814,0.7698398364444441,1.0188644781319218,1.372139294845482,2.987903653034249,13.55245969754714,114.4098765081783,1141.6177852734736,1718.3027531608773
52.28733825683594,4.145628484171771,0.7650715526171574,1.0122056889887034,1.3627123135114507,2.965471748530708,13.43299063854422,112.3805654348838,1141.8021711831234,1722.8899062713697
52.29216003417969,4.144155288848046,0.7647474988393355,1.0117532530345157,1.362071910145795,2.9639485592149835,13.424887108648631,112.24389387382962,1141.8146888520305,1723.1994749105452
52.343658447265625,4.128457952952921,0.7612970953001901,1.006936878295961,1.3552551144941938,2.947741258037154,13.33872847019451,110.79839118742557,1141.9478649359407,1726.4785751691252
52.35924530029297,4.1237201806479735,0.7602565877192661,1.0054848052397678,1.3532001810876946,2.942857702466529,13.312791177824488,110.36595271069248,1141.9879871672074,1727.4613339285895
52.37000274658203,4.120453940057129,0.7595395080145306,1.004484177806886,1.351784205987406,2.939493124041783,13.294927994190818,110.06885823617368,1142.015627881456,1728.1369904243024
52.37599563598633,4.118635612355928,0.7591404081502979,1.0039272746436172,1.3509961733304818,2.937620825607749,13.284989875604236,109.90382797900256,1142.0310085933932,1728.5124743719507
52.43967819213867,4.099369566939322,0.7549154831519227,0.9980335659452344,1.3426573240238242,2.917816664987836,13.179971287347598,108.17107734443364,1142.193670161994,1732.4623105651317
52.4404182434082,4.099146278891993,0.7548665574833999,0.9979653305957256,1.3425607916121032,2.9175875010700105,13.178757134973605,108.1511636588193,1142.1955521038371,1732.5077835991185
52.454193115234375,4.094992638590337,0.7539566029686128,0.9966962998357398,1.34076557355313,2.913326067105116,13.156183815880349,107.78142491937582,1142.2305466342173,1733.3524160739937
52.49665832519531,4.082217802893943,0.7511601716826153,0.9927968414066476,1.3352499100950732,2.9002374682289096,13.086906408525634,106.65252529286772,1142.3380134576562,1735.9352043770432
52.50370407104492,4.08010260561031,0.7506974609779877,0.9921517002288688,1.3343374831225587,2.8980728768294144,13.07545736265265,106.4668028164245,1142.3557838404158,1736.3606871269048
52.5133171081543,4.077218706948171,0.750066721207959,0.9912723526064112,1.3330938599060027,2.895122816250148,13.059857238401438,106.214128108921,1142.3800017120716,1736.9398164740558
52.518367767333984,4.075704443159874,0.7497355963559047,0.9908107566354027,1.332441047632439,2.893574353974139,13.051670538810992,106.08170573217151,1142.3927129623116,1737.243448874896
52.51937484741211,4.075402581412932,0.7496695931778217,0.9907187484012556,1.332310926470066,2.893265719689831,13.050038933213507,106.05532856393194,1142.3952464831646,1737.3039392558055
52.58350372314453,4.056232660362595,0.745481732399278,0.9848817751624784,1.3240576090089484,2.8736967348788167,12.946677760769251,104.39418496124712,1142.5558610133714,1741.120139913313
52.59637069702149,4.052398700450436,0.7446450235973598,0.98371583415035,1.3224092558022962,2.86979035555403,12.926065496827867,104.06522887487858,1142.5879182753315,1741.877449361134
52.59785461425781,4.051956802583114,0.7445486061879029,0.9835814796761048,1.3222193178865809,2.8693402647673865,12.923691030243454,104.02738340587608,1142.5916117500578,1741.964609717344
52.6146125793457,4.046970203110606,0.743460834439265,0.9820658727175408,1.320076669256307,2.864263423670039,12.896914830955238,103.60131065906936,1142.6332706166168,1742.9463673478172
52.63432312011719,4.04111389352604,0.7421839477468819,0.9802869877574154,1.31756198865055,2.85830637025199,12.865511911966898,103.10325204146493,1142.6821478900497,1744.0951353197906
52.63661956787109,4.040432206287649,0.7420353617516524,0.980079993717523,1.3172693885774664,2.857613319238031,12.861859582934676,103.04543953582454,1142.687833994269,1744.228559430631
52.640113830566406,4.039395203948144,0.7418093449744345,0.979765137214664,1.3168243257801469,2.8565591751430954,12.85630476682435,102.957558342002,1142.6964825344392,1744.4314103476822
52.65854644775391,4.033929879981365,0.7406184961827783,0.9781063518945998,1.314479754564567,2.851006402490313,12.8270531440109,102.49568775304274,1142.7420365949597,1745.4981558302372
52.71702194213867,4.016646976814196,0.7368565196631409,0.9728673249495056,1.3070762949031105,2.8334791259857104,12.734818241306224,101.0492886357537,1142.885799577516,1748.845786815364
52.75167846679688,4.006443540902572,0.7346384804832078,0.9697789969926648,1.3027126765206816,2.8231543923277567,12.680554381089566,100.20536178982113,1142.9704667414026,1750.8039981687912
52.77385711669922,3.999929198847565,0.7332235571786666,0.967809107725248,1.299929604509561,2.816571573185088,12.645983290038997,99.67039889225576,1143.0244418769755,1752.0472333555226
52.77398300170898,3.999892258199379,0.7332155360959038,0.9677979409751308,1.2999138292963226,2.8165342642252704,12.645787410089058,99.66737376568965,1143.0247477753346,1752.0542679375026
52.78599166870117,3.9963701157950986,0.7324508742255187,0.966733459127421,1.2984100470709965,2.812978030389173,12.627119495286715,99.37937856502796,1143.053904692415,1752.7241895655984
52.8233528137207,3.985434479739994,0.7300781980112045,0.9634310266028306,1.2937451148663182,2.80194979239987,12.56926500421299,98.49070873047874,1143.1443150893997,1754.794164035161
52.82604598999024,3.984647492179527,0.7299075328937122,0.9631935193561466,1.2934096373416804,2.8011569167829085,12.565107659488495,98.42707491192216,1143.1508147053505,1754.9425488785369
52.82807159423828,3.984055695113744,0.7297792041011828,0.9630149323953768,1.293157386632658,2.800560761441764,12.561981972617758,98.3792518624634,1143.155701669843,1755.0540797045817
52.88496017456055,3.967475835843069,0.7261866131947797,0.9580164494289178,1.2860977398022226,2.78388178426148,12.474602919242088,97.04919488167688,1143.2924068664345,1758.1609748533076
52.912635803222656,3.959438189332261,0.7244469133867494,0.9555965157254038,1.2826805242943022,2.7758122290135097,12.43237550403514,96.41113500848576,1143.3585343907234,1759.654888760057
52.943153381347656,3.9505964866490006,0.7225345643051979,0.9529369563589466,1.2789253823211704,2.7669477863699616,12.3860234627743,95.71427304500654,1143.4311674994876,1761.28908414101
52.98807907104492,3.937620936532386,0.7197307417127955,0.9490386901679252,1.2734222601013478,2.753962293201551,12.318188246414213,94.701046234158,1143.5375519805425,1763.6701020529774
53.017677307128906,3.929098596558824,0.7178908911741352,0.9464813499053808,1.2698126767435722,2.745448340276877,12.273755751416669,94.04161309296936,1143.607291231815,1765.222904654928
53.0201530456543,3.928386691498037,0.7177372621250058,0.9462678354049208,1.2695113260500068,2.744737698256266,12.270048470552515,93.98674370239463,1143.6131120250916,1765.3522225928623
53.023414611816406,3.927449045880375,0.7175349317902043,0.945986643924465,1.2691144568775243,2.743801837077639,12.265166630382817,93.9145258743148,1143.6207774571617,1765.522454752897
53.04946899414063,3.919967954225978,0.7159212307658402,0.9437442407630076,1.2659497246463287,2.7363400224019454,12.226257678691567,93.34037979807144,1143.6818911727155,1766.8769235565364
53.05872344970703,3.917314560981676,0.7153491452858636,0.9429493445510636,1.2648280365683142,2.7336956356675337,12.212475131026384,93.13761549437788,1143.7035473601754,1767.3557298677567
53.10594940185547,3.9038057727304976,0.7124385897371394,0.9389059972978624,1.2591230187295208,2.720250629533493,12.142449685206868,92.11235049596736,1143.813643499804,1769.7805400172283
53.15084457397461,3.891012477636056,0.7096853062535559,0.9350824946333464,1.253728953803087,2.7075455276288816,12.076354880250983,91.152138101765,1143.9176639379905,1772.057259679809
53.15102767944336,3.8909603972503777,0.7096741040413626,0.9350669402728292,1.2537070120729208,2.70749386037184,12.076086255431662,91.14825034427348,1143.9180869118836,1772.0664892485336
53.21836471557617,3.871861369981615,0.705569931547594,0.9293687977783942,1.245669776210244,2.688576595337048,11.977813981470607,89.7339763314227,1144.072937913858,1775.430216005644
53.27470397949219,3.8559631303432895,0.7021587342410301,0.9246347382189616,1.2389938058040606,2.6728750480113237,11.89637401399737,88.57396670477715,1144.201436292768,1778.198617765751
53.2890853881836,3.851916708390221,0.7012912606095646,0.92343118806752,1.237296729123686,2.668885270778979,11.875698232838182,88.28119205875156,1144.2340835906234,1778.8986999571923
53.29397201538086,3.850542874116044,0.7009968066641507,0.9230226828596506,1.2367207310180892,2.667531280869904,11.86868324124886,88.1820163352471,1144.2451625698768,1779.135974765306
53.31150817871094,3.845617277758669,0.6999413918990945,0.921558606521821,1.2346564299200922,2.662679382843801,11.843552568965915,87.82738377189625,1144.2848615531752,1779.9849464263482
53.34555816650391,3.836073565369689,0.6978977903671766,0.9187242429522122,1.2306602731095206,2.653289551230504,11.79494957753369,87.14442181224054,1144.3616820749417,1781.622246281025
53.36806488037109,3.8297799639938552,0.6965511665036064,0.9168567711266432,1.228027667512149,2.6471054515780423,11.76296262533795,86.69702861129142,1144.4122698748947,1782.69647949222
53.40338516235352,3.819926739901146,0.694444463590306,0.913935695453008,1.223910231841543,2.6374367025841403,11.712986491214457,86.00132431322783,1144.4913554065938,1784.369595217736
53.43352508544922,3.811541319306217,0.692653060482707,0.9114523193196749,1.2204100490287653,2.629220723135441,11.670553606267475,85.41376692683019,1144.5585503488535,1785.7851800343556
53.44215393066406,3.809144466431008,0.6921412646397964,0.9107429078121488,1.2194102285834432,2.626874421911673,11.65844130265634,85.24657912401327,1144.5777386010705,1786.1884123688346
53.444183349609375,3.8085809972613625,0.6920209635505121,0.9105761612233724,1.2191752263724889,2.626322974983881,11.655594933032978,85.20732415387516,1144.58224831529,1786.283117406242
53.458763122558594,3.804535712933736,0.6911574653975814,0.909379336596004,1.217488549815764,2.622365506487549,11.635171890346264,84.92604405464004,1144.6146115822191,1786.9620338468158
53.47640609741211,3.799647000090886,0.690114395130372,0.907933707150432,1.2154513213409823,2.617586521548126,11.61051859205177,84.5873867057474,1144.6536912421973,1787.7801664518056
53.48628234863281,3.7969134701685032,0.6895313602987369,0.9071257285620172,1.2143127436179495,2.61491606187406,11.596746991459788,84.39862923912504,1144.675527762646,1788.2365153724654
53.55430603027344,3.7781463515175977,0.6855323180558967,0.9015852766040076,1.206506433914159,2.5966145117698,11.502454484043584,83.11427935943753,1144.8251602700975,1791.3482809546576
53.58588409423828,3.769469943452212,0.6836858519164452,0.8990276530203075,1.202903679542632,2.588172264236132,11.459012490987323,82.52726178397018,1144.8941694090472,1792.774447356769
53.597652435302734,3.7662422560239137,0.6829993384226167,0.8980768677372837,1.2015643934937348,2.585034708585508,11.4428759117381,82.30996620399873,1144.9198142619011,1793.3030018202198
53.599647521972656,3.7656953750790634,0.6828830422797371,0.8979158093392945,1.201337525318419,2.584503263651183,11.440143143102905,82.27320678692138,1144.9241579085033,1793.392450175765
53.61276626586914,3.762101587962273,0.6821189461766386,0.8968576617865053,1.1998470528725376,2.581012107512075,11.422194367118532,82.03206059403777,1144.9526913708146,1793.9794867490996
53.67251968383789,3.745781487820451,0.6786523488857255,0.8920579673226317,1.193086976032268,2.565184075208105,11.340890840744905,80.94599874830658,1145.082037055477,1796.6286598665793
53.69402694702149,3.73992697791352,0.6774101606999422,0.8903383360602903,1.190665349455781,2.559516472076048,11.31180634762821,80.55996935038384,1145.1283458115806,1797.5723965915
53.710445404052734,3.735464644682848,0.6764638319726685,0.8890283812543318,1.1888208796980722,2.555200307196216,11.28966718185871,80.26699459042258,1145.16360994778,1798.2893895719776
53.71592330932617,3.733977152723559,0.6761484827330125,0.8885918703090592,1.188206271502986,2.5537622438878054,11.282292814218804,80.1695744336243,1145.1753587574417,1798.5279487125254
53.73720932006836,3.728203409401041,0.6749248321073473,0.8868982129566578,1.1858217333371912,2.54818368288324,11.25369544975575,79.79257280403036,1145.220932479698,1799.451818691208
53.7560920715332,3.723090003841372,0.673841636524109,0.8853991559243779,1.1837113437284117,2.543247589651573,11.228403640690304,79.46019117584612,1145.261254895795,1800.2672470616435
53.756797790527344,3.722899051527474,0.6738011953207134,0.8853431928404804,1.1836325597174344,2.5430633398926585,11.227459786981733,79.4478060852617,1145.2627599697173,1800.2976476938472
53.78637313842773,3.71490651158322,0.6721090875276631,0.8830018630762224,1.1803367487657113,2.5353565434760656,11.187994921370793,78.93116854628529,1145.3257103685191,1801.5668518087607
53.7940673828125,3.712830362995568,0.6716697384837547,0.8823940245455408,1.1794811694906513,2.5333563132853216,11.177756631738202,78.79752556675442,1145.342047627995,1801.895505340055
53.81083679199219,3.708309976784408,0.6707134338389604,0.8810710617806936,1.1776190842818388,2.529003694221116,11.1554835150623,78.50733942942676,1145.3775975706458,1802.609609293497
53.83572006225586,3.701613855778814,0.6692975926775648,0.8791126035177343,1.1748626556497763,2.52256216225129,11.122536773861016,78.07947139723802,1145.4302054614795,1803.6637358524272
53.84847640991211,3.698186430928033,0.6685732315515251,0.8781107361195835,1.1734526405249983,2.519267937503465,11.105694502399954,77.86137901652606,1145.457108787743,1804.2016015552529
53.87394714355469,3.691353555241271,0.667129874848208,0.8761145505803123,1.1706434385580358,2.512706244062379,11.072161858315477,77.42843202938595,1145.510693606011,1805.2704717143745
53.88433456420898,3.68857106843325,0.666542359112163,0.8753020941216414,1.1695001775441605,2.5100363976965028,11.058523455929231,77.25282658174591,1145.532495581869,1805.7044392715552
53.89195251464844,3.6865319430567727,0.6661118938326294,0.8747068497129168,1.16866262858683,2.508080631173624,11.048534769593626,77.12439147895003,1145.5484660762886,1806.0219937951529
53.89375686645508,3.68604915139338,0.6660099864305957,0.8745659368340737,1.1684643631044187,2.507617672410726,11.046170564770792,77.09401431840557,1145.5522464583532,1806.097120512388
53.91313552856445,3.68086847524669,0.6649167248883885,0.8730543206310674,1.166337607966315,2.502652234725196,11.020819356124306,76.76880822733273,1145.592791819896,1806.90186667422
53.93238830566406,3.675729570650363,0.6638327713321914,0.8715557866365318,1.164229501941989,2.497731150107804,10.995705869389605,76.4475951757404,1145.6329729511815,1807.697577284222
53.95849990844727,3.6687728270928814,0.6623662032488442,0.8695286956343948,1.1613779538654971,2.491076118125122,10.961761205214486,76.01491965406204,1145.6873086200249,1808.7707419422816
53.9680290222168,3.6662377636942183,0.6618320057914917,0.8687904141424762,1.1603394479701694,2.4886529422254937,10.94940644896165,75.85786551761873,1145.707092017194,1809.160665731008
54.01432418823242,3.6539498959594754,0.6592444076945678,0.8652149363186006,1.1553102276726666,2.47692191758022,10.889633248893592,75.1012189531964,1145.802858861396,1811.0421029875463
54.04174041748047,3.6466948394067065,0.6577180685415707,0.863106353530523,1.152344483711866,2.4700069562247418,10.854429750175296,74.65805464648487,1145.8593026914525,1812.1462903977729
54.045204162597656,3.645779395403752,0.6575255444346976,0.8628404147631566,1.151970464608292,2.469135041092989,10.849992399874566,74.60232372962541,1145.8664195426354,1812.2852675377533
54.10182571411133,3.630851321404698,0.6543883786682703,0.8585076910928504,1.1458774705574,2.4549357535760805,10.777779468869891,73.69941325309654,1145.9823080099773,1814.5405827681989
54.11240005493164,3.6280710633705247,0.6538045702158541,0.8577015684614346,1.144743966034398,2.4522952108452403,10.764360928490577,73.53247079821043,1146.0038570797915,1814.9583485689373
54.12554550170898,3.624618165176445,0.6530797127835555,0.8567007553128966,1.1433367688254676,2.449017533444076,10.747709067921967,73.32566673861865,1146.030604799195,1815.4762032419355
54.16394805908203,3.614552241969989,0.6509678859769416,0.8537853721701806,1.1392381190390202,2.4394732351241526,10.699248758472896,72.72611471738769,1146.1084855819192,1816.979655305112
54.1770133972168,3.611134796091378,0.6502513850787555,0.8527963346749625,1.1378478188678405,2.4362365840142206,10.68282454632849,72.52368356837002,1146.1348945892896,1817.4879953902253
54.23014831542969,3.597274039436221,0.6473479060117892,0.8487887942340706,1.1322151692150055,2.4231281544189054,10.616356922126148,71.70841780156559,1146.2418405409182,1819.5389834737764
54.23255157470703,3.5966485424461885,0.6472169859545664,0.8486080967321448,1.1319612156243406,2.4225373270541044,10.613362982940416,71.67184452466714,1146.2466604078363,1819.6311324195208
54.24417495727539,3.5936250477135747,0.6465842539365682,0.8477348281326811,1.13073397009586,2.4196822852870783,10.5988977611842,71.49532179344538,1146.2699507599268,1820.0760648451
54.24706268310547,3.5928743308839364,0.6464271764478775,0.8475180460256636,1.1304293264628753,2.4189736174737435,10.595307854168755,71.45155970666522,1146.2757316549,1820.1864127957865
54.275146484375,3.585582629606629,0.644902030241518,0.8454133885439526,1.1274719411885965,2.4120949953933923,10.560474990595791,71.02789173228376,1146.33184066582,1821.255615360193
54.29784393310547,3.579701629327819,0.6436726646236794,0.8437171527756737,1.1250887276640182,2.4065533750683947,10.532428456371726,70.68801951016204,1146.3770408445253,1822.114537904997
54.39619445800781,3.5543439878223806,0.6383795712894118,0.8364165912471022,1.1148333103667158,2.3827232313378133,10.41197947943033,69.2410471947488,1146.571388200772,1825.7834089076343
54.40196228027344,3.552863179853335,0.6380708478282141,0.835990913926512,1.114235475020292,2.381334819075812,10.404969710931518,69.15746616561451,1146.5827101616164,1825.995939512189
54.44512176513672,3.541804737161472,0.6357666051872064,0.8328142070285972,1.1097744139814094,2.3709771135404485,10.35270501491863,68.5364561365279,1146.667166263143,1827.5771594517848
54.48525619506836,3.531556204587969,0.6336331771495144,0.8298737891212323,1.1056458884372131,2.3613952255973887,10.304399894732333,67.96587647338248,1146.745287011049,1829.0332796390223
54.503456115722656,3.5269198102623904,0.6326686890213328,0.8285447453630733,1.1037799826166266,2.357065922201623,10.28258831957541,67.7092984176702,1146.7805813974098,1829.6891105806296
54.506046295166016,3.5262605262337745,0.6325315760474088,0.8283558230597589,1.10351475043171,2.356450585921807,10.27948886801913,67.67289169568807,1146.785597789747,1829.7822214529072
54.519344329833984,3.5228779290889936,0.6318282160157782,0.8273867414924079,1.1021543187456668,2.353294571377047,10.263594798092804,67.48640462230179,1146.811326045728,1830.2593720378384
54.52066802978516,3.522541421570292,0.6317582560075834,0.8272903593113872,1.1020190122741973,2.3529807106530227,10.262014385223562,67.46788043041832,1146.8138846824986,1830.306787400424
54.57548904418945,3.5086366498974426,0.6288693730372817,0.8233110241576216,1.0964333728099505,2.34002765467507,10.196829568734028,66.70683840960945,1146.9194734871087,1832.2577593541364
54.630897521972656,3.4946456641275927,0.6259664577307343,0.819313470337224,1.0908237503072131,2.3270252410471763,10.131474873385464,65.94965375082921,1147.0254499116577,1834.2046757461644
54.704345703125,3.476196286267676,0.622144443374818,0.8140518668937267,1.0834423291494428,2.309926989771536,10.045652509776588,64.96414594077595,1147.1647882784107,1836.747551391512
54.73645782470703,3.4681645506757386,0.6204826365427671,0.8117647203473572,1.08023437768502,2.3025003490465354,10.00841779740758,64.53966520322177,1147.225302735927,1837.8459743674343
54.77665328979492,3.4581404835490908,0.6184103413146141,0.8089132211852706,1.0762353265711415,2.293245949720749,9.962054981928,64.01371585236184,1147.3007051425411,1839.209634807632
54.82000350952149,3.447366238054621,0.6161852734734321,0.8058519254343132,1.07194283453339,2.283316546416234,9.912355240893676,63.4531024531609,1147.3815983640332,1840.6664650878804
54.83982849121094,3.442451578022534,0.6151710751506657,0.8044567405534654,1.0699868257711227,2.278793322602692,9.889730397088854,63.19898107213851,1147.4184456438634,1841.3279655903043
54.85294342041016,3.43920471198106,0.6145012861098899,0.8035354302136717,1.0686952550316655,2.2758071379613964,9.874798951865287,63.031642733572816,1147.4427709543006,1841.7639503383623
54.86627578735352,3.435907542297796,0.6138213203952675,0.8026001923860286,1.067384224471237,2.272776388095606,9.859648982569254,62.86215672952935,1147.4674584674203,1842.2058466642743
54.88473510742188,3.43134839369901,0.6128814160291824,0.8013075474362116,1.065572283022266,2.26858842572084,9.838721243759627,62.62853249211943,1147.5015713106031,1842.815492850504
54.89108276367188,3.4297822044136246,0.612558621613539,0.8008636416362509,1.0649500750780978,2.2671504889352585,9.831537654594657,62.54847248184022,1147.5132835131467,1843.0245506738124
54.91860961914063,3.4229996464368484,0.6111612518608647,0.7989421691095551,1.062257027580316,2.260927834452593,9.800461776532211,62.20291918890904,1147.563966020552,1843.9277056864244
54.93578720092773,3.4187747890281326,0.6102912570895835,0.797746025719142,1.0605807331246493,2.257055437773099,9.781131969094004,61.98861776863079,1147.5955047924658,1844.4884901517253
54.94722366333008,3.415965236705861,0.6097128861907144,0.7969509339785806,1.0594665607240925,2.254481848426259,9.768289135991616,61.8465054047792,1147.616464966366,1844.8606574249936
54.96451187133789,3.411723028270372,0.6088398953948735,0.7957509125793628,1.057785107077187,2.250598254099387,9.74891514241584,61.63253005120036,1147.648092915787,1845.421454757176
54.98673248291016,3.4062791829496835,0.6077201360960028,0.7942118246746236,1.055628820218144,2.245618825764125,9.724084654666507,61.35900406361941,1147.6886439449,1846.1390878510133
55.00064468383789,3.402875786200794,0.6070203629131602,0.7932500983853403,1.054281516771486,2.24250816204178,9.70857888267213,61.18860292884298,1147.7139753231995,1846.5865934438089
55.03703308105469,3.393991984737534,0.6051948175474076,0.7907414983069958,1.050767540798086,2.234397139782386,9.668168596742134,60.74598147105519,1147.780023236045,1847.7505717647769
55.05705642700195,3.389114695295045,0.6041932129360996,0.7893654054896337,1.0488401147405109,2.2299493681000437,9.646022213667234,60.50430375307656,1147.8162392347667,1848.3870857047625
55.09206771850586,3.380605617340344,0.6024469016642883,0.7869665568200153,1.045480469310748,2.222198506458978,9.607451540815866,60.08490102532663,1147.8793464352302,1849.493311995928
55.119441986083984,3.373969362568692,0.6010858859655506,0.7850974614437909,1.0428629512813874,2.2161614887994787,9.577428844264064,59.7597707330159,1147.9284962507722,1850.3523203210789
55.1326789855957,3.3707656221200013,0.6004291281434296,0.7841956326542412,1.0416001666556662,2.2132495586978496,9.56295325707395,59.60342173775477,1147.9522028182291,1850.765851474164
55.14489364624024,3.3678123458858424,0.599823884506724,0.7833646303933909,1.0404365813037542,2.2105667207653514,9.549619965544474,59.45964798490763,1147.9740437645564,1851.1463815058487
55.1645393371582,3.363068474415537,0.5988520176400476,0.7820303829719126,1.0385684377134616,2.2062601334514165,9.528224045076255,59.22940756755599,1148.0091024192384,1851.756284946915
55.18107604980469,3.359081143959263,0.5980354667826047,0.780909477622913,1.0369991426542438,2.2026430483773094,9.510260649970425,59.03655455925976,1148.0385465302838,1852.2676441811293
55.183780670166016,3.3584295110597635,0.5979020494870108,0.7807263412933477,1.0367427588818332,2.2020521573987164,9.507326725206852,59.00509533098608,1148.043356421859,1852.3511027934055
55.20139694213867,3.354188680105989,0.5970340066144617,0.7795348097597841,1.0350747593031966,2.1982082019628906,9.488244624682956,58.800752919019175,1148.0746455792346,1852.8934996995492
55.2026596069336,3.353884945008188,0.5969718515714587,0.7794494925365691,1.0349553312473976,2.1979329986135454,9.486878737902572,58.78614393935333,1148.0768856293437,1852.9322966819043
55.237579345703125,3.345497228201751,0.5952560975091038,0.7770946684691412,1.0316591885013144,2.1903388949606626,9.44920158860078,58.38409791718784,1148.1386963596417,1854.0010393774476
55.25785827636719,3.3406370538571744,0.5942625192075832,0.775731264158623,1.0297509650351535,2.1859436686860594,9.427407221678044,58.1523551474091,1148.174468747229,1854.617981274217
55.264198303222656,3.33911918942802,0.5939523090436192,0.7753056377725284,1.0291552645509652,2.184571762173156,9.420606323394251,58.08016287971989,1148.185634188545,1854.8103070343493
55.32749557495117,3.324007714828883,0.5908668028476671,0.77107260907188,1.023231134678674,2.1709334535731566,9.353043202126422,57.366132435879,1148.2966268683122,1856.716061672468
55.33531188964844,3.322147017739707,0.5904872115724455,0.7705519016031446,1.0225025245529744,2.169256651677395,9.344742168209232,57.27879953063322,1148.3102725572244,1856.9495964832915
55.36100387573242,3.3160392323620798,0.5892416389430979,0.7688434677526261,1.020112070567571,2.163756230556967,9.317521719753358,56.99302511583318,1148.3550325405286,1857.71445966981
55.39607620239258,3.3077218632206105,0.5875466235458103,0.7665189915207681,1.0168599206755942,2.1562754400167856,9.280522951152047,56.60607093709111,1148.4159053830504,1858.7517990168203
55.46931838989258,3.2904279234581457,0.5840267866001154,0.761693465613158,1.0101095479024822,2.140756136581284,9.20384866480621,55.80956509694102,1148.5421793538765,1860.893191932263
55.48014450073242,3.2878802740642805,0.5835087853753205,0.7609834691732971,1.0091164807707782,2.1384739558399217,9.192582784190918,55.69314160611545,1148.5607475420622,1861.206893997976
55.48360061645508,3.2870674310508416,0.5833435394966637,0.7607569897639209,1.0087997124720087,2.137746036939161,9.188989905981938,55.656045097566114,1148.5666700099289,1861.306888168266
55.51152801513672,3.2805074527663423,0.5820104238657834,0.7589300779834549,1.0062444978194096,2.13187530337342,9.160021731609625,55.357527079527486,1148.6144344605434,1862.1122157085892
55.51333618164063,3.2800832314998787,0.5819242426723299,0.7588119859426715,1.006079332698446,2.131495888715579,9.158150127346763,55.33827542130821,1148.6175213178503,1862.164192818705
55.54261016845703,3.273223693801591,0.580531183323556,0.756903352783852,1.0034099367054417,2.125364765045534,9.12791555777507,55.0278699470278,1148.6674015810745,1863.0029362539517
55.579872131347656,3.264515648826478,0.578764062804257,0.7544827048368893,1.000024658196427,2.1175919785903634,9.089611259856598,54.63621519894585,1148.730633155959,1864.0630797233216
55.58973693847656,3.2622146132065497,0.5782973817466543,0.7538434971112776,0.9991307964881856,2.115540028651204,9.079504082444666,54.53316938084983,1148.7473247423775,1864.342354667928
55.67909240722656,3.2414545150847056,0.5740915201829004,0.7480848962091111,0.991078987939473,2.097064153399939,8.98859015707174,53.611827463603,1148.8975992941623,1866.8458860519795
55.7236213684082,3.2311644991466246,0.5720099083069844,0.7452357414918822,0.9870964700836248,2.087931250086448,8.943708419214424,53.16066010331351,1148.9718736246468,1868.0761532825468
55.72776412963867,3.230209034534361,0.5718167428995922,0.7449713643016064,0.9867269542840782,2.0870840562892794,8.939547079115226,53.11895098035205,1148.9787631734955,1868.190033284263
55.74029922485352,3.2273199360320763,0.5712327596986502,0.7441721276112127,0.9856099093072532,2.0845231948462897,8.926970498869142,52.99302148610799,1148.999588180635,1868.5340135783265
55.74512481689453,3.226208501772805,0.5710081537908507,0.7438647456269398,0.985180296562296,2.0835383748766274,8.922134828241353,52.94465215258485,1149.0075965968597,1868.6661962103133
55.786415100097656,3.2167160048959644,0.5690908087366509,0.7412412012065178,0.981513717552378,2.075135379384325,8.880891672389861,52.53324480073592,1149.0759278342389,1869.79183532154
55.791748046875,3.215492261869921,0.5688437529610793,0.7409032116300427,0.9810413772935676,2.0740531509335107,8.875582169816074,52.48042864326956,1149.0847281915214,1869.936520422107
55.815223693847656,3.210111539403722,0.567757795633667,0.7394177565410931,0.9789654594382424,2.0692973872338083,8.852256821299491,52.24879560812737,1149.1233992788032,1870.571534892274
55.83454895019531,3.205689674010613,0.56686576299116,0.7381977968183171,0.97726061415493,2.06539247193835,8.833112462707081,52.05916527904302,1149.155150389479,1871.0919812220395
55.888790130615234,3.193315007703088,0.564371389121567,0.7347874101274467,0.9724949368291922,2.054480803102037,8.779653484849621,51.53193654662316,1149.2438689135872,1872.5417512210636
55.92819595336914,3.1843585199805298,0.5625678368340183,0.7323222959002216,0.9690506264096728,2.046598002074532,8.741069263300245,51.1534899402008,1149.3079554383924,1873.5849431280128
55.9576301574707,3.1776868606058417,0.5612253428326515,0.7304877538164424,0.9664877774806528,2.0407342927118237,8.712386633222955,50.873289694299984,1149.3556247286383,1874.3587001994435
55.99692535400391,3.1688046231974587,0.5594392874435399,0.7280475563540834,0.9630794854037764,2.0329384052901185,8.674278025458852,50.50248454010592,1149.4189987282805,1875.3844835953128
56.01700592041016,3.164276428482645,0.558529307164127,0.7268045541475923,0.9613434964110376,2.0289686772519917,8.654883980472206,50.314424322007866,1149.4512673736954,1875.9055278028088
56.02330780029297,3.1628568412714904,0.5582441074898535,0.7264150132025572,0.9607994978236258,2.0277248329729267,8.648808658219533,50.255603141246254,1149.4613780258078,1876.068610521172
56.09310531616211,3.147181845458142,0.5550974008448537,0.7221181467097013,0.9547995055861548,2.014010974642133,8.581874342143271,49.61037035871034,1149.5728448494335,1877.861043660082
56.09975051879883,3.145694031573333,0.5547989632820551,0.7217107594838865,0.9542306642210536,2.012711308434006,8.575535417669176,49.54953220913639,1149.583408170723,1878.0303846368056
56.10942840576172,3.143528629303461,0.5543646837447618,0.7211179741003028,0.953402960532892,2.0108203745202182,8.566313971414527,49.46111174194652,1149.598777096748,1878.2766037406268
56.11491012573242,3.142302848869506,0.5541188878284955,0.7207824793896389,0.9529345244713546,2.0097502843376605,8.561096243812742,49.411124659538046,1149.6074743314202,1878.4158541681757
56.15317153930664,3.133762102819661,0.5524070745936531,0.7184462263704822,0.9496729121991708,2.002300721352897,8.524787423177926,49.06414088231942,1149.6680190288826,1879.3835434906389
56.177345275878906,3.1283794875020785,0.5513290100641054,0.7169750950348059,0.9476193878299244,1.997611693803116,8.501946220655082,48.84663072764802,1149.7061272653596,1879.9911229511367
56.18517303466797,3.126638770726869,0.550980480574312,0.716499534864377,0.9469556057905224,1.9960962372493125,8.494566279367044,48.77648082160272,1149.7184433435018,1880.187236454937
56.200469970703125,3.1232402058841044,0.5503002055584687,0.7155713330288085,0.9456600890392256,1.9931388033910276,8.480167415904273,48.63979152316825,1149.7424777182796,1880.569596371119
56.22144317626953,3.118587267241129,0.5493691969062464,0.7143011344284271,0.9438873623224532,1.989092780908552,8.460474698634197,48.45323027250759,1149.7753584982197,1881.091947765922
56.251766204833984,3.111873863177252,0.548026644569187,0.7124696795140361,0.9413315346796748,1.9832608967511849,8.43210332927369,48.18522548079142,1149.8227505677903,1881.8433186951
56.313777923583984,3.098195136870164,0.5452938555767378,0.7087426070170164,0.9361311381457722,1.971400090410232,8.374450160960354,47.643418962585805,1149.919131341857,1883.3658997712023
56.31461334228516,3.098011317638665,0.5452571562207118,0.7086925633577869,0.9360613242604968,1.9712408978805556,8.373676805430508,47.6361767176154,1149.920424870356,1883.386284643777
56.326637268066406,3.0953670149150527,0.5447292935520373,0.7079727876170613,0.9350572191795048,1.968951429111442,8.36255592854924,47.532107661889896,1149.9390278291048,1883.679305716365
56.332481384277344,3.094082688458398,0.5444729668194663,0.7076232762445099,0.9345696589494074,1.9678398288044303,8.357157337287926,47.48163795601457,1149.9480599056276,1883.8214749543508
56.35308837890625,3.089558767847563,0.5435703569095938,0.7063925747153968,0.9328529848303996,1.9639263324503715,8.33815579208004,47.30425887079542,1149.9798573732369,1884.3214742751172
56.35464096069336,3.0892182244103035,0.5435024274268009,0.7062999586799862,0.9327238061317592,1.9636318703301283,8.336726341689813,47.290931357332575,1149.9822498819194,1884.359063301335
56.41853332519531,3.075240451997668,0.5407161002863738,0.7025016779574664,0.9274272976112012,1.9515613438025092,8.278164065147243,46.74688911515383,1150.0803210279953,1885.8960339428577
56.43935775756836,3.07070005169823,0.5398118190351655,0.7012692258803029,0.925708981554912,1.9476470916399204,8.25918717751017,46.57141606606778,1150.1121231118163,1886.392832683948
56.45640182495117,3.066989480293865,0.5390730961385273,0.700262530601536,0.9243054960582706,1.9444505941095416,8.243695430001367,46.42846583245989,1150.1380929447068,1886.7979424274909
56.47283172607422,3.063417362378173,0.5383621817280393,0.6992938142502187,0.9229550456847088,1.9413753867180223,8.228796012044928,46.29123269537203,1150.1630767920851,1887.187180468756
56.4788932800293,3.0621006608428782,0.5381001953873084,0.6989368431910756,0.9224574274826088,1.9402423461604927,8.223307584268639,46.24074237372757,1150.1722817732475,1887.3304690735831
56.49083709716797,3.059508060673102,0.5375844355335151,0.6982341238059885,0.921477869431106,1.9380121434277544,8.212506351207285,46.14147478013183,1150.1903999140868,1887.612313270602
56.50770950317383,3.055849844187355,0.5368568954731385,0.6972429281535736,0.9200963114864308,1.9348670124668008,8.197277947794207,46.00173905584795,1150.2159503333692,1888.009344811784
56.57373046875,3.041582421525999,0.5340219121874009,0.6933815293223462,0.914715084983276,1.922621152518941,8.138025970997678,45.46047016908484,1150.3154335419504,1889.5504690988191
56.58119583129883,3.0399738256458666,0.5337025548901446,0.692946593147509,0.9141090740089878,1.921242458351264,8.13135946818459,45.3998129961209,1150.3266333248446,1889.7234957159096
56.65276718139648,3.0246002000094614,0.5306531125650518,0.6887942617793701,0.9083241782849448,1.9080864599887983,8.067789619158514,44.82384135296259,1150.433501833022,1891.369735784072
56.68889999389648,3.0168720349629976,0.5291219319749334,0.6867097988935025,0.905420750583252,1.901486738097163,8.035930706759334,44.53683843462153,1150.487108825488,1892.192270743168
56.7368049621582,3.0066601862891376,0.527100459077769,0.6839584868948179,0.9015892897603016,1.892780177967944,7.993931863866589,44.16017287185706,1150.5578263004045,1893.27404829719
56.73932266235352,3.00612456871668,0.5269944983123237,0.6838142804996434,0.901388476927374,1.892323951678812,7.991732116794936,44.14049687971352,1150.5615317968627,1893.3306288488457
56.744117736816406,3.0051047556595663,0.5267927644666226,0.6835397376289651,0.9010061709868362,1.8914554195251871,7.987544666026998,44.103056043601946,1150.5685860142637,1893.4383139108795
56.75115203857422,3.003609404962294,0.526496997688416,0.6831372358486577,0.9004456926020279,1.8901821771023424,7.981406669420981,44.04820910280463,1150.578927166708,1893.5961081162868
56.765472412109375,3.00056775156122,0.5258955240047283,0.6823187381643745,0.8993059919317108,1.887593354896329,7.968929142318052,43.93683853430821,1150.5999528871268,1893.9166910706888
56.78803634643555,2.995782145349045,0.5249495779249109,0.6810315479691541,0.8975138367918676,1.8835231122710676,7.949317974460245,43.762133070935775,1150.633009576172,1894.420047775884
56.8050651550293,2.9921761586616133,0.5242370811317303,0.680062144829906,0.8961642203137393,1.880458441465422,7.934557038988551,43.63090919278578,1150.657898563715,1894.7984992529869
56.84733581542969,2.983246008478488,0.5224736390089272,0.6776632302972888,0.8928249410217171,1.8728774610568677,7.898062062645978,43.30747540171775,1150.7194635198762,1895.7326617739616
56.95276641845703,2.961102132386519,0.5181073386663313,0.6717258077104804,0.8845622593136221,1.854131690004623,7.807939918633852,42.5148475622882,1150.8716798895084,1898.0303746367292
56.96210861206055,2.959148851219003,0.5177226339655898,0.6712028605585656,0.8838346226387689,1.852481754418824,7.800015686556257,42.44556663874573,1150.885076358394,1898.2317844447691
56.96574401855469,2.958389143556287,0.5175730266190597,0.670999506651847,0.8835516690791537,1.8518401857780395,7.796934744431384,42.41864821467252,1150.890285440274,1898.3100653717188
56.9697380065918,2.957554752633156,0.5174087246045953,0.6707761832502094,0.8832409386185928,1.8511356482510657,7.793551652590244,42.38910137755494,1150.8960057438833,1898.396006103192
56.97962951660156,2.9554894318069307,0.5170020934698454,0.6702235186526967,0.8824719958560576,1.849392199546572,7.785180885690764,42.31604596507076,1150.9101610243704,1898.6085701051788
57.014461517333984,2.948229418988871,0.5155733417792738,0.6682820810742084,0.8797707912821715,1.843268859697548,7.755792264730426,42.06014505183638,1150.95987597178,1899.3539677583624
57.027191162109375,2.9455811591707857,0.5150524182461134,0.667574353688771,0.8787861366989507,1.8410372617445852,7.745086227828188,41.96714805191414,1150.9779937433518,1899.6251707219772
57.0624885559082,2.938251930632413,0.5136113963111766,0.665616946960486,0.876062927624742,1.8348666426439053,7.715495358878424,41.71073589934146,1151.028089458329,1900.3738156457573
57.09247589111328,2.9320413757809844,0.5123910969167557,0.6639596580571048,0.8737575998254694,1.8296443800351845,7.690465813834944,41.494564710990765,1151.0704853506527,1901.0059820580504
57.11268997192383,2.9278631925019387,0.5115705433798723,0.6628454012525664,0.8722078348036785,1.8261344119773888,7.673650378024295,41.3497030796168,1151.098979460566,1901.4301344793
57.20468521118164,2.9089319685431025,0.5078569244814912,0.6578039680043521,0.865197392005875,1.8102650011441548,7.597694314887456,40.69902121164606,1151.227804585784,1903.340548669548
57.2388801574707,2.9019301574582497,0.5064852021847303,0.6559423350791143,0.8626092590599412,1.8044096568080668,7.569698492149877,40.46069836023591,1151.2753352909626,1904.0424326704715
57.28448867797852,2.8926205522264,0.5046629189421826,0.6534696778312097,0.8591721645563579,1.7966361084047182,7.532556760487487,40.145760372807295,1151.3384345989934,1904.971756840087
57.29418182373047,2.890646287562651,0.5042767095253935,0.6529456817957343,0.8584438594460206,1.7949893067214164,7.524691990973604,40.07925483154718,1151.3518016158291,1905.1682665965643
57.31246566772461,2.886926394125005,0.5035492167629103,0.6519587107503789,0.8570721629775482,1.7918880481945696,7.509884481910743,39.95421304136336,1151.3769740542868,1905.537988970608
57.31830978393555,2.885738521424716,0.5033169616897456,0.6516436345577888,0.8566342891716865,1.7908981669229118,7.505159110636194,39.9143569007134,1151.3850086246753,1905.655904031843
57.37739181518555,2.873760121970651,0.50097642491162,0.6484692266435061,0.8522229610519696,1.7809284009436284,7.457592626499943,39.51443026505623,1151.46592741225,1906.8409531509064
57.42772674560547,2.863598896330912,0.4989932287865609,0.6457802649924679,0.8484867989971369,1.7724883989440037,7.417361587918521,39.17797825682581,1151.534426388252,1907.840557735427
57.43738555908203,2.861653639013414,0.4986138220518653,0.6452658858799104,0.8477721560165208,1.7708745008721398,7.409672215356093,39.11385950093102,1151.5475247072106,1908.0313313961976
57.46980285644531,2.8551356609759586,0.4973430638564713,0.6435432721268597,0.8453790177955509,1.7654710823632775,7.383936538526617,38.89969531513351,1151.591377986892,1908.6691815575768
57.52575302124024,2.8439249866047382,0.4951593589453349,0.6405836993732643,0.8412680200673806,1.756192899750968,7.339776853046164,38.533774452152414,1151.6666768969594,1909.7613266881417
57.62343215942383,2.824470822875034,0.4913759896212044,0.6354582463030363,0.8341500835131799,1.740138679166719,7.263460580477384,37.90600265368522,1151.796965157057,1911.6418940912215
57.64466094970703,2.8202625373436674,0.4905585530996559,0.6343511578610475,0.8326129537283858,1.736673491789868,7.247004529412995,37.7713972111769,1151.8250856993286,1912.0462705052853
57.657833099365234,2.8176548887580783,0.4900521973713641,0.6336654342877102,0.8316609291532897,1.7345276332930104,7.236816904954986,37.688200680351386,1151.8424992478642,1912.296411169712
57.72769165039063,2.803870290581655,0.4873777355029319,0.6300443738966326,0.8266341461947865,1.723201567191989,7.183080849635509,37.25107535006455,1151.9344084031916,1913.6132754614496
57.767578125,2.796033718899574,0.4858588722538633,0.6279885985654297,0.8237809116928607,1.716775647880768,7.15261977437588,37.00455619637768,1151.986552013322,1914.3578636351256
57.77518081665039,2.794542776971943,0.4855700334741656,0.6275977325477308,0.8232384602383005,1.715554145153575,7.146831653027709,36.95781722620373,1151.9964637108133,1914.499192865531
57.80760955810547,2.788193259815606,0.4843404223256986,0.6259339298796996,0.8209297243026277,1.7103558657260234,7.122207357218257,36.7593462730093,1152.0386435419275,1915.0998957828283
57.81902313232422,2.7859623259398214,0.4839085952219158,0.6253496670504215,0.8201190888631469,1.7085308723561634,7.113565479137456,36.68983425164626,1152.0534514844016,1915.3105019556856
57.83077239990234,2.783667859796008,0.4834645680036715,0.6247489361216116,0.8192856341848914,1.706654682104629,7.104682915186323,36.61846249941346,1152.0686745525068,1915.5268604507316
57.83536148071289,2.7827722568913558,0.483291275686867,0.6245144953449626,0.8189603912072126,1.7059225536630471,7.101217234235031,36.59063656416764,1152.0746148320834,1915.6112452161951
57.84403991699219,2.7810794554567195,0.4829637730259397,0.6240714546138002,0.8183457886930834,1.7045390921882666,7.094668932452743,36.5380925316844,1152.085839917389,1915.770639528106
57.87142181396485,2.775745982660003,0.481932272226808,0.6226761737737861,0.8164104417862046,1.7001830112401235,7.074056764209495,36.372972156397225,1152.1211832127412,1916.2719634852715
57.9119758605957,2.76786784788534,0.480409717777573,0.6206168395677256,0.8135544220128981,1.6937563302198324,7.043664577388094,36.13026085096735,1152.1733236132138,1917.0100383097688
57.93012619018555,2.7643500132163874,0.4797302544174581,0.6196979572279929,0.8122801973350846,1.6908896308731318,7.030114379803509,36.02233940006559,1152.1965805951509,1917.3386757354288
57.97840118408203,2.755017786216033,0.4779290342720012,0.6172622187613187,0.8089031536590677,1.6832940620934262,6.994229879187011,35.73739962109589,1152.2582015679873,1918.207706954116
58.04934310913086,2.741367626722086,0.475297672132593,0.6137045464805042,0.8039721438236818,1.6722078730883665,6.941903384581194,35.3241410535848,1152.348136554109,1919.47159364479
58.05705261230469,2.739888771244671,0.47501281064306,0.6133194909288817,0.8034385394553722,1.671008484216714,6.936245882126362,35.27961845442464,1152.357865955627,1919.608008722274
58.079532623291016,2.7355817124620967,0.4741834259284231,0.6121984855151508,0.8018850828262194,1.667517187428519,6.919781493157571,35.15022594807046,1152.3861865805125,1920.004740235191
58.11271286010742,2.7292383282110646,0.4729625842010627,0.610548616794234,0.7995989579547891,1.6623804109757505,6.895567734295495,34.96040662043313,1152.427854074694,1920.5874985103812
58.151004791259766,2.721938058494504,0.4715585811606949,0.6086514564010568,0.7969706900550575,1.6564764842692743,6.867753000327451,34.743051169175665,1152.4757439408322,1921.2558984470843
58.157657623291016,2.7206719311963976,0.471315179550579,0.6083225939646864,0.7965151487108804,1.6554533836268452,6.86293454301118,34.70547299286171,1152.484042886534,1921.3715769216517
58.17878723144531,2.716655020276356,0.4705431943750362,0.6072795927718133,0.7950704594293785,1.652209118179922,6.847658483098959,34.58648460642344,1152.5103586618611,1921.7380982364932
58.183223724365234,2.7158124464745668,0.4703813050021108,0.6070608884385251,0.7947675397186711,1.6515289181727268,6.844456331972636,34.56157072096861,1152.515875980106,1921.814886078995
58.20125961303711,2.712390087324547,0.4697238822689039,0.6061727896945079,0.7935375183306018,1.6487671908691963,6.83145733009787,34.46053475024944,1152.5382769429334,1922.126453367672
58.20858383178711,2.711001683838307,0.4694572353827571,0.6058126031666484,0.7930386821925928,1.6476472957799273,6.826187211167358,34.41961810342978,1152.547360574374,1922.252702911916
58.22466659545898,2.707955790393485,0.4688724178631276,0.605022670948138,0.7919446665179928,1.645191485695991,6.814632404283072,34.3300004033309,1152.5672800010504,1922.529369862094
58.251007080078125,2.70297544689188,0.4679165582854031,0.6037316855911766,0.7901568940908436,1.641179019338929,6.795759600928729,34.183899231568475,1152.599825089051,1922.9808533507296
58.278995513916016,2.6976947410125094,0.4669035556989857,0.6023636948692386,0.7882627604985715,1.6369285779871754,6.775776340555507,34.02956978790799,1152.634299000249,1923.458358572581
58.28308868408203,2.6969234298123697,0.4667556381766319,0.6021639646492088,0.7879862228620327,1.636308101280083,6.772859962577416,34.00707826934938,1152.6393313975673,1923.5280001250896
58.2909049987793,2.6954512169161493,0.4664733371484511,0.6017827893383996,0.7874584764482386,1.6351240429326164,6.767295126912011,33.96418380720394,1152.6489347203371,1923.6608524494773
58.32488632202149,2.689061189146967,0.4652485181351308,0.6001291280797855,0.7851692341066101,1.6299886121933254,6.743167254953566,33.77854225366981,1152.69058547046,1924.23637174352
58.37588882446289,2.6795020862354417,0.4634178032122866,0.5976577719899514,0.7817487249525195,1.622318170725297,6.707151790520971,33.502457281563764,1152.7527964556296,1925.093943792293
58.42499923706055,2.670333396212388,0.4616635729007521,0.5952901457119465,0.7784726106597045,1.6149742012246815,6.672695601489158,33.23946569524789,1152.8123584705284,1925.9127158129456
58.46873474121094,2.662197584007082,0.4601083146343029,0.5931915834667991,0.7755696340024316,1.6084684844946782,6.642193215232018,33.00758132319329,1152.8651218648863,1926.6361718889132
58.52183532714844,2.6523567307099176,0.4582287953737028,0.5906560432827126,0.7720631134803326,1.6006130978858126,6.605388758043183,32.72894581543672,1152.9288314980129,1927.5073988263864
58.60490036010742,2.6370438980980464,0.4553079821592722,0.5867169168518165,0.7666168210807449,1.5884195126004157,6.548315861155492,32.29935425689695,1153.0277243473847,1928.8547617769943
58.65434646606445,2.627975544967596,0.45358046349776,0.5843877980864773,0.763397206161627,1.5812150306815735,6.514628360140174,32.04720678924577,1153.0861512159604,1929.6479585238112
58.68357467651367,2.622631481771252,0.4525631641480466,0.583016450405939,0.7615018985941548,1.576975216881079,6.494814762573663,31.899395426366954,1153.1205344169996,1930.1137602973936
58.74163818359375,2.612051072155859,0.450550730382916,0.5803041536892137,0.7577539382300792,1.5685937243945138,6.455672316557905,31.60845073312817,1153.1885020454356,1931.0324129748049
58.82646179199219,2.596679694738216,0.4476309346691193,0.5763703885517992,0.7523196116125697,1.556447404724004,6.399007604755315,31.18974974948358,1153.286995815302,1932.3586637313383
58.85490417480469,2.5915480442815224,0.4466572683580635,0.5750588512495045,0.7505082188730561,1.5524003872369747,6.380143454703016,31.0510121989941,1153.3198113658646,1932.7992297000276
58.85542678833008,2.591453858605835,0.4466394024893278,0.5750347873154266,0.7504749854773525,1.5523261464781843,6.379797472821065,31.048470673641106,1153.3204133495233,1932.8073055682585
58.89209747314453,2.584854550030819,0.4453880427200323,0.5733494155088944,0.7481476899679211,1.5471278282976968,6.355577943038807,30.87082779651456,1153.3625648299142,1933.37224223482
58.91397857666016,2.5809257049042555,0.4446434935009824,0.572346759065766,0.7467632729768853,1.5440362588679362,6.341179836604089,30.76547472053492,1153.3876334278175,1933.707717644508
58.94205093383789,2.575894948433717,0.4436905763044416,0.571063609349664,0.7449917243677837,1.5400809847390686,6.322766144012377,30.6310125457652,1153.4197048495737,1934.1363565348163
58.94616317749024,2.575158926229118,0.4435512000548154,0.5708759505234238,0.7447326522914939,1.539502623447934,6.320074269157417,30.611381356052892,1153.4243944007656,1934.1989813237465
59.01082611083984,2.5636161116464096,0.441366970229205,0.5679352279571719,0.7406735115211638,1.5304430264516835,6.27792921050554,30.30488314794291,1153.4978506806904,1935.1782079070845
59.0272216796875,2.5606985545815624,0.440815335167495,0.5671926507198541,0.7396486530488091,1.5281563421166977,6.267297776817153,30.22781906557743,1153.5163911417571,1935.4248570685932
59.109134674072266,2.546177523334415,0.4380723342107869,0.563500826523921,0.7345545389807966,1.5167950531982108,6.214511771821197,29.8466854869949,1153.6085106604733,1936.6473220546368
59.12126541137695,2.5440348580651406,0.4376679452278593,0.5629566460411659,0.7338038666203556,1.5151213415725753,6.206740829734856,29.79078702706629,1153.6220810971504,1936.826982772404
59.14864349365234,2.539206404718735,0.436756983121805,0.5617308839832595,0.7321131228656766,1.5113521635225855,6.189246052707923,29.665139886046266,1153.6526407428655,1937.231167738108
59.16509628295898,2.5363096614265563,0.4362106809206494,0.5609959158964286,0.7310993688549465,1.5090926496115813,6.178761589501505,29.58997151880957,1153.670960449846,1937.4732021520008
59.17898178100586,2.533867804714124,0.4357502870988574,0.560376586387713,0.7302451379610754,1.5071889405995402,6.1699299927038975,29.526729240876108,1153.686395312529,1937.676969584074
59.22969055175781,2.5249725369395635,0.4340741976460245,0.558122097526666,0.7271360375865934,1.5002618734405329,6.13780828369838,29.29729406977107,1153.7425589619488,1938.4172483039963
59.2490463256836,2.5215863338629854,0.4334366054456156,0.5572646317356454,0.7259535592682544,1.4976280736724763,6.125601170735781,29.210342656146395,1153.7639130402192,1938.6982260693644
59.29269790649414,2.5139682121478484,0.4320029784612784,0.5553368834041832,0.7232954461054646,1.4917090923262994,6.098180021478456,29.015502719599592,1153.811902057409,1939.3286955545711
59.2990837097168,2.512855902097693,0.4317937493123418,0.5550555709171272,0.7229076054469163,1.4908455944539043,6.094181112745799,28.987144450903955,1153.8189027912108,1939.420557487353
59.33197784423828,2.507134952993064,0.4307179835891275,0.5536093086146331,0.7209138286265464,1.4864072631048306,6.073632760433954,28.84164909194739,1153.8548855761778,1939.8922650196405
59.352481842041016,2.503576224504185,0.4300491159474377,0.5527102429725443,0.7196745191771717,1.4836489653839489,6.06086720409205,28.751447389663483,1153.8772481184385,1940.18504241432
59.37366485595703,2.499905567054411,0.4293594730212537,0.5517833754378896,0.7183969225043965,1.4808059010206018,6.047713471751974,28.658651447704955,1153.9002975974392,1940.4865100346628
59.39288711547852,2.4965798751974453,0.4287348700458142,0.5509440535560979,0.7172399865697264,1.4782317854086382,6.035807433601852,28.57478861013416,1153.9211665180696,1940.7591925957672
59.40031433105469,2.495296191427768,0.4284938532641038,0.5506201793492597,0.7167935737453086,1.4772386435916225,6.031214766611721,28.54247245773638,1153.929218018745,1940.8643297764045
59.437156677246094,2.488939398966187,0.4273008242122011,0.5490171727437413,0.7145843074653412,1.4723241930500928,6.008495869609105,28.38288484519059,1153.9690588106064,1941.3840237139636
59.49106216430664,2.4796709974633826,0.4255628664470459,0.5466824268340293,0.7113672149862693,1.465169555023685,5.975442793606231,28.151511676763956,1154.0270579274368,1942.1389466361588
59.53593063354492,2.471985653310985,0.4241230350425162,0.5447485820048564,0.7087031455559676,1.4592468499351725,5.948100397608937,27.96082987587724,1154.075069432874,1942.7624101001368
59.541446685791016,2.4710426591789814,0.4239464519993403,0.5445114284186356,0.7083764805542156,1.4585207393804485,5.944749562251415,27.937506029612504,1154.080955385971,1942.8387526461956
59.56109619140625,2.4676867344938653,0.4233181755139368,0.5436676770928325,0.7072143199875549,1.455937727177663,5.932831791228265,27.85463015512348,1154.1018933038415,1943.1101632691289
59.59523391723633,2.461868415025781,0.4222294131166985,0.5422056786158356,0.7052010068935607,1.451463392232121,5.912195734816129,27.71142037600566,1154.1381610525118,1943.5796975029425
59.60146713256836,2.4608076935984258,0.422030993529344,0.5419392731331972,0.7048341657297003,1.450648228911355,5.908437223761673,27.68537705016637,1154.1447683759695,1943.6651574606349
59.62908172607422,2.4561145562282447,0.4211533710967298,0.5407610095903288,0.7032117829013016,1.447043585899464,5.891821218428209,27.57038785124365,1154.173985498906,1944.0427580289968
59.6456413269043,2.4533050262575773,0.4206281990744951,0.5400559762691127,0.7022410849282424,1.4448872364956065,5.881884470217461,27.501735630601523,1154.1914632502212,1944.268407982497
59.66562271118164,2.449919712231507,0.4199955971307032,0.539206786285393,0.7010720093046646,1.4422905615787025,5.869921530043369,27.419198335426582,1154.2125098720433,1944.5399048323657
59.66580581665039,2.4498887138923497,0.4199898055890692,0.5391990121889968,0.7010613073982538,1.442266792979499,5.86981204071648,27.418443497951287,1154.2127025238922,1944.5423888411997
59.69497299194336,2.4449564961320576,0.4190685336856202,0.5379624483710304,0.6993592164079754,1.438486872610197,5.852403072748296,27.29855428530892,1154.2433405605843,1944.937161638748
59.74050521850586,2.437278961452192,0.4176353981929904,0.5360391474155926,0.6967122483300673,1.4326105939428992,5.825351732138376,27.112780659494117,1154.2909717199154,1945.549839823861
59.76426696777344,2.433282952084691,0.4168899244010919,0.5350388509988488,0.6953357578222895,1.429555651477019,5.811294912496453,27.016495390117814,1154.31573378342,1945.8678489352487
59.82658004760742,2.422838300015955,0.4149430965631102,0.5324267282143285,0.6917419063911389,1.4215823445020566,5.774627722786692,26.766134272701017,1154.380362272775,1946.6962255047915
59.87356185913086,2.4149963394543863,0.4134830591054148,0.5304679668777816,0.689047485702545,1.4156067186514985,5.747168061408366,26.579394816392394,1154.4287968432234,1947.315504934003
59.94829559326172,2.4025802827203555,0.4111740645824481,0.5273709395526122,0.6847884472276875,1.4061643600879314,5.703814833890604,26.28587841231861,1154.505326662761,1948.2913449863177
59.97858810424805,2.3975677907341675,0.4102427306033077,0.5261220498142627,0.6830713359377796,1.402358946856052,5.6863556207171,26.168123266266,1154.5361683363133,1948.683692039328
60.11995315551758,2.374329888497959,0.405931522759859,0.5203428993026294,0.6751281644442293,1.384765530461906,5.605733088673388,25.627710313766727,1154.6787465664336,1950.4906589048987
60.16427230834961,2.3670962904224244,0.404591699723699,0.518547491835038,0.6726613856932,1.3793055204938551,5.580743530395241,25.461320231185823,1154.722992688247,1951.0491450772108
60.17284393310547,2.36570008910869,0.4043332164688294,0.5182011416603943,0.6721855697603499,1.3782525848426563,5.575925983817482,25.429303947436072,1154.7315254231685,1951.1567245276617
60.25958633422852,2.3516223279993342,0.4017294482239582,0.5147124858342136,0.6673935871477783,1.3676521819473355,5.527456700859204,25.108270464428134,1154.817425377228,1952.237530558887
60.26166915893555,2.3512854486340062,0.4016671978189573,0.5146290802637057,0.6672790397339209,1.3673988703599935,5.526299165915456,25.100627725958905,1154.8194779711005,1952.263307576696
60.28458786010742,2.3475820774097493,0.4009830116061156,0.5137124860781586,0.6660201891325312,1.3646153877486933,5.513581558545047,25.016731304249237,1154.842033193692,1952.5464117053727
60.42356872558594,2.32526298062831,0.3968653679814289,0.5081984062080651,0.6584498926747301,1.3478840110107708,5.437220697106915,24.515791169189814,1154.9776078818272,1954.2423059035043
60.43010330200195,2.324219410103161,0.3966731112339866,0.5079409812389061,0.6580965989652662,1.3471035194318235,5.433662113108492,24.492563769716146,1154.9839318805448,1954.3211711341055
60.48930740356445,2.31478817734976,0.3949365413045164,0.5056162303611179,0.6549063509240914,1.3400573194170513,5.401549799681728,24.28343249367136,1155.0410235466295,1955.0321803119973
60.50613784790039,2.3121148400533853,0.3944446098048972,0.5049578278357522,0.6540029212517635,1.338062570060192,5.392463002798758,24.22440933918264,1155.057186446685,1955.233153897589
60.57842254638672,2.3006720710603177,0.3923405246961394,0.5021424787934564,0.6501403313000136,1.3295365724313684,5.35364690744103,23.973042830646307,1155.126268894314,1956.0905749071503
60.61354446411133,2.2951349151341462,0.3913233023411111,0.5007817839931542,0.648273830112919,1.325418031418184,5.334909326281324,23.8521438446231,1155.1596396264863,1956.503850176506
60.65367889404297,2.2888256035533625,0.3901649940407057,0.4992325591596709,0.6461490383737848,1.3207307844905447,5.313595143247119,23.71496807191448,1155.197617594993,1956.9734661429572
60.67053985595703,2.286180726831416,0.3896796783335308,0.4985835441783663,0.6452589955115029,1.3187676707529583,5.304671717107803,23.65764757987092,1155.2135233685935,1957.1699224083184
60.72159194946289,2.27819314677424,0.3882148281717595,0.4966248612317703,0.642573368512737,1.312845456875379,5.27776338146171,23.4851945963444,1155.2615065170953,1957.7617668754135
60.97947311401367,2.238316409445092,0.3809208426047401,0.4868777373780198,0.6292158490612411,1.283424474573192,5.144346235777005,22.63877577906172,1155.4998791256626,1960.6840968916297
61.070648193359375,2.2244037124233587,0.3783833586888511,0.4834895815085951,0.6245752678087928,1.2732166096846067,5.098156428520846,22.349077954843253,1155.5825836106228,1961.691123922899
61.16523361206055,2.2100719460466456,0.3757735904683092,0.4800063764518097,0.6198064661123517,1.2627315837458977,5.050768346941083,22.053640170256955,1155.667529331998,1962.721780267763
61.38826751708984,2.176681747719438,0.3697095035023007,0.4719179950965689,0.6087411310990929,1.2384238685521105,4.94112013263425,21.37689169169704,1155.8644555307014,1965.096958879153
61.65258026123047,2.1378346772904857,0.3626844588258882,0.4625554180187892,0.5959426435646613,1.210353523451735,4.814878871566116,20.609458568411323,1156.0918366436224,1967.815148693974
62.5424690246582,2.0125897259623757,0.3402481110766326,0.4327187808332089,0.5552333692022002,1.1214132535731771,4.417530732088689,18.27415096894624,1156.8122642884018,1976.25962970426
64.01078033447266,1.8233323886883612,0.3069446043114436,0.3886223442050758,0.4953397765765995,0.9914765903152531,3.844706319360582,15.114567999983606,1157.8642323777624,1988.1517012931747
72.432861328125,1.0545861516500166,0.1794788926597617,0.2219089445957977,0.2728527423075112,0.5191521373250851,1.8488315792590488,5.8763165013774445,126.70903089675468,2027.3195170436616
