,AC-gliosis-hypoxia,Neuron-like,OPC-NPC-like,grid,clone
0,0.05599881555429801,0.20142809773501139,0.7425730867106908,0.0,at4_0
1,0.0379882012256158,0.2340802332917735,0.7279315654826107,0.4371859296482412,at4_0
2,0.026374866608868713,0.2677440790175853,0.7058810543735459,0.8743718592964824,at4_0
3,0.019258159577811816,0.30114956184436575,0.6795922785778225,1.3115577889447236,at4_0
4,0.015086637669904701,0.3324328541269294,0.6524805082031658,1.7487437185929648,at4_0
5,0.01267857332055278,0.3591334067567511,0.6281880199226962,2.1859296482412063,at4_0
6,0.011192781081281604,0.3783732813043762,0.6104339376143423,2.6231155778894473,at4_0
7,0.010082814764568532,0.38728330813716383,0.6026338770982675,3.0603015075376883,at4_0
8,0.009046250754465432,0.38368026119254683,0.6072734880529878,3.4974874371859297,at4_0
9,0.00796838644827128,0.3668537165647159,0.6251778969870129,3.934673366834171,at4_0
10,0.0068583086002883785,0.3381240639990148,0.6550176274006968,4.371859296482413,at4_0
11,0.005783132266801487,0.3007665106830872,0.6934503570501114,4.809045226130653,at4_0
12,0.004814970226532499,0.2591732262321797,0.7360118035412878,5.2462311557788945,at4_0
13,0.004003836396091444,0.21763398970329625,0.7783621739006124,5.683417085427136,at4_0
14,0.0033772532316771217,0.17937163439690795,0.8172511123714149,6.1206030150753765,at4_0
15,0.002955993126994169,0.14620996858409477,0.850834038288911,6.557788944723618,at4_0
16,0.0027745934462398455,0.118794887412895,0.8784305191408651,6.994974874371859,at4_0
17,0.0029009549645116228,0.09705641302931502,0.9000426320061733,7.432160804020101,at4_0
18,0.0034518253480487738,0.08064201202719894,0.9159061626247522,7.869346733668342,at4_0
19,0.004595424367181947,0.06917730200438435,0.9262272736284338,8.306532663316583,at4_0
20,0.006522926832312134,0.062289955142113856,0.931187118025574,8.743718592964825,at4_0
21,0.009375515671839493,0.059401406190522615,0.9312230781376379,9.180904522613066,at4_0
22,0.013158502453026728,0.05945219222940736,0.9273893053175659,9.618090452261306,at4_0
23,0.017730432787572345,0.06089278099321736,0.9213767862192103,10.055276381909549,at4_0
24,0.022914313189513022,0.062094488678468486,0.9149911981320185,10.492462311557789,at4_0
25,0.02863915141752855,0.06186487939804896,0.9094959691844225,10.92964824120603,at4_0
26,0.03498182664231111,0.059661761454178945,0.90535641190351,11.366834170854272,at4_0
27,0.0420945288299302,0.05548858443748124,0.9024168867325886,11.804020100502512,at4_0
28,0.05009426715641132,0.049696453772979,0.9002092790706097,12.241206030150753,at4_0
29,0.05898617198949358,0.04282965392347467,0.8981841740870318,12.678391959798995,at4_0
30,0.06865460706898213,0.03551354316219562,0.8958318497688224,13.115577889447236,at4_0
31,0.07891999500025895,0.028350348094579512,0.8927296569051615,13.552763819095478,at4_0
32,0.08962380024097648,0.02182260005410279,0.8885535997049206,13.989949748743719,at4_0
33,0.10068351587828661,0.01623334040650526,0.8830831437152081,14.42713567839196,at4_0
34,0.11207478509586283,0.01170367283029774,0.8762215420738395,14.864321608040202,at4_0
35,0.12374447215915589,0.008216663378049402,0.8680388644627947,15.301507537688442,at4_0
36,0.13550751170471267,0.005675293445762186,0.8588171948495251,15.738693467336685,at4_0
37,0.1470009968066372,0.003946570185073046,0.8490524330082897,16.175879396984925,at4_0
38,0.157741353222697,0.0028841459967331035,0.83937450078057,16.613065326633166,at4_0
39,0.16726167277551635,0.002338835248558257,0.8303994919759253,17.050251256281406,at4_0
40,0.17524824023414484,0.002168643095433825,0.8225831166704214,17.48743718592965,at4_0
41,0.1816060439392658,0.0022509185504884822,0.8161430375102456,17.92462311557789,at4_0
42,0.18645314711106412,0.002491590076628334,0.8110552628123076,18.36180904522613,at4_0
43,0.1901070582000375,0.00282687540923626,0.8070660663907263,18.798994974874372,at4_0
44,0.19314420966839618,0.0032174699472989456,0.8036383203843048,19.236180904522612,at4_0
45,0.19659618588314473,0.0036380430128102547,0.799765771104045,19.673366834170853,at4_0
46,0.20228417898073414,0.004064855956505981,0.7936509650627598,20.110552763819097,at4_0
47,0.2130984305158441,0.004464491064107795,0.7824370784200481,20.547738693467338,at4_0
48,0.23264616871401428,0.004790117162716669,0.7625637141232691,20.984924623115578,at4_0
49,0.2635995467456711,0.00499467785311798,0.7314057754012109,21.42211055276382,at4_0
50,0.3053954623624778,0.005058080250258275,0.689546457387264,21.85929648241206,at4_0
51,0.3537953082556258,0.005000442883358927,0.6412042488610152,22.296482412060303,at4_0
52,0.40328732951265595,0.004862118958294409,0.5918505515290496,22.733668341708544,at4_0
53,0.44971666960640067,0.004674408201170339,0.545608922192429,23.170854271356784,at4_0
54,0.4909584895271243,0.004449912266257297,0.5045915982066185,23.608040201005025,at4_0
55,0.5262460652000275,0.0041904172995130195,0.46956351750045944,24.045226130653266,at4_0
56,0.5554267636976895,0.0038972969114832224,0.44067593939082733,24.482412060301506,at4_0
57,0.5786128277795828,0.003576411829260524,0.41781076039115667,24.91959798994975,at4_0
58,0.5961552287029799,0.0032368988132320652,0.4006078724837881,25.35678391959799,at4_0
59,0.6087865747576804,0.002886388122566972,0.3883270371197527,25.79396984924623,at4_0
60,0.617849094849682,0.002526210018850608,0.37962469513146735,26.231155778894472,at4_0
61,0.6255655747820584,0.002150337005750867,0.37228408821219067,26.668341708542712,at4_0
62,0.6352016383338115,0.0017512965457670052,0.3630470651204215,27.105527638190956,at4_0
63,0.6506274556329685,0.0013335638567349042,0.3480389805102967,27.542713567839197,at4_0
64,0.6746328264471684,0.0009262443011085657,0.324440929251723,27.979899497487438,at4_0
65,0.7065888397719953,0.000576806860191024,0.2928343533678137,28.417085427135678,at4_0
66,0.742074700133721,0.00032153312829791937,0.25760376673798113,28.85427135678392,at4_0
67,0.7755684839243169,0.00016312376180293415,0.2242683923138801,29.291457286432163,at4_0
68,0.8032250991439701,7.907528392246044e-05,0.19669582557210732,29.728643216080403,at4_0
69,0.8233193392834346,4.3592852839250404e-05,0.1766370678637261,30.165829145728644,at4_0
70,0.8352517067816546,4.130412832321591e-05,0.16470698909002227,30.603015075376884,at4_0
71,0.8386518910360059,7.163062754502382e-05,0.16127647833644912,31.040201005025125,at4_0
72,0.833124635818671,0.00015054735842884968,0.16672481682290002,31.47738693467337,at4_0
73,0.8186367905978891,0.00031205190757155565,0.18105115749453934,31.91457286432161,at4_0
74,0.7963724208127544,0.0006046002342881068,0.20302297895295746,32.35175879396985,at4_0
75,0.7695188584780198,0.0010736744412786206,0.22940746708070162,32.788944723618094,at4_0
76,0.7430384504676593,0.0017292498582809944,0.2552322996740598,33.22613065326633,at4_0
77,0.7220012343246158,0.00251762484828561,0.2754811408270987,33.663316582914575,at4_0
78,0.7095904331280509,0.003325030216645695,0.2870845366553035,34.10050251256281,at4_0
79,0.7063982502115176,0.004014521548177154,0.2895872282403052,34.537688442211056,at4_0
80,0.7111937794699169,0.00446971715647001,0.28433650337361305,34.9748743718593,at4_0
81,0.7221063314446728,0.004623012692993835,0.27327065586233346,35.41206030150754,at4_0
82,0.737406714020939,0.0044645782439173545,0.25812870773514357,35.84924623115578,at4_0
83,0.7557788729858477,0.004037222357111015,0.24018390465704137,36.28643216080402,at4_0
84,0.7762877055097802,0.003421934547100432,0.22029035994311932,36.72361809045226,at4_0
85,0.7982312183949898,0.002717806943908777,0.19905097466110147,37.1608040201005,at4_0
86,0.8209813321965592,0.002020539772909674,0.17699812803053103,37.597989949748744,at4_0
87,0.8438690105092126,0.001404531158954135,0.15472645833183332,38.03517587939699,at4_0
88,0.8661473530321743,0.0009130405372256476,0.13293960643060007,38.472361809045225,at4_0
89,0.8870407608310552,0.0005585859802443975,0.11240065318870023,38.90954773869347,at4_0
90,0.9058484996994527,0.000332400099093588,0.09381910020145366,39.346733668341706,at4_0
91,0.9220372474480998,0.0002190543241495198,0.07774369822775073,39.78391959798995,at4_0
92,0.9352636314545043,0.0002114002073932672,0.0645249683381023,40.221105527638194,at4_0
93,0.9453260224641393,0.00032089853883949696,0.05435307899702114,40.65829145728643,at4_0
94,0.9521254265074576,0.0005769284119654647,0.04729764508057702,41.095477386934675,at4_0
95,0.9557472104359581,0.0010075331629968386,0.04324525640104494,41.53266331658291,at4_0
96,0.9566582601878452,0.0016044980393056935,0.04173724177284903,41.969849246231156,at4_0
97,0.9557825258603919,0.002300822390924786,0.04191665174868322,42.4070351758794,at4_0
98,0.9542370792998531,0.002990942563930383,0.042771978136216464,42.84422110552764,at4_0
99,0.9529194891460402,0.0035780891508716585,0.04350242170308817,43.28140703517588,at4_0
100,0.9523118759730318,0.004004736963504123,0.043683387063464044,43.71859296482412,at4_0
101,0.9525546370686968,0.004252821586238433,0.04319254134506466,44.15577889447236,at4_0
102,0.9536049328905958,0.004331400312411396,0.04206366679699278,44.59296482412061,at4_0
103,0.9553494583563513,0.0042672109394434185,0.04038333070420517,45.030150753768844,at4_0
104,0.9576530088296903,0.004100783732745936,0.03824620743756368,45.46733668341709,at4_0
105,0.9603684167111,0.003883901105884197,0.03574768218301577,45.904522613065325,at4_0
106,0.9633349536326524,0.003673040728256311,0.03299200563909122,46.34170854271357,at4_0
107,0.9663844125989821,0.0035160864763065717,0.03009950092471141,46.77889447236181,at4_0
108,0.9693630326105261,0.0034354911028448357,0.02720147628662905,47.21608040201005,at4_0
109,0.972162385552893,0.003417036053957592,0.024420578393149345,47.653266331658294,at4_0
110,0.9747403187403105,0.0034138235533376503,0.021845857706351803,48.09045226130653,at4_0
111,0.9771143512429967,0.0033679050126522486,0.01951774374435092,48.527638190954775,at4_0
112,0.9793262426662949,0.0032407609203425184,0.017432996413362697,48.96482412060301,at4_0
113,0.9813977651760578,0.0030357773329679877,0.01556645749097411,49.402010050251256,at4_0
114,0.9833072759134608,0.002798012076029354,0.013894712010509817,49.8391959798995,at4_0
115,0.985002400693419,0.0025906908003035427,0.012406908506277405,50.27638190954774,at4_0
116,0.9864349809252219,0.0024642100594891095,0.011100809015289138,50.71356783919598,at4_0
117,0.987587850715143,0.0024370536326591545,0.00997509565219778,51.15075376884422,at4_0
118,0.988473241669012,0.0024966959096760083,0.009030062421312008,51.58793969849246,at4_0
119,0.9891038136220783,0.0026153398540125013,0.008280846523909162,52.02512562814071,at4_0
120,0.9894478341339917,0.00277134377091095,0.007780822095097249,52.462311557788944,at4_0
121,0.9893784165684811,0.0029708726736915,0.007650710757827499,52.89949748743719,at4_0
122,0.9886307484190159,0.0032667135603246904,0.008102538020659519,53.336683417085425,at4_0
123,0.9868188900958255,0.003761970629713536,0.009419139274461013,53.77386934673367,at4_0
124,0.9836478296895402,0.004559056936353021,0.01179311337410668,54.21105527638191,at4_0
125,0.9794380971152253,0.005607923486329048,0.01495397939844561,54.64824120603015,at4_0
126,0.9755357928605043,0.006557912593918432,0.017906294545577187,55.085427135678394,at4_0
127,0.9736049347630343,0.006926323700000395,0.0194687415369653,55.52261306532663,at4_0
128,0.9742502599338863,0.006516703352911737,0.01923303671320181,55.959798994974875,at4_0
129,0.9768340329353099,0.005522704507232938,0.017643262557457108,56.39698492462312,at4_0
130,0.9803393588359806,0.004283560461633441,0.015377080702385977,56.834170854271356,at4_0
131,0.9839679403867833,0.0030772184960440245,0.01295484111717281,57.2713567839196,at4_0
132,0.9872350955222832,0.0020623571831323005,0.010702547294584511,57.70854271356784,at4_0
133,0.9898762971780966,0.0012948168617809958,0.008828885960122521,58.14572864321608,at4_0
134,0.9917434441780372,0.0007630300628547239,0.00749352575910823,58.582914572864325,at4_0
135,0.9927291218295331,0.00042203725404156854,0.006848840916425381,59.02010050251256,at4_0
136,0.9927218256173089,0.00021859743564647504,0.007059576947044588,59.45728643216081,at4_0
137,0.9915995433802209,0.00010552406070314737,0.008294932559075947,59.89447236180904,at4_0
138,0.9892769886897952,4.7142875349388674e-05,0.010675868434855415,60.33165829145729,at4_0
139,0.9858108859993873,1.9332052418229564e-05,0.014169781948194474,60.76884422110553,at4_0
140,0.981519527425415,7.223209356974518e-06,0.01847324936522794,61.20603015075377,at4_0
141,0.9770148434182998,2.448306749872681e-06,0.022982708274950334,61.64321608040201,at4_0
142,0.9730695889832797,7.526262441779131e-07,0.026929658390476313,62.08040201005025,at4_0
143,0.9703748562445748,2.1052802881566717e-07,0.029624933227396462,62.517587939698494,at4_0
144,0.9693363911927955,5.386014982447577e-08,0.030663554947054764,62.95477386934674,at4_0
145,0.9700008115528104,1.2667614731075727e-08,0.029999175779574786,63.391959798994975,at4_0
146,0.9720976202095385,2.7512261262390812e-09,0.027902377039235378,63.82914572864322,at4_0
147,0.9751471677308317,5.539030486746622e-10,0.024852831715265287,64.26633165829146,at4_0
148,0.9785962954922472,1.0376040335961879e-10,0.0214037044039923,64.7035175879397,at4_0
149,0.9819477966205093,1.8155826188125796e-11,0.018052203361334753,65.14070351758794,at4_0
150,0.9848484609184154,2.979384416202095e-12,0.015151539078605293,65.57788944723619,at4_0
151,0.987115071473124,4.601919129340714e-13,0.012884928526415712,66.01507537688443,at4_0
152,0.9887042182395325,6.70742183831051e-14,0.011295781760400386,66.45226130653266,at4_0
153,0.9896493403140578,9.231306790787116e-15,0.010350659685932885,66.8894472361809,at4_0
154,0.9899893186613833,1.197341333046334e-15,0.010010681338615528,67.32663316582915,at4_0
155,0.9897082601275276,1.4566691261035422e-16,0.0102917398724722,67.76381909547739,at4_0
156,0.9887091118045265,1.7072203185106006e-17,0.011290888195473588,68.20100502512562,at4_0
157,0.9868505450918293,9.697106446401104e-18,0.013149454908170717,68.63819095477388,at4_0
158,0.9840563999365489,9.804026760711524e-17,0.01594360006345084,69.07537688442211,at4_0
159,0.980437904983857,1.092570950625632e-15,0.019562095016141815,69.51256281407035,at4_0
160,0.9763190478121468,1.1109292034194194e-14,0.023680952187841928,69.9497487437186,at4_0
161,0.9721295657567249,1.03420768657986e-13,0.027870434243171628,70.38693467336684,at4_0
162,0.9682548309271102,8.869039717919649e-13,0.031745169072002914,70.82412060301507,at4_0
163,0.9649360634368455,7.0394711997507456e-12,0.03506393655611503,71.26130653266331,at4_0
164,0.9622274467134075,5.1840720962945683e-11,0.03777255323475161,71.69849246231156,at4_0
165,0.9599796327907409,3.54563716659836e-10,0.040020366854695254,72.1356783919598,at4_0
166,0.9578471501195873,2.2542003980751255e-09,0.042152847626212346,72.57286432160804,at4_0
167,0.9553318211556296,1.334551571333842e-08,0.04466816549885463,73.01005025125629,at4_0
168,0.9518335749544866,7.376263462524861e-08,0.0481663512828787,73.44723618090453,at4_0
169,0.9466239760070209,3.8143752220943733e-07,0.05337564255545696,73.88442211055276,at4_0
170,0.9386563877604734,1.8450494860249397e-06,0.061341767190040544,74.321608040201,at4_0
171,0.9262322000651211,8.309260390786486e-06,0.07375949067448807,74.75879396984925,at4_0
172,0.906839900915277,3.4457638688946964e-05,0.09312564144603402,75.19597989949749,at4_0
173,0.8780206238659273,0.00012919364156236158,0.12185018249251031,75.63316582914572,at4_0
174,0.8402068133168143,0.0004278710789232125,0.15936531560426248,76.07035175879398,at4_0
175,0.8001545884303815,0.0012254134707092748,0.19861999809890926,76.50753768844221,at4_0
176,0.7697302874337588,0.003005783659135257,0.22726392890710606,76.94472361809045,at4_0
177,0.7581216695690344,0.006352640393013158,0.23552569003795248,77.3819095477387,at4_0
178,0.7654513535501284,0.011761683034657579,0.22278696341521403,77.81909547738694,at4_0
179,0.7842723541288792,0.019438009035993502,0.19628963683512737,78.25628140703517,at4_0
180,0.8052943694309076,0.029142529980669792,0.16556310058842272,78.69346733668341,at4_0
181,0.8218195564857617,0.0401523451323983,0.13802809838184002,79.13065326633166,at4_0
182,0.831255857216746,0.051375499127179244,0.11736864365607483,79.5678391959799,at4_0
183,0.8344544890956435,0.06156628769593956,0.10397922320841689,80.00502512562814,at4_0
184,0.8341145399457951,0.06952491496483756,0.09636054508936741,80.44221105527639,at4_0
185,0.8332015103289627,0.0742114468886586,0.09258704278237873,80.87939698492463,at4_0
186,0.8337362575718333,0.07480653902358292,0.09145720340458374,81.31658291457286,at4_0
187,0.8358816133129932,0.07082048282733219,0.09329790385967465,81.75376884422111,at4_0
188,0.8373261997479987,0.06233543738165341,0.10033836287034789,82.19095477386935,at4_0
189,0.833538270598322,0.05032514287264711,0.11613658652903082,82.62814070351759,at4_0
190,0.8198563317015302,0.03674920837617078,0.1433944599222991,83.06532663316582,at4_0
191,0.7951660309846477,0.02403625770625424,0.1807977113090981,83.50251256281408,at4_0
192,0.7641941341194461,0.014060005978508322,0.22174585990204554,83.93969849246231,at4_0
193,0.7353909682757739,0.007413420286619234,0.25719561143760683,84.37688442211055,at4_0
194,0.7160337178948432,0.0035752243695108587,0.28039105773564604,84.8140703517588,at4_0
195,0.7091075146392801,0.001604048568873968,0.28928843679184596,85.25125628140704,at4_0
196,0.7136311494153191,0.0006802139588931101,0.2856886366257878,85.68844221105527,at4_0
197,0.7266519797868468,0.000276195434514889,0.27307182477863823,86.12562814070351,at4_0
198,0.7449693205657568,0.00010843398202752143,0.2549222454522157,86.56281407035176,at4_0
199,0.7659812468740709,4.144894413371493e-05,0.2339773041817954,87.0,at4_0
0,0.38252407281715867,0.06851690112019092,0.5489590260626505,0.0,at10_1
1,0.30480326232362737,0.05946849434902581,0.6357282433273468,0.4472361809045226,at10_1
2,0.23544985836160423,0.0524790748270403,0.7120710668113555,0.8944723618090452,at10_1
3,0.1786493472002208,0.047461155366310584,0.7738894974334686,1.3417085427135678,at10_1
4,0.13542392197277162,0.043963647960062927,0.8206124300671656,1.7889447236180904,at10_1
5,0.10426415240947713,0.041441598577407035,0.8542942490131159,2.236180904522613,at10_1
6,0.08246472020458771,0.039465187253389857,0.8780700925420225,2.6834170854271355,at10_1
7,0.06727014104937605,0.03779170343096797,0.8949381555196559,3.130653266331658,at10_1
8,0.056474462204943884,0.03633583126644259,0.9071897065286135,3.577889447236181,at10_1
9,0.048559919552926364,0.0351052491570074,0.9163348312900662,4.025125628140703,at10_1
10,0.042592371898544965,0.03414592067672394,0.923261707424731,4.472361809045226,at10_1
11,0.03804486851786036,0.03351047523533124,0.9284446562468084,4.919597989949748,at10_1
12,0.03463713890982121,0.03324529417880792,0.9321175669113709,5.366834170854271,at10_1
13,0.03221907141215464,0.03338778770649664,0.9343931408813488,5.814070351758794,at10_1
14,0.030697730407413026,0.03396784714024306,0.9353344224523439,6.261306532663316,at10_1
15,0.02999917509606388,0.03501018288584621,0.93499064201809,6.708542713567839,at10_1
16,0.03005600124427231,0.03653370738192154,0.933410291373806,7.155778894472362,at10_1
17,0.030810246239964898,0.03854072129498281,0.9306490324650523,7.603015075376884,at10_1
18,0.032215908633866884,0.040990504418637545,0.9267935869474957,8.050251256281406,at10_1
19,0.03422559802051826,0.043772913945024375,0.9220014880344575,8.49748743718593,at10_1
20,0.03677054756014021,0.046724071861799735,0.91650538057806,8.944723618090451,at10_1
21,0.039772252138699844,0.04969555018049413,0.910532197680806,9.391959798994975,at10_1
22,0.043195572490746695,0.0526114051383655,0.9041930223708877,9.839195979899497,at10_1
23,0.04709677639640086,0.055456496337680905,0.8974467272659182,10.28643216080402,at10_1
24,0.051625437100076305,0.05822855773835628,0.8901460051615674,10.733668341708542,at10_1
25,0.05697598795784653,0.06092157414513521,0.8821024378970183,11.180904522613066,at10_1
26,0.06329070911982237,0.06358120327163908,0.8731280876085384,11.628140703517587,at10_1
27,0.070515768635396,0.06642778010624477,0.8630564512583592,12.075376884422111,at10_1
28,0.07825826309694374,0.06996592098419892,0.8517758159188573,12.522613065326633,at10_1
29,0.08577555325270458,0.07492180869790963,0.8393026380493859,12.969849246231156,at10_1
30,0.09221584904241849,0.08192559177128675,0.8258585591862948,13.417085427135678,at10_1
31,0.09700552661523386,0.09114277215607065,0.8118517012286955,13.864321608040202,at10_1
32,0.10006674378128748,0.10220803823785318,0.7977252179808593,14.311557788944723,at10_1
33,0.10169385709353893,0.11452797722260288,0.7837781656838582,14.758793969849245,at10_1
34,0.10225344800085165,0.12765996156522458,0.7700865904339238,15.206030150753769,at10_1
35,0.10197278801425111,0.14148618138499705,0.7565410306007518,15.65326633165829,at10_1
36,0.10092154458434904,0.15614676379373585,0.7429316916219151,16.100502512562812,at10_1
37,0.09912187851672544,0.17185652839503113,0.7290215930882434,16.547738693467338,at10_1
38,0.09667194803762337,0.18873411507718213,0.7145939368851945,16.99497487437186,at10_1
39,0.0938081129399874,0.20670707491191684,0.6994848121480959,17.44221105527638,at10_1
40,0.0908935812284111,0.22549827913205783,0.6836081396395312,17.889447236180903,at10_1
41,0.08836462847103728,0.2446695133332913,0.6669658581956714,18.33668341708543,at10_1
42,0.08668303586775841,0.26368821579278984,0.6496287483394517,18.78391959798995,at10_1
43,0.08634758486727247,0.28197940840587876,0.6316730067268488,19.231155778894472,at10_1
44,0.08802713432603977,0.2989178657998305,0.6130549998741298,19.678391959798994,at10_1
45,0.09291194028451769,0.3136974600435284,0.593390599671954,20.12562814070352,at10_1
46,0.10344066365246339,0.3249807679080582,0.5715785684394785,20.57286432160804,at10_1
47,0.12454330579894,0.33022548657091455,0.5452312076301453,21.020100502512562,at10_1
48,0.16493427336527153,0.32486188469365274,0.5102038419410758,21.467336683417084,at10_1
49,0.23568802673108824,0.302699469114613,0.46161250415429883,21.914572864321606,at10_1
50,0.3409790950444812,0.26048753839713346,0.3985333665583853,22.36180904522613,at10_1
51,0.4656800437962746,0.20498921217758082,0.3293307440261445,22.809045226130653,at10_1
52,0.5824714813190219,0.15056412238368957,0.26696439629728846,23.256281407035175,at10_1
53,0.6751287653682984,0.10701822348652104,0.2178530111451807,23.703517587939697,at10_1
54,0.744140348167215,0.07545609430015739,0.18040355753262766,24.150753768844222,at10_1
55,0.7962591787373082,0.05310826002543747,0.15063256123725435,24.597989949748744,at10_1
56,0.8371544858409324,0.03726490406600626,0.12558061009306123,25.045226130653266,at10_1
57,0.8700776938235073,0.026188383584498296,0.10373392259199433,25.492462311557787,at10_1
58,0.8967097512648373,0.018801256091121425,0.08448899264404128,25.939698492462313,at10_1
59,0.9180746981443986,0.014276471243678535,0.06764883061192285,26.386934673366834,at10_1
60,0.9350306595217655,0.011821850992652837,0.053147489485581643,26.834170854271356,at10_1
61,0.9483980549266968,0.010651298538646365,0.04095064653465672,27.281407035175878,at10_1
62,0.958904345359358,0.010066127265723994,0.03102952737491792,27.728643216080403,at10_1
63,0.9671083929640244,0.009557782852090017,0.023333824183885483,28.175879396984925,at10_1
64,0.9733868444433399,0.008857142857931113,0.017756012698728865,28.623115577889447,at10_1
65,0.9779724404796332,0.007904632428265484,0.01412292709210134,29.07035175879397,at10_1
66,0.9809923077554151,0.006772313867204739,0.012235378377380215,29.51758793969849,at10_1
67,0.9824729932257794,0.005588197642844997,0.01193880913137568,29.964824120603016,at10_1
68,0.982314213737325,0.0044926932576247434,0.013193093005050257,30.412060301507537,at10_1
69,0.9802556224949834,0.0036302023815902745,0.016114175123426167,30.85929648241206,at10_1
70,0.9758813529237991,0.0031629564608389887,0.020955690615362014,31.30653266331658,at10_1
71,0.9687400359108076,0.0032818040305603747,0.02797816005863208,31.753768844221106,at10_1
72,0.9586587344291894,0.004172764234615713,0.03716850133619499,32.201005025125625,at10_1
73,0.9461602361523831,0.005907421083025337,0.04793234276459153,32.64824120603015,at10_1
74,0.9325559984265824,0.00831479006704391,0.05912921150637359,33.095477386934675,at10_1
75,0.9193584695741519,0.010991594543555973,0.06964993588229224,33.54271356783919,at10_1
76,0.9074943950124927,0.013493514732164884,0.07901209025534238,33.98994974874372,at10_1
77,0.897158585418296,0.015521840694620693,0.08731957388708333,34.437185929648244,at10_1
78,0.888301873014053,0.0169565675820391,0.09474155940390785,34.88442211055276,at10_1
79,0.8811155962609519,0.017784372069837497,0.10110003166921053,35.33165829145729,at10_1
80,0.8761165148259207,0.01802369998055134,0.10585978519352798,35.778894472361806,at10_1
81,0.8738649442373297,0.017693534580163255,0.10844152118250698,36.22613065326633,at10_1
82,0.8745821201972971,0.016826869945785448,0.10859100985691743,36.67336683417086,at10_1
83,0.8779420356524729,0.015510030458529325,0.10654793388899779,37.120603015075375,at10_1
84,0.8831292384963436,0.013922119496331339,0.10294864200732504,37.5678391959799,at10_1
85,0.889063293336337,0.012349421839534228,0.09858728482412864,38.01507537688442,at10_1
86,0.8946712468553462,0.011147883835147636,0.09418086930950627,38.462311557788944,at10_1
87,0.8991778287186935,0.010627683104316462,0.09019448817699009,38.90954773869347,at10_1
88,0.9023842787915236,0.01087607886736197,0.08673964234111448,39.35678391959799,at10_1
89,0.9047730749313045,0.01163329017752329,0.08359363489117229,39.80402010050251,at10_1
90,0.9072469102652123,0.01237407483238044,0.08037901490240718,40.25125628140704,at10_1
91,0.9105980598182718,0.012585259032805916,0.0768166811489223,40.698492462311556,at10_1
92,0.9150916234257264,0.012024901002072434,0.07288347557220123,41.14572864321608,at10_1
93,0.9204142990044055,0.010786107279977074,0.06879959371561739,41.5929648241206,at10_1
94,0.9259119712762816,0.009185005286496668,0.06490302343722178,42.040201005025125,at10_1
95,0.9309109150617579,0.007591674823704236,0.06149741011453791,42.48743718592965,at10_1
96,0.9349730530259373,0.006295718587139896,0.05873122838692285,42.93467336683417,at10_1
97,0.9380155331308375,0.005442488184962997,0.05654197868419933,43.381909547738694,at10_1
98,0.9402890780200375,0.005036242204859293,0.05467467977510327,43.82914572864321,at10_1
99,0.9422632646509377,0.004983971544708028,0.0527527638043542,44.27638190954774,at10_1
100,0.9444898409579898,0.005147979113481735,0.05036217992852846,44.72361809045226,at10_1
101,0.9474936946044301,0.005384474393473544,0.047121831002096236,45.17085427135678,at10_1
102,0.9516934809280221,0.005561086575354693,0.042745432496623215,45.618090452261306,at10_1
103,0.9573134607293008,0.005560806017476022,0.037125733253223145,46.06532663316583,at10_1
104,0.9642520243562778,0.005290404533982592,0.03045757110973958,46.51256281407035,at10_1
105,0.9719609787901495,0.004710222151369477,0.023328799058480884,46.959798994974875,at10_1
106,0.9795193168877101,0.003873645676657934,0.016607037435632032,47.40703517587939,at10_1
107,0.9860110798853091,0.0029256926855899894,0.011063227429100958,47.85427135678392,at10_1
108,0.9909489856272311,0.0020347085652804658,0.0070163058074884065,48.301507537688444,at10_1
109,0.994364503994059,0.001313353210763312,0.004322142795177839,48.74874371859296,at10_1
110,0.996582086722229,0.0007941217897243312,0.0026237914880465492,49.19597989949749,at10_1
111,0.9979690352850261,0.00045444580032865794,0.0015765189146451262,49.64321608040201,at10_1
112,0.9988149966831086,0.0002519372183332095,0.0009330660985582491,50.09045226130653,at10_1
113,0.9993135711108008,0.0001481641359202296,0.0005382647532789647,50.537688442211056,at10_1
114,0.9995809331714786,0.00012033297877719986,0.0002987338497441866,50.984924623115575,at10_1
115,0.999676175019699,0.00016648282537640828,0.00015734215492466838,51.4321608040201,at10_1
116,0.99961487401555,0.0003075010298004795,7.762495464947121e-05,51.879396984924625,at10_1
117,0.9993793885193087,0.0005851362514954641,3.5475229195803654e-05,52.32663316582914,at10_1
118,0.9989314062929312,0.0010536874492188867,1.4906257849920603e-05,52.77386934673367,at10_1
119,0.9982270841834724,0.001767171874698196,5.743941829319258e-06,53.22110552763819,at10_1
120,0.9972279843968371,0.0027699814322252204,2.0341709376459578e-06,53.66834170854271,at10_1
121,0.9959012816863582,0.004098052822387476,6.654912543796643e-07,54.11557788944724,at10_1
122,0.9942116292306329,0.005788168488736303,2.0228063077917816e-07,54.562814070351756,at10_1
123,0.9921153609048574,0.007884581697336374,5.7397806239539667e-08,55.01005025125628,at10_1
124,0.9895710339115825,0.010428950589511278,1.5498906243856953e-08,55.45728643216081,at10_1
125,0.9865820255027454,0.01341796886258806,5.634666523277545e-09,55.904522613065325,at10_1
126,0.9832828186093073,0.016717170156045385,1.1234647342931717e-08,56.35175879396985,at10_1
127,0.9800495938964682,0.019950353926303458,5.2177228345915244e-08,56.79899497487437,at10_1
128,0.977540645417834,0.022459119557121838,2.3502504404757263e-07,57.246231155778894,at10_1
129,0.9765161715528591,0.023482881173692783,9.472734481523353e-07,57.69346733668342,at10_1
130,0.9774231762654852,0.022573439662011207,3.384072503544951e-06,58.14070351758794,at10_1
131,0.980049257905038,0.019940024205461777,1.0717889500128804e-05,58.58793969849246,at10_1
132,0.9835947399635866,0.016374993745627592,3.02662907857287e-05,59.03517587939698,at10_1
133,0.9870946883961282,0.012828533914632902,7.67776892388505e-05,59.482412060301506,at10_1
134,0.9898257346945788,0.009998205301262608,0.00017606000415855535,59.92964824120603,at10_1
135,0.9914824410750153,0.008151067007312137,0.00036649191767247185,60.37688442211055,at10_1
136,0.9921414903102235,0.00716376630923623,0.000694743380540221,60.824120603015075,at10_1
137,0.9921042078230997,0.006691740584784899,0.0012040515921154518,61.2713567839196,at10_1
138,0.9917044532123109,0.006376237231747147,0.0019193095559419087,61.71859296482412,at10_1
139,0.9911628237683088,0.005999423749425792,0.002837752482265377,62.165829145728644,at10_1
140,0.9905333605869737,0.005535420694225529,0.0039312187188008515,62.61306532663316,at10_1
141,0.9897279578233004,0.005113544151583625,0.005158498025115969,63.06030150753769,at10_1
142,0.988570177693662,0.00494803818472042,0.006481784121617514,63.50753768844221,at10_1
143,0.9868442404435337,0.005274180176861101,0.00788157937960523,63.95477386934673,at10_1
144,0.9843363349346081,0.006297725341319074,0.009365939724072816,64.40201005025125,at10_1
145,0.9808843680742756,0.008145288961380694,0.01097034296434366,64.84924623115577,at10_1
146,0.9764525425252594,0.010803379637403382,0.012744077837337426,65.2964824120603,at10_1
147,0.9712341116314313,0.014047392310594427,0.014718496057974238,65.74371859296483,at10_1
148,0.9657622296850497,0.01738493261407372,0.01685283770087656,66.19095477386935,at10_1
149,0.9609686113087277,0.020069694619219557,0.018961694072052712,66.63819095477386,at10_1
150,0.9580728316458827,0.02126752049133966,0.02065964786277761,67.08542713567839,at10_1
151,0.9581822975947256,0.02040920884646575,0.021408493558808656,67.53266331658291,at10_1
152,0.9616905295927132,0.017569841725287912,0.020739628681998985,67.97989949748744,at10_1
153,0.9679202390323397,0.01352467172880525,0.01855508923885508,68.42713567839196,at10_1
154,0.9754209436382164,0.009335951152049892,0.015243105209733591,68.87437185929649,at10_1
155,0.9826969969584557,0.005816312139504799,0.011486690902039522,69.321608040201,at10_1
156,0.988760132642539,0.003292483240113813,0.007947384117347198,69.76884422110552,at10_1
157,0.9932433376353264,0.0017026348010495318,0.005054027563623911,70.21608040201005,at10_1
158,0.9962348793455874,0.0008076396064943311,0.002957481047918269,70.66331658291458,at10_1
159,0.9980519727832932,0.00035272517596060163,0.0015953020407462554,71.1105527638191,at10_1
160,0.9990620298512481,0.00014245767551260887,0.0007955124732391725,71.55778894472361,at10_1
161,0.9995782210521087,5.363415417529877e-05,0.00036814479371602454,72.00502512562814,at10_1
162,0.9998215844881014,1.9617668497928348e-05,0.0001587978434006281,72.45226130653266,at10_1
163,0.9999263803667591,9.509036186826093e-06,6.411059705415475e-05,72.89949748743719,at10_1
164,0.9999623530114213,1.3337870524863127e-05,2.4309118053850743e-05,73.34673366834171,at10_1
165,0.9999543394419211,3.69831900295592e-05,8.677368049310126e-06,73.79396984924622,at10_1
166,0.9998877269960295,0.00010935428611843778,2.9187178521237304e-06,74.24120603015075,at10_1
167,0.9996910177615467,0.00030805812780181785,9.241106514691085e-07,74.68844221105527,at10_1
168,0.9991854188569096,0.0008143068617973802,2.7428129299418694e-07,75.1356783919598,at10_1
169,0.9980002095245177,0.0019997148447946636,7.563068773959344e-08,75.58291457286433,at10_1
170,0.9955113178162771,0.004488663120403742,1.9063319068298254e-08,76.03015075376884,at10_1
171,0.9910103293964975,0.008989666316053923,4.28744858278769e-09,76.47738693467336,at10_1
172,0.9843655647019115,0.015634434460700845,8.373877452762577e-10,76.92462311557789,at10_1
173,0.9767858306501208,0.023214169210243416,1.3963583692447085e-10,77.37185929648241,at10_1
174,0.9704322256024284,0.029567774377597375,1.9974163224781458e-11,77.81909547738694,at10_1
175,0.9669432167972183,0.03305678320027372,2.507964536975457e-12,78.26633165829146,at10_1
176,0.9666906060021033,0.033309393997612846,2.8381901446548966e-13,78.71356783919597,at10_1
177,0.9691724072919806,0.03082759270798991,2.9500570447086153e-14,79.1608040201005,at10_1
178,0.9735593301052899,0.026440669894707333,2.8417162191517507e-15,79.60804020100502,at10_1
179,0.9789522164680355,0.021047783531964247,2.5405808199643595e-16,80.05527638190955,at10_1
180,0.9844883815372487,0.015511618462751325,2.1028233436688176e-17,80.50251256281408,at10_1
181,0.9894524482752304,0.01054755172476968,1.605893701885959e-18,80.94974874371859,at10_1
182,0.993396536428697,0.006603463571302998,1.1291630530472428e-19,81.39698492462311,at10_1
183,0.9961922805344239,0.0038077194655761052,7.312565203487823e-21,81.84422110552764,at10_1
184,0.9979714538533258,0.00202854614667415,4.375319407707804e-22,82.29145728643216,at10_1
185,0.998995931944363,0.0010040680556370524,2.4322497764516558e-23,82.73869346733669,at10_1
186,0.999534857858935,0.00046514214106504066,1.2654672746334889e-24,83.1859296482412,at10_1
187,0.9997967029781222,0.00020329702187787043,6.211786149974737e-26,83.63316582914572,at10_1
188,0.9999155419496842,8.445805031583072e-05,2.8983231509262236e-27,84.08040201005025,at10_1
189,0.9999664583176008,3.354168239920787e-05,1.2927391131435418e-28,84.52763819095478,at10_1
190,0.9999872327191657,1.2767280834355013e-05,5.526431132906953e-30,84.9748743718593,at10_1
191,0.999995351896575,4.6481034250443045e-06,2.2596566104947627e-31,85.42211055276381,at10_1
192,0.9999983962181539,1.6037818460325881e-06,8.756534728365918e-33,85.86934673366834,at10_1
193,0.9999994854412412,5.145587588363945e-07,3.1553117724782063e-34,86.31658291457286,at10_1
194,0.9999998509674007,1.49032599308449e-07,1.0263817058078842e-35,86.76381909547739,at10_1
195,0.9999999622797647,3.77202352173708e-08,2.9175771175388665e-37,87.21105527638191,at10_1
196,0.9999999917982232,8.201776819032251e-09,7.124858207672085e-39,87.65829145728642,at10_1
197,0.9999999984493094,1.5506905471158583e-09,1.5129122703316458e-40,88.10552763819095,at10_1
198,0.9999999997364827,2.635173606557588e-10,2.8874745530410896e-42,88.55276381909547,at10_1
199,0.9999999999583128,4.1687179488829886e-11,5.130170202280573e-44,89.0,at10_1
0,2.3494850274328354e-10,0.9973574653205898,0.0026425344444617393,0.0,at15_3
1,8.62979521440087e-10,0.996773262138733,0.0032267369982874276,0.4321608040201005,at15_3
2,3.064518806498863e-09,0.9961447364949019,0.0038552604405793045,0.864321608040201,at15_3
3,1.054347166657969e-08,0.995471855196717,0.0045281342598111896,1.2964824120603016,at15_3
4,3.520027150386253e-08,0.9947485273254975,0.005251437474231036,1.728643216080402,at15_3
5,1.1414900600542228e-07,0.9939618051416447,0.0060380807093493175,2.1608040201005023,at15_3
6,3.5970234819165996e-07,0.9930909475296973,0.006908692767954538,2.592964824120603,at15_3
7,1.10134619431906e-06,0.9921055629090262,0.00789333574477952,3.0251256281407035,at15_3
8,3.2746970962785157e-06,0.990961482339626,0.009035242963277674,3.457286432160804,at15_3
9,9.445087594379141e-06,0.9895923444449154,0.010398210467490138,3.8894472361809043,at15_3
10,2.63763173539917e-05,0.9878947502727341,0.012078873409911756,4.321608040201005,at15_3
11,7.109521733925862e-05,0.9857068538546231,0.01422205092803773,4.7537688442211055,at15_3
12,0.00018401193959038248,0.9827875344473839,0.017028453613025723,5.185929648241206,at15_3
13,0.000453585800985022,0.9788197951924095,0.020726619006605506,5.618090452261306,at15_3
14,0.0010520059514554437,0.9734838940637616,0.02546409998478296,6.050251256281407,at15_3
15,0.0022604105190445977,0.9666357536180449,0.031103835862910646,6.482412060301507,at15_3
16,0.004429547207221902,0.9585085233054206,0.03706192948735755,6.914572864321608,at15_3
17,0.007836608748849205,0.9496766621220462,0.042486729129104624,7.346733668341709,at15_3
18,0.012515771959165638,0.940651116218566,0.04683311182226839,7.7788944723618085,at15_3
19,0.01821263033251035,0.9314942772133333,0.050293092454156356,8.21105527638191,at15_3
20,0.024477149582683995,0.9219148383055312,0.05360801211178481,8.64321608040201,at15_3
21,0.030781332316571156,0.9116926409506518,0.05752602673277697,9.075376884422111,at15_3
22,0.03660339083777552,0.9009813894665795,0.062415219695644904,9.507537688442211,at15_3
23,0.041487340978003995,0.890316949180281,0.06819570984171491,9.93969849246231,at15_3
24,0.04507848416009295,0.8804632051596515,0.07445831068025568,10.371859296482413,at15_3
25,0.04713201112888852,0.8722732182394538,0.08059477063165774,10.804020100502512,at15_3
26,0.04751927460176744,0.8666171066817424,0.08586361871649019,11.236180904522612,at15_3
27,0.04627111479626274,0.8642980432791525,0.08943084192458471,11.668341708542712,at15_3
28,0.043669564011343726,0.8658484338290953,0.09048200215956104,12.100502512562814,at15_3
29,0.04032848717498259,0.8712039391961169,0.08846757362890044,12.532663316582914,at15_3
30,0.0371337340437866,0.879462736586946,0.08340352936926751,12.964824120603014,at15_3
31,0.03495482390785544,0.88905612874978,0.07598904734236453,13.396984924623116,at15_3
32,0.03425262850032669,0.8983950978086849,0.06735227369098855,13.829145728643216,at15_3
33,0.03488581983817289,0.9065472747957528,0.05856690536607428,14.261306532663315,at15_3
34,0.036283985231329426,0.9133945726127018,0.0503214421559688,14.693467336683417,at15_3
35,0.0378389892560011,0.9192149702305868,0.04294604051341201,15.125628140703517,at15_3
36,0.03923813342007239,0.9240884317859701,0.03667343479395753,15.557788944723617,at15_3
37,0.04058151169931911,0.9275074183933386,0.031911069907342236,15.989949748743719,at15_3
38,0.0422945429884105,0.9282852772175074,0.029420179794081992,16.42211055276382,at15_3
39,0.044935670367360556,0.9246345536876386,0.03042977594500092,16.85427135678392,at15_3
40,0.04899534201586891,0.9142638409623842,0.03674081702174687,17.28643216080402,at15_3
41,0.054724096475839826,0.8944940275663599,0.05078187595780034,17.71859296482412,at15_3
42,0.061980682436592195,0.8626262020709928,0.07539311549241492,18.150753768844222,at15_3
43,0.070120748145781,0.8169176223432519,0.11296162951096704,18.582914572864322,at15_3
44,0.07805569257771396,0.7581772186317484,0.16376708879053772,19.015075376884422,at15_3
45,0.08464378682020139,0.6909618099491723,0.22439440323062632,19.44723618090452,at15_3
46,0.08929266795981734,0.6227007482213188,0.2880065838188638,19.87939698492462,at15_3
47,0.0922602511200998,0.5606907347833997,0.34704901409650063,20.31155778894472,at15_3
48,0.09433104339318002,0.5094487674596642,0.39622018914715584,20.743718592964825,at15_3
49,0.09619989796768502,0.47043774023149015,0.4333623618008247,21.175879396984925,at15_3
50,0.09806965193076289,0.44349291760654763,0.4584374304626896,21.608040201005025,at15_3
51,0.09959362374615922,0.4283152322445225,0.4720911440093184,22.040201005025125,at15_3
52,0.10000670650427028,0.425348206082584,0.4746450874131458,22.472361809045225,at15_3
53,0.09827739493150081,0.4362430768426184,0.46547952822588085,22.904522613065325,at15_3
54,0.09322041044654032,0.4641929943027265,0.44258659525073313,23.336683417085425,at15_3
55,0.08367721941673409,0.5137379495043297,0.4025848310789363,23.768844221105528,at15_3
56,0.06909774096149354,0.5883309269314555,0.3425713321070508,24.201005025125628,at15_3
57,0.05072800282979867,0.6840005810596244,0.26527141611057703,24.633165829145728,at15_3
58,0.032231847542453944,0.7841520108117828,0.1836161416457633,25.065326633165828,at15_3
59,0.017674785858625187,0.867435775568388,0.11488943857298692,25.497487437185928,at15_3
60,0.00855350178191531,0.9235024449468203,0.06794405327126453,25.929648241206028,at15_3
61,0.003768485662774389,0.9557664951409903,0.04046501919623526,26.36180904522613,at15_3
62,0.001550833090748918,0.9726024240468589,0.025846742862392195,26.79396984924623,at15_3
63,0.0006079768382673223,0.980908086174796,0.01848393698693661,27.22613065326633,at15_3
64,0.0002362210486025635,0.9848410907428861,0.014922688208511472,27.65829145728643,at15_3
65,0.0001098090210380456,0.9865950167696683,0.013295174209293638,28.09045226130653,at15_3
66,9.944848496232875e-05,0.9872800557639951,0.012620495751042592,28.52261306532663,at15_3
67,0.00017482769528014616,0.9874680414772219,0.012357130827497969,28.95477386934673,at15_3
68,0.0003662090333097332,0.9874543281028356,0.012179462863854622,29.386934673366834,at15_3
69,0.0007594060509510229,0.9873462064028794,0.011894387546169479,29.819095477386934,at15_3
70,0.0015080968480564315,0.9870555951981446,0.011436307953799034,30.251256281407034,at15_3
71,0.0028512163911539575,0.9862455387590315,0.010903244849814508,30.683417085427134,at15_3
72,0.005118620351011391,0.9842698187328215,0.010611560916167105,31.115577889447234,at15_3
73,0.008695139092432396,0.9801597173349552,0.011145143572612372,31.547738693467334,at15_3
74,0.013899125345100684,0.9727571940383943,0.013343680616504953,31.979899497487438,at15_3
75,0.020751396375842678,0.9611260783864785,0.018122525237678863,32.41206030150754,at15_3
76,0.028727029374092147,0.9452325906135856,0.026040380012322322,32.84422110552764,at15_3
77,0.03676557673913432,0.9264446509177885,0.036789772343077155,33.27638190954774,at15_3
78,0.043758092004683585,0.9071161657986777,0.04912574219663883,33.70854271356784,at15_3
79,0.04922156111654289,0.8892711421768611,0.06150729670659598,34.14070351758794,at15_3
80,0.05354907167678047,0.8735469537833827,0.07290397453983684,34.57286432160804,at15_3
81,0.05769178107973316,0.8592685359490592,0.08303968297120765,35.00502512562814,at15_3
82,0.06267425232831542,0.8452656189295202,0.0920601287421644,35.43718592964824,at15_3
83,0.06928379041914082,0.8306293368620813,0.10008687271877793,35.86934673366834,at15_3
84,0.07797450923338474,0.8150419921410119,0.10698349862560329,36.301507537688444,at15_3
85,0.08889646562770007,0.7987247049747678,0.11237882939753217,36.733668341708544,at15_3
86,0.1019724854971434,0.7821832529898233,0.11584426151303319,37.165829145728644,at15_3
87,0.11698137915686274,0.7659241695318939,0.1170944513112434,37.597989949748744,at15_3
88,0.13362952328256725,0.7502517711204,0.11611870559703277,38.030150753768844,at15_3
89,0.15160787556639796,0.7351778789224535,0.11321424551114857,38.462311557788944,at15_3
90,0.17064135619131698,0.7204137738290824,0.10894486997960047,38.89447236180904,at15_3
91,0.19054034443321516,0.7053903186606373,0.10406933690614743,39.32663316582914,at15_3
92,0.21126003564759982,0.6892629141867528,0.09947705016564747,39.75879396984924,at15_3
93,0.2329629639969198,0.6708907845887476,0.09614625141433251,40.19095477386934,at15_3
94,0.2560560114292605,0.6488390373600751,0.09510495121066434,40.62311557788944,at15_3
95,0.28112605079666525,0.6215460259664807,0.09732792323685394,41.05527638190954,at15_3
96,0.30865989025264334,0.5878600533786865,0.1034800563686701,41.48743718592965,at15_3
97,0.3385327043747429,0.5479516151848572,0.11351568044039982,41.91959798994975,at15_3
98,0.3695664286787189,0.5040434844673523,0.12639008685392866,42.35175879396985,at15_3
99,0.3996487473109463,0.46011902446342556,0.1402322282256282,42.78391959798995,at15_3
100,0.426480352661232,0.420551407179909,0.15296824015885893,43.21608040201005,at15_3
101,0.44842322498424847,0.38857741032182325,0.16299936469392828,43.64824120603015,at15_3
102,0.4649685297880993,0.3653864947044541,0.1696449755074466,44.08040201005025,at15_3
103,0.47676757490476696,0.34990384476978054,0.17332858032545254,44.51256281407035,at15_3
104,0.4853468665886214,0.3391576609549272,0.17549547245645142,44.94472361809045,at15_3
105,0.4925887404307561,0.3292424349542672,0.17816882461497674,45.37688442211055,at15_3
106,0.5000757896021014,0.31677190085339757,0.18315230954450093,45.80904522613065,at15_3
107,0.5085280382492109,0.30029406796400976,0.1911778937867793,46.24120603015075,at15_3
108,0.5176608639848562,0.28082243311445626,0.20151670290068754,46.67336683417085,at15_3
109,0.5266401012342335,0.2609934999798985,0.21236639878586788,47.10552763819096,at15_3
110,0.5348984527105727,0.24338624527489156,0.2217153020145357,47.537688442211056,at15_3
111,0.5427893590171542,0.22921429361936685,0.22799634736347904,47.969849246231156,at15_3
112,0.5517005681804958,0.21813321638068894,0.23016621543881513,48.402010050251256,at15_3
113,0.5635950727251894,0.20894464027659898,0.22746028699821158,48.834170854271356,at15_3
114,0.5801744930699024,0.20051833169793734,0.21930717523216017,49.266331658291456,at15_3
115,0.6020281232689539,0.1923637881623029,0.20560808856874324,49.698492462311556,at15_3
116,0.6282647486655997,0.1846168324326125,0.1871184189017878,50.130653266331656,at15_3
117,0.656914933649972,0.17760403058807075,0.1654810357619573,50.562814070351756,at15_3
118,0.6858139773693163,0.1714036836804944,0.14278233895018924,50.994974874371856,at15_3
119,0.7133439915296913,0.16570843385025302,0.12094757462005574,51.427135678391956,at15_3
120,0.7386824351067526,0.1599724392286718,0.10134512566457564,51.859296482412056,at15_3
121,0.7616479141525972,0.15365280113476162,0.08469928471264115,52.291457286432156,at15_3
122,0.782403391366864,0.14639916600023023,0.07119744263290582,52.72361809045226,at15_3
123,0.8012003064406596,0.13814687678662377,0.060652816772716577,53.15577889447236,at15_3
124,0.8182275593300792,0.12912365704472328,0.0526487836251975,53.58793969849246,at15_3
125,0.8335591726106396,0.1197921680134035,0.046648659375956865,54.02010050251256,at15_3
126,0.8471669795794109,0.11075364836549638,0.042079372055092774,54.45226130653266,at15_3
127,0.8589569936741985,0.10264420231232625,0.038398804013475125,54.88442211055276,at15_3
128,0.8687921221667435,0.09605763478468657,0.03515024304856995,55.31658291457286,at15_3
129,0.8764792236314226,0.09151621082302114,0.03200456554555631,55.74874371859296,at15_3
130,0.8817210636329326,0.08948318611748089,0.028795750249586586,56.18090452261306,at15_3
131,0.8840557557546312,0.09037845016347752,0.025565794081891344,56.61306532663316,at15_3
132,0.8828250867007609,0.09453179677785613,0.022643116521383098,57.04522613065326,at15_3
133,0.8772365064272597,0.10200064787440649,0.020762845698333834,57.47738693467336,at15_3
134,0.8666173243362725,0.11224135345284984,0.021141322210877785,57.90954773869346,at15_3
135,0.8509405512362074,0.12388043745355792,0.02517901131023471,58.34170854271357,at15_3
136,0.831397212765831,0.1352331067745316,0.033369680459637334,58.77386934673367,at15_3
137,0.8102203885061496,0.14574470453313176,0.044034906960718455,59.20603015075377,at15_3
138,0.7894717399105451,0.1565432032124151,0.05398505687703984,59.63819095477387,at15_3
139,0.7702746436000941,0.16871672818821024,0.06100862821169569,60.07035175879397,at15_3
140,0.7533376227504638,0.18167423244285552,0.06498814480668082,60.50251256281407,at15_3
141,0.7395215936334868,0.193483737273249,0.0669946690932642,60.93467336683417,at15_3
142,0.7297094797352073,0.20205864230010948,0.06823187796468319,61.36683417085427,at15_3
143,0.7243664806924495,0.20601070153744705,0.0696228177701035,61.79899497487437,at15_3
144,0.7231888066103921,0.20505557563018417,0.0717556177594238,62.23115577889447,at15_3
145,0.7249732051356907,0.2001536164858626,0.07487317837844668,62.66331658291457,at15_3
146,0.7277740866894273,0.1933971508347602,0.07882876247581248,63.09547738693467,at15_3
147,0.7293885974065147,0.18752079871914712,0.08309060387433806,63.52763819095477,at15_3
148,0.7280415986983971,0.18505920391970745,0.08689919738189539,63.959798994974875,at15_3
149,0.7229340200267003,0.18750879279308158,0.0895571871802181,64.39195979899498,at15_3
150,0.714355751605134,0.19495325383576062,0.09069099455910544,64.82412060301507,at15_3
151,0.7033713857794286,0.2062956367582054,0.09033297746236599,65.25628140703517,at15_3
152,0.6913390536355761,0.2198473866643077,0.08881355970011627,65.68844221105527,at15_3
153,0.6795160895403384,0.2339220195847781,0.08656189087488365,66.12060301507537,at15_3
154,0.6688570868531459,0.2472266629723001,0.08391625017455397,66.55276381909547,at15_3
155,0.6599869318887237,0.25901793222420083,0.08099513588707542,66.98492462311557,at15_3
156,0.6532736347744589,0.26907951504705474,0.07764685017848635,67.41708542713567,at15_3
157,0.6489075536114024,0.2775925306193994,0.0734999157691982,67.84924623115577,at15_3
158,0.6469066651975964,0.2849493188636172,0.06814401593878643,68.28140703517587,at15_3
159,0.6470301900476862,0.291553179399046,0.0614166305532677,68.71356783919597,at15_3
160,0.6486844776261231,0.29766557126466303,0.05364995110921375,69.14572864321607,at15_3
161,0.6509552029641246,0.3033606551262881,0.04568414190958738,69.57788944723617,at15_3
162,0.6528204623880299,0.30857794065464095,0.0386015969573291,70.01005025125627,at15_3
163,0.6534705883300743,0.31318342796050735,0.033345983709418284,70.44221105527637,at15_3
164,0.6526182170363574,0.3169531126075468,0.03042867035609588,70.87437185929647,at15_3
165,0.650716285935349,0.31947485794648445,0.029808856118166634,71.30653266331657,at15_3
166,0.6490208447855448,0.3200494851088313,0.030929670105623887,71.73869346733667,at15_3
167,0.6494232613831515,0.3177115192985784,0.03286521931827021,72.17085427135679,at15_3
168,0.6539878215273868,0.31146862080613236,0.03454355766648085,72.60301507537689,at15_3
169,0.6642261432170296,0.3007609055816892,0.035012951201281194,73.03517587939699,at15_3
170,0.6803317880150273,0.28597355604979413,0.03369465593517859,73.46733668341709,at15_3
171,0.7007745496023452,0.26869379797980464,0.030531652417850216,73.89949748743719,at15_3
172,0.7225880783005736,0.2514568384487392,0.025955083250687166,74.33165829145729,at15_3
173,0.742304668000029,0.2370155833152278,0.020679748684743014,74.76381909547739,at15_3
174,0.7570997979253415,0.22745915463770708,0.015441047436951365,75.19597989949749,at15_3
175,0.7656617360832442,0.223538900924307,0.010799362992448979,75.62814070351759,at15_3
176,0.7685386716663672,0.22439759852362123,0.007063729810011489,76.06030150753769,at15_3
177,0.7679235578694538,0.22776614316107455,0.004310298969471662,76.49246231155779,at15_3
178,0.7669281605418788,0.23062470833003368,0.0024471311280874217,76.92462311557789,at15_3
179,0.76853691128437,0.2301729386037834,0.001290150111846612,77.35678391959799,at15_3
180,0.7746460920617573,0.22472264583325355,0.0006312621049891449,77.78894472361809,at15_3
181,0.7856300205064615,0.21408305563639402,0.00028692385714451576,78.22110552763819,at15_3
182,0.8005748950820188,0.19930370255859783,0.00012140235938333384,78.65326633165829,at15_3
183,0.8179282451430784,0.18202380074390176,4.7954113019855656e-05,79.08542713567839,at15_3
184,0.8361655490929837,0.16381671161589212,1.7739291124043554e-05,79.51758793969849,at15_3
185,0.8542044229120933,0.14578941236033763,6.164727568993233e-06,79.94974874371859,at15_3
186,0.8715073464315903,0.12849063544014006,2.0181282696191275e-06,80.38190954773869,at15_3
187,0.8879577683639994,0.11204160798882422,6.236471762738345e-07,80.81407035175879,at15_3
188,0.9036409497028592,0.0963588681509117,1.821462291098736e-07,81.24623115577889,at15_3
189,0.9186412942537989,0.08135865544628883,5.0299912317161196e-08,81.67839195979899,at15_3
190,0.9329222340429749,0.06707775282801405,1.3129010868823816e-08,82.11055276381909,at15_3
191,0.9463062673935412,0.05369372937100454,3.2354542990303977e-09,82.54271356783919,at15_3
192,0.9585301877367579,0.041469811512097755,7.511442612382245e-10,82.9748743718593,at15_3
193,0.9693245257385881,0.03067547409778027,1.6363162430589673e-10,83.4070351758794,at15_3
194,0.9784710217723631,0.021528978194406703,3.323022097062841e-11,83.8391959798995,at15_3
195,0.9858279559372992,0.014172044056466727,6.234089424987378e-12,84.2713567839196,at15_3
196,0.9913532469559668,0.008646753042963426,1.069827059881543e-12,84.7035175879397,at15_3
197,0.9951509574205705,0.0048490425792627485,1.668383468394324e-13,85.1356783919598,at15_3
198,0.9975019846162101,0.0024980153837663804,2.366712342309885e-14,85.5678391959799,at15_3
199,0.9988078492853864,0.0011921507146107125,3.083990601586985e-15,86.0,at15_3
0,3.3480986500955274e-07,0.002977874265196211,0.9970217909249388,0.0,at4_2
1,9.573502958981829e-07,0.003697532020001866,0.9963015106297022,0.49246231155778897,at4_2
2,2.6026737228284895e-06,0.004399493353916077,0.9955979039723611,0.9849246231155779,at4_2
3,6.745680475191139e-06,0.005035061940237741,0.9949581923792872,1.4773869346733668,at4_2
4,1.6697184362916026e-05,0.0055579949962042486,0.9944253078194328,1.9698492462311559,at4_2
5,3.948150090669066e-05,0.00592543553731532,0.994035082961778,2.462311557788945,at4_2
6,8.904589169337097e-05,0.006099427375298761,0.9938115267330079,2.9547738693467336,at4_2
7,0.00019085734744247717,0.006052175324534869,0.9937569673280227,3.4472361809045227,at4_2
8,0.00038637098090162986,0.00577952827789644,0.9938341007412019,3.9396984924623117,at4_2
9,0.0007322920419743355,0.005328017756318807,0.9939396902017068,4.432160804020101,at4_2
10,0.001285327566108107,0.004837497723943101,0.9938771747099487,4.92462311557789,at4_2
11,0.0020659244067356003,0.004589927519190371,0.993344148074074,5.417085427135679,at4_2
12,0.003015475274216867,0.005043364033426955,0.9919411606923563,5.909547738693467,at4_2
13,0.003990017925106484,0.006847941127200859,0.9891620409476927,6.402010050251256,at4_2
14,0.004824052013203346,0.010893549871156798,0.9842823981156399,6.894472361809045,at4_2
15,0.005442884066800644,0.018456580045795753,0.9761005358874036,7.386934673366834,at4_2
16,0.005977395496065833,0.031440115227133844,0.9625824892768002,7.8793969849246235,at4_2
17,0.006870625706676533,0.0526061048324905,0.9405232694608331,8.371859296482413,at4_2
18,0.00897674474178783,0.08566632617306608,0.9053569290851461,8.864321608040202,at4_2
19,0.0135680767464337,0.13512128502803414,0.8513106382255321,9.35678391959799,at4_2
20,0.021997412815574376,0.20561481062522904,0.7723877765591965,9.84924623115578,at4_2
21,0.03466811565457268,0.29993489666555734,0.66539698767987,10.341708542713569,at4_2
22,0.049509034103465945,0.4145532205741274,0.5359377453224067,10.834170854271358,at4_2
23,0.06181828764250738,0.535658956703205,0.40252275565428774,11.326633165829147,at4_2
24,0.06736788159945967,0.6441752373261815,0.28845688107435874,11.819095477386934,at4_2
25,0.06576054356311771,0.7281603638780889,0.2060790925587933,12.311557788944723,at4_2
26,0.05972562455849329,0.7873435675805495,0.15293080786095722,12.804020100502512,at4_2
27,0.05235401994377528,0.827359645349064,0.12028633470716085,13.296482412060302,at4_2
28,0.045701954332061666,0.8537373413706705,0.10056070429726795,13.78894472361809,at4_2
29,0.04083030179465366,0.8696517740721373,0.0895179241332089,14.28140703517588,at4_2
30,0.03822940012533789,0.8756191713042297,0.08615142857043238,14.773869346733669,at4_2
31,0.03815024865026284,0.8691843712607079,0.09266538008902915,15.266331658291458,at4_2
32,0.040776969548707465,0.8436884676220919,0.11553456282920053,15.758793969849247,at4_2
33,0.04621022903609821,0.7862819858452644,0.16750778511863734,16.251256281407034,at4_2
34,0.05404661090192787,0.6790411882842022,0.26691220081386985,16.743718592964825,at4_2
35,0.06235494768730234,0.5149513278209213,0.42269372449177617,17.236180904522612,at4_2
36,0.0674276343714565,0.3278916342764152,0.6046807313521283,17.728643216080403,at4_2
37,0.06671119793715144,0.17845737003395493,0.7548314320288937,18.22110552763819,at4_2
38,0.061083643186709335,0.09077981967401666,0.848136537139274,18.71356783919598,at4_2
39,0.052726390325482764,0.04765204597496868,0.8996215636995486,19.20603015075377,at4_2
40,0.04329743662541334,0.027042349343776768,0.92966021403081,19.69849246231156,at4_2
41,0.03398148892237471,0.01639306877451387,0.9496254423031114,20.190954773869347,at4_2
42,0.02571111833857852,0.010268770250766555,0.9640201114106549,20.683417085427138,at4_2
43,0.019098626447061607,0.006480965162342094,0.9744204083905963,21.175879396984925,at4_2
44,0.014359443913530685,0.004067463336783106,0.9815730927496863,21.668341708542716,at4_2
45,0.011390205026678209,0.0025237445614970573,0.9860860504118247,22.160804020100503,at4_2
46,0.00995121205618179,0.0015503257021517642,0.9884984622416664,22.653266331658294,at4_2
47,0.009843116233950623,0.00096621963938195,0.9891906641266675,23.14572864321608,at4_2
48,0.011012502864195053,0.0006705231176602466,0.9883169740181448,23.63819095477387,at4_2
49,0.013569522530208015,0.0006196255929493213,0.9858108518768427,24.13065326633166,at4_2
50,0.017717673744779783,0.0008062315723168812,0.9814760946829033,24.623115577889447,at4_2
51,0.023612438590024543,0.0012280430844468842,0.9751595183255286,25.115577889447238,at4_2
52,0.03122929820872225,0.0018457472185255408,0.9669249545727522,25.608040201005025,at4_2
53,0.04039613825988541,0.002558299271457406,0.9570455624686571,26.100502512562816,at4_2
54,0.05106153771314946,0.003230689544984287,0.9457077727418662,26.592964824120603,at4_2
55,0.06362418172497424,0.0037583164645614672,0.9326175018104643,27.085427135678394,at4_2
56,0.07909209510957294,0.004108383259514814,0.9167995216309123,27.57788944723618,at4_2
57,0.09905590818297143,0.004315856110332966,0.8966282357066957,28.070351758793972,at4_2
58,0.12555957025164594,0.004466293395915368,0.8699741363524387,28.56281407035176,at4_2
59,0.1608139133915591,0.00469776223484677,0.8344883243735942,29.05527638190955,at4_2
60,0.20657649315635124,0.005217508637419592,0.7882059982062292,29.547738693467338,at4_2
61,0.26316472782836975,0.006295370139999109,0.7305399020316311,30.04020100502513,at4_2
62,0.3285517679442695,0.008194912733515152,0.6632533193222153,30.532663316582916,at4_2
63,0.3984022569307349,0.011055410564857277,0.5905423325044079,31.025125628140707,at4_2
64,0.46742327671709216,0.014801567022377152,0.5177751562605307,31.517587939698494,at4_2
65,0.531194965362045,0.0191407703898058,0.44966426424814926,32.01005025125628,at4_2
66,0.5872445299299426,0.023621273033436977,0.3891341970366204,32.50251256281407,at4_2
67,0.6350253820251144,0.027693499992841306,0.3372811179820444,32.99497487437186,at4_2
68,0.6753153654899776,0.03076853775614279,0.2939160967538795,33.48743718592965,at4_2
69,0.7095551675764017,0.03231212075515606,0.2581327116684423,33.97989949748744,at4_2
70,0.7393039727847481,0.0319937974002088,0.2287022298150429,34.472361809045225,at4_2
71,0.7658330116154597,0.029844909167194338,0.20432207921734596,34.96482412060302,at4_2
72,0.7899331428003854,0.02631626976429296,0.18375058743532155,35.45728643216081,at4_2
73,0.8120329547642287,0.022142884333473865,0.16582416090229737,35.949748743718594,at4_2
74,0.8325193299085312,0.018055474049639645,0.14942519604182922,36.44221105527638,at4_2
75,0.851885487369819,0.014520174489208787,0.1335943381409722,36.934673366834176,at4_2
76,0.8704579142722084,0.01166849513618755,0.11787359059160411,37.42713567839196,at4_2
77,0.8880240435608491,0.009407754947140362,0.10256820149201065,37.91959798994975,at4_2
78,0.9039145036473801,0.007574575047014021,0.0885109213056058,38.41206030150754,at4_2
79,0.9175053926757153,0.006028141581766792,0.07646646574251792,38.90452261306533,at4_2
80,0.9285869210169317,0.004679685447802715,0.06673339353526564,39.39698492462312,at4_2
81,0.9373203696134242,0.0034924875371863083,0.05918714284938952,39.88944723618091,at4_2
82,0.9439713429552617,0.0024700541940822843,0.053558602850656126,40.381909547738694,at4_2
83,0.948696290980577,0.0016366858992275621,0.04966702312019529,40.87437185929648,at4_2
84,0.9515151554846938,0.0010164412198207565,0.047468403295485496,41.366834170854275,at4_2
85,0.9524494736324873,0.0006197650856839041,0.04693076128182871,41.85929648241206,at4_2
86,0.9516933809298044,0.00044335313916827115,0.04786326593102753,42.35175879396985,at4_2
87,0.949656485636581,0.00047916886907800203,0.04986434549434104,42.84422110552764,at4_2
88,0.9468313158530324,0.0007208222509707362,0.05244786189599679,43.33668341708543,at4_2
89,0.9436204067220709,0.0011576989121785152,0.055221894365750604,43.82914572864322,at4_2
90,0.9403050614086745,0.0017576611825570409,0.0579372774087684,44.321608040201006,at4_2
91,0.9371874856879453,0.002448177606283385,0.06036433670577132,44.814070351758794,at4_2
92,0.9347687001738864,0.003108653787029489,0.06212264603908397,45.30653266331659,at4_2
93,0.9337885268317062,0.003586071831264892,0.06262540133702889,45.798994974874375,at4_2
94,0.9350369501953506,0.0037401894137351656,0.061222860390914034,46.29145728643216,at4_2
95,0.9389962557728021,0.0035061834500778283,0.05749756077711999,46.78391959798995,at4_2
96,0.9455326853909674,0.0029373169842216,0.051529997624811065,47.27638190954774,at4_2
97,0.9538773313612181,0.002188706422925754,0.0439339622158561,47.76884422110553,at4_2
98,0.9629210788281971,0.00144524025038783,0.03563368092141507,48.26130653266332,at4_2
99,0.9716010261471799,0.0008433258148889078,0.027555648037931188,48.753768844221106,at4_2
100,0.9791566924036275,0.00043435715588790595,0.020408950440484616,49.246231155778894,at4_2
101,0.9852089626039965,0.00019788679923231307,0.014593150596771166,49.73869346733669,at4_2
102,0.989712102874124,8.028254188363512e-05,0.010207614583992313,50.231155778894475,at4_2
103,0.9928291647096888,2.9321774811361994e-05,0.007141513515499762,50.72361809045226,at4_2
104,0.9947887884497791,9.767804718206442e-06,0.00520144374550263,51.21608040201005,at4_2
105,0.9957821634172552,3.0064856102772987e-06,0.00421483009713456,51.708542713567844,at4_2
106,0.995913940761349,8.646842459090255e-07,0.004085194554405042,52.20100502512563,at4_2
107,0.9951711691002654,2.344161332380168e-07,0.004828596483601375,52.69346733668342,at4_2
108,0.9933499421191219,6.023915884383879e-08,0.006649997641719204,53.185929648241206,at4_2
109,0.9898603281994578,1.468877293835833e-08,0.010139657111769212,53.678391959799,at4_2
110,0.9833230815739055,3.3750676981996287e-09,0.016676915051026968,54.17085427135679,at4_2
111,0.9710880991079219,7.148614524413272e-10,0.028911900177216704,54.663316582914575,at4_2
112,0.9499304089509253,1.3329271622112996e-10,0.05006959091578206,55.15577889447236,at4_2
113,0.9206346210598401,2.047207605881346e-11,0.07936537891968785,55.64824120603015,at4_2
114,0.8927654960532856,2.4696776343616984e-12,0.10723450394424476,56.140703517587944,at4_2
115,0.8765122604421854,2.3745840020967965e-13,0.12348773955757708,56.63316582914573,at4_2
116,0.8720970792316256,1.9229360744701222e-14,0.12790292076835516,57.12562814070352,at4_2
117,0.8736477318945017,1.374668095450692e-15,0.12635226810549677,57.618090452261306,at4_2
118,0.8754733437638788,8.885854322212899e-17,0.12452665623612107,58.1105527638191,at4_2
119,0.8737087959942554,5.237960761809472e-18,0.12629120400574453,58.60301507537689,at4_2
120,0.8662775159462395,2.8202208292291876e-19,0.13372248405376053,59.095477386934675,at4_2
121,0.8527870456955392,1.385971993163767e-20,0.14721295430446074,59.58793969849246,at4_2
122,0.8343304881584271,6.2103410860476825e-22,0.16566951184157278,60.08040201005026,at4_2
123,0.8129991102584141,2.5356614907954793e-23,0.187000889741586,60.572864321608044,at4_2
124,0.7911327592895319,9.433501276029125e-25,0.2088672407104682,61.06532663316583,at4_2
125,0.7705354327788355,3.198769610053248e-26,0.2294645672211645,61.55778894472362,at4_2
126,0.7519394691823212,9.884546057709247e-28,0.2480605308176787,62.05025125628141,at4_2
127,0.7348987788047892,2.7792008672414047e-29,0.26510122119521085,62.5427135678392,at4_2
128,0.7181407812508379,7.082769970446693e-31,0.28185921874916203,63.03517587939699,at4_2
129,0.7003075585109267,1.625593764377027e-32,0.2996924414890732,63.527638190954775,at4_2
130,0.6809059367387238,3.33296967547357e-34,0.31909406326127626,64.02010050251256,at4_2
131,0.6610289672190061,6.060290036356795e-36,0.33897103278099383,64.51256281407035,at4_2
132,0.6432032139591699,9.73968747609673e-38,0.35679678604083015,65.00502512562814,at4_2
133,0.6301648486182996,1.3869279612315456e-39,0.36983515138170037,65.49748743718594,at4_2
134,0.6233678539538198,1.7629256624616272e-41,0.3766321460461803,65.98994974874373,at4_2
135,0.622282845772409,2.0192208288745154e-43,0.37771715422759106,66.48241206030151,at4_2
136,0.6246948532974692,2.1016910979201205e-45,0.37530514670253085,66.9748743718593,at4_2
137,0.6275055994580155,1.9988801416334577e-47,0.3724944005419845,67.46733668341709,at4_2
138,0.6276005988049902,1.74037990839184e-49,0.37239940119500986,67.95979899497488,at4_2
139,0.6226141142091,1.384764940906454e-51,0.3773858857909001,68.45226130653266,at4_2
140,0.6114807752646566,1.0020849990309944e-53,0.38851922473534345,68.94472361809045,at4_2
141,0.5945601300168084,6.55131211623895e-56,0.4054398699831916,69.43718592964825,at4_2
142,0.5731466132936073,3.842606529357998e-58,0.42685338670639267,69.92964824120604,at4_2
143,0.5485644398547561,2.0109974776800564e-60,0.451435560145244,70.42211055276383,at4_2
144,0.521563540205584,9.363678729775189e-63,0.4784364597944158,70.91457286432161,at4_2
145,0.4926550368346569,3.878686702640965e-65,0.5073449631653432,71.4070351758794,at4_2
146,0.46313178586578013,1.4319740088903633e-67,0.5368682141342198,71.89949748743719,at4_2
147,0.4357341694170335,4.726033730018949e-70,0.5642658305829664,72.39195979899498,at4_2
148,0.4141482553017537,1.3998299462039913e-72,0.5858517446982462,72.88442211055276,at4_2
149,0.401532291846667,3.7408497913617554e-75,0.598467708153333,73.37688442211055,at4_2
150,0.3991293435335279,9.083072141421865e-78,0.600870656466472,73.86934673366835,at4_2
151,0.4059581006038926,2.0206513784594166e-80,0.5940418993961073,74.36180904522614,at4_2
152,0.41965627899042746,4.1534161096610384e-83,0.5803437210095727,74.85427135678393,at4_2
153,0.43777328824738154,7.941737184589179e-86,0.5622267117526185,75.34673366834171,at4_2
154,0.45887021744916967,1.4171682841900772e-88,0.5411297825508302,75.8391959798995,at4_2
155,0.48329719305685603,2.3539380784451776e-91,0.5167028069431441,76.33165829145729,at4_2
156,0.5136763420694449,3.5973981892707593e-94,0.48632365793055515,76.82412060301507,at4_2
157,0.5543320106655494,4.936135075177206e-97,0.44566798933445056,77.31658291457286,at4_2
158,0.6074788450410793,5.857880367658995e-100,0.39252115495892065,77.80904522613066,at4_2
159,0.6663345909497386,5.788662827752318e-103,0.3336654090502613,78.30150753768845,at4_2
160,0.7153252917290822,4.696158650341446e-106,0.28467470827091784,78.79396984924624,at4_2
161,0.7432219536864194,3.189618632460796e-109,0.25677804631358064,79.28643216080403,at4_2
162,0.7511596455334201,1.8780105407475972e-112,0.24884035446657998,79.77889447236181,at4_2
163,0.747146620655594,9.858795004065135e-116,0.25285337934440605,80.2713567839196,at4_2
164,0.7392967353969896,4.682447577435971e-119,0.2607032646030104,80.76381909547739,at4_2
165,0.7332425672856837,2.020843903998729e-122,0.26675743271431634,81.25628140703517,at4_2
166,0.7316387654135892,7.915609860169416e-126,0.2683612345864108,81.74874371859296,at4_2
167,0.7343342579331942,2.8051938155197364e-129,0.2656657420668059,82.24120603015076,at4_2
168,0.7392046713666891,8.971664186903655e-133,0.26079532863331095,82.73366834170855,at4_2
169,0.7436105219828019,2.589262488834643e-136,0.2563894780171982,83.22613065326634,at4_2
170,0.7458193469774004,6.763308259916127e-140,0.2541806530225996,83.71859296482413,at4_2
171,0.7455761953108906,1.6068607183654986e-143,0.2544238046891094,84.21105527638191,at4_2
172,0.7436746476914191,3.4886798932468396e-147,0.25632535230858094,84.7035175879397,at4_2
173,0.7411068922588898,6.93610865978299e-151,0.2588931077411102,85.19597989949749,at4_2
174,0.7384436842005293,1.2608602052751408e-154,0.26155631579947064,85.68844221105527,at4_2
175,0.7357666343519291,2.0862407592409804e-158,0.2642333656480708,86.18090452261308,at4_2
176,0.7331636356266571,3.125699109843361e-162,0.2668363643733429,86.67336683417086,at4_2
177,0.7314552429076047,4.2259451444088237e-166,0.2685447570923953,87.16582914572865,at4_2
178,0.7325033152349915,5.15265552705141e-170,0.26749668476500854,87.65829145728644,at4_2
179,0.7386188077963937,5.671874892957105e-174,0.26138119220360634,88.15075376884423,at4_2
180,0.7512269140171481,5.63855879749485e-178,0.24877308598285186,88.64321608040201,at4_2
181,0.7694405357355555,5.0528688792178845e-182,0.23055946426444454,89.1356783919598,at4_2
182,0.7893793056059285,4.0668750718460845e-186,0.21062069439407152,89.62814070351759,at4_2
183,0.8050290973833141,2.9304086996496415e-190,0.19497090261668587,90.12060301507537,at4_2
184,0.8106286170540931,1.888518911801555e-194,0.189371382945907,90.61306532663318,at4_2
185,0.8031928510428841,1.0898735393715568e-198,0.19680714895711598,91.10552763819096,at4_2
186,0.7836050321302868,5.641312387864531e-203,0.21639496786971324,91.59798994974875,at4_2
187,0.7560564909396238,2.6197850715109066e-207,0.2439435090603762,92.09045226130654,at4_2
188,0.7264935886278028,1.0907848597144204e-211,0.27350641137219717,92.58291457286433,at4_2
189,0.7005921004087221,4.073491396704667e-216,0.299407899591278,93.07537688442211,at4_2
190,0.6818960295350271,1.3690029953250353e-220,0.31810397046497296,93.5678391959799,at4_2
191,0.6710649549829355,4.1665429543811805e-225,0.3289350450170645,94.06030150753769,at4_2
192,0.6665444602987763,1.1564939864357607e-229,0.3334555397012236,94.55276381909547,at4_2
193,0.6659402124645885,2.9422662343182044e-234,0.3340597875354116,95.04522613065328,at4_2
194,0.667269349385199,6.868345539713647e-239,0.33273065061480106,95.53768844221106,at4_2
195,0.6698089794271208,1.466968241061103e-243,0.33019102057287913,96.03015075376885,at4_2
196,0.6744307285567371,2.8544084410789123e-248,0.32556927144326286,96.52261306532664,at4_2
197,0.6831028112106233,5.051535686318818e-253,0.31689718878937667,97.01507537688443,at4_2
198,0.697564592126091,8.167939217053712e-258,0.302435407873909,97.50753768844221,at4_2
199,0.7181039558816196,1.2201153182872119e-262,0.28189604411838043,98.0,at4_2
0,0.014019010734750844,1.5163683342749094e-24,0.9859809892652491,0.0,at6_0
1,0.01144924291124499,2.6111367953421374e-23,0.9885507570887551,0.457286432160804,at6_0
2,0.009098541173672462,4.374667893629665e-22,0.9909014588263275,0.914572864321608,at6_0
3,0.007002895318686291,7.095526763267399e-21,0.9929971046813136,1.3718592964824121,at6_0
4,0.005189752368918233,1.1061497137958427e-19,0.9948102476310817,1.829145728643216,at6_0
5,0.003685299463433393,1.640272276688486e-18,0.9963147005365667,2.28643216080402,at6_0
6,0.0025271607656340523,2.2805472368851418e-17,0.997472839234366,2.7437185929648242,at6_0
7,0.001778787924853622,2.9193047927493537e-16,0.998221212075146,3.201005025125628,at6_0
8,0.0015310609551943985,3.374018715891627e-15,0.9984689390448023,3.658291457286432,at6_0
9,0.0018693367028756384,3.465389157541206e-14,0.9981306632970897,4.115577889447236,at6_0
10,0.002806296785888181,3.140162234311966e-13,0.9971937032137977,4.57286432160804,at6_0
11,0.0042222985998578546,2.5152271034899044e-12,0.9957777013976269,5.030150753768844,at6_0
12,0.005850548675482545,1.7919755480187627e-11,0.9941494513065976,5.4874371859296485,at6_0
13,0.0073063090563667745,1.1406866288559367e-10,0.9926936908295646,5.944723618090452,at6_0
14,0.008167777393612716,6.486150784073883e-10,0.9918322219577722,6.402010050251256,at6_0
15,0.008130888241763662,3.282571532718029e-09,0.9918691084756648,6.85929648241206,at6_0
16,0.0071823974180663065,1.473958334590162e-08,0.9928175878423503,7.316582914572864,at6_0
17,0.005634292388429207,5.877353699529954e-08,0.9943656488380337,7.773869346733668,at6_0
18,0.003946631568968936,2.092630710055648e-07,0.9960531591679601,8.231155778894472,at6_0
19,0.0024883896716762733,6.706674236595033e-07,0.9975109396609,8.688442211055277,at6_0
20,0.0014238412544664552,1.950621586203958e-06,0.9985742081239474,9.14572864321608,at6_0
21,0.0007448078295202896,5.186546499198075e-06,0.9992500056239805,9.603015075376884,at6_0
22,0.0003586341199620088,1.2694284463751214e-05,0.9996286715955742,10.060301507537687,at6_0
23,0.00016007359334587528,2.8800424632725397e-05,0.9998111259820214,10.517587939698492,at6_0
24,6.670131932142578e-05,6.100089376384154e-05,0.9998722977869148,10.974874371859297,at6_0
25,2.611805546837665e-05,0.00012141300167330486,0.9998524689428583,11.4321608040201,at6_0
26,9.658638077171593e-06,0.00022822480729650947,0.9997621165546263,11.889447236180905,at6_0
27,3.3817796022645236e-06,0.0004061766070464875,0.9995904416133512,12.346733668341708,at6_0
28,1.1200758766149358e-06,0.0006838166067580264,0.9993150633173654,12.804020100502512,at6_0
29,3.4918000553941586e-07,0.001083572581823455,0.998916078238171,13.261306532663315,at6_0
30,1.0151818170875101e-07,0.0016006421384821199,0.9983992563433362,13.71859296482412,at6_0
31,2.7424849981873185e-08,0.0021741883943124088,0.9978257841808376,14.175879396984923,at6_0
32,8.493828362997225e-09,0.002674370251745701,0.9973256212544259,14.633165829145728,at6_0
33,1.22262820438203e-08,0.002942815387273366,0.9970571723864446,15.090452261306533,at6_0
34,5.405621626812281e-08,0.0028843362394683175,0.9971156097043155,15.547738693467336,at6_0
35,2.3917487266151196e-07,0.002531641517056665,0.9974681193080707,16.00502512562814,at6_0
36,9.58078478670086e-07,0.0020186459590164807,0.997980395962505,16.462311557788944,at6_0
37,3.4890921035589837e-06,0.0015024768814122015,0.9984940340264842,16.919597989949747,at6_0
38,1.1612838762397653e-05,0.0011083913506887326,0.9988799958105489,17.376884422110553,at6_0
39,3.537298965207243e-05,0.0009169420726586475,0.9990476849376893,17.834170854271356,at6_0
40,9.841235517647618e-05,0.000970145721643118,0.9989314419231805,18.29145728643216,at6_0
41,0.00024910202541086814,0.0012724100358326492,0.9984784879387565,18.748743718592966,at6_0
42,0.0005713588889040475,0.0017796116052485162,0.9976490295058474,19.20603015075377,at6_0
43,0.0011849095081342108,0.002390284805134683,0.9964248056867311,19.66331658291457,at6_0
44,0.0022244557385937944,0.002961904710048282,0.9948136395513578,20.120603015075375,at6_0
45,0.0037999497548641703,0.0033573453654320877,0.9928427048797037,20.57788944723618,at6_0
46,0.0059567464958784665,0.0034946787285075535,0.990548574775614,21.035175879396984,at6_0
47,0.008654304516746815,0.0033668308723171165,0.9879788646109361,21.492462311557787,at6_0
48,0.011764205239644108,0.0030250211862422544,0.9852107735741136,21.949748743718594,at6_0
49,0.015073240376254743,0.0025461832273640677,0.9823805763963812,22.407035175879397,at6_0
50,0.018277845178875537,0.002006072693744904,0.9797160821273796,22.8643216080402,at6_0
51,0.020971453821594967,0.0014670555711450432,0.97756149060726,23.321608040201003,at6_0
52,0.022661539557843547,0.0009784399594730644,0.9763600204826834,23.77889447236181,at6_0
53,0.022901196767022215,0.0005803041227430886,0.9765184991102348,24.236180904522612,at6_0
54,0.021567555869020972,0.00029869312143935753,0.9781337510095396,24.693467336683415,at6_0
55,0.019038425931623294,0.00013203120761750143,0.9808295428607593,25.15075376884422,at6_0
56,0.015951044656671742,5.058148616535806e-05,0.9839983738571629,25.608040201005025,at6_0
57,0.01280401401641321,1.7150558997866245e-05,0.987178835424589,26.065326633165828,at6_0
58,0.009854069442610944,5.255027588534264e-06,0.9901406755298006,26.52261306532663,at6_0
59,0.007231908084405084,1.478496931425821e-06,0.9927666134186635,26.979899497487438,at6_0
60,0.005026910590960896,3.948482657927751e-07,0.9949726945607733,27.43718592964824,at6_0
61,0.0032915530548130512,1.4041496642421844e-07,0.9967083065302206,27.894472361809044,at6_0
62,0.00202339483184673,2.0616811416683067e-07,0.9979763990000391,28.351758793969847,at6_0
63,0.0011655300702323379,6.730616159079781e-07,0.9988337968681518,28.809045226130653,at6_0
64,0.00062817130215545,2.2521855039025172e-06,0.9993695765123406,29.266331658291456,at6_0
65,0.00031596377193181545,7.06453685333662e-06,0.9996769716912149,29.72361809045226,at6_0
66,0.00014755939611943357,2.056677186427851e-05,0.9998318738320163,30.180904522613066,at6_0
67,6.34121520907366e-05,5.507599413970008e-05,0.9998815118537695,30.63819095477387,at6_0
68,2.4759616407590502e-05,0.00013397669874481522,0.9998412636848476,31.09547738693467,at6_0
69,8.665802406485937e-06,0.00029207303120453056,0.999699261166389,31.552763819095475,at6_0
70,2.6992068393155607e-06,0.0005655436543807594,0.99943175713878,32.01005025125628,at6_0
71,7.716708826402954e-07,0.000973355502144294,0.9990258728269731,32.46733668341708,at6_0
72,3.022575349391533e-07,0.001504697771110668,0.9984949999713544,32.92462311557789,at6_0
73,5.012973807692605e-07,0.002120963442567348,0.9978785352600519,33.381909547738694,at6_0
74,1.67051927370893e-06,0.0027635976763611806,0.9972347318043652,33.83919597989949,at6_0
75,5.613235998651106e-06,0.0033588709577016627,0.9966355158062997,34.2964824120603,at6_0
76,1.7761332578935086e-05,0.0038216687877131866,0.9961605698797079,34.753768844221106,at6_0
77,5.263319365211582e-05,0.004065082284554709,0.9958822845217932,35.211055276381906,at6_0
78,0.0001452698190408362,0.00402003211176522,0.995834698069194,35.66834170854271,at6_0
79,0.00037026884460353087,0.00366334724248952,0.9959663839129069,36.12562814070352,at6_0
80,0.000862648158829537,0.0030435545064746872,0.9960937973346957,36.58291457286432,at6_0
81,0.001820135853574468,0.002282998373457394,0.9958968657729681,37.040201005025125,at6_0
82,0.003461453997022281,0.0015379445100647024,0.9950006014929129,37.49748743718593,at6_0
83,0.0059460179076731585,0.0009318412658836681,0.9931221408264431,37.95477386934673,at6_0
84,0.0093035977308645,0.0005117435125070669,0.9901846587566283,38.41206030150754,at6_0
85,0.013408619768143691,0.00025739511555615053,0.9863339851163001,38.86934673366834,at6_0
86,0.017976218362732915,0.00011966197760857255,0.9819041196596585,39.32663316582914,at6_0
87,0.022542863028018136,5.172236710290678e-05,0.977405414604879,39.78391959798995,at6_0
88,0.02643880380570486,2.1038907230994896e-05,0.9735401572870642,40.24120603015075,at6_0
89,0.02881894430701828,9.151207118641752e-06,0.971171904485863,40.698492462311556,at6_0
90,0.02885904261643542,8.420028721714644e-06,0.9711325373548428,41.15577889447236,at6_0
91,0.026180165590274043,2.0890738365754912e-05,0.9737989436713602,41.61306532663316,at6_0
92,0.021328456997595235,6.083900021340245e-05,0.9786107040021913,42.07035175879397,at6_0
93,0.015813676301184437,0.00015856746586040887,0.9840277562329551,42.527638190954775,at6_0
94,0.011381720083531588,0.0003592394135242141,0.9882590405029442,42.984924623115575,at6_0
95,0.009070518095895012,0.0007133977371386331,0.9902160841669663,43.44221105527638,at6_0
96,0.008935154413927986,0.0012645841103829714,0.989800261475689,43.89949748743719,at6_0
97,0.010461277659681429,0.002040628990574608,0.9874980933497439,44.35678391959799,at6_0
98,0.013044846174068906,0.003047883996984119,0.983907269828947,44.814070351758794,at6_0
99,0.01620823160077299,0.004264992307349377,0.9795267760918777,45.27135678391959,at6_0
100,0.0196303409547566,0.005636776226735712,0.9747328828185077,45.7286432160804,at6_0
101,0.02315200125713879,0.0070724512018973005,0.969775547540964,46.185929648241206,at6_0
102,0.026859054241139175,0.008451830547104737,0.964689115211756,46.643216080402006,at6_0
103,0.031320022936995526,0.009638844502756969,0.9590411325602475,47.10050251256281,at6_0
104,0.03811210943799814,0.010496158307041805,0.9513917322549601,47.55778894472362,at6_0
105,0.05091948442773957,0.010891667958035173,0.9381888476142253,48.01507537688442,at6_0
106,0.07762577494699577,0.010692239998497232,0.911681985054507,48.472361809045225,at6_0
107,0.13309614707766748,0.00976540351535699,0.8571384494069756,48.92964824120603,at6_0
108,0.23771045710844882,0.008078974996051204,0.7542105678955001,49.38693467336683,at6_0
109,0.39819547625843577,0.006004303342934877,0.5958002203986293,49.84422110552764,at6_0
110,0.577838029422995,0.004448024861726806,0.4177139457152781,50.30150753768844,at6_0
111,0.719203002952101,0.0041199331828896445,0.27667706386500923,50.75879396984924,at6_0
112,0.8026142828608064,0.004933859421296474,0.19245185771789708,51.21608040201005,at6_0
113,0.8432543909152166,0.006468217115210739,0.15027739196957268,51.67336683417085,at6_0
114,0.8595432101391003,0.008407892464213357,0.13204889739668632,52.130653266331656,at6_0
115,0.8621285793144673,0.01055903786853659,0.12731238281699614,52.58793969849246,at6_0
116,0.8557119933345072,0.012763511071665125,0.13152449559382764,53.04522613065326,at6_0
117,0.8421974600312929,0.014866328663954148,0.14293621130475287,53.50251256281407,at6_0
118,0.8225778677222432,0.01674209589252267,0.16068003638523415,53.959798994974875,at6_0
119,0.797833629542236,0.018352522114943023,0.183813848342821,54.417085427135675,at6_0
120,0.7693578972070279,0.019784714378395223,0.21085738841457702,54.87437185929648,at6_0
121,0.7392740104741952,0.02120378705162904,0.23952220247417572,55.33165829145729,at6_0
122,0.7107137722954178,0.02269690542592505,0.2665893222786572,55.78894472361809,at6_0
123,0.6876463713924648,0.024117859996183048,0.28823576861135225,56.246231155778894,at6_0
124,0.6738428361245398,0.025118952025282425,0.3010382118501779,56.70351758793969,at6_0
125,0.6715345795965887,0.025371364288572604,0.30309405611483875,57.1608040201005,at6_0
126,0.6808776448516888,0.02473477369950401,0.29438758144880717,57.618090452261306,at6_0
127,0.7003474902931273,0.023237878577402137,0.2764146311294706,58.075376884422106,at6_0
128,0.727293788352599,0.020979509912353228,0.2517267017350479,58.53266331658291,at6_0
129,0.7582334665381948,0.01808922829661763,0.22367730516518752,58.98994974874372,at6_0
130,0.7891201937398464,0.014763013119506953,0.19611679314064667,59.44723618090452,at6_0
131,0.8159656676998932,0.01130114199314373,0.17273319030696316,59.904522613065325,at6_0
132,0.8358145842370974,0.008076766332326136,0.15610864943057637,60.36180904522613,at6_0
133,0.8475905356239307,0.005434135274104773,0.1469753291019644,60.81909547738693,at6_0
134,0.8522458347483265,0.0035881535746481656,0.14416601167702547,61.27638190954774,at6_0
135,0.8521200580869746,0.0025961127523670925,0.14528382916065824,61.73366834170854,at6_0
136,0.8499532265844916,0.0024033131581846804,0.14764346025732367,62.19095477386934,at6_0
137,0.8480808994018741,0.0029092406638666786,0.1490098599342591,62.64824120603015,at6_0
138,0.8480342322384224,0.004006738667652648,0.1479590290939248,63.10552763819095,at6_0
139,0.8504796949581392,0.0055837057089702284,0.14393659933289055,63.562814070351756,at6_0
140,0.8553456701378446,0.00750257888541326,0.13715175097674215,64.02010050251256,at6_0
141,0.8620260358095921,0.009577117490237846,0.12839684670017007,64.47738693467336,at6_0
142,0.8696197246628689,0.011561576107668092,0.11881869922946307,64.93467336683416,at6_0
143,0.8772091215109592,0.013166347674250777,0.10962453081478993,65.39195979899498,at6_0
144,0.8841624168204426,0.014112667387213859,0.10172491579234355,65.84924623115577,at6_0
145,0.8903546563684002,0.014218450326240998,0.095426893305359,66.30653266331657,at6_0
146,0.8961496778252993,0.013469222957596231,0.09038109921710448,66.76381909547739,at6_0
147,0.902123699021107,0.012021275462938153,0.0858550255159549,67.22110552763819,at6_0
148,0.908728492720486,0.010135898418050189,0.08113560886146383,67.67839195979899,at6_0
149,0.9161025659491975,0.008093208503647507,0.07580422554715494,68.1356783919598,at6_0
150,0.9240582791630044,0.006128142301908619,0.06981357853508692,68.5929648241206,at6_0
151,0.9321426413229138,0.004399747235860329,0.06345761144122593,69.0502512562814,at6_0
152,0.939666961899334,0.002987681880451711,0.05734535622021434,69.50753768844221,at6_0
153,0.94565727819873,0.0019067480540662333,0.05243597374720373,69.96482412060301,at6_0
154,0.9487707749467821,0.0011299112173096724,0.05009931383590829,70.42211055276381,at6_0
155,0.9473951106981991,0.0006101395633413856,0.05199474973845947,70.87939698492463,at6_0
156,0.9402840188716108,0.00029359118967471447,0.05942238993871449,71.33668341708542,at6_0
157,0.9276153355100178,0.000123789089060339,0.07226087540092176,71.79396984924622,at6_0
158,0.9112629642799324,4.567393512118571e-05,0.0886913617849464,72.25125628140704,at6_0
159,0.8935603558984615,1.4965970470807672e-05,0.10642467813106779,72.70854271356784,at6_0
160,0.8760557742528837,4.4476947090615225e-06,0.12393977805240713,73.16582914572864,at6_0
161,0.8595820593395183,1.219446924503122e-06,0.1404167212135573,73.62311557788945,at6_0
162,0.8450423952998575,3.110913317512167e-07,0.15495729360881078,74.08040201005025,at6_0
163,0.8339876500039579,7.384822985657633e-08,0.16601227614781222,74.53768844221105,at6_0
164,0.8286269208732111,1.620774051827865e-08,0.17137306291904825,74.99497487437186,at6_0
165,0.8311742525700545,3.2549790738227412e-09,0.1688257441749664,75.45226130653266,at6_0
166,0.8426632098342987,5.915846318636987e-10,0.15733678957411665,75.90954773869346,at6_0
167,0.8618793651871105,9.649450257297338e-11,0.13812063471639502,76.36683417085426,at6_0
168,0.8853631487900434,1.4084049186026349e-11,0.11463685119587264,76.82412060301507,at6_0
169,0.9087409467380156,1.845568095461788e-12,0.09125905326013879,77.28140703517587,at6_0
170,0.9284454645034521,2.189241429877844e-13,0.07155453549632894,77.73869346733667,at6_0
171,0.9426709262544906,2.375584573714707e-14,0.057329073745485744,78.19597989949749,at6_0
172,0.9513159752203244,2.3811947352650252e-15,0.048684024779673304,78.65326633165829,at6_0
173,0.9554342978502058,2.219310489489026e-16,0.04456570214979391,79.11055276381909,at6_0
174,0.9567132180705427,1.926480924287493e-17,0.04328678192945742,79.5678391959799,at6_0
175,0.9571236755336557,1.5510937415737533e-18,0.04287632446634423,80.0251256281407,at6_0
176,0.958578474363222,1.1472189657830046e-19,0.04142152563677801,80.4824120603015,at6_0
177,0.9623810978386738,7.69555176133328e-21,0.03761890216132628,80.93969849246231,at6_0
178,0.9685704951400513,4.630570082136723e-22,0.031429504859948554,81.39698492462311,at6_0
179,0.9757684593136692,2.4896943898170033e-23,0.0242315406863308,81.85427135678391,at6_0
180,0.9819208897582806,1.2020375212492617e-24,0.01807911024171932,82.31155778894473,at6_0
181,0.985288242666197,5.26277839810449e-26,0.014711757333802903,82.76884422110552,at6_0
182,0.9848395927333337,2.1065208306252615e-27,0.015160407266666433,83.22613065326632,at6_0
183,0.9801786678398354,7.720159271883862e-29,0.019821332160164573,83.68341708542714,at6_0
184,0.9716576519552509,2.574794229415841e-30,0.028342348044749024,84.14070351758794,at6_0
185,0.9608263406820904,7.734620891520178e-32,0.03917365931790953,84.59798994974874,at6_0
186,0.9504938577104792,2.0765395598302785e-33,0.04950614228952086,85.05527638190955,at6_0
187,0.9436586372676744,4.985844908655759e-35,0.056341362732325505,85.51256281407035,at6_0
188,0.9419889913045628,1.0808289519424994e-36,0.058011008695437245,85.96984924623115,at6_0
189,0.9453122851230805,2.1439093248545882e-38,0.054687714876919515,86.42713567839196,at6_0
190,0.9522564764763429,3.937520612387913e-40,0.04774352352365722,86.88442211055276,at6_0
191,0.9611075621659061,6.747488114209103e-42,0.038892437834093914,87.34170854271356,at6_0
192,0.9703297332585774,1.0828297117882321e-43,0.029670266741422587,87.79899497487438,at6_0
193,0.9787811295587888,1.6289985795988966e-45,0.021218870441211214,88.25628140703517,at6_0
194,0.9857775961520637,2.296839168997102e-47,0.014222403847936315,88.71356783919597,at6_0
195,0.9910695424805372,3.033823053099851e-49,0.008930457519462736,89.17085427135677,at6_0
196,0.9947475837232879,3.753484124649604e-51,0.005252416276712101,89.62814070351759,at6_0
197,0.9971049746183568,4.351978207321676e-53,0.0028950253816431037,90.08542713567839,at6_0
198,0.9985022742458102,4.736150788959533e-55,0.0014977257541898097,90.54271356783919,at6_0
199,0.9992705065541069,4.852588929444758e-57,0.0007294934458932169,91.0,at6_0
0,0.020143016507899802,0.9150137772792551,0.06484320621284492,0.0,at4_1
1,0.017127821284739768,0.9203963239842373,0.06247585473102296,0.48743718592964824,at4_1
2,0.015021192463590495,0.9229533864932447,0.06202542104316482,0.9748743718592965,at4_1
3,0.01394879402614789,0.9215838057202836,0.06446740025356844,1.4623115577889447,at4_1
4,0.014048862611526715,0.9147306976148102,0.07122043977366302,1.949748743718593,at4_1
5,0.015520154141608705,0.9000874800143223,0.08439236584406905,2.4371859296482414,at4_1
6,0.018637462428359213,0.8743339864562011,0.10702855111543974,2.9246231155778895,at4_1
7,0.023654349684079538,0.8332368774750862,0.1431087728408342,3.4120603015075375,at4_1
8,0.03050655926586015,0.7727159342023706,0.19677750653176934,3.899497487437186,at4_1
9,0.0383837533289769,0.6912619157328991,0.27035433093812405,4.386934673366834,at4_1
10,0.04559192315682665,0.5926118149945565,0.36179626184861685,4.874371859296483,at4_1
11,0.05019231675733555,0.4859024440344839,0.4639052392081806,5.36180904522613,at4_1
12,0.05110284552562511,0.38211917742453444,0.5667779770498405,5.849246231155779,at4_1
13,0.04862435239528021,0.2897610094529986,0.6616146381517212,6.336683417085427,at4_1
14,0.04399656562623247,0.21302004335219824,0.7429833910215693,6.824120603015075,at4_1
15,0.03858952854357785,0.15246390626641895,0.8089465651900032,7.311557788944723,at4_1
16,0.03337302337276033,0.1065433559718365,0.8600836206554032,7.798994974874372,at4_1
17,0.028808882190414966,0.07285217430565066,0.8983389435039344,8.28643216080402,at4_1
18,0.02499910800364623,0.04887283270410895,0.9261280592922448,8.773869346733669,at4_1
19,0.02188500004465109,0.03230996846949208,0.9458050314858568,9.261306532663317,at4_1
20,0.01937943748026653,0.02120411302223911,0.9594164494974944,9.748743718592966,at4_1
21,0.017413910620460268,0.013961548149449414,0.9686245412300903,10.236180904522612,at4_1
22,0.015936993341826314,0.009350553545847797,0.9747124531123259,10.72361809045226,at4_1
23,0.014905211745050566,0.006474766850319555,0.9786200214046299,11.21105527638191,at4_1
24,0.014287460370857121,0.004733222258215441,0.9809793173709275,11.698492462311558,at4_1
25,0.01408452353469189,0.0037800489775663124,0.9821354274877419,12.185929648241206,at4_1
26,0.014349176644664967,0.0034860912759591147,0.9821647320793759,12.673366834170855,at4_1
27,0.015169224429195226,0.0038707970782511647,0.9809599784925537,13.160804020100503,at4_1
28,0.01655699219498382,0.004933615834653316,0.9785093919703629,13.64824120603015,at4_1
29,0.01827225330774402,0.0063982783104442045,0.9753294683818118,14.135678391959798,at4_1
30,0.01982621055438742,0.00767086206057045,0.9725029273850422,14.623115577889447,at4_1
31,0.020806798888399577,0.008229787354270978,0.9709634137573294,15.110552763819095,at4_1
32,0.02113623944294289,0.007977639372882839,0.9708861211841743,15.597989949748744,at4_1
33,0.02098896373729017,0.00715219550660471,0.9718588407561051,16.08542713567839,at4_1
34,0.02060506899479648,0.006066041131559021,0.9733288898736444,16.57286432160804,at4_1
35,0.02018903602906439,0.004954355923009415,0.9748566080479263,17.060301507537687,at4_1
36,0.019877886528802822,0.0039426606215676304,0.9761794528496295,17.547738693467338,at4_1
37,0.019739069561075243,0.003073000405974121,0.9771879300329507,18.035175879396984,at4_1
38,0.01978989103187826,0.0023447496806666716,0.977865359287455,18.522613065326635,at4_1
39,0.020037071394798118,0.0017460736708218559,0.97821685493438,19.01005025125628,at4_1
40,0.020535306269989125,0.00127009970513976,0.9781945940248711,19.49748743718593,at4_1
41,0.02147687485930843,0.0009227273282335505,0.9776003978124581,19.984924623115578,at4_1
42,0.02334444462250257,0.000732293468357627,0.9759232619091398,20.472361809045225,at4_1
43,0.02715952702056939,0.0007666801199987652,0.9720737928594319,20.959798994974875,at4_1
44,0.03476958342410053,0.0011494746836757854,0.9640809418922237,21.44723618090452,at4_1
45,0.04883641859913069,0.0020389533779658266,0.9491246280229035,21.934673366834172,at4_1
46,0.07190731207243932,0.003520590608780132,0.9245720973187804,22.42211055276382,at4_1
47,0.10460015452676054,0.005452961736935908,0.8899468837363036,22.90954773869347,at4_1
48,0.14460930738247824,0.00745389317046679,0.847936799447055,23.396984924623116,at4_1
49,0.18792798022387472,0.009106822323321665,0.8029651974528036,23.884422110552762,at4_1
50,0.2308821907773036,0.01017991857089413,0.7589378906518023,24.371859296482413,at4_1
51,0.2710911936611808,0.010679208197236185,0.718229598141583,24.85929648241206,at4_1
52,0.3073576872852431,0.010776472897092233,0.6818658398176646,25.34673366834171,at4_1
53,0.33924192573597495,0.010707274950104139,0.650050799313921,25.834170854271356,at4_1
54,0.3666932628462991,0.010683964281143026,0.6226227728725579,26.321608040201006,at4_1
55,0.3897927772353217,0.01083744730820536,0.5993697754564729,26.809045226130653,at4_1
56,0.4085761946097047,0.011194158761425243,0.58022964662887,27.2964824120603,at4_1
57,0.4228859988881173,0.011689170502686003,0.5654248306091968,27.78391959798995,at4_1
58,0.4321768576340611,0.012208124346913672,0.5556150180190252,28.271356783919597,at4_1
59,0.435178502104568,0.012645280893042676,0.5521762170023894,28.758793969849247,at4_1
60,0.42938307697543465,0.012964759430616188,0.5576521635939492,29.246231155778894,at4_1
61,0.41073951157774,0.013245253946270014,0.57601523447599,29.733668341708544,at4_1
62,0.3751111909212738,0.013650176445396078,0.61123863263333,30.22110552763819,at4_1
63,0.32358436871213786,0.014232217819356676,0.6621834134685055,30.70854271356784,at4_1
64,0.26762935454622033,0.01469389528804188,0.7176767501657377,31.195979899497488,at4_1
65,0.22270727942230079,0.014566431765655998,0.7627262888120432,31.683417085427134,at4_1
66,0.19556771746284743,0.013698650156001607,0.790733632381151,32.17085427135678,at4_1
67,0.1832326347548529,0.012333933322293588,0.8044334319228535,32.65829145728643,at4_1
68,0.1799284632636153,0.010825943066032975,0.8092455936703516,33.14572864321608,at4_1
69,0.18123157254691002,0.00942571029669052,0.8093427171563994,33.63316582914573,at4_1
70,0.18476495600930645,0.008225661478431956,0.8070093825122616,34.120603015075375,at4_1
71,0.1898414540298933,0.007191643796798772,0.8029669021733079,34.608040201005025,at4_1
72,0.19707419612601623,0.006230716040005259,0.7966950878339785,35.095477386934675,at4_1
73,0.2080693874811752,0.005261701326874156,0.7866689111919507,35.58291457286432,at4_1
74,0.22507076270072265,0.0042671241391064535,0.7706621131601709,36.07035175879397,at4_1
75,0.2503747800071814,0.0033140329532295467,0.7463111870395891,36.55778894472362,at4_1
76,0.2854524857950491,0.002535372776934308,0.7120121414280166,37.04522613065327,at4_1
77,0.33006327346077546,0.00207417411376651,0.6678625524254581,37.53266331658291,at4_1
78,0.3819203762020021,0.00201740828867003,0.6160622155093279,38.02010050251256,at4_1
79,0.4371770097708088,0.002360082151459079,0.5604629080777322,38.50753768844221,at4_1
80,0.4913753901755908,0.0030164452047474416,0.5056081646196617,38.99497487437186,at4_1
81,0.5403292789594665,0.0038589746892707124,0.455811746351263,39.482412060301506,at4_1
82,0.5807414277089963,0.004755891280735479,0.41450268101026827,39.969849246231156,at4_1
83,0.6105914364680897,0.00558984526707221,0.3838187182648381,40.45728643216081,at4_1
84,0.6293045201841189,0.00625413290342531,0.3644413469124557,40.94472361809045,at4_1
85,0.6376877894496717,0.0066368983659806,0.3556753121843477,41.4321608040201,at4_1
86,0.6376941962581687,0.006619770092459103,0.3556860336493723,41.91959798994975,at4_1
87,0.6321049510725585,0.006119792954084658,0.36177525597335686,42.4070351758794,at4_1
88,0.6241218599283574,0.005166842599004187,0.3707112974726383,42.89447236180904,at4_1
89,0.616798347793501,0.003943856217410137,0.3792577959890889,43.381909547738694,at4_1
90,0.6124472311939447,0.0027169323056835436,0.38483583650037173,43.869346733668344,at4_1
91,0.6124069171585548,0.0016996107144594923,0.38589347212698566,44.35678391959799,at4_1
92,0.6173260328498118,0.000975003005111076,0.3816989641450771,44.84422110552764,at4_1
93,0.6276934876663658,0.0005174611867571707,0.37178905114687705,45.33165829145729,at4_1
94,0.6442752762840775,0.00025515399131854406,0.3554695697246039,45.81909547738694,at4_1
95,0.6682622499419204,0.00011656973333059265,0.331621180324749,46.30653266331658,at4_1
96,0.7008611815838619,4.878416946625804e-05,0.2990900342466719,46.79396984924623,at4_1
97,0.7418993213067966,1.8329994673555127e-05,0.25808234869852986,47.28140703517588,at4_1
98,0.7877232234388024,6.034770474676627e-06,0.2122707417907229,47.768844221105525,at4_1
99,0.8308605486063274,1.7091313086568132e-06,0.16913774226236394,48.256281407035175,at4_1
100,0.8638249139763939,4.152193871831384e-07,0.13617467080421894,48.743718592964825,at4_1
101,0.8836531177295256,8.756992834363471e-08,0.11634679470054606,49.231155778894475,at4_1
102,0.8920660365658422,1.634090918885871e-08,0.10793394709324873,49.71859296482412,at4_1
103,0.8927115190740427,3.0049219375412064e-09,0.10728847792103544,50.20603015075377,at4_1
104,0.889180794092771,2.157423314214057e-09,0.11081920374980578,50.69346733668342,at4_1
105,0.8843737304094849,9.494317865726187e-09,0.1156262600961972,51.18090452261306,at4_1
106,0.8803148170367273,4.627979660234142e-08,0.11968513668347605,51.66834170854271,at4_1
107,0.8780384659996514,2.076559523429165e-07,0.12196132634439617,52.15577889447236,at4_1
108,0.8776260547432536,8.590264886730674e-07,0.12237308623025775,52.64321608040201,at4_1
109,0.8783980431483034,3.2952865564874255e-06,0.12159866156514014,53.130653266331656,at4_1
110,0.8790850861854301,1.1761942782531256e-05,0.12090315187178732,53.618090452261306,at4_1
111,0.8778043240714364,3.904377786243843e-05,0.12215663215070123,54.10552763819096,at4_1
112,0.871816674375078,0.00011983598864768513,0.12806348963627437,54.5929648241206,at4_1
113,0.857351356599724,0.00033586997791660694,0.14231277342235948,55.08040201005025,at4_1
114,0.8303376497588805,0.0008433995292840296,0.1688189507118355,55.5678391959799,at4_1
115,0.7890586887616707,0.0018566217679828881,0.20908468947034636,56.05527638190955,at4_1
116,0.7377039366862624,0.0035252683754110905,0.25877079493832644,56.54271356783919,at4_1
117,0.6865622671725363,0.005753962585478818,0.3076837702419849,57.030150753768844,at4_1
118,0.647133774332233,0.008141205289622446,0.34472502037814456,57.517587939698494,at4_1
119,0.6269824558252051,0.010103834126585843,0.36291371004820905,58.005025125628144,at4_1
120,0.6280288487927876,0.011086995989518376,0.3608841552176939,58.49246231155779,at4_1
121,0.6470592646602351,0.01078449730391889,0.3421562380358459,58.97989949748744,at4_1
122,0.6772385933458851,0.009300700623685564,0.3134607060304293,59.46733668341709,at4_1
123,0.7108255212480916,0.007125834862507787,0.2820486438894006,59.95477386934673,at4_1
124,0.7422134726029126,0.004893415808801064,0.2528931115882864,60.44221105527638,at4_1
125,0.7693069515042281,0.0030966483479280818,0.2275964001478437,60.92964824120603,at4_1
126,0.7925981661547511,0.0019602076057691257,0.20544162623947976,61.41708542713568,at4_1
127,0.8132661490575502,0.0014833384975001167,0.18525051244494967,61.904522613065325,at4_1
128,0.8318634235812883,0.0015479492797111627,0.16658862713900055,62.391959798994975,at4_1
129,0.8481333915027713,0.002005789098787076,0.14986081939844145,62.879396984924625,at4_1
130,0.8615403116691679,0.002722403971776267,0.1357372843590559,63.36683417085427,at4_1
131,0.8718151103408713,0.0035904812165571593,0.12459440844257155,63.85427135678392,at4_1
132,0.8791420950698329,0.0045293245725645075,0.11632858035760255,64.34170854271356,at4_1
133,0.8840364260867983,0.00547976952308395,0.11048380439011772,64.82914572864321,at4_1
134,0.8871250676538087,0.006397472180615503,0.10647746016557576,65.31658291457286,at4_1
135,0.8889824424854428,0.007244942777118375,0.10377261473743891,65.80402010050251,at4_1
136,0.8900668050913441,0.007982148446814151,0.10195104646184187,66.29145728643216,at4_1
137,0.8907398724215395,0.008555143235637584,0.10070498434282281,66.77889447236181,at4_1
138,0.8913251669304546,0.008881792514487147,0.0997930405550582,67.26633165829146,at4_1
139,0.892143545100175,0.008836186744990197,0.09902026815483478,67.7537688442211,at4_1
140,0.893447672928936,0.008248538493609741,0.09830378857745431,68.24120603015075,at4_1
141,0.8952186888287377,0.0069766589292049016,0.09780465224205741,68.7286432160804,at4_1
142,0.8970659486627218,0.005109627422069618,0.09782442391520861,69.21608040201005,at4_1
143,0.8987764759719029,0.003125115022312304,0.0980984090057848,69.7035175879397,at4_1
144,0.9010873717798855,0.0015908596647458155,0.09732176855536873,70.19095477386935,at4_1
145,0.905162698520347,0.0006928950727408961,0.09414440640691209,70.678391959799,at4_1
146,0.9113751498071729,0.00026715188890524355,0.0883576983039219,71.16582914572864,at4_1
147,0.9190371199092656,9.338424026325089e-05,0.0808694958504712,71.65326633165829,at4_1
148,0.9269436007166958,2.996006910506446e-05,0.07302643921419903,72.14070351758794,at4_1
149,0.9340163927562228,8.864160153070447e-06,0.06597474308362414,72.62814070351759,at4_1
150,0.9397157003076225,2.4197271354601987e-06,0.06028187996524211,73.11557788944724,at4_1
151,0.9441064924764909,6.077619669453842e-07,0.0558928997615421,73.60301507537689,at4_1
152,0.9476121360108681,1.395799832021476e-07,0.052387724409148705,74.09045226130654,at4_1
153,0.9506204878170152,2.902387164268481e-08,0.049379483159113224,74.57788944723617,at4_1
154,0.9531862831469023,5.400020551443001e-09,0.046813711453077,75.06532663316582,at4_1
155,0.9550671526193213,8.90165003649442e-10,0.044932846490513614,75.55276381909547,at4_1
156,0.9561106547435652,1.2957467550848614e-10,0.043889345126860116,76.04020100502512,at4_1
157,0.9566215747344504,1.6736359337205702e-11,0.04337842524881316,76.52763819095478,at4_1
158,0.9573143119335339,1.9584719612926804e-12,0.04268568806450773,77.01507537688443,at4_1
159,0.9589326634947449,4.104405333264885e-13,0.041067336504844704,77.50251256281408,at4_1
160,0.9619017141777543,1.907452274503331e-12,0.038098285820338196,77.98994974874373,at4_1
161,0.9662065988412074,1.5930330190284476e-11,0.03379340114286231,78.47738693467336,at4_1
162,0.9714706285116221,1.250322452065506e-10,0.02852937136334558,78.96482412060301,at4_1
163,0.9771313021936894,9.171598009946416e-10,0.022868696889150913,79.45226130653266,at4_1
164,0.9826223977650518,6.305305546500844e-09,0.017377595929642543,79.93969849246231,at4_1
165,0.9875041520950311,4.067507364299218e-08,0.012495807229895354,80.42713567839196,at4_1
166,0.991520740876249,2.4595353489149737e-07,0.008479013170216253,80.91457286432161,at4_1
167,0.9945895127373175,1.387329265816706e-06,0.005409099933416601,81.40201005025126,at4_1
168,0.9967296027922937,7.2128441933545065e-06,0.0032631843635131177,81.8894472361809,at4_1
169,0.9979179857651523,3.371582793811297e-05,0.0020482984069095465,82.37688442211055,at4_1
170,0.9978607882168808,0.0001357785533969445,0.002003433229722284,82.8643216080402,at4_1
171,0.9958539197760421,0.0004472857723765102,0.0036987944515813774,83.35175879396985,at4_1
172,0.9911693443421374,0.0011708957645037849,0.00765975989335865,83.8391959798995,at4_1
173,0.9836799480133728,0.0024808423382908663,0.013839209648336277,84.32663316582915,at4_1
174,0.97377966606073,0.004452215987662365,0.021768117951607685,84.8140703517588,at4_1
175,0.9620484608779415,0.007038164242383022,0.0309133748796755,85.30150753768844,at4_1
176,0.9492967977237968,0.010019747356444966,0.04068345491975809,85.78894472361809,at4_1
177,0.9366739759542037,0.012972785516080063,0.05035323852971624,86.27638190954774,at4_1
178,0.9255504405874548,0.015333409154748052,0.059116150257797116,86.76381909547739,at4_1
179,0.9172099195457236,0.016567760704581533,0.0662223197496948,87.25125628140704,at4_1
180,0.912505667619123,0.016369297378950997,0.07112503500192607,87.73869346733669,at4_1
181,0.9116149182020498,0.01478261921778479,0.07360246258016558,88.22613065326634,at4_1
182,0.9139817868779684,0.012190858736218975,0.07382735438581257,88.71356783919597,at4_1
183,0.918505524246468,0.009171248456047864,0.07232322729748418,89.20100502512562,at4_1
184,0.9239479847770451,0.006288573588574368,0.06976344163438046,89.68844221105527,at4_1
185,0.9293889915216348,0.003927185582386069,0.06668382289597909,90.17587939698493,at4_1
186,0.9344824059973708,0.0022315554877488154,0.06328603851488043,90.66331658291458,at4_1
187,0.9393773595454402,0.0011521587706293682,0.05947048168393043,91.15075376884423,at4_1
188,0.9443920482661992,0.0005395514587715456,0.05506840027502934,91.63819095477388,at4_1
189,0.9496770963812325,0.0002288528789554067,0.050094050739812004,92.12562814070351,at4_1
190,0.9550763715999202,8.789760535980923e-05,0.044835730794719864,92.61306532663316,at4_1
191,0.9602205226827849,3.061100640667409e-05,0.039748866310808484,93.10050251256281,at4_1
192,0.9647218165005947,9.692330952212695e-06,0.03526849116845309,93.58793969849246,at4_1
193,0.9683210062052898,2.799743662915309e-06,0.03167619405104725,94.07537688442211,at4_1
194,0.9709418788077933,7.405233669481657e-07,0.02905738066883979,94.56281407035176,at4_1
195,0.9726895590916258,1.8003522002770858e-07,0.02731026087315415,95.05025125628141,at4_1
196,0.973820448234237,4.0408938239752796e-08,0.02617951135682481,95.53768844221105,at4_1
197,0.9746780271187047,8.41892872507774e-09,0.02532196446236652,96.0251256281407,at4_1
198,0.9755959378922324,1.6392231228687568e-09,0.02440406046854442,96.51256281407035,at4_1
199,0.976804777804143,3.0067104877203656e-10,0.023195221895185945,97.0,at4_1
0,0.10277422858690648,0.008038528089175634,0.8891872433239179,0.0,at10_2
1,0.08885253958360716,0.00947146878939705,0.9016759916269957,0.49748743718592964,at10_2
2,0.0758358006274956,0.01095983593150789,0.9132043634409965,0.9949748743718593,at10_2
3,0.06429003662605141,0.01246463750997396,0.9232453258639747,1.4924623115577889,at10_2
4,0.054900047034140795,0.013925822800302419,0.9311741301655567,1.9899497487437185,at10_2
5,0.048452126961247656,0.015241455834254288,0.936306417204498,2.487437185929648,at10_2
6,0.0456618405052396,0.016253661352330206,0.9380844981424302,2.9849246231155777,at10_2
7,0.04677924393548266,0.016774404806399183,0.9364463512581181,3.4824120603015074,at10_2
8,0.05114992931518132,0.01667217965177168,0.932177891033047,3.979899497487437,at10_2
9,0.05717163228146389,0.015971662567018343,0.9268567051515177,4.477386934673366,at10_2
10,0.06284434377667289,0.014869160247229904,0.9222864959760972,4.974874371859296,at10_2
11,0.06650036627374187,0.01364056839749859,0.9198590653287596,5.472361809045226,at10_2
12,0.06720352277912939,0.01252569760602327,0.9202707796148474,5.969849246231155,at10_2
13,0.06476463001154531,0.011667665248417948,0.9235677047400367,6.467336683417085,at10_2
14,0.05958912869433567,0.011113048448200451,0.9292978228574638,6.964824120603015,at10_2
15,0.05248762321702579,0.010837519535952729,0.9366748572470215,7.4623115577889445,at10_2
16,0.04446151235362413,0.010765654729376389,0.9447728329169994,7.959798994974874,at10_2
17,0.036476115407978744,0.010778814798621646,0.9527450697933996,8.457286432160803,at10_2
18,0.029277775324627914,0.010729054817130317,0.9599931698582418,8.954773869346733,at10_2
19,0.023304947230095106,0.010476248811058051,0.9662188039588469,9.452261306532662,at10_2
20,0.018694419457994015,0.009937542145981882,0.9713680383960241,9.949748743718592,at10_2
21,0.015352461243080826,0.009116911955751131,0.9755306268011681,10.447236180904522,at10_2
22,0.013056505198560456,0.008096849370555681,0.9788466454308838,10.944723618090451,at10_2
23,0.011552621364668477,0.007004363957131037,0.9814430146782005,11.442211055276381,at10_2
24,0.010620693927258704,0.005972812528996269,0.9834064935437451,11.93969849246231,at10_2
25,0.01010111622275666,0.005107553639108071,0.9847913301381352,12.43718592964824,at10_2
26,0.009897923999873317,0.004452629655767081,0.9856494463443596,12.93467336683417,at10_2
27,0.00997337324890862,0.003966017793475846,0.9860606089576156,13.4321608040201,at10_2
28,0.010328200485517892,0.0035339269971517363,0.9861378725173303,13.92964824120603,at10_2
29,0.010951899298298262,0.003043218437445938,0.9860048822642558,14.42713567839196,at10_2
30,0.011761395603930996,0.0024609271375733116,0.9857776772584956,14.924623115577889,at10_2
31,0.01257877693876357,0.001842501147954774,0.9855787219132817,15.422110552763819,at10_2
32,0.013164226213976407,0.001275499206783861,0.9855602745792397,15.919597989949748,at10_2
33,0.013276431362146764,0.0008284774485387018,0.9858950911893145,16.417085427135678,at10_2
34,0.012740123145783527,0.0005395420469098552,0.9867203348073067,16.914572864321606,at10_2
35,0.01151526605637102,0.00043282953543719645,0.9880519044081918,17.412060301507537,at10_2
36,0.009750140127549017,0.0005406406342801536,0.9897092192381708,17.909547738693465,at10_2
37,0.0077863406558717355,0.0009106531950472187,0.991303006149081,18.407035175879397,at10_2
38,0.006093599548868334,0.0015761444462760131,0.9923302560048557,18.904522613065325,at10_2
39,0.005126493212310458,0.002476809137716757,0.9923966976499728,19.402010050251256,at10_2
40,0.005101476825875176,0.00337493477078018,0.9915235884033446,19.899497487437184,at10_2
41,0.005790210591269946,0.003906719125351594,0.9903030702833785,20.396984924623116,at10_2
42,0.006602044236889674,0.0038382397836193806,0.989559715979491,20.894472361809044,at10_2
43,0.007014502226338207,0.0032646836599075192,0.9897208141137542,21.391959798994975,at10_2
44,0.006888904234464723,0.0024913193991332036,0.990619776366402,21.889447236180903,at10_2
45,0.006390044229435918,0.0017927145419780442,0.991817241228586,22.386934673366834,at10_2
46,0.005766229359425672,0.0013144484640788604,0.9929193221764955,22.884422110552762,at10_2
47,0.005235651581152757,0.0011045940085293911,0.9936597544103178,23.381909547738694,at10_2
48,0.004995654962915732,0.0011694569855476632,0.9938348880515366,23.87939698492462,at10_2
49,0.005303029602455273,0.0015025887571800613,0.9931943816403647,24.376884422110553,at10_2
50,0.006587808480222127,0.002077097297411654,0.9913350942223662,24.87437185929648,at10_2
51,0.009530222495501142,0.002804920033688314,0.9876648574708106,25.371859296482413,at10_2
52,0.014899433463645312,0.0034982690902803128,0.9816022974460744,25.86934673366834,at10_2
53,0.02293358714705968,0.003935790955620375,0.97313062189732,26.366834170854272,at10_2
54,0.03271756873046243,0.0040831010316744205,0.9631993302378632,26.8643216080402,at10_2
55,0.0426735971016964,0.004208021134292675,0.953118381764011,27.36180904522613,at10_2
56,0.051763820403942916,0.0046588339533608445,0.9435773456426962,27.85929648241206,at10_2
57,0.059799681151225505,0.005597963611028468,0.9346023552377459,28.35678391959799,at10_2
58,0.06692253505753845,0.006957070610693794,0.9261203943317677,28.85427135678392,at10_2
59,0.07319893956258738,0.008520692288112322,0.9182803681493004,29.35175879396985,at10_2
60,0.07858121868772912,0.010018613376250448,0.9114001679360205,29.849246231155778,at10_2
61,0.08303969750470475,0.011197694683399604,0.9057626078118957,30.34673366834171,at10_2
62,0.08667412699347352,0.011869977466286112,0.9014558955402403,30.844221105527637,at10_2
63,0.08971570145899614,0.011937816895870866,0.898346481645133,31.34170854271357,at10_2
64,0.0924224982098215,0.011405848736090874,0.8961716530540876,31.839195979899497,at10_2
65,0.09493212805831719,0.010388907326460703,0.8946789646152222,32.336683417085425,at10_2
66,0.09716794388174563,0.009106005439687648,0.8937260506785668,32.834170854271356,at10_2
67,0.09888382034237564,0.007835522852403793,0.8932806568052205,33.33165829145729,at10_2
68,0.09984250952860269,0.006829635586289378,0.8933278548851079,33.82914572864321,at10_2
69,0.09999959568289658,0.0062348532520254225,0.893765551065078,34.32663316582914,at10_2
70,0.09955411582888829,0.006074960517267371,0.8943709236538443,34.824120603015075,at10_2
71,0.09885808146660437,0.0063022897909411945,0.8948396287424545,35.321608040201006,at10_2
72,0.09828755935598348,0.006878304600385684,0.8948341360436309,35.81909547738693,at10_2
73,0.09815972769204083,0.007851761120298591,0.8939885111876605,36.31658291457286,at10_2
74,0.09869524888273148,0.009438276079025028,0.8918664750382436,36.814070351758794,at10_2
75,0.09995718717999925,0.012135241414869748,0.887907571405131,37.311557788944725,at10_2
76,0.10167119433905424,0.016922994610474414,0.8814058110504713,37.80904522613065,at10_2
77,0.10289280002699203,0.025588099170350116,0.8715191008026579,38.30653266331658,at10_2
78,0.10178475480875712,0.04106363239904636,0.8571516127921964,38.80402010050251,at10_2
79,0.0962341436127696,0.06733313214358448,0.8364327242436459,39.301507537688444,at10_2
80,0.08555808329690098,0.10836256859111229,0.8060793481119867,39.79899497487437,at10_2
81,0.07152140664077838,0.16652924634465135,0.7619493470145703,40.2964824120603,at10_2
82,0.05702262262535653,0.24177502248402033,0.7012023548906231,40.79396984924623,at10_2
83,0.044141806531861345,0.33149158982849863,0.62436660363964,41.29145728643216,at10_2
84,0.033592367998881496,0.4304499148148654,0.5359577171862531,41.78894472361809,at10_2
85,0.025245640164217764,0.531098784197774,0.4436555756380082,42.28643216080402,at10_2
86,0.0187315375709414,0.6249899915808095,0.3562784708482491,42.78391959798995,at10_2
87,0.013741945594272154,0.7051260102770435,0.2811320441286844,43.28140703517588,at10_2
88,0.010091158461538158,0.7678294754494416,0.22207936608902026,43.778894472361806,at10_2
89,0.007672860973292218,0.8128900767463507,0.17943706228035705,44.27638190954774,at10_2
90,0.006403151699414916,0.8421721093604978,0.1514247389400874,44.77386934673367,at10_2
91,0.006169434252873317,0.8577686719350709,0.13606189381205577,45.2713567839196,at10_2
92,0.006765134900625997,0.8604842818345491,0.13275058326482483,45.768844221105525,at10_2
93,0.007798343329377329,0.8489780716431377,0.14322358502748506,46.266331658291456,at10_2
94,0.008640555427309115,0.8202859631435536,0.17107348142913734,46.76381909547739,at10_2
95,0.008608854539609443,0.7729853733430467,0.21840577211734385,47.26130653266332,at10_2
96,0.007459527061614315,0.7117410157305868,0.280799457207799,47.75879396984924,at10_2
97,0.005678609930799766,0.6469899842417798,0.3473314058274206,48.256281407035175,at10_2
98,0.004049779619895826,0.5880193093662447,0.40793091101385953,48.753768844221106,at10_2
99,0.0030596777846240496,0.5380725704706525,0.45886775174472344,49.25125628140703,at10_2
100,0.002797004556862112,0.49568191826830627,0.5015210771748316,49.74874371859296,at10_2
101,0.0031586680449029333,0.45784383506508863,0.5389974968900085,50.246231155778894,at10_2
102,0.00402815093961722,0.4218356712435011,0.5741361778168816,50.743718592964825,at10_2
103,0.005368541501153307,0.38574534900163376,0.608886109497213,51.24120603015075,at10_2
104,0.007305981610635689,0.34851071938196204,0.6441832990074022,51.73869346733668,at10_2
105,0.010293146934876072,0.30993487745043735,0.6797719756146866,52.23618090452261,at10_2
106,0.015432804872105427,0.27082368163323023,0.7137435134946644,52.733668341708544,at10_2
107,0.024985648854789766,0.2330921109440801,0.7419222402011302,53.23115577889447,at10_2
108,0.04289666878559647,0.19929259842415287,0.7578107327902507,53.7286432160804,at10_2
109,0.0748907149170266,0.1710146179047921,0.7540946671781813,54.22613065326633,at10_2
110,0.12762646241841388,0.14697857352828736,0.7253949640532988,54.72361809045226,at10_2
111,0.2064836277571365,0.12335747970798709,0.6701588925348765,55.22110552763819,at10_2
112,0.3114397519212683,0.0973119958961763,0.5912482521825554,55.71859296482412,at10_2
113,0.43266167437913766,0.07042352025703753,0.4969148053638249,56.21608040201005,at10_2
114,0.5522855000807234,0.04758820605034146,0.4001262938689352,56.71356783919598,at10_2
115,0.654474076168203,0.03229869234244959,0.31322723148934745,57.211055276381906,at10_2
116,0.7331824569754495,0.024188423853730125,0.24262911917082047,57.70854271356784,at10_2
117,0.7905505167342617,0.020620172770890247,0.18882931049484802,58.20603015075377,at10_2
118,0.831537266565623,0.018988776962226162,0.14947395647215092,58.7035175879397,at10_2
119,0.8606311882292746,0.017676620084083067,0.12169219168664236,59.201005025125625,at10_2
120,0.8810313249060197,0.016004744718709017,0.10296393037527125,59.698492462311556,at10_2
121,0.8948888262639928,0.013909212528515392,0.09120196120749184,60.19597989949749,at10_2
122,0.9037485891858216,0.011669755482056577,0.08458165533212195,60.69346733668342,at10_2
123,0.9089310851255661,0.009735207199483507,0.08133370767495042,61.19095477386934,at10_2
124,0.9118031791274137,0.008587319879240444,0.07960950099334582,61.688442211055275,at10_2
125,0.9138776158221171,0.008575491285171166,0.07754689289271186,62.185929648241206,at10_2
126,0.9166460321323747,0.009720077834399614,0.07363389003322565,62.68341708542714,at10_2
127,0.9211544359201919,0.011597256148448025,0.06724830793136018,63.18090452261306,at10_2
128,0.9275813567912713,0.01345378566091248,0.05896485754781608,63.678391959798994,at10_2
129,0.935180450113381,0.01453650383812129,0.050283046048497856,64.17587939698493,at10_2
130,0.9426622462456958,0.014415266887127777,0.04292248686717655,64.67336683417085,at10_2
131,0.9487182973224185,0.013100729138160887,0.03818097353942061,65.17085427135679,at10_2
132,0.9523609012404509,0.010957503080424426,0.036681595679124636,65.66834170854271,at10_2
133,0.952984249424216,0.00853131847334465,0.03848443210243948,66.16582914572864,at10_2
134,0.9502372737434455,0.006383204950909237,0.04337952130564515,66.66331658291458,at10_2
135,0.943844217603788,0.004965141970052018,0.051190640426160096,67.1608040201005,at10_2
136,0.9334869547487183,0.0045443794291900605,0.06196866582209162,67.65829145728642,at10_2
137,0.9188189556675559,0.005168946838888981,0.07601209749355524,68.15577889447236,at10_2
138,0.8996340919662009,0.006652004499178684,0.09371390353462028,68.65326633165829,at10_2
139,0.8761917990496342,0.008566021558182616,0.11524217939218324,69.15075376884423,at10_2
140,0.8496677083508588,0.010293382019324827,0.14003890962981627,69.64824120603015,at10_2
141,0.8225196034455114,0.011221212021951137,0.16625918453253738,70.14572864321607,at10_2
142,0.7982418195281424,0.0110780479215062,0.19068013255035138,70.64321608040201,at10_2
143,0.7800894362525999,0.01017160579444116,0.20973895795295902,71.14070351758794,at10_2
144,0.7694130302145009,0.009219703072258983,0.22136726671324003,71.63819095477386,at10_2
145,0.765072248571502,0.008859977547581006,0.22606777388091692,72.1356783919598,at10_2
146,0.7644021660686645,0.0092910909081944,0.2263067430231411,72.63316582914572,at10_2
147,0.7647224324215003,0.010285432582846843,0.22499213499565285,73.13065326633166,at10_2
148,0.7643594438434006,0.011422316084772408,0.22421824007182703,73.62814070351759,at10_2
149,0.7629417686307094,0.012312141352913525,0.22474609001637694,74.12562814070351,at10_2
150,0.7611572507120613,0.012706444972824889,0.2261363043151138,74.62311557788945,at10_2
151,0.7602234634542311,0.012499821175601677,0.22727671537016725,75.12060301507537,at10_2
152,0.7613247079251072,0.01168264672975906,0.2269926453451336,75.6180904522613,at10_2
153,0.7652200356298461,0.010308043735473416,0.2244719206346804,76.11557788944724,at10_2
154,0.772085315845456,0.008498685954554198,0.21941599819998978,76.61306532663316,at10_2
155,0.7815385339154127,0.00646546930049756,0.21199599678408984,77.1105527638191,at10_2
156,0.7928169400374787,0.004484544861163833,0.20269851510135742,77.60804020100502,at10_2
157,0.805105960129613,0.002812453897770315,0.19208158597261676,78.10552763819095,at10_2
158,0.817898944948784,0.0015900872164557208,0.18051096783476028,78.60301507537689,at10_2
159,0.8311416830562608,0.0008121389442440434,0.16804617799949506,79.10050251256281,at10_2
160,0.8450608003784748,0.00037663398612364647,0.15456256563540158,79.59798994974874,at10_2
161,0.8598557765583963,0.00015956500778120832,0.13998465843382243,80.09547738693468,at10_2
162,0.875496667594291,6.25229353944586e-05,0.12444080947031455,80.5929648241206,at10_2
163,0.8917064499770228,2.4894915069980512e-05,0.1082686551079072,81.09045226130652,at10_2
164,0.9080499641446687,1.800979119076998e-05,0.0919320260641406,81.58793969849246,at10_2
165,0.9240111357470687,3.850795634901477e-05,0.07595035629658228,82.08542713567839,at10_2
166,0.9389964031956779,0.00010942833086544634,0.06089416847345659,82.58291457286433,at10_2
167,0.9523169833213745,0.00028782544911814254,0.047395191229507444,83.08040201005025,at10_2
168,0.963288457366114,0.0006658931614242237,0.03604564947246183,83.57788944723617,at10_2
169,0.9714856647831831,0.001345928708483102,0.02716840650833387,84.07537688442211,at10_2
170,0.976950418188979,0.0023850037312941746,0.02066457807972686,84.57286432160804,at10_2
171,0.9801406147742817,0.0037360525634098697,0.016123332662308452,85.07035175879396,at10_2
172,0.981697690848231,0.005223309571708035,0.013078999580060929,85.5678391959799,at10_2
173,0.9822586071566632,0.006571628069699999,0.011169764773636789,86.06532663316582,at10_2
174,0.9823982070753168,0.007483216670548932,0.010118576254134086,86.56281407035176,at10_2
175,0.9826285827403067,0.007735868051238563,0.009635549208454702,87.06030150753769,at10_2
176,0.9833663725078017,0.007265152200146133,0.009368475292052217,87.55778894472361,at10_2
177,0.984852758753043,0.0061926498883005865,0.008954591358656512,88.05527638190955,at10_2
178,0.9870812565245288,0.004780997047271135,0.008137746428199961,88.55276381909547,at10_2
179,0.9898012527097052,0.003334009140189189,0.006864738150105625,89.0502512562814,at10_2
180,0.992616669450509,0.0020930045435423256,0.005290326005948629,89.54773869346734,at10_2
181,0.9951356060081129,0.0011786795768957445,0.003685714414991399,90.04522613065326,at10_2
182,0.9970999372121205,0.0005937807966601808,0.0023062819912192897,90.5427135678392,at10_2
183,0.9984403396067087,0.00026731771299528265,0.0012923426802959985,91.04020100502512,at10_2
184,0.9992437786942686,0.00010766361499951971,0.0006485576907319598,91.53768844221105,at10_2
185,0.999669178362312,3.887370238729567e-05,0.0002919479353008103,92.03517587939699,at10_2
186,0.999869381270569,1.2600978971608036e-05,0.000118017750459365,92.53266331658291,at10_2
187,0.9999535012441753,3.666647474721233e-06,4.28321083500827e-05,93.03015075376884,at10_2
188,0.9999851005566585,9.568692641355617e-07,1.3942574077461566e-05,93.52763819095478,at10_2
189,0.999995706144649,2.2391868512652102e-07,4.069936665720847e-06,94.0251256281407,at10_2
190,0.9999988858745782,4.706271337521017e-08,1.0670627083773095e-06,94.52261306532664,at10_2
191,0.9999997390718648,8.910415384255886e-09,2.5201771982717144e-07,95.02010050251256,at10_2
192,0.9999999446815437,1.5246722963324344e-09,5.3793783865672124e-08,95.51758793969849,at10_2
193,0.9999999893528706,2.365354692513455e-10,1.0410593885455066e-08,96.01507537688443,at10_2
194,0.9999999981329984,3.339660285609145e-11,1.8336049929550075e-09,96.51256281407035,at10_2
195,0.9999999997001575,4.31489354358647e-12,2.9552767107865445e-10,97.01005025125627,at10_2
196,0.9999999999555685,5.140249826236501e-13,4.3917441438846125e-11,97.50753768844221,at10_2
197,0.999999999993871,5.69722918440121e-14,6.0721335619762605e-12,98.00502512562814,at10_2
198,0.9999999999992055,5.9298984160891486e-15,7.88405678635937e-13,98.50251256281406,at10_2
199,0.9999999999999024,5.845905640116068e-16,9.695700196570235e-14,99.0,at10_2
0,0.02080754486038803,0.05145138296971779,0.9277410721698942,0.0,at9_2
1,0.029746222581574604,0.07706785395707345,0.8931859234613518,0.49246231155778897,at9_2
2,0.03921517579560415,0.10697043404828495,0.8538143901561109,0.9849246231155779,at9_2
3,0.04672715057058649,0.13427035424305336,0.8190024951863603,1.4773869346733668,at9_2
4,0.04991152942575206,0.1500191363745099,0.800069334199738,1.9698492462311559,at9_2
5,0.048556169137575406,0.15007302626032165,0.8013708046021029,2.462311557788945,at9_2
6,0.04461634809083599,0.13812837931628988,0.8172552725928742,2.9547738693467336,at9_2
7,0.040195352028062944,0.12096941460016933,0.8388352333717678,3.4472361809045227,at9_2
8,0.036317942741128664,0.10345928775005521,0.8602227695088162,3.9396984924623117,at9_2
9,0.03312942804404651,0.0876753505832972,0.8791952213726563,4.432160804020101,at9_2
10,0.03043968862954113,0.07405076391456983,0.8955095474558891,4.92462311557789,at9_2
11,0.028041896141926603,0.0624061221882983,0.9095519816697751,5.417085427135679,at9_2
12,0.025811571306950186,0.05244425201336339,0.9217441766796864,5.909547738693467,at9_2
13,0.023702621033123657,0.04390112968528604,0.9323962492815903,6.402010050251256,at9_2
14,0.021714555444016237,0.03655519049361743,0.9417302540623664,6.894472361809045,at9_2
15,0.01986507878380189,0.03020449856916543,0.9499304226470326,7.386934673366834,at9_2
16,0.018181931938571122,0.024658356333937648,0.9571597117274911,7.8793969849246235,at9_2
17,0.016714088909159368,0.019758555992547524,0.9635273550982932,8.371859296482413,at9_2
18,0.015542959668322223,0.015421361691937611,0.9690356786397402,8.864321608040202,at9_2
19,0.014758735272929436,0.011658840280987641,0.9735824244460829,9.35678391959799,at9_2
20,0.014397379971323938,0.008535037269167432,0.9770675827595087,9.84924623115578,at9_2
21,0.014398343315728411,0.006084223982590765,0.9795174327016808,10.341708542713569,at9_2
22,0.01463097137327904,0.004270643064817606,0.9810983855619033,10.834170854271358,at9_2
23,0.01495495450041941,0.0030069256189763274,0.9820381198806042,11.326633165829147,at9_2
24,0.015261249622756755,0.0021846359704522558,0.982554114406791,11.819095477386934,at9_2
25,0.015481882581301749,0.001688608717399065,0.9828295087012993,12.311557788944723,at9_2
26,0.015581556412881762,0.001403098508809164,0.9830153450783091,12.804020100502512,at9_2
27,0.015543630703582315,0.0012239700824542277,0.9832323992139634,13.296482412060302,at9_2
28,0.015358149169641348,0.001075969517164404,0.9835658813131942,13.78894472361809,at9_2
29,0.015014520780160448,0.0009222301058587354,0.9840632491139809,14.28140703517588,at9_2
30,0.014496640759124787,0.000758989151827602,0.9847443700890476,14.773869346733669,at9_2
31,0.013778552223049297,0.0006019932822303943,0.9856194544947202,15.266331658291458,at9_2
32,0.012825231231280015,0.0004749265440219665,0.986699842224698,15.758793969849247,at9_2
33,0.011610427456819604,0.0004035383222531996,0.9879860342209272,16.251256281407034,at9_2
34,0.010162612883011839,0.0004111961528519176,0.9894261909641362,16.743718592964825,at9_2
35,0.008625332746775197,0.0005087788250046671,0.9908658884282201,17.236180904522612,at9_2
36,0.0072683220328724875,0.0006792050739495933,0.9920524728931779,17.728643216080403,at9_2
37,0.006383433237631414,0.0008727924409291035,0.9927437743214396,18.22110552763819,at9_2
38,0.006125766402106861,0.001030198200270931,0.9928440353976223,18.71356783919598,at9_2
39,0.006466312745028452,0.0011212706917849962,0.9924124165631866,19.20603015075377,at9_2
40,0.007312084942899854,0.0011724202882307758,0.9915154947688694,19.69849246231156,at9_2
41,0.008704453011676877,0.0012782331001657612,0.9900173138881573,20.190954773869347,at9_2
42,0.011036791168577312,0.0016183966499294592,0.9873448121814932,20.683417085427138,at9_2
43,0.015331735734039807,0.0025021410863113867,0.9821661231796488,21.175879396984925,at9_2
44,0.023597264350885026,0.004431393746938806,0.9719713419021762,21.668341708542716,at9_2
45,0.038902944999107396,0.008066000432744714,0.9530310545681479,22.160804020100503,at9_2
46,0.06395146587926887,0.013792336157232845,0.9222561979634983,22.653266331658294,at9_2
47,0.09745258675660115,0.020871152151861787,0.8816762610915371,23.14572864321608,at9_2
48,0.132734060675451,0.027425961214456764,0.8398399781100923,23.63819095477387,at9_2
49,0.16311264393158093,0.03205990272485392,0.8048274533435651,24.13065326633166,at9_2
50,0.18654627139144156,0.034900065274769285,0.7785536633337892,24.623115577889447,at9_2
51,0.20404362851925234,0.03708906149293794,0.7588673099878097,25.115577889447238,at9_2
52,0.21680852701924022,0.04026743560532102,0.7429240373754387,25.608040201005025,at9_2
53,0.2251369620635407,0.04674665551834444,0.7281163824181149,26.100502512562816,at9_2
54,0.22829289583595,0.06017766263589306,0.711529441528157,26.592964824120603,at9_2
55,0.2245194319137959,0.08648841760173864,0.6889921504844655,27.085427135678394,at9_2
56,0.21117521364300834,0.13450949346003244,0.6543152928969592,27.57788944723618,at9_2
57,0.18571470106933952,0.21432328844373966,0.5999620104869209,28.070351758793972,at9_2
58,0.14841814403244602,0.33013698397848285,0.5214448719890711,28.56281407035176,at9_2
59,0.10541128024910476,0.46986769457815725,0.42472102517273813,29.05527638190955,at9_2
60,0.0666753208843921,0.6064831530168732,0.32684152609873474,29.547738693467338,at9_2
61,0.038844740061271886,0.7170697892659409,0.24408547067278738,30.04020100502513,at9_2
62,0.021999484264824704,0.7957342657634058,0.1822662499717695,30.532663316582916,at9_2
63,0.012877396466414606,0.8478221355891671,0.13930046794441836,31.025125628140707,at9_2
64,0.008343145704910203,0.879996024153264,0.11166083014182575,31.517587939698494,at9_2
65,0.006453851954063987,0.8954409126838948,0.09810523536204108,32.01005025125628,at9_2
66,0.006253898891809694,0.8922508200279343,0.10149528108025588,32.50251256281407,at9_2
67,0.007363589565426636,0.8620982024601324,0.13053820797444096,32.99497487437186,at9_2
68,0.009606432155924452,0.7898383423824423,0.20055522546163326,33.48743718592965,at9_2
69,0.012566344805408771,0.6605148521530799,0.32691880304151133,33.97989949748744,at9_2
70,0.015185830070212694,0.4811117602522004,0.5037024096775868,34.472361809045225,at9_2
71,0.016156968643369175,0.2960314021361534,0.6878116292204774,34.96482412060302,at9_2
72,0.015098151119766942,0.1550569831307438,0.8298448657494892,35.45728643216081,at9_2
73,0.012728943776451057,0.0716337825539936,0.9156372736695553,35.949748743718594,at9_2
74,0.009957451431928872,0.03038521471026564,0.9596573338578055,36.44221105527638,at9_2
75,0.007368880573390581,0.012382903016071145,0.9802482164105383,36.934673366834176,at9_2
76,0.005250870175525491,0.005259090302597026,0.9894900395218774,37.42713567839196,at9_2
77,0.0037005329696744747,0.002677947860880114,0.9936215191694454,37.91959798994975,at9_2
78,0.00268456072117854,0.0018014972306294485,0.995513942048192,38.41206030150754,at9_2
79,0.0020881790265246673,0.0014791743051753349,0.9964326466683,38.90452261306533,at9_2
80,0.0017661675459178148,0.0012886012338903954,0.9969452312201919,39.39698492462312,at9_2
81,0.0015814064437498045,0.0010971116799305559,0.9973214818763196,39.88944723618091,at9_2
82,0.0014255121117741933,0.000882869828172934,0.9976916180600529,40.381909547738694,at9_2
83,0.001230711405074022,0.0006698817139425851,0.9980994068809834,40.87437185929648,at9_2
84,0.0009803439410967089,0.0005051753669096506,0.9985144806919937,41.366834170854275,at9_2
85,0.0007092845828472144,0.00044364252690520946,0.9988470728902475,41.85929648241206,at9_2
86,0.0004806558120021405,0.0005313000891467521,0.9989880440988511,42.35175879396985,at9_2
87,0.00035349367396724857,0.0007969240557222088,0.9988495822703106,42.84422110552764,at9_2
88,0.0003751656197090418,0.0012565784187886114,0.9983682559615024,43.33668341708543,at9_2
89,0.000601564999245284,0.0019167841735892308,0.9974816508271656,43.82914572864322,at9_2
90,0.0011152427119903378,0.002762658352061838,0.9961220989359477,44.321608040201006,at9_2
91,0.00201108871159708,0.003734996695535743,0.9942539145928673,44.814070351758794,at9_2
92,0.003338821830287519,0.004719070447387256,0.9919421077223253,45.30653266331659,at9_2
93,0.005034938009189079,0.0055718575858459875,0.989393204404965,45.798994974874375,at9_2
94,0.006915711314630431,0.006180215356821747,0.9869040733285478,46.29145728643216,at9_2
95,0.00875679077174091,0.006497488255600131,0.9847457209726589,46.78391959798995,at9_2
96,0.010387035675663367,0.006525622599114608,0.9830873417252219,47.27638190954774,at9_2
97,0.011719757980241288,0.006274773728487901,0.9820054682912709,47.76884422110553,at9_2
98,0.01272487978694524,0.005753562836862288,0.9815215573761924,48.26130653266332,at9_2
99,0.013392981919539877,0.005015043703695778,0.9815919743767644,48.753768844221106,at9_2
100,0.013734450468350274,0.004236447572510792,0.9820291019591391,49.246231155778894,at9_2
101,0.01381699372276791,0.0037529629538647787,0.9824300433233674,49.73869346733669,at9_2
102,0.013788806374408196,0.003966794290506733,0.982244399335085,50.231155778894475,at9_2
103,0.01383136567341416,0.0051663591600941364,0.9810022751664917,50.72361809045226,at9_2
104,0.014064966184857634,0.0073678806203690906,0.9785671531947732,51.21608040201005,at9_2
105,0.01448966871704569,0.010253054444336463,0.9752572768386178,51.708542713567844,at9_2
106,0.015025486575027386,0.013254673418940833,0.9717198400060317,52.20100502512563,at9_2
107,0.01564329777985351,0.015786434527308074,0.9685702676928385,52.69346733668342,at9_2
108,0.016503739069604582,0.017465244997992433,0.966031015932403,53.185929648241206,at9_2
109,0.018036986375452774,0.018166929283784744,0.9637960843407625,53.678391959799,at9_2
110,0.02097787577127664,0.017936580905617724,0.9610855433231056,54.17085427135679,at9_2
111,0.02637696463358495,0.016884682436261986,0.9567383529301531,54.663316582914575,at9_2
112,0.035476039572790115,0.015168525726038547,0.9493554347011715,55.15577889447236,at9_2
113,0.04910726256860419,0.013098962757673652,0.9377937746737222,55.64824120603015,at9_2
114,0.06629991293052304,0.011308268765092722,0.9223918183043843,56.140703517587944,at9_2
115,0.08309170920828612,0.010658656429580884,0.906249634362133,56.63316582914573,at9_2
116,0.09439406037651804,0.011593240285384982,0.894012699338097,57.12562814070352,at9_2
117,0.09834685303168653,0.013623619953096458,0.8880295270152171,57.618090452261306,at9_2
118,0.09719459902912966,0.015872185356985806,0.8869332156138846,58.1105527638191,at9_2
119,0.0941716489816865,0.017981572409832693,0.8878467786084807,58.60301507537689,at9_2
120,0.0912782007772047,0.0205401055661709,0.8881816936566245,59.095477386934675,at9_2
121,0.0891928065588344,0.02532264254859753,0.885484550892568,59.58793969849246,at9_2
122,0.08788879623095197,0.03596728450657792,0.87614391926247,60.08040201005026,at9_2
123,0.08706023977784495,0.05948976758121719,0.8534499926409378,60.572864321608044,at9_2
124,0.08619322246095945,0.10824375550309619,0.8055630220359443,61.06532663316583,at9_2
125,0.08439213575623779,0.19863356566882456,0.7169742985749376,61.55778894472362,at9_2
126,0.0804358285025794,0.3374969880338147,0.5820671834636059,62.05025125628141,at9_2
127,0.07382163448853322,0.4996985097758144,0.42647985573565234,62.5427135678392,at9_2
128,0.06583525901845871,0.6384083740131655,0.2957563669683757,63.03517587939699,at9_2
129,0.058466495550293394,0.7290824034430602,0.21245110100664655,63.527638190954775,at9_2
130,0.05289428672755675,0.7779354527705988,0.16917026050184444,64.02010050251256,at9_2
131,0.049677643379334696,0.7987264420152812,0.1515959146053841,64.51256281407035,at9_2
132,0.04975859742577957,0.7985799836763317,0.15166141889788876,65.00502512562814,at9_2
133,0.055620685923814715,0.7751985044543462,0.16918080962183907,65.49748743718594,at9_2
134,0.07262286685613906,0.7174186629185315,0.20995847022532943,65.98994974874373,at9_2
135,0.1090900386350476,0.6109116485411936,0.2799983128237588,66.48241206030151,at9_2
136,0.1707452989486013,0.4573242779145689,0.3719304231368298,66.9748743718593,at9_2
137,0.25031205588632877,0.29312762027383976,0.45656032383983153,67.46733668341709,at9_2
138,0.33003829431047893,0.1648530978055332,0.5051086078839879,67.95979899497488,at9_2
139,0.3985043335154098,0.08689501780645602,0.5146006486781342,68.45226130653266,at9_2
140,0.4552483372075215,0.04596084403859015,0.4987908187538883,68.94472361809045,at9_2
141,0.5035637440847863,0.02541752889075129,0.4710187270244625,69.43718592964825,at9_2
142,0.5457835601529114,0.014791901835575405,0.4394245380115132,69.92964824120604,at9_2
143,0.5827739963552441,0.008904047515022776,0.4083219561297331,70.42211055276383,at9_2
144,0.614771062473464,0.005413837283680679,0.3798151002428554,70.91457286432161,at9_2
145,0.6420939519696581,0.003259646835531301,0.35464640119481045,71.4070351758794,at9_2
146,0.6654556263006112,0.001917775240916084,0.33262659845847287,71.89949748743719,at9_2
147,0.6860150073209471,0.0010945602844864668,0.3128904323945665,72.39195979899498,at9_2
148,0.7053769533223679,0.0006078473775197591,0.29401519930011244,72.88442211055276,at9_2
149,0.7256558799609657,0.00034418363659988107,0.2739999364024344,73.37688442211055,at9_2
150,0.749526690823873,0.0002464684226838637,0.25022684075344315,73.86934673366835,at9_2
151,0.7798160239366975,0.0003148349972831098,0.21986914106601943,74.36180904522614,at9_2
152,0.8177898303012776,0.0006015058203904444,0.1816086638783318,74.85427135678393,at9_2
153,0.8603277292951588,0.001160562233391313,0.13851170847144995,75.34673366834171,at9_2
154,0.8998306085799523,0.0019490140849305246,0.09822037733511717,75.8391959798995,at9_2
155,0.9297779931583251,0.0027947875752238993,0.06742721926645098,76.33165829145729,at9_2
156,0.9493136306117661,0.0034954516535118368,0.04719091773472205,76.82412060301507,at9_2
157,0.9614388096026002,0.003913089117125477,0.03464810128027436,77.31658291457286,at9_2
158,0.9694463071839621,0.00398914448081014,0.026564548335227665,77.80904522613066,at9_2
159,0.9754552554550492,0.0037320732050277494,0.020812671339922914,78.30150753768845,at9_2
160,0.9804656984127169,0.0032106867060702976,0.01632361488121256,78.79396984924624,at9_2
161,0.984767792186504,0.002543883406696278,0.012688324406799848,79.28643216080403,at9_2
162,0.9882976647690112,0.0018766420207256996,0.009825693210263215,79.77889447236181,at9_2
163,0.9908993680972108,0.001348751597965067,0.007751880304824094,80.2713567839196,at9_2
164,0.9924990435044645,0.0010717132181573665,0.00642924327737828,80.76381909547739,at9_2
165,0.9931791843341783,0.0011215351729011577,0.005699280492920512,81.25628140703517,at9_2
166,0.9931532468528248,0.0015405588111781798,0.005306194335997111,81.74874371859296,at9_2
167,0.9926800557203934,0.0023363842680775293,0.004983560011529061,82.24120603015076,at9_2
168,0.991981968976234,0.003474354828719114,0.00454367619504695,82.73366834170855,at9_2
169,0.9912096565130505,0.004871868472234373,0.003918475014715181,83.22613065326634,at9_2
170,0.9904471159671037,0.0064082717550642205,0.0031446122778320267,83.71859296482413,at9_2
171,0.9897206730200395,0.007960337634960473,0.002318989345000021,84.21105527638191,at9_2
172,0.9889915631504514,0.009456250140349289,0.0015521867091992205,84.7035175879397,at9_2
173,0.988161303487066,0.010906948396911772,0.0009317481160222522,85.19597989949749,at9_2
174,0.98714819234697,0.01235300472601307,0.0004988029270170353,85.68844221105527,at9_2
175,0.9860240986288579,0.013730035655335343,0.00024586571580684593,86.18090452261308,at9_2
176,0.9850766701667599,0.014779921537885887,0.0001434082953542603,86.67336683417086,at9_2
177,0.9846861943154023,0.015124804055961073,0.00018900162863657316,87.16582914572865,at9_2
178,0.9850751842391082,0.014455611617938666,0.00046920414295332076,87.65829145728644,at9_2
179,0.9860578596106718,0.012706949154381596,0.0012351912349466104,88.15075376884423,at9_2
180,0.9868868601538349,0.01013681167489255,0.0029763281712726405,88.64321608040201,at9_2
181,0.9863231663761062,0.007262594932387326,0.006414238691506456,89.1356783919598,at9_2
182,0.9830443447327291,0.004647697999436852,0.01230795726783426,89.62814070351759,at9_2
183,0.9762756662885707,0.0026577487082608178,0.021066585003168447,90.12060301507537,at9_2
184,0.9662857752598,0.0013647097244409998,0.032349515015758945,90.61306532663318,at9_2
185,0.9544747424976963,0.000633490237423092,0.04489176726488059,91.10552763819096,at9_2
186,0.9430405531462338,0.00026755589012803443,0.05669189096363798,91.59798994974875,at9_2
187,0.9343474307291528,0.00010334058638670468,0.06554922868446045,92.09045226130654,at9_2
188,0.9301779843326042,3.661173752350342e-05,0.06978540392987229,92.58291457286433,at9_2
189,0.93106481810694,1.1896725214986644e-05,0.06892328516784517,93.07537688442211,at9_2
190,0.9358011952648347,3.528662776802062e-06,0.06419527607238844,93.5678391959799,at9_2
191,0.9411928689076313,9.446955124523827e-07,0.05880618639685631,94.06030150753769,at9_2
192,0.9424911831667234,2.2422809071906892e-07,0.05750859260518582,94.55276381909547,at9_2
193,0.9354929757640419,4.6226561296672916e-08,0.06450697800939686,95.04522613065328,at9_2
194,0.9200840804333721,8.167768292869498e-09,0.07991591139885958,95.53768844221106,at9_2
195,0.9015115662983175,1.2413186162643244e-09,0.09848843246036396,96.03015075376885,at9_2
196,0.8866648130348802,1.6564206943229204e-10,0.11333518679947771,96.52261306532664,at9_2
197,0.8795421731287333,1.9960922262428937e-11,0.12045782685130582,97.01507537688443,at9_2
198,0.8803772351191268,2.2301129434240633e-12,0.11962276487864316,97.50753768844221,at9_2
199,0.8872828896359851,2.357922646040237e-13,0.11271711036377906,98.0,at9_2
0,0.09534675815437021,0.7180117004924619,0.1866415413531678,0.0,at15_4
1,0.09733238813649446,0.7332183165499432,0.16944929531356243,0.4824120603015075,at15_4
2,0.09422167594366886,0.7480268537042325,0.15775147035209858,0.964824120603015,at15_4
3,0.0859442856490801,0.7591561715999944,0.15489954275092555,1.4472361809045227,at15_4
4,0.07407218920752714,0.763140049617549,0.16278776117492386,1.92964824120603,at15_4
5,0.06183178742252039,0.7583363529096018,0.17983185966787785,2.4120603015075375,at15_4
6,0.0532978320805238,0.747782903523794,0.1989192643956824,2.8944723618090453,at15_4
7,0.05136231950389872,0.7417633590116635,0.20687432148443796,3.3768844221105527,at15_4
8,0.054439120535492325,0.7546703529318133,0.19089052653269448,3.85929648241206,at15_4
9,0.05616737491871336,0.7910006503247208,0.15283197475656585,4.341708542713568,at15_4
10,0.052147102305658555,0.838031846260933,0.10982105143340855,4.824120603015075,at15_4
11,0.04391680933589347,0.8805990253642629,0.07548416529984354,5.306532663316583,at15_4
12,0.03495879564912786,0.9127575465850228,0.05228365776584924,5.788944723618091,at15_4
13,0.0273095288130671,0.9351650700636018,0.03752540112333108,6.271356783919598,at15_4
14,0.021470838048838512,0.9502811329323781,0.02824802901878342,6.7537688442211055,at15_4
15,0.017235294360018583,0.9603320018894791,0.022432703750502218,7.236180904522612,at15_4
16,0.014230886687713268,0.9669024944876576,0.018866618824629075,7.71859296482412,at15_4
17,0.01213554289154095,0.9710096582376729,0.016854798870786062,8.201005025125628,at15_4
18,0.010725346243167956,0.9732498050056632,0.016024848751168847,8.683417085427136,at15_4
19,0.009863990904751657,0.9739231752873097,0.016212833807938785,9.165829145728642,at15_4
20,0.00947738230015143,0.9731338585209566,0.01738875917889197,9.64824120603015,at15_4
21,0.009522977207099478,0.9708924539908087,0.01958456880209171,10.130653266331658,at15_4
22,0.009950277405283346,0.9672577226031936,0.02279199999152301,10.613065326633166,at15_4
23,0.010653107167094587,0.9625259426530962,0.02682095017980917,11.095477386934673,at15_4
24,0.011437836678673733,0.9573789848227292,0.031183178498596944,11.577889447236181,at15_4
25,0.012053907233861074,0.9527949693715515,0.03515112339458735,12.060301507537687,at15_4
26,0.012296003871609005,0.9496469843888796,0.03805701173951146,12.542713567839195,at15_4
27,0.012097178736454571,0.9482921062649303,0.039610714998615154,13.025125628140703,at15_4
28,0.011528019135213886,0.9485311020470225,0.03994087881776356,13.507537688442211,at15_4
29,0.010725773762630963,0.9498957465862141,0.039378479651154846,13.989949748743719,at15_4
30,0.009829417704307713,0.9519517801594338,0.03821880213625847,14.472361809045225,at15_4
31,0.008947183121440121,0.9544511175381523,0.03660169934040763,14.954773869346733,at15_4
32,0.008139856638500082,0.9573410432767203,0.03451910008477959,15.43718592964824,at15_4
33,0.0074125657491362455,0.9606662401788002,0.03192119407206369,15.919597989949748,at15_4
34,0.0067303557831048565,0.9644157782198695,0.028853865997025777,16.402010050251256,at15_4
35,0.006059014908829234,0.9684265478260445,0.02551443726512614,16.884422110552762,at15_4
36,0.005397579381050722,0.9724224804482853,0.022179940170664096,17.366834170854272,at15_4
37,0.004775778878474425,0.9761312077145491,0.01909301340697646,17.849246231155778,at15_4
38,0.004229212849533472,0.9793684543573118,0.016402332793154787,18.331658291457284,at15_4
39,0.0037785096683754025,0.9820516746576454,0.014169815673979083,18.814070351758794,at15_4
40,0.0034241531050922744,0.9841669622851301,0.012408884609777562,19.2964824120603,at15_4
41,0.0031553197624777586,0.9857202247997895,0.011124455437732807,19.77889447236181,at15_4
42,0.0029660383419994494,0.9866940109384787,0.010339950719521927,20.261306532663315,at15_4
43,0.0028677143817420524,0.9870332601034094,0.01009902551484852,20.74371859296482,at15_4
44,0.0028845255055962534,0.986682976528502,0.010432497965901826,21.22613065326633,at15_4
45,0.003031037950623159,0.985662842108174,0.01130611994120283,21.708542713567837,at15_4
46,0.003293922421628863,0.984112999165964,0.012593078412407165,22.190954773869347,at15_4
47,0.0036354161574037006,0.9822695031185016,0.014095080724094771,22.673366834170853,at15_4
48,0.004008454267804774,0.9804006449010951,0.015590900831100131,23.155778894472363,at15_4
49,0.004366933345339556,0.9787470610280053,0.016886005626655053,23.63819095477387,at15_4
50,0.004669819428204315,0.9774731124406001,0.017857068131195634,24.120603015075375,at15_4
51,0.0048864227785252595,0.9766241513907545,0.01848942583072022,24.603015075376884,at15_4
52,0.00500630648436666,0.9760986073884007,0.01889508612723265,25.08542713567839,at15_4
53,0.005049647478826776,0.9756566080491174,0.01929374447205591,25.5678391959799,at15_4
54,0.005069184636922774,0.9749799417826177,0.01995087358045951,26.050251256281406,at15_4
55,0.0051367217934908714,0.9737686889211291,0.021094589285380022,26.532663316582912,at15_4
56,0.005316881473804618,0.9718179705565486,0.022865147969646785,27.015075376884422,at15_4
57,0.005644391042560509,0.9689959858079711,0.02535962314946844,27.497487437185928,at15_4
58,0.006124977520256911,0.9650877716328984,0.0287872508468447,27.979899497487438,at15_4
59,0.006763427022334908,0.9595652097819307,0.033671363195734307,28.462311557788944,at15_4
60,0.007601701779995575,0.9513955908371066,0.041002707382897886,28.94472361809045,at15_4
61,0.008750974706600148,0.9389795287502439,0.052269496543155824,29.42713567839196,at15_4
62,0.010417941698459148,0.9203239784460667,0.06925807985547405,29.909547738693465,at15_4
63,0.012929264753786836,0.8936352947231921,0.09343544052302098,30.391959798994975,at15_4
64,0.01673384414581626,0.8583784692353623,0.1248876866188214,30.87437185929648,at15_4
65,0.022331025322798417,0.8161325130033721,0.1615364616738295,31.356783919597987,at15_4
66,0.030097862487282287,0.7699793830028173,0.19992275450990035,31.839195979899497,at15_4
67,0.04008656201703387,0.7224887683446337,0.23742466963833234,32.321608040201006,at15_4
68,0.051899520709593146,0.6744772940316384,0.27362318525876844,32.80402010050251,at15_4
69,0.06468037020901868,0.6258500253140178,0.30946960447696337,33.28643216080402,at15_4
70,0.07724014124925224,0.5772521910132744,0.34550766773747327,33.768844221105525,at15_4
71,0.08833509183098796,0.5308380158800992,0.380826892288913,34.25125628140703,at15_4
72,0.09699201905589523,0.48983716954182294,0.41317081140228196,34.733668341708544,at15_4
73,0.10267185384741899,0.4577232202593067,0.4396049258932744,35.21608040201005,at15_4
74,0.10516616256280198,0.43785991817227143,0.4569739192649265,35.698492462311556,at15_4
75,0.1043393088675722,0.43376962695548316,0.4618910641769447,36.18090452261306,at15_4
76,0.09995279828052944,0.4493199571953449,0.45072724452412577,36.66331658291457,at15_4
77,0.09180573853910158,0.4876255959633236,0.4205686654975748,37.14572864321608,at15_4
78,0.08028029277414821,0.5479187484212342,0.37180095880461755,37.62814070351759,at15_4
79,0.06691146049435727,0.6222542051965143,0.3108343343091284,38.11055276381909,at15_4
80,0.05411908556646945,0.6968824259817521,0.24899848845177847,38.5929648241206,at15_4
81,0.043954647066967396,0.7593460776030335,0.19669927532999903,39.075376884422106,at15_4
82,0.03713312281976811,0.8041773546803858,0.15868952249984597,39.55778894472362,at15_4
83,0.033218497894698704,0.8319886983902736,0.1347928037150278,40.040201005025125,at15_4
84,0.03135448388615389,0.8451100847729283,0.12353543134091781,40.52261306532663,at15_4
85,0.03076762763962566,0.8440314929008016,0.12520087945957267,41.00502512562814,at15_4
86,0.030903938079532636,0.8254506304946309,0.1436454314258366,41.48743718592964,at15_4
87,0.03135924280910428,0.7816200003606165,0.1870207568302792,41.969849246231156,at15_4
88,0.03175167329122359,0.7026447517788895,0.265603574929887,42.45226130653266,at15_4
89,0.031677047508345726,0.5853128312465216,0.3830101212451326,42.93467336683417,at15_4
90,0.030898126294054338,0.445202202518788,0.5238996711871576,43.417085427135675,at15_4
91,0.029641839445453646,0.3137731586171861,0.6565850019373604,43.89949748743718,at15_4
92,0.028565200422864877,0.21596897857746408,0.7554658209996711,44.381909547738694,at15_4
93,0.028440880831427068,0.15753472513307934,0.8140243940354936,44.8643216080402,at15_4
94,0.03001190271970904,0.13300166362447416,0.8369864336558168,45.346733668341706,at15_4
95,0.033980127425491134,0.13604759391042512,0.8299722786640837,45.82914572864321,at15_4
96,0.040807206060602216,0.16236727978916424,0.7968255141502335,46.311557788944725,at15_4
97,0.05029893325026101,0.20780411683909084,0.7418969499106483,46.79396984924623,at15_4
98,0.06140179737311918,0.26674623095304384,0.6718519716738371,47.27638190954774,at15_4
99,0.07258777046445283,0.3332417838509793,0.5941704456845678,47.75879396984924,at15_4
100,0.08248171986474107,0.40303441514180854,0.5144838649934503,48.24120603015075,at15_4
101,0.09015430743489565,0.4737767635973094,0.4360689289677949,48.72361809045226,at15_4
102,0.09508866581126015,0.543610246187877,0.3613010880008629,49.20603015075377,at15_4
103,0.09714234773520306,0.6099838856626174,0.2928737666021795,49.688442211055275,at15_4
104,0.09659103229606911,0.6697569297957918,0.2336520379081389,50.17085427135678,at15_4
105,0.09410929918023149,0.7202427397732788,0.18564796104648967,50.65326633165829,at15_4
106,0.09059817019014689,0.7601382947554529,0.14926353505440015,51.1356783919598,at15_4
107,0.08695365976291673,0.7896105554782888,0.12343578475879448,51.618090452261306,at15_4
108,0.08392739458989586,0.809652872986107,0.1064197324239971,52.10050251256281,at15_4
109,0.0821303222668124,0.8212685533882067,0.09660112434498092,52.58291457286432,at15_4
110,0.08211800060651772,0.8249227263560391,0.09295927303744314,53.065326633165824,at15_4
111,0.08443436778997296,0.8205207162391261,0.09504491597090085,53.54773869346734,at15_4
112,0.0894488332322277,0.8081875456059964,0.10236362116177596,54.030150753768844,at15_4
113,0.09688881683712702,0.7898660993742981,0.11324508378857497,54.51256281407035,at15_4
114,0.10542736972896813,0.7703635936988268,0.12420903657220508,54.994974874371856,at15_4
115,0.11317555040393625,0.7554415698742197,0.1313828797218441,55.47738693467336,at15_4
116,0.11900417552206408,0.747915773929371,0.13308005054856492,55.959798994974875,at15_4
117,0.12318017291132666,0.7464298490318444,0.13038997805682895,56.44221105527638,at15_4
118,0.1267508805968028,0.747735227851674,0.12551389155152315,56.92462311557789,at15_4
119,0.13067334823628676,0.7491209396356046,0.12020571212810856,57.40703517587939,at15_4
120,0.13544551590511736,0.7491977055288883,0.11535677856599429,57.8894472361809,at15_4
121,0.14123675301326247,0.7475013461466643,0.11126190084007324,58.37185929648241,at15_4
122,0.14827152115037867,0.7437300055555424,0.10799847329407905,58.85427135678392,at15_4
123,0.15729750175279733,0.737006412669421,0.10569608557778162,59.336683417085425,at15_4
124,0.17008424877395326,0.725226164569404,0.10468958665664277,59.81909547738693,at15_4
125,0.18984619853619272,0.7045902504534749,0.10556355101033238,60.30150753768844,at15_4
126,0.2210532835604554,0.6699832707052378,0.10896344573430684,60.78391959798995,at15_4
127,0.26745786071654853,0.6175969569713622,0.11494518231208924,61.266331658291456,at15_4
128,0.3281439136095896,0.5497691205933753,0.12208696579703512,61.74874371859296,at15_4
129,0.39565594548544686,0.47671176839325285,0.1276322861213003,62.23115577889447,at15_4
130,0.46059582669639265,0.41012114036533437,0.12928303293827303,62.713567839195974,at15_4
131,0.5177007783835179,0.3556509201910826,0.12664830142539946,63.19597989949749,at15_4
132,0.5664077289014617,0.3127214886932349,0.12087078240530327,63.678391959798994,at15_4
133,0.6079349612820063,0.27851436330572243,0.11355067541227129,64.1608040201005,at15_4
134,0.6432403855665936,0.25068921693864343,0.10607039749476312,64.64321608040201,at15_4
135,0.6726725835082974,0.22798427664019374,0.09934313985150871,65.12562814070351,at15_4
136,0.6963914242892147,0.20984739893954557,0.09376117677123981,65.60804020100502,at15_4
137,0.714779758485294,0.19595547788002507,0.08926476363468103,66.09045226130652,at15_4
138,0.7285309653513994,0.1859516000290906,0.08551743461950993,66.57286432160804,at15_4
139,0.7384275138976304,0.1794290212255528,0.0821434648768169,67.05527638190955,at15_4
140,0.7450040850316387,0.17605322013274735,0.07894269483561388,67.53768844221105,at15_4
141,0.7483469466698464,0.1756660134290319,0.07598703990112173,68.02010050251256,at15_4
142,0.7482369857561488,0.17822912631959942,0.07353388792425174,68.50251256281406,at15_4
143,0.7446731576921964,0.18355072047561521,0.07177612183218836,68.98492462311557,at15_4
144,0.7385180864064881,0.1909104285530424,0.07057148504046963,69.46733668341709,at15_4
145,0.731762289185491,0.19887128753185132,0.06936642328265753,69.94974874371859,at15_4
146,0.7270131427719865,0.20554928458826485,0.06743757263974877,70.4321608040201,at15_4
147,0.7263288191007271,0.20932908167292366,0.06434209922634915,70.9145728643216,at15_4
148,0.7300186226442109,0.20968823572177253,0.06029314163401662,71.39698492462311,at15_4
149,0.7361213382422571,0.2076824074082077,0.05619625434953517,71.87939698492463,at15_4
150,0.7410167831787936,0.20574214414276606,0.0532410726784403,72.36180904522612,at15_4
151,0.7411640993199364,0.2066597484958019,0.05217615218426169,72.84422110552764,at15_4
152,0.7352047521856545,0.21209997688048568,0.05269527093385993,73.32663316582914,at15_4
153,0.7249881458694534,0.22152105435707375,0.053490799773472944,73.80904522613065,at15_4
154,0.7145764160121013,0.23233127306032084,0.05309231092757791,74.29145728643216,at15_4
155,0.7080231885079138,0.24111366166274256,0.05086314982934366,74.77386934673366,at15_4
156,0.7077152699367482,0.2448895021620876,0.047395227901164065,75.25628140703517,at15_4
157,0.7141078669881127,0.24169633693886802,0.04419579607301937,75.73869346733667,at15_4
158,0.7262326414718367,0.23065974745649165,0.043107611071671506,76.22110552763819,at15_4
159,0.7420464827370924,0.21215572570167338,0.04579779156123424,76.7035175879397,at15_4
160,0.7584202284624969,0.1883289336240296,0.053250837913473494,77.1859296482412,at15_4
161,0.7714556377101274,0.16343277625061733,0.0651115860392552,77.66834170854271,at15_4
162,0.777919412478238,0.14287361639643256,0.07920697112532946,78.15075376884421,at15_4
163,0.777213444407163,0.13075391064981362,0.09203264494302336,78.63316582914572,at15_4
164,0.7718979389812649,0.1278184720657438,0.10028358895299133,79.11557788944724,at15_4
165,0.7660238004123802,0.1317218783674621,0.10225432122015789,79.59798994974874,at15_4
166,0.7629139391753108,0.13893023488329553,0.09815582594139363,80.08040201005025,at15_4
167,0.7640319214856537,0.14636394008095235,0.08960413843339406,80.56281407035175,at15_4
168,0.769061006391054,0.15203256229306597,0.07890643131587999,81.04522613065326,at15_4
169,0.7765779560471054,0.15498529632519123,0.06843674762770338,81.52763819095478,at15_4
170,0.7847759917599304,0.15503519435515067,0.06018881388491898,82.01005025125627,at15_4
171,0.7919421287451118,0.15251736776514663,0.0555405034897415,82.49246231155779,at15_4
172,0.7966748862128217,0.14817803978286023,0.05514707400431812,82.97487437185929,at15_4
173,0.7980540921724836,0.14315336587673563,0.05879254195078075,83.4572864321608,at15_4
174,0.79598323613644,0.138860012144278,0.0651567517192821,83.93969849246231,at15_4
175,0.7916594455796692,0.13657600899059882,0.07176454542973197,84.42211055276381,at15_4
176,0.7877602743081429,0.13670042030139679,0.07553930539046039,84.90452261306532,at15_4
177,0.7878916149778082,0.13810847253829023,0.07399991248390164,85.38693467336682,at15_4
178,0.7953499503241078,0.13821781477304093,0.06643223490285124,85.86934673366834,at15_4
179,0.8118170527623201,0.13398323105516544,0.05419971618251445,86.35175879396985,at15_4
180,0.8366110582495268,0.12337695748384758,0.04001198426662571,86.83417085427135,at15_4
181,0.8667699106535001,0.10654721163350975,0.026682877712990296,87.31658291457286,at15_4
182,0.8979590916066044,0.08594936170119598,0.016091546692199664,87.79899497487436,at15_4
183,0.925843930245462,0.06534651975738666,0.008809549997151457,88.28140703517587,at15_4
184,0.9471882244694383,0.04840999585679979,0.004401779673761913,88.76381909547739,at15_4
185,0.9601217970226762,0.03786186991419601,0.002016333063127749,89.24623115577889,at15_4
186,0.9637865013283349,0.03536579987203373,0.0008476987996313768,89.7286432160804,at15_4
187,0.9581132110934515,0.041560797685100036,0.00032599122144859517,90.2110552763819,at15_4
188,0.9442616520796614,0.05562444548541876,0.000113902434919798,90.69346733668341,at15_4
189,0.9253912635721043,0.07457282805385419,3.590837404144325e-05,91.17587939698493,at15_4
190,0.9066598610750981,0.0933299669913153,1.0171933586555823e-05,91.65829145728642,at15_4
191,0.8938343759491305,0.10616303751849396,2.5865323755124443e-06,92.14070351758794,at15_4
192,0.8912926775250428,0.10870673259477337,5.898801837894886e-07,92.62311557788945,at15_4
193,0.9004447863132781,0.09955509347086403,1.2021585785460792e-07,93.10552763819095,at15_4
194,0.9189482367480787,0.08105174147207156,2.177984972362907e-08,93.58793969849246,at15_4
195,0.9414099222169593,0.058590074278636946,3.50440365928541e-09,94.07035175879396,at15_4
196,0.9620729404978727,0.037927058997054695,5.050725581526283e-10,94.55276381909547,at15_4
197,0.9776266425404166,0.022373357393231076,6.635231257495656e-11,95.03517587939699,at15_4
198,0.9877211849494081,0.012278815042480759,8.111308538919857e-12,95.51758793969849,at15_4
199,0.9936138802811368,0.006386119717923245,9.398412280286928e-13,96.0,at15_4
0,0.0013335641721760416,0.9980712917142515,0.0005951441135724515,0.0,at15_0
1,0.001799825464023668,0.9971867613327781,0.001013413203198203,0.48743718592964824,at15_0
2,0.0023327292664926873,0.9960055097634654,0.0016617609700419382,0.9748743718592965,at15_0
3,0.002898440276946898,0.9944833129506679,0.0026182467723851275,1.4623115577889447,at15_0
4,0.003448442540765668,0.9925989220100285,0.003952635449205775,1.949748743718593,at15_0
5,0.003929367188486056,0.9903745838128049,0.00569604899870917,2.4371859296482414,at15_0
6,0.004300850507763452,0.987901550452564,0.007797599039672588,2.9246231155778895,at15_0
7,0.004555762533035464,0.9853640763786935,0.010080161088270942,3.4120603015075375,at15_0
8,0.004727613422492519,0.9830471587018267,0.012225227875680715,3.899497487437186,at15_0
9,0.004866434788425405,0.9813061858135298,0.013827379398044752,4.386934673366834,at15_0
10,0.0049839764327278095,0.9804816628210905,0.01453436074618162,4.874371859296483,at15_0
11,0.005011006548099925,0.9807721895761874,0.014216803875712619,5.36180904522613,at15_0
12,0.004825016098171176,0.9821282519557682,0.013046731946060625,5.849246231155779,at15_0
13,0.00434478806993545,0.9842510741853929,0.01140413774467158,6.336683417085427,at15_0
14,0.003605425646398756,0.9867198063678757,0.009674767985725629,6.824120603015075,at15_0
15,0.00274314596763159,0.9891634500046744,0.008093404027693958,7.311557788944723,at15_0
16,0.0019173592985031755,0.9913622779805501,0.006720362720946565,7.798994974874372,at15_0
17,0.0012451471736741214,0.993238508807023,0.005516344019302782,8.28643216080402,at15_0
18,0.0007852307959495321,0.9947780282777025,0.004436740926348098,8.773869346733669,at15_0
19,0.0005590285883050341,0.995944476373705,0.003496495037990063,9.261306532663317,at15_0
20,0.0005800812774926104,0.9966288229262168,0.0027910957962904988,9.748743718592966,at15_0
21,0.000868136482607513,0.9966599889722586,0.002471874545133806,10.236180904522612,at15_0
22,0.0014354475326155086,0.9958835222295677,0.002681030237816691,10.72361809045226,at15_0
23,0.0022515154264707658,0.9942798565789102,0.0034686279946191017,11.21105527638191,at15_0
24,0.003215235851927882,0.9920563334034195,0.004728430744652715,11.698492462311558,at15_0
25,0.00417117567731994,0.9896426815642348,0.0061861427584451924,12.185929648241206,at15_0
26,0.004984754565917301,0.9875556459426209,0.007459599491461655,12.673366834170855,at15_0
27,0.005644797284514094,0.9861676211503589,0.008187581565127004,13.160804020100503,at15_0
28,0.006320454049816307,0.985500959602596,0.008178586347587639,13.64824120603015,at15_0
29,0.007311832286969834,0.9851934141395309,0.007494753573499345,14.135678391959798,at15_0
30,0.008909317060041904,0.9846674995830341,0.006423183356923947,14.623115577889447,at15_0
31,0.011244810444204362,0.9833831064678671,0.005372083087928602,15.110552763819095,at15_0
32,0.014223354130746525,0.9810119614905561,0.004764684378697422,15.597989949748744,at15_0
33,0.017586985623337617,0.9774391778398976,0.004973836536764733,16.08542713567839,at15_0
34,0.02109649475944893,0.9725949046474528,0.00630860059309841,16.57286432160804,at15_0
35,0.024721584396397888,0.966228882577478,0.009049533026123968,17.060301507537687,at15_0
36,0.028687880032326214,0.95781271598346,0.013499403984213862,17.547738693467338,at15_0
37,0.03331412784142381,0.9467101083298963,0.019975763828679882,18.035175879396984,at15_0
38,0.03871360950404605,0.9326143879341534,0.028672002561800497,18.522613065326635,at15_0
39,0.0445348382712132,0.9160700978624042,0.03939506386638268,19.01005025125628,at15_0
40,0.04995047359938886,0.8987078762028347,0.0513416501977765,19.49748743718593,at15_0
41,0.05399369740202562,0.8828329865895947,0.06317331600837954,19.984924623115578,at15_0
42,0.05605766241860578,0.8704478783333035,0.07349445924809062,20.472361809045225,at15_0
43,0.05618734001933615,0.8623200405133056,0.08149261946735838,20.959798994974875,at15_0
44,0.05497637939383226,0.8576654122690528,0.08735820833711497,21.44723618090452,at15_0
45,0.05320485260654951,0.8545169560107868,0.09227819138266363,21.934673366834172,at15_0
46,0.051449342966810384,0.8505668223845375,0.09798383464865204,22.42211055276382,at15_0
47,0.04981768755308983,0.844258819522677,0.10592349292423314,22.90954773869347,at15_0
48,0.0479240557216409,0.835696168617948,0.11637977566041101,23.396984924623116,at15_0
49,0.04516829700415327,0.8266748685218286,0.12815683447401816,23.884422110552762,at15_0
50,0.041172585956392435,0.8196480940776241,0.13917931996598354,24.371859296482413,at15_0
51,0.03606948180493252,0.8163985256385332,0.14753199255653418,24.85929648241206,at15_0
52,0.03048612208685575,0.8172948389314639,0.1522190389816802,25.34673366834171,at15_0
53,0.02531361732597743,0.8212491320506735,0.15343725062334904,25.834170854271356,at15_0
54,0.021414531953299783,0.8260636787918064,0.1525217892548938,26.321608040201006,at15_0
55,0.01937609691725316,0.8290161347099809,0.15160776837276596,26.809045226130653,at15_0
56,0.01938875482976974,0.8276981823928462,0.15291306277738395,27.2964824120603,at15_0
57,0.021288481397477372,0.8209814609083801,0.1577300576941426,27.78391959798995,at15_0
58,0.024701247835035772,0.8097715632089315,0.16552718895603258,28.271356783919597,at15_0
59,0.02914627940608403,0.7972538525442873,0.1735998680496289,28.758793969849247,at15_0
60,0.034005682633495474,0.7884990191367288,0.17749529822977583,29.246231155778894,at15_0
61,0.03844789140723119,0.7891793846267386,0.17237272396603004,29.733668341708544,at15_0
62,0.041560780267303254,0.8030567393980031,0.15538248033469365,30.22110552763819,at15_0
63,0.04284227993932304,0.8290832815546205,0.1280744385060565,30.70854271356784,at15_0
64,0.04268173990052469,0.8609466490578941,0.0963716110415812,31.195979899497488,at15_0
65,0.042231362536384154,0.8905101699189644,0.06725846754465153,31.683417085427134,at15_0
66,0.04279908281137293,0.9118663501898658,0.04533456699876115,32.17085427135678,at15_0
67,0.045486140919256,0.9223266885635968,0.03218717051714723,32.65829145728643,at15_0
68,0.051294193982326916,0.9208799699250574,0.027825836092615668,33.14572864321608,at15_0
69,0.06128964469557337,0.9065513527364387,0.03215900256798784,33.63316582914573,at15_0
70,0.07635542203857065,0.8780544100224614,0.045590167938968015,34.120603015075375,at15_0
71,0.0964253222692233,0.834911000983172,0.06866367674760468,34.608040201005025,at15_0
72,0.11971347777690217,0.779256340175722,0.10103018204737584,35.095477386934675,at15_0
73,0.14287316477756437,0.7166527766177341,0.14047405860470155,35.58291457286432,at15_0
74,0.1623949609755487,0.6546135999166329,0.1829914391078184,36.07035175879397,at15_0
75,0.1761762608748529,0.5997654820873757,0.22405825703777146,36.55778894472362,at15_0
76,0.18393911676581826,0.5560461505184079,0.2600147327157739,37.04522613065327,at15_0
77,0.18645013007262878,0.52497157987279,0.2885782900545813,37.53266331658291,at15_0
78,0.1844532347198652,0.5069689652423168,0.30857780003781804,38.02010050251256,at15_0
79,0.17805104278862402,0.5023313756378676,0.31961758157350845,38.50753768844221,at15_0
80,0.16680650660586643,0.5109989879608461,0.3221945054332875,38.99497487437186,at15_0
81,0.15054831841610097,0.5312782403243972,0.3181734412595018,39.482412060301506,at15_0
82,0.1304098387707607,0.5587733728158918,0.31081678841334753,39.969849246231156,at15_0
83,0.10912351162873889,0.5872563588428859,0.3036201295283752,40.45728643216081,at15_0
84,0.09007087932853367,0.6113421020123944,0.2985870186590719,40.94472361809045,at15_0
85,0.07590041794514119,0.6285782342685471,0.2955213477863117,41.4321608040201,at15_0
86,0.06779061433164038,0.6393923190159321,0.29281706665242757,41.91959798994975,at15_0
87,0.06550779660983866,0.645677200856785,0.28881500253337633,42.4070351758794,at15_0
88,0.0678459378159912,0.6494123946715616,0.2827416675124472,42.89447236180904,at15_0
89,0.07314331748310138,0.6519608856156994,0.27489579690119925,43.381909547738694,at15_0
90,0.07973592333299005,0.6539916328998019,0.26627244376720804,43.869346733668344,at15_0
91,0.08625009071800727,0.6557071557726707,0.25804275350932215,44.35678391959799,at15_0
92,0.09169685534685215,0.6570640616167223,0.25123908303642567,44.84422110552764,at15_0
93,0.09544238323831583,0.6578324475609852,0.24672516920069895,45.33165829145729,at15_0
94,0.09721578529146732,0.6575388285597735,0.24524538614875907,45.81909547738694,at15_0
95,0.0972766231024509,0.6555055168731998,0.24721786002434923,46.30653266331658,at15_0
96,0.09658948870606292,0.6511866523187048,0.25222385897523236,46.79396984924623,at15_0
97,0.09658994392476726,0.6445715457988817,0.2588385102763512,47.28140703517588,at15_0
98,0.0985886558785399,0.6360843562607561,0.2653269878607041,47.768844221105525,at15_0
99,0.10352002734465934,0.6260433182074013,0.27043665444793935,48.256281407035175,at15_0
100,0.11224639547052634,0.6143355182219881,0.2734180863074857,48.743718592964825,at15_0
101,0.12590430778747894,0.600516604307737,0.27357908790478397,49.231155778894475,at15_0
102,0.14588643642783877,0.5841175682738813,0.2699959952982799,49.71859296482412,at15_0
103,0.1733633675405191,0.5650033840283831,0.2616332484310977,50.20603015075377,at15_0
104,0.2084286067267695,0.5436915532363867,0.24787984003684388,50.69346733668342,at15_0
105,0.24926785424624412,0.5214219877128436,0.22931015804091204,51.18090452261306,at15_0
106,0.2921599519666461,0.499719264347485,0.20812078368586895,51.66834170854271,at15_0
107,0.3328705737999905,0.4795490797651748,0.18758034643483476,52.15577889447236,at15_0
108,0.36869342691121715,0.460752692819841,0.1705538802689419,52.64321608040201,at15_0
109,0.3994695402159829,0.44236370134336456,0.1581667584406526,53.130653266331656,at15_0
110,0.4269119085484971,0.4235065546832384,0.1495815367682646,53.618090452261306,at15_0
111,0.4531900460920399,0.40400857257705985,0.14280138133090028,54.10552763819096,at15_0
112,0.47996363709695694,0.38429364696658086,0.13574271593646212,54.5929648241206,at15_0
113,0.5081471335232112,0.36487992001733854,0.12697294645945031,55.08040201005025,at15_0
114,0.5379634912770885,0.34606328239246575,0.11597322633044568,55.5678391959799,at15_0
115,0.5688390714367826,0.32807353351097074,0.10308739505224658,56.05527638190955,at15_0
116,0.599143242586553,0.311530875536717,0.08932588187672982,56.54271356783919,at15_0
117,0.626243871077577,0.2977054489952669,0.07605067992715626,57.030150753768844,at15_0
118,0.6473777064110132,0.28810187556125627,0.0645204180277305,57.517587939698494,at15_0
119,0.661133047489529,0.2834385717277448,0.055428380782726126,58.005025125628144,at15_0
120,0.6684687803645877,0.28281620371487576,0.048715015920536495,58.49246231155779,at15_0
121,0.6723053590578414,0.2838944473209108,0.0438001936212477,58.97989949748744,at15_0
122,0.6759020538134511,0.2840454249176032,0.04005252126894555,59.46733668341709,at15_0
123,0.6812692340818358,0.281592437230163,0.03713832868800113,59.95477386934673,at15_0
124,0.6887584795972547,0.2762074822785991,0.03503403812414624,60.44221105527638,at15_0
125,0.6977958819596085,0.26839470842274543,0.03380940961764606,60.92964824120603,at15_0
126,0.7077395080944268,0.2588053443990662,0.033455147506506966,61.41708542713568,at15_0
127,0.7181147133568138,0.24800278775431092,0.03388249888887532,61.904522613065325,at15_0
128,0.7283068478339829,0.23666810188747608,0.03502505027854087,62.391959798994975,at15_0
129,0.7371085844250665,0.22595083779099648,0.03694057778393694,62.879396984924625,at15_0
130,0.7424017041566477,0.21773174548299803,0.03986655036035414,63.36683417085427,at15_0
131,0.7411927991838703,0.21459939189829846,0.04420780891783119,63.85427135678392,at15_0
132,0.7303340730900193,0.21925191701145222,0.05041400989852851,64.34170854271356,at15_0
133,0.7082191049197701,0.23309246108523335,0.058688433994996535,64.82914572864321,at15_0
134,0.6769899021732257,0.25446951896186976,0.06854057886490456,65.31658291457286,at15_0
135,0.6434375824507709,0.27815479458279135,0.07840762296643768,65.80402010050251,at15_0
136,0.6166703904263164,0.29751220201262785,0.08581740756105571,66.29145728643216,at15_0
137,0.6033135219206589,0.3082231037662431,0.08846337431309798,66.77889447236181,at15_0
138,0.6040676495266618,0.3102802853980707,0.08565206507526749,67.26633165829146,at15_0
139,0.6145607983160183,0.30678165146686703,0.0786575502171147,67.7537688442211,at15_0
140,0.6288787891154299,0.30153256677387796,0.06958864411069209,68.24120603015075,at15_0
141,0.6421539820460841,0.2976582602392193,0.060187757714696526,68.7286432160804,at15_0
142,0.6512567478311855,0.2971987831407884,0.0515444690280262,69.21608040201005,at15_0
143,0.6548268235698337,0.300837070533859,0.044336105896307196,69.7035175879397,at15_0
144,0.6534283501776529,0.307610132981948,0.03896151684039911,70.19095477386935,at15_0
145,0.6495384296161587,0.3150384780919356,0.03542309229190579,70.678391959799,at15_0
146,0.6468685336885889,0.31992346780797154,0.03320799850343955,71.16582914572864,at15_0
147,0.6490970783542737,0.3194907367026922,0.03141218494303412,71.65326633165829,at15_0
148,0.6585168312696981,0.3124008598408943,0.029082308889407833,72.14070351758794,at15_0
149,0.6749421183313209,0.29946972384577225,0.025588157822906864,72.62814070351759,at15_0
150,0.6951161289768767,0.2840098966000606,0.020873974423062772,73.11557788944724,at15_0
151,0.7132274527751875,0.2712846013117921,0.015487945913020391,73.60301507537689,at15_0
152,0.7231438249688308,0.26653594107463713,0.010320233956532067,74.09045226130654,at15_0
153,0.7215484775649272,0.27230730119183033,0.006144221243242323,74.57788944723617,at15_0
154,0.7096235160854726,0.2871021833487524,0.003274300565775022,75.06532663316582,at15_0
155,0.6920041747870973,0.306424681770789,0.0015711434421136967,75.55276381909547,at15_0
156,0.6743855914614435,0.3249312087412035,0.0006831997973530869,76.04020100502512,at15_0
157,0.6617621071475714,0.33796743947858043,0.0002704533738481224,76.52763819095478,at15_0
158,0.657785744054902,0.34211628168914754,9.797425595051276e-05,77.01507537688443,at15_0
159,0.6645737909277625,0.33539200532735697,3.420374488058338e-05,77.50251256281408,at15_0
160,0.6823209493692279,0.317660560373317,1.8490257455043457e-05,77.98994974874373,at15_0
161,0.7087244063316103,0.29124057265487574,3.502101351399127e-05,78.47738693467336,at15_0
162,0.7388521531953873,0.2610417206088989,0.00010612619571356263,78.96482412060301,at15_0
163,0.7661062089811991,0.233585382427028,0.0003084085917730255,79.45226130653266,at15_0
164,0.7841554668163787,0.2150338722099976,0.0008106609736235992,79.93969849246231,at15_0
165,0.7888372947987189,0.20924105191709327,0.0019216532841879127,80.42713567839196,at15_0
166,0.7790566014759519,0.21683242662923108,0.004110971894816942,80.91457286432161,at15_0
167,0.756590812616982,0.2354776257949988,0.007931561588019206,81.40201005025126,at15_0
168,0.7253919285307345,0.2608407949708449,0.0137672764984207,81.8894472361809,at15_0
169,0.6908261557671885,0.287740816170698,0.02143302806211353,82.37688442211055,at15_0
170,0.6587381024685312,0.3113802019603329,0.029881695571136003,82.8643216080402,at15_0
171,0.634167647914511,0.3284590099170247,0.03737334216846426,83.35175879396985,at15_0
172,0.6201563796148803,0.3377093935736603,0.04213422681145918,83.8391959798995,at15_0
173,0.6173585995885665,0.33957938743337124,0.0430620129780622,84.32663316582915,at15_0
174,0.6245316830551348,0.33541044829526995,0.04005786864959527,84.8140703517588,at15_0
175,0.6393253908722962,0.3266798553205976,0.0339947538071061,85.30150753768844,at15_0
176,0.6589070850146858,0.3145585116532144,0.02653440333209992,85.78894472361809,at15_0
177,0.6804536642662692,0.29971480791763605,0.019831527816094693,86.27638190954774,at15_0
178,0.7016935109273388,0.28228584288774033,0.016020646184920807,86.76381909547739,at15_0
179,0.7213099928493085,0.2620699527123407,0.016620054438350924,87.25125628140704,at15_0
180,0.7387774161974782,0.23897581642871388,0.022246767373808006,87.73869346733669,at15_0
181,0.7536709092269923,0.21363319014024743,0.03269590063276017,88.22613065326634,at15_0
182,0.7649888763907429,0.18805574180593276,0.04695538180332437,88.71356783919597,at15_0
183,0.7709302137573866,0.1661745155247009,0.06289527071791255,89.20100502512562,at15_0
184,0.7693721618330397,0.15364362417128513,0.07698421399567525,89.68844221105527,at15_0
185,0.7592232048836688,0.15593289152151024,0.08484390359482104,90.17587939698493,at15_0
186,0.7422771532086856,0.17458097531006841,0.0831418714812459,90.66331658291458,at15_0
187,0.7240504233458672,0.2041011426803137,0.0718484339738189,91.15075376884423,at15_0
188,0.7120059469082811,0.23334565964358686,0.05464839344813202,91.63819095477388,at15_0
189,0.7119224213342316,0.25134681870374487,0.03673075996202361,92.12562814070351,at15_0
190,0.725363013513995,0.2526579990727415,0.021978987413263568,92.61306532663316,at15_0
191,0.750022060536419,0.23817425170976508,0.011803687753816029,93.10050251256281,at15_0
192,0.7819069604185642,0.21236549791631376,0.005727541665121815,93.58793969849246,at15_0
193,0.8172562200050734,0.18022114302452782,0.0025226369703988997,94.07537688442211,at15_0
194,0.8531472696895246,0.14584100146394474,0.001011728846530706,94.56281407035176,at15_0
195,0.8872114250720583,0.11241774639288533,0.0003708285350564433,95.05025125628141,at15_0
196,0.9174160407470191,0.08245899212871409,0.00012496712426673153,95.53768844221105,at15_0
197,0.9423203439302744,0.057640580391548873,3.9075678176663875e-05,96.0251256281407,at15_0
198,0.961425151457015,0.03856338201797625,1.146652500876619e-05,96.51256281407035,at15_0
199,0.9751563931894042,0.0248404119727112,3.194837884702782e-06,97.0,at15_0
0,0.07765612860798358,0.6382480514709821,0.28409581992103433,0.0,at15_6
1,0.0816396373506717,0.6539382183114227,0.26442214433790545,0.49246231155778897,at15_6
2,0.08408021345947349,0.6771440393954342,0.23877574714509225,0.9849246231155779,at15_6
3,0.08510150065331977,0.7082529282624704,0.20664557108420972,1.4773869346733668,at15_6
4,0.08477785371175471,0.7468837269015649,0.16833841938668043,1.9698492462311559,at15_6
5,0.08197288112829847,0.7922898442164261,0.12573727465527523,2.462311557788945,at15_6
6,0.07310772601152168,0.8428760499784912,0.08401622400998711,2.9547738693467336,at15_6
7,0.055576211452519376,0.8924384242577201,0.051985364289760444,3.4472361809045227,at15_6
8,0.03495611579764753,0.9306217715783832,0.034422112623969305,3.9396984924623117,at15_6
9,0.019465198059877658,0.9537813991820011,0.02675340275812129,4.432160804020101,at15_6
10,0.010809939355740688,0.9661613954361005,0.02302866520815889,4.92462311557789,at15_6
11,0.006807045971379967,0.9725724202459346,0.020620533782685378,5.417085427135679,at15_6
12,0.005306357923422775,0.9758534690503026,0.018840173026274512,5.909547738693467,at15_6
13,0.005029082614013978,0.9774186813278805,0.017552236058105634,6.402010050251256,at15_6
14,0.005318688704119281,0.9779516264517627,0.01672968484411812,6.894472361809045,at15_6
15,0.0058497661642511285,0.9777830255309939,0.016367208304754927,7.386934673366834,at15_6
16,0.006457565324911011,0.9770768697946373,0.016465564880451682,7.8793969849246235,at15_6
17,0.00705822465012269,0.9759353016818053,0.0170064736680719,8.371859296482413,at15_6
18,0.007618865735115822,0.9744747911626658,0.017906343102218284,8.864321608040202,at15_6
19,0.008144819093232754,0.9728793998243395,0.018975781082427826,9.35678391959799,at15_6
20,0.008659694058483188,0.9714051687666116,0.01993513717490518,9.84924623115578,at15_6
21,0.009174083668077768,0.9703230170680789,0.020502899263843345,10.341708542713569,at15_6
22,0.009661718622470719,0.9698396435924644,0.020498637785064874,10.834170854271358,at15_6
23,0.010060510089981763,0.9700522533726869,0.01988723653733156,11.326633165829147,at15_6
24,0.01029434815707193,0.9709492188333831,0.018756433009544958,11.819095477386934,at15_6
25,0.010300034722376951,0.9724328040646707,0.01726716121295225,12.311557788944723,at15_6
26,0.010047855748720028,0.9743464731797085,0.015605671071571407,12.804020100502512,at15_6
27,0.009550082713732469,0.9765057599961158,0.013944157290151632,13.296482412060302,at15_6
28,0.008855022232700384,0.9787305770899607,0.012414400677338934,13.78894472361809,at15_6
29,0.00802940203019034,0.980865475214088,0.011105122755721722,14.28140703517588,at15_6
30,0.00713793161777194,0.9827741209788885,0.010087947403339584,14.773869346733669,at15_6
31,0.0062296015682927,0.9843100360502036,0.009460362381503565,15.266331658291458,at15_6
32,0.005335013079190898,0.9852831971490146,0.009381789771794685,15.758793969849247,at15_6
33,0.004473809380018218,0.9854564102046494,0.010069780415332482,16.251256281407034,at15_6
34,0.0036684933787814135,0.9846209257263703,0.011710580894848336,16.743718592964825,at15_6
35,0.002956218501736546,0.982780148057153,0.014263633441110446,17.236180904522612,at15_6
36,0.0023844698015776725,0.980336538905747,0.017278991292675294,17.728643216080403,at15_6
37,0.0019865294949205996,0.9780316668205369,0.019981803684542453,18.22110552763819,at15_6
38,0.001760043856733151,0.9765757324789083,0.021664223664358613,18.71356783919598,at15_6
39,0.0016742030125243804,0.9762825209170087,0.022043276070466855,19.20603015075377,at15_6
40,0.0016993231379113032,0.9769715547681954,0.021329122093893333,19.69849246231156,at15_6
41,0.0018386807230221544,0.9780598084538672,0.020101510823110694,20.190954773869347,at15_6
42,0.0021541810232933094,0.9786640751136021,0.019181743863104683,20.683417085427138,at15_6
43,0.002786470009005355,0.9776110501932154,0.019602479797779213,21.175879396984925,at15_6
44,0.00396885025444022,0.9733367790387175,0.022694370706842167,21.668341708542716,at15_6
45,0.006019650042946678,0.9638115285516232,0.03016882140543024,22.160804020100503,at15_6
46,0.009265054038046727,0.9469156397826228,0.04381930617933047,22.653266331658294,at15_6
47,0.013838262430362333,0.9218212190481084,0.06434051852152924,23.14572864321608,at15_6
48,0.019448397308843134,0.89088685130629,0.0896647513848669,23.63819095477387,at15_6
49,0.025442162964819364,0.8595330846490444,0.11502475238613619,24.13065326633166,at15_6
50,0.031227878624261598,0.8329619309452636,0.13581019043047482,24.623115577889447,at15_6
51,0.03655375326184933,0.8133803127525009,0.15006593398564982,25.115577889447238,at15_6
52,0.04136737198527065,0.8004732556266647,0.15815937238806468,25.608040201005025,at15_6
53,0.04555550465154387,0.7932750841182165,0.16116941123023967,26.100502512562816,at15_6
54,0.048810804178604124,0.7913689056121039,0.15982029020929184,26.592964824120603,at15_6
55,0.05063211442699899,0.79516749896856,0.15420038660444108,27.085427135678394,at15_6
56,0.05044087765236895,0.8055507017133282,0.14400842063430283,27.57788944723618,at15_6
57,0.047844076585319105,0.8229563968740693,0.1291995265406117,28.070351758793972,at15_6
58,0.04297855661107136,0.8462623793946434,0.1107590639942852,28.56281407035176,at15_6
59,0.03664083266867046,0.8724464062561512,0.09091276107517848,29.05527638190955,at15_6
60,0.02995552852707758,0.8977158121933676,0.07232865927955474,29.547738693467338,at15_6
61,0.023841845816814304,0.9191682090168354,0.05698994516635037,30.04020100502513,at15_6
62,0.018764388601522807,0.9354930607562773,0.04574255064219995,30.532663316582916,at15_6
63,0.014851405032776956,0.9465877698462961,0.03856082512092687,31.025125628140707,at15_6
64,0.012125160421026772,0.9529043359027809,0.034970503676192276,31.517587939698494,at15_6
65,0.010645074481822022,0.9550140587739767,0.03434086674420134,32.01005025125628,at15_6
66,0.010529888795964523,0.953370389055706,0.03609972214832949,32.50251256281407,at15_6
67,0.011917678913821153,0.948147693544716,0.03993462754146293,32.99497487437186,at15_6
68,0.014945025725704893,0.9391121103962304,0.0459428638780647,33.48743718592965,at15_6
69,0.01980669890233062,0.9254703910826221,0.05472291001504739,33.97989949748744,at15_6
70,0.026905043709737234,0.9056212837807488,0.06747367250951394,34.472361809045225,at15_6
71,0.03700406554850336,0.8769094568699866,0.08608647758151008,34.96482412060302,at15_6
72,0.0511833941451362,0.8358302076349575,0.11298639821990626,35.45728643216081,at15_6
73,0.07034251025511096,0.7793323235256236,0.15032516621926548,35.949748743718594,at15_6
74,0.09423320425414095,0.7073414341904576,0.19842536155540144,36.44221105527638,at15_6
75,0.12061622664770114,0.6249900539673793,0.25439371938491956,36.934673366834176,at15_6
76,0.14556114793424998,0.5417883271339348,0.3126505249318153,37.42713567839196,at15_6
77,0.16501299751856768,0.4672028876805309,0.36778411480090123,37.91959798994975,at15_6
78,0.17623402536153834,0.40624712224007875,0.41751885239838293,38.41206030150754,at15_6
79,0.17797130296371927,0.3584497532543002,0.4635789437819806,38.90452261306533,at15_6
80,0.16987953230477115,0.3196405807833434,0.5104798869118854,39.39698492462312,at15_6
81,0.15243587648244747,0.2844857159060178,0.5630784076115347,39.88944723618091,at15_6
82,0.12770573047011846,0.24893744645370383,0.6233568230761777,40.381909547738694,at15_6
83,0.09978975861325241,0.21216415927589174,0.6880460821108557,40.87437185929648,at15_6
84,0.07357230293785966,0.17675482292042305,0.7496728741417173,41.366834170854275,at15_6
85,0.05260964791296774,0.14690406537085127,0.800486286716181,41.85929648241206,at15_6
86,0.03823684846230597,0.12625473754199665,0.8355084139956973,42.35175879396985,at15_6
87,0.030134739926305804,0.11669495988784799,0.8531703001858463,42.84422110552764,at15_6
88,0.027199963330823435,0.11804147242392125,0.8547585642452553,43.33668341708543,at15_6
89,0.028114005397386316,0.12856214204472885,0.8433238525578848,43.82914572864322,at15_6
90,0.03168995968068477,0.14642299352362162,0.8218870467956936,44.321608040201006,at15_6
91,0.03709133948567909,0.17144259061789102,0.7914660698964299,44.814070351758794,at15_6
92,0.04387179301580758,0.20620193397124847,0.749926273012944,45.30653266331659,at15_6
93,0.051796066702447706,0.25589591437557657,0.6923080189219757,45.798994974874375,at15_6
94,0.06046284014729369,0.32620273931419913,0.6133344205385072,46.29145728643216,at15_6
95,0.06887197544850279,0.41843552549629137,0.5126924990552059,46.78391959798995,at15_6
96,0.07537966154926581,0.5243440456912889,0.4002762927594454,47.27638190954774,at15_6
97,0.0784555424140974,0.6276786724578263,0.29386578512807626,47.76884422110553,at15_6
98,0.07764388867951656,0.7142215884163915,0.20813452290409187,48.26130653266332,at15_6
99,0.07363368247859114,0.7793265015730093,0.14703981594839943,48.753768844221106,at15_6
100,0.06759923369498899,0.8259733791391372,0.10642738716587388,49.246231155778894,at15_6
101,0.060696983998526216,0.8591341831241553,0.08016883287731848,49.73869346733669,at15_6
102,0.05396878239248827,0.8823959064191955,0.06363531118831618,50.231155778894475,at15_6
103,0.04843860181733122,0.897181973020908,0.05437942516176087,50.72361809045226,at15_6
104,0.045230149505765024,0.9030361970891368,0.051733653405098175,51.21608040201005,at15_6
105,0.04560222990087072,0.898167948197966,0.056229821901163234,51.708542713567844,at15_6
106,0.050734477028417886,0.8804334058545406,0.0688321171170416,52.20100502512563,at15_6
107,0.06108214525156671,0.8492742192128142,0.08964363553561909,52.69346733668342,at15_6
108,0.07554732262490063,0.808089528103661,0.1163631492714385,53.185929648241206,at15_6
109,0.0914445713046288,0.764557678226887,0.14399775046848415,53.678391959799,at15_6
110,0.10577742362947642,0.7274652634258588,0.16675731294466484,54.17085427135679,at15_6
111,0.11655470442111916,0.7031802483221704,0.1802650472567105,54.663316582914575,at15_6
112,0.1228412515067929,0.6950914328779464,0.18206731561526068,55.15577889447236,at15_6
113,0.12413265620619066,0.7045091142024036,0.17135822959140581,55.64824120603015,at15_6
114,0.1203080454721475,0.7301221251710363,0.14956982935681631,56.140703517587944,at15_6
115,0.11229800016967394,0.7665979927167703,0.12110400711355578,56.63316582914573,at15_6
116,0.1023220365584177,0.8056892441776631,0.09198871926391915,57.12562814070352,at15_6
117,0.09302700757426365,0.8400353013151736,0.06693769111056291,57.618090452261306,at15_6
118,0.08653498275954447,0.8655636317312951,0.04790138550916034,58.1105527638191,at15_6
119,0.08435439468226343,0.8807460602003508,0.03489954511738576,58.60301507537689,at15_6
120,0.08786005642857324,0.8846954747095377,0.027444468861889004,59.095477386934675,at15_6
121,0.09871379570695252,0.8758615799318132,0.02542462436123422,59.58793969849246,at15_6
122,0.11884353797559508,0.8517939135119595,0.029362548512445415,60.08040201005026,at15_6
123,0.14965838701575668,0.81026812295629,0.04007349002795318,60.572864321608044,at15_6
124,0.19040359392953327,0.7520122587177704,0.05758414735269635,61.06532663316583,at15_6
125,0.23677987462091285,0.683497172054799,0.07972295332428822,61.55778894472362,at15_6
126,0.2821732055822455,0.615828132425096,0.1019986619926583,62.05025125628141,at15_6
127,0.32152218195220955,0.5587204434911983,0.11975737455659227,62.5427135678392,at15_6
128,0.353831019896733,0.5155402143819975,0.13062876572126947,63.03517587939699,at15_6
129,0.3810947924008583,0.4839568423084569,0.13494836529068477,63.527638190954775,at15_6
130,0.4059181285549685,0.4594345180347364,0.13464735341029518,64.02010050251256,at15_6
131,0.43017111981995526,0.437735764366358,0.1320931158136868,64.51256281407035,at15_6
132,0.45485599586454933,0.4157458051594861,0.12939819897596444,65.00502512562814,at15_6
133,0.4804554850840155,0.3914743513732813,0.12807016354270334,65.49748743718594,at15_6
134,0.5071796116312653,0.36399868102123595,0.12882170734749857,65.98994974874373,at15_6
135,0.5348783276963582,0.3336716438402905,0.13145002846335133,66.48241206030151,at15_6
136,0.56274999524126,0.3023896224225261,0.13486038233621378,66.9748743718593,at15_6
137,0.5893003303337961,0.273221693548226,0.13747797611797785,67.46733668341709,at15_6
138,0.6128988334612667,0.2490419703910897,0.13805919614764356,67.95979899497488,at15_6
139,0.632563910009893,0.23111231972261329,0.13632377026749376,68.45226130653266,at15_6
140,0.6482879126626435,0.2188393598774865,0.13287272745986986,68.94472361809045,at15_6
141,0.660883102693505,0.21049667214199563,0.12862022516449942,69.43718592964825,at15_6
142,0.6718230791932427,0.20391224895146035,0.1242646718552969,69.92964824120604,at15_6
143,0.6832328898497162,0.19675658190160752,0.12001052824867632,70.42211055276383,at15_6
144,0.6977184683844394,0.1867439072722984,0.1155376243432622,70.91457286432161,at15_6
145,0.717658114008927,0.1721141657564485,0.11022772023462458,71.4070351758794,at15_6
146,0.743993790610607,0.1523951017251818,0.10361110766421111,71.89949748743719,at15_6
147,0.7752860543203174,0.12893138491891085,0.09578256076077184,72.39195979899498,at15_6
148,0.8080852086292792,0.10449628642221077,0.08741850494851006,72.88442211055276,at15_6
149,0.8386413620373446,0.08201333044614931,0.079345307516506,73.37688442211055,at15_6
150,0.864530279969348,0.06338686294052434,0.07208285709012778,73.86934673366835,at15_6
151,0.8849909631997608,0.04926650253177679,0.06574253426846242,74.36180904522614,at15_6
152,0.9002017549301223,0.03956948616828226,0.06022875890159552,74.85427135678393,at15_6
153,0.9102703349753767,0.03419543079071716,0.055534234233906056,75.34673366834171,at15_6
154,0.9142020118903188,0.03370306009697542,0.052094928012705835,75.8391959798995,at15_6
155,0.9086587846594774,0.03999022587425861,0.05135098946626409,76.33165829145729,at15_6
156,0.8870249045056201,0.056525230033262736,0.05644986546111709,76.82412060301507,at15_6
157,0.842744576731301,0.08575153696630405,0.07150388630239507,77.31658291457286,at15_6
158,0.7820947382478559,0.12176423663204616,0.09614102512009788,77.80904522613066,at15_6
159,0.7289490437114797,0.15008070498575224,0.12097025130276802,78.30150753768845,at15_6
160,0.6996673985729384,0.16351757014361348,0.13681503128344813,78.79396984924624,at15_6
161,0.6901862950662623,0.16690096046329356,0.14291274447044422,79.28643216080403,at15_6
162,0.690352658280006,0.1671851964287395,0.1424621452912545,79.77889447236181,at15_6
163,0.6932860975689826,0.16862532934424676,0.13808857308677056,80.2713567839196,at15_6
164,0.6956555595583861,0.17319735724638977,0.13114708319522408,80.76381909547739,at15_6
165,0.6962359274893517,0.18154218600176503,0.12222188650888324,81.25628140703517,at15_6
166,0.6950850916025616,0.1933247424946966,0.11159016590274183,81.74874371859296,at15_6
167,0.6932012041227579,0.20729881032988343,0.09949998554735863,82.24120603015076,at15_6
168,0.6922210528388545,0.22147722994190175,0.08630171721924386,82.73366834170855,at15_6
169,0.6939312393572907,0.23359313655437153,0.07247562408833765,83.22613065326634,at15_6
170,0.6996591496526472,0.24173522700102298,0.05860562334632989,83.71859296482413,at15_6
171,0.709792417198291,0.2448687669141776,0.0453388158875314,84.21105527638191,at15_6
172,0.7236516453313097,0.24302044849796567,0.03332790617072485,84.7035175879397,at15_6
173,0.7397834517989714,0.2370860682885988,0.023130479912429815,85.19597989949749,at15_6
174,0.7565410934123529,0.22837922104142686,0.015079685546220207,85.68844221105527,at15_6
175,0.7726599388895499,0.21813943689908794,0.009200624211362108,86.18090452261308,at15_6
176,0.7875541860083716,0.2072090743645099,0.005236739627118466,86.67336683417086,at15_6
177,0.8012820372599375,0.19594894881096567,0.0027690139290968098,87.16582914572865,at15_6
178,0.8143201272073423,0.18432813987624072,0.0013517329164171536,87.65829145728644,at15_6
179,0.8272556673779909,0.17214038557333816,0.0006039470486708172,88.15075376884423,at15_6
180,0.8403683735051671,0.15938710839766884,0.00024451809716396095,88.64321608040201,at15_6
181,0.8531520874940591,0.14675901355516435,8.889895077638003e-05,89.1356783919598,at15_6
182,0.8641752951510928,0.13579584237263617,2.8862476271127326e-05,89.62814070351759,at15_6
183,0.8717473128291855,0.1282443251573579,8.362013456593582e-06,90.12060301507537,at15_6
184,0.8751616251791166,0.12483620509035762,2.169730525717986e-06,90.61306532663318,at15_6
185,0.8755491304436178,0.1244503622454263,5.073109558947427e-07,91.10552763819096,at15_6
186,0.8756341285857752,0.12436576383591165,1.0757831321334246e-07,91.59798994974875,at15_6
187,0.878605940419856,0.12139403878540793,2.0794736067272164e-08,92.09045226130654,at15_6
188,0.8868356000670603,0.11316439626002144,3.6729183601461387e-09,92.58291457286433,at15_6
189,0.9010070296490796,0.09899296975861373,5.923066613546005e-10,93.07537688442211,at15_6
190,0.9198855712518123,0.08011442866132154,8.68662528166471e-11,93.5678391959799,at15_6
191,0.9407628211578567,0.05923717883063219,1.1511281962772056e-11,94.06030150753769,at15_6
192,0.9604509496805913,0.039549050318041644,1.3670996957928285e-12,94.55276381909547,at15_6
193,0.9764210249127456,0.02357897508711021,1.4421580056003613e-13,95.04522613065328,at15_6
194,0.9875547846832767,0.01244521531670988,1.3415340469461177e-14,95.53768844221106,at15_6
195,0.9941996510093366,0.005800348990662352,1.0986352428818149e-15,96.03015075376885,at15_6
196,0.9975964876301502,0.0024035123698497394,7.980287486868118e-17,96.52261306532664,at15_6
197,0.9991004758233694,0.0008995241766305992,5.225657205475678e-18,97.01507537688443,at15_6
198,0.9996897457450962,0.00031025425490392006,3.148810106794606e-19,97.50753768844221,at15_6
199,0.999899428417928,0.00010057158207205247,1.7810516342931946e-20,98.0,at15_6
0,0.2514826006173238,0.7485173993189878,6.368853594368408e-11,0.0,at15_2
1,0.16530257485778865,0.8346974247698199,3.7239151829473903e-10,0.49246231155778897,at15_2
2,0.09853482439382025,0.9014651736477509,1.958428859372437e-09,0.9849246231155779,at15_2
3,0.05420573437381574,0.9457942563483993,9.277785004376076e-09,1.4773869346733668,at15_2
4,0.02895882562566538,0.9710411344306162,3.994371833621454e-08,1.9698492462311559,at15_2
5,0.01658958716349473,0.9834102548820584,1.5795444689003275e-07,2.462311557788945,at15_2
6,0.011441994651802494,0.9885574269116879,5.784365095416708e-07,2.9547738693467336,at15_2
7,0.009690137771141819,0.9903078920348124,1.970194045898514e-06,3.4472361809045227,at15_2
8,0.00917460069104699,0.990819151744096,6.24756485698469e-06,3.9396984924623117,at15_2
9,0.00885569011077105,0.9911258888178638,1.842107136519454e-05,4.432160804020101,at15_2
10,0.008361307626420542,0.9915883071412201,5.038523235948333e-05,4.92462311557789,at15_2
11,0.00768604577744409,0.9921864491343337,0.0001275050882221496,5.417085427135679,at15_2
12,0.0069795401883560315,0.9927227082143774,0.0002977515972666078,5.909547738693467,at15_2
13,0.00638803613348822,0.9929720173960375,0.000639946470474453,6.402010050251256,at15_2
14,0.005958872736876694,0.9927787974080163,0.001262329855106869,6.894472361809045,at15_2
15,0.0056293435521431005,0.9920921435102701,0.0022785129375868804,7.386934673366834,at15_2
16,0.005295787780068382,0.9909506689228579,0.003753543297073713,7.8793969849246235,at15_2
17,0.004916752435590593,0.9894477092091166,0.0056355383552928765,8.371859296482413,at15_2
18,0.004578032853895555,0.9877060064104266,0.007715960735677939,8.864321608040202,at15_2
19,0.004469015138137075,0.9858705213331214,0.009660463528741548,9.35678391959799,at15_2
20,0.0047814180539976535,0.984108394364476,0.011110187581526437,9.84924623115578,at15_2
21,0.0055885399772120335,0.9826009040469714,0.011810555975816527,10.341708542713569,at15_2
22,0.006763909533016426,0.9815166208141746,0.011719469652808954,10.834170854271358,at15_2
23,0.007980761518184895,0.9809581207357398,0.01106111774607528,11.326633165829147,at15_2
24,0.008818478377381832,0.9808878426154387,0.010293679007179311,11.819095477386934,at15_2
25,0.008957544582714107,0.9810738905371504,0.009968564880135394,12.311557788944723,at15_2
26,0.00836073403555695,0.9811207909729501,0.010518474991492983,12.804020100502512,at15_2
27,0.007305336063799184,0.9806047527207069,0.012089911215493831,13.296482412060302,at15_2
28,0.006230752606336078,0.9792384966318759,0.014530750761788126,13.78894472361809,at15_2
29,0.005506800577275559,0.9769533750631267,0.017539824359597753,14.28140703517588,at15_2
30,0.005268976985438735,0.9738469338325968,0.020884089181964466,14.773869346733669,at15_2
31,0.005410981165734715,0.9700412005959568,0.024547818238308438,15.266331658291458,at15_2
32,0.005728061913737299,0.9655658936561917,0.028706044430071034,15.758793969849247,at15_2
33,0.006095051197137781,0.9603643104761664,0.0335406383266958,16.251256281407034,at15_2
34,0.006534833204962228,0.9544078350070567,0.03905733178798101,16.743718592964825,at15_2
35,0.007144899707513353,0.9478151670906023,0.04503993320188425,17.236180904522612,at15_2
36,0.00797140037973408,0.9408995873005264,0.05112901231973951,17.728643216080403,at15_2
37,0.008929823863658292,0.9341440540505985,0.05692612208574312,18.22110552763819,at15_2
38,0.009811320581382893,0.9281382615133795,0.062050417905237555,18.71356783919598,at15_2
39,0.010360783443639466,0.9234972499428995,0.06614196661346097,19.20603015075377,at15_2
40,0.010384569329884099,0.9207537079695585,0.0688617227005574,19.69849246231156,at15_2
41,0.009833201330292184,0.920217794877627,0.06994900379208083,20.190954773869347,at15_2
42,0.00881609390799805,0.9218436921092811,0.06934021398272087,20.683417085427138,at15_2
43,0.0075538809726944335,0.9251752024648963,0.06727091656240931,21.175879396984925,at15_2
44,0.0063210680817045025,0.9294049264734151,0.06427400544488036,21.668341708542716,at15_2
45,0.005417515438849754,0.9335240549642586,0.06105842959689163,22.160804020100503,at15_2
46,0.005150972200553002,0.9365312986043436,0.0583177291951034,22.653266331658294,at15_2
47,0.005789040250178958,0.9376671545791275,0.05654380517069354,23.14572864321608,at15_2
48,0.007469587828137669,0.9366029091474811,0.05592750302438115,23.63819095477387,at15_2
49,0.010103088521452962,0.9335054761769997,0.05639143530154735,24.13065326633166,at15_2
50,0.013321305150701651,0.928960953768651,0.05771774108064735,24.623115577889447,at15_2
51,0.01652194177885178,0.923806158409613,0.05967189981153508,25.115577889447238,at15_2
52,0.019029618648522515,0.9189340638833879,0.062036317468089484,25.608040201005025,at15_2
53,0.020331058821842198,0.9151310700761751,0.06453787110198271,26.100502512562816,at15_2
54,0.020275981726519943,0.9129840408393363,0.06673997743414387,26.592964824120603,at15_2
55,0.01913266251991296,0.9128413411468379,0.06802599633324913,27.085427135678394,at15_2
56,0.017466336553270324,0.9147612883033923,0.0677723751433374,27.57788944723618,at15_2
57,0.01590765374920638,0.9184172971005781,0.06567504915021567,28.070351758793972,at15_2
58,0.01492911376341799,0.9230413347245671,0.062029551512014953,28.56281407035176,at15_2
59,0.014726233549463468,0.9275360816608009,0.05773768478973546,29.05527638190955,at15_2
60,0.015229908414764034,0.9307744553980271,0.05399563618720893,29.547738693467338,at15_2
61,0.016213394641111985,0.9319320760597805,0.05185452929910747,30.04020100502513,at15_2
62,0.017436338594859886,0.9306526263029387,0.05191103510220142,30.532663316582916,at15_2
63,0.018766122334248757,0.9269867007956061,0.05424717687014517,31.025125628140707,at15_2
64,0.020211981938388236,0.9212410119929403,0.058547006068671505,31.517587939698494,at15_2
65,0.02183258174362525,0.9139273058520997,0.06424011240427517,32.01005025125628,at15_2
66,0.023562882892600417,0.9058372343903879,0.0705998827170117,32.50251256281407,at15_2
67,0.025098360493338107,0.8980573778455305,0.07684426166113144,32.99497487437186,at15_2
68,0.025964461375350516,0.891736761363567,0.08229877726108255,33.48743718592965,at15_2
69,0.025757853328170342,0.8876614350620048,0.08658071160982482,33.97989949748744,at15_2
70,0.024404671834074985,0.8859000003421116,0.08969532782381336,34.472361809045225,at15_2
71,0.02227428425359459,0.8857400824889765,0.09198563325742895,34.96482412060302,at15_2
72,0.0200748221110722,0.8859560839725925,0.09396909391633533,35.45728643216081,at15_2
73,0.01854961420281564,0.8853032055033304,0.09614718029385402,35.949748743718594,at15_2
74,0.018118414979629027,0.8829889870011419,0.09889259801922916,36.44221105527638,at15_2
75,0.018717161967255907,0.8788022667609224,0.10248057127182156,36.934673366834176,at15_2
76,0.019956486458020173,0.8728409826714468,0.10720253087053301,37.42713567839196,at15_2
77,0.02141319568138053,0.8651703474557807,0.11341645686283892,37.91959798994975,at15_2
78,0.02281074505650267,0.8557204499695301,0.12146880497396711,38.41206030150754,at15_2
79,0.02405515687779676,0.844400544123153,0.13154429899905032,38.90452261306533,at15_2
80,0.025233950383711293,0.8312308025178944,0.14353524709839424,39.39698492462312,at15_2
81,0.02664827120290814,0.8163406235897266,0.15701110520736522,39.88944723618091,at15_2
82,0.028832257672873684,0.7997990292792403,0.17136871304788606,40.381909547738694,at15_2
83,0.03242727766433529,0.781346097574486,0.18622662476117877,40.87437185929648,at15_2
84,0.03783725589449095,0.7601561986354832,0.20200654547002586,41.366834170854275,at15_2
85,0.044818078453143,0.7347907369007187,0.22039118464613824,41.85929648241206,at15_2
86,0.05231873535248054,0.7035475479006731,0.24413371674684636,42.35175879396985,at15_2
87,0.05876271415294606,0.665411271809368,0.27582601403768603,42.84422110552764,at15_2
88,0.06266851332221969,0.6214575722943959,0.31587391438338447,43.33668341708543,at15_2
89,0.06330660855590454,0.5758566178202124,0.36083677362388306,43.82914572864322,at15_2
90,0.06104020109716725,0.5353285038879012,0.40363129501493156,44.321608040201006,at15_2
91,0.057135998316315266,0.506804600929147,0.43605940075453775,44.814070351758794,at15_2
92,0.0531442386024427,0.4945132175296094,0.4523425438679478,45.30653266331659,at15_2
93,0.05020351473348113,0.4981866369003803,0.4516098483661386,45.798994974874375,at15_2
94,0.04863307731464608,0.5132305122566598,0.43813641042869406,46.29145728643216,at15_2
95,0.048000739872779176,0.5325401386881176,0.41945912143910324,46.78391959798995,at15_2
96,0.047618673977775555,0.5489894425835969,0.4033918834386274,47.27638190954774,at15_2
97,0.04717167030142944,0.5575525504816924,0.3952757792168781,47.76884422110553,at15_2
98,0.04704424005720711,0.5564218054215826,0.39653395452121026,48.26130653266332,at15_2
99,0.04806397265910241,0.5470456115886618,0.4048904157522357,48.753768844221106,at15_2
100,0.05081240219617451,0.5333094129671379,0.4158781848366877,49.246231155778894,at15_2
101,0.05504878121583554,0.5201430661666513,0.4248081526175131,49.73869346733669,at15_2
102,0.05972701210212486,0.512005172625135,0.42826781527274005,50.231155778894475,at15_2
103,0.06355876852575582,0.5118429430876746,0.4245982883865696,50.72361809045226,at15_2
104,0.06565068797298,0.5208119330194638,0.4135373790075561,51.21608040201005,at15_2
105,0.06582874245643826,0.5384702930442032,0.39570096449935854,51.708542713567844,at15_2
106,0.06460258726716497,0.5629879749790201,0.3724094377538148,52.20100502512563,at15_2
107,0.06292012846816968,0.5912752369038144,0.34580463462801575,52.69346733668342,at15_2
108,0.061868946959699085,0.6193767586337188,0.31875429440658215,53.185929648241206,at15_2
109,0.06241518124125761,0.643441329026016,0.29414348973272636,53.678391959799,at15_2
110,0.06518860283731906,0.6610005278946872,0.27381086926799364,54.17085427135679,at15_2
111,0.0702763267137283,0.6718531043170531,0.2578705689692185,54.663316582914575,at15_2
112,0.07705610869692844,0.6780611141579426,0.24488277714512896,55.15577889447236,at15_2
113,0.08424693475969955,0.6830085062944444,0.232744558945856,55.64824120603015,at15_2
114,0.09036204249277086,0.6898050270219952,0.21983293048523386,56.140703517587944,at15_2
115,0.0944332715128977,0.6997697052559784,0.20579702323112387,56.63316582914573,at15_2
116,0.09649313468203323,0.7119841485291623,0.1915227167888046,57.12562814070352,at15_2
117,0.09742696591867414,0.7242064121715213,0.17836662190980454,57.618090452261306,at15_2
118,0.09838447662237416,0.7343279571277785,0.1672875662498472,58.1105527638191,at15_2
119,0.10023844180528567,0.7413514011654864,0.15841015702922803,58.60301507537689,at15_2
120,0.10336864430294176,0.745523303116828,0.15110805258023036,59.095477386934675,at15_2
121,0.10774013392465016,0.747850194880995,0.14440967119435477,59.58793969849246,at15_2
122,0.11310960957154104,0.7494108712926216,0.13747951913583722,60.08040201005026,at15_2
123,0.11920693211366121,0.7508085762788719,0.1299844916074669,60.572864321608044,at15_2
124,0.12581522622454103,0.7519400546792714,0.1222447190961876,61.06532663316583,at15_2
125,0.1327520710883077,0.7520862364541089,0.11516169245758352,61.55778894472362,at15_2
126,0.13979823334592806,0.7502127497583773,0.10998901689569456,62.05025125628141,at15_2
127,0.1466299875702394,0.7453440618119033,0.10802595061785732,62.5427135678392,at15_2
128,0.1528203531480299,0.7369404847341404,0.11023916211782972,63.03517587939699,at15_2
129,0.15800030362467452,0.7252571579511057,0.11674253842421972,63.527638190954775,at15_2
130,0.1622373301209853,0.7115216906781086,0.12624097920090632,64.02010050251256,at15_2
131,0.16643990373386772,0.6974932319003505,0.13606686436578172,64.51256281407035,at15_2
132,0.1722583475699588,0.6842321833565341,0.14350946907350703,65.00502512562814,at15_2
133,0.18124845279839677,0.6711011200572066,0.14765042714439663,65.49748743718594,at15_2
134,0.19401614013184212,0.6563617625072822,0.14962209736087562,65.98994974874373,at15_2
135,0.21009911994315408,0.6389269774509043,0.15097390260594162,66.48241206030151,at15_2
136,0.22836576566456482,0.6195398851242359,0.15209434921119938,66.9748743718593,at15_2
137,0.2474515326958423,0.6004856348185674,0.15206283248559024,67.46733668341709,at15_2
138,0.2661890294554285,0.584173019598077,0.14963795094649437,67.95979899497488,at15_2
139,0.2840665741592501,0.5715788797432084,0.14435454609754136,68.45226130653266,at15_2
140,0.30149436979021255,0.5615663135522506,0.13693931665753684,68.94472361809045,at15_2
141,0.3196268373098837,0.551400988678494,0.12897217401162223,69.43718592964825,at15_2
142,0.3397461663307309,0.5380026287677576,0.12225120490151145,69.92964824120604,at15_2
143,0.36243333396983934,0.5192937372176702,0.11827292881249035,70.42211055276383,at15_2
144,0.3868490517939812,0.4952693643494272,0.11788158385659166,70.91457286432161,at15_2
145,0.4105894863183671,0.4684605366660412,0.12094997701559161,71.4070351758794,at15_2
146,0.43064747580794255,0.4432016801352094,0.12615084405684815,71.89949748743719,at15_2
147,0.44534294775851624,0.4234645984029064,0.13119245383857728,72.39195979899498,at15_2
148,0.45579143793171645,0.41054072948231035,0.1336678325859732,72.88442211055276,at15_2
149,0.4654871307794217,0.4025521480127394,0.13196072120783894,73.37688442211055,at15_2
150,0.4784363791592752,0.3959799477563201,0.12558367308440466,73.86934673366835,at15_2
151,0.4973604105619403,0.3876189209583593,0.11502066847970041,74.36180904522614,at15_2
152,0.5227835990651579,0.37573960431500597,0.10147679661983619,74.85427135678393,at15_2
153,0.553037448706142,0.36030459909190193,0.08665795220195611,75.34673366834171,at15_2
154,0.585013757012531,0.3425192083505276,0.07246703463694143,75.8391959798995,at15_2
155,0.6153201281959854,0.3240820172982025,0.06059785450581199,76.33165829145729,at15_2
156,0.6412897566211667,0.30653505398697467,0.052175189391858674,76.82412060301507,at15_2
157,0.6614825077660073,0.2909587080669661,0.04755878416702662,77.31658291457286,at15_2
158,0.6757536249578115,0.2779534336097771,0.046292941432411486,77.80904522613066,at15_2
159,0.6851317088571002,0.2676833365147969,0.04718495462810292,78.30150753768845,at15_2
160,0.6915125064908322,0.25987237935388463,0.04861511415528318,78.79396984924624,at15_2
161,0.6969897136464362,0.25389607516748086,0.049114211186082876,79.28643216080403,at15_2
162,0.7029636242115642,0.24914080143843154,0.04789557435000434,79.77889447236181,at15_2
163,0.7096260973346437,0.24545982604213226,0.04491407662322417,80.2713567839196,at15_2
164,0.7162137378670816,0.2432972644869097,0.04048899764600874,80.76381909547739,at15_2
165,0.7217943313410194,0.2432622902988186,0.034943378360161974,81.25628140703517,at15_2
166,0.7261067835016944,0.24533283134779485,0.02856038515051076,81.74874371859296,at15_2
167,0.7300212066094388,0.24819912174469308,0.021779671645868144,82.24120603015076,at15_2
168,0.7351895044315437,0.24946690296223017,0.015343592606226015,82.73366834170855,at15_2
169,0.7428442466063373,0.24700022088400195,0.010155532509660932,83.22613065326634,at15_2
170,0.7526736298501093,0.24039411695119223,0.0069322531986984485,83.71859296482413,at15_2
171,0.7629304395596539,0.23107697032346214,0.005992590116883993,84.21105527638191,at15_2
172,0.7716477601446148,0.221021956837777,0.007330283017608277,84.7035175879397,at15_2
173,0.7778088040052947,0.2114240892457581,0.010767106748947122,85.19597989949749,at15_2
174,0.781757091931119,0.20227812569762205,0.015964782371258934,85.68844221105527,at15_2
175,0.7849352220647087,0.19277508475457458,0.022289693180716698,86.18090452261308,at15_2
176,0.7892471403187574,0.1820622732303498,0.028690586450892827,86.67336683417086,at15_2
177,0.7961895485403656,0.17001417253248527,0.03379627892714905,87.16582914572865,at15_2
178,0.8059436960398996,0.1577226132580548,0.03633369070204565,87.65829145728644,at15_2
179,0.8169084117539638,0.14741572209374468,0.03567586615229147,88.15075376884423,at15_2
180,0.8261047660482376,0.14178867992370356,0.03210655402805885,88.64321608040201,at15_2
181,0.8302443112541978,0.14315836137338378,0.026597327372418416,89.1356783919598,at15_2
182,0.8268142381169798,0.15285388680123504,0.02033187508178502,89.62814070351759,at15_2
183,0.814828072718388,0.17084584454448865,0.014326082737123328,90.12060301507537,at15_2
184,0.7952764972409622,0.19546168969044858,0.009261813068589206,90.61306532663318,at15_2
185,0.7711764667324719,0.2233631528803176,0.005460380387210543,91.10552763819096,at15_2
186,0.746852320001759,0.25022656389504144,0.0029211161031994894,91.59798994974875,at15_2
187,0.7264669682950569,0.27211811904853794,0.0014149126564052207,92.09045226130654,at15_2
188,0.7126357008133091,0.28674382839435086,0.0006204707923401057,92.58291457286433,at15_2
189,0.7059802469293553,0.29377359452443585,0.00024615854620875586,93.07537688442211,at15_2
190,0.7055722048031426,0.2943398026990894,8.799249776790108e-05,93.5678391959799,at15_2
191,0.709640891533817,0.2903309958539431,2.8112612239804774e-05,94.06030150753769,at15_2
192,0.7162055353021127,0.28378651243545233,7.952262435117335e-06,94.55276381909547,at15_2
193,0.7237084217047061,0.27628959750742477,1.9807878690479362e-06,95.04522613065328,at15_2
194,0.7315981258611827,0.2684014384764326,4.356623846576288e-07,95.53768844221106,at15_2
195,0.7404614470279711,0.25953846744382475,8.55282041635183e-08,96.03015075376885,at15_2
196,0.7515237922933636,0.24847619249805034,1.520858609421097e-08,96.52261306532664,at15_2
197,0.765876786198934,0.2341232113158036,2.485262504844655e-09,97.01507537688443,at15_2
198,0.7838894512838048,0.216110548338272,3.779232698992144e-10,97.50753768844221,at15_2
199,0.8050223396602504,0.19497766028569097,5.405853432106865e-11,98.0,at15_2
0,5.430642282555291e-12,0.9999077270882202,9.227290634922445e-05,0.0,at10_0
1,2.981432077168086e-11,0.9998311872431457,0.00016881272704004767,0.49246231155778897,at10_0
2,1.5475020609120037e-10,0.9997083253869201,0.000291674458329678,0.9849246231155779,at10_0
3,7.627073828301631e-10,0.9995221015746125,0.00047789766268018527,1.4773869346733668,at10_0
4,3.5805557791436374e-09,0.9992553758772205,0.0007446205422236365,1.9698492462311559,at10_0
5,1.6034682000763523e-08,0.9988953679953901,0.0011046159699279402,2.462311557788945,at10_0
6,6.84957725919633e-08,0.9984403655083123,0.0015595659959151613,2.9547738693467336,at10_0
7,2.7871142281554334e-07,0.9979074348197721,0.0020922864688050747,3.4472361809045227,at10_0
8,1.0776052920996771e-06,0.9973377074694961,0.0026612149252117404,3.9396984924623117,at10_0
9,3.945900677633554e-06,0.9967933065108807,0.0032027475884415578,4.432160804020101,at10_0
10,1.3630186082121962e-05,0.996338456415022,0.0036479133988960412,4.92462311557789,at10_0
11,4.4211727436527804e-05,0.9959983476062225,0.003957440666341006,5.417085427135679,at10_0
12,0.00013391817235360352,0.9956934471233164,0.004172634704330063,5.909547738693467,at10_0
13,0.0003760068582035703,0.9951545310254228,0.004469462116373546,6.402010050251256,at10_0
14,0.0009683065712076948,0.9938425164222946,0.00518917700649776,6.894472361809045,at10_0
15,0.002253360566249812,0.990949403257983,0.006797236175767255,7.386934673366834,at10_0
16,0.004653204685601935,0.985635084703182,0.009711710611216024,7.8793969849246235,at10_0
17,0.008390584779128992,0.9775782936339582,0.014031121586912845,8.371859296482413,at10_0
18,0.013143483396988427,0.9674440849067554,0.01941243169625613,8.864321608040202,at10_0
19,0.018085796219682492,0.9565812187303876,0.025332985049929892,9.35678391959799,at10_0
20,0.02238746644693785,0.9461380674371672,0.031474466115894946,9.84924623115578,at10_0
21,0.025637766249039913,0.9365624271853987,0.03779980656556122,10.341708542713569,at10_0
22,0.027887955447971048,0.9277608037153051,0.0443512408367237,10.834170854271358,at10_0
23,0.029482449515587813,0.9194934260460566,0.051024124438355606,11.326633165829147,at10_0
24,0.030861474750098494,0.9117033364624978,0.057435188787403675,11.819095477386934,at10_0
25,0.032377369234462196,0.9047139415633519,0.06290868920218586,12.311557788944723,at10_0
26,0.034133212117315986,0.8992626035137798,0.06660418436890424,12.804020100502512,at10_0
27,0.035887533611051035,0.896309500669137,0.06780296571981204,13.296482412060302,at10_0
28,0.03710550508145577,0.8965787003275462,0.06631579459099814,13.78894472361809,at10_0
29,0.037231952429703855,0.8999188092353986,0.06284923833489753,14.28140703517588,at10_0
30,0.03612113791144304,0.9048870804181041,0.05899178167045285,14.773869346733669,at10_0
31,0.03426735673604357,0.9091812272613018,0.05655141600265468,15.266331658291458,at10_0
32,0.03247003982489184,0.9109078386522885,0.056622121522819494,15.758793969849247,at10_0
33,0.03119509678379831,0.9095729768961449,0.059231926320056805,16.251256281407034,at10_0
34,0.03029698869624909,0.9059707799324154,0.0637322313713356,16.743718592964825,at10_0
35,0.029256112707513517,0.9014573919813458,0.06928649531114069,17.236180904522612,at10_0
36,0.027579280265258813,0.8973548324089071,0.07506588732583407,17.728643216080403,at10_0
37,0.025085937366629524,0.8946315364960131,0.08028252613735742,18.22110552763819,at10_0
38,0.022021422230928844,0.8937050738857417,0.0842735038833294,18.71356783919598,at10_0
39,0.01901840642859369,0.8942872812912593,0.08669431228014689,19.20603015075377,at10_0
40,0.016934376027750785,0.8953033827303747,0.08776224124187464,19.69849246231156,at10_0
41,0.016601016678431176,0.8949471571251376,0.0884518261964312,20.190954773869347,at10_0
42,0.018540098235599902,0.8909235915567136,0.09053631020768646,20.683417085427138,at10_0
43,0.022731739574656906,0.8809021873357075,0.09636607308963564,21.175879396984925,at10_0
44,0.028556895814763263,0.863116886901272,0.10832621728396474,21.668341708542716,at10_0
45,0.03501035694838922,0.8369126390676439,0.12807700398396688,22.160804020100503,at10_0
46,0.04112545009236431,0.8030315118095553,0.15584303809808042,22.653266331658294,at10_0
47,0.04635250720131689,0.7637014553827948,0.1899460374158884,23.14572864321608,at10_0
48,0.050582354949753806,0.7229058264493992,0.22651181860084704,23.63819095477387,at10_0
49,0.05367860027880366,0.6869824060072501,0.2593389937139463,24.13065326633166,at10_0
50,0.05481738384212852,0.6643850430553435,0.280797573102528,24.623115577889447,at10_0
51,0.052593784527078004,0.6621076718083838,0.2852985436645382,25.115577889447238,at10_0
52,0.046501026551172046,0.6796592057899643,0.2738397676588637,25.608040201005025,at10_0
53,0.03804019730075412,0.708265147799642,0.253694654899604,26.100502512562816,at10_0
54,0.02962300689541919,0.737675340204974,0.23270165289960668,26.592964824120603,at10_0
55,0.022894284696612387,0.7618942710565711,0.2152114442468164,27.085427135678394,at10_0
56,0.01834587421828691,0.7794146089297501,0.20223951685196298,27.57788944723618,at10_0
57,0.015808537209449542,0.7910976414300636,0.1930938213604868,28.070351758793972,at10_0
58,0.014941030961301907,0.7984323468516088,0.18662662218708928,28.56281407035176,at10_0
59,0.015453297305509607,0.8026391997872137,0.1819075029072767,29.05527638190955,at10_0
60,0.017144724375092138,0.8043460516871209,0.17850922393778693,29.547738693467338,at10_0
61,0.019869819411761275,0.803587537300529,0.1765426432877096,30.04020100502513,at10_0
62,0.02349020376016702,0.7999928169520361,0.17651697928779697,30.532663316582916,at10_0
63,0.027830333140113916,0.793089629505259,0.17908003735462708,31.025125628140707,at10_0
64,0.03264025451558297,0.7826727446365231,0.18468700084789388,31.517587939698494,at10_0
65,0.03757494414411097,0.7691876591780462,0.1932373966778428,32.01005025125628,at10_0
66,0.04221337559747696,0.7540813362240153,0.2037052881785077,32.50251256281407,at10_0
67,0.046140994706283384,0.7400100893256363,0.21384891596808034,32.99497487437186,at10_0
68,0.04907604145907354,0.730504033019379,0.22041992552154738,33.48743718592965,at10_0
69,0.05092910522713195,0.7284216191150472,0.2206492756578209,33.97989949748744,at10_0
70,0.051691509526327305,0.7336934479698317,0.21461504250384097,34.472361809045225,at10_0
71,0.051302318470840734,0.7429372655622904,0.20576041596686875,34.96482412060302,at10_0
72,0.04972998690710508,0.751698254345278,0.1985717587476168,35.45728643216081,at10_0
73,0.047153883605201424,0.7564671899441061,0.19637892645069233,35.949748743718594,at10_0
74,0.04401452689637025,0.7550619893135035,0.20092348379012617,36.44221105527638,at10_0
75,0.040910283137353655,0.7464882989303707,0.21260141793227555,36.934673366834176,at10_0
76,0.038412706805540674,0.7310812481510555,0.23050604504340383,37.42713567839196,at10_0
77,0.03687042977830461,0.7106664876060031,0.25246308261569217,37.91959798994975,at10_0
78,0.036283240750983874,0.6882152869061737,0.27550147234284245,38.41206030150754,at10_0
79,0.03630599013473136,0.6669511966662319,0.2967428131990366,38.90452261306533,at10_0
80,0.0363643658585916,0.6494223431354356,0.3142132910059728,39.39698492462312,at10_0
81,0.03581743297769265,0.637036155979786,0.3271464110425214,39.88944723618091,at10_0
82,0.034134411583265176,0.6301009432960615,0.33576464512067344,40.381909547738694,at10_0
83,0.03108454019153428,0.6281260565646312,0.3407894032438345,40.87437185929648,at10_0
84,0.026880718474340825,0.6301632059390269,0.34295607558663227,41.366834170854275,at10_0
85,0.02214555618814291,0.6350543713446024,0.34280007246725475,41.85929648241206,at10_0
86,0.017672892390167904,0.6414571600992135,0.34086994751061855,42.35175879396985,at10_0
87,0.014169902288777968,0.6476365707286317,0.3381935269825903,42.84422110552764,at10_0
88,0.012138981206157685,0.6513241509681768,0.33653686782566555,43.33668341708543,at10_0
89,0.011818867948906232,0.6501767478608036,0.33800438419029033,43.82914572864322,at10_0
90,0.013058381087695827,0.6430683620028291,0.343873256909475,44.321608040201006,at10_0
91,0.015243989096328426,0.6313451960931437,0.35341081481052794,44.814070351758794,at10_0
92,0.0175292498395867,0.6184246335179563,0.3640461166424571,45.30653266331659,at10_0
93,0.019278313713609427,0.6076698384378771,0.3730518478485135,45.798994974874375,at10_0
94,0.02032806393990339,0.6005845756900278,0.37908736037006885,46.29145728643216,at10_0
95,0.020907517241817723,0.5967297539967342,0.38236272876144806,46.78391959798995,at10_0
96,0.02137835523705985,0.5948803449971611,0.38374129976577886,47.27638190954774,at10_0
97,0.021982331841787713,0.5943779457441511,0.38363972241406114,47.76884422110553,at10_0
98,0.022695758170785396,0.5959192068766508,0.3813850349525638,48.26130653266332,at10_0
99,0.023246552500247087,0.6013524648107043,0.3754009826890487,48.753768844221106,at10_0
100,0.023287292624913268,0.6125799669404102,0.36413274043467647,49.246231155778894,at10_0
101,0.022628004272893996,0.6302599489798891,0.34711204674721696,49.73869346733669,at10_0
102,0.021396857046240798,0.6531113655223449,0.3254917774314142,50.231155778894475,at10_0
103,0.020045876657306696,0.6781706305069017,0.3017834928357915,50.72361809045226,at10_0
104,0.019204773522139215,0.7017953912526834,0.27899983522517735,51.21608040201005,at10_0
105,0.01946641358016039,0.720870682402463,0.2596629040173765,51.708542713567844,at10_0
106,0.021231145632652305,0.7336178291869877,0.2451510251803601,52.20100502512563,at10_0
107,0.02470588265421361,0.739667737256571,0.2356263800892155,52.69346733668342,at10_0
108,0.030050742846260924,0.7395253130654764,0.23042394408826278,53.185929648241206,at10_0
109,0.03756075163709921,0.7339070440429641,0.2285322043199367,53.678391959799,at10_0
110,0.04774147290775607,0.7234162556538031,0.22884227143844088,54.17085427135679,at10_0
111,0.061220615916293616,0.7086301091929778,0.2301492748907287,54.663316582914575,at10_0
112,0.07858031891127558,0.6902439533795346,0.23117572770918984,55.15577889447236,at10_0
113,0.10022717469631706,0.6689803571376444,0.23079246816603857,55.64824120603015,at10_0
114,0.12626147691256323,0.6454965719803398,0.22824195110709702,56.140703517587944,at10_0
115,0.156195458718237,0.6207194636590387,0.2230850776227243,56.63316582914573,at10_0
116,0.18852073120002516,0.5965731121001824,0.21490615669979243,57.12562814070352,at10_0
117,0.2204595558572245,0.5764268037137034,0.2031136404290721,57.618090452261306,at10_0
118,0.2484928526782237,0.564296495039851,0.18721065228192516,58.1105527638191,at10_0
119,0.2698849023802018,0.5626047740723592,0.167510323547439,58.60301507537689,at10_0
120,0.28417261029222346,0.5702565377804015,0.14557085192737493,59.095477386934675,at10_0
121,0.29310870680276935,0.5831996850090791,0.12369160818815143,59.58793969849246,at10_0
122,0.2992373199361373,0.5968192742463588,0.10394340581750389,60.08040201005026,at10_0
123,0.304650692941458,0.6077042171600181,0.08764508989852399,60.572864321608044,at10_0
124,0.31064572244760846,0.6139282510154048,0.07542602653698674,61.06532663316583,at10_0
125,0.3178805639644013,0.6146611755993974,0.06745826043620141,61.55778894472362,at10_0
126,0.32652899704061183,0.609908752470104,0.06356225048928424,62.05025125628141,at10_0
127,0.3362694679101245,0.6005659184535967,0.06316461363627886,62.5427135678392,at10_0
128,0.3462023259484372,0.5885541457143355,0.06524352833722721,63.03517587939699,at10_0
129,0.3549241143595983,0.5766316859579166,0.06844419968248529,63.527638190954775,at10_0
130,0.3610129280249184,0.5675095935170628,0.07147747845801884,64.02010050251256,at10_0
131,0.36395587524433004,0.5623591119159916,0.07368501283967822,64.51256281407035,at10_0
132,0.3649295348186345,0.5597339169748943,0.07533654820647119,65.00502512562814,at10_0
133,0.3662306642561738,0.5565816016155267,0.07718773412829935,65.49748743718594,at10_0
134,0.36894739188190184,0.5515479586860094,0.07950464943208868,65.98994974874373,at10_0
135,0.3709838820370451,0.5474178831964582,0.08159823476649682,66.48241206030151,at10_0
136,0.36809010660054764,0.5495060611326918,0.08240383226676053,66.9748743718593,at10_0
137,0.35699330244297683,0.5617289179579508,0.08127777959907233,67.46733668341709,at10_0
138,0.33745546025890744,0.5843602043591549,0.07818433538193763,67.95979899497488,at10_0
139,0.3120569245997926,0.6145012472186075,0.07344182818159978,68.45226130653266,at10_0
140,0.2847696933215957,0.6477364384054539,0.06749386827295029,68.94472361809045,at10_0
141,0.2595759989659359,0.6795771807405553,0.06084682029350866,69.43718592964825,at10_0
142,0.2396045841801555,0.7063178604042147,0.054077555415629704,69.92964824120604,at10_0
143,0.2266803931091973,0.7255320964384865,0.04778751045231628,70.42211055276383,at10_0
144,0.22112807544840649,0.7364342840912065,0.04243764046038708,70.91457286432161,at10_0
145,0.2219537219746282,0.7399269404539588,0.03811933757141306,71.4070351758794,at10_0
146,0.22762727795336474,0.7379137412216752,0.03445898082496019,71.89949748743719,at10_0
147,0.23719101825812744,0.7319915884522097,0.030817393289662907,72.39195979899498,at10_0
148,0.25087832524013276,0.7224522217219361,0.02666945303793099,72.88442211055276,at10_0
149,0.2697042151469423,0.708416085042836,0.021879699810221594,73.37688442211055,at10_0
150,0.29423262917966436,0.6890350444707322,0.016732326349603387,73.86934673366835,at10_0
151,0.32317784318147136,0.6650543360897194,0.011767820728809327,74.36180904522614,at10_0
152,0.3527121327554819,0.6397534291334906,0.00753443811102752,74.85427135678393,at10_0
153,0.3772880595537922,0.6183469389363575,0.004365001509850332,75.34673366834171,at10_0
154,0.3918972758505145,0.6058178518272415,0.0022848723222440477,75.8391959798995,at10_0
155,0.39437737899586717,0.6045391254944567,0.0010834955096762685,76.33165829145729,at10_0
156,0.3861914199236374,0.6133406573679926,0.00046792270837002817,76.82412060301507,at10_0
157,0.3713865471272257,0.6284282554587389,0.00018519741403536335,77.31658291457286,at10_0
158,0.3546852826721611,0.6452471333796902,6.758394814881606e-05,77.80904522613066,at10_0
159,0.3398229910666709,0.6601541508196891,2.285811363992342e-05,78.30150753768845,at10_0
160,0.3287011110542767,0.6712916953379893,7.193607734134871e-06,78.79396984924624,at10_0
161,0.3213806808103107,0.6786172071243937,2.1120652957615407e-06,79.28643216080403,at10_0
162,0.3166620462087987,0.6833373746222735,5.791689279158643e-07,79.77889447236181,at10_0
163,0.3129404284178524,0.6870594233768798,1.4820526786169584e-07,80.2713567839196,at10_0
164,0.3090848360972718,0.6909151286456888,3.52570393830565e-08,80.76381909547739,at10_0
165,0.30515488232811055,0.6948451099386144,7.733275194880517e-09,81.25628140703517,at10_0
166,0.30271798281503787,0.6972820156444175,1.5405446509859335e-09,81.74874371859296,at10_0
167,0.3042543071035214,0.6957456926243616,2.7211712431405003e-10,82.24120603015076,at10_0
168,0.31102900164927877,0.6889709983094254,4.129580247770943e-11,82.73366834170855,at10_0
169,0.3204430928891308,0.6795569071056392,5.229916256049353e-12,83.22613065326634,at10_0
170,0.32684711223046664,0.6731528877689862,5.472008627669058e-13,83.71859296482413,at10_0
171,0.32655893678016495,0.6734410632197869,4.806138294881072e-14,84.21105527638191,at10_0
172,0.32037440035523157,0.6796255996447647,3.653331361812276e-15,84.7035175879397,at10_0
173,0.3111563845416422,0.6888436154583576,2.473529011982621e-16,85.19597989949749,at10_0
174,0.3011148618790193,0.6988851381209807,1.5207603995437176e-17,85.68844221105527,at10_0
175,0.2911463267217822,0.7088536732782178,8.571449786890919e-19,86.18090452261308,at10_0
176,0.2815006068014535,0.7184993931985464,4.4359529018286027e-20,86.67336683417086,at10_0
177,0.27283268876385536,0.7271673112361445,2.0983107689818537e-21,87.16582914572865,at10_0
178,0.26700228676727,0.73299771323273,8.993816687678758e-23,87.65829145728644,at10_0
179,0.2669891860507818,0.7330108139492181,3.460868995815171e-24,88.15075376884423,at10_0
180,0.27571916640147043,0.7242808335985297,1.1891710246825014e-25,88.64321608040201,at10_0
181,0.29478825728581964,0.7052117427141804,3.653295791888574e-27,89.1356783919598,at10_0
182,0.32447298370419686,0.6755270162958033,1.0102629106253757e-28,89.62814070351759,at10_0
183,0.3648652026402282,0.6351347973597719,2.534270835671491e-30,90.12060301507537,at10_0
184,0.41666570822185495,0.5833342917781451,5.792430035834087e-32,90.61306532663318,at10_0
185,0.48079905083569846,0.5192009491643016,1.2051826987299546e-33,91.10552763819096,at10_0
186,0.5571390358083979,0.4428609641916021,2.268546508268132e-35,91.59798994974875,at10_0
187,0.6430277296453647,0.3569722703546352,3.824393959272181e-37,92.09045226130654,at10_0
188,0.7322978005457955,0.26770219945420454,5.7070795197349934e-39,92.58291457286433,at10_0
189,0.8158436889349059,0.18415631106509403,7.467799731055064e-41,93.07537688442211,at10_0
190,0.8847013041456362,0.11529869585436381,8.548568518905468e-43,93.5678391959799,at10_0
191,0.9342057545775128,0.06579424542248717,8.625420336725414e-45,94.06030150753769,at10_0
192,0.9654778277767113,0.0345221722232887,7.785910279969817e-47,94.55276381909547,at10_0
193,0.9831635938416697,0.016836406158330316,6.391365591369557e-49,95.04522613065328,at10_0
194,0.9923034959731312,0.007696504026868832,4.8346212880484055e-51,95.53768844221106,at10_0
195,0.9966865879754234,0.0033134120245765946,3.399068615684112e-53,96.03015075376885,at10_0
196,0.9986538007211732,0.0013461992788268214,2.2327622093437667e-55,96.52261306532664,at10_0
197,0.9994830882391625,0.0005169117608375465,1.3755223679861162e-57,97.01507537688443,at10_0
198,0.9998119743588464,0.00018802564115353811,7.980778174301944e-60,97.50753768844221,at10_0
199,0.9999349514043319,6.504859566810404e-05,4.384285124238066e-62,98.0,at10_0
0,0.06983380909138853,5.99302499654789e-10,0.930166190309309,0.0,at5_2
1,0.048519223571361916,2.8106077904105876e-09,0.9514807736180303,0.47738693467336685,at5_2
2,0.032776352015343437,1.2816016591197328e-08,0.96722363516864,0.9547738693467337,at5_2
3,0.021497303979115097,5.6739102350330334e-08,0.9785026392817826,1.4321608040201006,at5_2
4,0.013650323656835729,2.431908435747261e-07,0.9863494331523206,1.9095477386934674,at5_2
5,0.008349998528881367,1.0041410270723151e-06,0.9916489973300915,2.3869346733668344,at5_2
6,0.0048814374042501114,3.962280768818489e-06,0.995114600314981,2.864321608040201,at5_2
7,0.002694354192266662,1.4757627662809388e-05,0.9972908881800705,3.341708542713568,at5_2
8,0.0013816575429134808,5.094185499406309e-05,0.9985674006020924,3.819095477386935,at5_2
9,0.0006536982692098752,0.00015899769215564207,0.9991873040386344,4.296482412060302,at5_2
10,0.00031686661425195736,0.00043622501678269664,0.9992469083689653,4.773869346733669,at5_2
11,0.0002628963082314043,0.0010279462558778734,0.9987091574358908,5.251256281407035,at5_2
12,0.00046659783419206305,0.0020644197112537513,0.9974689824545542,5.728643216080402,at5_2
13,0.000978198629347541,0.0035688287297489293,0.9954529726409035,6.206030150753769,at5_2
14,0.001900549139765496,0.00541304620729061,0.9926864046529439,6.683417085427136,at5_2
15,0.003351616846328572,0.007329736134370781,0.9893186470193007,7.160804020100502,at5_2
16,0.005408664450553952,0.008951487288633935,0.9856398482608121,7.63819095477387,at5_2
17,0.008033029577546128,0.009888855759252368,0.9820781146632014,8.115577889447236,at5_2
18,0.011002988377913631,0.009865883272944168,0.9791311283491422,8.592964824120603,at5_2
19,0.013916374361624068,0.008868117213520812,0.9772155084248552,9.07035175879397,at5_2
20,0.016310446979548095,0.007191799174297921,0.9764977538461539,9.547738693467338,at5_2
21,0.017855946174729506,0.005320706150279728,0.9768233476749907,10.025125628140703,at5_2
22,0.018499380997868367,0.0037042687215292458,0.9777963502806024,10.50251256281407,at5_2
23,0.01846693282631379,0.002597143885199489,0.9789359232884867,10.979899497487438,at5_2
24,0.01815891720597585,0.0020389536190236783,0.9798021291750004,11.457286432160805,at5_2
25,0.018018434750620475,0.0019274102248569265,0.9800541550245225,11.934673366834172,at5_2
26,0.018431458063785017,0.002104524272246399,0.9794640176639685,12.412060301507537,at5_2
27,0.019676583109312282,0.002414369235697079,0.9779090476549905,12.889447236180905,at5_2
28,0.021921555051212176,0.0027298585340959354,0.9753485864146918,13.366834170854272,at5_2
29,0.025249708411952967,0.002960223257835313,0.9717900683302118,13.84422110552764,at5_2
30,0.029686384628249102,0.003050857166106623,0.9672627582056442,14.321608040201005,at5_2
31,0.03518739715451358,0.0029851611244882557,0.9618274417209982,14.798994974874372,at5_2
32,0.04155680381695365,0.0027970433022567035,0.9556461528807896,15.27638190954774,at5_2
33,0.048309169423714805,0.00259595299357841,0.9490948775827067,15.753768844221106,at5_2
34,0.05462914757549718,0.0025790449186917485,0.942791807505811,16.231155778894472,at5_2
35,0.05969640378293872,0.00296932987188957,0.9373342663451717,16.70854271356784,at5_2
36,0.06331113132319836,0.0038671180014825707,0.932821750675319,17.185929648241206,at5_2
37,0.06613582701343354,0.005149514405426916,0.9287146585811394,17.66331658291457,at5_2
38,0.0692262380281226,0.006534675753421582,0.9242390862184559,18.14070351758794,at5_2
39,0.07347098037190208,0.0077237285285611705,0.9188052910995368,18.618090452261306,at5_2
40,0.07941079004842512,0.00850387167823242,0.9120853382733425,19.095477386934675,at5_2
41,0.08727263129299097,0.008804929264598133,0.9039224394424109,19.57286432160804,at5_2
42,0.09698433358239734,0.008724170093138408,0.8942914963244643,20.050251256281406,at5_2
43,0.10817140124591884,0.008501047889031083,0.88332755086505,20.527638190954775,at5_2
44,0.12025918993959224,0.00842770951576263,0.8713131005446451,21.00502512562814,at5_2
45,0.1327308055334429,0.008727949666661839,0.8585412447998952,21.48241206030151,at5_2
46,0.14544646831803532,0.009470241699532764,0.8450832899824319,21.959798994974875,at5_2
47,0.15888800885546747,0.01055639964771408,0.8305555914968185,22.43718592964824,at5_2
48,0.17428070678454916,0.011772037113508488,0.8139472561019423,22.91457286432161,at5_2
49,0.1936127797041649,0.01285655552333948,0.7935306647724956,23.391959798994975,at5_2
50,0.21947560829863316,0.013568687534631486,0.7669557041667353,23.869346733668344,at5_2
51,0.2544216034906697,0.013760724159862422,0.7318176723494678,24.34673366834171,at5_2
52,0.2995616515959737,0.013478355825555937,0.6869599925784703,24.824120603015075,at5_2
53,0.35299752311380267,0.013030270724239014,0.6339722061619584,25.301507537688444,at5_2
54,0.4097805427757597,0.012903399668547899,0.5773160575556923,25.77889447236181,at5_2
55,0.4640058473661642,0.013527849259727498,0.5224663033741084,26.256281407035175,at5_2
56,0.5110201814562455,0.015099407068156318,0.4738804114755982,26.733668341708544,at5_2
57,0.5478440476900897,0.01759641329555815,0.434559539014352,27.21105527638191,at5_2
58,0.5722452943900319,0.020918617691259966,0.4068360879187082,27.68844221105528,at5_2
59,0.5817407713543885,0.02504418336470278,0.3932150452809088,28.165829145728644,at5_2
60,0.5732441762858503,0.030190283674560312,0.3965655400395895,28.64321608040201,at5_2
61,0.5437297531533534,0.03701791833551406,0.4192523285111325,29.12060301507538,at5_2
62,0.49221503854920506,0.04689156796990723,0.46089339348088776,29.597989949748744,at5_2
63,0.42263456197868876,0.062066259122355145,0.515299178898956,30.075376884422113,at5_2
64,0.34534715019485457,0.08549735937961513,0.5691554904255303,30.55276381909548,at5_2
65,0.27426911554622746,0.12005921489269036,0.6056716695610821,31.030150753768844,at5_2
66,0.22019909189530168,0.16748877744766716,0.6123121306570312,31.507537688442213,at5_2
67,0.18564968917886862,0.2277280207019174,0.586622290119214,31.984924623115578,at5_2
68,0.165260900962157,0.2989433546581814,0.5357957443796616,32.462311557788944,at5_2
69,0.1505211448779418,0.3779437742363376,0.47153508088572066,32.93969849246231,at5_2
70,0.1348681029620863,0.4606867641428224,0.40444513289509126,33.41708542713568,at5_2
71,0.11612002037701576,0.542844890258262,0.3410350893647222,33.89447236180904,at5_2
72,0.09563752885066762,0.6204978681107095,0.2838646030386229,34.37185929648241,at5_2
73,0.07594431071720026,0.6907804997273539,0.2332751895554457,34.84924623115578,at5_2
74,0.058913508577596294,0.7521646703188012,0.18892182110360245,35.32663316582914,at5_2
75,0.04525337827260402,0.8042797346217688,0.1504668871056272,35.80402010050251,at5_2
76,0.03481657935849961,0.847492124460387,0.11769129618111339,36.28140703517588,at5_2
77,0.027068075603573903,0.8825340882146375,0.09039783618178854,36.75879396984925,at5_2
78,0.021387125126205244,0.9103143737998223,0.06829850107397256,37.23618090452261,at5_2
79,0.01719326232093397,0.9318530944339684,0.05095364324509776,37.71356783919598,at5_2
80,0.013999886743420576,0.9482153283816922,0.03778478487488726,38.19095477386935,at5_2
81,0.011455573352193991,0.9603976471674366,0.02814677948036946,38.66834170854271,at5_2
82,0.009363357712046334,0.9692148424550893,0.021421799832864515,39.14572864321608,at5_2
83,0.007663661820106386,0.9752238038617361,0.017112534318157513,39.62311557788945,at5_2
84,0.0063984216094217635,0.9786539231084564,0.014947655282121873,40.10050251256281,at5_2
85,0.0056825743770092625,0.9792717583195188,0.0150456673034718,40.57788944723618,at5_2
86,0.005689217421098334,0.9760957019476671,0.018215080631234466,41.05527638190955,at5_2
87,0.006625820658480022,0.9668889749890162,0.026485204352503722,41.53266331658291,at5_2
88,0.008647894727721666,0.9475083181668397,0.04384378710543866,42.01005025125628,at5_2
89,0.011645281838549718,0.9117748895541709,0.07657982860727941,42.48743718592965,at5_2
90,0.014955422604273027,0.8536074557194295,0.1314371216762975,42.96482412060302,at5_2
91,0.01741597772042525,0.7725322915398433,0.2100517307397315,43.44221105527638,at5_2
92,0.018204049467571575,0.6777469428469568,0.30404900768547155,43.91959798994975,at5_2
93,0.017720360359883617,0.582826704634687,0.3994529350054293,44.39698492462312,at5_2
94,0.017215234389196553,0.49600653362654934,0.4867782319842541,44.87437185929648,at5_2
95,0.01766377551457304,0.41800941388335594,0.5643268106020711,45.35175879396985,at5_2
96,0.019196736716829445,0.34663063811293165,0.6341726251702389,45.82914572864322,at5_2
97,0.02131319157567773,0.2809250082422893,0.6977618001820329,46.30653266331658,at5_2
98,0.0234993784691148,0.22223057578275943,0.7542700457481257,46.78391959798995,at5_2
99,0.025817570387397407,0.17272320160069365,0.8014592280119089,47.26130653266332,at5_2
100,0.029001037508298085,0.1333449989111643,0.8376539635805376,47.73869346733669,at5_2
101,0.03388000290054195,0.10294901635787376,0.8631709807415843,48.21608040201005,at5_2
102,0.040579227401023966,0.07916682805825485,0.8802539445407211,48.69346733668342,at5_2
103,0.0482272895847661,0.059891651276558815,0.8918810591386751,49.17085427135679,at5_2
104,0.05543851887598963,0.04402317133155016,0.9005383097924602,49.64824120603015,at5_2
105,0.06107327334125588,0.031219365723444966,0.9077073609352991,50.12562814070352,at5_2
106,0.06465616873122287,0.021325554211404703,0.9140182770573725,50.60301507537689,at5_2
107,0.06632563789114126,0.014054244115733921,0.9196201179931248,51.08040201005025,at5_2
108,0.06656903618989506,0.008973673238662896,0.9244572905714421,51.55778894472362,at5_2
109,0.06598810495607388,0.00562472491896047,0.9283871701249657,52.03517587939699,at5_2
110,0.06518336393632755,0.0036316272928779343,0.9311850087707945,52.51256281407035,at5_2
111,0.0647354350457975,0.002762689331535456,0.9325018756226671,52.98994974874372,at5_2
112,0.06519642041486333,0.002926337927723173,0.9318772416574135,53.46733668341709,at5_2
113,0.06695823220092971,0.004072682976640897,0.9289690848224293,53.94472361809046,at5_2
114,0.06993344659027532,0.005995399682112643,0.9240711537276121,54.42211055276382,at5_2
115,0.07329486587925356,0.00816775691368888,0.9185373772070576,54.89949748743719,at5_2
116,0.07573951896409797,0.009846524288274422,0.9144139567476276,55.37688442211056,at5_2
117,0.07624915858675649,0.010440622823825269,0.9133102185894182,55.85427135678392,at5_2
118,0.0746528307958342,0.009808849300815879,0.9155383199033499,56.33165829145729,at5_2
119,0.07156001517870993,0.008248436461476608,0.9201915483598134,56.80904522613066,at5_2
120,0.06792624866965073,0.006264186987566049,0.9258095643427833,57.28643216080402,at5_2
121,0.06467403343922598,0.0043236486501890695,0.931002317910585,57.76381909547739,at5_2
122,0.062527871650035,0.00272080542010278,0.9347513229298622,58.24120603015076,at5_2
123,0.061976380161611846,0.0015602667886319313,0.9364633530497563,58.718592964824126,at5_2
124,0.06320740765820483,0.0008119998737633814,0.9359805924680319,59.19597989949749,at5_2
125,0.06595884687785672,0.0003808746636705268,0.9336602784584728,59.67336683417086,at5_2
126,0.06941693174052957,0.0001598390271886747,0.9304232292322818,60.150753768844226,at5_2
127,0.07240503519264843,5.973432797030738e-05,0.9275352304793811,60.62814070351759,at5_2
128,0.07390493232530526,1.98904449799964e-05,0.9260751772297149,61.10552763819096,at5_2
129,0.07354731090617056,5.938020522120013e-06,0.9264467510733072,61.582914572864325,at5_2
130,0.07166319895898328,1.6054301292347294e-06,0.9283351956108875,62.06030150753769,at5_2
131,0.0689305974471293,3.975765961646491e-07,0.9310690049762745,62.537688442211056,at5_2
132,0.06597208503208028,9.114914856565579e-08,0.9340278238187711,63.015075376884425,at5_2
133,0.06315152233421402,1.9521338776361533e-08,0.9368484581444472,63.49246231155779,at5_2
134,0.06057839161894798,3.935006244457978e-09,0.9394216044460457,63.969849246231156,at5_2
135,0.05821531881328937,7.591855290987288e-10,0.9417846804275252,64.44723618090453,at5_2
136,0.0559925313721339,2.103064580562446e-10,0.9440074684175596,64.92462311557789,at5_2
137,0.053882461034303976,6.085647425850667e-10,0.9461175383571312,65.40201005025126,at5_2
138,0.051938406444606976,4.39462601698802e-09,0.948061589160767,65.87939698492463,at5_2
139,0.050356493105742015,3.138548579241274e-08,0.9496434755087722,66.35678391959799,at5_2
140,0.04971725951607814,2.1226100205163087e-07,0.9502825282229198,66.83417085427136,at5_2
141,0.051742738142721706,1.3344324689083341e-06,0.9482559274248094,67.31155778894473,at5_2
142,0.06086332812163241,7.497787599790951e-06,0.9391291740907678,67.78894472361809,at5_2
143,0.08472242801235624,3.515167503311208e-05,0.9152424203126106,68.26633165829146,at5_2
144,0.1272012898365502,0.00012778052041217128,0.8726709296430375,68.74371859296483,at5_2
145,0.1790500898852475,0.00035495552573225423,0.8205949545890202,69.22110552763819,at5_2
146,0.22716241719087818,0.0007973619618654904,0.7720402208472563,69.69849246231156,at5_2
147,0.26620562908926004,0.0015492565559672563,0.7322451143547727,70.17587939698493,at5_2
148,0.2955551052418243,0.0027127281999466332,0.701732166558229,70.65326633165829,at5_2
149,0.31500702999070623,0.004358781557005364,0.6806341884522884,71.13065326633166,at5_2
150,0.324318628518111,0.006466977378447049,0.669214394103442,71.60804020100502,at5_2
151,0.32404471896832643,0.00887092862741227,0.6670843524042612,72.08542713567839,at5_2
152,0.31611368378642796,0.011248146159397517,0.6726381700541746,72.56281407035176,at5_2
153,0.30376731534393187,0.013186552893710601,0.6830461317623575,73.04020100502512,at5_2
154,0.2909607032083287,0.014321874925245724,0.6947174218664257,73.5175879396985,at5_2
155,0.2815236441546152,0.014490033953805267,0.7039863218915795,73.99497487437186,at5_2
156,0.2783952295562806,0.013819771540373676,0.7077849989033458,74.47236180904522,at5_2
157,0.2830950010304405,0.012720019550072374,0.7041849794194871,74.9497487437186,at5_2
158,0.2954322580793041,0.011764527472402827,0.6928032144482931,75.42713567839196,at5_2
159,0.31339902926263685,0.011504786195054049,0.6750961845423091,75.90452261306532,at5_2
160,0.33327733967384404,0.012247475724189614,0.6544751846019664,76.3819095477387,at5_2
161,0.3502078946690345,0.013852209728485488,0.63593989560248,76.85929648241206,at5_2
162,0.3595924489784266,0.01567330788123907,0.6247342431403343,77.33668341708542,at5_2
163,0.3591490120557933,0.016802378719494842,0.6240486092247117,77.8140703517588,at5_2
164,0.35020904646720447,0.016567248953949426,0.6332237045788461,78.29145728643216,at5_2
165,0.33677352434839236,0.014905976333212292,0.6483204993183953,78.76884422110552,at5_2
166,0.32298784750299697,0.012295038858453684,0.6647171136385494,79.2462311557789,at5_2
167,0.31120839630263436,0.00938242781920136,0.6794091758781643,79.72361809045226,at5_2
168,0.30168135958344855,0.006680925011199551,0.6916377154053518,80.20100502512562,at5_2
169,0.2932487057083977,0.004465462194685271,0.702285832096917,80.678391959799,at5_2
170,0.28424668876318765,0.0028095703645956366,0.7129437408722167,81.15577889447236,at5_2
171,0.27324836723762447,0.0016637989129100212,0.7250878338494654,81.63316582914572,at5_2
172,0.25968046612155377,0.0009244074115685858,0.7393951264668777,82.1105527638191,at5_2
173,0.24445530808805918,0.000478492966080247,0.7550661989458606,82.58793969849246,at5_2
174,0.23062943266620295,0.00022784003069848305,0.7691427273030986,83.06532663316582,at5_2
175,0.22358635238686397,9.772918837719317e-05,0.7763159184247588,83.5427135678392,at5_2
176,0.22929026091094404,3.6632721089626084e-05,0.7706731063679665,84.02010050251256,at5_2
177,0.24949442257294022,1.1599874381154275e-05,0.7504939775526787,84.49748743718594,at5_2
178,0.2780029877779292,3.0367468419639083e-06,0.7219939754752288,84.9748743718593,at5_2
179,0.305368501093968,6.600274257448219e-07,0.6946308388786063,85.45226130653266,at5_2
180,0.3269335163512675,1.2203980675640938e-07,0.6730663616089257,85.92964824120604,at5_2
181,0.3429513776995946,1.9722460227909038e-08,0.6570486025779452,86.4070351758794,at5_2
182,0.35382122956998974,2.83805779478276e-09,0.6461787675919524,86.88442211055276,at5_2
183,0.3579159876846969,3.6702839981232175e-10,0.6420840119482747,87.36180904522614,at5_2
184,0.35281802464682693,4.279622395548755e-11,0.6471819753103769,87.8391959798995,at5_2
185,0.3376059477661083,4.502458393646926e-12,0.6623940522293892,88.31658291457286,at5_2
186,0.31415231259006304,4.276577699272286e-13,0.6858476874095093,88.79396984924624,at5_2
187,0.28657420292685787,3.674140718764921e-14,0.7134257970731054,89.2713567839196,at5_2
188,0.2593699823171424,2.8656194135395537e-15,0.7406300176828547,89.74874371859296,at5_2
189,0.23563658657439068,2.0398942158165746e-16,0.7643634134256092,90.22613065326634,at5_2
190,0.21644745259167222,1.3338272825918812e-17,0.7835525474083278,90.7035175879397,at5_2
191,0.20140652060833236,8.062352361172333e-19,0.7985934793916676,91.18090452261306,at5_2
192,0.1896451828520897,4.527880906466196e-20,0.8103548171479102,91.65829145728644,at5_2
193,0.18057772508154327,2.368789450862529e-21,0.8194222749184567,92.1356783919598,at5_2
194,0.17417878295374756,1.1538573428617801e-22,0.8258212170462523,92.61306532663316,at5_2
195,0.17085435071927202,5.217409371110243e-24,0.829145649280728,93.09045226130654,at5_2
196,0.171047085396073,2.1819508516658744e-25,0.8289529146039271,93.5678391959799,at5_2
197,0.17476742443359553,8.428375599347868e-27,0.8252325755664046,94.04522613065326,at5_2
198,0.1813482126937944,3.0176591923733696e-28,0.8186517873062056,94.52261306532664,at5_2
199,0.1896276943950071,1.0102083409393664e-29,0.8103723056049928,95.0,at5_2
0,0.026511273746141387,0.0030505084713121832,0.9704382177825465,0.0,at9_4
1,0.025034161101218474,0.0032679553394426106,0.971697883559339,0.4221105527638191,at9_4
2,0.023058484677093448,0.003371402002245173,0.9735701133206613,0.8442211055276382,at9_4
3,0.02081758669820916,0.0033558369300929355,0.975826576371698,1.2663316582914572,at9_4
4,0.018506984098715304,0.0032256728907919478,0.9782673430104928,1.6884422110552764,at9_4
5,0.01628622930526859,0.0029956068097765,0.9807181638849549,2.1105527638190953,at9_4
6,0.01428681683885315,0.002691241092185113,0.9830219420689618,2.5326633165829144,at9_4
7,0.012620853391721682,0.002348531286347471,0.9850306153219309,2.9547738693467336,at9_4
8,0.011388908242715552,0.002011780286715738,0.9865993114705688,3.3768844221105527,at9_4
9,0.010685761088141964,0.0017306399531340363,0.987583598958724,3.798994974874372,at9_4
10,0.010599850422124598,0.001556620384488136,0.9878435291933872,4.221105527638191,at9_4
11,0.01119809912634387,0.0015384662957165245,0.9872634345779395,4.64321608040201,at9_4
12,0.012487838788343138,0.0017141503911919309,0.9857980108204649,5.065326633165829,at9_4
13,0.014360553372033829,0.0020975965793477076,0.9835418500486184,5.4874371859296485,at9_4
14,0.01655107060645482,0.002663354015602237,0.9807855753779429,5.909547738693467,at9_4
15,0.018667051837701794,0.0033402344221065286,0.9779927137401917,6.331658291457287,at9_4
16,0.020311537496039353,0.004024915018931421,0.9756635474850291,6.7537688442211055,at9_4
17,0.021240389518063327,0.004611879977762391,0.9741477305041744,7.175879396984924,at9_4
18,0.02145889289901305,0.00502119288569387,0.9735199142152932,7.597989949748744,at9_4
19,0.021219579937826905,0.0052098151703598656,0.9735706048918131,8.020100502512562,at9_4
20,0.020956774964467965,0.005168887077740453,0.9738743379577915,8.442211055276381,at9_4
21,0.02120216402420482,0.004918368047978217,0.9738794679278169,8.864321608040202,at9_4
22,0.022494744206516742,0.004506564235416792,0.9729986915580665,9.28643216080402,at9_4
23,0.0252909254426227,0.004012970089702838,0.9706961044676745,9.708542713567839,at9_4
24,0.029912818422824918,0.0035466968266362584,0.9665404847505389,10.130653266331658,at9_4
25,0.03659154592570846,0.003236094309491877,0.9601723597647996,10.552763819095476,at9_4
26,0.04560144470011942,0.0032166909605850463,0.9511818643392956,10.974874371859297,at9_4
27,0.0573802808351642,0.003629438402130169,0.9389902807627056,11.396984924623116,at9_4
28,0.07251332733631059,0.00462982542388299,0.9228568472398064,11.819095477386934,at9_4
29,0.09154949584718411,0.006394070937910742,0.9020564332149053,12.241206030150753,at9_4
30,0.1147333328712055,0.009108935956626915,0.8761577311721676,12.663316582914574,at9_4
31,0.14181687484574043,0.012947682834956394,0.8452354423193033,13.085427135678392,at9_4
32,0.17210743698157377,0.018052500588321932,0.8098400624301044,13.507537688442211,at9_4
33,0.2047618641897189,0.024543365311222948,0.7706947704990581,13.92964824120603,at9_4
34,0.2391429620185828,0.0325476952351911,0.728309342746226,14.351758793969848,at9_4
35,0.2750056099426988,0.042215317585972204,0.6827790724713291,14.773869346733669,at9_4
36,0.3124165154272207,0.05367605862743746,0.6339074259453419,15.195979899497488,at9_4
37,0.35147303864023516,0.06691755574349557,0.5816094056162693,15.618090452261306,at9_4
38,0.3919642318331761,0.08160333817683554,0.5264324299899883,16.040201005025125,at9_4
39,0.43313687225896075,0.09690991640203454,0.46995321133900464,16.462311557788944,at9_4
40,0.47370437014405214,0.11150003580470248,0.4147955940512454,16.884422110552762,at9_4
41,0.5121157251428072,0.12370063763806323,0.36418363721912944,17.30653266331658,at9_4
42,0.546916468036231,0.1318213692628429,0.3212621627009261,17.728643216080403,at9_4
43,0.5769656857973218,0.1344678254525837,0.2885664887500945,18.150753768844222,at9_4
44,0.6014299838559035,0.13077894094448045,0.2677910751996161,18.57286432160804,at9_4
45,0.6197083371421582,0.1206458261587781,0.2596458366990637,18.99497487437186,at9_4
46,0.631522380617171,0.10494998221706811,0.26352763716576094,19.417085427135678,at9_4
47,0.6372414606515044,0.08565824500460002,0.27710029434389555,19.839195979899497,at9_4
48,0.638196595516739,0.06547975905966683,0.29632364542359424,20.261306532663315,at9_4
49,0.6365881447729599,0.047049918697053245,0.3163619365299868,20.683417085427134,at9_4
50,0.6348886018955201,0.03210276955736767,0.3330086285471122,21.105527638190953,at9_4
51,0.6351036326542896,0.021174841490684906,0.34372152585502547,21.527638190954775,at9_4
52,0.6383109658242011,0.013900403950427754,0.347788630225371,21.949748743718594,at9_4
53,0.6445635249675346,0.009543424194160707,0.3458930508383048,22.371859296482413,at9_4
54,0.6529763352597862,0.007446651125881511,0.3395770136143323,22.79396984924623,at9_4
55,0.661776118468563,0.007322174156195465,0.3309017073752416,23.21608040201005,at9_4
56,0.6681286984084961,0.009476538741445144,0.32239476285005875,23.63819095477387,at9_4
57,0.6675859253248572,0.015110938722852817,0.3173031359522901,24.060301507537687,at9_4
58,0.6531590938908676,0.02677613541007686,0.3200647706990556,24.482412060301506,at9_4
59,0.6148266269117755,0.04873770203227617,0.3364356710559484,24.904522613065325,at9_4
60,0.542316350690356,0.08609926780558351,0.37158438150406053,25.326633165829147,at9_4
61,0.4348238256058369,0.14082762683605837,0.42434854755810475,25.748743718592966,at9_4
62,0.31144264849203357,0.2065236309161734,0.482033720591793,26.170854271356784,at9_4
63,0.2024323676248619,0.27057959951996924,0.5269880328551688,26.592964824120603,at9_4
64,0.12545487457631263,0.3240338342692784,0.550511291154409,27.015075376884422,at9_4
65,0.07885296234990209,0.3657312106279905,0.5554158270221075,27.43718592964824,at9_4
66,0.05282409944676645,0.39842577330044465,0.5487501272527888,27.85929648241206,at9_4
67,0.038610337729791604,0.4247707966407568,0.5366188656294516,28.281407035175878,at9_4
68,0.030766294698681973,0.4459470609454816,0.5232866443558364,28.703517587939697,at9_4
69,0.026433258702674486,0.4615624900476773,0.5120042512496483,29.12562814070352,at9_4
70,0.02428601134860733,0.46965305069380814,0.5060609379575846,29.547738693467338,at9_4
71,0.023823901206643825,0.46648482538165886,0.5096912734116974,29.969849246231156,at9_4
72,0.024939802731258204,0.4465077690134794,0.5285524282552624,30.391959798994975,at9_4
73,0.02755458145186838,0.4036281138714268,0.5688173046767049,30.814070351758794,at9_4
74,0.031179620595129874,0.33550215015710827,0.6333182292477619,31.236180904522612,at9_4
75,0.034620552349714104,0.24981110274862303,0.7155683449016629,31.65829145728643,at9_4
76,0.036398654848623854,0.16453036119061507,0.7990709839607611,32.08040201005025,at9_4
77,0.035768554440162775,0.09679854248684452,0.8674329030729927,32.50251256281407,at9_4
78,0.033105424880089385,0.052350874360724296,0.9145437007591863,32.92462311557789,at9_4
79,0.029322780857302996,0.027043043060512317,0.9436341760821847,33.346733668341706,at9_4
80,0.025244555650743336,0.013950868091679421,0.9608045762575772,33.768844221105525,at9_4
81,0.021411199353663146,0.007571614923028878,0.971017185723308,34.19095477386934,at9_4
82,0.01814016858746789,0.0045629402547354495,0.9772968911577966,34.61306532663316,at9_4
83,0.015625098011502067,0.0031614800169949154,0.981213421971503,35.03517587939699,at9_4
84,0.013994881114782979,0.002514174499433879,0.9834909443857831,35.45728643216081,at9_4
85,0.013319204505985284,0.0022351401764972145,0.9844456553175175,35.879396984924625,at9_4
86,0.013569073569777393,0.002162729205796561,0.984268197224426,36.301507537688444,at9_4
87,0.014569650848798701,0.002235025674845038,0.9831953234763563,36.72361809045226,at9_4
88,0.01600789110533555,0.0024249463914129852,0.9815671625032515,37.14572864321608,at9_4
89,0.017521294885513333,0.0027079937841277403,0.979770711330359,37.5678391959799,at9_4
90,0.018809155721910855,0.0030530046609681147,0.978137839617121,37.98994974874372,at9_4
91,0.019687972445442372,0.00342678352255897,0.9768852440319986,38.41206030150754,at9_4
92,0.02008157193504726,0.003801764053127116,0.9761166640118256,38.834170854271356,at9_4
93,0.019988148810306073,0.004160283495088366,0.9758515676946056,39.256281407035175,at9_4
94,0.019455223045695587,0.004494607600866547,0.9760501693534379,39.678391959798994,at9_4
95,0.018564083889089807,0.004804186568813149,0.976631729542097,40.10050251256281,at9_4
96,0.01741344230613322,0.005091853337223472,0.9774947043566433,40.52261306532663,at9_4
97,0.01609757378656917,0.005360264502422222,0.9785421617110086,40.94472361809045,at9_4
98,0.014684332119544698,0.005608870635640667,0.9797067972448146,41.36683417085427,at9_4
99,0.013203774727197363,0.005830314372743006,0.9809659109000597,41.78894472361809,at9_4
100,0.011657272997349649,0.006004920369088049,0.9823378066335624,42.211055276381906,at9_4
101,0.010051252760639114,0.006094938742447622,0.9838538084969133,42.63316582914573,at9_4
102,0.008446454687930012,0.00604593984620494,0.985507605465865,43.05527638190955,at9_4
103,0.006994094938508952,0.005803814442327701,0.9872020906191633,43.47738693467337,at9_4
104,0.005927629890358115,0.005343257529621845,0.98872911258002,43.89949748743719,at9_4
105,0.0055136287272154905,0.0046873962130101355,0.9897989750597743,44.321608040201006,at9_4
106,0.006000662148243981,0.003902905330022458,0.9900964325217336,44.743718592964825,at9_4
107,0.007591272973026309,0.003076784729917313,0.9893319422970565,45.165829145728644,at9_4
108,0.01042423515168995,0.002291410531351603,0.9872843543169585,45.58793969849246,at9_4
109,0.014541628040759386,0.0016080509812733423,0.9838503209779672,46.01005025125628,at9_4
110,0.01982744188969943,0.0010607038056347111,0.9791118543046657,46.4321608040201,at9_4
111,0.025924665233033457,0.0006584913471470103,0.9734168434198195,46.85427135678392,at9_4
112,0.03217081378555112,0.0003936866257850146,0.9674354995886639,47.27638190954774,at9_4
113,0.03763728331717685,0.00025206977040146046,0.9621106469124218,47.698492462311556,at9_4
114,0.04135735230741595,0.0002225922135447818,0.9584200554790393,48.120603015075375,at9_4
115,0.0426958856339048,0.0003039691403806591,0.9570001452257145,48.54271356783919,at9_4
116,0.04162628741610452,0.0005068759842933397,0.957866836599602,48.96482412060301,at9_4
117,0.03870514743677413,0.0008521091311649361,0.9604427434320609,49.38693467336683,at9_4
118,0.03480937947959653,0.0013662703412800758,0.9638243501791234,49.80904522613065,at9_4
119,0.030877206726187816,0.0020759873087573683,0.9670468059650549,50.231155778894475,at9_4
120,0.027794573640190307,0.0030001817011033527,0.9692052446587064,50.653266331658294,at9_4
121,0.026387487070565097,0.004138921454482688,0.9694735914749522,51.07537688442211,at9_4
122,0.027395590319149427,0.005457588020337795,0.9671468216605128,51.49748743718593,at9_4
123,0.03131824905468757,0.006867780211093278,0.9618139707342191,51.91959798994975,at9_4
124,0.038120646396856375,0.008214086779215658,0.9536652668239279,52.34170854271357,at9_4
125,0.04696003619433142,0.009286227401405322,0.9437537364042633,52.76381909547739,at9_4
126,0.05622953472556788,0.009873483400453326,0.9338969818739787,53.185929648241206,at9_4
127,0.0640786504616714,0.00984745190316168,0.926073897635167,53.608040201005025,at9_4
128,0.06914941183519231,0.00922315652722991,0.9216274316375778,54.030150753768844,at9_4
129,0.07103245987874283,0.008157716657662541,0.9208098234635946,54.45226130653266,at9_4
130,0.07021779441343255,0.006896885287591919,0.9228853202989755,54.87437185929648,at9_4
131,0.06772605326538092,0.005712703923199856,0.9265612428114193,55.2964824120603,at9_4
132,0.06471830829193373,0.0048646781535499365,0.9304170135545163,55.71859296482412,at9_4
133,0.06224036633940662,0.004589127160593808,0.9331705064999996,56.14070351758794,at9_4
134,0.06110026370913309,0.005100632538485378,0.9337991037523816,56.562814070351756,at9_4
135,0.06180327072274878,0.006577829977636652,0.9316188992996146,56.984924623115575,at9_4
136,0.06446611287415265,0.00910329313494119,0.9264305939909061,57.40703517587939,at9_4
137,0.06869414330766917,0.012549464697019093,0.9187563919953118,57.82914572864321,at9_4
138,0.0735326082955858,0.016470520219045187,0.9099968714853689,58.25125628140704,at9_4
139,0.07769655236134451,0.020136326064307725,0.9021671215743478,58.67336683417086,at9_4
140,0.0801244480157996,0.02278865817601337,0.897086893808187,59.095477386934675,at9_4
141,0.08052989038086682,0.02397014611306535,0.8954999635060678,59.517587939698494,at9_4
142,0.07956349558073875,0.023661908606363954,0.8967745958128973,59.93969849246231,at9_4
143,0.07860884093498437,0.02217018205162027,0.8992209770133954,60.36180904522613,at9_4
144,0.07951817758785865,0.019931875367806877,0.9005499470443346,60.78391959798995,at9_4
145,0.08441575102451407,0.017397077603522923,0.898187171371963,61.20603015075377,at9_4
146,0.09537777823041983,0.015012504668933169,0.889609717100647,61.62814070351759,at9_4
147,0.11369700534727975,0.013235536008215414,0.8730674586445047,62.050251256281406,at9_4
148,0.13879395840402003,0.012481261209144858,0.8487247803868351,62.472361809045225,at9_4
149,0.16761282065192576,0.01296291740101968,0.8194242619470545,62.89447236180904,at9_4
150,0.19556049382945986,0.014532283976706311,0.7899072221938339,63.31658291457286,at9_4
151,0.21866688961976738,0.01669467810640855,0.764638432273824,63.73869346733668,at9_4
152,0.2351845656715151,0.01881091224363416,0.7460045220848507,64.1608040201005,at9_4
153,0.24558768946442724,0.020321752200024162,0.7340905583355486,64.58291457286433,at9_4
154,0.25160180798281795,0.02087459219519056,0.7275235998219914,65.00502512562814,at9_4
155,0.2552668422233105,0.020357544209888383,0.7243756135668011,65.42713567839196,at9_4
156,0.25844220135383,0.018881310303633117,0.722676488342537,65.84924623115577,at9_4
157,0.2627144937845213,0.016726781524496803,0.7205587246909819,66.2713567839196,at9_4
158,0.26957287065699853,0.01426876044438336,0.7161583688986182,66.69346733668341,at9_4
159,0.2807400576296771,0.011897259275736281,0.7073626830945866,67.11557788944724,at9_4
160,0.2985305228574515,0.00995772673964193,0.6915117504029065,67.53768844221105,at9_4
161,0.325984601708935,0.008708971079303775,0.6653064272117613,67.95979899497488,at9_4
162,0.36629018306238914,0.00827114468891488,0.625438672248696,68.38190954773869,at9_4
163,0.4209453518353915,0.008543605793453866,0.5705110423711546,68.80402010050251,at9_4
164,0.4871144990837254,0.009148618975842149,0.5037368819404325,69.22613065326632,at9_4
165,0.5568106940998713,0.009540092498415507,0.4336492134017133,69.64824120603015,at9_4
166,0.6203861929692505,0.009298082044999127,0.37031572498575044,70.07035175879398,at9_4
167,0.6717629855296945,0.00835386713010227,0.3198831473402033,70.49246231155779,at9_4
168,0.7102434906399406,0.006935773483139276,0.28282073587692,70.91457286432161,at9_4
169,0.7384317420547407,0.005361455236495567,0.2562068027087636,71.33668341708542,at9_4
170,0.7595010067497325,0.003885216699896137,0.23661377655037139,71.75879396984925,at9_4
171,0.7757380333083314,0.0026513577453016438,0.22161060894636694,72.18090452261306,at9_4
172,0.7882695978648295,0.0017082125093480025,0.21002218962582242,72.60301507537689,at9_4
173,0.7973417386330668,0.0010402842910100301,0.20161797707592322,73.0251256281407,at9_4
174,0.802733336720979,0.0005992456780214147,0.19666741760099948,73.44723618090453,at9_4
175,0.8041285935509165,0.0003275867084441036,0.19554381974063945,73.86934673366834,at9_4
176,0.8013930386452885,0.00017406754307637236,0.1984328938116352,74.29145728643216,at9_4
177,0.7947207534343873,0.00010321733843473274,0.20517602922717795,74.71356783919597,at9_4
178,0.7845921019799633,0.00010363737040956656,0.2153042606496271,75.1356783919598,at9_4
179,0.7714623459134735,0.00020219193845234215,0.22833546214807418,75.55778894472361,at9_4
180,0.7551497440595841,0.0004935081828343581,0.24435674775758146,75.97989949748744,at9_4
181,0.7340117996526602,0.0011951919967827442,0.2647930083505572,76.40201005025125,at9_4
182,0.7041663605996292,0.0027314888819294364,0.29310215051844146,76.82412060301507,at9_4
183,0.6593137720336977,0.005810938267589192,0.33487528969871316,77.2462311557789,at9_4
184,0.5922784746632244,0.011367968722558368,0.39635355661421723,77.66834170854271,at9_4
185,0.4995508559476812,0.02013411395129175,0.48031503010102705,78.09045226130654,at9_4
186,0.38747511404945,0.03180197758031553,0.5807229083702344,78.51256281407035,at9_4
187,0.2732762197565777,0.04449680256515566,0.6822269776782666,78.93467336683418,at9_4
188,0.17600901475951136,0.0555104584223364,0.7684805268181523,79.35678391959799,at9_4
189,0.1057807683477818,0.06277012897394327,0.831449102678275,79.77889447236181,at9_4
190,0.06222508049527095,0.06553643999928173,0.8722384795054473,80.20100502512562,at9_4
191,0.04010836397129214,0.06408739572940987,0.8958042402992981,80.62311557788945,at9_4
192,0.034554926511252845,0.05917706604467477,0.9062680074440724,81.04522613065326,at9_4
193,0.04322299628585049,0.051731509430349695,0.9050454942837999,81.46733668341709,at9_4
194,0.06629669976468808,0.04275445586692741,0.8909488443683846,81.8894472361809,at9_4
195,0.10531568492017623,0.033288193204137013,0.8613961218756868,82.31155778894473,at9_4
196,0.1613673394127882,0.024324498664759397,0.8143081619224525,82.73366834170854,at9_4
197,0.2332876824266478,0.01664798604978635,0.7500643315235658,83.15577889447236,at9_4
198,0.3168751171125648,0.010684576980058536,0.6724403059073767,83.57788944723617,at9_4
199,0.4057499894144372,0.006461076414474968,0.5877889341710878,84.0,at9_4
0,0.025115421275711574,0.0036608574978458206,0.9712237212264425,0.0,at9_0
1,0.01957382413059341,0.003962440437583553,0.9764637354318231,0.48743718592964824,at9_0
2,0.015465779098386779,0.004196912141450495,0.9803373087601627,0.9748743718592965,at9_0
3,0.012698958154274098,0.004348815528085978,0.9829522263176399,1.4623115577889447,at9_0
4,0.011234735817138694,0.004403600654736281,0.984361663528125,1.949748743718593,at9_0
5,0.011112029696057643,0.004352463540579572,0.9845355067633628,2.4371859296482414,at9_0
6,0.012431101353426588,0.0042035404803019176,0.9833653581662715,2.9246231155778895,at9_0
7,0.015261470718121006,0.003998488083780864,0.9807400411980981,3.4120603015075375,at9_0
8,0.019456926696996273,0.003822940784500108,0.9767201325185036,3.899497487437186,at9_0
9,0.024464110762258077,0.003787494593233655,0.9717483946445082,4.386934673366834,at9_0
10,0.029335298781738173,0.003968651960967857,0.966696049257294,4.874371859296483,at9_0
11,0.03305172783377981,0.00434655296092405,0.9626017192052961,5.36180904522613,at9_0
12,0.03492650931910803,0.004796580332303616,0.9602769103485884,5.849246231155779,at9_0
13,0.03477425923612614,0.00514029467065771,0.9600854460932161,6.336683417085427,at9_0
14,0.03282798344877902,0.0052139600020930784,0.9619580565491279,6.824120603015075,at9_0
15,0.02957010097629004,0.0049247118012211025,0.9655051872224888,7.311557788944723,at9_0
16,0.025573646602841484,0.004284165053052282,0.9701421883441063,7.798994974874372,at9_0
17,0.021369095128791697,0.003406562816661414,0.9752243420545469,8.28643216080402,at9_0
18,0.01735930143298476,0.0024636657844816813,0.9801770327825335,8.773869346733669,at9_0
19,0.013806201335201997,0.0016163458646280572,0.98457745280017,9.261306532663317,at9_0
20,0.010865639921767527,0.0009619640899057281,0.9881723959883267,9.748743718592966,at9_0
21,0.00862055237182247,0.0005222237220978001,0.9908572239060797,10.236180904522612,at9_0
22,0.007096751468916635,0.00026623009250926013,0.9926370184385741,10.72361809045226,at9_0
23,0.006283617317149679,0.00014637318459554975,0.9935700094982547,11.21105527638191,at9_0
24,0.0061737760337457455,0.0001274812579608394,0.9936987427082934,11.698492462311558,at9_0
25,0.006805527047898897,0.00020238990718646942,0.9929920830449146,12.185929648241206,at9_0
26,0.008282065045904384,0.00039649178386704794,0.9913214431702286,12.673366834170855,at9_0
27,0.010755344520531548,0.000764269023072805,0.9884803864563957,13.160804020100503,at9_0
28,0.014381157404983387,0.0013763699416057906,0.9842424726534108,13.64824120603015,at9_0
29,0.01926647779807082,0.002294627836182477,0.9784388943657466,14.135678391959798,at9_0
30,0.025435971711177466,0.003539375944672373,0.9710246523441501,14.623115577889447,at9_0
31,0.032833772448854597,0.005064384768391504,0.9621018427827539,15.110552763819095,at9_0
32,0.041351688756782266,0.006757967863090504,0.9518903433801272,15.597989949748744,at9_0
33,0.05085837194277166,0.008477370400545518,0.9406642576566828,16.08542713567839,at9_0
34,0.061214632330347914,0.01010502183738801,0.9286803458322641,16.57286432160804,at9_0
35,0.07228882094483656,0.011602570928020053,0.9161086081271435,17.060301507537687,at9_0
36,0.08400578634839609,0.013036735890782828,0.902957477760821,17.547738693467338,at9_0
37,0.09645057473950949,0.01455861608606541,0.8889908091744251,18.035175879396984,at9_0
38,0.10999777930850402,0.016336062874467497,0.8736661578170284,18.522613065326635,at9_0
39,0.12537987642192316,0.018465089629619725,0.856155033948457,19.01005025125628,at9_0
40,0.14361098297176605,0.020903618292539724,0.8354853987356942,19.49748743718593,at9_0
41,0.16577257763156436,0.023457387001418323,0.8107700353670173,19.984924623115578,at9_0
42,0.1927595255266144,0.025812682427320325,0.7814277920460653,20.472361809045225,at9_0
43,0.22507885755245982,0.02759099182759291,0.7473301506199472,20.959798994974875,at9_0
44,0.2627147834703206,0.02841312534497742,0.7088720911847021,21.44723618090452,at9_0
45,0.30502784154708606,0.027981870151522766,0.6669902883013912,21.934673366834172,at9_0
46,0.3507058762636356,0.026189035836477467,0.623105087899887,22.42211055276382,at9_0
47,0.39788791019929715,0.02321069855602026,0.5789013912446825,22.90954773869347,at9_0
48,0.44458816685697433,0.019507261587517366,0.5359045715555084,23.396984924623116,at9_0
49,0.4893280025483261,0.01567379342284367,0.49499820402883027,23.884422110552762,at9_0
50,0.531614144422711,0.012210726185208555,0.4561751293920804,24.371859296482413,at9_0
51,0.571962369222469,0.009369420443108133,0.41866821033442303,24.85929648241206,at9_0
52,0.6115243272345043,0.007155051954662902,0.38132062081083273,25.34673366834171,at9_0
53,0.6515734603262309,0.005437583974509757,0.34298895569925936,25.834170854271356,at9_0
54,0.6929908156105408,0.004074918852276204,0.3029342655371829,26.321608040201006,at9_0
55,0.7357703983889957,0.0029877486769192894,0.2612418529340851,26.809045226130653,at9_0
56,0.7786910144845579,0.0021705001771054697,0.2191384853383365,27.2964824120603,at9_0
57,0.8194975041359608,0.0016518380703010583,0.17885065779373807,27.78391959798995,at9_0
58,0.8557134494446319,0.0014404096683866736,0.14284614088698142,28.271356783919597,at9_0
59,0.8855848558134616,0.0014957066524894324,0.1129194375340489,28.758793969849247,at9_0
60,0.9084697755630247,0.0017358777460807595,0.08979434669089452,29.246231155778894,at9_0
61,0.924563048001765,0.0020631226936046686,0.07337382930463027,29.733668341708544,at9_0
62,0.9343768329890317,0.002386282362945822,0.0632368846480224,30.22110552763819,at9_0
63,0.9383752407277884,0.002636941622700471,0.058987817649511054,30.70854271356784,at9_0
64,0.9369012753843299,0.002783652472952089,0.060315072142717994,31.195979899497488,at9_0
65,0.930367233459263,0.0028435526013808657,0.06678921393935625,31.683417085427134,at9_0
66,0.9195996468034381,0.0028805709953955397,0.07751978220116644,32.17085427135678,at9_0
67,0.9061345693788238,0.002977630719688802,0.0908877999014875,32.65829145728643,at9_0
68,0.892178886487916,0.003188190612060928,0.10463292290002306,33.14572864321608,at9_0
69,0.8800769241338515,0.0035007464459978106,0.11642232942015072,33.63316582914573,at9_0
70,0.8715182029104929,0.003849912623345972,0.1246318844661611,34.120603015075375,at9_0
71,0.8670135025605649,0.004163537450475701,0.12882295998895957,34.608040201005025,at9_0
72,0.8659132686578711,0.0044009630702758285,0.129685768271853,35.095477386934675,at9_0
73,0.8666932434084157,0.0045599543220869445,0.12874680226949736,35.58291457286432,at9_0
74,0.8669655863469641,0.004672168763827932,0.12836224488920805,36.07035175879397,at9_0
75,0.8627229499580092,0.004821239192523336,0.1324558108494673,36.55778894472362,at9_0
76,0.8464365350810487,0.0052086350305526365,0.14835482988839868,37.04522613065327,at9_0
77,0.8044159952454327,0.006260593618045464,0.18932341113652182,37.53266331658291,at9_0
78,0.717887971284171,0.00862593556749594,0.273486093148333,38.02010050251256,at9_0
79,0.578914208627849,0.012644084284441425,0.40844170708770955,38.50753768844221,at9_0
80,0.41524535814995306,0.01739255581380207,0.5673620860362449,38.99497487437186,at9_0
81,0.2751160507505118,0.02108760101463769,0.7037963482348505,39.482412060301506,at9_0
82,0.18058613044540348,0.022793348151529367,0.796620521403067,39.969849246231156,at9_0
83,0.12361951505703356,0.02272065841638581,0.8536598265265806,40.45728643216081,at9_0
84,0.08942390168436688,0.021427038992892826,0.8891490593227404,40.94472361809045,at9_0
85,0.06765067117584456,0.019365653583823705,0.9129836752403317,41.4321608040201,at9_0
86,0.05267940101948235,0.01683335501124861,0.9304872439692691,41.91959798994975,at9_0
87,0.04166232286504006,0.014032375775388512,0.9443053013595715,42.4070351758794,at9_0
88,0.033143647148245095,0.011138443702444182,0.9557179091493108,42.89447236180904,at9_0
89,0.026370630657970028,0.00834607986449539,0.9652832894775346,43.381909547738694,at9_0
90,0.020969882945025053,0.005867599939230858,0.9731625171157441,43.869346733668344,at9_0
91,0.01676125432683769,0.0038823284020300126,0.9793564172711322,44.35678391959799,at9_0
92,0.013630147247552979,0.0024779022659644364,0.9838919504864826,44.84422110552764,at9_0
93,0.011463556298466439,0.0016375442934606277,0.9868988994080728,45.33165829145729,at9_0
94,0.010152175466615843,0.0012796051336398766,0.9885682193997444,45.81909547738694,at9_0
95,0.009626811808578573,0.001310959251427639,0.9890622289399938,46.30653266331658,at9_0
96,0.00988900977300627,0.001660386830006351,0.9884506033969874,46.79396984924623,at9_0
97,0.011006491044173443,0.0022841248110726325,0.9867093841447541,47.28140703517588,at9_0
98,0.013054184819244481,0.003149326157958638,0.9837964890227969,47.768844221105525,at9_0
99,0.016009201687313738,0.004203830770968994,0.9797869675417173,48.256281407035175,at9_0
100,0.019675420470675487,0.005348604887267037,0.9749759746420574,48.743718592964825,at9_0
101,0.023751135673937763,0.0064397285051238,0.9698091358209384,49.231155778894475,at9_0
102,0.02803160868707932,0.007330984656968139,0.9646374066559525,49.71859296482412,at9_0
103,0.03255841460180812,0.007926507465813252,0.9595150779323787,50.20603015075377,at9_0
104,0.03757606498473316,0.008202048401623242,0.9542218866136436,50.69346733668342,at9_0
105,0.04336583087995654,0.008188168303303578,0.9484460008167398,51.18090452261306,at9_0
106,0.05009397626831195,0.007937931372589642,0.9419680923590985,51.66834170854271,at9_0
107,0.05772222238584404,0.0075031958502451744,0.9347745817639107,52.15577889447236,at9_0
108,0.06594879413210572,0.0069332670276769145,0.9271179388402173,52.64321608040201,at9_0
109,0.07415729665490421,0.0062957339667308425,0.9195469693783649,53.130653266331656,at9_0
110,0.08142866546041311,0.005700699155752106,0.9128706353838347,53.618090452261306,at9_0
111,0.08673096770100296,0.005294525824426479,0.9079745064745705,54.10552763819096,at9_0
112,0.08931361907980374,0.0052004337585496805,0.9054859471616465,54.5929648241206,at9_0
113,0.08909263500837158,0.00543196109130143,0.905475403900327,55.08040201005025,at9_0
114,0.0866989665934874,0.00584925615262411,0.9074517772538884,55.5678391959799,at9_0
115,0.0831166101374305,0.006204891897758102,0.9106784979648114,56.05527638190955,at9_0
116,0.0792037095366035,0.006253411291619884,0.9145428791717766,56.54271356783919,at9_0
117,0.07543690405066412,0.005857723779941223,0.9187053721693946,57.030150753768844,at9_0
118,0.07196177078152602,0.005039992796474009,0.922998236422,57.517587939698494,at9_0
119,0.0687839008855323,0.00395934441391531,0.9272567547005524,58.005025125628144,at9_0
120,0.06588189988387588,0.002832965541855883,0.9312851345742682,58.49246231155779,at9_0
121,0.06315790093589814,0.001845618408541238,0.9349964806555607,58.97989949748744,at9_0
122,0.06032885041188712,0.0010954370342240042,0.9385757125538889,59.46733668341709,at9_0
123,0.05693032476176825,0.0005926928751610322,0.9424769823630708,59.95477386934673,at9_0
124,0.052503417419374886,0.0002924006566984351,0.9472041819239266,60.44221105527638,at9_0
125,0.046868809948665706,0.00013158599821598026,0.9529996040531183,60.92964824120603,at9_0
126,0.04029668756894251,5.409463897188977e-05,0.9596492177920857,61.41708542713568,at9_0
127,0.03343780510334023,2.0379096128408933e-05,0.9665418158005314,61.904522613065325,at9_0
128,0.02705785487729392,7.070046432688632e-06,0.9729350750762734,62.391959798994975,at9_0
129,0.02175496174855921,2.2725130226855832e-06,0.9782427657384181,62.879396984924625,at9_0
130,0.017815649250202088,6.822833210493714e-07,0.9821836684664769,63.36683417085427,at9_0
131,0.015241962865152945,2.015048686617682e-07,0.9847578356299783,63.85427135678392,at9_0
132,0.01390253108038072,1.2096356995257417e-07,0.9860973479560493,64.34170854271356,at9_0
133,0.013775686616527017,4.716824839477047e-07,0.986223841700989,64.82914572864321,at9_0
134,0.015333252290715211,2.8339447621479335e-06,0.9846639137645227,65.31658291457286,at9_0
135,0.02020751730472858,1.641182044696334e-05,0.9797760708748244,65.80402010050251,at9_0
136,0.03225433572638549,8.830230591893025e-05,0.9676573619676955,66.29145728643216,at9_0
137,0.05854696060066471,0.00043137142504906344,0.9410216679742862,66.77889447236181,at9_0
138,0.1082582812013128,0.0018568407911835878,0.8898848780075037,67.26633165829146,at9_0
139,0.18667129243420283,0.006833718711862802,0.8064949888539343,67.7537688442211,at9_0
140,0.2866043870917024,0.02107280745018434,0.6923228054581132,68.24120603015075,at9_0
141,0.38618676009490494,0.05404928950015443,0.5597639504049406,68.7286432160804,at9_0
142,0.4573206058188976,0.11541537604714976,0.42726401813395265,69.21608040201005,at9_0
143,0.48052870013358356,0.20665480053774618,0.3128164993286703,69.7035175879397,at9_0
144,0.4566030489393283,0.3153203700648776,0.228076580995794,70.19095477386935,at9_0
145,0.40391575736493013,0.42050842726948345,0.1755758153655865,70.678391959799,at9_0
146,0.3443892792592606,0.5047947063311364,0.1508160144096029,71.16582914572864,at9_0
147,0.29265332132982547,0.5609713629890518,0.1463753156811227,71.65326633165829,at9_0
148,0.25434070118712676,0.5907229119429643,0.1549363868699088,72.14070351758794,at9_0
149,0.22949216151197613,0.5997808734273347,0.17072696506068907,72.62814070351759,at9_0
150,0.21647117468672292,0.593670834899743,0.1898579904135341,73.11557788944724,at9_0
151,0.21464804124230802,0.5753678801948211,0.2099840785628707,73.60301507537689,at9_0
152,0.22585915506409177,0.544562343950692,0.22957850098521626,74.09045226130654,at9_0
153,0.25485503668537773,0.4981264314710066,0.24701853184361564,74.57788944723617,at9_0
154,0.3081379792328104,0.4321261245045589,0.2597358962626307,75.06532663316582,at9_0
155,0.38966707173865484,0.3462073912944044,0.26412553696694074,75.55276381909547,at9_0
156,0.4937460083963056,0.24896676913525836,0.257287222468436,76.04020100502512,at9_0
157,0.6022809884383657,0.15764649256142726,0.24007251900020707,76.52763819095478,at9_0
158,0.6944594076554998,0.08785787833183052,0.21768271401266945,77.01507537688443,at9_0
159,0.7600919862118657,0.04380370530360304,0.19610430848453125,77.50251256281408,at9_0
160,0.8012673057737546,0.019965833130108638,0.17876686109613674,77.98994974874373,at9_0
161,0.8250451292764746,0.008461863892500006,0.1664930068310254,78.47738693467336,at9_0
162,0.8376573809183272,0.00336119956886099,0.15898141951281178,78.96482412060301,at9_0
163,0.8429042005141006,0.0012495869228225244,0.15584621256307687,79.45226130653266,at9_0
164,0.8426717926062693,0.00043073191583956473,0.15689747547789107,79.93969849246231,at9_0
165,0.8379104161495923,0.0001356436619549931,0.1619539401884527,80.42713567839196,at9_0
166,0.829540019783629,3.840568836943312e-05,0.17042157452800166,80.91457286432161,at9_0
167,0.8191256003648234,9.658132350184043e-06,0.18086474150282633,81.40201005025126,at9_0
168,0.8090876213157079,2.1467379026072263e-06,0.19091023194638962,81.8894472361809,at9_0
169,0.8022787276803265,4.228404039158805e-07,0.19772084947926954,82.37688442211055,at9_0
170,0.8011431326462237,7.434379780738051e-08,0.1988567930099784,82.8643216080402,at9_0
171,0.8069542598086412,1.1768469510396321e-08,0.19304572842288925,83.35175879396985,at9_0
172,0.8194987386838494,1.6900555954866535e-09,0.18050125962609503,83.8391959798995,at9_0
173,0.8372523534510861,2.2140184074433944e-10,0.1627476463275121,84.32663316582915,at9_0
174,0.857871460583172,2.6541982262952875e-11,0.14212853939028597,84.8140703517588,at9_0
175,0.8787750627007075,2.914335906548933e-12,0.12122493729637804,85.30150753768844,at9_0
176,0.8976531146190012,2.9273079461585495e-13,0.10234688538070603,85.78894472361809,at9_0
177,0.9128413028584738,2.6818780054234687e-14,0.08715869714149929,86.27638190954774,at9_0
178,0.9235850766119478,2.232554930634379e-15,0.07641492338805007,86.76381909547739,at9_0
179,0.9301888328522464,1.6833597853133017e-16,0.06981116714775351,87.25125628140704,at9_0
180,0.9339324891115128,1.1484375924349832e-17,0.06606751088848711,87.73869346733669,at9_0
181,0.9366510379760463,7.100317410137573e-19,0.06334896202395374,88.22613065326634,at9_0
182,0.9401136208573913,3.99012707595758e-20,0.059886379142608887,88.71356783919597,at9_0
183,0.9455117718423124,2.0420651382661457e-21,0.05448822815768759,89.20100502512562,at9_0
184,0.9532199743970728,9.502532720718902e-23,0.04678002560292717,89.68844221105527,at9_0
185,0.9627651617414271,3.9965094379255866e-24,0.037234838258572926,90.17587939698493,at9_0
186,0.9729572665727697,1.5058622928946504e-25,0.02704273342723024,90.66331658291458,at9_0
187,0.9822865318069778,5.047145822130391e-27,0.017713468193022292,91.15075376884423,at9_0
188,0.9895736863128893,1.5037400442971608e-28,0.010426313687110684,91.63819095477388,at9_0
189,0.9944546723352932,4.012980108343959e-30,0.005545327664706852,92.12562814070351,at9_0
190,0.997303882219407,9.719731632727736e-32,0.0026961177805929232,92.61306532663316,at9_0
191,0.998786289554312,2.1668103313274873e-33,0.0012137104456879473,93.10050251256281,at9_0
192,0.9994890049700038,4.495381927072478e-35,0.0005109950299962317,93.58793969849246,at9_0
193,0.9997977260749745,8.732794198037814e-37,0.00020227392502536275,94.07537688442211,at9_0
194,0.9999247410529307,1.5891357341385562e-38,7.525894706930265e-05,94.56281407035176,at9_0
195,0.9999738389887041,2.694206228350714e-40,2.6161011295963797e-05,95.05025125628141,at9_0
196,0.9999915945163296,4.212233296812359e-42,8.405483670315592e-06,95.53768844221105,at9_0
197,0.9999975337149511,6.002699371557735e-44,2.4662850488499264e-06,96.0251256281407,at9_0
198,0.9999993440887115,7.741622132013223e-46,6.559112885187731e-07,96.51256281407035,at9_0
199,0.9999998415063197,9.060163586287022e-48,1.584936802901325e-07,97.0,at9_0
0,1.4502487321408233e-40,1.223771606019484e-13,0.9999999999998778,0.0,at5_9
1,7.789372342880816e-39,9.167811695144982e-13,0.9999999999990832,0.49246231155778897,at5_9
2,3.94553605008511e-37,6.477010158768422e-12,0.9999999999935231,0.9849246231155779,at5_9
3,1.8866275637969846e-35,4.3197645863858396e-11,0.9999999999568024,1.4773869346733668,at5_9
4,8.519901386790048e-34,2.7209077321034494e-10,0.9999999997279092,1.9698492462311559,at5_9
5,3.6302426956746694e-32,1.6170380868471957e-09,0.9999999983829619,2.462311557788945,at5_9
6,1.45538876271403e-30,9.042092560433027e-09,0.9999999909579074,2.9547738693467336,at5_9
7,5.464285974816532e-29,4.735094964999642e-08,0.9999999526490503,3.4472361809045227,at5_9
8,1.909352219181284e-27,2.307738873565645e-07,0.9999997692261127,3.9396984924623117,at5_9
9,6.165573552534726e-26,1.03939216960444e-06,0.9999989606078303,4.432160804020101,at5_9
10,1.827565027681286e-24,4.297185865916495e-06,0.9999957028141341,4.92462311557789,at5_9
11,4.946120120394843e-23,1.6221137338381267e-05,0.9999837788626617,5.417085427135679,at5_9
12,1.2177659739863214e-21,5.570392780306455e-05,0.999944296072197,5.909547738693467,at5_9
13,2.719793318448904e-20,0.00017352546980381326,0.9998264745301962,6.402010050251256,at5_9
14,5.489533585758211e-19,0.0004885039897003343,0.9995114960102998,6.894472361809045,at5_9
15,9.9480823339871e-18,0.0012347452999657744,0.9987652547000342,7.386934673366834,at5_9
16,1.6024530738449087e-16,0.0027741419097582465,0.9972258580902416,7.8793969849246235,at5_9
17,2.2660043629916826e-15,0.005471538214648807,0.9945284617853489,8.371859296482413,at5_9
18,2.7826621062569307e-14,0.009371616561288423,0.9906283834386838,8.864321608040202,at5_9
19,2.9580204571001106e-13,0.01389506403654972,0.9861049359631545,9.35678391959799,at5_9
20,2.7435666020344817e-12,0.017975468944164925,0.9820245310530915,9.84924623115578,at5_9
21,2.2553796390581217e-11,0.020610556548106798,0.9793894434293393,10.341708542713569,at5_9
22,1.669212647376942e-10,0.0212758574872767,0.9787241423458021,10.834170854271358,at5_9
23,1.1224738203546618e-09,0.019955240617979677,0.9800447582595465,11.326633165829147,at5_9
24,6.863778040064065e-09,0.017019598914556327,0.9829803942216656,11.819095477386934,at5_9
25,3.79648444052167e-08,0.013130251865024312,0.9868697101701314,12.311557788944723,at5_9
26,1.886857139738562e-07,0.00910197826744507,0.990897833046841,12.804020100502512,at5_9
27,8.39671489434577e-07,0.005649519657271661,0.9943496406712389,13.296482412060302,at5_9
28,3.350364628464777e-06,0.003144123046652871,0.9968525265887187,13.78894472361809,at5_9
29,1.2042581532110855e-05,0.0015762764841872538,0.9984116809342807,14.28140703517588,at5_9
30,3.919063646559055e-05,0.000715484879254006,0.9992453244842804,14.773869346733669,at5_9
31,0.00011586233619059226,0.00029502971975842613,0.999589107944051,15.266331658291458,at5_9
32,0.0003115330761770874,0.00011064530524781321,0.9995778216185751,15.758793969849247,at5_9
33,0.0007612997997679675,3.7712896178890355e-05,0.9992009873040532,16.251256281407034,at5_9
34,0.0016870346753486026,1.16563752829376e-05,0.9983013089493685,16.743718592964825,at5_9
35,0.003377576114112081,3.2549925508300784e-06,0.996619168893337,17.236180904522612,at5_9
36,0.0060780515514121496,8.169859271998071e-07,0.9939211314626607,17.728643216080403,at5_9
37,0.009770659699248887,1.8318057851350828e-07,0.9902291571201726,18.22110552763819,at5_9
38,0.01394717231057433,3.647094758786478e-08,0.9860527912184781,18.71356783919598,at5_9
39,0.017607412950436704,6.4218738925267175e-09,0.9823925806276894,19.20603015075377,at5_9
40,0.019645902995463038,9.994097006310456e-10,0.9803540960051272,19.69849246231156,at5_9
41,0.01943195670890676,1.3787751317640195e-10,0.9805680431532157,20.190954773869347,at5_9
42,0.01713061998654099,1.6953342295197002e-11,0.9828693799965057,20.683417085427138,at5_9
43,0.013535489559658873,1.868364298351592e-12,0.9864645104384727,21.175879396984925,at5_9
44,0.009618428813287973,1.8518127460826074e-13,0.9903815711865269,21.668341708542716,at5_9
45,0.006142584469048894,1.6494889611320218e-14,0.9938574155309347,22.160804020100503,at5_9
46,0.0035054021267704144,1.3129296738242538e-15,0.9964945978732284,22.653266331658294,at5_9
47,0.0017709737160541813,9.251690047798916e-17,0.9982290262839456,23.14572864321608,at5_9
48,0.0007852766522451558,5.721856716520653e-18,0.9992147233477549,23.63819095477387,at5_9
49,0.00030489003286225165,3.098639665515305e-19,0.9996951099671377,24.13065326633166,at5_9
50,0.0001043099883813717,1.4921533449746824e-20,0.9998956900116187,24.623115577889447,at5_9
51,3.182603300853641e-05,3.2794388309008387e-21,0.9999681739669914,25.115577889447238,at5_9
52,8.79812569932974e-06,4.6648078005864e-20,0.9999912018743007,25.608040201005025,at5_9
53,2.3980191641718056e-06,7.437835478207043e-19,0.9999976019808359,26.100502512562816,at5_9
54,1.3374634233009107e-06,1.0763004682533217e-17,0.9999986625365767,26.592964824120603,at5_9
55,3.070707481607079e-06,1.4078520613552848e-16,0.9999969292925183,27.085427135678394,at5_9
56,9.425521623536164e-06,1.657903821890655e-15,0.9999905744783748,27.57788944723618,at5_9
57,2.6779256870359238e-05,1.7543136675599188e-14,0.9999732207431121,28.070351758793972,at5_9
58,6.858326048173364e-05,1.6701118132903388e-13,0.9999314167393513,28.56281407035176,at5_9
59,0.00015869706359444364,1.4358916361812639e-12,0.9998413029349696,29.05527638190955,at5_9
60,0.00033349184733105005,1.1203914658363735e-11,0.9996665081414651,29.547738693467338,at5_9
61,0.000639876753695587,7.97157025525591e-11,0.9993601231665887,30.04020100502513,at5_9
62,0.001126522406024406,5.190841459414127e-10,0.9988734770748914,30.532663316582916,at5_9
63,0.0018280133943511844,3.099933906959331e-09,0.9981719835057149,31.025125628140707,at5_9
64,0.002747501076543927,1.6980627538342915e-08,0.9972524819428286,31.517587939698494,at5_9
65,0.003851921328154091,8.515566408775708e-08,0.9961479935161818,32.01005025125628,at5_9
66,0.005099374493327949,3.8945877190642794e-07,0.9949002360479002,32.50251256281407,at5_9
67,0.006508079442173353,1.6157692297805952e-06,0.9934903047885969,32.99497487437186,at5_9
68,0.008238893187696368,6.044389889128747e-06,0.9917550624224145,33.48743718592965,at5_9
69,0.01061453570302032,2.027429019608329e-05,0.9893651900067837,33.97989949748744,at5_9
70,0.013998748471260876,6.072750231341344e-05,0.9859405240264256,34.472361809045225,at5_9
71,0.018558434483342486,0.00016212727609070577,0.9812794382405668,34.96482412060302,at5_9
72,0.02406578916477897,0.0003858722037724972,0.9755483386314486,35.45728643216081,at5_9
73,0.029911006778319274,0.0008198312285598239,0.9692691619931209,35.949748743718594,at5_9
74,0.035355415516504445,0.001556677655238445,0.9630879068282571,36.44221105527638,at5_9
75,0.03990514859053674,0.002641512902279396,0.957453338507184,36.934673366834176,at5_9
76,0.04363221804160673,0.004000245062060449,0.9523675368963327,37.42713567839196,at5_9
77,0.0472770829966818,0.00539582609395091,0.9473270909093674,37.91959798994975,at5_9
78,0.052022590409556084,0.0064758365294451435,0.9415015730609988,38.41206030150754,at5_9
79,0.05900125973834265,0.0069252766043869304,0.9340734636572704,38.90452261306533,at5_9
80,0.06881578309764853,0.006644898689603876,0.9245393182127476,39.39698492462312,at5_9
81,0.08137429547053616,0.005839092617236981,0.9127866119122269,39.88944723618091,at5_9
82,0.09610679979508809,0.0049617970278858095,0.898931403177026,40.381909547738694,at5_9
83,0.1123597592934867,0.004563923207494083,0.8830763174990193,40.87437185929648,at5_9
84,0.12966686922280024,0.005134533135313778,0.865198597641886,41.366834170854275,at5_9
85,0.14771240757096274,0.007005676172729543,0.8452819162563077,41.85929648241206,at5_9
86,0.16604666287297232,0.010322029863802545,0.8236313072632251,42.35175879396985,at5_9
87,0.18379183873370242,0.015031645240297691,0.8011765160259998,42.84422110552764,at5_9
88,0.19958091943299872,0.020877103358523483,0.7795419772084777,43.33668341708543,at5_9
89,0.21183126559252013,0.02741640923952229,0.7607523251679575,43.82914572864322,at5_9
90,0.21923965017351563,0.03410947244160886,0.7466508773848756,44.321608040201006,at5_9
91,0.22121699878845427,0.04045563787467675,0.7383273633368689,44.814070351758794,at5_9
92,0.21801602439246903,0.04612132399351327,0.7358626516140178,45.30653266331659,at5_9
93,0.21053076425944045,0.05101155421684177,0.7384576815237177,45.798994974874375,at5_9
94,0.1999451749392703,0.055287095356835694,0.744767729703894,46.29145728643216,at5_9
95,0.18743096684558988,0.059339561211179136,0.7532294719432309,46.78391959798995,at5_9
96,0.1740030966326542,0.06370680682582137,0.7622900965415245,47.27638190954774,at5_9
97,0.16053993704522454,0.0689149123585924,0.7705451505961831,47.76884422110553,at5_9
98,0.1478939798344239,0.07530784936607518,0.776798170799501,48.26130653266332,at5_9
99,0.136961459223399,0.08298497123192021,0.7800535695446807,48.753768844221106,at5_9
100,0.12857160567252576,0.09189651391616001,0.7795318804113143,49.246231155778894,at5_9
101,0.12314149482272595,0.1019810953501683,0.7748774098271057,49.73869346733669,at5_9
102,0.1202512454617383,0.11315779512764954,0.7665909594106122,50.231155778894475,at5_9
103,0.11852094515546724,0.1251578562978334,0.7563211985466993,50.72361809045226,at5_9
104,0.116088608083412,0.13744675652501842,0.7464646353915695,51.21608040201005,at5_9
105,0.11146760111773446,0.1494559450109135,0.7390764538713521,51.708542713567844,at5_9
106,0.1041695152863217,0.160966806524994,0.7348636781886841,52.20100502512563,at5_9
107,0.09475620493402179,0.17226779308949672,0.7329760019764814,52.69346733668342,at5_9
108,0.08450089067963083,0.18391070746500213,0.731588401855367,53.185929648241206,at5_9
109,0.07494898624059548,0.19622045932002657,0.7288305544393779,53.678391959799,at5_9
110,0.06746877657262196,0.20888241255548595,0.723648810871892,54.17085427135679,at5_9
111,0.06280047095522338,0.22090986826977901,0.7162896607749976,54.663316582914575,at5_9
112,0.06076116536514675,0.23106076803994074,0.7081780665949124,55.15577889447236,at5_9
113,0.060354819538187526,0.23840696525661212,0.7012382152052004,55.64824120603015,at5_9
114,0.06029552465785695,0.24261273666362612,0.697091738678517,56.140703517587944,at5_9
115,0.05959287887812796,0.2437727092554216,0.6966344118664505,56.63316582914573,at5_9
116,0.05782860221300293,0.24206669547901816,0.7001047023079788,57.12562814070352,at5_9
117,0.0550734980873826,0.2375773999068678,0.7073491020057496,57.618090452261306,at5_9
118,0.051647315494819164,0.23040244821573563,0.7179502362894451,58.1105527638191,at5_9
119,0.04792282027690594,0.2209337753823521,0.7311434043407419,58.60301507537689,at5_9
120,0.044258457881681264,0.21002797943584614,0.7457135626824725,59.095477386934675,at5_9
121,0.0410480891415111,0.19882828206014036,0.7601236287983485,59.58793969849246,at5_9
122,0.038809933357880286,0.188244029946091,0.7729460366960287,60.08040201005026,at5_9
123,0.03819464675302254,0.1783902673840975,0.7834150858628799,60.572864321608044,at5_9
124,0.03981831695154601,0.16839125016213158,0.7917904328863226,61.06532663316583,at5_9
125,0.04394525631773041,0.15676464387621275,0.7992900998060569,61.55778894472362,at5_9
126,0.050197337210700035,0.1422405800798237,0.8075620827094763,62.05025125628141,at5_9
127,0.057530487417964744,0.12455209660272408,0.8179174159793112,62.5427135678392,at5_9
128,0.06460102796022961,0.10469242794089825,0.830706544098872,63.03517587939699,at5_9
129,0.07037906209010242,0.08447077803710444,0.8451501598727931,63.527638190954775,at5_9
130,0.07465312978027033,0.06569653100409335,0.8596503392156364,64.02010050251256,at5_9
131,0.07810984459476097,0.04954100072221389,0.8723491546830252,64.51256281407035,at5_9
132,0.08193151209221909,0.03638373039031814,0.8816847575174627,65.00502512562814,at5_9
133,0.08713649414146424,0.02604655421574105,0.8868169516427947,65.49748743718594,at5_9
134,0.09404057893210417,0.018123580480116912,0.8878358405877789,65.98994974874373,at5_9
135,0.10214000401162783,0.012193817840961862,0.8856661781474103,66.48241206030151,at5_9
136,0.11041740216078312,0.00788551588935913,0.8816970819498577,66.9748743718593,at5_9
137,0.11781763312397206,0.004869320603659745,0.8773130462723683,67.46733668341709,at5_9
138,0.12366559570888586,0.0028482977774063585,0.8734861065137078,67.95979899497488,at5_9
139,0.12795911984234365,0.0015615211471441304,0.8704793590105123,68.45226130653266,at5_9
140,0.1314816006983973,0.0007911402257214152,0.8677272590758813,68.94472361809045,at5_9
141,0.13551573250478963,0.00036429558209241913,0.864119971913118,69.43718592964825,at5_9
142,0.1409686349079286,0.0001499502664604061,0.8588814148256109,69.92964824120604,at5_9
143,0.1473684413355652,5.448628927676468e-05,0.852577072375158,70.42211055276383,at5_9
144,0.15286567299863169,1.7373151423544332e-05,0.8471169538499447,70.91457286432161,at5_9
145,0.15556750830956076,4.858324363235619e-06,0.8444276333660761,71.4070351758794,at5_9
146,0.1548985281535616,1.1928841427941884e-06,0.8451002789622957,71.89949748743719,at5_9
147,0.15177693302325918,2.571378236264002e-07,0.8482228098389172,72.39195979899498,at5_9
148,0.14794231111526135,4.86208038147569e-08,0.8520576402639349,72.88442211055276,at5_9
149,0.14541919967118566,8.07701591853253e-09,0.8545807922517984,73.37688442211055,at5_9
150,0.14638222815166624,1.1864443496209375e-09,0.8536177706618894,73.86934673366835,at5_9
151,0.15294331678393244,1.5569098359378766e-10,0.8470566830603766,74.36180904522614,at5_9
152,0.16657017522653197,1.844013558735552e-11,0.8334298247550278,74.85427135678393,at5_9
153,0.18738561662606545,1.9846183499348267e-12,0.81261438337195,75.34673366834171,at5_9
154,0.21370841094982573,1.9443438556149072e-13,0.7862915890499799,75.8391959798995,at5_9
155,0.24208051022160443,1.7296989606863395e-14,0.7579194897783783,76.33165829145729,at5_9
156,0.26794392374061565,1.3904565264602148e-15,0.732056076259383,76.82412060301507,at5_9
157,0.2869146107287579,1.0048806652842058e-16,0.7130853892712419,77.31658291457286,at5_9
158,0.2962355508005059,6.504892555877883e-18,0.7037644491994941,77.80904522613066,at5_9
159,0.2957986827492859,3.7661759614152776e-19,0.7042013172507141,78.30150753768845,at5_9
160,0.28830825574771063,1.951193914846644e-20,0.7116917442522893,78.79396984924624,at5_9
161,0.27857272451087933,9.054730543519258e-22,0.7214272754891206,79.28643216080403,at5_9
162,0.2722353738711976,3.7625448977194695e-23,0.7277646261288023,79.77889447236181,at5_9
163,0.2742317204023678,1.3962578108427783e-24,0.7257682795976321,80.2713567839196,at5_9
164,0.2871569383210901,4.609994339033596e-26,0.7128430616789099,80.76381909547739,at5_9
165,0.3101403301777764,1.352156298073196e-27,0.6898596698222236,81.25628140703517,at5_9
166,0.3392561274531918,3.536236405204543e-29,0.6607438725468083,81.74874371859296,at5_9
167,0.36947251621251154,8.316885244056615e-31,0.6305274837874885,82.24120603015076,at5_9
168,0.396504826204953,1.776189328367537e-32,0.603495173795047,82.73366834170855,at5_9
169,0.41728961775477796,3.4659237527616254e-34,0.5827103822452221,83.22613065326634,at5_9
170,0.4295040198859016,6.177944348726604e-36,0.5704959801140983,83.71859296482413,at5_9
171,0.4312493043246847,9.988724562723816e-38,0.5687506956753152,84.21105527638191,at5_9
172,0.4214813272622874,1.4483623700767806e-39,0.5785186727377125,84.7035175879397,at5_9
173,0.400830736902628,1.862813434194493e-41,0.599169263097372,85.19597989949749,at5_9
174,0.37183376904368454,2.1128625100041587e-43,0.6281662309563155,85.68844221105527,at5_9
175,0.3381668614097713,2.1161130909969817e-45,0.6618331385902287,86.18090452261308,at5_9
176,0.3036932413517439,1.8834264737108214e-47,0.6963067586482561,86.67336683417086,at5_9
177,0.2720310812424774,1.50171037892471e-49,0.7279689187575227,87.16582914572865,at5_9
178,0.24627959370701055,1.0802857453764565e-51,0.7537204062929895,87.65829145728644,at5_9
179,0.22841459103012077,7.046304414152027e-54,0.7715854089698793,88.15075376884423,at5_9
180,0.21859001845600837,4.176191165360621e-56,0.7814099815439917,88.64321608040201,at5_9
181,0.21495636841008653,2.246243300250433e-58,0.7850436315899134,89.1356783919598,at5_9
182,0.2143918128555086,1.0914642505894176e-60,0.7856081871444913,89.62814070351759,at5_9
183,0.21408821054894508,4.7605394511835893e-63,0.785911789451055,90.12060301507537,at5_9
184,0.21327891417903364,1.8541605174406483e-65,0.7867210858209664,90.61306532663318,at5_9
185,0.21380093288901988,6.444008106778395e-68,0.7861990671109801,91.10552763819096,at5_9
186,0.21877077785948298,2.0076316474390952e-70,0.781229222140517,91.59798994974875,at5_9
187,0.2303906343975715,5.65140996444835e-73,0.7696093656024284,92.09045226130654,at5_9
188,0.24853695654469388,1.4488773354218606e-75,0.7514630434553061,92.58291457286433,at5_9
189,0.2706813423118284,3.403482849123556e-78,0.7293186576881716,93.07537688442211,at5_9
190,0.2927521519349501,7.353550063357655e-81,0.7072478480650499,93.5678391959799,at5_9
191,0.31045225330815274,1.464489813361411e-83,0.6895477466918473,94.06030150753769,at5_9
192,0.3205586364203163,2.689707277135488e-86,0.6794413635796838,94.55276381909547,at5_9
193,0.321692264796531,4.546072212015048e-89,0.678307735203469,95.04522613065328,at5_9
194,0.3142822090335759,7.028804337552257e-92,0.6857177909664242,95.53768844221106,at5_9
195,0.29986282496498357,9.844070240968984e-95,0.7001371750350164,96.03015075376885,at5_9
196,0.2801585626070109,1.2358913342746997e-97,0.719841437392989,96.52261306532664,at5_9
197,0.25654707083139267,1.384347004921991e-100,0.7434529291686073,97.01507537688443,at5_9
198,0.23020151348017936,1.3923002804947688e-103,0.7697984865198206,97.50753768844221,at5_9
199,0.20246805289233386,1.278730693523358e-106,0.7975319471076662,98.0,at5_9
0,3.4160607072857274e-57,3.6505645917353404e-44,1.0,0.0,at5_4
1,4.976643543618036e-55,2.7396574237163975e-42,1.0,0.49748743718592964,at5_4
2,6.484533135862279e-53,1.8389236893672813e-40,1.0,0.9949748743718593,at5_4
3,7.522351519725276e-51,1.0989144550638242e-38,1.0,1.4924623115577889,at5_4
4,7.82840671291253e-49,5.891269779983203e-37,1.0,1.9899497487437185,at5_4
5,7.408569267600593e-47,2.872070817737374e-35,1.0,2.487437185929648,at5_4
6,6.457827906523008e-45,1.2896519947379422e-33,1.0,2.9849246231155777,at5_4
7,5.2298122411201325e-43,5.380187762924077e-32,1.0,3.4824120603015074,at5_4
8,3.9513344872250084e-41,2.094017941519061e-30,1.0,3.979899497487437,at5_4
9,2.786688650948031e-39,7.60764643462389e-29,1.0,4.477386934673366,at5_4
10,1.8304813736374006e-37,2.5742602695415498e-27,1.0,4.974874371859296,at5_4
11,1.1151455595827526e-35,8.078746255507547e-26,1.0,5.472361809045226,at5_4
12,6.264490947562531e-34,2.337886711914705e-24,1.0,5.969849246231155,at5_4
13,3.223463563165941e-32,6.19706013218883e-23,1.0,6.467336683417085,at5_4
14,1.5089754296950314e-30,1.4944121209811297e-21,1.0,6.964824120603015,at5_4
15,6.387796734704167e-29,3.2588514889984644e-20,1.0,7.4623115577889445,at5_4
16,2.433972096584515e-27,6.396675868574926e-19,1.0,7.959798994974874,at5_4
17,8.317475729137386e-26,1.1260445168922545e-17,1.0,8.457286432160803,at5_4
18,2.5385249262264916e-24,1.7703972177504305e-16,0.9999999999999999,8.954773869346733,at5_4
19,6.876440102951309e-23,2.4704622325303616e-15,0.9999999999999976,9.452261306532662,at5_4
20,1.6393959927983672e-21,3.0340566961225674e-14,0.9999999999999696,9.949748743718592,at5_4
21,3.4134404225964125e-20,3.2542987416424616e-13,0.9999999999996746,10.447236180904522,at5_4
22,6.191399854877599e-19,3.0407394739539727e-12,0.9999999999969592,10.944723618090451,at5_4
23,9.832272063093008e-18,2.487536802889475e-11,0.9999999999751247,11.442211055276381,at5_4
24,1.3814906776840404e-16,1.8004822928377064e-10,0.9999999998199516,11.93969849246231,at5_4
25,1.7371835925863717e-15,1.1663043168854537e-09,0.999999998833694,12.43718592964824,at5_4
26,1.972601676143306e-14,6.822300273558104e-09,0.9999999931776801,12.93467336683417,at5_4
27,2.0336487121283787e-13,3.623202745972122e-08,0.9999999637677692,13.4321608040201,at5_4
28,1.9079120566603348e-12,1.751057153896248e-07,0.9999998248923766,13.92964824120603,at5_4
29,1.62898317021695e-11,7.70165100191689e-07,0.99999922981861,14.42713567839196,at5_4
30,1.2640012993666672e-10,3.0785061536862932e-06,0.9999969213674462,14.924623115577889,at5_4
31,8.895439692411505e-10,1.1160539621669373e-05,0.9999888385708343,15.422110552763819,at5_4
32,5.6678208921867595e-09,3.663187596059403e-05,0.9999633624562185,15.919597989949748,at5_4
33,3.267074113095231e-08,0.00010877455042877026,0.9998911927788301,16.417085427135678,at5_4
34,1.7038024190886987e-07,0.0002922219330743566,0.9997076076866838,16.914572864321606,at5_4
35,8.03647397557249e-07,0.0007100425740859278,0.9992891537785165,17.412060301507537,at5_4
36,3.4211032833306405e-06,0.0015570777581442104,0.9984395011385724,17.909547738693465,at5_4
37,1.30837844411802e-05,0.0030676285006415445,0.9969192877149172,18.407035175879397,at5_4
38,4.4687350410217004e-05,0.005397333542815033,0.9945579791067748,18.904522613065325,at5_4
39,0.0001356150889797781,0.008437774865560488,0.9914266100454597,19.402010050251256,at5_4
40,0.0003647907445963306,0.011692005189974774,0.9879432040654289,19.899497487437184,at5_4
41,0.0008700403982528765,0.014365140410339506,0.9847648191914076,20.396984924623116,at5_4
42,0.0018435297020788614,0.01567999299077039,0.9824764773071507,20.894472361809044,at5_4
43,0.0034792268662410895,0.015244168534100244,0.9812766045996586,21.391959798994975,at5_4
44,0.005864964370008352,0.013237672708136992,0.9808973629218546,21.889447236180903,at5_4
45,0.008857794359603275,0.010299048912989276,0.9808431567274074,22.386934673366834,at5_4
46,0.01201912343073558,0.007198956960590692,0.9807819196086737,22.884422110552762,at5_4
47,0.014674078586911584,0.0045276496379467865,0.9807982717751417,23.381909547738694,at5_4
48,0.01610599150144271,0.0025599663759586287,0.9813340421225987,23.87939698492462,at5_4
49,0.01583688104809845,0.001296699398588287,0.9828664195533133,24.376884422110553,at5_4
50,0.013881405315473576,0.0005854867325628639,0.9855331079519636,24.87437185929648,at5_4
51,0.01080402406136946,0.0002347298475261467,0.9889612460911044,25.371859296482413,at5_4
52,0.007468831154635443,8.367134253833847e-05,0.9924474975028262,25.86934673366834,at5_4
53,0.0046250440960006476,2.7332183864168802e-05,0.9953476237201352,26.366834170854272,at5_4
54,0.002654472204671781,1.1120229061635511e-05,0.9973344075662666,26.8643216080402,at5_4
55,0.0016317748582719083,1.502969404631014e-05,0.9983531954476818,27.36180904522613,at5_4
56,0.0015584057337308744,4.304445982145327e-05,0.9983985498064476,27.85929648241206,at5_4
57,0.002565472333698335,0.0001240388135048998,0.9973104888527967,28.35678391959799,at5_4
58,0.004962347368626557,0.0003218481538628467,0.9947158044775105,28.85427135678392,at5_4
59,0.009076713027061938,0.0007434187542267761,0.9901798682187113,29.35175879396985,at5_4
60,0.014913978456158035,0.00152458264002147,0.9835614389038205,29.849246231155778,at5_4
61,0.021813053225514037,0.002772758281254196,0.9754141884932318,30.34673366834171,at5_4
62,0.028411676097931396,0.004472003049957209,0.9671163208521114,30.844221105527637,at5_4
63,0.03313974304450902,0.006405832024239775,0.9604544249312512,31.34170854271357,at5_4
64,0.03503076749406855,0.008173745058985262,0.9567954874469461,31.839195979899497,at5_4
65,0.03427726304735599,0.009321131526901253,0.9564016054257427,32.336683417085425,at5_4
66,0.03213261746658313,0.00952180905851866,0.9583455734748982,32.834170854271356,at5_4
67,0.030244050085381405,0.008722725053864256,0.9610332248607543,33.33165829145729,at5_4
68,0.029805367228396506,0.007173141981987764,0.9630214907896157,33.82914572864321,at5_4
69,0.03098597495205974,0.005308816733492259,0.963705208314448,34.32663316582914,at5_4
70,0.03293926511520661,0.0035571477019045268,0.963503587182889,34.824120603015075,at5_4
71,0.03431658901869779,0.0021923169900207214,0.9634910939912814,35.321608040201006,at5_4
72,0.03391974446572979,0.0013140756802651266,0.9647661798540051,35.81909547738693,at5_4
73,0.031173209128282767,0.0009174968661298602,0.9679092940055873,36.31658291457286,at5_4
74,0.02630177773367677,0.000976589578697279,0.9727216326876259,36.814070351758794,at5_4
75,0.02021016635267903,0.0014869904314007165,0.9783028432159202,37.311557788944725,at5_4
76,0.014112738018503412,0.0024519010404911177,0.9834353609410055,37.80904522613065,at5_4
77,0.009071838752211861,0.003829470991873055,0.987098690255915,38.30653266331658,at5_4
78,0.00568989769762503,0.005482492765777688,0.9888276095365973,38.80402010050251,at5_4
79,0.0040881503966876676,0.00716888890791432,0.988742960695398,39.301507537688444,at5_4
80,0.004068504593180555,0.008586781953659233,0.9873447134531603,39.79899497487437,at5_4
81,0.005262901531300699,0.009461102597111264,0.985275995871588,40.2964824120603,at5_4
82,0.007195074238295917,0.00963428808626472,0.9831706376754394,40.79396984924623,at5_4
83,0.009322856252582156,0.00910945984332578,0.9815676839040921,41.29145728643216,at5_4
84,0.011127596425116884,0.008023592401074513,0.9808488111738085,41.78894472361809,at5_4
85,0.01222370255361765,0.006585162569290185,0.9811911348770922,42.28643216080402,at5_4
86,0.012430657152157219,0.005021215234520427,0.9825481276133224,42.78391959798995,at5_4
87,0.011791022565724864,0.0035398735729491385,0.984669103861326,43.28140703517588,at5_4
88,0.010542111543906899,0.002295831737333276,0.9871620567187599,43.778894472361806,at5_4
89,0.009047634756236019,0.0013643879538821843,0.9895879772898819,44.27638190954774,at5_4
90,0.007705802969313616,0.0007408572676527603,0.9915533397630337,44.77386934673367,at5_4
91,0.006865344741116857,0.0003667254454390368,0.9927679298134441,45.2713567839196,at5_4
92,0.00677638759349318,0.00016511899516890232,0.9930584934113378,45.768844221105525,at5_4
93,0.00758123781516804,6.74642689753931e-05,0.9923512979158566,46.266331658291456,at5_4
94,0.009325997284043415,2.495104212274361e-05,0.9906490516738338,46.76381909547739,at5_4
95,0.01196108461139815,8.332335916420091e-06,0.9880305830526855,47.26130653266332,at5_4
96,0.015315029597883984,2.5070115437367217e-06,0.9846824633905723,47.75879396984924,at5_4
97,0.019076105203159683,6.78677159792118e-07,0.9809232161196806,48.256281407035175,at5_4
98,0.022855559615999808,1.6534728959144972e-07,0.9771442750367106,48.753768844221106,at5_4
99,0.02636344714722252,3.6345222001019547e-08,0.9736365165075554,49.25125628140703,at5_4
100,0.029613169816604785,7.2415067130272835e-09,0.9703868229418885,49.74874371859296,at5_4
101,0.03301014223404967,1.3152107165908691e-09,0.9669898564507395,50.246231155778894,at5_4
102,0.03724949059011563,2.1881670283528215e-10,0.9627505091910677,50.743718592964825,at5_4
103,0.04305172375751759,3.3431763577179106e-11,0.9569482762090507,51.24120603015075,at5_4
104,0.050800627245553266,4.6890225868903926e-12,0.9491993727497577,51.73869346733668,at5_4
105,0.06016705786268224,6.502725902962151e-13,0.9398329421366675,52.23618090452261,at5_4
106,0.06990965328856294,6.832632524047616e-13,0.9300903467107537,52.733668341708544,at5_4
107,0.07816730104675874,6.612763900321341e-12,0.9218326989466284,53.23115577889447,at5_4
108,0.08338344059627191,6.288909656675741e-11,0.916616559340839,53.7286432160804,at5_4
109,0.08536458738197195,5.24088043935396e-10,0.9146354120939401,54.22613065326633,at5_4
110,0.08546134737796235,3.7913154198133566e-09,0.9145386488307223,54.72361809045226,at5_4
111,0.08541939876036993,2.373093569134288e-08,0.9145805775086944,55.22110552763819,at5_4
112,0.08589794714032419,1.2905826282788978e-07,0.914101923801413,55.71859296482412,at5_4
113,0.08616925939519114,6.16457199361082e-07,0.9138301241476096,56.21608040201005,at5_4
114,0.08509595507933443,2.6196975132905605e-06,0.9149014252231523,56.71356783919598,at5_4
115,0.0821986628497451,9.995268410780254e-06,0.9177913418818442,57.211055276381906,at5_4
116,0.07810377011180361,3.429763112415825e-05,0.9218619322570721,57.70854271356784,at5_4
117,0.07446380095727352,0.00010521066568678401,0.9254309883770396,58.20603015075377,at5_4
118,0.0734200305322107,0.0002855802774975996,0.9262943891902916,58.7035175879397,at5_4
119,0.0765757461249437,0.000679990295421881,0.9227442635796345,59.201005025125625,at5_4
120,0.08401611711160166,0.001417066169063689,0.9145668167193347,59.698492462311556,at5_4
121,0.09424846148305392,0.002595499932736334,0.9031560385842098,60.19597989949749,at5_4
122,0.10501179317325528,0.0042065965060239015,0.8907816103207209,60.69346733668342,at5_4
123,0.11409480519911873,0.006067000701310237,0.8798381940995711,61.19095477386934,at5_4
124,0.11979496485704935,0.007819461079971049,0.8723855740629797,61.688442211055275,at5_4
125,0.12123385410263662,0.00905191425457372,0.8697142316427897,62.185929648241206,at5_4
126,0.11858675201578223,0.009492647036870732,0.871920600947347,62.68341708542714,at5_4
127,0.11304845216629118,0.009146208668626431,0.8778053391650824,63.18090452261306,at5_4
128,0.10653409376092743,0.008282610403866188,0.8851832958352064,63.678391959798994,at5_4
129,0.10132143550542,0.007317788928407941,0.891360775566172,64.17587939698493,at5_4
130,0.09972832112188657,0.006664105763575638,0.8936075731145378,64.67336683417085,at5_4
131,0.1036960512506446,0.006589510859290658,0.8897144378900649,65.17085427135679,at5_4
132,0.11414290629384502,0.007105704310166055,0.8787513893959888,65.66834170854271,at5_4
133,0.13025982299913974,0.007936627326080154,0.8618035496747801,66.16582914572864,at5_4
134,0.14930373603183097,0.008626856163755433,0.8420694078044135,66.66331658291458,at5_4
135,0.1673615347786359,0.008763531470443994,0.8238749337509201,67.1608040201005,at5_4
136,0.1808333090114165,0.008171947590330228,0.8109947433982533,67.65829145728642,at5_4
137,0.18777839269731875,0.006957681702708065,0.8052639255999732,68.15577889447236,at5_4
138,0.18849128734593787,0.005403568524657451,0.8061051441294047,68.65326633165829,at5_4
139,0.18529497029101086,0.003823962593592451,0.8108810671153968,69.15075376884423,at5_4
140,0.1817958682201502,0.0024592670258180983,0.8157448647540317,69.64824120603015,at5_4
141,0.18175309919532454,0.001432199251744881,0.8168147015529305,70.14572864321607,at5_4
142,0.1877943515650253,0.0007532811364941284,0.8114523672984807,70.64321608040201,at5_4
143,0.20056041477041678,0.0003576811735706882,0.7990819040560125,71.14070351758794,at5_4
144,0.21882600305636163,0.0001534819148562817,0.7810205150287821,71.63819095477386,at5_4
145,0.24038376647565965,5.9459816910004954e-05,0.7595567737074305,72.1356783919598,at5_4
146,0.2628857232867376,2.064992005031956e-05,0.7370936267932121,72.63316582914572,at5_4
147,0.28420284546156266,6.335358121523166e-06,0.715790819180316,73.13065326633166,at5_4
148,0.3026175088414588,1.6880538161020306e-06,0.6973808031047251,73.62814070351759,at5_4
149,0.31721289995825985,3.8753011004195905e-07,0.6827867125116301,74.12562814070351,at5_4
150,0.32801465218610587,7.734577545709548e-08,0.6719852704681186,74.62311557788945,at5_4
151,0.3353866213874898,1.37205684124665e-08,0.6646133648919417,75.12060301507537,at5_4
152,0.33928084484148174,2.313827185729016e-09,0.660719152844691,75.6180904522613,at5_4
153,0.33903897554023926,1.200412711512334e-09,0.660961023259348,76.11557788944724,at5_4
154,0.33372911669959193,6.540931529538605e-09,0.6662708767594765,76.61306532663316,at5_4
155,0.3229042447847914,4.463116591232988e-08,0.6770957105840426,77.1105527638191,at5_4
156,0.3078283941356653,2.803795474127298e-07,0.6921713254847872,77.60804020100502,at5_4
157,0.2928170148457294,1.5855095605988727e-06,0.70718139964471,78.10552763819095,at5_4
158,0.28514797398431985,7.922035605774903e-06,0.7148441039800745,78.60301507537689,at5_4
159,0.2915006292840831,3.4468195257510216e-05,0.7084649025206594,79.10050251256281,at5_4
160,0.31229144197258885,0.00013012579158856968,0.6875784322358226,79.59798994974874,at5_4
161,0.34002936451482096,0.0004303039419105287,0.6595403315432684,80.09547738693468,at5_4
162,0.3641358010009995,0.0012672288633239516,0.6345969701356765,80.5929648241206,at5_4
163,0.37673716434463533,0.003372650442833513,0.6198901852125313,81.09045226130652,at5_4
164,0.3750472059680255,0.00816696408667332,0.6167858299453011,81.58793969849246,at5_4
165,0.361228195337743,0.017959475288731288,0.6208123293735258,82.08542713567839,at5_4
166,0.34111588011150873,0.03562003718790692,0.6232640827005843,82.58291457286433,at5_4
167,0.3214907188790331,0.06336029092360008,0.6151489901973668,83.08040201005025,at5_4
168,0.30646633405003965,0.10114423230559333,0.592389433644367,83.57788944723617,at5_4
169,0.2957674838419712,0.14602334395252792,0.5582091722055009,84.07537688442211,at5_4
170,0.28637230854223383,0.19294010093600525,0.520687590521761,84.57286432160804,at5_4
171,0.2755092188407328,0.23628896686273812,0.48820181429652904,85.07035175879396,at5_4
172,0.2624721757260593,0.27142550529160825,0.46610231898233245,85.5678391959799,at5_4
173,0.24865814106061399,0.29578851317454125,0.45555334576484474,86.06532663316582,at5_4
174,0.2365609694326145,0.3094703151863094,0.453968715381076,86.56281407035176,at5_4
175,0.22859035279043488,0.31509962879107084,0.45631001841849433,87.06030150753769,at5_4
176,0.22622696387874283,0.31699567010095053,0.45677736602030666,87.55778894472361,at5_4
177,0.22966079442966783,0.3196451126173586,0.4506940929529736,88.05527638190955,at5_4
178,0.23789080184860784,0.3258310888374448,0.43627810931394734,88.55276381909547,at5_4
179,0.24921399779662756,0.33546000669003434,0.4153259955133381,89.0502512562814,at5_4
180,0.26183416616823635,0.34633891344514756,0.39182692038661604,89.54773869346734,at5_4
181,0.27411427850194203,0.3565367677415152,0.36934895375654286,90.04522613065326,at5_4
182,0.2842887571226386,0.3663537553951751,0.34935748748218615,90.5427135678392,at5_4
183,0.29000458366038245,0.3787959116207872,0.33119950471883036,91.04020100502512,at5_4
184,0.28826780731883095,0.39889237686883455,0.31283981581233444,91.53768844221105,at5_4
185,0.27630372308772083,0.4320192401222721,0.2916770367900071,92.03517587939699,at5_4
186,0.2534401740318245,0.48094444532781666,0.26561538064035883,92.53266331658291,at5_4
187,0.2228155017037159,0.5427467900507758,0.23443770824550833,93.03015075376884,at5_4
188,0.190532496392095,0.6090571807601629,0.20041032284774207,93.52763819095478,at5_4
189,0.16202871315347028,0.6709479548270637,0.1670233320194661,94.0251256281407,at5_4
190,0.13923631950135126,0.7238518994918233,0.13691178100682558,94.52261306532664,at5_4
191,0.12094701616227017,0.7681138193363242,0.11093916450140567,95.02010050251256,at5_4
192,0.1047785814858635,0.8065622690321741,0.08865914948196245,95.51758793969849,at5_4
193,0.0886447044739942,0.8421995964195977,0.06915569910640808,96.01507537688443,at5_4
194,0.07141683468761252,0.876895670764644,0.05168749454774339,96.51256281407035,at5_4
195,0.05329060600948352,0.910597500932476,0.03611189305804043,97.01005025125627,at5_4
196,0.03590202678207766,0.9410929423126836,0.02300503090523869,97.50753768844221,at5_4
197,0.021545890532492066,0.9652772149576411,0.0131768945098669,98.00502512562814,at5_4
198,0.011587077533521476,0.9815936392960153,0.006819283170463306,98.50251256281406,at5_4
199,0.005705581208215601,0.9910403314937236,0.003254087298060705,99.0,at5_4
0,0.8457654435588157,0.15413124402208586,0.00010331241909829738,0.0,at3_3
1,0.8519083050690645,0.14790118586341022,0.00019050906752539137,0.2964824120603015,at3_3
2,0.8619788765887451,0.13768209119529165,0.0003390322159632661,0.592964824120603,at3_3
3,0.8757055529539237,0.12371661540787406,0.000577831638202138,0.8894472361809045,at3_3
4,0.892091363327291,0.10697182976515449,0.0009368069075543873,1.185929648241206,at3_3
5,0.9095000271569397,0.08906131860968328,0.0014386542333771134,1.4824120603015076,at3_3
6,0.9260987865094095,0.07180920985740455,0.0020920036331859727,1.778894472361809,at3_3
7,0.9404394973507362,0.05666959036368385,0.0028909122855801162,2.0753768844221105,at3_3
8,0.9518102882816386,0.044368711877790776,0.003820999840570744,2.371859296482412,at3_3
9,0.9602002277683414,0.0349324369179476,0.004867335313711093,2.6683417085427137,at3_3
10,0.9660244575900083,0.027956258315440602,0.006019284094551151,2.9648241206030153,at3_3
11,0.9698383125174888,0.02289046557938741,0.007271221903123809,3.261306532663317,at3_3
12,0.9721585408605429,0.019220823830538226,0.008620635308918793,3.557788944723618,at3_3
13,0.9733934028197561,0.016541246882497158,0.010065350297746849,3.8542713567839195,at3_3
14,0.9738388199682853,0.01456037436235297,0.011600805669361676,4.150753768844221,at3_3
15,0.9737018050163553,0.013080608986894844,0.013217585996749893,4.447236180904523,at3_3
16,0.9731291416274905,0.011971721515640278,0.014899136856869189,4.743718592964824,at3_3
17,0.9722323124843256,0.011148091685283386,0.01661959583039099,5.040201005025126,at3_3
18,0.9711065171416058,0.010551616915722416,0.018341865942671925,5.336683417085427,at3_3
19,0.9698441873552377,0.010139428740153023,0.020016383904609282,5.633165829145729,at3_3
20,0.9685436901241692,0.00987485078060815,0.02158145909522262,5.9296482412060305,at3_3
21,0.9673131412813232,0.009720404359450312,0.022966454359226524,6.226130653266332,at3_3
22,0.9662682480470006,0.009632644204206972,0.02409910774879246,6.522613065326634,at3_3
23,0.9655227549797644,0.009559854752638186,0.024917390267597414,6.819095477386935,at3_3
24,0.9651714929615545,0.009444477598721978,0.025384029439723576,7.115577889447236,at3_3
25,0.9652697466993361,0.009231454273174946,0.025498799027488955,7.4120603015075375,at3_3
26,0.965817012927018,0.008880805710063739,0.025302181362918355,7.708542713567839,at3_3
27,0.9667541229586162,0.008379131126850094,0.02486674591453366,8.00502512562814,at3_3
28,0.96797714898368,0.007743690653628301,0.024279160362691746,8.301507537688442,at3_3
29,0.969362365232812,0.007016369472289962,0.02362126529489809,8.597989949748744,at3_3
30,0.9707911043609161,0.006250633006469923,0.02295826263261402,8.894472361809045,at3_3
31,0.9721655771601887,0.0054978111812615535,0.022336611658549936,9.190954773869347,at3_3
32,0.9734133185900857,0.004797818310378887,0.02178886309953535,9.487437185929648,at3_3
33,0.9744831754901129,0.0041759018855874195,0.021340922624299576,9.78391959798995,at3_3
34,0.9753372496626858,0.0036441846299339817,0.02101856570738035,10.080402010050252,at3_3
35,0.9759421190234564,0.0032057599723887098,0.020852121004154945,10.376884422110553,at3_3
36,0.9762609739258046,0.0028594196237555296,0.020879606450439847,10.673366834170855,at3_3
37,0.9762471447429395,0.0026038438642824223,0.02114901139277812,10.969849246231156,at3_3
38,0.9758390870547522,0.0024407083408440264,0.021720204604403763,11.266331658291458,at3_3
39,0.9749570970014797,0.002376476896543759,0.02266642610197654,11.56281407035176,at3_3
40,0.9735026771164996,0.002422696978003179,0.024074625905497252,11.859296482412061,at3_3
41,0.9713623529514372,0.0025945293307250133,0.026043117717837825,12.155778894472363,at3_3
42,0.9684184094407808,0.002907232120152376,0.028674358439066773,12.452261306532664,at3_3
43,0.9645685849723247,0.003370644846058798,0.03206077018161658,12.748743718592966,at3_3
44,0.9597540670408253,0.003982588475243967,0.03626334448393076,13.045226130653267,at3_3
45,0.9539898157138573,0.004723363577588895,0.041286820708553745,13.341708542713569,at3_3
46,0.9473855419429807,0.005554357091166912,0.04706010096585246,13.63819095477387,at3_3
47,0.9401447700120753,0.006422929703975421,0.05343230028394927,13.934673366834172,at3_3
48,0.9325374388489367,0.007272890282443124,0.06018967086862023,14.231155778894472,at3_3
49,0.924855276188859,0.00805662468371183,0.06708809912742919,14.527638190954773,at3_3
50,0.9173684795266162,0.00874396673224825,0.0738875537411356,14.824120603015075,at3_3
51,0.9102995813035201,0.009325032934586483,0.08037538576189328,15.120603015075377,at3_3
52,0.9038189455889187,0.009807581651834442,0.08637347275924674,15.417085427135678,at3_3
53,0.8980555421943891,0.010211500633682336,0.09173295717192867,15.71356783919598,at3_3
54,0.8931123395429901,0.010562992936175342,0.09632466752083459,16.01005025125628,at3_3
55,0.8890771625819082,0.010889808973573367,0.10003302844451838,16.306532663316585,at3_3
56,0.8860238340506591,0.011217637670415217,0.10275852827892566,16.603015075376884,at3_3
57,0.8840027038376949,0.011567145710326137,0.10443015045197897,16.899497487437188,at3_3
58,0.8830237940255056,0.011951223885043978,0.10502498208945049,17.195979899497488,at3_3
59,0.8830394144380553,0.012372546366045673,0.10458803919589894,17.49246231155779,at3_3
60,0.8839348423881666,0.012822164558864813,0.10324299305296859,17.78894472361809,at3_3
61,0.8855336487016082,0.013280050126363617,0.10118630117202812,18.085427135678394,at3_3
62,0.8876183343818732,0.013717989969745966,0.0986636756483808,18.381909547738694,at3_3
63,0.8899600708040749,0.014104259543194103,0.09593566965273094,18.678391959798997,at3_3
64,0.8923478041073372,0.014408722893754887,0.09324347299890796,18.974874371859297,at3_3
65,0.8946087156264997,0.014606958135098824,0.09078432623840155,19.271356783919597,at3_3
66,0.8966170561116625,0.014682637505735802,0.0887003063826017,19.5678391959799,at3_3
67,0.8982930648925531,0.01462820765312404,0.08707872745432299,19.8643216080402,at3_3
68,0.8995958493267725,0.014444449037629608,0.08595970163559799,20.160804020100503,at3_3
69,0.9005138664920174,0.014139586895461232,0.08534654661252149,20.457286432160803,at3_3
70,0.9010553359416644,0.013728391827397997,0.08521627223093756,20.753768844221106,at3_3
71,0.9012396761429398,0.013231353503299256,0.08552897035376099,21.050251256281406,at3_3
72,0.9010903633102779,0.01267372360733874,0.08623591308238342,21.34673366834171,at3_3
73,0.900629374383459,0.012084126557006684,0.08728649905953431,21.64321608040201,at3_3
74,0.8998733039557434,0.011492561932358937,0.08863413411189767,21.939698492462313,at3_3
75,0.898831112280133,0.010927899240835984,0.09024098847903088,22.236180904522612,at3_3
76,0.8975032277304795,0.010415242477412906,0.09208152979210761,22.532663316582916,at3_3
77,0.8958815070748429,0.00997366774601995,0.0941448251791372,22.829145728643216,at3_3
78,0.8939495019165022,0.009614748523326985,0.09643574956017076,23.12562814070352,at3_3
79,0.8916826711508639,0.009342033138121734,0.09897529571101436,23.42211055276382,at3_3
80,0.8890486113490176,0.00915134886437776,0.10180003978660465,23.718592964824122,at3_3
81,0.886008023697014,0.009031586887404438,0.1049603894155815,24.015075376884422,at3_3
82,0.8825180368350255,0.008965524426310214,0.10851643873866434,24.311557788944725,at3_3
83,0.8785407898518703,0.008930267290853791,0.11252894285727578,24.608040201005025,at3_3
84,0.8740619509977055,0.00889705001544455,0.11704099898685014,24.90452261306533,at3_3
85,0.869125742016219,0.008830472653300316,0.1220437853304807,25.201005025125628,at3_3
86,0.8638931250136015,0.00868794245991746,0.1274189325264811,25.49748743718593,at3_3
87,0.8587226420450607,0.008421303732328344,0.132856054222611,25.79396984924623,at3_3
88,0.8542491743894431,0.007984126436123177,0.13776669917443365,26.090452261306535,at3_3
89,0.8513894140027695,0.007348124658666256,0.14126246133856438,26.386934673366834,at3_3
90,0.8511652831468205,0.006526858660792399,0.142307858192387,26.683417085427138,at3_3
91,0.854303065596474,0.005592773703827941,0.1401041606996982,26.979899497487438,at3_3
92,0.860794337418454,0.004666235463958802,0.13453942711758715,27.27638190954774,at3_3
93,0.869781641103065,0.0038723271123010375,0.12634603178463397,27.57286432160804,at3_3
94,0.8799167853675132,0.0032936358951330368,0.1167895787373537,27.869346733668344,at3_3
95,0.8899046316954659,0.0029522365011019625,0.10714313180343205,28.165829145728644,at3_3
96,0.898850276543621,0.002823806118085326,0.09832591733829363,28.462311557788944,at3_3
97,0.9063075960247432,0.0028631038947018413,0.090829300080555,28.758793969849247,at3_3
98,0.9121581987366035,0.003023427064999256,0.08481837419839731,29.055276381909547,at3_3
99,0.9164635802665343,0.003265829878871149,0.08027058985459459,29.35175879396985,at3_3
100,0.9193552051950274,0.003561174599711318,0.07708362020526138,29.64824120603015,at3_3
101,0.9209692720701412,0.0038889063253025784,0.07514182160455608,29.944723618090453,at3_3
102,0.9214124091498321,0.004235014384866045,0.07435257646530181,30.241206030150753,at3_3
103,0.9207435096664975,0.004590349928677587,0.07466614040482482,30.537688442211056,at3_3
104,0.918960953018385,0.004949814240532743,0.07608923274108237,30.834170854271356,at3_3
105,0.9159880455434465,0.005312761488614149,0.07869919296793938,31.13065326633166,at3_3
106,0.9116520674032182,0.005685062362390495,0.08266287023439131,31.42713567839196,at3_3
107,0.9056557667346594,0.006083471207222759,0.0882607620581178,31.723618090452263,at3_3
108,0.8975493347214214,0.006542916395329919,0.0959077488832487,32.02010050251256,at3_3
109,0.8867357023644008,0.007126243000241633,0.10613805463535757,32.31658291457286,at3_3
110,0.8725959116220839,0.00793176446412409,0.11947232391379195,32.61306532663317,at3_3
111,0.8548936227700267,0.00908399441614213,0.13602238281383117,32.90954773869347,at3_3
112,0.834574128402287,0.010681022320964984,0.15474484927674803,33.20603015075377,at3_3
113,0.8145787684917664,0.012688401156069966,0.17273283035216377,33.50251256281407,at3_3
114,0.7994261737327812,0.014856994516076891,0.18571683175114193,33.798994974874375,at3_3
115,0.7928127008736595,0.016810969791166933,0.19037632933517343,34.095477386934675,at3_3
116,0.7952670919099398,0.01828046930894979,0.18645243878111045,34.391959798994975,at3_3
117,0.8044471907173989,0.019230854933983885,0.17632195434861717,34.688442211055275,at3_3
118,0.8171926514929356,0.019790653380143762,0.16301669512692063,34.98492462311558,at3_3
119,0.8310073745926732,0.02012143663764503,0.14887118876968178,35.28140703517588,at3_3
120,0.8443929503703552,0.02034502048268818,0.13526202914695662,35.57788944723618,at3_3
121,0.8566237297550497,0.020529666698180814,0.1228466035467695,35.87437185929648,at3_3
122,0.8674486698441303,0.02070210191609823,0.11184922823977145,36.17085427135679,at3_3
123,0.8768745507215832,0.020864048077518613,0.10226140120089816,36.46733668341709,at3_3
124,0.8850332732770143,0.0210056000228726,0.09396112670011324,36.76381909547739,at3_3
125,0.8921052400995977,0.021114095598100957,0.08678066430230143,37.06030150753769,at3_3
126,0.8982763924981425,0.021179101236838565,0.08054450626501887,37.356783919597994,at3_3
127,0.9037153956465438,0.021194494858605185,0.07509010949485101,37.653266331658294,at3_3
128,0.9085632029995903,0.021158512004876926,0.07027828499553287,37.949748743718594,at3_3
129,0.9129303445799688,0.021072404493849988,0.06599725092618118,38.246231155778894,at3_3
130,0.9168990161315096,0.020938154596273347,0.06216282927221719,38.54271356783919,at3_3
131,0.920528143023181,0.020755526195330973,0.05871633078148804,38.8391959798995,at3_3
132,0.9238603882468945,0.020518636178230815,0.05562097557487474,39.1356783919598,at3_3
133,0.9269306882843337,0.02021222550619095,0.052857086209475296,39.4321608040201,at3_3
134,0.9297763305819874,0.019807968095303764,0.05041570132270881,39.7286432160804,at3_3
135,0.9324486870849484,0.019261602057673688,0.04828971085737792,40.02512562814071,at3_3
136,0.9350261132640975,0.018512563369309214,0.04646132336659329,40.321608040201006,at3_3
137,0.9376255520396342,0.017489166177027518,0.04488528178333836,40.618090452261306,at3_3
138,0.9404064804015976,0.01612354096265288,0.043469978635749425,40.914572864321606,at3_3
139,0.943556120455553,0.014379258528523408,0.04206462101592357,41.21105527638191,at3_3
140,0.9472449907671234,0.012287104080719338,0.040467905152157126,41.50753768844221,at3_3
141,0.9515567498252379,0.009970347494446846,0.03847290268031532,41.80402010050251,at3_3
142,0.9564262978480732,0.0076321452973562584,0.03594155685457046,42.10050251256281,at3_3
143,0.9616365540115228,0.005495393825091914,0.03286805216338523,42.39698492462312,at3_3
144,0.966890550212693,0.0037258670619671717,0.029383582725339863,42.69346733668342,at3_3
145,0.9719132757437263,0.0023882850305640634,0.0256984392257097,42.98994974874372,at3_3
146,0.9765190023804371,0.00145523825268709,0.022025759366875945,43.28643216080402,at3_3
147,0.9806209550491711,0.0008474731471609329,0.018531571803668035,43.582914572864325,at3_3
148,0.984204392940414,0.0004738657510462365,0.015321741308539763,43.879396984924625,at3_3
149,0.9872930929068318,0.0002552907091009778,0.012451616384067317,44.175879396984925,at3_3
150,0.989925396548661,0.00013283715601605626,0.009941766295323012,44.472361809045225,at3_3
151,0.9921421516911748,6.686265062685804e-05,0.007790985658198267,44.76884422110553,at3_3
152,0.9939828325024794,3.2584106307088815e-05,0.005984583391213527,45.06532663316583,at3_3
153,0.995485565740658,1.5379434599043158e-05,0.0044990548247428866,45.36180904522613,at3_3
154,0.9966881878190483,7.03029432392221e-06,0.0033047818866277427,45.65829145728643,at3_3
155,0.9976289275597185,3.1115060480654813e-06,0.0023679609342333436,45.95477386934674,at3_3
156,0.998346294096222,1.3326583226356944e-06,0.0016523732454554454,46.25125628140704,at3_3
157,0.9988782624653093,5.52035521686705e-07,0.0011211854991689822,46.54773869346734,at3_3
158,0.9992610525132388,2.2103658877670566e-07,0.0007387264501723201,46.84422110552764,at3_3
159,0.9995278334292278,8.55050086190116e-08,0.00047208106576369056,47.140703517587944,at3_3
160,0.9997076410170137,3.194379785307946e-08,0.00029232703918850183,47.437185929648244,at3_3
161,0.9998247050883124,1.1522719685716404e-08,0.00017528338896786384,47.733668341708544,at3_3
162,0.9998982696262966,4.013030319084627e-09,0.00010172636067300498,48.030150753768844,at3_3
163,0.999942872139426,1.3495120730562725e-09,5.712651106181647e-05,48.32663316582914,at3_3
164,0.9999689599340643,4.382849462042744e-10,3.1039627650659276e-05,48.62311557788945,at3_3
165,0.9999836809846738,1.3751155593432645e-10,1.631887781466077e-05,48.91959798994975,at3_3
166,0.9999916971581962,4.169479955315249e-11,8.302800108994422e-06,49.21608040201005,at3_3
167,0.9999959109410741,1.2222669883096216e-11,4.089046703199649e-06,49.51256281407035,at3_3
168,0.9999980500722343,3.465729049940952e-12,1.9499242999180354e-06,49.80904522613066,at3_3
169,0.9999990993092831,9.510199978714762e-13,9.006897658593285e-07,50.10552763819096,at3_3
170,0.9999995968351898,2.526909867497239e-13,4.031645576209335e-07,50.402010050251256,at3_3
171,0.9999998250373993,6.504962902717387e-14,1.7496253575202098e-07,50.698492462311556,at3_3
172,0.9999999263488323,1.623338890636342e-14,7.365115145008061e-08,50.99497487437186,at3_3
173,0.9999999699112996,3.9294670063771785e-15,3.008869657426958e-08,51.29145728643216,at3_3
174,0.9999999880648576,9.231198310383484e-16,1.193514140465631e-08,51.58793969849246,at3_3
175,0.9999999954011318,2.1057485416125173e-16,4.598868125766953e-09,51.88442211055276,at3_3
176,0.9999999982778993,4.6664423711443445e-17,1.722100738541995e-09,52.18090452261307,at3_3
177,0.9999999993730619,1.005054677480952e-17,6.269380155643128e-10,52.47738693467337,at3_3
178,0.9999999997780169,2.1047743292082212e-18,2.2198317292611127e-10,52.77386934673367,at3_3
179,0.9999999999235245,4.2877166305294785e-19,7.647560061664992e-11,53.07035175879397,at3_3
180,0.9999999999743534,8.500795604831817e-20,2.5646530175525122e-11,53.366834170854275,at3_3
181,0.9999999999916236,1.6411070582665625e-20,8.376390409921705e-12,53.663316582914575,at3_3
182,0.9999999999973341,3.0868140520137816e-21,2.6659400205004176e-12,53.959798994974875,at3_3
183,0.9999999999991727,5.660315636025382e-22,8.272958694678622e-13,54.256281407035175,at3_3
184,0.9999999999997495,1.012432729468653e-22,2.5044916330480486e-13,54.55276381909548,at3_3
185,0.9999999999999261,1.767072783106943e-23,7.399244729390811e-14,54.84924623115578,at3_3
186,0.9999999999999787,3.0097336378322232e-24,2.133443580491038e-14,55.14572864321608,at3_3
187,0.999999999999994,4.999923935748669e-25,6.000289664349333e-15,55.44221105527638,at3_3
188,0.9999999999999983,8.090168768930304e-26,1.643816321890144e-15,55.73869346733669,at3_3
189,0.9999999999999996,1.271650082585923e-26,4.3749946885220157e-16,56.03517587939699,at3_3
190,0.9999999999999999,1.9335051063406907e-27,1.1264018677543247e-16,56.33165829145729,at3_3
191,1.0,2.8264090255543277e-28,2.788317052801169e-17,56.62814070351759,at3_3
192,1.0,3.9415165967456935e-29,6.5848818582085114e-18,56.92462311557789,at3_3
193,1.0,5.199766444303874e-30,1.4711672773894765e-18,57.221105527638194,at3_3
194,1.0,6.44368733738653e-31,3.0875954084829733e-19,57.517587939698494,at3_3
195,1.0,7.475871349634699e-32,6.066913815264958e-20,57.814070351758794,at3_3
196,1.0,8.13510034983447e-33,1.1181494204101642e-20,58.11055276381909,at3_3
197,1.0,8.358210455759355e-34,1.9457662043996905e-21,58.4070351758794,at3_3
198,1.0,8.184777260174427e-35,3.2272527008682293e-22,58.7035175879397,at3_3
199,1.0,7.715322219368428e-36,5.1527162888049655e-23,59.0,at3_3
0,0.9239665775506033,0.06497481424494188,0.01105860820445489,0.0,at13_0
1,0.9224576186409041,0.06288852985687403,0.01465385150222179,0.49748743718592964,at13_0
2,0.9226974773864465,0.05908267089635819,0.01821985171719531,0.9949748743718593,at13_0
3,0.9245423510773396,0.05419146649724091,0.021266182425419423,1.4924623115577889,at13_0
4,0.9278835216404638,0.048750222164699174,0.023366256194836954,1.9899497487437185,at13_0
5,0.9326391334096635,0.04304275384058585,0.024318112749750726,2.487437185929648,at13_0
6,0.9386041120569315,0.03712196878594399,0.02427391915712453,2.9849246231155777,at13_0
7,0.9452599570037065,0.030966790271410576,0.023773252724882978,3.4824120603015074,at13_0
8,0.9517181740697944,0.024665596000030623,0.02361622993017507,3.979899497487437,at13_0
9,0.9569214368871558,0.01850412862116601,0.024574434491678208,4.477386934673366,at13_0
10,0.960053400903799,0.01290522093550484,0.027041378160696225,4.974874371859296,at13_0
11,0.960934928380281,0.00827243826726947,0.030792633352449465,5.472361809045226,at13_0
12,0.9601406089226209,0.0048402852957446585,0.035019105781634474,5.969849246231155,at13_0
13,0.9586942951986843,0.0026092607157468246,0.038696444085568896,6.467336683417085,at13_0
14,0.9574899149371651,0.0013891067647908235,0.04112097829804424,6.964824120603015,at13_0
15,0.956854147315965,0.0009129028784146519,0.042232949805620354,7.4623115577889445,at13_0
16,0.9565652545269708,0.000943222005092669,0.04249152346793644,7.959798994974874,at13_0
17,0.956214995788063,0.0013115686580398688,0.04247343555389709,8.457286432160803,at13_0
18,0.9555661078511205,0.0018946761152814158,0.04253921603359807,8.954773869346733,at13_0
19,0.9546966512114009,0.0025704544282169938,0.04273289436038222,9.452261306532662,at13_0
20,0.9539414997830489,0.00319350780052557,0.04286499241642565,9.949748743718592,at13_0
21,0.9537320294013366,0.0036084200290796803,0.04265955056958373,10.447236180904522,at13_0
22,0.9544264238813831,0.003694946943992194,0.04187862917462459,10.944723618090451,at13_0
23,0.9561923012925012,0.0034184143472060493,0.040389284360292835,11.442211055276381,at13_0
24,0.958976718724287,0.002850132151353347,0.03817314912435968,11.93969849246231,at13_0
25,0.9625645170105627,0.0021381205422140413,0.03529736244722323,12.43718592964824,at13_0
26,0.9666814422025309,0.0014435043176101732,0.03187505347985889,12.93467336683417,at13_0
27,0.9710748594486845,0.0008828731423309122,0.028042267408984568,13.4321608040201,at13_0
28,0.9755308535232218,0.0005068142251448743,0.0239623322516332,13.92964824120603,at13_0
29,0.9798418558742782,0.0003133171304433167,0.019844826995278456,14.42713567839196,at13_0
30,0.9837775383800551,0.0002740821866013546,0.015948379433343547,14.924623115577889,at13_0
31,0.9871050055068885,0.00035368634034930606,0.012541308152762184,15.422110552763819,at13_0
32,0.9896530896500697,0.0005157835745590036,0.009831126775371249,15.919597989949748,at13_0
33,0.9913643400011831,0.0007227884639466339,0.007912871534870296,16.417085427135678,at13_0
34,0.9922870925634973,0.0009374912516732037,0.0067754161848294255,16.914572864321606,at13_0
35,0.9925152202967431,0.0011291063384577414,0.006355673364799239,17.412060301507537,at13_0
36,0.9921143985001153,0.0012808202510493356,0.006604781248835412,17.909547738693465,at13_0
37,0.9910625978561299,0.0013944248989766546,0.0075429772448935666,18.407035175879397,at13_0
38,0.9892174161995433,0.001487714700980962,0.009294869099475625,18.904522613065325,at13_0
39,0.9863324223970829,0.001580923248060455,0.012086654354856738,19.402010050251256,at13_0
40,0.9821660571664133,0.0016736542424474637,0.016160288591139237,19.899497487437184,at13_0
41,0.9766902984162565,0.0017285011233904245,0.021581200460353105,20.396984924623116,at13_0
42,0.9702520095258043,0.0016880272225785506,0.028059963251617213,20.894472361809044,at13_0
43,0.9634605640207229,0.0015222699770521925,0.035017166002224986,21.391959798994975,at13_0
44,0.9568622482612967,0.0012566097545107433,0.0418811419841925,21.889447236180903,at13_0
45,0.9507466423889259,0.0009511711616704995,0.04830218644940353,22.386934673366834,at13_0
46,0.9452224329462711,0.0006632402030838402,0.05411432685064501,22.884422110552762,at13_0
47,0.940409456585775,0.0004271606612704647,0.0591633827529545,23.381909547738694,at13_0
48,0.9365993553788532,0.00025398538470151866,0.06314665923644537,23.87939698492462,at13_0
49,0.9343294325724856,0.00013959672764301097,0.06553097069987136,24.376884422110553,at13_0
50,0.9343137326473586,7.378942266654871e-05,0.06561247792997506,24.87437185929648,at13_0
51,0.9371403810987636,4.825903695256732e-05,0.06281135986428381,25.371859296482413,at13_0
52,0.9427501867817114,6.35278126829675e-05,0.05718628540560555,25.86934673366834,at13_0
53,0.9500619463461245,0.00013372669311268823,0.049804326960762785,26.366834170854272,at13_0
54,0.957289097780984,0.0002863029102364868,0.04242459930877964,26.8643216080402,at13_0
55,0.9628387984757001,0.0005555743859108044,0.036605627138389066,27.36180904522613,at13_0
56,0.965903479375729,0.0009727961873573806,0.03312372443691356,27.85929648241206,at13_0
57,0.9662693050616044,0.001552778492229448,0.03217791644616619,28.35678391959799,at13_0
58,0.9637455051359235,0.002269541302181872,0.03398495356189456,28.85427135678392,at13_0
59,0.9577933046949041,0.003013768169317154,0.039192927135778904,29.35175879396985,at13_0
60,0.9478131267744958,0.0035555699444453294,0.04863130328105901,29.849246231155778,at13_0
61,0.9343834561039817,0.003613548368532709,0.062002995527485505,30.34673366834171,at13_0
62,0.9203724494662824,0.0031078044812821574,0.07651974605243549,30.844221105527637,at13_0
63,0.9094690551833907,0.0023211595300690418,0.0882097852865403,31.34170854271357,at13_0
64,0.9033404481400611,0.0016493462722437788,0.09501020558769516,31.839195979899497,at13_0
65,0.9013821341772446,0.0012977511995278792,0.0973201146232276,32.336683417085425,at13_0
66,0.9023500385896235,0.0012715237696891985,0.09637843764068721,32.834170854271356,at13_0
67,0.905359854757392,0.0014894693938152382,0.09315067584879273,33.33165829145729,at13_0
68,0.9099797245158183,0.0018515229762754105,0.08816875250790639,33.82914572864321,at13_0
69,0.9160086332926591,0.0022561273371659073,0.08173523937017514,34.32663316582914,at13_0
70,0.9232649993394774,0.0026037247427258743,0.07413127591779688,34.824120603015075,at13_0
71,0.9314703705061266,0.002805694292425659,0.06572393520144774,35.321608040201006,at13_0
72,0.9402189186980001,0.0028007555844826552,0.05698032571751734,35.81909547738693,at13_0
73,0.9489889119394962,0.0025720053028414932,0.048439082757662365,36.31658291457286,at13_0
74,0.9571660065614975,0.0021557222427822102,0.04067827119572026,36.814070351758794,at13_0
75,0.9641045075153589,0.0016346072978378292,0.034260885186803244,37.311557788944725,at13_0
76,0.9692853607933518,0.0011122717448917544,0.02960236746175639,37.80904522613065,at13_0
77,0.9725466035039582,0.0006758713063043675,0.026777525189737496,38.30653266331658,at13_0
78,0.9742084342102005,0.00036692118399282866,0.02542464460580658,38.80402010050251,at13_0
79,0.9749286448021043,0.00017908718291678494,0.024892268014978906,39.301507537688444,at13_0
80,0.9753720227702324,7.958609604435821e-05,0.024548391133723323,39.79899497487437,at13_0
81,0.9759346208146892,3.344750069641477e-05,0.024031931684614493,40.2964824120603,at13_0
82,0.9766342671313635,1.6526078453794196e-05,0.023349206790182788,40.79396984924623,at13_0
83,0.9770827005342463,1.863482128867666e-05,0.022898664644465067,41.29145728643216,at13_0
84,0.9763961040402721,4.498072261871855e-05,0.023558915237109068,41.78894472361809,at13_0
85,0.9729718250089645,0.0001227656812569043,0.02690540930977871,42.28643216080402,at13_0
86,0.9643018535822707,0.00031354955345590615,0.03538459686427333,42.78391959798995,at13_0
87,0.9476152455505588,0.000712305068863037,0.051672449380578196,43.28140703517588,at13_0
88,0.9225492014227616,0.001382322748616441,0.07606847582862186,43.778894472361806,at13_0
89,0.8941752965502007,0.0022272404089579774,0.10359746304084139,44.27638190954774,at13_0
90,0.8704146582678514,0.002987842703202051,0.12659749902894654,44.77386934673367,at13_0
91,0.8554426026651624,0.0034404777717216015,0.14111691956311606,45.2713567839196,at13_0
92,0.8484298143990279,0.0035229532576998577,0.14804723234327222,45.768844221105525,at13_0
93,0.8468166828924993,0.0032923987618157092,0.14989091834568494,46.266331658291456,at13_0
94,0.8485638758159,0.0028597183480072344,0.14857640583609294,46.76381909547739,at13_0
95,0.8525945723898871,0.002359592319559383,0.1450458352905534,47.26130653266332,at13_0
96,0.8585705222097544,0.0019369335152663065,0.1394925442749793,47.75879396984924,at13_0
97,0.8665757929582126,0.0017338279425427067,0.1316903790992447,48.256281407035175,at13_0
98,0.8767987704302017,0.0018701305567606883,0.12133109901303758,48.753768844221106,at13_0
99,0.8891888693617598,0.0024079684536519297,0.10840316218458838,49.25125628140703,at13_0
100,0.9031216229350115,0.0032960118206436066,0.09358236524434485,49.74874371859296,at13_0
101,0.9172486098253496,0.004324534620240478,0.07842685555440992,50.246231155778894,at13_0
102,0.9297781536550542,0.005160242808186399,0.06506160353675948,50.743718592964825,at13_0
103,0.9391780926611402,0.005488922117399928,0.05533298522145977,51.24120603015075,at13_0
104,0.9448716605824788,0.005176277576150884,0.04995206184137022,51.73869346733668,at13_0
105,0.9474949661146763,0.004322331575239327,0.048182702310084195,52.23618090452261,at13_0
106,0.9486686202540515,0.0031889289123772893,0.048142450833571104,52.733668341708544,at13_0
107,0.9504007499784052,0.0020705382652546705,0.04752871175634016,53.23115577889447,at13_0
108,0.954226232307921,0.001179291357437516,0.04459447633464142,53.7286432160804,at13_0
109,0.96045550307487,0.0005898258188862642,0.03895467110624364,54.22613065326633,at13_0
110,0.9681281173663105,0.000260980806522196,0.03161090182716721,54.72361809045226,at13_0
111,0.9757422944612176,0.00010347332394209596,0.02415423221484023,55.22110552763819,at13_0
112,0.9820911698224958,3.73270306506236e-05,0.0178715031468536,55.71859296482412,at13_0
113,0.9866196684234333,1.2436250419726763e-05,0.013367895326147,56.21608040201005,at13_0
114,0.9893195392763284,3.876208884896533e-06,0.010676584514786727,56.71356783919598,at13_0
115,0.9904661441690936,1.1415512734883992e-06,0.009532714279632929,57.211055276381906,at13_0
116,0.9903969972142073,3.1979760449900403e-07,0.009602682988188194,57.70854271356784,at13_0
117,0.9893524579491625,8.549663572178352e-08,0.010647456554201714,58.20603015075377,at13_0
118,0.9872730536284035,2.179385713343701e-08,0.012726924577739471,58.7035175879397,at13_0
119,0.9833265195508809,5.263449358471483e-09,0.016673475185669685,59.201005025125625,at13_0
120,0.9747908989905536,1.1870464915148506e-09,0.025209099822399893,59.698492462311556,at13_0
121,0.9551279406468951,2.4335242525326724e-10,0.04487205910975247,60.19597989949749,at13_0
122,0.9132569529685579,4.342270484897793e-11,0.08674304698801925,60.69346733668342,at13_0
123,0.840983916511137,6.3861531155193906e-12,0.15901608348247687,61.19095477386934,at13_0
124,0.7495107275158235,7.781806358685807e-13,0.2504892724833985,61.688442211055275,at13_0
125,0.6680100873243474,4.925121570855652e-13,0.33198991267516,62.185929648241206,at13_0
126,0.616426058541926,4.232003102459998e-12,0.383573941453842,62.68341708542714,at13_0
127,0.595425745486131,3.6713665947653586e-11,0.40457425447715534,63.18090452261306,at13_0
128,0.5981874871965304,2.8544753022335054e-10,0.40181251251802214,63.678391959798994,at13_0
129,0.619188899609627,2.00002131338338e-09,0.3808110983903516,64.17587939698493,at13_0
130,0.6547526112069137,1.2511570554636132e-08,0.3452473762815157,64.67336683417085,at13_0
131,0.6999939625033754,6.863904474582709e-08,0.30000596885757985,65.17085427135679,at13_0
132,0.7469761581240955,3.250991679579073e-07,0.2530235167767366,65.66834170854271,at13_0
133,0.787555031296954,1.3256523396034388e-06,0.21244364305070634,66.16582914572864,at13_0
134,0.8182477066256816,4.707194039425193e-06,0.18174758618027903,66.66331658291458,at13_0
135,0.8409424224307395,1.4801998909770824e-05,0.15904277557035074,67.1608040201005,at13_0
136,0.8596224898292432,4.1760836647971064e-05,0.14033574933410878,67.65829145728642,at13_0
137,0.8774107724207557,0.00010639660198391065,0.12248283097726034,68.15577889447236,at13_0
138,0.8955580041389418,0.00024541951660734065,0.10419657634445087,68.65326633165829,at13_0
139,0.9137413262358165,0.0005138755686873962,0.08574479819549609,69.15075376884423,at13_0
140,0.9308690636671187,0.0009816289856227041,0.06814930734725848,69.64824120603015,at13_0
141,0.9458118556884998,0.0017228767349916298,0.05246526757650856,70.14572864321607,at13_0
142,0.957748329154076,0.0027988419488423717,0.039452828897081536,70.64321608040201,at13_0
143,0.9661612631898386,0.004233162629799562,0.02960557418036179,71.14070351758794,at13_0
144,0.970690216823312,0.00598064529102862,0.023329137885659372,71.63819095477386,at13_0
145,0.9709936745155753,0.007895581973561955,0.021110743510862753,72.1356783919598,at13_0
146,0.9666856269812287,0.009714838088653328,0.023599534930117978,72.63316582914572,at13_0
147,0.9573913588678016,0.011079371151374202,0.03152926998082433,73.13065326633166,at13_0
148,0.9429793293875496,0.01161639597125964,0.045404274641190706,73.62814070351759,at13_0
149,0.9239861178550534,0.011079629160065323,0.06493425298488116,74.12562814070351,at13_0
150,0.9020961559717992,0.009494898519230162,0.08840894550897065,74.62311557788945,at13_0
151,0.8803046772285584,0.0072140862439392895,0.11248123652750217,75.12060301507537,at13_0
152,0.8623162923693203,0.004799272799266423,0.13288443483141338,75.6180904522613,at13_0
153,0.8511755763891128,0.002770354418931895,0.14605406919195527,76.11557788944724,at13_0
154,0.8479917365880129,0.0013830962305955176,0.15062516718139168,76.61306532663316,at13_0
155,0.851819158960687,0.000599170649066157,0.14758167039024678,77.1105527638191,at13_0
156,0.8606374593497752,0.0002271354604913562,0.1391354051897334,77.60804020100502,at13_0
157,0.8723801565984884,7.619115603510399e-05,0.12754365224547642,78.10552763819095,at13_0
158,0.8853548914776459,2.2879171681162998e-05,0.11462222935067297,78.60301507537689,at13_0
159,0.8982143850652695,6.211829805420555e-06,0.101779403104925,79.10050251256281,at13_0
160,0.9098226742245475,1.534897286510668e-06,0.09017579087816589,79.59798994974874,at13_0
161,0.9191535643277057,3.4573673625230887e-07,0.08084608993555788,80.09547738693468,at13_0
162,0.9252372924314597,7.072420545803143e-08,0.07476263684433483,80.5929648241206,at13_0
163,0.9272078759424666,1.3029567814597623e-08,0.07279211102796554,81.09045226130652,at13_0
164,0.9245359094419033,2.1410955695451577e-09,0.07546408841700111,81.58793969849246,at13_0
165,0.9173615930157877,3.1188828015550043e-10,0.08263840667232392,82.08542713567839,at13_0
166,0.9065614185013541,4.030022365012316e-11,0.09343858145834573,82.58291457286433,at13_0
167,0.8933372120352104,4.648397772874557e-12,0.10666278796014123,83.08040201005025,at13_0
168,0.8787272635257313,4.818805126279078e-13,0.12127273647378681,83.57788944723617,at13_0
169,0.8636156555964374,4.4989396602954916e-14,0.13638434440351763,84.07537688442211,at13_0
170,0.8493230259300673,3.765259233862875e-15,0.1506769740699291,84.57286432160804,at13_0
171,0.8382253253148533,2.799362335276586e-16,0.16177467468514636,85.07035175879396,at13_0
172,0.8334677425678074,1.8340225540213586e-17,0.16653225743219252,85.5678391959799,at13_0
173,0.8374493809509278,1.056747513780666e-18,0.16255061904907217,86.06532663316582,at13_0
174,0.8503023360734527,5.382671087349199e-20,0.14969766392654713,86.56281407035176,at13_0
175,0.869839127069561,2.446322546493163e-21,0.13016087293043901,87.06030150753769,at13_0
176,0.8927716891289688,1.0015623011933814e-22,0.10722831087103125,87.55778894472361,at13_0
177,0.9160027073337569,3.722446515041954e-24,0.08399729266624319,88.05527638190955,at13_0
178,0.9373141493372762,1.2624223216190585e-25,0.06268585066272381,88.55276381909547,at13_0
179,0.9554721490764788,3.916701569259574e-27,0.04452785092352129,89.0502512562814,at13_0
180,0.9700148817202007,1.1118189653566887e-28,0.02998511827979939,89.54773869346734,at13_0
181,0.9809796836468605,2.883043642413668e-30,0.019020316353139537,90.04522613065326,at13_0
182,0.9887134787765398,6.816354830089226e-32,0.01128652122346015,90.5427135678392,at13_0
183,0.9937687195155345,1.4685355236281631e-33,0.0062312804844655515,91.04020100502512,at13_0
184,0.9968091097947771,2.886467222197523e-35,0.0031908902052228804,91.53768844221105,at13_0
185,0.99848784724265,5.18335803854063e-37,0.0015121527573499574,92.03517587939699,at13_0
186,0.9993397945268272,8.490751532567118e-39,0.0006602054731727569,92.53266331658291,at13_0
187,0.9997370860355155,1.2590017053221996e-40,0.000262913964484455,93.03015075376884,at13_0
188,0.9999060841340357,1.664812648934407e-42,9.391586596431237e-05,93.52763819095478,at13_0
189,0.9999705141001193,1.9262523492674211e-44,2.9485899880615614e-05,94.0251256281407,at13_0
190,0.9999919954498652,1.920504428539653e-46,8.004550134935045e-06,94.52261306532664,at13_0
191,0.99999812917765,1.6441375254893412e-48,1.8708223501041233e-06,95.02010050251256,at13_0
192,0.9999996198697293,1.2211578170190378e-50,3.8013027060305557e-07,95.51758793969849,at13_0
193,0.9999999315870368,8.020763583021253e-53,6.841296326072879e-08,96.01507537688443,at13_0
194,0.9999999888704222,4.756087912311323e-55,1.1129577876637475e-08,96.51256281407035,at13_0
195,0.9999999983350912,2.5907667721612886e-57,1.6649086660567697e-09,97.01005025125627,at13_0
196,0.9999999997681744,1.312591720575674e-59,2.3182566145481297e-10,97.50753768844221,at13_0
197,0.9999999999697234,6.233605856567559e-62,3.0276577627935136e-11,98.00502512562814,at13_0
198,0.9999999999962741,2.788186603819023e-64,3.725936538488079e-12,98.50251256281406,at13_0
199,0.9999999999995665,1.1788153143381032e-66,4.335834739390531e-13,99.0,at13_0
0,0.989064435924788,1.1013066764047568e-88,0.010935564075212003,0.0,at6_4
1,0.9858840878819011,4.1162849390302324e-86,0.014115912118098808,0.4723618090452261,at6_4
2,0.9833473199036671,1.4060789624749846e-83,0.016652680096332993,0.9447236180904522,at6_4
3,0.9820767198179807,4.381986518845666e-81,0.01792328018201925,1.4170854271356783,at6_4
4,0.9823200918305484,1.25157696674744e-78,0.0176799081694517,1.8894472361809045,at6_4
5,0.983887990914113,3.30245719707318e-76,0.016112009085887006,2.3618090452261304,at6_4
6,0.986321834483964,8.116619302156336e-74,0.013678165516036008,2.8341708542713566,at6_4
7,0.9891117038351956,1.8697700212537864e-71,0.010888296164804443,3.306532663316583,at6_4
8,0.9918365246406522,4.0508375775787484e-69,0.008163475359347852,3.778894472361809,at6_4
9,0.9942113403468873,8.256674972646908e-67,0.005788659653112715,4.251256281407035,at6_4
10,0.996075446680458,1.5794551162044284e-64,0.003924553319542037,4.723618090452261,at6_4
11,0.997354529847327,2.821891306399423e-62,0.0026454701526730283,5.1959798994974875,at6_4
12,0.9980188372353329,4.678013640131315e-60,0.0019811627646671524,5.668341708542713,at6_4
13,0.9980531162977043,7.145718599791072e-58,0.001946883702295549,6.14070351758794,at6_4
14,0.997449467505311,1.0001033849453974e-55,0.002550532494689038,6.613065326633166,at6_4
15,0.9962232453580628,1.2790794478379942e-53,0.003776754641937179,7.085427135678392,at6_4
16,0.9944364242663611,1.4962163556430588e-51,0.005563575733638936,7.557788944723618,at6_4
17,0.9922083939246898,1.6064858503832235e-49,0.007791606075310155,8.030150753768844,at6_4
18,0.9897080812808179,1.5898647707065758e-47,0.010291918719182119,8.50251256281407,at6_4
19,0.9871360221301871,1.454125465444294e-45,0.012863977869812986,8.974874371859297,at6_4
20,0.9847050713512615,1.2286886055189304e-43,0.015294928648738562,9.447236180904522,at6_4
21,0.9826216184020934,9.552677995039329e-42,0.01737838159790662,9.919597989949748,at6_4
22,0.9810676774825966,6.782826309657935e-40,0.018932322517403385,10.391959798994975,at6_4
23,0.9801849431815619,4.355762184431687e-38,0.019815056818438162,10.864321608040202,at6_4
24,0.9800536679323273,2.5044353610747667e-36,0.0199463320676727,11.336683417085426,at6_4
25,0.9806510735437521,1.2789604165479277e-34,0.019348926456247906,11.809045226130653,at6_4
26,0.981802243563512,5.776648963065887e-33,0.018197756436487956,12.28140703517588,at6_4
27,0.9831928259054538,2.307065328742087e-31,0.016807174094546202,12.753768844221105,at6_4
28,0.9844999292971762,8.164338243533044e-30,0.0155000707028238,13.226130653266331,at6_4
29,0.9855799200807553,2.5659431317527545e-28,0.0144200799192447,13.698492462311558,at6_4
30,0.9865597326180394,7.171900382287679e-27,0.013440267381960599,14.170854271356784,at6_4
31,0.987730151888471,1.7848031634752327e-25,0.012269848111529006,14.64321608040201,at6_4
32,0.9893050104853488,3.964868445406852e-24,0.010694989514651195,15.115577889447236,at6_4
33,0.9912421081892031,7.900283544904851e-23,0.00875789181079686,15.587939698492463,at6_4
34,0.9932629251392431,1.4209944052380571e-21,0.006737074860756987,16.060301507537687,at6_4
35,0.9950146931901692,2.321639114526911e-20,0.004985306809830715,16.532663316582916,at6_4
36,0.9962262399672676,3.4621857861399206e-19,0.0037737600327323413,17.00502512562814,at6_4
37,0.9967797988695204,4.726761842241501e-18,0.003220201130479695,17.477386934673365,at6_4
38,0.9967126836188548,5.916147535052328e-17,0.0032873163811451707,17.949748743718594,at6_4
39,0.9961880659176752,6.78908716021517e-16,0.00381193408232419,18.42211055276382,at6_4
40,0.9954559018123897,7.13496294782033e-15,0.004544098187603084,18.894472361809044,at6_4
41,0.9948029229115785,6.851743163152551e-14,0.005197077088353047,19.366834170854272,at6_4
42,0.9944837796997722,5.994756013934858e-13,0.005516220299628321,19.839195979899497,at6_4
43,0.9946417130881152,4.7663953843439745e-12,0.0053582869071183885,20.31155778894472,at6_4
44,0.995256114152115,3.4404122750341343e-11,0.004743885813480817,20.78391959798995,at6_4
45,0.996157368230379,2.2567157436697232e-10,0.0038426315439494,21.256281407035175,at6_4
46,0.9971025547173705,1.3484372195448577e-09,0.0028974439341922513,21.728643216080403,at6_4
47,0.9978547190390192,7.355994789974522e-09,0.0021452736049859165,22.201005025125628,at6_4
48,0.9982154315553127,3.6656973817419435e-08,0.0017845317877133997,22.673366834170853,at6_4
49,0.9980120044194952,1.6657788668232467e-07,0.001987829002617975,23.14572864321608,at6_4
50,0.9970807479309014,6.877572330516733e-07,0.0029185643118655306,23.618090452261306,at6_4
51,0.99529009154021,2.5685042929408634e-06,0.004707339955497185,24.09045226130653,at6_4
52,0.9926151953610252,8.641455128902679e-06,0.007376163183845983,24.56281407035176,at6_4
53,0.9892227844093192,2.611082711610235e-05,0.010751104763564768,25.035175879396984,at6_4
54,0.9854849422145925,7.070789553673618e-05,0.01444434988987078,25.50753768844221,at6_4
55,0.9818569034388505,0.00017136332247807206,0.017971733238671343,25.979899497487438,at6_4
56,0.9786438983322214,0.0003713882399052063,0.020984713427873412,26.452261306532662,at6_4
57,0.9758034447813105,0.000719797746968017,0.023476757471721437,26.924623115577887,at6_4
58,0.9729700058624736,0.0012489352920353834,0.02578105884549092,27.396984924623116,at6_4
59,0.9697534452420256,0.0019445055722423154,0.02830204918573207,27.86934673366834,at6_4
60,0.9661262806180472,0.002726249973175436,0.03114746940877734,28.34170854271357,at6_4
61,0.962599932316355,0.0034598072022621164,0.03394026048138289,28.814070351758794,at6_4
62,0.9600278369372723,0.0040045903646932415,0.03596757269803441,29.28643216080402,at6_4
63,0.9591552410532974,0.0042757830559144805,0.03656897589078811,29.758793969849247,at6_4
64,0.9602219859888235,0.0042825492998884,0.035495464711288206,30.231155778894472,at6_4
65,0.9628657013954488,0.00411688871651591,0.03301740988803518,30.703517587939697,at6_4
66,0.9663396671082108,0.003900733152788826,0.02975959973900035,31.175879396984925,at6_4
67,0.9698587522352402,0.0037257309694848826,0.026415516795274988,31.64824120603015,at6_4
68,0.9728529513834778,0.0036212705034657155,0.02352577811305637,32.120603015075375,at6_4
69,0.9750173065243816,0.0035644088170932635,0.02141828465852516,32.5929648241206,at6_4
70,0.9761955226512067,0.003517609443195441,0.020286867905597805,33.06532663316583,at6_4
71,0.9762310781333579,0.0034646556132783856,0.02030426625336375,33.537688442211056,at6_4
72,0.974922904031268,0.0034200456855247273,0.021657050283207274,34.01005025125628,at6_4
73,0.9721415011430702,0.0034071259937978023,0.02445137286313202,34.482412060301506,at6_4
74,0.9680313556427196,0.0034232120516472825,0.028545432305633087,34.95477386934673,at6_4
75,0.9631144102908886,0.003423296071537499,0.033462293637573956,35.427135678391956,at6_4
76,0.9581385600382144,0.0033433201325759254,0.03851811982920975,35.89949748743719,at6_4
77,0.9537310914804839,0.003149364300522216,0.04311954421899409,36.37185929648241,at6_4
78,0.9501132595345756,0.002873239552889077,0.047013500912535394,36.84422110552764,at6_4
79,0.9470733662505773,0.0026072023023861546,0.050319431447036544,37.31658291457286,at6_4
80,0.9441807683728782,0.0024620413867162995,0.05335719024040534,37.78894472361809,at6_4
81,0.941096008887095,0.002511072358673979,0.05639291875423107,38.26130653266332,at6_4
82,0.9378305266727059,0.0027456099400881445,0.05942386338720597,38.733668341708544,at6_4
83,0.934844357843761,0.003064977235199935,0.06209066492103916,39.20603015075377,at6_4
84,0.9329224908428284,0.003312460911239862,0.06376504824593184,39.678391959798994,at6_4
85,0.9328661296539028,0.0033440619373421416,0.06378980840875507,40.15075376884422,at6_4
86,0.9351412727168086,0.003093832918782238,0.06176489436440928,40.62311557788944,at6_4
87,0.9396624661390542,0.002599179460175066,0.05773835440077067,41.095477386934675,at6_4
88,0.9458170154128076,0.001974631004833866,0.052208353582358445,41.5678391959799,at6_4
89,0.9526995220060672,0.001354243320942851,0.0459462346729899,42.040201005025125,at6_4
90,0.9594170355237659,0.0008380223705399616,0.0397449421056941,42.51256281407035,at6_4
91,0.9653111599469878,0.0004679893642925198,0.03422085068871966,42.984924623115575,at6_4
92,0.9700245903371917,0.00023597417713169363,0.029739435485676584,43.45728643216081,at6_4
93,0.9734450906146624,0.00010751111406280015,0.02644739827127498,43.92964824120603,at6_4
94,0.9756133454667163,4.42979157262746e-05,0.024342356617557452,44.402010050251256,at6_4
95,0.9766617937995213,1.6524376278153126e-05,0.023321681824200625,44.87437185929648,at6_4
96,0.9767950800601154,5.588218805642134e-06,0.023199331721078922,45.346733668341706,at6_4
97,0.9762799828868245,1.7161082989455458e-06,0.023718301004876444,45.81909547738693,at6_4
98,0.9754113516198952,4.793922376753361e-07,0.02458816898786723,46.29145728643216,at6_4
99,0.9744505536356441,1.2199072528496987e-07,0.02554932437363061,46.76381909547739,at6_4
100,0.9735617749862409,2.8296701912457113e-08,0.02643819671705731,47.23618090452261,at6_4
101,0.9727781950965175,5.9807897909962845e-09,0.02722179892269269,47.70854271356784,at6_4
102,0.9720192206621282,1.1503141692886426e-09,0.027980778187557696,48.18090452261306,at6_4
103,0.9711625145669179,2.009256902477292e-10,0.028837485232156405,48.653266331658294,at6_4
104,0.9701506222850094,3.180811749952147e-11,0.029849377683182472,49.12562814070352,at6_4
105,0.9690827666093872,4.674530012959445e-12,0.030917233385938242,49.597989949748744,at6_4
106,0.9682264885556052,1.6910181384354768e-12,0.03177351144270378,50.07035175879397,at6_4
107,0.9679104649920351,8.61642288796918e-12,0.03208953499934856,50.54271356783919,at6_4
108,0.9683392754336575,5.943869300214473e-11,0.03166072450690397,51.01507537688442,at6_4
109,0.9694532116467794,3.7174943588934086e-10,0.030546787981471063,51.48743718592965,at6_4
110,0.9709441963749924,2.0969862469886203e-09,0.02905580152802143,51.959798994974875,at6_4
111,0.9724159756903735,1.0696483964342235e-08,0.027584013613142326,52.4321608040201,at6_4
112,0.973569687991096,4.944343495514075e-08,0.026430262565469233,52.904522613065325,at6_4
113,0.9743070821657287,2.073349634749384e-07,0.02569271049930782,53.37688442211055,at6_4
114,0.9747247932533909,7.889872482123178e-07,0.02527441775936093,53.849246231155774,at6_4
115,0.9750330058986785,2.7247674033993364e-06,0.02496426933391802,54.321608040201006,at6_4
116,0.9754452497692923,8.540673183389493e-06,0.024546209557524498,54.79396984924623,at6_4
117,0.9760739000767368,2.4297537180177213e-05,0.023901802386082947,55.266331658291456,at6_4
118,0.9768549677467896,6.272442208968444e-05,0.023082307831120575,55.73869346733668,at6_4
119,0.9775309217633995,0.0001469013935442427,0.022322176843056252,56.211055276381906,at6_4
120,0.9777237902098821,0.0003123297053016355,0.02196388008481615,56.68341708542714,at6_4
121,0.9770927320747069,0.0006042875188003078,0.02230298040649274,57.15577889447236,at6_4
122,0.9754993324539418,0.0010686846010535308,0.023431982945004676,57.62814070351759,at6_4
123,0.9730812487969942,0.0017378550917763367,0.02518089611122956,58.10050251256281,at6_4
124,0.9702012949917322,0.0026153726186887005,0.02718333238957908,58.57286432160804,at6_4
125,0.9673216219184002,0.0036646988997094797,0.029013679181890396,59.04522613065326,at6_4
126,0.9648744422706904,0.0048058078349437604,0.03031974989436579,59.517587939698494,at6_4
127,0.9631723597792551,0.005921944616443764,0.030905695604301234,59.98994974874372,at6_4
128,0.9623669227016881,0.0068754821068585615,0.03075759519145337,60.462311557788944,at6_4
129,0.9624417600740464,0.00752935284167132,0.030028887084282394,60.93467336683417,at6_4
130,0.9632168213531489,0.0077709920760663164,0.02901218657078479,61.40703517587939,at6_4
131,0.9643445740776356,0.007538787573995097,0.028116638348369378,61.879396984924625,at6_4
132,0.9653013926049878,0.006853745268529915,0.027844862126482205,62.35175879396985,at6_4
133,0.9654137294382593,0.00585771221460278,0.02872855834713792,62.824120603015075,at6_4
134,0.9639780256854058,0.00485089674266481,0.031171077571929297,63.2964824120603,at6_4
135,0.9604725378455895,0.004305504612911168,0.03522195754149926,63.768844221105525,at6_4
136,0.9547106173820135,0.00481439397200204,0.04047498864598454,64.24120603015075,at6_4
137,0.9467391041463779,0.006919712857008983,0.046341182996613266,64.71356783919597,at6_4
138,0.9365703782601426,0.010776837798205898,0.052652783941651585,65.1859296482412,at6_4
139,0.9242127686900399,0.015742862787115428,0.06004436852284467,65.65829145728642,at6_4
140,0.9102378166634373,0.020304313188927323,0.06945787014763537,66.13065326633166,at6_4
141,0.8961921004354091,0.022794412039771256,0.08101348752481967,66.60301507537689,at6_4
142,0.8839586254180315,0.022460142870190453,0.09358123171177798,67.07537688442211,at6_4
143,0.8745680040584004,0.019772752569739514,0.10565924337186007,67.54773869346734,at6_4
144,0.867701206252538,0.01582972520599573,0.11646906854146623,68.02010050251256,at6_4
145,0.8620751742867202,0.011665223327539973,0.12625960238573988,68.49246231155779,at6_4
146,0.8561458045835756,0.007953438181306003,0.1359007572351184,68.96482412060301,at6_4
147,0.8488143470777064,0.005013357724243121,0.1461722951980505,69.43718592964824,at6_4
148,0.8400897657693788,0.002910353709014825,0.15699988052160627,69.90954773869346,at6_4
149,0.8315206474999937,0.0015570709589594895,0.16692228154104677,70.38190954773869,at6_4
150,0.8259924822613042,0.0007996972417416761,0.1732078204969541,70.85427135678391,at6_4
151,0.8266560879175665,0.0004969733321413502,0.17284693875029217,71.32663316582915,at6_4
152,0.8353424635670945,0.0005890639192980525,0.16406847251360732,71.79899497487438,at6_4
153,0.8513229942931371,0.001141536318983369,0.1475354693878795,72.2713567839196,at6_4
154,0.8712767676847563,0.0023442988758028086,0.12637893343944082,72.74371859296483,at6_4
155,0.890721513290046,0.004448486343930377,0.10483000036602358,73.21608040201005,at6_4
156,0.9060987151308696,0.007647502302083866,0.08625378256704645,73.68844221105527,at6_4
157,0.916108867847567,0.011942784335001368,0.07194834781743162,74.1608040201005,at6_4
158,0.9216229566564234,0.01704856093145813,0.06132848241211853,74.63316582914572,at6_4
159,0.9246843991184721,0.02237871917684325,0.05293688170468451,75.10552763819095,at6_4
160,0.9274536680012591,0.02713770286170018,0.04540862913704069,75.57788944723617,at6_4
161,0.9315347977094338,0.03050464223462158,0.03796056005594467,76.0502512562814,at6_4
162,0.937698692397987,0.03186324260335017,0.030438064998662893,76.52261306532664,at6_4
163,0.9458638918154931,0.031012009130712087,0.023124099053794752,76.99497487437186,at6_4
164,0.9552232433903391,0.02828955394752716,0.0164872026621337,77.46733668341709,at6_4
165,0.9644821746365462,0.024551873820826502,0.010965951542627264,77.93969849246231,at6_4
166,0.9722089809626377,0.020955807689525083,0.006835211347837227,78.41206030150754,at6_4
167,0.9772529517799248,0.018571803102506328,0.004175245117568955,78.88442211055276,at6_4
168,0.9790977481749273,0.01796591225711746,0.00293633956795517,79.35678391959799,at6_4
169,0.9779836954762512,0.018966836802782508,0.0030494677209662265,79.82914572864321,at6_4
170,0.9747356107374442,0.02075969006813098,0.004504699194424903,80.30150753768844,at6_4
171,0.9704145558281794,0.022250824689360717,0.007334619482459951,80.77386934673366,at6_4
172,0.9660008733146682,0.02250278609188278,0.011496340593448976,81.24623115577889,at6_4
173,0.9622343933768456,0.021051637042256436,0.016713969580897943,81.71859296482413,at6_4
174,0.9595808147464202,0.01801828449973243,0.02240090075384737,82.19095477386935,at6_4
175,0.9581976924534206,0.014007169806115988,0.027795137740463396,82.66331658291458,at6_4
176,0.9578204027375667,0.009839342171922495,0.032340255090510764,83.1356783919598,at6_4
177,0.9576644106498424,0.006228223674606022,0.0361073656755515,83.60804020100502,at6_4
178,0.9565709643588368,0.0035525456606798284,0.039876489980483376,84.08040201005025,at6_4
179,0.9534916514503905,0.0018301549881527583,0.04467819356145685,84.55276381909547,at6_4
180,0.9480924946400406,0.000854499000631323,0.05105300635932807,85.0251256281407,at6_4
181,0.9411034539470107,0.00036287273261462866,0.05853367332037476,85.49748743718592,at6_4
182,0.9341824794753536,0.0001406019326951871,0.06567691859195127,85.96984924623115,at6_4
183,0.9293461824296061,4.984443604394032e-05,0.07060397313434999,86.44221105527637,at6_4
184,0.9282510748091612,1.6204046873381098e-05,0.07173272114396538,86.91457286432161,at6_4
185,0.9316558478165761,4.838116891713835e-06,0.06833931406653229,87.38693467336684,at6_4
186,0.9392434040101447,1.3272707036487986e-06,0.06075526871915157,87.85929648241206,at6_4
187,0.9497926255457733,3.3427481014067006e-07,0.050207040179416594,88.33165829145729,at6_4
188,0.9615939572532827,7.711449433977666e-08,0.038405965632222885,88.80402010050251,at6_4
189,0.9729543444858187,1.6228536054484124e-08,0.027045639285645184,89.27638190954774,at6_4
190,0.9826040625780568,3.0947323474337603e-09,0.017395934327210913,89.74874371859296,at6_4
191,0.9898834506811623,5.298986530711165e-10,0.010116548788939052,90.22110552763819,at6_4
192,0.9947319828504737,8.075838837196116e-11,0.005268017068767819,90.69346733668341,at6_4
193,0.9975531646194024,1.0921629962878235e-11,0.002446835369676133,91.16582914572864,at6_4
194,0.998980509746939,1.319172521167308e-12,0.0010194902517419457,91.63819095477386,at6_4
195,0.9996137183972404,1.4435996413234068e-13,0.000386281602615242,92.1105527638191,at6_4
196,0.9998647632348521,1.455153346474212e-14,0.00013523676513333284,92.58291457286433,at6_4
197,0.9999556571277043,1.3701873865250379e-15,4.4342872294277645e-05,93.05527638190955,at6_4
198,0.9999862517211304,1.2173323234399802e-16,1.3748278869437785e-05,93.52763819095478,at6_4
199,0.9999959429928885,1.0275339962506105e-17,4.057007111491809e-06,94.0,at6_4
0,0.5569634728371878,0.016804896985008623,0.4262316301778036,0.0,at7_0
1,0.5121926409375213,0.014380854061078353,0.4734265050014004,0.49748743718592964,at7_0
2,0.47689688794729873,0.011423182800990824,0.5116799292517104,0.9949748743718593,at7_0
3,0.45045034293846903,0.008497582551952283,0.5410520745095787,1.4924623115577889,at7_0
4,0.4312995496394436,0.00596953393909475,0.5627309164214617,1.9899497487437185,at7_0
5,0.41793117928227225,0.0039865407935042955,0.5780822799242233,2.487437185929648,at7_0
6,0.4093709881376177,0.0025428279953405284,0.5880861838670418,2.9849246231155777,at7_0
7,0.4053675924898299,0.001555174999055591,0.5930772325111145,3.4824120603015074,at7_0
8,0.40651013495649685,0.0009189935090878812,0.5925708715344153,3.979899497487437,at7_0
9,0.41443201919690775,0.0005417538550754247,0.5850262269480169,4.477386934673366,at7_0
10,0.4320580228710738,0.0003608275546486231,0.5675811495742776,4.974874371859296,at7_0
11,0.4634586632122973,0.0003519328359237138,0.536189403951779,5.472361809045226,at7_0
12,0.5122802984740861,0.0005258258826748325,0.487193875643239,5.969849246231155,at7_0
13,0.5779846822998833,0.0008996949195593253,0.42111562278055725,6.467336683417085,at7_0
14,0.6524519891617465,0.00144192290188036,0.3461060879363733,6.964824120603015,at7_0
15,0.7228067053576994,0.002040798435855436,0.27515249620644516,7.4623115577889445,at7_0
16,0.7796595460661386,0.002548556850192522,0.21779189708366886,7.959798994974874,at7_0
17,0.8212661914353238,0.002852882004779813,0.1758809265598965,8.457286432160803,at7_0
18,0.8507891193227476,0.002905144104481695,0.14630573657277074,8.954773869346733,at7_0
19,0.8722719097590509,0.0027123269884405904,0.12501576325250846,9.452261306532662,at7_0
20,0.8887394510854628,0.0023241201423739167,0.10893642877216331,9.949748743718592,at7_0
21,0.9020015201359272,0.0018210717232220335,0.09617740814085077,10.447236180904522,at7_0
22,0.9130508402311934,0.0012967762225713244,0.0856523835462353,10.944723618090451,at7_0
23,0.9224642545517991,0.0008334399081844192,0.07670230554001643,11.442211055276381,at7_0
24,0.9306143798933535,0.0004804114118301968,0.06890520869481628,11.93969849246231,at7_0
25,0.9377017163233254,0.00024716182165713765,0.062051121855017446,12.43718592964824,at7_0
26,0.943726198652463,0.00011317923794267249,0.056160622109594376,12.93467336683417,at7_0
27,0.9485286874749872,4.611447452649473e-05,0.051425198050486225,13.4321608040201,at7_0
28,0.9519409952223561,1.6761267723464245e-05,0.04804224350992045,13.92964824120603,at7_0
29,0.953962317429908,5.46819419516782e-06,0.04603221437589681,14.42713567839196,at7_0
30,0.9548397625914743,1.6369954286828702e-06,0.045158600413096925,14.924623115577889,at7_0
31,0.9550062932222586,5.677867503854432e-07,0.04499313899099109,15.422110552763819,at7_0
32,0.9549326283412878,6.996523668819894e-07,0.04506667200634534,15.919597989949748,at7_0
33,0.9549752304007909,2.368946567498288e-06,0.04502240065264172,16.417085427135678,at7_0
34,0.9552632400658946,8.352542178444006e-06,0.04472840739192701,16.914572864321606,at7_0
35,0.9556609633284934,2.6347032525841206e-05,0.04431268963898074,17.412060301507537,at7_0
36,0.9558886703043749,7.251377873771226e-05,0.04403881591688736,17.909547738693465,at7_0
37,0.9558006114523484,0.00017303955784052764,0.044026348989811136,18.407035175879397,at7_0
38,0.9555513068571926,0.000361517448183781,0.04408717569462364,18.904522613065325,at7_0
39,0.9554439718696842,0.0006738527901336454,0.04388217534018204,19.402010050251256,at7_0
40,0.9556792902224184,0.0011400590183957486,0.04318065075918592,19.899497487437184,at7_0
41,0.9562556667089485,0.0017665055987825756,0.04197782769226889,20.396984924623116,at7_0
42,0.9570193380609722,0.0025056668067333083,0.04047499513229458,20.894472361809044,at7_0
43,0.9577951617291031,0.003227076357585443,0.03897776191331154,21.391959798994975,at7_0
44,0.9585573706084096,0.0037263938461986794,0.037716235545391594,21.889447236180903,at7_0
45,0.9595516509475004,0.003808087325174346,0.03664026172732539,22.386934673366834,at7_0
46,0.9612249039686429,0.003411472394353998,0.035363623637002996,22.884422110552762,at7_0
47,0.9639385929237514,0.002669352563766038,0.03339205451248244,23.381909547738694,at7_0
48,0.9676807380519946,0.001828558243540693,0.030490703704464796,23.87939698492462,at7_0
49,0.9720264909506451,0.0011045269760021875,0.026868982073352764,24.376884422110553,at7_0
50,0.9763601330676851,0.0005949020570595601,0.02304496487525528,24.87437185929648,at7_0
51,0.9801602534172204,0.00029097507378470216,0.01954877150899489,25.371859296482413,at7_0
52,0.9831600705832964,0.00013705297061715444,0.01670287644608657,25.86934673366834,at7_0
53,0.9853404519641806,8.122122521404883e-05,0.014578326810605158,26.366834170854272,at7_0
54,0.9868222199975402,9.99474492723211e-05,0.013077832553187552,26.8643216080402,at7_0
55,0.9877391159638547,0.0002045882639546801,0.012056295772190617,27.36180904522613,at7_0
56,0.9881564111218949,0.00043439337281291345,0.011409195505292367,27.85929648241206,at7_0
57,0.9880978339032825,0.0008271780051714162,0.01107498809154605,28.35678391959799,at7_0
58,0.9876805147165112,0.0013709949658022693,0.010948490317686584,28.85427135678392,at7_0
59,0.9872010441937985,0.001980257498383742,0.010818698307817648,29.35175879396985,at7_0
60,0.9870340623048645,0.002528019395062924,0.010437918300072513,29.849246231155778,at7_0
61,0.9874566397982094,0.002897842174238942,0.009645518027551491,30.34673366834171,at7_0
62,0.9885603576581323,0.0030140342384721856,0.008425608103395559,30.844221105527637,at7_0
63,0.9902525455473404,0.0028538897781550526,0.0068935646745044345,31.34170854271357,at7_0
64,0.9922921090352739,0.0024540954548204516,0.005253795509905744,31.839195979899497,at7_0
65,0.9943477717070333,0.0019062684333562253,0.0037459598596104628,32.336683417085425,at7_0
66,0.9960871735060046,0.0013308621196461644,0.0025819643743491454,32.834170854271356,at7_0
67,0.9972776447462348,0.000833727851882867,0.001888627401882197,33.33165829145729,at7_0
68,0.997844526660196,0.00047030586098819775,0.0016851674788158672,33.82914572864321,at7_0
69,0.9978475395029937,0.00024089306708358234,0.001911567429922879,34.32663316582914,at7_0
70,0.9973946540719743,0.00011327448891689005,0.0024920714391089794,34.824120603015075,at7_0
71,0.9965425902518213,4.9419505924417e-05,0.0034079902422542883,35.321608040201006,at7_0
72,0.9952055223590869,2.0140946945077544e-05,0.0047743366939679965,35.81909547738693,at7_0
73,0.9930672266729049,7.659739290572668e-06,0.006925113587804543,36.31658291457286,at7_0
74,0.9895544377108136,2.6782578597157864e-06,0.010442884031326592,36.814070351758794,at7_0
75,0.9841656528739513,8.315408913762247e-07,0.015833515585157398,37.311557788944725,at7_0
76,0.977537094979326,2.1963471639231651e-07,0.02246268538595765,37.80904522613065,at7_0
77,0.9721293183427444,5.910346606937789e-08,0.027870622553789574,38.30653266331658,at7_0
78,0.9701796527182281,7.061151109911343e-08,0.02982027667026067,38.80402010050251,at7_0
79,0.9715291155290529,2.5993161107989463e-07,0.02847062453933601,39.301507537688444,at7_0
80,0.9746892983321042,9.64840010789618e-07,0.025309736827885065,39.79899497487437,at7_0
81,0.9783980386947738,3.3489695086592953e-06,0.021598612335717582,40.2964824120603,at7_0
82,0.981932000165087,1.1003089317428793e-05,0.018056996745595605,40.79396984924623,at7_0
83,0.9848989159473481,3.447713753904004e-05,0.015066606915112794,41.29145728643216,at7_0
84,0.9870259803810046,0.00010331687112978563,0.012870702747865436,41.78894472361809,at7_0
85,0.9880097685436978,0.00029566233180860867,0.01169456912449356,42.28643216080402,at7_0
86,0.9874052074844271,0.000801641370537337,0.011793151145035543,42.78391959798995,at7_0
87,0.984613849036343,0.002020301065242104,0.01336584989841496,43.28140703517588,at7_0
88,0.9792445946323292,0.004566370567228583,0.01618903480044223,43.778894472361806,at7_0
89,0.9721246675568385,0.008815031603190561,0.019060300839970908,44.27638190954774,at7_0
90,0.9658631702813772,0.0140115803219725,0.02012524939665026,44.77386934673367,at7_0
91,0.9629252418883517,0.018454177187959962,0.01862058092368836,45.2713567839196,at7_0
92,0.9635242129682906,0.021017825698426383,0.015457961333283041,45.768844221105525,at7_0
93,0.9664415066515906,0.02167293145969861,0.011885561888710858,46.266331658291456,at7_0
94,0.970503210279014,0.020861805878561197,0.008634983842424752,46.76381909547739,at7_0
95,0.9749795157090729,0.01902153445558017,0.005998949835346709,47.26130653266332,at7_0
96,0.9794460933642032,0.016470301350452677,0.004083605285344143,47.75879396984924,at7_0
97,0.9835911510682639,0.0134458681555599,0.002962980776176261,48.256281407035175,at7_0
98,0.9870649663479062,0.010191429192903665,0.002743604459190308,48.753768844221106,at7_0
99,0.9894345756103724,0.007029992220069145,0.003535432169558494,49.25125628140703,at7_0
100,0.9903443733273222,0.004336191733568234,0.00531943493910965,49.74874371859296,at7_0
101,0.9898045972767009,0.002373929514062271,0.007821473209236823,50.246231155778894,at7_0
102,0.9882734209147184,0.0011591773286164081,0.010567401756665222,50.743718592964825,at7_0
103,0.9864038130308306,0.000510866490216523,0.013085320478952889,51.24120603015075,at7_0
104,0.9847419898789141,0.0002055495795256783,0.015052460541560151,51.73869346733668,at7_0
105,0.9836048699755982,7.601834148678267e-05,0.016319111682915003,52.23618090452261,at7_0
106,0.9830947420648319,2.587775813898681e-05,0.016879380177029047,52.733668341708544,at7_0
107,0.9831540307264277,8.08629543957526e-06,0.016837882978132553,53.23115577889447,at7_0
108,0.9836290744524233,2.307624557659606e-06,0.016368617923019062,53.7286432160804,at7_0
109,0.9843446279835794,5.980555995433305e-07,0.015654773960821114,54.22613065326633,at7_0
110,0.9851747061324109,1.401551645726354e-07,0.014825153712424488,54.72361809045226,at7_0
111,0.9860740767137293,2.9651073143921074e-08,0.013925893635197506,55.22110552763819,at7_0
112,0.9870504435491789,5.671341075730886e-09,0.0129495507794801,55.71859296482412,at7_0
113,0.9881050073986916,9.849999627035572e-10,0.01189499161630847,56.21608040201005,at7_0
114,0.9891938913810794,1.5633341446425004e-10,0.01080610846258731,56.71356783919598,at7_0
115,0.990233954322827,2.2841744614476628e-11,0.009766045654331357,57.211055276381906,at7_0
116,0.9911288082634905,3.0951543755619374e-12,0.008871191733414295,57.70854271356784,at7_0
117,0.9917703348172147,3.914562354628112e-13,0.008229665182393837,58.20603015075377,at7_0
118,0.9919807066290799,4.6389673849042094e-14,0.008019293370873705,58.7035175879397,at7_0
119,0.9913789078583738,5.145456803587967e-15,0.008621092141621023,59.201005025125625,at7_0
120,0.9891999199202287,5.286234377966549e-16,0.010800080079770747,59.698492462311556,at7_0
121,0.9842847215959932,4.898695899163538e-17,0.015715278404006747,60.19597989949749,at7_0
122,0.9758858141597562,3.907021176526884e-18,0.02411418584024375,60.69346733668342,at7_0
123,0.9654791386451735,2.5400828347077707e-19,0.0345208613548264,61.19095477386934,at7_0
124,0.9565946181878502,1.313614143517411e-20,0.04340538181214977,61.688442211055275,at7_0
125,0.9508793634203501,5.544315456319818e-22,0.04912063657964996,62.185929648241206,at7_0
126,0.9466654462455084,2.003124147098182e-23,0.053334553754491545,62.68341708542714,at7_0
127,0.9415032212885384,6.428071617851564e-25,0.05849677871146158,63.18090452261306,at7_0
128,0.9339272180882713,1.8672255318090124e-26,0.06607278191172869,63.678391959798994,at7_0
129,0.9236344201367435,4.985354390690166e-28,0.07636557986325651,64.17587939698493,at7_0
130,0.9112256348121395,1.6352543298976738e-28,0.08877436518786058,64.67336683417085,at7_0
131,0.8979989471651325,4.9108580134739324e-27,0.10200105283486748,65.17085427135679,at7_0
132,0.8857602475255048,1.4436552012142319e-25,0.11423975247449522,65.66834170854271,at7_0
133,0.8764755186132075,3.8473150642254044e-24,0.12352448138679255,66.16582914572864,at7_0
134,0.871730686806947,9.299677220585409e-23,0.12826931319305304,66.66331658291458,at7_0
135,0.8722179810728092,2.042461774458335e-21,0.12778201892719082,67.1608040201005,at7_0
136,0.8775185895868124,4.082297137593078e-20,0.12248141041318762,67.65829145728642,at7_0
137,0.8862526511981769,7.427134596123013e-19,0.11374734880182323,68.15577889447236,at7_0
138,0.8964916968733005,1.2282180269410032e-17,0.10350830312669954,68.65326633165829,at7_0
139,0.9062979679291794,1.8414404940379365e-16,0.09370203207082035,69.15075376884423,at7_0
140,0.9142341273558023,2.4960232949441637e-15,0.08576587264419512,69.64824120603015,at7_0
141,0.9196382154599915,3.050501278758557e-14,0.080361784539978,70.14572864321607,at7_0
142,0.922543136882729,3.35142391676129e-13,0.0774568631169358,70.64321608040201,at7_0
143,0.9233676922023226,3.2977808140871986e-12,0.07663230779437961,71.14070351758794,at7_0
144,0.9226764557983349,2.8949622527234155e-11,0.07732354417271545,71.63819095477386,at7_0
145,0.9211954853051889,2.2612013917404402e-10,0.078804514468691,72.1356783919598,at7_0
146,0.9199603419763688,1.5716808471013078e-09,0.08003965645195035,72.63316582914572,at7_0
147,0.920273615498378,9.751618154212876e-09,0.0797263747500038,73.13065326633166,at7_0
148,0.9233066590794478,5.4278765219479445e-08,0.07669328664178704,73.62814070351759,at7_0
149,0.9295321867009682,2.7244699130624405e-07,0.0704675408520405,74.12562814070351,at7_0
150,0.938345821992379,1.2383129609455622e-06,0.06165293969466011,74.62311557788945,at7_0
151,0.9481018022651233,5.105768712889515e-06,0.05189309196616375,75.12060301507537,at7_0
152,0.9565212365269218,1.9053131219415927e-05,0.04345971034185881,75.6180904522613,at7_0
153,0.9613122389509826,6.380449676025331e-05,0.03862395655225719,76.11557788944724,at7_0
154,0.9609629564610117,0.00018886051880839436,0.03884818302017986,76.61306532663316,at7_0
155,0.9556016606499066,0.0004854655120736175,0.04391287383801971,77.1105527638191,at7_0
156,0.9471630645581393,0.001071598939178312,0.05176533650268242,77.60804020100502,at7_0
157,0.9381035098373849,0.0020369893988336643,0.05985950076378133,78.10552763819095,at7_0
158,0.9297729711200099,0.0033862646891546556,0.06684076419083543,78.60301507537689,at7_0
159,0.9222030019968015,0.005020832940061113,0.0727761650631373,79.10050251256281,at7_0
160,0.9150062137666463,0.006754151679468324,0.07823963455388537,79.59798994974874,at7_0
161,0.9081018744709839,0.008346609933263936,0.08355151559575229,80.09547738693468,at7_0
162,0.9018481536851993,0.009557018630416119,0.08859482768438454,80.5929648241206,at7_0
163,0.8968468108953984,0.010198321267198145,0.09295486783740343,81.09045226130652,at7_0
164,0.8937300179101131,0.010176342904654844,0.09609363918523209,81.58793969849246,at7_0
165,0.8930587937488259,0.009503186683220454,0.09743801956795371,82.08542713567839,at7_0
166,0.8952719813770106,0.008304782543135797,0.09642323607985363,82.58291457286433,at7_0
167,0.9004570550731427,0.0068637326640487595,0.09267921226280858,83.08040201005025,at7_0
168,0.9077187403460776,0.005695744403201301,0.0865855152507211,83.57788944723617,at7_0
169,0.9147097988994747,0.005460798236910414,0.07982940286361496,84.07537688442211,at7_0
170,0.9189988982941738,0.0064712538657924435,0.07452984784003375,84.57286432160804,at7_0
171,0.920477299401866,0.008319778733363628,0.07120292186477041,85.07035175879396,at7_0
172,0.9210456338101091,0.010270655145225257,0.06868371104466577,85.5678391959799,at7_0
173,0.9224723151300558,0.01176409166151833,0.06576359320842592,86.06532663316582,at7_0
174,0.9255071755421358,0.012494670613595176,0.06199815384426894,86.56281407035176,at7_0
175,0.9301211219812058,0.012331251468012009,0.05754762655078218,87.06030150753769,at7_0
176,0.9358623752707156,0.011291567069015795,0.05284605766026862,87.55778894472361,at7_0
177,0.9420515902865135,0.009553078584148736,0.04839533112933779,88.05527638190955,at7_0
178,0.9478877428040513,0.007429785741111945,0.044682471454836614,88.55276381909547,at7_0
179,0.9525535310310402,0.005286245434627245,0.04216022353433232,89.0502512562814,at7_0
180,0.9553590197720411,0.0034247349202905612,0.04121624530766836,89.54773869346734,at7_0
181,0.9559246257124742,0.0020098053219238334,0.04206556896560191,90.04522613065326,at7_0
182,0.9543574734534702,0.0010618391037220665,0.04458068744280773,90.5427135678392,at7_0
183,0.9512840360125,0.0005018278658807659,0.048214136121619275,91.04020100502512,at7_0
184,0.9475715444200539,0.0002110673387314296,0.05221738824121468,91.53768844221105,at7_0
185,0.9437984556005159,7.880787888062001e-05,0.05612273652060343,92.03517587939699,at7_0
186,0.9398903043522006,2.6124073907529964e-05,0.06008357157389189,92.53266331658291,at7_0
187,0.935311109413938,7.700857966683734e-06,0.06468118972809525,93.03015075376884,at7_0
188,0.9296904652360929,2.0234499466078504e-06,0.07030751131396058,93.52763819095478,at7_0
189,0.9233367129968765,4.75560367803401e-07,0.07666281144275568,94.0251256281407,at7_0
190,0.9171875203935637,1.0050707221271135e-07,0.08281237909936408,94.52261306532664,at7_0
191,0.9122652325140881,1.923182091461812e-08,0.08773474825409108,95.02010050251256,at7_0
192,0.90909514746964,3.3513103813277098e-09,0.0909048491790496,95.51758793969849,at7_0
193,0.9074075368012728,5.324784097580838e-10,0.09259246266624875,96.01507537688443,at7_0
194,0.9061075051253716,7.665415737377671e-11,0.09389249479797422,96.51256281407035,at7_0
195,0.90353702447173,9.869129281381997e-12,0.09646297551840093,97.01005025125627,at7_0
196,0.8982829249144063,1.1224116319861655e-12,0.10171707508447136,97.50753768844221,at7_0
197,0.8902476295105204,1.126724970814413e-13,0.10975237048936684,98.00502512562814,at7_0
198,0.8807642709076008,1.0142982577561375e-14,0.11923572909238915,98.50251256281406,at7_0
199,0.8714886590251308,8.405677583603113e-16,0.12851134097486822,99.0,at7_0
0,0.9991254527341344,5.1240945405615806e-27,0.0008745472658655238,0.0,at6_5
1,0.9984817232415155,7.519292812855925e-26,0.0015182767584844944,0.40703517587939697,at6_5
2,0.9974762064773951,1.0470142823829685e-24,0.0025237935226048885,0.8140703517587939,at6_5
3,0.9960472326576377,1.3581532944117157e-23,0.003952767342362344,1.221105527638191,at6_5
4,0.9942638498541851,1.6094156465980687e-22,0.00573615014581479,1.6281407035175879,at6_5
5,0.9923694691132294,1.717912529930826e-21,0.007630530886770544,2.0351758793969847,at6_5
6,0.9906789001230232,1.6483506187020467e-20,0.00932109987697688,2.442211055276382,at6_5
7,0.9893909115339621,1.4365733494939295e-19,0.010609088466037945,2.849246231155779,at6_5
8,0.9885100308172516,1.1564453263557954e-18,0.0114899691827484,3.2562814070351758,at6_5
9,0.9879174001851606,8.739410672765672e-18,0.012082599814839421,3.6633165829145726,at6_5
10,0.9874717688780089,6.275095391242084e-17,0.012528231121991008,4.0703517587939695,at6_5
11,0.9870638065515828,4.3127026277142673e-16,0.012936193448416808,4.477386934673366,at6_5
12,0.9866282453825201,2.8474980166652382e-15,0.013371754617477043,4.884422110552764,at6_5
13,0.9861388390939092,1.8079395564416414e-14,0.013861160906072784,5.291457286432161,at6_5
14,0.9856010968826274,1.1027211119497885e-13,0.014398903117262368,5.698492462311558,at6_5
15,0.9850476026454495,6.443947632541615e-13,0.01495239735390612,6.105527638190955,at6_5
16,0.9845353976177639,3.5927460263884543e-12,0.01546460237864336,6.5125628140703515,at6_5
17,0.9841416333837439,1.9002659936881482e-11,0.015858366597253364,6.919597989949748,at6_5
18,0.9839508611330656,9.466258349568154e-11,0.01604913877227177,7.326633165829145,at6_5
19,0.9840261655744932,4.4029929102408606e-10,0.015973833985207516,7.733668341708542,at6_5
20,0.9843611402671955,1.8933287491941657e-09,0.015638857839475703,8.140703517587939,at6_5
21,0.9848256775099967,7.448280161699381e-09,0.015174315041723238,8.547738693467336,at6_5
22,0.9851439427628857,2.6545981455064552e-08,0.014856030691132793,8.954773869346733,at6_5
23,0.9849537244005128,8.513656331091383e-08,0.01504619046292385,9.36180904522613,at6_5
24,0.9839491327420897,2.4542245492162663e-07,0.016050621835455265,9.768844221105528,at6_5
25,0.9820135831294753,6.396608201188713e-07,0.017985777209704467,10.175879396984925,at6_5
26,0.9792303657870346,1.525141858877038e-06,0.020768109071106433,10.582914572864322,at6_5
27,0.9757763237621019,3.374489914204155e-06,0.024220301747983956,10.989949748743719,at6_5
28,0.9718054588242329,7.023094205634789e-06,0.02818751808156143,11.396984924623116,at6_5
29,0.9673956991208342,1.3897789521420937e-05,0.0325904030896444,11.804020100502512,at6_5
30,0.9625542372906504,2.6342606309681148e-05,0.03741942010304,12.21105527638191,at6_5
31,0.9572494417980278,4.8028594654556473e-05,0.04270252960731756,12.618090452261306,at6_5
32,0.9514497017079846,8.436949340536219e-05,0.04846592879861,13.025125628140703,at6_5
33,0.9451649445655318,0.0001427541803637041,0.05469230125410458,13.4321608040201,at6_5
34,0.938491157243584,0.00023227730001611164,0.06127656545639984,13.839195979899497,at6_5
35,0.9316527911301306,0.000362600391807647,0.06798460847806176,14.246231155778894,at6_5
36,0.9250270458515518,0.0005417695293060786,0.07443118461914201,14.65326633165829,at6_5
37,0.9191259868928618,0.0007733362451733239,0.08010067686196487,15.060301507537687,at6_5
38,0.9145188209490006,0.0010537376362362346,0.08442744141476317,15.467336683417084,at6_5
39,0.9117024969169486,0.0013710114828529925,0.08692649160019839,15.874371859296481,at6_5
40,0.9109603073192042,0.0017052015649499873,0.08733449111584585,16.281407035175878,at6_5
41,0.9122591874716537,0.0020298067117303976,0.0857110058166159,16.688442211055275,at6_5
42,0.9152171161602772,0.0023135012079227185,0.08246938263180005,17.09547738693467,at6_5
43,0.9191441224352922,0.002522539354539453,0.07833333821016825,17.50251256281407,at6_5
44,0.9231518135610134,0.0026256273052336094,0.07422255913375288,17.909547738693465,at6_5
45,0.9263320777996179,0.002602476933263738,0.07106544526711837,18.316582914572862,at6_5
46,0.9279858696302747,0.002453568369609879,0.06956056200011532,18.72361809045226,at6_5
47,0.9278216902223183,0.002204434170161313,0.06997387560752052,19.130653266331656,at6_5
48,0.9260091173645386,0.0018990253931364567,0.07209185724232493,19.537688442211056,at6_5
49,0.9230489532128063,0.0015848101184827517,0.07536623666871102,19.944723618090453,at6_5
50,0.9195526111679021,0.0012987856714351696,0.07914860316066277,20.35175879396985,at6_5
51,0.9160642829551261,0.001061243054575559,0.08287447399029838,20.758793969849247,at6_5
52,0.9129872436155788,0.0008771215958780362,0.0861356347885431,21.165829145728644,at6_5
53,0.9105928999778574,0.0007409165603973673,0.08866618346174528,21.57286432160804,at6_5
54,0.9090638166907551,0.0006417040369040013,0.09029447927234091,21.979899497487438,at6_5
55,0.9085349629986929,0.0005669105302942024,0.09089812647101304,22.386934673366834,at6_5
56,0.9091172959638096,0.0005048237901966753,0.0903778802459937,22.79396984924623,at6_5
57,0.9109003144858878,0.0004462382504920104,0.0886534472636202,23.201005025125628,at6_5
58,0.913936376436057,0.0003854920705756094,0.08567813149336735,23.608040201005025,at6_5
59,0.9182136732723283,0.0003208846743285243,0.08146544205334323,24.015075376884422,at6_5
60,0.9236286855651403,0.0002543104542328162,0.0761170039806269,24.42211055276382,at6_5
61,0.9299712022269929,0.00019003974916332827,0.06983875802384375,24.829145728643216,at6_5
62,0.9369323530955358,0.00013291029693341373,0.06293473660753088,25.236180904522612,at6_5
63,0.9441369468547778,8.655062730821356e-05,0.055776502517914044,25.64321608040201,at6_5
64,0.951188642880214,5.232792584396052e-05,0.04875902919394193,26.050251256281406,at6_5
65,0.9577073910109334,2.9352338131995205e-05,0.04226325665093466,26.457286432160803,at6_5
66,0.9633404110190393,1.5300935176869665e-05,0.03664428804578386,26.8643216080402,at6_5
67,0.9677421678760342,7.476528802061766e-06,0.03225035559516376,27.271356783919597,at6_5
68,0.9705394343712705,3.6095052016196635e-06,0.029456956123527736,27.678391959798994,at6_5
69,0.9713164266799238,2.2726784340126748e-06,0.028681300641642076,28.08542713567839,at6_5
70,0.9696642087586128,3.0924111139448816e-06,0.030332698830273255,28.492462311557787,at6_5
71,0.9653226569045094,7.044884310140828e-06,0.03467029821118049,28.899497487437184,at6_5
72,0.9583802837477144,1.704160516276682e-05,0.04160267464712284,29.30653266331658,at6_5
73,0.9494038521359043,3.8805224526168374e-05,0.05055734263956957,29.713567839195978,at6_5
74,0.9393504772357898,8.183667176316854e-05,0.060567686092447,30.120603015075375,at6_5
75,0.929260830887155,0.00016023654018702132,0.07057893257265795,30.52763819095477,at6_5
76,0.9199214589603734,0.00029324298720106545,0.07978529805242564,30.93467336683417,at6_5
77,0.9116906779658496,0.0005053076790448381,0.08780401435510553,31.341708542713565,at6_5
78,0.9045186995335524,0.0008252147842565594,0.094656085682191,31.748743718592962,at6_5
79,0.8980676938313047,0.0012834030444578651,0.10064890312423751,32.15577889447236,at6_5
80,0.8918403524764067,0.0019066574166249162,0.10625299010696841,32.562814070351756,at6_5
81,0.8852854524621696,0.0027100094415377514,0.1120045380962927,32.969849246231156,at6_5
82,0.8778910529638181,0.0036872618918664755,0.11842168514431554,33.37688442211055,at6_5
83,0.8692811165370167,0.0048039081397775055,0.12591497532320586,33.78391959798995,at6_5
84,0.8593090029303868,0.005998144868981441,0.13469285220063182,34.19095477386934,at6_5
85,0.848111121126168,0.007194593862905059,0.14469428501092685,34.597989949748744,at6_5
86,0.8360765411648884,0.008329289877452078,0.15559416895765968,35.00502512562814,at6_5
87,0.8237275738602531,0.00937628828368545,0.16689613785606144,35.41206030150754,at6_5
88,0.8115711202683878,0.010363640795081692,0.17806523893653037,35.81909547738693,at6_5
89,0.8000089990097604,0.011373228550643355,0.18861777243959615,36.22613065326633,at6_5
90,0.7893579172274092,0.01252761665697598,0.19811446611561476,36.633165829145725,at6_5
91,0.7799662710670081,0.013966922033561575,0.20606680689943016,37.040201005025125,at6_5
92,0.772369408942867,0.015808103714142506,0.21182248734299056,37.44723618090452,at6_5
93,0.7673815941865246,0.018069136615608602,0.21454926919786663,37.85427135678392,at6_5
94,0.7659520248920052,0.020557066013435092,0.21349090909455973,38.26130653266331,at6_5
95,0.7686214946122741,0.022793900859094482,0.2085846045286314,38.66834170854271,at6_5
96,0.7747949565955784,0.0241382540163551,0.20106678938806657,39.07537688442211,at6_5
97,0.7826382935528355,0.024139030342680588,0.19322267610448382,39.482412060301506,at6_5
98,0.7900591944440681,0.022821602257352535,0.18711920329857934,39.88944723618091,at6_5
99,0.7958937969063601,0.020608522164231164,0.18349768092940874,40.2964824120603,at6_5
100,0.8002447825951529,0.018017807282302803,0.18173741012254427,40.7035175879397,at6_5
101,0.804065036379804,0.015444837901342096,0.1804901257188539,41.11055276381909,at6_5
102,0.8085948710043424,0.01310960907413333,0.17829551992152443,41.517587939698494,at6_5
103,0.8149382168639719,0.01109187114446065,0.17396991199156725,41.92462311557789,at6_5
104,0.8237771269363173,0.009384106063192716,0.1668387670004899,42.33165829145729,at6_5
105,0.8352037265699712,0.007936615364292982,0.15685965806573587,42.73869346733668,at6_5
106,0.8487086186670385,0.006690110017039805,0.1446012713159218,43.14572864321608,at6_5
107,0.8633584653705134,0.005595315842582697,0.13104621878690387,43.552763819095475,at6_5
108,0.8781081817919173,0.0046202379419879374,0.1172715802660947,43.959798994974875,at6_5
109,0.8921113878573181,0.003748403765208171,0.10414020837747383,44.36683417085427,at6_5
110,0.9049021205814952,0.002973509617023743,0.09212436980148107,44.77386934673367,at6_5
111,0.9164069317167695,0.00229519289869185,0.08129787538453871,45.18090452261306,at6_5
112,0.9268249421426809,0.0017178974177066118,0.07145716043961246,45.58793969849246,at6_5
113,0.9364371189284977,0.0012519435433461154,0.062310937528156175,45.994974874371856,at6_5
114,0.9454025756844198,0.0009138825656641888,0.05368354174991596,46.402010050251256,at6_5
115,0.9536141046661465,0.000722611482731128,0.04566328385112239,46.80904522613065,at6_5
116,0.960699665865908,0.0006901609111987671,0.038610173222893215,47.21608040201005,at6_5
117,0.9661901072748251,0.0008113768276381291,0.03299851589753681,47.62311557788944,at6_5
118,0.9697352348616468,0.00105917357460499,0.02920559156374815,48.030150753768844,at6_5
119,0.971212222544194,0.001387313923656483,0.0274004635321494,48.43718592964824,at6_5
120,0.9706973521326523,0.0017371290547738409,0.027565518812573967,48.84422110552764,at6_5
121,0.9683884624550153,0.0020453348288265055,0.029566202716158146,49.25125628140703,at6_5
122,0.9645530125745361,0.002253495622792536,0.033193491802671476,49.65829145728643,at6_5
123,0.9595089626177596,0.0023195125839097597,0.03817152479833065,50.065326633165824,at6_5
124,0.9536126184625682,0.0022281122351126173,0.04415926930231922,50.472361809045225,at6_5
125,0.9472396239663109,0.001995241163828226,0.05076513486986093,50.87939698492462,at6_5
126,0.9407701309203513,0.001663424914514013,0.057566444165134706,51.28643216080402,at6_5
127,0.9345943959838552,0.0012898474612374935,0.06411575655490731,51.69346733668341,at6_5
128,0.9291305808044252,0.0009320911713649177,0.06993732802420985,52.10050251256281,at6_5
129,0.9248140680424722,0.0006364043969613558,0.07454952756056629,52.50753768844221,at6_5
130,0.9220196034373234,0.00043163986157068106,0.07754875670110596,52.914572864321606,at6_5
131,0.9209351423132154,0.00033009657600075614,0.07873476111078385,53.321608040201006,at6_5
132,0.9214699881754549,0.00033398269692044543,0.07819602912762472,53.7286432160804,at6_5
133,0.9232672135487296,0.00044355008685655474,0.07628923636441384,54.1356783919598,at6_5
134,0.9258076807393033,0.0006624864044827405,0.07352983285621391,54.54271356783919,at6_5
135,0.9285372164169359,0.0009984683305265243,0.07046431525253762,54.949748743718594,at6_5
136,0.9309659947577101,0.00145960713377785,0.06757439810851197,55.35678391959799,at6_5
137,0.9327342405471043,0.002049290457938321,0.06521646899495744,55.76381909547739,at6_5
138,0.933660075105718,0.002763204220398255,0.06357672067388377,56.17085427135678,at6_5
139,0.933774622925062,0.003593418782118666,0.06263195829281945,56.57788944723618,at6_5
140,0.9333214537879339,0.004543031034131106,0.062135515177934954,56.984924623115575,at6_5
141,0.9326788139661611,0.005646931343491743,0.06167425469034706,57.391959798994975,at6_5
142,0.9321913326915133,0.006981239013519744,0.060827428294966936,57.79899497487437,at6_5
143,0.9319814247584909,0.008641057974505142,0.05937751726700414,58.20603015075377,at6_5
144,0.9318679530938054,0.010689239952391686,0.05744280695380289,58.61306532663316,at6_5
145,0.9314482576170992,0.013110081174750451,0.055441661208150424,59.02010050251256,at6_5
146,0.9302564238744847,0.015800750000491307,0.053942826125024095,59.427135678391956,at6_5
147,0.9278628543834566,0.018599290399955965,0.053537855216587354,59.834170854271356,at6_5
148,0.9238540423666143,0.0213226688806833,0.05482328875270226,60.24120603015075,at6_5
149,0.9177105572130467,0.02379115681366638,0.058498285973286934,60.64824120603015,at6_5
150,0.9086199836504888,0.025830284723972478,0.06554973162553879,61.05527638190954,at6_5
151,0.8952531549685182,0.027251925025075587,0.07749492000640622,61.462311557788944,at6_5
152,0.8755671293721895,0.02782138239842879,0.0966114882293816,61.86934673366834,at6_5
153,0.8468685749803638,0.027229338453220845,0.12590208656641527,62.27638190954774,at6_5
154,0.8067519872699453,0.02512340468122321,0.1681246080488315,62.68341708542713,at6_5
155,0.7557545025768823,0.021304933742242148,0.2229405636808756,63.09045226130653,at6_5
156,0.7009209809061664,0.016118528296413387,0.2829604907974203,63.497487437185924,at6_5
157,0.6551042561338286,0.010643985136833206,0.33425175872933816,63.904522613065325,at6_5
158,0.6282904090219323,0.006126785942409289,0.36558280503565843,64.31155778894473,at6_5
159,0.6200476814926632,0.0031319411492413507,0.37682037735809537,64.71859296482411,at6_5
160,0.6223327379712098,0.0014588354963472599,0.376208426532443,65.12562814070351,at6_5
161,0.6263417719460237,0.000632442204946407,0.3730257858490299,65.53266331658291,at6_5
162,0.6258074961396035,0.0002584926391461725,0.3739340112212502,65.93969849246231,at6_5
163,0.6170891311955962,0.00010013626531814888,0.3828107325390857,66.34673366834171,at6_5
164,0.5985367820139874,3.6749007051556316e-05,0.40142646897896095,66.7537688442211,at6_5
165,0.570239472305388,1.2718501654325731e-05,0.4297478091929577,67.1608040201005,at6_5
166,0.5341530485234589,4.1231192551682085e-06,0.4658428283572859,67.5678391959799,at6_5
167,0.49405643393708465,1.243827032437422e-06,0.505942322235883,67.9748743718593,at6_5
168,0.4547069645594486,3.478563253903003e-07,0.545292687584226,68.38190954773869,at6_5
169,0.42022095592987047,9.025249956119996e-08,0.57977895381763,68.78894472361809,at6_5
170,0.3926331376430044,2.1831807304671496e-08,0.6073668405251883,69.19597989949749,at6_5
171,0.37155849298754234,4.959021566267162e-09,0.6284415020534361,69.60301507537689,at6_5
172,0.3548556264363398,1.064887048658491e-09,0.6451443724987732,70.01005025125627,at6_5
173,0.3395365749669216,2.170879309265052e-10,0.6604634248159904,70.41708542713567,at6_5
174,0.3224404645325454,4.202483995214849e-11,0.6775595354254298,70.82412060301507,at6_5
175,0.3007466856676787,7.689723418031922e-12,0.6992533143246317,71.23115577889448,at6_5
176,0.2726989503990269,1.3166270019720205e-12,0.7273010495996564,71.63819095477386,at6_5
177,0.23876996979554044,2.0773547066038927e-13,0.7612300302042518,72.04522613065326,at6_5
178,0.20269867308599826,2.966425103790984e-14,0.797301326913972,72.45226130653266,at6_5
179,0.1707114604933414,3.776802749987355e-15,0.8292885395066547,72.85929648241206,at6_5
180,0.14802366164033215,4.265059788559396e-16,0.8519763383596675,73.26633165829145,at6_5
181,0.13539705837590985,4.302595680272937e-17,0.86460294162409,73.67336683417085,at6_5
182,0.1294500473389726,3.937512847227094e-18,0.8705499526610273,74.08040201005025,at6_5
183,0.12579602933461242,3.3244509435896085e-19,0.8742039706653876,74.48743718592965,at6_5
184,0.12158383999074616,2.6252950213731773e-20,0.8784161600092538,74.89447236180904,at6_5
185,0.11624912590937944,1.9570883412186965e-21,0.8837508740906206,75.30150753768844,at6_5
186,0.11124840159074371,1.384671656842555e-22,0.8887515984092563,75.70854271356784,at6_5
187,0.10956628239307963,9.32175714676431e-24,0.8904337176069202,76.11557788944724,at6_5
188,0.11526454674006621,5.974762317967978e-25,0.8847354532599337,76.52261306532662,at6_5
189,0.13304157851251297,3.642540982868424e-26,0.866958421487487,76.92964824120602,at6_5
190,0.1676544819528232,2.1071935387651106e-27,0.8323455180471768,77.33668341708542,at6_5
191,0.2230052800769169,1.1521715565471724e-28,0.7769947199230831,77.74371859296483,at6_5
192,0.3007573105324486,5.92285446249881e-30,0.6992426894675514,78.15075376884423,at6_5
193,0.39870406184917667,2.845114719228799e-31,0.6012959381508233,78.55778894472361,at6_5
194,0.5097822909944593,1.2700595427118627e-32,0.4902177090055408,78.96482412060301,at6_5
195,0.623014505842547,5.252279404572296e-34,0.37698549415745297,79.37185929648241,at6_5
196,0.7267582991393485,2.0139199100028508e-35,0.2732417008606514,79.77889447236181,at6_5
197,0.8126198273625341,7.1977397218806016e-37,0.1873801726374659,80.1859296482412,at6_5
198,0.8775134327670804,2.4187719823907744e-38,0.12248656723291963,80.5929648241206,at6_5
199,0.9229732035809329,7.722231755571956e-40,0.07702679641906705,81.0,at6_5
