,obs_names,Patient_Clone,time,cell_class_no_prolif
0,cellranger-arc201_count_9b9f744826edc64cc288193e1d52754e#AGGTTAACAGGTTCAC-1,at10_1,0.370979667245498,AC-gliosis-hypoxia
1,cellranger-arc201_count_9b9f744826edc64cc288193e1d52754e#CTGTTAAAGGTAAGCA-1,at10_1,0.38119027523477417,AC-gliosis-hypoxia
2,cellranger-arc201_count_9b9f744826edc64cc288193e1d52754e#GGTGTCCAGGATGATG-1,at10_1,0.7296024237484032,AC-gliosis-hypoxia
3,cellranger-arc201_count_9b9f744826edc64cc288193e1d52754e#TTACCGTGTGCAACTA-1,at10_1,0.5456754988723685,AC-gliosis-hypoxia
4,cellranger-arc201_count_877c4ccf6b72738da66f3017a5f79449#CCAGCTGCAATTATGC-1,at10_1,0.2510733758540067,AC-gliosis-hypoxia
5,cellranger-arc201_count_877c4ccf6b72738da66f3017a5f79449#CTTAAGATCCCATAAA-1,at10_1,0.41359096678649165,AC-gliosis-hypoxia
6,cellranger-arc201_count_877c4ccf6b72738da66f3017a5f79449#CTTAGGAGTACCGGAT-1,at10_1,0.10649084988216888,AC-gliosis-hypoxia
7,cellranger-arc201_count_877c4ccf6b72738da66f3017a5f79449#GCAACAGCAAATTCGT-1,at10_1,0.404236115172875,AC-gliosis-hypoxia
8,cellranger-arc201_count_877c4ccf6b72738da66f3017a5f79449#GCTAAGCGTGGACCTG-1,at10_1,0.5440040231352411,AC-gliosis-hypoxia
9,cellranger-arc201_count_877c4ccf6b72738da66f3017a5f79449#GGCAATCGTCATCATC-1,at10_1,0.37672222240899667,AC-gliosis-hypoxia
10,cellranger-arc201_count_651c086adc1acf13d5493f979b7a6fc4#GCCTGCTGTAAGGTTT-1,at10_1,0.48493255485841824,AC-gliosis-hypoxia
11,cellranger-arc201_count_651c086adc1acf13d5493f979b7a6fc4#GGACATAAGTCCTTTG-1,at10_1,0.1868541721433049,AC-gliosis-hypoxia
12,cellranger-arc201_count_651c086adc1acf13d5493f979b7a6fc4#TGATCACAGTAGGCGG-1,at10_1,0.4148097291364436,AC-gliosis-hypoxia
13,cellranger-arc201_count_651c086adc1acf13d5493f979b7a6fc4#TTGCAGCCATTAGCCA-1,at10_1,0.36102036251776215,AC-gliosis-hypoxia
14,cellranger-arc201_count_a166708bcbeb284b79da9df9facb9573#AACCTCACAAGCTACC-1,at10_1,0.19084400817091982,AC-gliosis-hypoxia
15,cellranger-arc201_count_a166708bcbeb284b79da9df9facb9573#TATCGAGGTTTACTTG-1,at10_1,0.35067271545765705,AC-gliosis-hypoxia
16,cellranger-arc201_count_2f9d72acefae69161ec2c2137f20c0cd#ATAGGTACACCACAAC-1,at10_1,0.363561153758443,AC-gliosis-hypoxia
17,cellranger-arc201_count_2f9d72acefae69161ec2c2137f20c0cd#GCCCGTTGTCACACCC-1,at10_1,0.3692958852773047,AC-gliosis-hypoxia
18,cellranger-arc201_count_2f9d72acefae69161ec2c2137f20c0cd#TGGTGATTCATTAGTG-1,at10_1,0.3811537463317008,AC-gliosis-hypoxia
19,cellranger-arc201_count_0fb30af0fe36506de6b8a3b7f8b6b155#AGTAACGAGAAACTGG-1,at10_1,0.18693586101648899,AC-gliosis-hypoxia
20,cellranger-arc201_count_0fb30af0fe36506de6b8a3b7f8b6b155#CCCTTAATCCCAGTAG-1,at10_1,0.37723858295503326,AC-gliosis-hypoxia
21,cellranger-arc201_count_1243e22655c16468279dae921b0de74a#AATGTCATCCGGAACC-1,at10_1,0.44109870643483706,AC-gliosis-hypoxia
22,cellranger-arc201_count_1243e22655c16468279dae921b0de74a#CTTGCATGTAGCCTAA-1,at10_1,0.3493956237998249,AC-gliosis-hypoxia
23,cellranger-arc201_count_1243e22655c16468279dae921b0de74a#GGAACCTGTGGTGAGA-1,at10_1,0.4953940763191106,AC-gliosis-hypoxia
24,cellranger-arc201_count_dae7bef086560538e47878293f38b2c6#ACCCGCTGTAACTACG-1,at10_1,0.37764165378566916,AC-gliosis-hypoxia
25,cellranger-arc201_count_e639e4f2fc11914d67363348c4a30ad1#CTTACCTCACTTACAG-1,at10_1,0.3909522069488762,AC-gliosis-hypoxia
26,cellranger-arc201_count_9b9f744826edc64cc288193e1d52754e#AAACATGCAATAATGG-1,at10_1,0.47859222869721624,AC-gliosis-hypoxia
27,cellranger-arc201_count_9b9f744826edc64cc288193e1d52754e#AAACGTACAAGACTCC-1,at10_1,0.5376727735155041,AC-gliosis-hypoxia
28,cellranger-arc201_count_9b9f744826edc64cc288193e1d52754e#AACAGGATCCAAACAC-1,at10_1,0.49316169259317394,AC-gliosis-hypoxia
29,cellranger-arc201_count_9b9f744826edc64cc288193e1d52754e#AACCGCTCATTGTGTG-1,at10_1,0.485528098483983,AC-gliosis-hypoxia
30,cellranger-arc201_count_9b9f744826edc64cc288193e1d52754e#AACCGGCTCCTGGCTT-1,at10_1,0.4381643663794129,AC-gliosis-hypoxia
31,cellranger-arc201_count_9b9f744826edc64cc288193e1d52754e#AACCTTGCAGCATGGA-1,at10_1,0.5403588729460784,AC-gliosis-hypoxia
32,cellranger-arc201_count_9b9f744826edc64cc288193e1d52754e#AACTAGCTCAAACCTA-1,at10_1,0.4923106693833089,AC-gliosis-hypoxia
33,cellranger-arc201_count_9b9f744826edc64cc288193e1d52754e#AACTCACAGCTGGCTA-1,at10_1,0.4201231532152845,AC-gliosis-hypoxia
34,cellranger-arc201_count_9b9f744826edc64cc288193e1d52754e#AAGAACAGTTACTTGC-1,at10_1,0.5398759786664247,AC-gliosis-hypoxia
35,cellranger-arc201_count_9b9f744826edc64cc288193e1d52754e#AAGACAAGTAACGTGC-1,at10_1,0.6492622243942813,AC-gliosis-hypoxia
36,cellranger-arc201_count_9b9f744826edc64cc288193e1d52754e#AAGACAAGTTATCGAG-1,at10_1,0.4311666034893441,AC-gliosis-hypoxia
37,cellranger-arc201_count_9b9f744826edc64cc288193e1d52754e#AAGACATAGGATTGAG-1,at10_1,0.5568854173716387,AC-gliosis-hypoxia
38,cellranger-arc201_count_9b9f744826edc64cc288193e1d52754e#AAGACATAGGCTAAGA-1,at10_1,0.4725969781645907,AC-gliosis-hypoxia
39,cellranger-arc201_count_9b9f744826edc64cc288193e1d52754e#AAGACCAAGACAACAG-1,at10_1,0.5594262364544712,AC-gliosis-hypoxia
40,cellranger-arc201_count_9b9f744826edc64cc288193e1d52754e#AAGCGAGGTACAATGT-1,at10_1,0.5404211279973529,AC-gliosis-hypoxia
41,cellranger-arc201_count_9b9f744826edc64cc288193e1d52754e#AATATCCCAGTAGCCT-1,at10_1,0.5111196577236213,AC-gliosis-hypoxia
42,cellranger-arc201_count_9b9f744826edc64cc288193e1d52754e#AATGTCATCTTGGATA-1,at10_1,0.44412876780791855,AC-gliosis-hypoxia
43,cellranger-arc201_count_9b9f744826edc64cc288193e1d52754e#AATTGTGTCCTCAGCT-1,at10_1,0.45539336829319194,AC-gliosis-hypoxia
44,cellranger-arc201_count_9b9f744826edc64cc288193e1d52754e#ACACAATGTGTTTCAC-1,at10_1,0.5451282335379085,AC-gliosis-hypoxia
45,cellranger-arc201_count_9b9f744826edc64cc288193e1d52754e#ACACGGACACTAAGCC-1,at10_1,0.5163353280077283,AC-gliosis-hypoxia
46,cellranger-arc201_count_9b9f744826edc64cc288193e1d52754e#ACACTAATCCTAAGAC-1,at10_1,0.40729078900808835,AC-gliosis-hypoxia
47,cellranger-arc201_count_9b9f744826edc64cc288193e1d52754e#ACATCAATCCAGGTCA-1,at10_1,0.4053691793797934,AC-gliosis-hypoxia
48,cellranger-arc201_count_9b9f744826edc64cc288193e1d52754e#ACATTGCAGTTACCGG-1,at10_1,0.5381127351971858,AC-gliosis-hypoxia
49,cellranger-arc201_count_9b9f744826edc64cc288193e1d52754e#ACCAAACTCCCGTTTA-1,at10_1,0.4935108331759034,AC-gliosis-hypoxia
50,cellranger-arc201_count_9b9f744826edc64cc288193e1d52754e#ACCTAAATCGTTACTT-1,at10_1,0.5415709531796146,AC-gliosis-hypoxia
51,cellranger-arc201_count_9b9f744826edc64cc288193e1d52754e#ACCTACCTCCCGAACA-1,at10_1,0.44515168846258196,AC-gliosis-hypoxia
52,cellranger-arc201_count_9b9f744826edc64cc288193e1d52754e#ACGGGAAGTAATCGGC-1,at10_1,0.4792178975309559,AC-gliosis-hypoxia
53,cellranger-arc201_count_9b9f744826edc64cc288193e1d52754e#ACGTCCAAGGAACACA-1,at10_1,0.5530092330073971,AC-gliosis-hypoxia
54,cellranger-arc201_count_9b9f744826edc64cc288193e1d52754e#ACTAACTCACACCAAC-1,at10_1,0.5180051889000552,AC-gliosis-hypoxia
55,cellranger-arc201_count_9b9f744826edc64cc288193e1d52754e#ACTATGTCATTGTGAT-1,at10_1,0.4882988937401286,AC-gliosis-hypoxia
56,cellranger-arc201_count_9b9f744826edc64cc288193e1d52754e#ACTCACTGTAGCTAAT-1,at10_1,0.5465142158511676,AC-gliosis-hypoxia
57,cellranger-arc201_count_9b9f744826edc64cc288193e1d52754e#ACTCACTGTCATTGAG-1,at10_1,0.5017900867837781,AC-gliosis-hypoxia
58,cellranger-arc201_count_9b9f744826edc64cc288193e1d52754e#ACTCCTCAGCCACAAT-1,at10_1,0.5170382866546782,AC-gliosis-hypoxia
59,cellranger-arc201_count_9b9f744826edc64cc288193e1d52754e#ACTCGCGCATAAGCAA-1,at10_1,0.40728856163594973,AC-gliosis-hypoxia
60,cellranger-arc201_count_9b9f744826edc64cc288193e1d52754e#ACTGAATGTATTGCAG-1,at10_1,0.5781870021879825,AC-gliosis-hypoxia
61,cellranger-arc201_count_9b9f744826edc64cc288193e1d52754e#AGAATCTGTCGTTACT-1,at10_1,0.4591839101987034,AC-gliosis-hypoxia
62,cellranger-arc201_count_9b9f744826edc64cc288193e1d52754e#AGACAATAGTCCTTCA-1,at10_1,0.45642558822653406,AC-gliosis-hypoxia
63,cellranger-arc201_count_9b9f744826edc64cc288193e1d52754e#AGAGAAGCATGCTATG-1,at10_1,0.551518619887926,AC-gliosis-hypoxia
64,cellranger-arc201_count_9b9f744826edc64cc288193e1d52754e#AGAGATTAGGATTGCT-1,at10_1,0.5411507037413594,AC-gliosis-hypoxia
65,cellranger-arc201_count_9b9f744826edc64cc288193e1d52754e#AGCAAATAGCTTGCTC-1,at10_1,0.3590396440013385,AC-gliosis-hypoxia
66,cellranger-arc201_count_9b9f744826edc64cc288193e1d52754e#AGCAATACAGTAGGTG-1,at10_1,0.5510645700774673,AC-gliosis-hypoxia
67,cellranger-arc201_count_9b9f744826edc64cc288193e1d52754e#AGCAATTGTCCTTAGT-1,at10_1,0.4255359180915079,AC-gliosis-hypoxia
68,cellranger-arc201_count_9b9f744826edc64cc288193e1d52754e#AGCCTCCGTAGGTTAT-1,at10_1,0.5077165672016237,AC-gliosis-hypoxia
69,cellranger-arc201_count_9b9f744826edc64cc288193e1d52754e#AGCGATTTCTGGCATG-1,at10_1,0.4185468976370832,AC-gliosis-hypoxia
70,cellranger-arc201_count_9b9f744826edc64cc288193e1d52754e#AGCGGATAGGCTACTG-1,at10_1,0.5444888663655162,AC-gliosis-hypoxia
71,cellranger-arc201_count_9b9f744826edc64cc288193e1d52754e#AGCTACTAGCTGTAAC-1,at10_1,0.4676512096993815,AC-gliosis-hypoxia
72,cellranger-arc201_count_9b9f744826edc64cc288193e1d52754e#AGCTAGTTCTAGCTAA-1,at10_1,0.5228271154743568,AC-gliosis-hypoxia
73,cellranger-arc201_count_9b9f744826edc64cc288193e1d52754e#AGCTCATAGCGTGCGT-1,at10_1,0.5784224911073387,AC-gliosis-hypoxia
74,cellranger-arc201_count_9b9f744826edc64cc288193e1d52754e#AGCTTAATCGTCATTT-1,at10_1,0.5019868751122256,AC-gliosis-hypoxia
75,cellranger-arc201_count_9b9f744826edc64cc288193e1d52754e#AGGATCCGTAAGCTTG-1,at10_1,0.5232116155897869,AC-gliosis-hypoxia
76,cellranger-arc201_count_9b9f744826edc64cc288193e1d52754e#AGGATGTCAAACATAG-1,at10_1,0.5542056659516593,AC-gliosis-hypoxia
77,cellranger-arc201_count_9b9f744826edc64cc288193e1d52754e#AGGTACGCATCACTTC-1,at10_1,0.5515319841207578,AC-gliosis-hypoxia
78,cellranger-arc201_count_9b9f744826edc64cc288193e1d52754e#AGGTTACTCATCCTAT-1,at10_1,0.5433863171568971,AC-gliosis-hypoxia
79,cellranger-arc201_count_9b9f744826edc64cc288193e1d52754e#AGTAAGTAGCATGACT-1,at10_1,0.4792648950830809,AC-gliosis-hypoxia
80,cellranger-arc201_count_9b9f744826edc64cc288193e1d52754e#AGTAGCTTCTTAGCCC-1,at10_1,0.5654685402235253,AC-gliosis-hypoxia
81,cellranger-arc201_count_9b9f744826edc64cc288193e1d52754e#ATAAGCCTCCCTGGAA-1,at10_1,0.5197179267060507,AC-gliosis-hypoxia
82,cellranger-arc201_count_9b9f744826edc64cc288193e1d52754e#ATACCTGCAATTGCGC-1,at10_1,0.5133150670720568,AC-gliosis-hypoxia
83,cellranger-arc201_count_9b9f744826edc64cc288193e1d52754e#ATCAAGCTCCTCATGC-1,at10_1,0.408487583900323,AC-gliosis-hypoxia
84,cellranger-arc201_count_9b9f744826edc64cc288193e1d52754e#ATCCACCTCCCGTTGT-1,at10_1,0.5403935642671375,AC-gliosis-hypoxia
85,cellranger-arc201_count_9b9f744826edc64cc288193e1d52754e#ATCGCTTGTCGTAAAT-1,at10_1,0.4750497603636442,AC-gliosis-hypoxia
86,cellranger-arc201_count_9b9f744826edc64cc288193e1d52754e#ATGAATGCAGCTCAAC-1,at10_1,0.4378204044369058,AC-gliosis-hypoxia
87,cellranger-arc201_count_9b9f744826edc64cc288193e1d52754e#ATGAATGCATAGCGGA-1,at10_1,0.579649216312686,AC-gliosis-hypoxia
88,cellranger-arc201_count_9b9f744826edc64cc288193e1d52754e#ATGACAACACAAGCCT-1,at10_1,0.582094870920896,AC-gliosis-hypoxia
89,cellranger-arc201_count_9b9f744826edc64cc288193e1d52754e#ATGATGACACCCACAG-1,at10_1,0.5269819997774438,AC-gliosis-hypoxia
90,cellranger-arc201_count_9b9f744826edc64cc288193e1d52754e#ATGTGAGAGAACCTGT-1,at10_1,0.5112488453076616,AC-gliosis-hypoxia
91,cellranger-arc201_count_9b9f744826edc64cc288193e1d52754e#ATGTTTGAGCCATCAG-1,at10_1,0.4943375780294574,AC-gliosis-hypoxia
92,cellranger-arc201_count_9b9f744826edc64cc288193e1d52754e#ATTAACCCAGAAATTG-1,at10_1,0.5164161259320569,AC-gliosis-hypoxia
93,cellranger-arc201_count_9b9f744826edc64cc288193e1d52754e#ATTACCGCACTTAACG-1,at10_1,0.6402616920036164,AC-gliosis-hypoxia
94,cellranger-arc201_count_9b9f744826edc64cc288193e1d52754e#ATTACGTCAGTAAAGC-1,at10_1,0.4713950324742853,AC-gliosis-hypoxia
95,cellranger-arc201_count_9b9f744826edc64cc288193e1d52754e#ATTAGCTCAAGGACCA-1,at10_1,0.46146078568310894,AC-gliosis-hypoxia
96,cellranger-arc201_count_9b9f744826edc64cc288193e1d52754e#ATTAGCTCAATAAGCA-1,at10_1,0.5558170026410438,AC-gliosis-hypoxia
97,cellranger-arc201_count_9b9f744826edc64cc288193e1d52754e#ATTAGTCCATAATTGC-1,at10_1,0.46044243114132977,AC-gliosis-hypoxia
98,cellranger-arc201_count_9b9f744826edc64cc288193e1d52754e#ATTCCTAGTAAAGCAA-1,at10_1,0.5534146704209303,AC-gliosis-hypoxia
99,cellranger-arc201_count_9b9f744826edc64cc288193e1d52754e#ATTTGCGCACCGGCTA-1,at10_1,0.5409550290989814,AC-gliosis-hypoxia
100,cellranger-arc201_count_9b9f744826edc64cc288193e1d52754e#CAAACAACATTAGGCC-1,at10_1,0.5706098162782022,AC-gliosis-hypoxia
101,cellranger-arc201_count_9b9f744826edc64cc288193e1d52754e#CAAACATGTTGGATAT-1,at10_1,0.6194590385463246,AC-gliosis-hypoxia
102,cellranger-arc201_count_9b9f744826edc64cc288193e1d52754e#CAACAATGTGGATTGC-1,at10_1,0.5276318355988875,AC-gliosis-hypoxia
103,cellranger-arc201_count_9b9f744826edc64cc288193e1d52754e#CAACAGGCAGGACACA-1,at10_1,0.4434467464590717,AC-gliosis-hypoxia
104,cellranger-arc201_count_9b9f744826edc64cc288193e1d52754e#CAAGGTTTCACTCGCT-1,at10_1,0.4200827264109684,AC-gliosis-hypoxia
105,cellranger-arc201_count_9b9f744826edc64cc288193e1d52754e#CAATGACTCTCACTAT-1,at10_1,0.5551861551670819,AC-gliosis-hypoxia
106,cellranger-arc201_count_9b9f744826edc64cc288193e1d52754e#CAATGCCCACTATGGC-1,at10_1,0.534267734042885,AC-gliosis-hypoxia
107,cellranger-arc201_count_9b9f744826edc64cc288193e1d52754e#CACGCAATCTTGCTAT-1,at10_1,0.5538848686793939,AC-gliosis-hypoxia
108,cellranger-arc201_count_9b9f744826edc64cc288193e1d52754e#CACTAGCCAAGATTCT-1,at10_1,0.3645282787410339,AC-gliosis-hypoxia
109,cellranger-arc201_count_9b9f744826edc64cc288193e1d52754e#CAGCTAAGTCATCATC-1,at10_1,0.4626176270876071,AC-gliosis-hypoxia
110,cellranger-arc201_count_9b9f744826edc64cc288193e1d52754e#CAGCTAAGTCCGTAGG-1,at10_1,0.5432742246540208,AC-gliosis-hypoxia
111,cellranger-arc201_count_9b9f744826edc64cc288193e1d52754e#CAGGGCTTCCCGAAGC-1,at10_1,0.4581138806233081,AC-gliosis-hypoxia
112,cellranger-arc201_count_9b9f744826edc64cc288193e1d52754e#CATGCAAGTCCCGGAA-1,at10_1,0.5575684410379479,AC-gliosis-hypoxia
113,cellranger-arc201_count_9b9f744826edc64cc288193e1d52754e#CATGCAAGTCCTAACT-1,at10_1,0.552179369832849,AC-gliosis-hypoxia
114,cellranger-arc201_count_9b9f744826edc64cc288193e1d52754e#CATTCATTCCATCAGG-1,at10_1,0.5403824274064444,AC-gliosis-hypoxia
115,cellranger-arc201_count_9b9f744826edc64cc288193e1d52754e#CATTGCGAGCCTCTCG-1,at10_1,0.5318215782759439,AC-gliosis-hypoxia
116,cellranger-arc201_count_9b9f744826edc64cc288193e1d52754e#CATTGTGCACTATGGC-1,at10_1,0.52632653984135,AC-gliosis-hypoxia
117,cellranger-arc201_count_9b9f744826edc64cc288193e1d52754e#CATTTGTTCATCCACC-1,at10_1,0.6197411909119848,AC-gliosis-hypoxia
118,cellranger-arc201_count_9b9f744826edc64cc288193e1d52754e#CCAAACCCAGCCTGCA-1,at10_1,0.4842108306012004,AC-gliosis-hypoxia
119,cellranger-arc201_count_9b9f744826edc64cc288193e1d52754e#CCACATTGTAGCAGCT-1,at10_1,0.42723261881810526,AC-gliosis-hypoxia
120,cellranger-arc201_count_9b9f744826edc64cc288193e1d52754e#CCAGACTCATGAGTTT-1,at10_1,0.5525269512550813,AC-gliosis-hypoxia
121,cellranger-arc201_count_9b9f744826edc64cc288193e1d52754e#CCATCATGTCACGGAT-1,at10_1,0.5571212403968155,AC-gliosis-hypoxia
122,cellranger-arc201_count_9b9f744826edc64cc288193e1d52754e#CCCAACCGTGTCACGG-1,at10_1,0.5641747154325017,AC-gliosis-hypoxia
123,cellranger-arc201_count_9b9f744826edc64cc288193e1d52754e#CCCAATTGTAGACAAA-1,at10_1,0.5488368638330219,AC-gliosis-hypoxia
124,cellranger-arc201_count_9b9f744826edc64cc288193e1d52754e#CCCAGCACAGCATGTC-1,at10_1,0.49913856730565587,AC-gliosis-hypoxia
125,cellranger-arc201_count_9b9f744826edc64cc288193e1d52754e#CCCAGTTTCCAGGTCA-1,at10_1,0.45606837341980216,AC-gliosis-hypoxia
126,cellranger-arc201_count_9b9f744826edc64cc288193e1d52754e#CCTAAAGGTAATCGCA-1,at10_1,0.45903077836417294,AC-gliosis-hypoxia
127,cellranger-arc201_count_9b9f744826edc64cc288193e1d52754e#CCTAAATCAATACTGT-1,at10_1,0.505306940337756,AC-gliosis-hypoxia
128,cellranger-arc201_count_9b9f744826edc64cc288193e1d52754e#CCTAATAAGGCTGGCT-1,at10_1,0.49232486888069266,AC-gliosis-hypoxia
129,cellranger-arc201_count_9b9f744826edc64cc288193e1d52754e#CCTACTGGTCCTCCAA-1,at10_1,0.5535363406240026,AC-gliosis-hypoxia
130,cellranger-arc201_count_9b9f744826edc64cc288193e1d52754e#CCTCAATGTAACGAGG-1,at10_1,0.4191144042158531,AC-gliosis-hypoxia
131,cellranger-arc201_count_9b9f744826edc64cc288193e1d52754e#CCTCCTCTCCTAGTAA-1,at10_1,0.49456916904757087,AC-gliosis-hypoxia
132,cellranger-arc201_count_9b9f744826edc64cc288193e1d52754e#CCTGTTGGTCATGCCC-1,at10_1,0.5992513161872592,AC-gliosis-hypoxia
133,cellranger-arc201_count_9b9f744826edc64cc288193e1d52754e#CCTTAACGTTCCAGGG-1,at10_1,0.4554679295755324,AC-gliosis-hypoxia
134,cellranger-arc201_count_9b9f744826edc64cc288193e1d52754e#CCTTACTCAGCAAATA-1,at10_1,0.5497451305068496,AC-gliosis-hypoxia
135,cellranger-arc201_count_9b9f744826edc64cc288193e1d52754e#CCTTATGTCCAATTAG-1,at10_1,0.4585300651074101,AC-gliosis-hypoxia
136,cellranger-arc201_count_9b9f744826edc64cc288193e1d52754e#CGAACAAAGGTGAAAT-1,at10_1,0.5464558030168322,AC-gliosis-hypoxia
137,cellranger-arc201_count_9b9f744826edc64cc288193e1d52754e#CGAAGTAAGGCACAGG-1,at10_1,0.5432613058956167,AC-gliosis-hypoxia
138,cellranger-arc201_count_9b9f744826edc64cc288193e1d52754e#CGAAGTAAGTGACCTG-1,at10_1,0.5050331963019191,AC-gliosis-hypoxia
139,cellranger-arc201_count_9b9f744826edc64cc288193e1d52754e#CGAGGTGAGATTCCTT-1,at10_1,0.5396547449287556,AC-gliosis-hypoxia
140,cellranger-arc201_count_9b9f744826edc64cc288193e1d52754e#CGATTGAGTTGTTGGA-1,at10_1,0.4491057751673719,AC-gliosis-hypoxia
141,cellranger-arc201_count_9b9f744826edc64cc288193e1d52754e#CGCAAATTCTAAGTGC-1,at10_1,0.5118672751819507,AC-gliosis-hypoxia
142,cellranger-arc201_count_9b9f744826edc64cc288193e1d52754e#CGCAATAGTTCCGGCT-1,at10_1,0.5434726835115722,AC-gliosis-hypoxia
143,cellranger-arc201_count_9b9f744826edc64cc288193e1d52754e#CGCCTCATCCGCTAGA-1,at10_1,0.38116393655923503,AC-gliosis-hypoxia
144,cellranger-arc201_count_9b9f744826edc64cc288193e1d52754e#CGCGGATTCAATGAGG-1,at10_1,0.4144187974839632,AC-gliosis-hypoxia
145,cellranger-arc201_count_9b9f744826edc64cc288193e1d52754e#CGCTAATAGCTTACTT-1,at10_1,0.4297574286636915,AC-gliosis-hypoxia
146,cellranger-arc201_count_9b9f744826edc64cc288193e1d52754e#CGCTTCTAGCTGGAAA-1,at10_1,0.43401861430209426,AC-gliosis-hypoxia
147,cellranger-arc201_count_9b9f744826edc64cc288193e1d52754e#CGTATTGCATGAATAG-1,at10_1,0.5400351800900327,AC-gliosis-hypoxia
148,cellranger-arc201_count_9b9f744826edc64cc288193e1d52754e#CGTGAGGAGAGGAGTC-1,at10_1,0.18695430644201197,AC-gliosis-hypoxia
149,cellranger-arc201_count_9b9f744826edc64cc288193e1d52754e#CGTTAGTAGGCCTGGT-1,at10_1,0.5629951548321895,AC-gliosis-hypoxia
150,cellranger-arc201_count_9b9f744826edc64cc288193e1d52754e#CTAACCACAATAACGA-1,at10_1,0.4926688308231998,AC-gliosis-hypoxia
151,cellranger-arc201_count_9b9f744826edc64cc288193e1d52754e#CTAACCTGTGGTTAGC-1,at10_1,0.5840885917221789,AC-gliosis-hypoxia
152,cellranger-arc201_count_9b9f744826edc64cc288193e1d52754e#CTACCTCAGGACAATG-1,at10_1,0.6237064701617713,AC-gliosis-hypoxia
153,cellranger-arc201_count_9b9f744826edc64cc288193e1d52754e#CTAGCGGGTAATCCCT-1,at10_1,0.5585856262093543,AC-gliosis-hypoxia
154,cellranger-arc201_count_9b9f744826edc64cc288193e1d52754e#CTAGCTTGTCGCATAA-1,at10_1,0.5758060527403996,AC-gliosis-hypoxia
155,cellranger-arc201_count_9b9f744826edc64cc288193e1d52754e#CTAGTTGCACAAAGAC-1,at10_1,0.41562207959755176,AC-gliosis-hypoxia
156,cellranger-arc201_count_9b9f744826edc64cc288193e1d52754e#CTATGAGGTTAAGCCA-1,at10_1,0.5524998329992936,AC-gliosis-hypoxia
157,cellranger-arc201_count_9b9f744826edc64cc288193e1d52754e#CTATTACTCCTAAATG-1,at10_1,0.5351638615385572,AC-gliosis-hypoxia
158,cellranger-arc201_count_9b9f744826edc64cc288193e1d52754e#CTCATGACACAACCTA-1,at10_1,0.4657720315103273,AC-gliosis-hypoxia
159,cellranger-arc201_count_9b9f744826edc64cc288193e1d52754e#CTCCTCACAGAGGCTA-1,at10_1,0.5039314266735484,AC-gliosis-hypoxia
160,cellranger-arc201_count_9b9f744826edc64cc288193e1d52754e#CTCTGTTCACCTAAGC-1,at10_1,0.6046711808121746,AC-gliosis-hypoxia
161,cellranger-arc201_count_9b9f744826edc64cc288193e1d52754e#CTGAATATCACATTGA-1,at10_1,0.48279778571645693,AC-gliosis-hypoxia
162,cellranger-arc201_count_9b9f744826edc64cc288193e1d52754e#CTGATCACACAAGCCT-1,at10_1,0.44032875957081796,AC-gliosis-hypoxia
163,cellranger-arc201_count_9b9f744826edc64cc288193e1d52754e#CTGATCACAGTTTACG-1,at10_1,0.5539049150286416,AC-gliosis-hypoxia
164,cellranger-arc201_count_9b9f744826edc64cc288193e1d52754e#CTGCAATAGCACAGAA-1,at10_1,0.634452315675959,AC-gliosis-hypoxia
165,cellranger-arc201_count_9b9f744826edc64cc288193e1d52754e#CTGCAATAGCTTACTT-1,at10_1,0.4414495732309739,AC-gliosis-hypoxia
166,cellranger-arc201_count_9b9f744826edc64cc288193e1d52754e#CTGCTATGTCATGAGC-1,at10_1,0.6037023853004798,AC-gliosis-hypoxia
167,cellranger-arc201_count_9b9f744826edc64cc288193e1d52754e#CTGGCTAAGTCACTCC-1,at10_1,0.5547957525154845,AC-gliosis-hypoxia
168,cellranger-arc201_count_9b9f744826edc64cc288193e1d52754e#CTGTTTAGTTCCGGCT-1,at10_1,0.538788464219741,AC-gliosis-hypoxia
169,cellranger-arc201_count_9b9f744826edc64cc288193e1d52754e#CTTAACAAGTATTGGC-1,at10_1,0.5492366214476015,AC-gliosis-hypoxia
170,cellranger-arc201_count_9b9f744826edc64cc288193e1d52754e#CTTACCTCATTGCGTA-1,at10_1,0.5084040456122102,AC-gliosis-hypoxia
171,cellranger-arc201_count_9b9f744826edc64cc288193e1d52754e#CTTACTAGTATTTGCC-1,at10_1,0.5621623403895578,AC-gliosis-hypoxia
172,cellranger-arc201_count_9b9f744826edc64cc288193e1d52754e#CTTCATCCACCAGGTT-1,at10_1,0.4334320358493875,AC-gliosis-hypoxia
173,cellranger-arc201_count_9b9f744826edc64cc288193e1d52754e#CTTCGCGTCACTCGCT-1,at10_1,0.5374462497690059,AC-gliosis-hypoxia
174,cellranger-arc201_count_9b9f744826edc64cc288193e1d52754e#CTTGCAACAGGTTCAC-1,at10_1,0.1770864074984149,AC-gliosis-hypoxia
175,cellranger-arc201_count_9b9f744826edc64cc288193e1d52754e#CTTGCATGTTTCGCCA-1,at10_1,0.5084325559755846,AC-gliosis-hypoxia
176,cellranger-arc201_count_9b9f744826edc64cc288193e1d52754e#GAAAGGCTCTTGAGGT-1,at10_1,0.5172456550007842,AC-gliosis-hypoxia
177,cellranger-arc201_count_9b9f744826edc64cc288193e1d52754e#GAACCTGTCCTTGCGT-1,at10_1,0.3998564054945456,AC-gliosis-hypoxia
178,cellranger-arc201_count_9b9f744826edc64cc288193e1d52754e#GAACCTTAGTTCCTCA-1,at10_1,0.5704226056499507,AC-gliosis-hypoxia
179,cellranger-arc201_count_9b9f744826edc64cc288193e1d52754e#GAACTTATCCTAAGTA-1,at10_1,0.5468308924849765,AC-gliosis-hypoxia
180,cellranger-arc201_count_9b9f744826edc64cc288193e1d52754e#GAAGTGATCATGTCAA-1,at10_1,0.4034022148863256,AC-gliosis-hypoxia
181,cellranger-arc201_count_9b9f744826edc64cc288193e1d52754e#GACACCGGTTAGGATT-1,at10_1,0.5525576889905944,AC-gliosis-hypoxia
182,cellranger-arc201_count_9b9f744826edc64cc288193e1d52754e#GACCGTTCAGTCTAGC-1,at10_1,0.5431625776255723,AC-gliosis-hypoxia
183,cellranger-arc201_count_9b9f744826edc64cc288193e1d52754e#GACCGTTCATGCTCCC-1,at10_1,0.5070134971860668,AC-gliosis-hypoxia
184,cellranger-arc201_count_9b9f744826edc64cc288193e1d52754e#GACCTCAAGCTCCCTG-1,at10_1,0.40473048041904275,AC-gliosis-hypoxia
185,cellranger-arc201_count_9b9f744826edc64cc288193e1d52754e#GACCTTTGTTTGAGCA-1,at10_1,0.5298486834041571,AC-gliosis-hypoxia
186,cellranger-arc201_count_9b9f744826edc64cc288193e1d52754e#GACTAATGTTTATCGC-1,at10_1,0.44468739274028557,AC-gliosis-hypoxia
187,cellranger-arc201_count_9b9f744826edc64cc288193e1d52754e#GAGTAACCAATCCTGA-1,at10_1,0.5345797331952028,AC-gliosis-hypoxia
188,cellranger-arc201_count_9b9f744826edc64cc288193e1d52754e#GATAAAGGTTACAACG-1,at10_1,0.4390294777180547,AC-gliosis-hypoxia
189,cellranger-arc201_count_9b9f744826edc64cc288193e1d52754e#GATCCGTCAACTAGCC-1,at10_1,0.5003750372641099,AC-gliosis-hypoxia
190,cellranger-arc201_count_9b9f744826edc64cc288193e1d52754e#GATGCATTCTTGGATA-1,at10_1,0.5611507793328014,AC-gliosis-hypoxia
191,cellranger-arc201_count_9b9f744826edc64cc288193e1d52754e#GATGCTTAGGACACTT-1,at10_1,0.5075651615805007,AC-gliosis-hypoxia
192,cellranger-arc201_count_9b9f744826edc64cc288193e1d52754e#GATTATGTCCCGTTGT-1,at10_1,0.45890454204821646,AC-gliosis-hypoxia
193,cellranger-arc201_count_9b9f744826edc64cc288193e1d52754e#GATTCAGGTAGGTTTG-1,at10_1,0.5341020175557714,AC-gliosis-hypoxia
194,cellranger-arc201_count_9b9f744826edc64cc288193e1d52754e#GATTCAGGTCAATGTG-1,at10_1,0.5478393909050423,AC-gliosis-hypoxia
195,cellranger-arc201_count_9b9f744826edc64cc288193e1d52754e#GATTGTTCACAAAGAC-1,at10_1,0.39908384146826364,AC-gliosis-hypoxia
196,cellranger-arc201_count_9b9f744826edc64cc288193e1d52754e#GCAACAGCAATTAGCT-1,at10_1,0.42157567827118503,AC-gliosis-hypoxia
197,cellranger-arc201_count_9b9f744826edc64cc288193e1d52754e#GCAATAGAGAATCGCT-1,at10_1,0.563389399700726,AC-gliosis-hypoxia
198,cellranger-arc201_count_9b9f744826edc64cc288193e1d52754e#GCAATCTAGTTGTCCC-1,at10_1,0.4598263400077862,AC-gliosis-hypoxia
199,cellranger-arc201_count_9b9f744826edc64cc288193e1d52754e#GCAATGTTCGCTCACT-1,at10_1,0.46430062947555195,AC-gliosis-hypoxia
200,cellranger-arc201_count_9b9f744826edc64cc288193e1d52754e#GCACGAACATGTTGTG-1,at10_1,0.5661873688969629,AC-gliosis-hypoxia
201,cellranger-arc201_count_9b9f744826edc64cc288193e1d52754e#GCAGGAAGTTATCGAG-1,at10_1,0.556304964192313,AC-gliosis-hypoxia
202,cellranger-arc201_count_9b9f744826edc64cc288193e1d52754e#GCAGGATAGCCTGACA-1,at10_1,0.4950017247168918,AC-gliosis-hypoxia
203,cellranger-arc201_count_9b9f744826edc64cc288193e1d52754e#GCATGAAAGGCTATGT-1,at10_1,0.5676096016917782,AC-gliosis-hypoxia
204,cellranger-arc201_count_9b9f744826edc64cc288193e1d52754e#GCATTGCCATTTGCTC-1,at10_1,0.5597137345132641,AC-gliosis-hypoxia
205,cellranger-arc201_count_9b9f744826edc64cc288193e1d52754e#GCCACAATCTCGCCCA-1,at10_1,0.39737063034568876,AC-gliosis-hypoxia
206,cellranger-arc201_count_9b9f744826edc64cc288193e1d52754e#GCCCATAAGGCGGGTA-1,at10_1,0.5481167544206045,AC-gliosis-hypoxia
207,cellranger-arc201_count_9b9f744826edc64cc288193e1d52754e#GCCCGTTGTCATTGAG-1,at10_1,0.4959809888776381,AC-gliosis-hypoxia
208,cellranger-arc201_count_9b9f744826edc64cc288193e1d52754e#GCCTGTGCAATGAATG-1,at10_1,0.4408414449528259,AC-gliosis-hypoxia
209,cellranger-arc201_count_9b9f744826edc64cc288193e1d52754e#GCGCAAACAGTAAAGC-1,at10_1,0.4629021738783165,AC-gliosis-hypoxia
210,cellranger-arc201_count_9b9f744826edc64cc288193e1d52754e#GCGGTTATCCTGGCTT-1,at10_1,0.37500519691163436,AC-gliosis-hypoxia
211,cellranger-arc201_count_9b9f744826edc64cc288193e1d52754e#GCGTGCTAGGCGCTAC-1,at10_1,0.5393689730833701,AC-gliosis-hypoxia
212,cellranger-arc201_count_9b9f744826edc64cc288193e1d52754e#GCTAACAGTCAAGTGC-1,at10_1,0.5433780201956806,AC-gliosis-hypoxia
213,cellranger-arc201_count_9b9f744826edc64cc288193e1d52754e#GCTAACAGTTCCTGTG-1,at10_1,0.5112670540748948,AC-gliosis-hypoxia
214,cellranger-arc201_count_9b9f744826edc64cc288193e1d52754e#GCTAAGAAGGGATGCG-1,at10_1,0.5544228904194786,AC-gliosis-hypoxia
215,cellranger-arc201_count_9b9f744826edc64cc288193e1d52754e#GCTGAGGAGACTTATG-1,at10_1,0.5965233978447821,AC-gliosis-hypoxia
216,cellranger-arc201_count_9b9f744826edc64cc288193e1d52754e#GGAAACTCAATGCGCT-1,at10_1,0.5981345674812564,AC-gliosis-hypoxia
217,cellranger-arc201_count_9b9f744826edc64cc288193e1d52754e#GGACCGAAGCTGTAAC-1,at10_1,0.48909462243665225,AC-gliosis-hypoxia
218,cellranger-arc201_count_9b9f744826edc64cc288193e1d52754e#GGATTATGTGTTTCAC-1,at10_1,0.4501092063158223,AC-gliosis-hypoxia
219,cellranger-arc201_count_9b9f744826edc64cc288193e1d52754e#GGATTTATCCAGGTCA-1,at10_1,0.5633118314659985,AC-gliosis-hypoxia
220,cellranger-arc201_count_9b9f744826edc64cc288193e1d52754e#GGCATGGAGTATTGCA-1,at10_1,0.4978204084740178,AC-gliosis-hypoxia
221,cellranger-arc201_count_9b9f744826edc64cc288193e1d52754e#GGCGATACACAACCTA-1,at10_1,0.5435311520302111,AC-gliosis-hypoxia
222,cellranger-arc201_count_9b9f744826edc64cc288193e1d52754e#GGCGGTAAGACTTACA-1,at10_1,0.569632835173898,AC-gliosis-hypoxia
223,cellranger-arc201_count_9b9f744826edc64cc288193e1d52754e#GGCTCAATCTGTTCAT-1,at10_1,0.4446749194563093,AC-gliosis-hypoxia
224,cellranger-arc201_count_9b9f744826edc64cc288193e1d52754e#GGCTGGTTCTATGACA-1,at10_1,0.3792656029697887,AC-gliosis-hypoxia
225,cellranger-arc201_count_9b9f744826edc64cc288193e1d52754e#GGGCATTGTTACTTGC-1,at10_1,0.5527979667600486,AC-gliosis-hypoxia
226,cellranger-arc201_count_9b9f744826edc64cc288193e1d52754e#GGGCTAACAAGGTAAC-1,at10_1,0.4872508594646022,AC-gliosis-hypoxia
227,cellranger-arc201_count_9b9f744826edc64cc288193e1d52754e#GGGTGTTGTTGTTGTC-1,at10_1,0.45501566166278473,AC-gliosis-hypoxia
228,cellranger-arc201_count_9b9f744826edc64cc288193e1d52754e#GGTAAACCACTGGCCA-1,at10_1,0.4990735837235115,AC-gliosis-hypoxia
229,cellranger-arc201_count_9b9f744826edc64cc288193e1d52754e#GGTAACTTCAGTATTG-1,at10_1,0.5538197180443392,AC-gliosis-hypoxia
230,cellranger-arc201_count_9b9f744826edc64cc288193e1d52754e#GGTAACTTCTTTGACT-1,at10_1,0.45465772296010776,AC-gliosis-hypoxia
231,cellranger-arc201_count_9b9f744826edc64cc288193e1d52754e#GGTATTGGTTACAAAC-1,at10_1,0.5460226905044766,AC-gliosis-hypoxia
232,cellranger-arc201_count_9b9f744826edc64cc288193e1d52754e#GGTGAGCCAGTAAGTA-1,at10_1,0.5489092534275273,AC-gliosis-hypoxia
233,cellranger-arc201_count_9b9f744826edc64cc288193e1d52754e#GGTGAGGTCAGGCTAT-1,at10_1,0.37521573926303786,AC-gliosis-hypoxia
234,cellranger-arc201_count_9b9f744826edc64cc288193e1d52754e#GGTTATGGTGATTTGG-1,at10_1,0.42951971237219677,AC-gliosis-hypoxia
235,cellranger-arc201_count_9b9f744826edc64cc288193e1d52754e#GGTTTCTGTAATCACG-1,at10_1,0.14572990800528474,AC-gliosis-hypoxia
236,cellranger-arc201_count_9b9f744826edc64cc288193e1d52754e#GTACCTTGTTTAGCTC-1,at10_1,0.5051392749000211,AC-gliosis-hypoxia
237,cellranger-arc201_count_9b9f744826edc64cc288193e1d52754e#GTACTAGGTGTAATAC-1,at10_1,0.45690809271606364,AC-gliosis-hypoxia
238,cellranger-arc201_count_9b9f744826edc64cc288193e1d52754e#GTATTGCAGCTGTCAG-1,at10_1,0.5570400526823627,AC-gliosis-hypoxia
239,cellranger-arc201_count_9b9f744826edc64cc288193e1d52754e#GTCAAACTCAATTGGC-1,at10_1,0.34899773160941133,AC-gliosis-hypoxia
240,cellranger-arc201_count_9b9f744826edc64cc288193e1d52754e#GTCATCACAGGTTAAA-1,at10_1,0.552664435800338,AC-gliosis-hypoxia
241,cellranger-arc201_count_9b9f744826edc64cc288193e1d52754e#GTCCATTGTTGTTGTC-1,at10_1,0.4938403728838129,AC-gliosis-hypoxia
242,cellranger-arc201_count_9b9f744826edc64cc288193e1d52754e#GTCCGTAAGCCACAAT-1,at10_1,0.49203514344976107,AC-gliosis-hypoxia
243,cellranger-arc201_count_9b9f744826edc64cc288193e1d52754e#GTCCTAGAGAAGCTAG-1,at10_1,0.3919307193715258,AC-gliosis-hypoxia
244,cellranger-arc201_count_9b9f744826edc64cc288193e1d52754e#GTCGCAATCACAGACT-1,at10_1,0.5355517027121952,AC-gliosis-hypoxia
245,cellranger-arc201_count_9b9f744826edc64cc288193e1d52754e#GTCTAACAGCACGATT-1,at10_1,0.5551021275531522,AC-gliosis-hypoxia
246,cellranger-arc201_count_9b9f744826edc64cc288193e1d52754e#GTCTAATCATGACTAT-1,at10_1,0.39888566103222955,AC-gliosis-hypoxia
247,cellranger-arc201_count_9b9f744826edc64cc288193e1d52754e#GTCTATGCACTTCATC-1,at10_1,0.5007487346246676,AC-gliosis-hypoxia
248,cellranger-arc201_count_9b9f744826edc64cc288193e1d52754e#GTGATCAGTAGTTAAC-1,at10_1,0.5197553465579795,AC-gliosis-hypoxia
249,cellranger-arc201_count_9b9f744826edc64cc288193e1d52754e#GTGCTCCGTTGCGGAT-1,at10_1,0.5464296313942033,AC-gliosis-hypoxia
250,cellranger-arc201_count_9b9f744826edc64cc288193e1d52754e#GTTAAACGTCCAAGAC-1,at10_1,0.5511610709753733,AC-gliosis-hypoxia
251,cellranger-arc201_count_9b9f744826edc64cc288193e1d52754e#GTTACTCGTTAGTACG-1,at10_1,0.4453481426852086,AC-gliosis-hypoxia
252,cellranger-arc201_count_9b9f744826edc64cc288193e1d52754e#GTTAGACTCGCTCCAT-1,at10_1,0.4405782809346474,AC-gliosis-hypoxia
253,cellranger-arc201_count_9b9f744826edc64cc288193e1d52754e#GTTCGCTTCCTAGTTT-1,at10_1,0.3839717061928818,AC-gliosis-hypoxia
254,cellranger-arc201_count_9b9f744826edc64cc288193e1d52754e#GTTGGCCAGGACCTGC-1,at10_1,0.5493585700721912,AC-gliosis-hypoxia
255,cellranger-arc201_count_9b9f744826edc64cc288193e1d52754e#GTTGGCGGTCGCGCAA-1,at10_1,0.4438117570682888,AC-gliosis-hypoxia
256,cellranger-arc201_count_9b9f744826edc64cc288193e1d52754e#TAATGGACAAGGAATC-1,at10_1,0.5360651676744517,AC-gliosis-hypoxia
257,cellranger-arc201_count_9b9f744826edc64cc288193e1d52754e#TACCGAAGTACTTAGG-1,at10_1,0.6406592779303609,AC-gliosis-hypoxia
258,cellranger-arc201_count_9b9f744826edc64cc288193e1d52754e#TACCGCAAGGTCGAGG-1,at10_1,0.46031792103878066,AC-gliosis-hypoxia
259,cellranger-arc201_count_9b9f744826edc64cc288193e1d52754e#TACCGTTGTAGCCATA-1,at10_1,0.5407075123700766,AC-gliosis-hypoxia
260,cellranger-arc201_count_9b9f744826edc64cc288193e1d52754e#TACCTCATCCTAATGA-1,at10_1,0.5369725990837273,AC-gliosis-hypoxia
261,cellranger-arc201_count_9b9f744826edc64cc288193e1d52754e#TACTGCACACGTTACA-1,at10_1,0.516835317368546,AC-gliosis-hypoxia
262,cellranger-arc201_count_9b9f744826edc64cc288193e1d52754e#TAGCAGGCATTGTTGG-1,at10_1,0.5456617448494124,AC-gliosis-hypoxia
263,cellranger-arc201_count_9b9f744826edc64cc288193e1d52754e#TAGCGGCTCAGCACGC-1,at10_1,0.4861301014887498,AC-gliosis-hypoxia
264,cellranger-arc201_count_9b9f744826edc64cc288193e1d52754e#TAGGGTTTCTTGTCCA-1,at10_1,0.45590549683216525,AC-gliosis-hypoxia
265,cellranger-arc201_count_9b9f744826edc64cc288193e1d52754e#TAGTTTGAGAACCTAC-1,at10_1,0.48404845517229467,AC-gliosis-hypoxia
266,cellranger-arc201_count_9b9f744826edc64cc288193e1d52754e#TATCCGGAGTAACCCG-1,at10_1,0.47460968731335534,AC-gliosis-hypoxia
267,cellranger-arc201_count_9b9f744826edc64cc288193e1d52754e#TATGACATCACAGACT-1,at10_1,0.5522039266106773,AC-gliosis-hypoxia
268,cellranger-arc201_count_9b9f744826edc64cc288193e1d52754e#TATGACTCACTAGGTC-1,at10_1,0.45429505109163615,AC-gliosis-hypoxia
269,cellranger-arc201_count_9b9f744826edc64cc288193e1d52754e#TATGGATGTGGATTAT-1,at10_1,0.5236297490245102,AC-gliosis-hypoxia
270,cellranger-arc201_count_9b9f744826edc64cc288193e1d52754e#TATTAGGTCAAACTCA-1,at10_1,0.5591443625103283,AC-gliosis-hypoxia
271,cellranger-arc201_count_9b9f744826edc64cc288193e1d52754e#TCACATAAGTCACTCC-1,at10_1,0.5038323086133796,AC-gliosis-hypoxia
272,cellranger-arc201_count_9b9f744826edc64cc288193e1d52754e#TCATACTTCCCGTTTA-1,at10_1,0.46545730382713973,AC-gliosis-hypoxia
273,cellranger-arc201_count_9b9f744826edc64cc288193e1d52754e#TCATGCCTCTTGCAGG-1,at10_1,0.4661490142447896,AC-gliosis-hypoxia
274,cellranger-arc201_count_9b9f744826edc64cc288193e1d52754e#TCCACAACAGTATGTT-1,at10_1,0.5082617722168555,AC-gliosis-hypoxia
275,cellranger-arc201_count_9b9f744826edc64cc288193e1d52754e#TCCACAACATGAAGTA-1,at10_1,0.5466038675797472,AC-gliosis-hypoxia
276,cellranger-arc201_count_9b9f744826edc64cc288193e1d52754e#TCCGCCATCGGTTTCC-1,at10_1,0.6333379613950051,AC-gliosis-hypoxia
277,cellranger-arc201_count_9b9f744826edc64cc288193e1d52754e#TCGCCCATCCGCACAA-1,at10_1,0.5637528511494462,AC-gliosis-hypoxia
278,cellranger-arc201_count_9b9f744826edc64cc288193e1d52754e#TCGGTTTGTGGACCTG-1,at10_1,0.6320770460273297,AC-gliosis-hypoxia
279,cellranger-arc201_count_9b9f744826edc64cc288193e1d52754e#TCGTTACGTATACTGG-1,at10_1,0.506740978204906,AC-gliosis-hypoxia
280,cellranger-arc201_count_9b9f744826edc64cc288193e1d52754e#TCTAACTTCCTCATCA-1,at10_1,0.4757415264655975,AC-gliosis-hypoxia
281,cellranger-arc201_count_9b9f744826edc64cc288193e1d52754e#TCTAATCTCATGCTTT-1,at10_1,0.45686354527329115,AC-gliosis-hypoxia
282,cellranger-arc201_count_9b9f744826edc64cc288193e1d52754e#TCTAATCTCCTCATCA-1,at10_1,0.4623958365069036,AC-gliosis-hypoxia
283,cellranger-arc201_count_9b9f744826edc64cc288193e1d52754e#TCTCAAGCACTGGCCA-1,at10_1,0.49311246766891037,AC-gliosis-hypoxia
284,cellranger-arc201_count_9b9f744826edc64cc288193e1d52754e#TCTTGACGTAGCTAGC-1,at10_1,0.45361219447823725,AC-gliosis-hypoxia
285,cellranger-arc201_count_9b9f744826edc64cc288193e1d52754e#TGAAGGATCGCTAGAT-1,at10_1,0.4661138217649993,AC-gliosis-hypoxia
286,cellranger-arc201_count_9b9f744826edc64cc288193e1d52754e#TGACTTCGTTACTTCA-1,at10_1,0.5689343869555288,AC-gliosis-hypoxia
287,cellranger-arc201_count_9b9f744826edc64cc288193e1d52754e#TGCAATATCATTGTCT-1,at10_1,0.5159785029911207,AC-gliosis-hypoxia
288,cellranger-arc201_count_9b9f744826edc64cc288193e1d52754e#TGCTTAAAGTATTGTG-1,at10_1,0.3921076005614843,AC-gliosis-hypoxia
289,cellranger-arc201_count_9b9f744826edc64cc288193e1d52754e#TGCTTCCAGGATTGCT-1,at10_1,0.5113280840714931,AC-gliosis-hypoxia
290,cellranger-arc201_count_9b9f744826edc64cc288193e1d52754e#TGGCCTGCAGGCTACT-1,at10_1,0.5037740628319546,AC-gliosis-hypoxia
291,cellranger-arc201_count_9b9f744826edc64cc288193e1d52754e#TGGTTAATCGAGCTAT-1,at10_1,0.43091273874984437,AC-gliosis-hypoxia
292,cellranger-arc201_count_9b9f744826edc64cc288193e1d52754e#TGGTTCTGTCTATCGT-1,at10_1,0.5066995490831276,AC-gliosis-hypoxia
293,cellranger-arc201_count_9b9f744826edc64cc288193e1d52754e#TGTATCCGTAAGCTTG-1,at10_1,0.5604537232220188,AC-gliosis-hypoxia
294,cellranger-arc201_count_9b9f744826edc64cc288193e1d52754e#TGTCCTGGTGCCTCAC-1,at10_1,0.3717625328679211,AC-gliosis-hypoxia
295,cellranger-arc201_count_9b9f744826edc64cc288193e1d52754e#TGTTGCACACATGCTA-1,at10_1,0.499169082303955,AC-gliosis-hypoxia
296,cellranger-arc201_count_9b9f744826edc64cc288193e1d52754e#TTACAGCAGTTAGCTA-1,at10_1,0.48930176804554437,AC-gliosis-hypoxia
297,cellranger-arc201_count_9b9f744826edc64cc288193e1d52754e#TTAGCCTGTTCCGCAC-1,at10_1,0.4197855671255241,AC-gliosis-hypoxia
298,cellranger-arc201_count_9b9f744826edc64cc288193e1d52754e#TTAGGCGTCCTTTACG-1,at10_1,0.5524833504454678,AC-gliosis-hypoxia
299,cellranger-arc201_count_9b9f744826edc64cc288193e1d52754e#TTATCCTAGGGTGAAC-1,at10_1,0.43885262437024797,AC-gliosis-hypoxia
300,cellranger-arc201_count_9b9f744826edc64cc288193e1d52754e#TTATGACCAAGTAAGC-1,at10_1,0.5114544317560566,AC-gliosis-hypoxia
301,cellranger-arc201_count_9b9f744826edc64cc288193e1d52754e#TTCCACGGTTAACGAT-1,at10_1,0.5014722407795964,AC-gliosis-hypoxia
302,cellranger-arc201_count_9b9f744826edc64cc288193e1d52754e#TTCCCGCCACTGGCCA-1,at10_1,0.4733151943106902,AC-gliosis-hypoxia
303,cellranger-arc201_count_9b9f744826edc64cc288193e1d52754e#TTCCTTGAGCCAGTAT-1,at10_1,0.45597755232084974,AC-gliosis-hypoxia
304,cellranger-arc201_count_9b9f744826edc64cc288193e1d52754e#TTGACATCACCTGCTC-1,at10_1,0.46072430508547274,AC-gliosis-hypoxia
305,cellranger-arc201_count_9b9f744826edc64cc288193e1d52754e#TTGCAACAGCACTTGG-1,at10_1,0.18578199872222617,AC-gliosis-hypoxia
306,cellranger-arc201_count_9b9f744826edc64cc288193e1d52754e#TTGCACACAGCTACGT-1,at10_1,0.542214663727677,AC-gliosis-hypoxia
307,cellranger-arc201_count_9b9f744826edc64cc288193e1d52754e#TTGCACACATGAATAG-1,at10_1,0.17325468705049063,AC-gliosis-hypoxia
308,cellranger-arc201_count_9b9f744826edc64cc288193e1d52754e#TTGCATTTCACCATTT-1,at10_1,0.49614453367691663,AC-gliosis-hypoxia
309,cellranger-arc201_count_9b9f744826edc64cc288193e1d52754e#TTGCATTTCTCCATGC-1,at10_1,0.4496543769251151,AC-gliosis-hypoxia
310,cellranger-arc201_count_9b9f744826edc64cc288193e1d52754e#TTGCCCGTCCGGGACT-1,at10_1,0.4899485412302975,AC-gliosis-hypoxia
311,cellranger-arc201_count_9b9f744826edc64cc288193e1d52754e#TTGCTCTCAGGTTTGC-1,at10_1,0.4322948510040127,AC-gliosis-hypoxia
312,cellranger-arc201_count_9b9f744826edc64cc288193e1d52754e#TTGGAGGCAAGGTGGC-1,at10_1,0.5418376809932147,AC-gliosis-hypoxia
313,cellranger-arc201_count_9b9f744826edc64cc288193e1d52754e#TTGGATTCAGAAATTG-1,at10_1,0.543526975707451,AC-gliosis-hypoxia
314,cellranger-arc201_count_9b9f744826edc64cc288193e1d52754e#TTGGCTACATTCCTCG-1,at10_1,0.5237769783228733,AC-gliosis-hypoxia
315,cellranger-arc201_count_9b9f744826edc64cc288193e1d52754e#TTGGGCCAGCTATTAG-1,at10_1,0.5219241388093584,AC-gliosis-hypoxia
316,cellranger-arc201_count_9b9f744826edc64cc288193e1d52754e#TTGTAAGTCCCATAAA-1,at10_1,0.514376966739146,AC-gliosis-hypoxia
317,cellranger-arc201_count_9b9f744826edc64cc288193e1d52754e#TTGTGTGCACATACTG-1,at10_1,0.5547281517710773,AC-gliosis-hypoxia
318,cellranger-arc201_count_9b9f744826edc64cc288193e1d52754e#TTTCTTGCAGGCCATT-1,at10_1,0.47876551824960123,AC-gliosis-hypoxia
319,cellranger-arc201_count_9b9f744826edc64cc288193e1d52754e#TTTGACTTCACTCGCT-1,at10_1,0.4775198603810754,AC-gliosis-hypoxia
320,cellranger-arc201_count_9b9f744826edc64cc288193e1d52754e#TTTGTGGCAATACTGT-1,at10_1,0.46253248578760825,AC-gliosis-hypoxia
321,cellranger-arc201_count_877c4ccf6b72738da66f3017a5f79449#AAAGCACCACCAAAGG-1,at10_1,0.42132019868688475,AC-gliosis-hypoxia
322,cellranger-arc201_count_877c4ccf6b72738da66f3017a5f79449#AAAGCTTGTCCTTCTC-1,at10_1,0.5117859204145875,AC-gliosis-hypoxia
323,cellranger-arc201_count_877c4ccf6b72738da66f3017a5f79449#AACAAGCCATCAGTAT-1,at10_1,0.5032069738854608,AC-gliosis-hypoxia
324,cellranger-arc201_count_877c4ccf6b72738da66f3017a5f79449#AACCTCACAAATTGCT-1,at10_1,0.5720655710237039,AC-gliosis-hypoxia
325,cellranger-arc201_count_877c4ccf6b72738da66f3017a5f79449#AACCTTGCAGCAATAA-1,at10_1,0.47646130177219403,AC-gliosis-hypoxia
326,cellranger-arc201_count_877c4ccf6b72738da66f3017a5f79449#AACTCACAGTAACGAG-1,at10_1,0.5429560445440181,AC-gliosis-hypoxia
327,cellranger-arc201_count_877c4ccf6b72738da66f3017a5f79449#AAGCGGGTCCGCATGA-1,at10_1,0.5676160053866768,AC-gliosis-hypoxia
328,cellranger-arc201_count_877c4ccf6b72738da66f3017a5f79449#AAGGCCCTCATCGTTT-1,at10_1,0.4840127615337732,AC-gliosis-hypoxia
329,cellranger-arc201_count_877c4ccf6b72738da66f3017a5f79449#AAGTAGCCAGGACCAA-1,at10_1,0.5781942968317364,AC-gliosis-hypoxia
330,cellranger-arc201_count_877c4ccf6b72738da66f3017a5f79449#AAGTTAGCAGCAAGTG-1,at10_1,0.37537505205525307,AC-gliosis-hypoxia
331,cellranger-arc201_count_877c4ccf6b72738da66f3017a5f79449#AATACCGGTCCAAATG-1,at10_1,0.536248424717157,AC-gliosis-hypoxia
332,cellranger-arc201_count_877c4ccf6b72738da66f3017a5f79449#AATAGCTGTAAGCACC-1,at10_1,0.14497397966466313,AC-gliosis-hypoxia
333,cellranger-arc201_count_877c4ccf6b72738da66f3017a5f79449#AATCAGGAGCGCCTAA-1,at10_1,0.5562250015325365,AC-gliosis-hypoxia
334,cellranger-arc201_count_877c4ccf6b72738da66f3017a5f79449#AATCCGTAGTAGCTTA-1,at10_1,0.47328829879211626,AC-gliosis-hypoxia
335,cellranger-arc201_count_877c4ccf6b72738da66f3017a5f79449#AATTAGGCAGGCTACT-1,at10_1,0.5189744855704812,AC-gliosis-hypoxia
336,cellranger-arc201_count_877c4ccf6b72738da66f3017a5f79449#AATTCGTCAGCCTAAC-1,at10_1,0.5401372494182852,AC-gliosis-hypoxia
337,cellranger-arc201_count_877c4ccf6b72738da66f3017a5f79449#AATTTGGTCAATTGGC-1,at10_1,0.44257072099695066,AC-gliosis-hypoxia
338,cellranger-arc201_count_877c4ccf6b72738da66f3017a5f79449#ACATTGCAGGAGCAAC-1,at10_1,0.4751148553143954,AC-gliosis-hypoxia
339,cellranger-arc201_count_877c4ccf6b72738da66f3017a5f79449#ACCACACCAAATATCC-1,at10_1,0.5334148175667023,AC-gliosis-hypoxia
340,cellranger-arc201_count_877c4ccf6b72738da66f3017a5f79449#ACCCTGTTCCCATAAA-1,at10_1,0.5624772351256558,AC-gliosis-hypoxia
341,cellranger-arc201_count_877c4ccf6b72738da66f3017a5f79449#ACCTTGCTCATTGACA-1,at10_1,0.43072942602283554,AC-gliosis-hypoxia
342,cellranger-arc201_count_877c4ccf6b72738da66f3017a5f79449#ACGCCACAGGGACTAA-1,at10_1,0.5513604764660837,AC-gliosis-hypoxia
343,cellranger-arc201_count_877c4ccf6b72738da66f3017a5f79449#ACGGTTTAGGTGTTAC-1,at10_1,0.5190385225194667,AC-gliosis-hypoxia
344,cellranger-arc201_count_877c4ccf6b72738da66f3017a5f79449#ACGTTGTAGGGTTAGA-1,at10_1,0.47598191560365855,AC-gliosis-hypoxia
345,cellranger-arc201_count_877c4ccf6b72738da66f3017a5f79449#ACTAACGGTAGCCATA-1,at10_1,0.36895835487184797,AC-gliosis-hypoxia
346,cellranger-arc201_count_877c4ccf6b72738da66f3017a5f79449#ACTCACTGTCATAAGT-1,at10_1,0.42057901276560566,AC-gliosis-hypoxia
347,cellranger-arc201_count_877c4ccf6b72738da66f3017a5f79449#ACTCACTGTGCTAGAC-1,at10_1,0.5577569324051791,AC-gliosis-hypoxia
348,cellranger-arc201_count_877c4ccf6b72738da66f3017a5f79449#ACTTGAATCATCACTT-1,at10_1,0.4435557763252574,AC-gliosis-hypoxia
349,cellranger-arc201_count_877c4ccf6b72738da66f3017a5f79449#ACTTTGTTCGTTATCT-1,at10_1,0.5639905117566374,AC-gliosis-hypoxia
350,cellranger-arc201_count_877c4ccf6b72738da66f3017a5f79449#AGAGAGGAGTAGCGGG-1,at10_1,0.3799634665029715,AC-gliosis-hypoxia
351,cellranger-arc201_count_877c4ccf6b72738da66f3017a5f79449#AGCACAGCATAGCAGG-1,at10_1,0.3606974770841168,AC-gliosis-hypoxia
352,cellranger-arc201_count_877c4ccf6b72738da66f3017a5f79449#AGCACTTAGACTATTG-1,at10_1,0.5456647518017996,AC-gliosis-hypoxia
353,cellranger-arc201_count_877c4ccf6b72738da66f3017a5f79449#AGCACTTAGCCTGGTA-1,at10_1,0.5306808853194507,AC-gliosis-hypoxia
354,cellranger-arc201_count_877c4ccf6b72738da66f3017a5f79449#AGCATCCCAATAACGA-1,at10_1,0.5588103680581415,AC-gliosis-hypoxia
355,cellranger-arc201_count_877c4ccf6b72738da66f3017a5f79449#AGCATTTCACGAATCC-1,at10_1,0.5147956013326006,AC-gliosis-hypoxia
356,cellranger-arc201_count_877c4ccf6b72738da66f3017a5f79449#AGCATTTCATTAAACC-1,at10_1,0.5521950728064263,AC-gliosis-hypoxia
357,cellranger-arc201_count_877c4ccf6b72738da66f3017a5f79449#AGCCTCCGTTTCCTCC-1,at10_1,0.5007113704570422,AC-gliosis-hypoxia
358,cellranger-arc201_count_877c4ccf6b72738da66f3017a5f79449#AGCGCCTAGCCAGTAT-1,at10_1,0.5417418483069504,AC-gliosis-hypoxia
359,cellranger-arc201_count_877c4ccf6b72738da66f3017a5f79449#AGCTAGTTCGCTTCTA-1,at10_1,0.5396527402938309,AC-gliosis-hypoxia
360,cellranger-arc201_count_877c4ccf6b72738da66f3017a5f79449#AGCTATATCGCTATAA-1,at10_1,0.5417695234057729,AC-gliosis-hypoxia
361,cellranger-arc201_count_877c4ccf6b72738da66f3017a5f79449#AGGATCCGTGATGAAA-1,at10_1,0.5552269160772189,AC-gliosis-hypoxia
362,cellranger-arc201_count_877c4ccf6b72738da66f3017a5f79449#AGGCAATCAGAAATGC-1,at10_1,0.49223226588402935,AC-gliosis-hypoxia
363,cellranger-arc201_count_877c4ccf6b72738da66f3017a5f79449#AGGTTAACAGGCCATT-1,at10_1,0.3902010256951251,AC-gliosis-hypoxia
364,cellranger-arc201_count_877c4ccf6b72738da66f3017a5f79449#AGTAAACAGTTGGGCC-1,at10_1,0.46219737764935215,AC-gliosis-hypoxia
365,cellranger-arc201_count_877c4ccf6b72738da66f3017a5f79449#AGTAACCTCAGCACCA-1,at10_1,0.45100305075505237,AC-gliosis-hypoxia
366,cellranger-arc201_count_877c4ccf6b72738da66f3017a5f79449#AGTAATCGTCATCATC-1,at10_1,0.46824976027733345,AC-gliosis-hypoxia
367,cellranger-arc201_count_877c4ccf6b72738da66f3017a5f79449#AGTCAAGAGCGCAATT-1,at10_1,0.5498501511031858,AC-gliosis-hypoxia
368,cellranger-arc201_count_877c4ccf6b72738da66f3017a5f79449#AGTCCTTGTCGTAATG-1,at10_1,0.5394064486196025,AC-gliosis-hypoxia
369,cellranger-arc201_count_877c4ccf6b72738da66f3017a5f79449#AGTCTTGCACAACCTA-1,at10_1,0.5156208983942645,AC-gliosis-hypoxia
370,cellranger-arc201_count_877c4ccf6b72738da66f3017a5f79449#AGTGATGAGATGCCTG-1,at10_1,0.44916390958019003,AC-gliosis-hypoxia
371,cellranger-arc201_count_877c4ccf6b72738da66f3017a5f79449#AGTGCCGGTTTAACCC-1,at10_1,0.5547299893530916,AC-gliosis-hypoxia
372,cellranger-arc201_count_877c4ccf6b72738da66f3017a5f79449#AGTTATGTCTAATTGG-1,at10_1,0.5608255830005622,AC-gliosis-hypoxia
373,cellranger-arc201_count_877c4ccf6b72738da66f3017a5f79449#ATAACGACACATAGCC-1,at10_1,0.47744674689062505,AC-gliosis-hypoxia
374,cellranger-arc201_count_877c4ccf6b72738da66f3017a5f79449#ATCAAGACACACAATT-1,at10_1,0.5624108037516213,AC-gliosis-hypoxia
375,cellranger-arc201_count_877c4ccf6b72738da66f3017a5f79449#ATCCACCTCGAGCTAT-1,at10_1,0.5070003556904489,AC-gliosis-hypoxia
376,cellranger-arc201_count_877c4ccf6b72738da66f3017a5f79449#ATCCGTGAGTCTCACC-1,at10_1,0.5465133805866156,AC-gliosis-hypoxia
377,cellranger-arc201_count_877c4ccf6b72738da66f3017a5f79449#ATCGCCCGTAAGCTCA-1,at10_1,0.5686887634929418,AC-gliosis-hypoxia
378,cellranger-arc201_count_877c4ccf6b72738da66f3017a5f79449#ATCGCCCGTCTTTGAC-1,at10_1,0.5453897827112865,AC-gliosis-hypoxia
379,cellranger-arc201_count_877c4ccf6b72738da66f3017a5f79449#ATGACTCAGGTGTCCA-1,at10_1,0.5706044149007661,AC-gliosis-hypoxia
380,cellranger-arc201_count_877c4ccf6b72738da66f3017a5f79449#ATGCCTGAGTCAGGCC-1,at10_1,0.6179250473544537,AC-gliosis-hypoxia
381,cellranger-arc201_count_877c4ccf6b72738da66f3017a5f79449#ATGGCCCAGCCTTAAA-1,at10_1,0.5659044369510541,AC-gliosis-hypoxia
382,cellranger-arc201_count_877c4ccf6b72738da66f3017a5f79449#ATGGCTAGTTGAGCCG-1,at10_1,0.42981486702271626,AC-gliosis-hypoxia
383,cellranger-arc201_count_877c4ccf6b72738da66f3017a5f79449#ATTAGCGGTTCAAGAT-1,at10_1,0.4949334557608429,AC-gliosis-hypoxia
384,cellranger-arc201_count_877c4ccf6b72738da66f3017a5f79449#ATTCAACCACTGGCCA-1,at10_1,0.5424640737228996,AC-gliosis-hypoxia
385,cellranger-arc201_count_877c4ccf6b72738da66f3017a5f79449#ATTCACTTCTCCTCAA-1,at10_1,0.4982702262774131,AC-gliosis-hypoxia
386,cellranger-arc201_count_877c4ccf6b72738da66f3017a5f79449#ATTCCTAGTGCTCACC-1,at10_1,0.5559549326607282,AC-gliosis-hypoxia
387,cellranger-arc201_count_877c4ccf6b72738da66f3017a5f79449#ATTGCAGGTTGGTTAG-1,at10_1,0.488179952067926,AC-gliosis-hypoxia
388,cellranger-arc201_count_877c4ccf6b72738da66f3017a5f79449#CAAACACTCGTTACTT-1,at10_1,0.4940828780254056,AC-gliosis-hypoxia
389,cellranger-arc201_count_877c4ccf6b72738da66f3017a5f79449#CAAATCATCAGCATTA-1,at10_1,0.16829993949134767,AC-gliosis-hypoxia
390,cellranger-arc201_count_877c4ccf6b72738da66f3017a5f79449#CAACAATGTTAACAGT-1,at10_1,0.4651355599217154,AC-gliosis-hypoxia
391,cellranger-arc201_count_877c4ccf6b72738da66f3017a5f79449#CAACCCTTCTTGCAAA-1,at10_1,0.5092813518133109,AC-gliosis-hypoxia
392,cellranger-arc201_count_877c4ccf6b72738da66f3017a5f79449#CAACTAGGTAATCACG-1,at10_1,0.4963392060018324,AC-gliosis-hypoxia
393,cellranger-arc201_count_877c4ccf6b72738da66f3017a5f79449#CAATCCCTCAAGCCTG-1,at10_1,0.16169269062148325,AC-gliosis-hypoxia
394,cellranger-arc201_count_877c4ccf6b72738da66f3017a5f79449#CAATCCCTCCTAGTAA-1,at10_1,0.18534867739373265,AC-gliosis-hypoxia
395,cellranger-arc201_count_877c4ccf6b72738da66f3017a5f79449#CAATCGCCAACTAGCC-1,at10_1,0.46173503087767714,AC-gliosis-hypoxia
396,cellranger-arc201_count_877c4ccf6b72738da66f3017a5f79449#CAATGAACACCTATAG-1,at10_1,0.5544083011319707,AC-gliosis-hypoxia
397,cellranger-arc201_count_877c4ccf6b72738da66f3017a5f79449#CAATGTGGTCTTGCAT-1,at10_1,0.44067238740750425,AC-gliosis-hypoxia
398,cellranger-arc201_count_877c4ccf6b72738da66f3017a5f79449#CACAGGGAGGATGATG-1,at10_1,0.46620080064701264,AC-gliosis-hypoxia
399,cellranger-arc201_count_877c4ccf6b72738da66f3017a5f79449#CAGGAAGGTACAAAGA-1,at10_1,0.4155205392701822,AC-gliosis-hypoxia
400,cellranger-arc201_count_877c4ccf6b72738da66f3017a5f79449#CATGCAAGTAGGTTAT-1,at10_1,0.5905052610634323,AC-gliosis-hypoxia
401,cellranger-arc201_count_877c4ccf6b72738da66f3017a5f79449#CCAAACCCACTTCACT-1,at10_1,0.5461318874235727,AC-gliosis-hypoxia
402,cellranger-arc201_count_877c4ccf6b72738da66f3017a5f79449#CCAAGGCTCAAGCCTG-1,at10_1,0.4866232416802413,AC-gliosis-hypoxia
403,cellranger-arc201_count_877c4ccf6b72738da66f3017a5f79449#CCACTTGGTCCGCTGT-1,at10_1,0.45766651292926536,AC-gliosis-hypoxia
404,cellranger-arc201_count_877c4ccf6b72738da66f3017a5f79449#CCAGACTCATTGTGAT-1,at10_1,0.5147728821367866,AC-gliosis-hypoxia
405,cellranger-arc201_count_877c4ccf6b72738da66f3017a5f79449#CCAGCTGCATACTCCT-1,at10_1,0.44766115728256334,AC-gliosis-hypoxia
406,cellranger-arc201_count_877c4ccf6b72738da66f3017a5f79449#CCATCACTCGCATTAA-1,at10_1,0.5490666172691211,AC-gliosis-hypoxia
407,cellranger-arc201_count_877c4ccf6b72738da66f3017a5f79449#CCCAAACCAGGCATCT-1,at10_1,0.583330394246191,AC-gliosis-hypoxia
408,cellranger-arc201_count_877c4ccf6b72738da66f3017a5f79449#CCCGCAACAATAATGG-1,at10_1,0.5471585946108717,AC-gliosis-hypoxia
409,cellranger-arc201_count_877c4ccf6b72738da66f3017a5f79449#CCCTTAATCACTTTAC-1,at10_1,0.46274609077570233,AC-gliosis-hypoxia
410,cellranger-arc201_count_877c4ccf6b72738da66f3017a5f79449#CCTCAAACAGGACACA-1,at10_1,0.5544066862871702,AC-gliosis-hypoxia
411,cellranger-arc201_count_877c4ccf6b72738da66f3017a5f79449#CCTGCTCCAAGGTACG-1,at10_1,0.5505550587007569,AC-gliosis-hypoxia
412,cellranger-arc201_count_877c4ccf6b72738da66f3017a5f79449#CCTTAACGTCCGTAGG-1,at10_1,0.449457755649578,AC-gliosis-hypoxia
413,cellranger-arc201_count_877c4ccf6b72738da66f3017a5f79449#CCTTCGGTCCGTTATT-1,at10_1,0.32123829890940137,AC-gliosis-hypoxia
414,cellranger-arc201_count_877c4ccf6b72738da66f3017a5f79449#CGAATCTAGGCAATAG-1,at10_1,0.48254509034732995,AC-gliosis-hypoxia
415,cellranger-arc201_count_877c4ccf6b72738da66f3017a5f79449#CGAGGAAGTTGGTGAC-1,at10_1,0.5990280778146656,AC-gliosis-hypoxia
416,cellranger-arc201_count_877c4ccf6b72738da66f3017a5f79449#CGATCCTTCAGGTTTA-1,at10_1,0.545195277439281,AC-gliosis-hypoxia
417,cellranger-arc201_count_877c4ccf6b72738da66f3017a5f79449#CGCAATCCACCTGCTC-1,at10_1,0.4326881770815421,AC-gliosis-hypoxia
418,cellranger-arc201_count_877c4ccf6b72738da66f3017a5f79449#CGCCTCATCTCATCAT-1,at10_1,0.5010955364666515,AC-gliosis-hypoxia
419,cellranger-arc201_count_877c4ccf6b72738da66f3017a5f79449#CGCGGATTCCGGTATG-1,at10_1,0.5397024106925222,AC-gliosis-hypoxia
420,cellranger-arc201_count_877c4ccf6b72738da66f3017a5f79449#CGCTATGAGGATTTGC-1,at10_1,0.5427770195083762,AC-gliosis-hypoxia
421,cellranger-arc201_count_877c4ccf6b72738da66f3017a5f79449#CGGATAAAGCATTAGC-1,at10_1,0.5594275728777545,AC-gliosis-hypoxia
422,cellranger-arc201_count_877c4ccf6b72738da66f3017a5f79449#CGTATTGCACCAACCG-1,at10_1,0.42047287848320025,AC-gliosis-hypoxia
423,cellranger-arc201_count_877c4ccf6b72738da66f3017a5f79449#CGTCATTGTTTGGTTC-1,at10_1,0.6367290241074542,AC-gliosis-hypoxia
424,cellranger-arc201_count_877c4ccf6b72738da66f3017a5f79449#CGTGGTTCATGTTTGG-1,at10_1,0.49908048857714127,AC-gliosis-hypoxia
425,cellranger-arc201_count_877c4ccf6b72738da66f3017a5f79449#CTACTTAGTCGACTAA-1,at10_1,0.5552908416575972,AC-gliosis-hypoxia
426,cellranger-arc201_count_877c4ccf6b72738da66f3017a5f79449#CTAGTAATCTGTAAGC-1,at10_1,0.5519046234795497,AC-gliosis-hypoxia
427,cellranger-arc201_count_877c4ccf6b72738da66f3017a5f79449#CTATGTTTCCCGTTAC-1,at10_1,0.4975522328685274,AC-gliosis-hypoxia
428,cellranger-arc201_count_877c4ccf6b72738da66f3017a5f79449#CTATTACTCCATTACT-1,at10_1,0.46125854029292185,AC-gliosis-hypoxia
429,cellranger-arc201_count_877c4ccf6b72738da66f3017a5f79449#CTCAGGATCCTTGTTG-1,at10_1,0.5067714932032052,AC-gliosis-hypoxia
430,cellranger-arc201_count_877c4ccf6b72738da66f3017a5f79449#CTCATGACATTAAACC-1,at10_1,0.37022893146617464,AC-gliosis-hypoxia
431,cellranger-arc201_count_877c4ccf6b72738da66f3017a5f79449#CTCCGTCCAATAGCAA-1,at10_1,0.3910676683521122,AC-gliosis-hypoxia
432,cellranger-arc201_count_877c4ccf6b72738da66f3017a5f79449#CTGCAATAGCCTGACA-1,at10_1,0.5723801873382846,AC-gliosis-hypoxia
433,cellranger-arc201_count_877c4ccf6b72738da66f3017a5f79449#CTGCTCCCAAGGACCA-1,at10_1,0.3848982651603979,AC-gliosis-hypoxia
434,cellranger-arc201_count_877c4ccf6b72738da66f3017a5f79449#CTGTATTTCTTAAGTG-1,at10_1,0.4669302093381088,AC-gliosis-hypoxia
435,cellranger-arc201_count_877c4ccf6b72738da66f3017a5f79449#CTGTTGGAGCTCCTAC-1,at10_1,0.4396790351179812,AC-gliosis-hypoxia
436,cellranger-arc201_count_877c4ccf6b72738da66f3017a5f79449#CTTAAGGGTGCTGTAA-1,at10_1,0.5359113676282797,AC-gliosis-hypoxia
437,cellranger-arc201_count_877c4ccf6b72738da66f3017a5f79449#CTTACCTCATTAGCCA-1,at10_1,0.548703054451794,AC-gliosis-hypoxia
438,cellranger-arc201_count_877c4ccf6b72738da66f3017a5f79449#CTTCACTCAATTTAGC-1,at10_1,0.5338182503453105,AC-gliosis-hypoxia
439,cellranger-arc201_count_877c4ccf6b72738da66f3017a5f79449#CTTCTCAAGCTACTGG-1,at10_1,0.564372673131322,AC-gliosis-hypoxia
440,cellranger-arc201_count_877c4ccf6b72738da66f3017a5f79449#CTTGCGCGTCCGTAGG-1,at10_1,0.5456429792391447,AC-gliosis-hypoxia
441,cellranger-arc201_count_877c4ccf6b72738da66f3017a5f79449#CTTGTTTAGCTCCTTA-1,at10_1,0.6540658865170461,AC-gliosis-hypoxia
442,cellranger-arc201_count_877c4ccf6b72738da66f3017a5f79449#CTTTATCAGGCCTGGT-1,at10_1,0.4561479462894545,AC-gliosis-hypoxia
443,cellranger-arc201_count_877c4ccf6b72738da66f3017a5f79449#GAAAGGCTCCTAATAG-1,at10_1,0.47054879811451833,AC-gliosis-hypoxia
444,cellranger-arc201_count_877c4ccf6b72738da66f3017a5f79449#GAACCGCTCAAACTCA-1,at10_1,0.44996353617795626,AC-gliosis-hypoxia
445,cellranger-arc201_count_877c4ccf6b72738da66f3017a5f79449#GACCTGATCCTAATTC-1,at10_1,0.42208655391333033,AC-gliosis-hypoxia
446,cellranger-arc201_count_877c4ccf6b72738da66f3017a5f79449#GAGAAACGTGGTTCTT-1,at10_1,0.5466328791018529,AC-gliosis-hypoxia
447,cellranger-arc201_count_877c4ccf6b72738da66f3017a5f79449#GAGCCACTCTACCTGC-1,at10_1,0.5177346745538193,AC-gliosis-hypoxia
448,cellranger-arc201_count_877c4ccf6b72738da66f3017a5f79449#GAGTCATTCATGACCG-1,at10_1,0.5044906641332536,AC-gliosis-hypoxia
449,cellranger-arc201_count_877c4ccf6b72738da66f3017a5f79449#GATGACTTCCTTCTAG-1,at10_1,0.5640647389331571,AC-gliosis-hypoxia
450,cellranger-arc201_count_877c4ccf6b72738da66f3017a5f79449#GATGAGGGTTCACCCA-1,at10_1,0.5113264135423892,AC-gliosis-hypoxia
451,cellranger-arc201_count_877c4ccf6b72738da66f3017a5f79449#GCAATCTAGGGCTAAA-1,at10_1,0.5448571623486377,AC-gliosis-hypoxia
452,cellranger-arc201_count_877c4ccf6b72738da66f3017a5f79449#GCATATATCCTAAGTA-1,at10_1,0.5195585025452286,AC-gliosis-hypoxia
453,cellranger-arc201_count_877c4ccf6b72738da66f3017a5f79449#GCATGAAAGCACTAAC-1,at10_1,0.4269087310669975,AC-gliosis-hypoxia
454,cellranger-arc201_count_877c4ccf6b72738da66f3017a5f79449#GCCTACTTCCAAGTGT-1,at10_1,0.5641178060743598,AC-gliosis-hypoxia
455,cellranger-arc201_count_877c4ccf6b72738da66f3017a5f79449#GCCTCGACAGTAAAGC-1,at10_1,0.3798543252681789,AC-gliosis-hypoxia
456,cellranger-arc201_count_877c4ccf6b72738da66f3017a5f79449#GCTAACAGTTTAGCTC-1,at10_1,0.1905085380846912,AC-gliosis-hypoxia
457,cellranger-arc201_count_877c4ccf6b72738da66f3017a5f79449#GCTAAGTTCTTTGAGA-1,at10_1,0.5566552741454153,AC-gliosis-hypoxia
458,cellranger-arc201_count_877c4ccf6b72738da66f3017a5f79449#GCTAGCCAGTTGTCCC-1,at10_1,0.45592487496977124,AC-gliosis-hypoxia
459,cellranger-arc201_count_877c4ccf6b72738da66f3017a5f79449#GCTATTGCAAGGTGGC-1,at10_1,0.3506137179381352,AC-gliosis-hypoxia
460,cellranger-arc201_count_877c4ccf6b72738da66f3017a5f79449#GCTCCTTAGATTCCTT-1,at10_1,0.46662227513994387,AC-gliosis-hypoxia
461,cellranger-arc201_count_877c4ccf6b72738da66f3017a5f79449#GCTCCTTAGCGCCTTT-1,at10_1,0.4729205039677259,AC-gliosis-hypoxia
462,cellranger-arc201_count_877c4ccf6b72738da66f3017a5f79449#GCTCGATCATTAAGCT-1,at10_1,0.5258638589638542,AC-gliosis-hypoxia
463,cellranger-arc201_count_877c4ccf6b72738da66f3017a5f79449#GCTGTAAGTAATCCCT-1,at10_1,0.5165703714526567,AC-gliosis-hypoxia
464,cellranger-arc201_count_877c4ccf6b72738da66f3017a5f79449#GCTGTAAGTTTAGTCC-1,at10_1,0.45462876712230554,AC-gliosis-hypoxia
465,cellranger-arc201_count_877c4ccf6b72738da66f3017a5f79449#GCTGTACCACGAATCC-1,at10_1,0.5679194848405645,AC-gliosis-hypoxia
466,cellranger-arc201_count_877c4ccf6b72738da66f3017a5f79449#GCTGTGATCTTGGACG-1,at10_1,0.4443253890834556,AC-gliosis-hypoxia
467,cellranger-arc201_count_877c4ccf6b72738da66f3017a5f79449#GGAACAATCAGGTCCA-1,at10_1,0.539706085856551,AC-gliosis-hypoxia
468,cellranger-arc201_count_877c4ccf6b72738da66f3017a5f79449#GGACAGCCATTCAGCA-1,at10_1,0.5467922475783714,AC-gliosis-hypoxia
469,cellranger-arc201_count_877c4ccf6b72738da66f3017a5f79449#GGATACTTCACGTTAA-1,at10_1,0.45831462253730165,AC-gliosis-hypoxia
470,cellranger-arc201_count_877c4ccf6b72738da66f3017a5f79449#GGCATTAGTACCAGGT-1,at10_1,0.5277981646133392,AC-gliosis-hypoxia
471,cellranger-arc201_count_877c4ccf6b72738da66f3017a5f79449#GGCATTAGTGGATGTC-1,at10_1,0.5043869242758973,AC-gliosis-hypoxia
472,cellranger-arc201_count_877c4ccf6b72738da66f3017a5f79449#GGCCAGTTCATGGCCA-1,at10_1,0.547550890528787,AC-gliosis-hypoxia
473,cellranger-arc201_count_877c4ccf6b72738da66f3017a5f79449#GGCCATCAGGCTATGT-1,at10_1,0.41517145437175623,AC-gliosis-hypoxia
474,cellranger-arc201_count_877c4ccf6b72738da66f3017a5f79449#GGCTCAATCAGCACGC-1,at10_1,0.5893097747523288,AC-gliosis-hypoxia
475,cellranger-arc201_count_877c4ccf6b72738da66f3017a5f79449#GGCTGGTTCCTAATGA-1,at10_1,0.5650111493548587,AC-gliosis-hypoxia
476,cellranger-arc201_count_877c4ccf6b72738da66f3017a5f79449#GGCTTCAAGACACCGC-1,at10_1,0.43180179433897636,AC-gliosis-hypoxia
477,cellranger-arc201_count_877c4ccf6b72738da66f3017a5f79449#GGTAATTGTCATAACG-1,at10_1,0.5633333256071362,AC-gliosis-hypoxia
478,cellranger-arc201_count_877c4ccf6b72738da66f3017a5f79449#GGTACCGGTCATAAGT-1,at10_1,0.5226750973258957,AC-gliosis-hypoxia
479,cellranger-arc201_count_877c4ccf6b72738da66f3017a5f79449#GGTCCATCAGTATGTT-1,at10_1,0.5480895804805134,AC-gliosis-hypoxia
480,cellranger-arc201_count_877c4ccf6b72738da66f3017a5f79449#GGTGTGACAGCAAGTG-1,at10_1,0.35709751470721635,AC-gliosis-hypoxia
481,cellranger-arc201_count_877c4ccf6b72738da66f3017a5f79449#GGTTACTAGGCCATCA-1,at10_1,0.5378138218561824,AC-gliosis-hypoxia
482,cellranger-arc201_count_877c4ccf6b72738da66f3017a5f79449#GGTTATGGTTGGGTTA-1,at10_1,0.5161442751625378,AC-gliosis-hypoxia
483,cellranger-arc201_count_877c4ccf6b72738da66f3017a5f79449#GTAAGGTCATTATGGT-1,at10_1,0.5524758887488035,AC-gliosis-hypoxia
484,cellranger-arc201_count_877c4ccf6b72738da66f3017a5f79449#GTACTAATCGGTTCCT-1,at10_1,0.446997121963736,AC-gliosis-hypoxia
485,cellranger-arc201_count_877c4ccf6b72738da66f3017a5f79449#GTACTGGTCCTTGTTG-1,at10_1,0.5290450475365414,AC-gliosis-hypoxia
486,cellranger-arc201_count_877c4ccf6b72738da66f3017a5f79449#GTAGTTTCATTAAACC-1,at10_1,0.5434152729946992,AC-gliosis-hypoxia
487,cellranger-arc201_count_877c4ccf6b72738da66f3017a5f79449#GTCCAGGGTTCGCTTG-1,at10_1,0.510619000151162,AC-gliosis-hypoxia
488,cellranger-arc201_count_877c4ccf6b72738da66f3017a5f79449#GTCTAGCCACAGGAAT-1,at10_1,0.5414936076821008,AC-gliosis-hypoxia
489,cellranger-arc201_count_877c4ccf6b72738da66f3017a5f79449#GTCTATGCAAGGTCCT-1,at10_1,0.4993342976323375,AC-gliosis-hypoxia
490,cellranger-arc201_count_877c4ccf6b72738da66f3017a5f79449#GTGCTTACACTTCATC-1,at10_1,0.40872310066183093,AC-gliosis-hypoxia
491,cellranger-arc201_count_877c4ccf6b72738da66f3017a5f79449#GTGGACACAGTATGTT-1,at10_1,0.5423154523169498,AC-gliosis-hypoxia
492,cellranger-arc201_count_877c4ccf6b72738da66f3017a5f79449#GTGGTTAGTTCCGGCT-1,at10_1,0.573764053648012,AC-gliosis-hypoxia
493,cellranger-arc201_count_877c4ccf6b72738da66f3017a5f79449#GTTAACGGTGTCCTGC-1,at10_1,0.559432417412156,AC-gliosis-hypoxia
494,cellranger-arc201_count_877c4ccf6b72738da66f3017a5f79449#GTTCTCATCATCCTGC-1,at10_1,0.4834245682362659,AC-gliosis-hypoxia
495,cellranger-arc201_count_877c4ccf6b72738da66f3017a5f79449#GTTTATCTCATTGTCT-1,at10_1,0.5350585625207037,AC-gliosis-hypoxia
496,cellranger-arc201_count_877c4ccf6b72738da66f3017a5f79449#GTTTGCTGTTTATGGG-1,at10_1,0.4508181788675465,AC-gliosis-hypoxia
497,cellranger-arc201_count_877c4ccf6b72738da66f3017a5f79449#TAAGCTATCTGTTCAT-1,at10_1,0.5527006305975907,AC-gliosis-hypoxia
498,cellranger-arc201_count_877c4ccf6b72738da66f3017a5f79449#TAATGCATCCGTTATT-1,at10_1,0.5465459002198395,AC-gliosis-hypoxia
499,cellranger-arc201_count_877c4ccf6b72738da66f3017a5f79449#TAATGGTGTACCGGAT-1,at10_1,0.45346529928569496,AC-gliosis-hypoxia
500,cellranger-arc201_count_877c4ccf6b72738da66f3017a5f79449#TACCAAATCACGCCAA-1,at10_1,0.548267491830086,AC-gliosis-hypoxia
501,cellranger-arc201_count_877c4ccf6b72738da66f3017a5f79449#TACCGCAAGCATGGTT-1,at10_1,0.5609090537714572,AC-gliosis-hypoxia
502,cellranger-arc201_count_877c4ccf6b72738da66f3017a5f79449#TACCTCATCATGAGCT-1,at10_1,0.5558169469567404,AC-gliosis-hypoxia
503,cellranger-arc201_count_877c4ccf6b72738da66f3017a5f79449#TACGGATTCCATAATG-1,at10_1,0.5236381573543335,AC-gliosis-hypoxia
504,cellranger-arc201_count_877c4ccf6b72738da66f3017a5f79449#TAGCCTCTCTAATCCT-1,at10_1,0.46165545800802477,AC-gliosis-hypoxia
505,cellranger-arc201_count_877c4ccf6b72738da66f3017a5f79449#TAGTAACGTAGTAAGA-1,at10_1,0.5151242500916546,AC-gliosis-hypoxia
506,cellranger-arc201_count_877c4ccf6b72738da66f3017a5f79449#TAGTAACGTCATAACG-1,at10_1,0.37840313663556147,AC-gliosis-hypoxia
507,cellranger-arc201_count_877c4ccf6b72738da66f3017a5f79449#TAGTTTGAGTTAACCA-1,at10_1,0.5494531220194759,AC-gliosis-hypoxia
508,cellranger-arc201_count_877c4ccf6b72738da66f3017a5f79449#TATCCGGAGTATTGGC-1,at10_1,0.49939059446314127,AC-gliosis-hypoxia
509,cellranger-arc201_count_877c4ccf6b72738da66f3017a5f79449#TATGCATCATGTTGGC-1,at10_1,0.367044763783252,AC-gliosis-hypoxia
510,cellranger-arc201_count_877c4ccf6b72738da66f3017a5f79449#TATGGATGTTTGCTGT-1,at10_1,0.15358409548265473,AC-gliosis-hypoxia
511,cellranger-arc201_count_877c4ccf6b72738da66f3017a5f79449#TATGTGATCATCCACC-1,at10_1,0.4423002066507146,AC-gliosis-hypoxia
512,cellranger-arc201_count_877c4ccf6b72738da66f3017a5f79449#TATGTGATCCTAGTCC-1,at10_1,0.34020595967243905,AC-gliosis-hypoxia
513,cellranger-arc201_count_877c4ccf6b72738da66f3017a5f79449#TATTCGTTCATAATCG-1,at10_1,0.5540343253498956,AC-gliosis-hypoxia
514,cellranger-arc201_count_877c4ccf6b72738da66f3017a5f79449#TATTCGTTCTCATCAT-1,at10_1,0.45281863746954876,AC-gliosis-hypoxia
515,cellranger-arc201_count_877c4ccf6b72738da66f3017a5f79449#TCAAGAACATAATGTC-1,at10_1,0.41105897366575833,AC-gliosis-hypoxia
516,cellranger-arc201_count_877c4ccf6b72738da66f3017a5f79449#TCAAGACTCCCGTTAC-1,at10_1,0.44546329782477556,AC-gliosis-hypoxia
517,cellranger-arc201_count_877c4ccf6b72738da66f3017a5f79449#TCACCGGCAATATACC-1,at10_1,0.5561040552254091,AC-gliosis-hypoxia
518,cellranger-arc201_count_877c4ccf6b72738da66f3017a5f79449#TCAGCCTTCATTGTCT-1,at10_1,0.4739642505518854,AC-gliosis-hypoxia
519,cellranger-arc201_count_877c4ccf6b72738da66f3017a5f79449#TCATGTTTCAGCAAGA-1,at10_1,0.4333668295300293,AC-gliosis-hypoxia
520,cellranger-arc201_count_877c4ccf6b72738da66f3017a5f79449#TCATTGCGTGCAATAT-1,at10_1,0.6023983145976186,AC-gliosis-hypoxia
521,cellranger-arc201_count_877c4ccf6b72738da66f3017a5f79449#TCATTGTTCTCGCCCA-1,at10_1,0.5304350391196501,AC-gliosis-hypoxia
522,cellranger-arc201_count_877c4ccf6b72738da66f3017a5f79449#TCATTTGGTTGTAAAC-1,at10_1,0.5493666442961938,AC-gliosis-hypoxia
523,cellranger-arc201_count_877c4ccf6b72738da66f3017a5f79449#TCCACAACAAAGCCTC-1,at10_1,0.5572720334906004,AC-gliosis-hypoxia
524,cellranger-arc201_count_877c4ccf6b72738da66f3017a5f79449#TCCATAAAGGATCACT-1,at10_1,0.44853150294573096,AC-gliosis-hypoxia
525,cellranger-arc201_count_877c4ccf6b72738da66f3017a5f79449#TCCATCATCACCATTT-1,at10_1,0.4610874781126755,AC-gliosis-hypoxia
526,cellranger-arc201_count_877c4ccf6b72738da66f3017a5f79449#TCCATCATCCCGTTTA-1,at10_1,0.5646118928990103,AC-gliosis-hypoxia
527,cellranger-arc201_count_877c4ccf6b72738da66f3017a5f79449#TCCATGCTCGAAGTGA-1,at10_1,0.5302167009657616,AC-gliosis-hypoxia
528,cellranger-arc201_count_877c4ccf6b72738da66f3017a5f79449#TCCCTCACAGCTAATT-1,at10_1,0.48970648156313246,AC-gliosis-hypoxia
529,cellranger-arc201_count_877c4ccf6b72738da66f3017a5f79449#TCCCTGGTCCACCTTA-1,at10_1,0.5600837567097933,AC-gliosis-hypoxia
530,cellranger-arc201_count_877c4ccf6b72738da66f3017a5f79449#TCCGGAATCCGGCTAA-1,at10_1,0.42971519211951287,AC-gliosis-hypoxia
531,cellranger-arc201_count_877c4ccf6b72738da66f3017a5f79449#TCCGGTAAGACACTTA-1,at10_1,0.5478694604289137,AC-gliosis-hypoxia
532,cellranger-arc201_count_877c4ccf6b72738da66f3017a5f79449#TCGGTTTGTGCTGGTG-1,at10_1,0.578455790320811,AC-gliosis-hypoxia
533,cellranger-arc201_count_877c4ccf6b72738da66f3017a5f79449#TCGTCAACACATAGCC-1,at10_1,0.4650929614295642,AC-gliosis-hypoxia
534,cellranger-arc201_count_877c4ccf6b72738da66f3017a5f79449#TCGTTAGCAGCTCATA-1,at10_1,0.4692122634627367,AC-gliosis-hypoxia
535,cellranger-arc201_count_877c4ccf6b72738da66f3017a5f79449#TCTAGCACACCAGCAT-1,at10_1,0.4661702856487135,AC-gliosis-hypoxia
536,cellranger-arc201_count_877c4ccf6b72738da66f3017a5f79449#TCTAGCACATCACTTC-1,at10_1,0.5443707042735622,AC-gliosis-hypoxia
537,cellranger-arc201_count_877c4ccf6b72738da66f3017a5f79449#TCTTGACGTACCCACC-1,at10_1,0.4639693078699315,AC-gliosis-hypoxia
538,cellranger-arc201_count_877c4ccf6b72738da66f3017a5f79449#TGAGCTTAGTTAGTTG-1,at10_1,0.5546349919313792,AC-gliosis-hypoxia
539,cellranger-arc201_count_877c4ccf6b72738da66f3017a5f79449#TGAGTGAAGTTATGTG-1,at10_1,0.4496644557840424,AC-gliosis-hypoxia
540,cellranger-arc201_count_877c4ccf6b72738da66f3017a5f79449#TGATCACAGGCAACAA-1,at10_1,0.5872530193195229,AC-gliosis-hypoxia
541,cellranger-arc201_count_877c4ccf6b72738da66f3017a5f79449#TGCAGGCTCCATAATG-1,at10_1,0.12471131081915321,AC-gliosis-hypoxia
542,cellranger-arc201_count_877c4ccf6b72738da66f3017a5f79449#TGCTATGCATAGCAGG-1,at10_1,0.5445811909406622,AC-gliosis-hypoxia
543,cellranger-arc201_count_877c4ccf6b72738da66f3017a5f79449#TGCTGGATCCTAATTC-1,at10_1,0.5455140700766217,AC-gliosis-hypoxia
544,cellranger-arc201_count_877c4ccf6b72738da66f3017a5f79449#TGGCCTGCAATAGCCC-1,at10_1,0.5499563410698947,AC-gliosis-hypoxia
545,cellranger-arc201_count_877c4ccf6b72738da66f3017a5f79449#TGGCTAAGTAATGGCC-1,at10_1,0.5613712891745253,AC-gliosis-hypoxia
546,cellranger-arc201_count_877c4ccf6b72738da66f3017a5f79449#TGGCTATAGTCATGCG-1,at10_1,0.5782739810699956,AC-gliosis-hypoxia
547,cellranger-arc201_count_877c4ccf6b72738da66f3017a5f79449#TGTGAAACACTAAGTT-1,at10_1,0.5103279382969472,AC-gliosis-hypoxia
548,cellranger-arc201_count_877c4ccf6b72738da66f3017a5f79449#TGTGATCAGGCTGTGC-1,at10_1,0.5550961693326816,AC-gliosis-hypoxia
549,cellranger-arc201_count_877c4ccf6b72738da66f3017a5f79449#TGTTGGCCATAATCCG-1,at10_1,0.5595296422060069,AC-gliosis-hypoxia
550,cellranger-arc201_count_877c4ccf6b72738da66f3017a5f79449#TGTTGTAAGCGAAGTA-1,at10_1,0.5021510881231457,AC-gliosis-hypoxia
551,cellranger-arc201_count_877c4ccf6b72738da66f3017a5f79449#TTAGACTCAGCATGGA-1,at10_1,0.14267320169299494,AC-gliosis-hypoxia
552,cellranger-arc201_count_877c4ccf6b72738da66f3017a5f79449#TTCAACCGTTAGGTTG-1,at10_1,0.5873295852367882,AC-gliosis-hypoxia
553,cellranger-arc201_count_877c4ccf6b72738da66f3017a5f79449#TTCCCACAGCCACATG-1,at10_1,0.44633759707348913,AC-gliosis-hypoxia
554,cellranger-arc201_count_877c4ccf6b72738da66f3017a5f79449#TTGACGTAGCAAGGTA-1,at10_1,0.48953736833350736,AC-gliosis-hypoxia
555,cellranger-arc201_count_877c4ccf6b72738da66f3017a5f79449#TTGCATTTCATGGCCA-1,at10_1,0.5378529679215187,AC-gliosis-hypoxia
556,cellranger-arc201_count_877c4ccf6b72738da66f3017a5f79449#TTGCATTTCCTAATTC-1,at10_1,0.41065679378397796,AC-gliosis-hypoxia
557,cellranger-arc201_count_877c4ccf6b72738da66f3017a5f79449#TTGCTTAGTTTGCTGT-1,at10_1,0.4190806873701046,AC-gliosis-hypoxia
558,cellranger-arc201_count_877c4ccf6b72738da66f3017a5f79449#TTGTTTGGTGCCTCAC-1,at10_1,0.5449490971336596,AC-gliosis-hypoxia
559,cellranger-arc201_count_877c4ccf6b72738da66f3017a5f79449#TTTAACCTCTTGCTAT-1,at10_1,0.5015282035045794,AC-gliosis-hypoxia
560,cellranger-arc201_count_877c4ccf6b72738da66f3017a5f79449#TTTAAGGTCTTGATGA-1,at10_1,0.27844733396327587,AC-gliosis-hypoxia
561,cellranger-arc201_count_877c4ccf6b72738da66f3017a5f79449#TTTAGCTTCACTTTAC-1,at10_1,0.4556471216640848,AC-gliosis-hypoxia
562,cellranger-arc201_count_877c4ccf6b72738da66f3017a5f79449#TTTCCACCATAGACTT-1,at10_1,0.34752271009491065,AC-gliosis-hypoxia
563,cellranger-arc201_count_877c4ccf6b72738da66f3017a5f79449#TTTGACCGTTAGGCGT-1,at10_1,0.5404741394542522,AC-gliosis-hypoxia
564,cellranger-arc201_count_651c086adc1acf13d5493f979b7a6fc4#AAAGGACGTTGGCGTG-1,at10_1,0.44447757428482715,AC-gliosis-hypoxia
565,cellranger-arc201_count_651c086adc1acf13d5493f979b7a6fc4#AAATCCGGTTGTTGGA-1,at10_1,0.5769519800214186,AC-gliosis-hypoxia
566,cellranger-arc201_count_651c086adc1acf13d5493f979b7a6fc4#AACCGGCTCTAAGGTC-1,at10_1,0.5452840939033087,AC-gliosis-hypoxia
567,cellranger-arc201_count_651c086adc1acf13d5493f979b7a6fc4#AACCGGCTCTGTTCAT-1,at10_1,0.5223143187237419,AC-gliosis-hypoxia
568,cellranger-arc201_count_651c086adc1acf13d5493f979b7a6fc4#AACTACTCATAAGTTC-1,at10_1,0.5478558177745647,AC-gliosis-hypoxia
569,cellranger-arc201_count_651c086adc1acf13d5493f979b7a6fc4#AAGACCAAGCTAATCA-1,at10_1,0.5309138127608475,AC-gliosis-hypoxia
570,cellranger-arc201_count_651c086adc1acf13d5493f979b7a6fc4#AAGCAAGTCATTACAG-1,at10_1,0.4064649629455415,AC-gliosis-hypoxia
571,cellranger-arc201_count_651c086adc1acf13d5493f979b7a6fc4#AAGGTGCAGCGCCTTT-1,at10_1,0.5181863299392289,AC-gliosis-hypoxia
572,cellranger-arc201_count_651c086adc1acf13d5493f979b7a6fc4#AATAGCTGTTTCGCGC-1,at10_1,0.5362918027895567,AC-gliosis-hypoxia
573,cellranger-arc201_count_651c086adc1acf13d5493f979b7a6fc4#AATATCCCACCTACTT-1,at10_1,0.5020506336396937,AC-gliosis-hypoxia
574,cellranger-arc201_count_651c086adc1acf13d5493f979b7a6fc4#AATCATCCACCATATG-1,at10_1,0.5606362006844756,AC-gliosis-hypoxia
575,cellranger-arc201_count_651c086adc1acf13d5493f979b7a6fc4#AATGTCATCCTGGTCT-1,at10_1,0.4763656361388401,AC-gliosis-hypoxia
576,cellranger-arc201_count_651c086adc1acf13d5493f979b7a6fc4#AATTCGTCAAATATCC-1,at10_1,0.38330037623030033,AC-gliosis-hypoxia
577,cellranger-arc201_count_651c086adc1acf13d5493f979b7a6fc4#AATTGGGAGGAGCACG-1,at10_1,0.47756028718539145,AC-gliosis-hypoxia
578,cellranger-arc201_count_651c086adc1acf13d5493f979b7a6fc4#ACCCGGTAGGCGAAAC-1,at10_1,0.41769064010269247,AC-gliosis-hypoxia
579,cellranger-arc201_count_651c086adc1acf13d5493f979b7a6fc4#ACCCTCCCAGCACGTT-1,at10_1,0.5636991714809054,AC-gliosis-hypoxia
580,cellranger-arc201_count_651c086adc1acf13d5493f979b7a6fc4#ACCGAAGCAATGAATG-1,at10_1,0.46995898997221053,AC-gliosis-hypoxia
581,cellranger-arc201_count_651c086adc1acf13d5493f979b7a6fc4#ACCTGGATCATTACAG-1,at10_1,0.46694557820586524,AC-gliosis-hypoxia
582,cellranger-arc201_count_651c086adc1acf13d5493f979b7a6fc4#ACGCAAGCAATAACGA-1,at10_1,0.3975487365903236,AC-gliosis-hypoxia
583,cellranger-arc201_count_651c086adc1acf13d5493f979b7a6fc4#ACTCAGTAGGAGCACG-1,at10_1,0.3917479078032482,AC-gliosis-hypoxia
584,cellranger-arc201_count_651c086adc1acf13d5493f979b7a6fc4#ACTCGCTTCGATTTGA-1,at10_1,0.5440044686096688,AC-gliosis-hypoxia
585,cellranger-arc201_count_651c086adc1acf13d5493f979b7a6fc4#ACTTACTTCGTAATCA-1,at10_1,0.49507205399216886,AC-gliosis-hypoxia
586,cellranger-arc201_count_651c086adc1acf13d5493f979b7a6fc4#ACTTATCTCCTAAGGT-1,at10_1,0.5506346315704094,AC-gliosis-hypoxia
587,cellranger-arc201_count_651c086adc1acf13d5493f979b7a6fc4#AGAGGAACACAAAGGT-1,at10_1,0.4357579692051463,AC-gliosis-hypoxia
588,cellranger-arc201_count_651c086adc1acf13d5493f979b7a6fc4#AGCACTTAGCTCCTTA-1,at10_1,0.5071841138918854,AC-gliosis-hypoxia
589,cellranger-arc201_count_651c086adc1acf13d5493f979b7a6fc4#AGCACTTAGTTTAACG-1,at10_1,0.47447693593389334,AC-gliosis-hypoxia
590,cellranger-arc201_count_651c086adc1acf13d5493f979b7a6fc4#AGCGGACCATAGTCAT-1,at10_1,0.3800156426953188,AC-gliosis-hypoxia
591,cellranger-arc201_count_651c086adc1acf13d5493f979b7a6fc4#AGGAACCAGCGCCTTT-1,at10_1,0.5374306581640355,AC-gliosis-hypoxia
592,cellranger-arc201_count_651c086adc1acf13d5493f979b7a6fc4#AGGGCCTTCTCAATGA-1,at10_1,0.46300129193848527,AC-gliosis-hypoxia
593,cellranger-arc201_count_651c086adc1acf13d5493f979b7a6fc4#AGGGTTGCAGGCTTCG-1,at10_1,0.4628290047035627,AC-gliosis-hypoxia
594,cellranger-arc201_count_651c086adc1acf13d5493f979b7a6fc4#AGGTGAATCCCTGACT-1,at10_1,0.20337879546039564,AC-gliosis-hypoxia
595,cellranger-arc201_count_651c086adc1acf13d5493f979b7a6fc4#AGGTTTATCGATTATG-1,at10_1,0.5308431493797497,AC-gliosis-hypoxia
596,cellranger-arc201_count_651c086adc1acf13d5493f979b7a6fc4#AGTAATCGTTAATGAC-1,at10_1,0.5132434013734966,AC-gliosis-hypoxia
597,cellranger-arc201_count_651c086adc1acf13d5493f979b7a6fc4#AGTAGCTTCCCTCACG-1,at10_1,0.4477090457835438,AC-gliosis-hypoxia
598,cellranger-arc201_count_651c086adc1acf13d5493f979b7a6fc4#AGTGTGGCACAGGAAT-1,at10_1,0.5173137569039227,AC-gliosis-hypoxia
599,cellranger-arc201_count_651c086adc1acf13d5493f979b7a6fc4#AGTTACATCGCTTCTA-1,at10_1,0.44964073427076606,AC-gliosis-hypoxia
600,cellranger-arc201_count_651c086adc1acf13d5493f979b7a6fc4#ATCAATCCATGTTTGG-1,at10_1,0.4680556447954523,AC-gliosis-hypoxia
601,cellranger-arc201_count_651c086adc1acf13d5493f979b7a6fc4#ATCACACAGTCAATCA-1,at10_1,0.45967810839196066,AC-gliosis-hypoxia
602,cellranger-arc201_count_651c086adc1acf13d5493f979b7a6fc4#ATCCGTGAGCGGTTAT-1,at10_1,0.5576461763255859,AC-gliosis-hypoxia
603,cellranger-arc201_count_651c086adc1acf13d5493f979b7a6fc4#ATCCTGACAGGAACTG-1,at10_1,0.45098974220652405,AC-gliosis-hypoxia
604,cellranger-arc201_count_651c086adc1acf13d5493f979b7a6fc4#ATCCTTAGTTCCAGGG-1,at10_1,0.48512427591525037,AC-gliosis-hypoxia
605,cellranger-arc201_count_651c086adc1acf13d5493f979b7a6fc4#ATCGCTTGTTGGTGAC-1,at10_1,0.3865185670226405,AC-gliosis-hypoxia
606,cellranger-arc201_count_651c086adc1acf13d5493f979b7a6fc4#ATGTCCACACCAGGTT-1,at10_1,0.42006415569576255,AC-gliosis-hypoxia
607,cellranger-arc201_count_651c086adc1acf13d5493f979b7a6fc4#ATTATCCTCCCTCACG-1,at10_1,0.41686762609747063,AC-gliosis-hypoxia
608,cellranger-arc201_count_651c086adc1acf13d5493f979b7a6fc4#ATTGTGATCTCCATGC-1,at10_1,0.4961093968814298,AC-gliosis-hypoxia
609,cellranger-arc201_count_651c086adc1acf13d5493f979b7a6fc4#ATTTAGCCACTGGCCA-1,at10_1,0.5480339518613512,AC-gliosis-hypoxia
610,cellranger-arc201_count_651c086adc1acf13d5493f979b7a6fc4#CAGCCTTTCATTGCAA-1,at10_1,0.5103168571205575,AC-gliosis-hypoxia
611,cellranger-arc201_count_651c086adc1acf13d5493f979b7a6fc4#CAGCTAAGTATTGGTG-1,at10_1,0.5491376704403432,AC-gliosis-hypoxia
612,cellranger-arc201_count_651c086adc1acf13d5493f979b7a6fc4#CAGCTCAAGTATGTGC-1,at10_1,0.5430772135883594,AC-gliosis-hypoxia
613,cellranger-arc201_count_651c086adc1acf13d5493f979b7a6fc4#CAGGACACAGTTTCTC-1,at10_1,0.4367152937503272,AC-gliosis-hypoxia
614,cellranger-arc201_count_651c086adc1acf13d5493f979b7a6fc4#CAGGATGCAGCCAGTT-1,at10_1,0.5154160358418145,AC-gliosis-hypoxia
615,cellranger-arc201_count_651c086adc1acf13d5493f979b7a6fc4#CATAAGCTCTCAATTC-1,at10_1,0.6094506759472355,AC-gliosis-hypoxia
616,cellranger-arc201_count_651c086adc1acf13d5493f979b7a6fc4#CATAGTCAGCTCCTTA-1,at10_1,0.3939621106041032,AC-gliosis-hypoxia
617,cellranger-arc201_count_651c086adc1acf13d5493f979b7a6fc4#CATAGTCAGCTCGCTT-1,at10_1,0.4711147176906394,AC-gliosis-hypoxia
618,cellranger-arc201_count_651c086adc1acf13d5493f979b7a6fc4#CATGGATTCCTCATGC-1,at10_1,0.48350107846922763,AC-gliosis-hypoxia
619,cellranger-arc201_count_651c086adc1acf13d5493f979b7a6fc4#CATTATCTCGCTAAGT-1,at10_1,0.506005834030553,AC-gliosis-hypoxia
620,cellranger-arc201_count_651c086adc1acf13d5493f979b7a6fc4#CATTCATTCGTTACAA-1,at10_1,0.554098585036095,AC-gliosis-hypoxia
621,cellranger-arc201_count_651c086adc1acf13d5493f979b7a6fc4#CATTCCTCACAGCCTG-1,at10_1,0.4638858370990366,AC-gliosis-hypoxia
622,cellranger-arc201_count_651c086adc1acf13d5493f979b7a6fc4#CCAAACCCAATTAACC-1,at10_1,0.5205020730674534,AC-gliosis-hypoxia
623,cellranger-arc201_count_651c086adc1acf13d5493f979b7a6fc4#CCAGTTTGTTAACGAT-1,at10_1,0.4469364260729584,AC-gliosis-hypoxia
624,cellranger-arc201_count_651c086adc1acf13d5493f979b7a6fc4#CCATAATCAACCTGGT-1,at10_1,0.49848694958650125,AC-gliosis-hypoxia
625,cellranger-arc201_count_651c086adc1acf13d5493f979b7a6fc4#CCCAACCGTTAGCTGA-1,at10_1,0.386692107154391,AC-gliosis-hypoxia
626,cellranger-arc201_count_651c086adc1acf13d5493f979b7a6fc4#CCGCCAACAAGTCGCT-1,at10_1,0.5676019172579,AC-gliosis-hypoxia
627,cellranger-arc201_count_651c086adc1acf13d5493f979b7a6fc4#CCGCTTAGTTAAGCCA-1,at10_1,0.45612567256806824,AC-gliosis-hypoxia
628,cellranger-arc201_count_651c086adc1acf13d5493f979b7a6fc4#CCTAAGCCACCAGGTT-1,at10_1,0.5135968296475928,AC-gliosis-hypoxia
629,cellranger-arc201_count_651c086adc1acf13d5493f979b7a6fc4#CCTAATCGTTCCTCCT-1,at10_1,0.4766857095151605,AC-gliosis-hypoxia
630,cellranger-arc201_count_651c086adc1acf13d5493f979b7a6fc4#CCTCCTGAGGCAATAG-1,at10_1,0.4576843319063743,AC-gliosis-hypoxia
631,cellranger-arc201_count_651c086adc1acf13d5493f979b7a6fc4#CCTGTAACATCCCGCT-1,at10_1,0.4461140802793782,AC-gliosis-hypoxia
632,cellranger-arc201_count_651c086adc1acf13d5493f979b7a6fc4#CCTGTATGTTCCGCAC-1,at10_1,0.49137957214506034,AC-gliosis-hypoxia
633,cellranger-arc201_count_651c086adc1acf13d5493f979b7a6fc4#CGAACCGGTACTTAGG-1,at10_1,0.45435307413584725,AC-gliosis-hypoxia
634,cellranger-arc201_count_651c086adc1acf13d5493f979b7a6fc4#CGAAGAATCTCACAAA-1,at10_1,0.5520948410601882,AC-gliosis-hypoxia
635,cellranger-arc201_count_651c086adc1acf13d5493f979b7a6fc4#CGAAGTAAGCACAGGG-1,at10_1,0.49248685451947416,AC-gliosis-hypoxia
636,cellranger-arc201_count_651c086adc1acf13d5493f979b7a6fc4#CGAATATGTAAGGTCC-1,at10_1,0.5054491580488073,AC-gliosis-hypoxia
637,cellranger-arc201_count_651c086adc1acf13d5493f979b7a6fc4#CGTAGTTAGTCACTCC-1,at10_1,0.3942137201293126,AC-gliosis-hypoxia
638,cellranger-arc201_count_651c086adc1acf13d5493f979b7a6fc4#CGTAGTTAGTTGTCAA-1,at10_1,0.545715981360988,AC-gliosis-hypoxia
639,cellranger-arc201_count_651c086adc1acf13d5493f979b7a6fc4#CTAATTGAGGCGCTTA-1,at10_1,0.4926903249643375,AC-gliosis-hypoxia
640,cellranger-arc201_count_651c086adc1acf13d5493f979b7a6fc4#CTAGCTTGTTCCGCAC-1,at10_1,0.49007639239105455,AC-gliosis-hypoxia
641,cellranger-arc201_count_651c086adc1acf13d5493f979b7a6fc4#CTAGTTGCATCGCTCC-1,at10_1,0.5363888605304973,AC-gliosis-hypoxia
642,cellranger-arc201_count_651c086adc1acf13d5493f979b7a6fc4#CTATGAGGTAAGCACC-1,at10_1,0.557870305647035,AC-gliosis-hypoxia
643,cellranger-arc201_count_651c086adc1acf13d5493f979b7a6fc4#CTATGAGGTCAGTAAT-1,at10_1,0.5567824014102273,AC-gliosis-hypoxia
644,cellranger-arc201_count_651c086adc1acf13d5493f979b7a6fc4#CTCCATCAGCCACAAT-1,at10_1,0.4789419261229803,AC-gliosis-hypoxia
645,cellranger-arc201_count_651c086adc1acf13d5493f979b7a6fc4#CTCCATCAGGCTATGT-1,at10_1,0.6530615087354368,AC-gliosis-hypoxia
646,cellranger-arc201_count_651c086adc1acf13d5493f979b7a6fc4#CTGCAATAGCACTAAC-1,at10_1,0.5425459853332973,AC-gliosis-hypoxia
647,cellranger-arc201_count_651c086adc1acf13d5493f979b7a6fc4#CTGCTATGTAATGACT-1,at10_1,0.4302264018674789,AC-gliosis-hypoxia
648,cellranger-arc201_count_651c086adc1acf13d5493f979b7a6fc4#CTGTTGGAGACTTATG-1,at10_1,0.44573208595760405,AC-gliosis-hypoxia
649,cellranger-arc201_count_651c086adc1acf13d5493f979b7a6fc4#CTTAGTTTCCCATAAA-1,at10_1,0.33741038490125125,AC-gliosis-hypoxia
650,cellranger-arc201_count_651c086adc1acf13d5493f979b7a6fc4#CTTCAAGCATCCCTCA-1,at10_1,0.42927854365388723,AC-gliosis-hypoxia
651,cellranger-arc201_count_651c086adc1acf13d5493f979b7a6fc4#GAAAGCCAGGGCCACT-1,at10_1,0.3921520923199533,AC-gliosis-hypoxia
652,cellranger-arc201_count_651c086adc1acf13d5493f979b7a6fc4#GAAGGCTAGACCATAC-1,at10_1,0.470527471026291,AC-gliosis-hypoxia
653,cellranger-arc201_count_651c086adc1acf13d5493f979b7a6fc4#GAAGTATAGCCTAATA-1,at10_1,0.5121480354400244,AC-gliosis-hypoxia
654,cellranger-arc201_count_651c086adc1acf13d5493f979b7a6fc4#GACCTCAAGGGACGCA-1,at10_1,0.5318456895793445,AC-gliosis-hypoxia
655,cellranger-arc201_count_651c086adc1acf13d5493f979b7a6fc4#GACCTGATCAAGACTC-1,at10_1,0.48224612132202305,AC-gliosis-hypoxia
656,cellranger-arc201_count_651c086adc1acf13d5493f979b7a6fc4#GACGTAAAGCTGGACC-1,at10_1,0.44345175804638365,AC-gliosis-hypoxia
657,cellranger-arc201_count_651c086adc1acf13d5493f979b7a6fc4#GAGGCTACACCTATAG-1,at10_1,0.5058902334165584,AC-gliosis-hypoxia
658,cellranger-arc201_count_651c086adc1acf13d5493f979b7a6fc4#GATAAGCCATAAAGCA-1,at10_1,0.49890653081311465,AC-gliosis-hypoxia
659,cellranger-arc201_count_651c086adc1acf13d5493f979b7a6fc4#GATCACTAGGTGAGAC-1,at10_1,0.5568745589324628,AC-gliosis-hypoxia
660,cellranger-arc201_count_651c086adc1acf13d5493f979b7a6fc4#GCAACAGCAAGCTAAA-1,at10_1,0.3651362399662715,AC-gliosis-hypoxia
661,cellranger-arc201_count_651c086adc1acf13d5493f979b7a6fc4#GCATTGCCATGAGTTT-1,at10_1,0.473229663220567,AC-gliosis-hypoxia
662,cellranger-arc201_count_651c086adc1acf13d5493f979b7a6fc4#GCCATTACACTAAGTT-1,at10_1,0.45729420767629425,AC-gliosis-hypoxia
663,cellranger-arc201_count_651c086adc1acf13d5493f979b7a6fc4#GCCTCCATCCCTCAAC-1,at10_1,0.5235574151143083,AC-gliosis-hypoxia
664,cellranger-arc201_count_651c086adc1acf13d5493f979b7a6fc4#GCGCAATGTGGTTCTT-1,at10_1,0.5729956102601865,AC-gliosis-hypoxia
665,cellranger-arc201_count_651c086adc1acf13d5493f979b7a6fc4#GCTAAGAAGGTTACAC-1,at10_1,0.5258193115210817,AC-gliosis-hypoxia
666,cellranger-arc201_count_651c086adc1acf13d5493f979b7a6fc4#GCTCCTTAGTTCCTGC-1,at10_1,0.5415062480189874,AC-gliosis-hypoxia
667,cellranger-arc201_count_651c086adc1acf13d5493f979b7a6fc4#GCTGGTTCAACGTGCT-1,at10_1,0.5148517867947974,AC-gliosis-hypoxia
668,cellranger-arc201_count_651c086adc1acf13d5493f979b7a6fc4#GCTTACCTCCTTAGTT-1,at10_1,0.4669196850047537,AC-gliosis-hypoxia
669,cellranger-arc201_count_651c086adc1acf13d5493f979b7a6fc4#GCTTATCGTTCCTGAT-1,at10_1,0.37522773923043473,AC-gliosis-hypoxia
670,cellranger-arc201_count_651c086adc1acf13d5493f979b7a6fc4#GGAACCACAACAGGAT-1,at10_1,0.5234344641722563,AC-gliosis-hypoxia
671,cellranger-arc201_count_651c086adc1acf13d5493f979b7a6fc4#GGCATGGAGGCCCAGT-1,at10_1,0.5628804451670504,AC-gliosis-hypoxia
672,cellranger-arc201_count_651c086adc1acf13d5493f979b7a6fc4#GGGTCACTCGTTAAGC-1,at10_1,0.5654831295110333,AC-gliosis-hypoxia
673,cellranger-arc201_count_651c086adc1acf13d5493f979b7a6fc4#GGTAAACCATTGGGAG-1,at10_1,0.5330139462660531,AC-gliosis-hypoxia
674,cellranger-arc201_count_651c086adc1acf13d5493f979b7a6fc4#GGTAAGGGTCAATAGT-1,at10_1,0.5532975106464386,AC-gliosis-hypoxia
675,cellranger-arc201_count_651c086adc1acf13d5493f979b7a6fc4#GGTACTTAGGAGTCTT-1,at10_1,0.5249889471878024,AC-gliosis-hypoxia
676,cellranger-arc201_count_651c086adc1acf13d5493f979b7a6fc4#GGTTACTAGTCTCACC-1,at10_1,0.4463227850487673,AC-gliosis-hypoxia
677,cellranger-arc201_count_651c086adc1acf13d5493f979b7a6fc4#GGTTGCTCAACTGGCT-1,at10_1,0.5081849835623764,AC-gliosis-hypoxia
678,cellranger-arc201_count_651c086adc1acf13d5493f979b7a6fc4#GGTTGCTCAATCCTAG-1,at10_1,0.500731917965021,AC-gliosis-hypoxia
679,cellranger-arc201_count_651c086adc1acf13d5493f979b7a6fc4#GTACTGGTCAATCATG-1,at10_1,0.5830515272544352,AC-gliosis-hypoxia
680,cellranger-arc201_count_651c086adc1acf13d5493f979b7a6fc4#GTATGTTCATGAGTTT-1,at10_1,0.45779642440925056,AC-gliosis-hypoxia
681,cellranger-arc201_count_651c086adc1acf13d5493f979b7a6fc4#GTCAGGCTCATTATGG-1,at10_1,0.5149473410595443,AC-gliosis-hypoxia
682,cellranger-arc201_count_651c086adc1acf13d5493f979b7a6fc4#GTCATGCCAGGCCATT-1,at10_1,0.5211924470618202,AC-gliosis-hypoxia
683,cellranger-arc201_count_651c086adc1acf13d5493f979b7a6fc4#GTCCATTGTTTCGCGC-1,at10_1,0.4604562965328927,AC-gliosis-hypoxia
684,cellranger-arc201_count_651c086adc1acf13d5493f979b7a6fc4#GTCCGTAAGCAGGTGG-1,at10_1,0.47401987917104754,AC-gliosis-hypoxia
685,cellranger-arc201_count_651c086adc1acf13d5493f979b7a6fc4#GTCTAACAGGTGAGAC-1,at10_1,0.559129494801303,AC-gliosis-hypoxia
686,cellranger-arc201_count_651c086adc1acf13d5493f979b7a6fc4#GTCTAATCAGTCTATG-1,at10_1,0.5340934421730377,AC-gliosis-hypoxia
687,cellranger-arc201_count_651c086adc1acf13d5493f979b7a6fc4#GTCTATGCAAACCTAT-1,at10_1,0.5717741750636682,AC-gliosis-hypoxia
688,cellranger-arc201_count_651c086adc1acf13d5493f979b7a6fc4#GTCTATGCAAATTCGT-1,at10_1,0.5270459810421257,AC-gliosis-hypoxia
689,cellranger-arc201_count_651c086adc1acf13d5493f979b7a6fc4#GTGCATTAGAGGCTAA-1,at10_1,0.4991405162562772,AC-gliosis-hypoxia
690,cellranger-arc201_count_651c086adc1acf13d5493f979b7a6fc4#GTGTGTTAGATTCCTT-1,at10_1,0.5513695530075485,AC-gliosis-hypoxia
691,cellranger-arc201_count_651c086adc1acf13d5493f979b7a6fc4#GTGTTACAGGCATTGT-1,at10_1,0.53457293971018,AC-gliosis-hypoxia
692,cellranger-arc201_count_651c086adc1acf13d5493f979b7a6fc4#GTTTATCTCAGCTAAC-1,at10_1,0.4973821730057434,AC-gliosis-hypoxia
693,cellranger-arc201_count_651c086adc1acf13d5493f979b7a6fc4#GTTTGTCGTTTAGTCC-1,at10_1,0.5350583397834898,AC-gliosis-hypoxia
694,cellranger-arc201_count_651c086adc1acf13d5493f979b7a6fc4#TAAACAGCATCCAGGT-1,at10_1,0.4356781735982801,AC-gliosis-hypoxia
695,cellranger-arc201_count_651c086adc1acf13d5493f979b7a6fc4#TAACAAGCAATTTGGT-1,at10_1,0.410484228127538,AC-gliosis-hypoxia
696,cellranger-arc201_count_651c086adc1acf13d5493f979b7a6fc4#TACCAAATCATGCTCC-1,at10_1,0.519615356219067,AC-gliosis-hypoxia
697,cellranger-arc201_count_651c086adc1acf13d5493f979b7a6fc4#TACGCTTGTGAAACAA-1,at10_1,0.5649071867602884,AC-gliosis-hypoxia
698,cellranger-arc201_count_651c086adc1acf13d5493f979b7a6fc4#TACTGGCCAAAGCTAA-1,at10_1,0.4777487228683191,AC-gliosis-hypoxia
699,cellranger-arc201_count_651c086adc1acf13d5493f979b7a6fc4#TAGCCTGAGCGCCTTT-1,at10_1,0.5394972697185549,AC-gliosis-hypoxia
700,cellranger-arc201_count_651c086adc1acf13d5493f979b7a6fc4#TAGTAACGTTAAATGC-1,at10_1,0.5505791143198542,AC-gliosis-hypoxia
701,cellranger-arc201_count_651c086adc1acf13d5493f979b7a6fc4#TAGTGTGGTCATGCAA-1,at10_1,0.5570749110563321,AC-gliosis-hypoxia
702,cellranger-arc201_count_651c086adc1acf13d5493f979b7a6fc4#TATCACAAGTTTAACG-1,at10_1,0.4462082424365385,AC-gliosis-hypoxia
703,cellranger-arc201_count_651c086adc1acf13d5493f979b7a6fc4#TATGAAGCAGGTTATT-1,at10_1,0.582025154172957,AC-gliosis-hypoxia
704,cellranger-arc201_count_651c086adc1acf13d5493f979b7a6fc4#TATGCATCAATTGACT-1,at10_1,0.4480151423996943,AC-gliosis-hypoxia
705,cellranger-arc201_count_651c086adc1acf13d5493f979b7a6fc4#TATGGCCCAGATAGAC-1,at10_1,0.550437620504748,AC-gliosis-hypoxia
706,cellranger-arc201_count_651c086adc1acf13d5493f979b7a6fc4#TATTAGGTCGCCTGTT-1,at10_1,0.4527700807569267,AC-gliosis-hypoxia
707,cellranger-arc201_count_651c086adc1acf13d5493f979b7a6fc4#TCAAACCAGCACAGGG-1,at10_1,0.6075263934723741,AC-gliosis-hypoxia
708,cellranger-arc201_count_651c086adc1acf13d5493f979b7a6fc4#TCACCTGGTTGGATCA-1,at10_1,0.5032820920108358,AC-gliosis-hypoxia
709,cellranger-arc201_count_651c086adc1acf13d5493f979b7a6fc4#TCAGCCTTCGTTTCGC-1,at10_1,0.6042165741586814,AC-gliosis-hypoxia
710,cellranger-arc201_count_651c086adc1acf13d5493f979b7a6fc4#TCAGCCTTCTCCTCTT-1,at10_1,0.4469746811894393,AC-gliosis-hypoxia
711,cellranger-arc201_count_651c086adc1acf13d5493f979b7a6fc4#TCATAACCACAATACT-1,at10_1,0.5540662324557816,AC-gliosis-hypoxia
712,cellranger-arc201_count_651c086adc1acf13d5493f979b7a6fc4#TCATAACCATTAAACC-1,at10_1,0.4894520042962946,AC-gliosis-hypoxia
713,cellranger-arc201_count_651c086adc1acf13d5493f979b7a6fc4#TCCATAAAGGCGGGTA-1,at10_1,0.4257411425919305,AC-gliosis-hypoxia
714,cellranger-arc201_count_651c086adc1acf13d5493f979b7a6fc4#TCCCGTTAGTATCGCG-1,at10_1,0.5199036895424121,AC-gliosis-hypoxia
715,cellranger-arc201_count_651c086adc1acf13d5493f979b7a6fc4#TCGCGCACATAAAGCA-1,at10_1,0.5502945675291449,AC-gliosis-hypoxia
716,cellranger-arc201_count_651c086adc1acf13d5493f979b7a6fc4#TCGGTAAGTGGGAACA-1,at10_1,0.5233577312020806,AC-gliosis-hypoxia
717,cellranger-arc201_count_651c086adc1acf13d5493f979b7a6fc4#TCGTAATCACTTCATC-1,at10_1,0.44464852509646663,AC-gliosis-hypoxia
718,cellranger-arc201_count_651c086adc1acf13d5493f979b7a6fc4#TGAAACTGTAACCACA-1,at10_1,0.5519486140792875,AC-gliosis-hypoxia
719,cellranger-arc201_count_651c086adc1acf13d5493f979b7a6fc4#TGACTCCTCGCATCCT-1,at10_1,0.3863453888388623,AC-gliosis-hypoxia
720,cellranger-arc201_count_651c086adc1acf13d5493f979b7a6fc4#TGACTTCGTCTAACAG-1,at10_1,0.43821876994389886,AC-gliosis-hypoxia
721,cellranger-arc201_count_651c086adc1acf13d5493f979b7a6fc4#TGAGCAAAGTTATTCC-1,at10_1,0.4415783153405864,AC-gliosis-hypoxia
722,cellranger-arc201_count_651c086adc1acf13d5493f979b7a6fc4#TGATCAATCCGCAAAT-1,at10_1,0.554821645716596,AC-gliosis-hypoxia
723,cellranger-arc201_count_651c086adc1acf13d5493f979b7a6fc4#TGATCAGGTGCCGCAA-1,at10_1,0.542374087888499,AC-gliosis-hypoxia
724,cellranger-arc201_count_651c086adc1acf13d5493f979b7a6fc4#TGATCCTGTACCGAAC-1,at10_1,0.4490835571302891,AC-gliosis-hypoxia
725,cellranger-arc201_count_651c086adc1acf13d5493f979b7a6fc4#TGCCGGTAGGTCTTGG-1,at10_1,0.4320329677248139,AC-gliosis-hypoxia
726,cellranger-arc201_count_651c086adc1acf13d5493f979b7a6fc4#TGGTCAGTCGATTATG-1,at10_1,0.40426860696394723,AC-gliosis-hypoxia
727,cellranger-arc201_count_651c086adc1acf13d5493f979b7a6fc4#TGGTGCATCGAAGTAG-1,at10_1,0.443257586880199,AC-gliosis-hypoxia
728,cellranger-arc201_count_651c086adc1acf13d5493f979b7a6fc4#TGTGTTAAGGCGGATG-1,at10_1,0.45564556250358773,AC-gliosis-hypoxia
729,cellranger-arc201_count_651c086adc1acf13d5493f979b7a6fc4#TGTTCCTCATTAGGTT-1,at10_1,0.5398053152853267,AC-gliosis-hypoxia
730,cellranger-arc201_count_651c086adc1acf13d5493f979b7a6fc4#TTACCGTGTTGGATCA-1,at10_1,0.5580119108307481,AC-gliosis-hypoxia
731,cellranger-arc201_count_651c086adc1acf13d5493f979b7a6fc4#TTCCCACAGGACGTAA-1,at10_1,0.4282461845097864,AC-gliosis-hypoxia
732,cellranger-arc201_count_651c086adc1acf13d5493f979b7a6fc4#TTCCTTGAGGTCTTGG-1,at10_1,0.5470899358646986,AC-gliosis-hypoxia
733,cellranger-arc201_count_651c086adc1acf13d5493f979b7a6fc4#TTGCATTTCATAGCCG-1,at10_1,0.46022581920084854,AC-gliosis-hypoxia
734,cellranger-arc201_count_651c086adc1acf13d5493f979b7a6fc4#TTGGAGGCATCAATCG-1,at10_1,0.502509527984554,AC-gliosis-hypoxia
735,cellranger-arc201_count_651c086adc1acf13d5493f979b7a6fc4#TTGGCTTGTATCTGGA-1,at10_1,0.5260389860982535,AC-gliosis-hypoxia
736,cellranger-arc201_count_651c086adc1acf13d5493f979b7a6fc4#TTTATGGAGGAGCACG-1,at10_1,0.5445810795720553,AC-gliosis-hypoxia
737,cellranger-arc201_count_651c086adc1acf13d5493f979b7a6fc4#TTTCGTCCAAAGCTAA-1,at10_1,0.5287049278109734,AC-gliosis-hypoxia
738,cellranger-arc201_count_2f9565d51b615c158b1a36debec1ec4b#AAACCGGCAAGCTTAT-1,at10_1,0.381821456814557,AC-gliosis-hypoxia
739,cellranger-arc201_count_2f9565d51b615c158b1a36debec1ec4b#AAACCGGCAGCCTGCA-1,at10_1,0.5408290155202385,AC-gliosis-hypoxia
740,cellranger-arc201_count_2f9565d51b615c158b1a36debec1ec4b#AAAGGTTAGAAAGCAT-1,at10_1,0.2617054583362141,AC-gliosis-hypoxia
741,cellranger-arc201_count_2f9565d51b615c158b1a36debec1ec4b#AAATCCGGTGTCACGG-1,at10_1,0.3814644369028872,AC-gliosis-hypoxia
742,cellranger-arc201_count_2f9565d51b615c158b1a36debec1ec4b#AACCTTGCACATGCTA-1,at10_1,0.6236031200945391,AC-gliosis-hypoxia
743,cellranger-arc201_count_2f9565d51b615c158b1a36debec1ec4b#AAGCCTGTCTCGCCCA-1,at10_1,0.4299292982663381,AC-gliosis-hypoxia
744,cellranger-arc201_count_2f9565d51b615c158b1a36debec1ec4b#AAGGATCCAATATACC-1,at10_1,0.4805466363802524,AC-gliosis-hypoxia
745,cellranger-arc201_count_2f9565d51b615c158b1a36debec1ec4b#AAGGATGTCATAACCA-1,at10_1,0.5932856897040775,AC-gliosis-hypoxia
746,cellranger-arc201_count_2f9565d51b615c158b1a36debec1ec4b#AAGGTGCAGTTGGGCC-1,at10_1,0.42752682683546583,AC-gliosis-hypoxia
747,cellranger-arc201_count_2f9565d51b615c158b1a36debec1ec4b#AAGTTAGCAAGGAATC-1,at10_1,0.6041218551584864,AC-gliosis-hypoxia
748,cellranger-arc201_count_2f9565d51b615c158b1a36debec1ec4b#AATAACCGTAGACAAA-1,at10_1,0.5999217552009853,AC-gliosis-hypoxia
749,cellranger-arc201_count_2f9565d51b615c158b1a36debec1ec4b#AATACCGGTTCAAGAT-1,at10_1,0.6526219368438793,AC-gliosis-hypoxia
750,cellranger-arc201_count_2f9565d51b615c158b1a36debec1ec4b#AATCAGGAGCGATAAG-1,at10_1,0.46295958439518947,AC-gliosis-hypoxia
751,cellranger-arc201_count_2f9565d51b615c158b1a36debec1ec4b#AATGCAACATCAGTAT-1,at10_1,0.4492310648501695,AC-gliosis-hypoxia
752,cellranger-arc201_count_2f9565d51b615c158b1a36debec1ec4b#AATGGCGCACAGCCAT-1,at10_1,0.43945958327802315,AC-gliosis-hypoxia
753,cellranger-arc201_count_2f9565d51b615c158b1a36debec1ec4b#AATGTCATCCACCTTA-1,at10_1,0.6022457952904262,AC-gliosis-hypoxia
754,cellranger-arc201_count_2f9565d51b615c158b1a36debec1ec4b#AATTACCCATCTTGAG-1,at10_1,0.6325581027249692,AC-gliosis-hypoxia
755,cellranger-arc201_count_2f9565d51b615c158b1a36debec1ec4b#AATTAGCGTATGGTGC-1,at10_1,0.6445635828678525,AC-gliosis-hypoxia
756,cellranger-arc201_count_2f9565d51b615c158b1a36debec1ec4b#AATTGTGTCTGTGCAG-1,at10_1,0.6110893536296216,AC-gliosis-hypoxia
757,cellranger-arc201_count_2f9565d51b615c158b1a36debec1ec4b#AATTGTGTCTTGCTAT-1,at10_1,0.3664769787829648,AC-gliosis-hypoxia
758,cellranger-arc201_count_2f9565d51b615c158b1a36debec1ec4b#ACAACACTCTAACCTT-1,at10_1,0.6903682658439924,AC-gliosis-hypoxia
759,cellranger-arc201_count_2f9565d51b615c158b1a36debec1ec4b#ACACAATGTTGCATCT-1,at10_1,0.6778499332661906,AC-gliosis-hypoxia
760,cellranger-arc201_count_2f9565d51b615c158b1a36debec1ec4b#ACACTAGGTCACCAAA-1,at10_1,0.5172612466057546,AC-gliosis-hypoxia
761,cellranger-arc201_count_2f9565d51b615c158b1a36debec1ec4b#ACACTTGCATGTTGGC-1,at10_1,0.7272564440433968,AC-gliosis-hypoxia
762,cellranger-arc201_count_2f9565d51b615c158b1a36debec1ec4b#ACAGGAATCTATCGCC-1,at10_1,0.6203245396750906,AC-gliosis-hypoxia
763,cellranger-arc201_count_2f9565d51b615c158b1a36debec1ec4b#ACATCATCACCCTCAC-1,at10_1,0.6067551101850719,AC-gliosis-hypoxia
764,cellranger-arc201_count_2f9565d51b615c158b1a36debec1ec4b#ACATTAGTCGCTAAGT-1,at10_1,0.4582809335337049,AC-gliosis-hypoxia
765,cellranger-arc201_count_2f9565d51b615c158b1a36debec1ec4b#ACATTGCAGTGAGGTA-1,at10_1,0.5721471485282809,AC-gliosis-hypoxia
766,cellranger-arc201_count_2f9565d51b615c158b1a36debec1ec4b#ACCAAGCGTTAAGGTT-1,at10_1,0.43963420925369134,AC-gliosis-hypoxia
767,cellranger-arc201_count_2f9565d51b615c158b1a36debec1ec4b#ACCCTCCCAATAACCT-1,at10_1,0.45820949057235855,AC-gliosis-hypoxia
768,cellranger-arc201_count_2f9565d51b615c158b1a36debec1ec4b#ACCGAAGCATTATGGT-1,at10_1,0.7388121620671885,AC-gliosis-hypoxia
769,cellranger-arc201_count_2f9565d51b615c158b1a36debec1ec4b#ACCGGCTAGTCGCAAT-1,at10_1,0.45481007521438954,AC-gliosis-hypoxia
770,cellranger-arc201_count_2f9565d51b615c158b1a36debec1ec4b#ACCTAAGGTATTCGCT-1,at10_1,0.46738670925791986,AC-gliosis-hypoxia
771,cellranger-arc201_count_2f9565d51b615c158b1a36debec1ec4b#ACCTGGATCCCTCACG-1,at10_1,0.39466955183748215,AC-gliosis-hypoxia
772,cellranger-arc201_count_2f9565d51b615c158b1a36debec1ec4b#ACGAAGTCAAGGCCAA-1,at10_1,0.44530131218599406,AC-gliosis-hypoxia
773,cellranger-arc201_count_2f9565d51b615c158b1a36debec1ec4b#ACGAATCTCTCAATAG-1,at10_1,0.4861440225646162,AC-gliosis-hypoxia
774,cellranger-arc201_count_2f9565d51b615c158b1a36debec1ec4b#ACGAGTAAGGCCTTAG-1,at10_1,0.441081834090887,AC-gliosis-hypoxia
775,cellranger-arc201_count_2f9565d51b615c158b1a36debec1ec4b#ACGTCCAAGCATCCAG-1,at10_1,0.6248036736772579,AC-gliosis-hypoxia
776,cellranger-arc201_count_2f9565d51b615c158b1a36debec1ec4b#ACTCCTCAGGAGCATA-1,at10_1,0.5792620990349931,AC-gliosis-hypoxia
777,cellranger-arc201_count_2f9565d51b615c158b1a36debec1ec4b#ACTCGCGCAGGTTAAA-1,at10_1,0.37302205612800987,AC-gliosis-hypoxia
778,cellranger-arc201_count_2f9565d51b615c158b1a36debec1ec4b#ACTTGAATCTAATCCT-1,at10_1,0.44234063345503066,AC-gliosis-hypoxia
779,cellranger-arc201_count_2f9565d51b615c158b1a36debec1ec4b#ACTTGTAAGCTATGAC-1,at10_1,0.6727107732150454,AC-gliosis-hypoxia
780,cellranger-arc201_count_2f9565d51b615c158b1a36debec1ec4b#ACTTTGTTCTCACTCA-1,at10_1,0.5072756032024794,AC-gliosis-hypoxia
781,cellranger-arc201_count_2f9565d51b615c158b1a36debec1ec4b#AGAACCAAGTTGTCAA-1,at10_1,0.5362632924261823,AC-gliosis-hypoxia
782,cellranger-arc201_count_2f9565d51b615c158b1a36debec1ec4b#AGACAATAGCTGGAAA-1,at10_1,0.6500886351420145,AC-gliosis-hypoxia
783,cellranger-arc201_count_2f9565d51b615c158b1a36debec1ec4b#AGAGGATGTTTAGTCC-1,at10_1,0.6604733122639243,AC-gliosis-hypoxia
784,cellranger-arc201_count_2f9565d51b615c158b1a36debec1ec4b#AGCACTAGTTAGCCAA-1,at10_1,0.6545410406785183,AC-gliosis-hypoxia
785,cellranger-arc201_count_2f9565d51b615c158b1a36debec1ec4b#AGCCTAAGTCGCAAAC-1,at10_1,0.6345291043304381,AC-gliosis-hypoxia
786,cellranger-arc201_count_2f9565d51b615c158b1a36debec1ec4b#AGCCTGGGTCTAGCTT-1,at10_1,0.5415791387722239,AC-gliosis-hypoxia
787,cellranger-arc201_count_2f9565d51b615c158b1a36debec1ec4b#AGCCTGGGTGAGACTC-1,at10_1,0.23462367576722895,AC-gliosis-hypoxia
788,cellranger-arc201_count_2f9565d51b615c158b1a36debec1ec4b#AGCGGACCAATTGCGC-1,at10_1,0.6291381955433248,AC-gliosis-hypoxia
789,cellranger-arc201_count_2f9565d51b615c158b1a36debec1ec4b#AGCGGATAGTCATTTC-1,at10_1,0.4362521117141002,AC-gliosis-hypoxia
790,cellranger-arc201_count_2f9565d51b615c158b1a36debec1ec4b#AGCTGCTCAATCGCAC-1,at10_1,0.42662819354613774,AC-gliosis-hypoxia
791,cellranger-arc201_count_2f9565d51b615c158b1a36debec1ec4b#AGCTTTAAGGCTGTCA-1,at10_1,0.4347706865047009,AC-gliosis-hypoxia
792,cellranger-arc201_count_2f9565d51b615c158b1a36debec1ec4b#AGGAACGGTTAGCATG-1,at10_1,0.4915255207044438,AC-gliosis-hypoxia
793,cellranger-arc201_count_2f9565d51b615c158b1a36debec1ec4b#AGGCGGATCGATAACC-1,at10_1,0.42680482415673066,AC-gliosis-hypoxia
794,cellranger-arc201_count_2f9565d51b615c158b1a36debec1ec4b#AGGGTTGCACCGGTAT-1,at10_1,0.4365608254925136,AC-gliosis-hypoxia
795,cellranger-arc201_count_2f9565d51b615c158b1a36debec1ec4b#AGGTGAGGTAGGATCC-1,at10_1,0.42671378032056434,AC-gliosis-hypoxia
796,cellranger-arc201_count_2f9565d51b615c158b1a36debec1ec4b#AGTAAACAGAGCCGGA-1,at10_1,0.43014429536201887,AC-gliosis-hypoxia
797,cellranger-arc201_count_2f9565d51b615c158b1a36debec1ec4b#AGTAACACACAACAGG-1,at10_1,0.7380837000092513,AC-gliosis-hypoxia
798,cellranger-arc201_count_2f9565d51b615c158b1a36debec1ec4b#AGTAACACAGGGAGCT-1,at10_1,0.41574929038881897,AC-gliosis-hypoxia
799,cellranger-arc201_count_2f9565d51b615c158b1a36debec1ec4b#AGTCCTGAGGGATGAC-1,at10_1,0.41719290595616504,AC-gliosis-hypoxia
800,cellranger-arc201_count_2f9565d51b615c158b1a36debec1ec4b#AGTCCTGAGTCCTGAG-1,at10_1,0.5995423223571704,AC-gliosis-hypoxia
801,cellranger-arc201_count_2f9565d51b615c158b1a36debec1ec4b#AGTCGCATCCTAATTC-1,at10_1,0.6357752633576952,AC-gliosis-hypoxia
802,cellranger-arc201_count_2f9565d51b615c158b1a36debec1ec4b#AGTGCACGTTTAACGG-1,at10_1,0.6438765499316939,AC-gliosis-hypoxia
803,cellranger-arc201_count_2f9565d51b615c158b1a36debec1ec4b#AGTGCCGGTAACGAGG-1,at10_1,0.5080193784438697,AC-gliosis-hypoxia
804,cellranger-arc201_count_2f9565d51b615c158b1a36debec1ec4b#AGTTGCAGTTTCAGGA-1,at10_1,0.5808807860524351,AC-gliosis-hypoxia
805,cellranger-arc201_count_2f9565d51b615c158b1a36debec1ec4b#AGTTTGCAGGCTGTCA-1,at10_1,0.4058596745668703,AC-gliosis-hypoxia
806,cellranger-arc201_count_2f9565d51b615c158b1a36debec1ec4b#ATAAGTCGTAACAGGG-1,at10_1,0.6274786362471391,AC-gliosis-hypoxia
807,cellranger-arc201_count_2f9565d51b615c158b1a36debec1ec4b#ATATGCTCAACTAGAA-1,at10_1,0.18420011902937497,AC-gliosis-hypoxia
808,cellranger-arc201_count_2f9565d51b615c158b1a36debec1ec4b#ATCACAATCTAACCAA-1,at10_1,0.4428347759639846,AC-gliosis-hypoxia
809,cellranger-arc201_count_2f9565d51b615c158b1a36debec1ec4b#ATCACACAGTTATTCC-1,at10_1,0.48491958041571076,AC-gliosis-hypoxia
810,cellranger-arc201_count_2f9565d51b615c158b1a36debec1ec4b#ATCATGTCAGTAATAG-1,at10_1,0.4445462330310002,AC-gliosis-hypoxia
811,cellranger-arc201_count_2f9565d51b615c158b1a36debec1ec4b#ATCCACCTCTATCGCC-1,at10_1,0.6793478967137192,AC-gliosis-hypoxia
812,cellranger-arc201_count_2f9565d51b615c158b1a36debec1ec4b#ATCGAGGCAACTAGCC-1,at10_1,0.42644298755281107,AC-gliosis-hypoxia
813,cellranger-arc201_count_2f9565d51b615c158b1a36debec1ec4b#ATCGCTTGTATCTGGA-1,at10_1,0.6975079401814432,AC-gliosis-hypoxia
814,cellranger-arc201_count_2f9565d51b615c158b1a36debec1ec4b#ATGATGACAATTAGGA-1,at10_1,0.45448220603558404,AC-gliosis-hypoxia
815,cellranger-arc201_count_2f9565d51b615c158b1a36debec1ec4b#ATGATGGAGGGATGAC-1,at10_1,0.3745019778612156,AC-gliosis-hypoxia
816,cellranger-arc201_count_2f9565d51b615c158b1a36debec1ec4b#ATGGCCCAGTAGAGGC-1,at10_1,0.5184910344477929,AC-gliosis-hypoxia
817,cellranger-arc201_count_2f9565d51b615c158b1a36debec1ec4b#ATGGTCTAGCATTAGC-1,at10_1,0.3780798892539436,AC-gliosis-hypoxia
818,cellranger-arc201_count_2f9565d51b615c158b1a36debec1ec4b#ATGGTCTAGCTTCCCG-1,at10_1,0.4455966617315757,AC-gliosis-hypoxia
819,cellranger-arc201_count_2f9565d51b615c158b1a36debec1ec4b#ATGTAACGTCGTTATC-1,at10_1,0.6139274155243536,AC-gliosis-hypoxia
820,cellranger-arc201_count_2f9565d51b615c158b1a36debec1ec4b#ATGTTGTCAAATATCC-1,at10_1,0.4481745108762129,AC-gliosis-hypoxia
821,cellranger-arc201_count_2f9565d51b615c158b1a36debec1ec4b#ATGTTGTCATTGACAT-1,at10_1,0.6676470097107926,AC-gliosis-hypoxia
822,cellranger-arc201_count_2f9565d51b615c158b1a36debec1ec4b#ATTAGTCCAGCAGGTA-1,at10_1,0.38248387728858396,AC-gliosis-hypoxia
823,cellranger-arc201_count_2f9565d51b615c158b1a36debec1ec4b#ATTCCTCCAAACTGCC-1,at10_1,0.6949507499133918,AC-gliosis-hypoxia
824,cellranger-arc201_count_2f9565d51b615c158b1a36debec1ec4b#ATTCCTCCAGCTAATT-1,at10_1,0.7114588071502015,AC-gliosis-hypoxia
825,cellranger-arc201_count_2f9565d51b615c158b1a36debec1ec4b#CAACTAATCTGTGCCT-1,at10_1,0.7044786683421796,AC-gliosis-hypoxia
826,cellranger-arc201_count_2f9565d51b615c158b1a36debec1ec4b#CAACTAGGTTTAACGG-1,at10_1,0.6168178206643433,AC-gliosis-hypoxia
827,cellranger-arc201_count_2f9565d51b615c158b1a36debec1ec4b#CAAGGTTTCAGCACGC-1,at10_1,0.48820111210324296,AC-gliosis-hypoxia
828,cellranger-arc201_count_2f9565d51b615c158b1a36debec1ec4b#CAAGGTTTCTTAGGGT-1,at10_1,0.571380932512594,AC-gliosis-hypoxia
829,cellranger-arc201_count_2f9565d51b615c158b1a36debec1ec4b#CAAGTTATCGGTTCCT-1,at10_1,0.42997902434933294,AC-gliosis-hypoxia
830,cellranger-arc201_count_2f9565d51b615c158b1a36debec1ec4b#CAATCCTGTGCTCCAC-1,at10_1,0.42353860565265145,AC-gliosis-hypoxia
831,cellranger-arc201_count_2f9565d51b615c158b1a36debec1ec4b#CAATCGCCAATTAGCT-1,at10_1,0.3789676362619442,AC-gliosis-hypoxia
832,cellranger-arc201_count_2f9565d51b615c158b1a36debec1ec4b#CAATGAACAGAATGAC-1,at10_1,0.6044129170127011,AC-gliosis-hypoxia
833,cellranger-arc201_count_2f9565d51b615c158b1a36debec1ec4b#CAATGACTCTCCTCAA-1,at10_1,0.5804132606405379,AC-gliosis-hypoxia
834,cellranger-arc201_count_2f9565d51b615c158b1a36debec1ec4b#CAATGTCAGTTTGCGG-1,at10_1,0.598908412246518,AC-gliosis-hypoxia
835,cellranger-arc201_count_2f9565d51b615c158b1a36debec1ec4b#CACCTCAGTGTCCAGG-1,at10_1,0.6337622757874131,AC-gliosis-hypoxia
836,cellranger-arc201_count_2f9565d51b615c158b1a36debec1ec4b#CACGCTAAGGTTTGCG-1,at10_1,0.4611146520527667,AC-gliosis-hypoxia
837,cellranger-arc201_count_2f9565d51b615c158b1a36debec1ec4b#CACTTTGTCGTTACAA-1,at10_1,0.44160315053993204,AC-gliosis-hypoxia
838,cellranger-arc201_count_2f9565d51b615c158b1a36debec1ec4b#CAGCAAGCAAGGTGGC-1,at10_1,0.4780288705990546,AC-gliosis-hypoxia
839,cellranger-arc201_count_2f9565d51b615c158b1a36debec1ec4b#CAGCCAATCTAGCGTG-1,at10_1,0.6376110634743496,AC-gliosis-hypoxia
840,cellranger-arc201_count_2f9565d51b615c158b1a36debec1ec4b#CAGCTATAGTGAACCT-1,at10_1,0.450836777424904,AC-gliosis-hypoxia
841,cellranger-arc201_count_2f9565d51b615c158b1a36debec1ec4b#CAGGACCTCCGTTAAA-1,at10_1,0.44054837846368633,AC-gliosis-hypoxia
842,cellranger-arc201_count_2f9565d51b615c158b1a36debec1ec4b#CAGTACCCAAGTGTTT-1,at10_1,0.41382439538661947,AC-gliosis-hypoxia
843,cellranger-arc201_count_2f9565d51b615c158b1a36debec1ec4b#CAGTACCCATAGCTTG-1,at10_1,0.6573672418166121,AC-gliosis-hypoxia
844,cellranger-arc201_count_2f9565d51b615c158b1a36debec1ec4b#CATAATGTCCTGATTT-1,at10_1,0.45917939977012273,AC-gliosis-hypoxia
845,cellranger-arc201_count_2f9565d51b615c158b1a36debec1ec4b#CATAATGTCTAGCGTG-1,at10_1,0.4957885996091644,AC-gliosis-hypoxia
846,cellranger-arc201_count_2f9565d51b615c158b1a36debec1ec4b#CATATCGCACAGAACG-1,at10_1,0.6236417650011443,AC-gliosis-hypoxia
847,cellranger-arc201_count_2f9565d51b615c158b1a36debec1ec4b#CATCACACAGGATAAC-1,at10_1,0.5879403863615025,AC-gliosis-hypoxia
848,cellranger-arc201_count_2f9565d51b615c158b1a36debec1ec4b#CATCCTGGTACCGAAC-1,at10_1,0.4550209516716139,AC-gliosis-hypoxia
849,cellranger-arc201_count_2f9565d51b615c158b1a36debec1ec4b#CATGGCGGTTCGCGCT-1,at10_1,0.6733251381351816,AC-gliosis-hypoxia
850,cellranger-arc201_count_2f9565d51b615c158b1a36debec1ec4b#CATTATGAGCTTATGA-1,at10_1,0.734960868586596,AC-gliosis-hypoxia
851,cellranger-arc201_count_2f9565d51b615c158b1a36debec1ec4b#CATTTGTTCCTTGCGT-1,at10_1,0.44928474451871037,AC-gliosis-hypoxia
852,cellranger-arc201_count_2f9565d51b615c158b1a36debec1ec4b#CCAAACTAGTGATTCA-1,at10_1,0.7298393604596495,AC-gliosis-hypoxia
853,cellranger-arc201_count_2f9565d51b615c158b1a36debec1ec4b#CCAAACTAGTTAGGCT-1,at10_1,0.7295614401010525,AC-gliosis-hypoxia
854,cellranger-arc201_count_2f9565d51b615c158b1a36debec1ec4b#CCACAGGGTTACTTCA-1,at10_1,0.7130735405820974,AC-gliosis-hypoxia
855,cellranger-arc201_count_2f9565d51b615c158b1a36debec1ec4b#CCAGACTCACAAAGAC-1,at10_1,0.37017015668386666,AC-gliosis-hypoxia
856,cellranger-arc201_count_2f9565d51b615c158b1a36debec1ec4b#CCAGCCTGTCGTTACT-1,at10_1,0.6550038886089244,AC-gliosis-hypoxia
857,cellranger-arc201_count_2f9565d51b615c158b1a36debec1ec4b#CCAGCTAAGGATTGCT-1,at10_1,0.43092660414140727,AC-gliosis-hypoxia
858,cellranger-arc201_count_2f9565d51b615c158b1a36debec1ec4b#CCAGCTAAGTTAACCA-1,at10_1,0.4906716019107985,AC-gliosis-hypoxia
859,cellranger-arc201_count_2f9565d51b615c158b1a36debec1ec4b#CCAGGATGTTAGTACG-1,at10_1,0.18473459089511382,AC-gliosis-hypoxia
860,cellranger-arc201_count_2f9565d51b615c158b1a36debec1ec4b#CCATAAGGTTGTTGGA-1,at10_1,0.3835820274372294,AC-gliosis-hypoxia
861,cellranger-arc201_count_2f9565d51b615c158b1a36debec1ec4b#CCATTGTGTTGCAGTA-1,at10_1,0.44092330087892034,AC-gliosis-hypoxia
862,cellranger-arc201_count_2f9565d51b615c158b1a36debec1ec4b#CCCGTTGTCCCTCATA-1,at10_1,0.6019700466196645,AC-gliosis-hypoxia
863,cellranger-arc201_count_2f9565d51b615c158b1a36debec1ec4b#CCGTTTGGTAGCCTCC-1,at10_1,0.452811843984526,AC-gliosis-hypoxia
864,cellranger-arc201_count_2f9565d51b615c158b1a36debec1ec4b#CCTAAGCCACTAAATC-1,at10_1,0.44635602857793627,AC-gliosis-hypoxia
865,cellranger-arc201_count_2f9565d51b615c158b1a36debec1ec4b#CCTAAGCCATGTGGGA-1,at10_1,0.47945477855789864,AC-gliosis-hypoxia
866,cellranger-arc201_count_2f9565d51b615c158b1a36debec1ec4b#CCTAAGGTCACAGCGC-1,at10_1,0.3855270523151316,AC-gliosis-hypoxia
867,cellranger-arc201_count_2f9565d51b615c158b1a36debec1ec4b#CCTAATCGTGATTACG-1,at10_1,0.48807365073261016,AC-gliosis-hypoxia
868,cellranger-arc201_count_2f9565d51b615c158b1a36debec1ec4b#CCTGATGAGCACTAAC-1,at10_1,0.3924371124272421,AC-gliosis-hypoxia
869,cellranger-arc201_count_2f9565d51b615c158b1a36debec1ec4b#CCTGATGAGCCAGTAT-1,at10_1,0.4557723556625789,AC-gliosis-hypoxia
870,cellranger-arc201_count_2f9565d51b615c158b1a36debec1ec4b#CCTGGATCAATAACGA-1,at10_1,0.37440906860088324,AC-gliosis-hypoxia
871,cellranger-arc201_count_2f9565d51b615c158b1a36debec1ec4b#CCTGTTGGTCACAGAC-1,at10_1,0.6420047220706971,AC-gliosis-hypoxia
872,cellranger-arc201_count_2f9565d51b615c158b1a36debec1ec4b#CCTTAACGTCCTAATC-1,at10_1,0.46047929415022404,AC-gliosis-hypoxia
873,cellranger-arc201_count_2f9565d51b615c158b1a36debec1ec4b#CCTTACTCAATAACGA-1,at10_1,0.4970931714707569,AC-gliosis-hypoxia
874,cellranger-arc201_count_2f9565d51b615c158b1a36debec1ec4b#CCTTCAGGTACCTTAC-1,at10_1,0.6202886789836588,AC-gliosis-hypoxia
875,cellranger-arc201_count_2f9565d51b615c158b1a36debec1ec4b#CCTTCAGGTGATCATG-1,at10_1,0.4362547288763631,AC-gliosis-hypoxia
876,cellranger-arc201_count_2f9565d51b615c158b1a36debec1ec4b#CCTTCGGTCAGCAAAG-1,at10_1,0.39473422915595746,AC-gliosis-hypoxia
877,cellranger-arc201_count_2f9565d51b615c158b1a36debec1ec4b#CGAAATGAGCCTCTCG-1,at10_1,0.450053911802481,AC-gliosis-hypoxia
878,cellranger-arc201_count_2f9565d51b615c158b1a36debec1ec4b#CGAAGAATCCTGAATA-1,at10_1,0.4835164473369841,AC-gliosis-hypoxia
879,cellranger-arc201_count_2f9565d51b615c158b1a36debec1ec4b#CGACAAGCAGTCTAAT-1,at10_1,0.6396012761645142,AC-gliosis-hypoxia
880,cellranger-arc201_count_2f9565d51b615c158b1a36debec1ec4b#CGAGCGAAGCCACATG-1,at10_1,0.5003229724403695,AC-gliosis-hypoxia
881,cellranger-arc201_count_2f9565d51b615c158b1a36debec1ec4b#CGAGCTGGTTCATTTG-1,at10_1,0.6089869927522772,AC-gliosis-hypoxia
882,cellranger-arc201_count_2f9565d51b615c158b1a36debec1ec4b#CGAGCTGGTTGCTGGG-1,at10_1,0.4299600916861546,AC-gliosis-hypoxia
883,cellranger-arc201_count_2f9565d51b615c158b1a36debec1ec4b#CGAGGAAGTCTTTGAC-1,at10_1,0.4610462160438075,AC-gliosis-hypoxia
884,cellranger-arc201_count_2f9565d51b615c158b1a36debec1ec4b#CGAGGAAGTTATCCTA-1,at10_1,0.45496426505068593,AC-gliosis-hypoxia
885,cellranger-arc201_count_2f9565d51b615c158b1a36debec1ec4b#CGATATTCAATATAGG-1,at10_1,0.3813326878408876,AC-gliosis-hypoxia
886,cellranger-arc201_count_2f9565d51b615c158b1a36debec1ec4b#CGATATTCAGGTATTT-1,at10_1,0.40963771534625365,AC-gliosis-hypoxia
887,cellranger-arc201_count_2f9565d51b615c158b1a36debec1ec4b#CGATATTCATTGCAGC-1,at10_1,0.49547030813055504,AC-gliosis-hypoxia
888,cellranger-arc201_count_2f9565d51b615c158b1a36debec1ec4b#CGCACACAGAAGGTGC-1,at10_1,0.4531473975972098,AC-gliosis-hypoxia
889,cellranger-arc201_count_2f9565d51b615c158b1a36debec1ec4b#CGCATTACACTTGTTC-1,at10_1,0.66312906374911,AC-gliosis-hypoxia
890,cellranger-arc201_count_2f9565d51b615c158b1a36debec1ec4b#CGCCAAATCCTTAGGG-1,at10_1,0.39464900432950334,AC-gliosis-hypoxia
891,cellranger-arc201_count_2f9565d51b615c158b1a36debec1ec4b#CGCCTCATCGTCATTT-1,at10_1,0.42835326542535074,AC-gliosis-hypoxia
892,cellranger-arc201_count_2f9565d51b615c158b1a36debec1ec4b#CGCTACTTCCGCTAGA-1,at10_1,0.5236409972538102,AC-gliosis-hypoxia
893,cellranger-arc201_count_2f9565d51b615c158b1a36debec1ec4b#CGCTTACTCTAACCAA-1,at10_1,0.6730609161152372,AC-gliosis-hypoxia
894,cellranger-arc201_count_2f9565d51b615c158b1a36debec1ec4b#CGGATTAGTTAGACCA-1,at10_1,0.4314777116928066,AC-gliosis-hypoxia
895,cellranger-arc201_count_2f9565d51b615c158b1a36debec1ec4b#CGGGCTTAGCCTAATA-1,at10_1,0.665890002883542,AC-gliosis-hypoxia
896,cellranger-arc201_count_2f9565d51b615c158b1a36debec1ec4b#CGTCAATAGAACAAGT-1,at10_1,0.6305317509218554,AC-gliosis-hypoxia
897,cellranger-arc201_count_2f9565d51b615c158b1a36debec1ec4b#CGTGAGGAGGCGGATG-1,at10_1,0.36208448955699,AC-gliosis-hypoxia
898,cellranger-arc201_count_2f9565d51b615c158b1a36debec1ec4b#CGTGCACAGGTGAAAT-1,at10_1,0.4216228707183721,AC-gliosis-hypoxia
899,cellranger-arc201_count_2f9565d51b615c158b1a36debec1ec4b#CGTGTTACAGTCTATG-1,at10_1,0.20866521265205565,AC-gliosis-hypoxia
900,cellranger-arc201_count_2f9565d51b615c158b1a36debec1ec4b#CGTTAGGTCACATTGA-1,at10_1,0.647257812206733,AC-gliosis-hypoxia
901,cellranger-arc201_count_2f9565d51b615c158b1a36debec1ec4b#CGTTGCAAGCTTAGCG-1,at10_1,0.4824837819292143,AC-gliosis-hypoxia
902,cellranger-arc201_count_2f9565d51b615c158b1a36debec1ec4b#CGTTGCGCACCAACCG-1,at10_1,0.4327890213551183,AC-gliosis-hypoxia
903,cellranger-arc201_count_2f9565d51b615c158b1a36debec1ec4b#CGTTTCTCATTCCTGT-1,at10_1,0.4442467628469622,AC-gliosis-hypoxia
904,cellranger-arc201_count_2f9565d51b615c158b1a36debec1ec4b#CTAACCCTCTACCTGC-1,at10_1,0.6184044892072926,AC-gliosis-hypoxia
905,cellranger-arc201_count_2f9565d51b615c158b1a36debec1ec4b#CTAACCTGTTGCGCGA-1,at10_1,0.6365409225303473,AC-gliosis-hypoxia
906,cellranger-arc201_count_2f9565d51b615c158b1a36debec1ec4b#CTAATCGCATTAGCCA-1,at10_1,0.48948474666673236,AC-gliosis-hypoxia
907,cellranger-arc201_count_2f9565d51b615c158b1a36debec1ec4b#CTACAACAGCATGTCG-1,at10_1,0.41561244621305216,AC-gliosis-hypoxia
908,cellranger-arc201_count_2f9565d51b615c158b1a36debec1ec4b#CTACCTCAGTGAACAG-1,at10_1,0.5009514811735859,AC-gliosis-hypoxia
909,cellranger-arc201_count_2f9565d51b615c158b1a36debec1ec4b#CTACGAAGTGGGTGAA-1,at10_1,0.5096360608263869,AC-gliosis-hypoxia
910,cellranger-arc201_count_2f9565d51b615c158b1a36debec1ec4b#CTAGATTCATTGTGCA-1,at10_1,0.654053914391801,AC-gliosis-hypoxia
911,cellranger-arc201_count_2f9565d51b615c158b1a36debec1ec4b#CTAGTAATCACCAATA-1,at10_1,0.6318281371908384,AC-gliosis-hypoxia
912,cellranger-arc201_count_2f9565d51b615c158b1a36debec1ec4b#CTAGTAATCTAGCGTG-1,at10_1,0.5310898865284057,AC-gliosis-hypoxia
913,cellranger-arc201_count_2f9565d51b615c158b1a36debec1ec4b#CTAGTCGAGTGAAGTG-1,at10_1,0.6341033421461401,AC-gliosis-hypoxia
914,cellranger-arc201_count_2f9565d51b615c158b1a36debec1ec4b#CTAGTTGCACATGCTA-1,at10_1,0.4958888313554025,AC-gliosis-hypoxia
915,cellranger-arc201_count_2f9565d51b615c158b1a36debec1ec4b#CTATAACCAATCTCTC-1,at10_1,0.5212409480901388,AC-gliosis-hypoxia
916,cellranger-arc201_count_2f9565d51b615c158b1a36debec1ec4b#CTATGACAGATGGACA-1,at10_1,0.45511589340902275,AC-gliosis-hypoxia
917,cellranger-arc201_count_2f9565d51b615c158b1a36debec1ec4b#CTATGAGGTGTTAGCA-1,at10_1,0.6226883940415094,AC-gliosis-hypoxia
918,cellranger-arc201_count_2f9565d51b615c158b1a36debec1ec4b#CTCACACTCATGACCG-1,at10_1,0.7599881787792173,AC-gliosis-hypoxia
919,cellranger-arc201_count_2f9565d51b615c158b1a36debec1ec4b#CTCATCATCACGCGGT-1,at10_1,0.658764416674868,AC-gliosis-hypoxia
920,cellranger-arc201_count_2f9565d51b615c158b1a36debec1ec4b#CTCATTTAGCTTATGA-1,at10_1,0.45514813462072945,AC-gliosis-hypoxia
921,cellranger-arc201_count_2f9565d51b615c158b1a36debec1ec4b#CTCCTCACAGCATGTC-1,at10_1,0.36478623627683837,AC-gliosis-hypoxia
922,cellranger-arc201_count_2f9565d51b615c158b1a36debec1ec4b#CTCGTTATCTTTAAGG-1,at10_1,0.6550326773938162,AC-gliosis-hypoxia
923,cellranger-arc201_count_2f9565d51b615c158b1a36debec1ec4b#CTCTCACAGGGTTAGA-1,at10_1,0.5136090801943552,AC-gliosis-hypoxia
924,cellranger-arc201_count_2f9565d51b615c158b1a36debec1ec4b#CTCTGTTCAATGCCTA-1,at10_1,0.4831718728671389,AC-gliosis-hypoxia
925,cellranger-arc201_count_2f9565d51b615c158b1a36debec1ec4b#CTGATCACACAATGCC-1,at10_1,0.4669743113064535,AC-gliosis-hypoxia
926,cellranger-arc201_count_2f9565d51b615c158b1a36debec1ec4b#CTGATCACAGGCAAGC-1,at10_1,0.446192149672837,AC-gliosis-hypoxia
927,cellranger-arc201_count_2f9565d51b615c158b1a36debec1ec4b#CTGCAATAGAATCTCA-1,at10_1,0.4961686449803172,AC-gliosis-hypoxia
928,cellranger-arc201_count_2f9565d51b615c158b1a36debec1ec4b#CTGGACCAGGTCCGTA-1,at10_1,0.7230730493769355,AC-gliosis-hypoxia
929,cellranger-arc201_count_2f9565d51b615c158b1a36debec1ec4b#CTGGCTAAGCCACAAT-1,at10_1,0.6258595037552693,AC-gliosis-hypoxia
930,cellranger-arc201_count_2f9565d51b615c158b1a36debec1ec4b#CTGTTCATCCTTAGTT-1,at10_1,0.5148895964368505,AC-gliosis-hypoxia
931,cellranger-arc201_count_2f9565d51b615c158b1a36debec1ec4b#CTGTTCATCGCATTAA-1,at10_1,0.6519797854563137,AC-gliosis-hypoxia
932,cellranger-arc201_count_2f9565d51b615c158b1a36debec1ec4b#CTGTTTAGTATACTGG-1,at10_1,0.45065730691483435,AC-gliosis-hypoxia
933,cellranger-arc201_count_2f9565d51b615c158b1a36debec1ec4b#CTTATTGGTTGGTGAC-1,at10_1,0.19200183797180448,AC-gliosis-hypoxia
934,cellranger-arc201_count_2f9565d51b615c158b1a36debec1ec4b#CTTCAAGCAAGGTGCA-1,at10_1,0.41695853072287825,AC-gliosis-hypoxia
935,cellranger-arc201_count_2f9565d51b615c158b1a36debec1ec4b#CTTCAATTCTCGCCCA-1,at10_1,0.541437310851297,AC-gliosis-hypoxia
936,cellranger-arc201_count_2f9565d51b615c158b1a36debec1ec4b#CTTGACGAGGGCCATC-1,at10_1,0.49169084740143315,AC-gliosis-hypoxia
937,cellranger-arc201_count_2f9565d51b615c158b1a36debec1ec4b#CTTGCTCAGCAAGGTA-1,at10_1,0.6442491892904857,AC-gliosis-hypoxia
938,cellranger-arc201_count_2f9565d51b615c158b1a36debec1ec4b#CTTTATCAGGGATGAC-1,at10_1,0.3591267899362622,AC-gliosis-hypoxia
939,cellranger-arc201_count_2f9565d51b615c158b1a36debec1ec4b#CTTTGGGAGGTCAAAG-1,at10_1,0.430044564774512,AC-gliosis-hypoxia
940,cellranger-arc201_count_2f9565d51b615c158b1a36debec1ec4b#GAAGCTAAGAAAGCAT-1,at10_1,0.4110263426639275,AC-gliosis-hypoxia
941,cellranger-arc201_count_2f9565d51b615c158b1a36debec1ec4b#GAATTTGTCGAAGCGG-1,at10_1,0.7406814841345292,AC-gliosis-hypoxia
942,cellranger-arc201_count_2f9565d51b615c158b1a36debec1ec4b#GACAATACATGTTGCA-1,at10_1,0.45511923446723074,AC-gliosis-hypoxia
943,cellranger-arc201_count_2f9565d51b615c158b1a36debec1ec4b#GACGTAAAGGCATGAA-1,at10_1,0.3873885785799872,AC-gliosis-hypoxia
944,cellranger-arc201_count_2f9565d51b615c158b1a36debec1ec4b#GACTCACCACTCGCTC-1,at10_1,0.42746905437062027,AC-gliosis-hypoxia
945,cellranger-arc201_count_2f9565d51b615c158b1a36debec1ec4b#GAGCTAGCAAACTGTT-1,at10_1,0.40820225752936534,AC-gliosis-hypoxia
946,cellranger-arc201_count_2f9565d51b615c158b1a36debec1ec4b#GAGGCTACAATGCGCT-1,at10_1,0.4741166584904708,AC-gliosis-hypoxia
947,cellranger-arc201_count_2f9565d51b615c158b1a36debec1ec4b#GAGGGAGCAGGCATCT-1,at10_1,0.3668499244054258,AC-gliosis-hypoxia
948,cellranger-arc201_count_2f9565d51b615c158b1a36debec1ec4b#GAGGTAGGTCGCATAA-1,at10_1,0.4405244898974996,AC-gliosis-hypoxia
949,cellranger-arc201_count_2f9565d51b615c158b1a36debec1ec4b#GAGTCATTCTGTGAGT-1,at10_1,0.4582896202850456,AC-gliosis-hypoxia
950,cellranger-arc201_count_2f9565d51b615c158b1a36debec1ec4b#GAGTTGCGTTACTTGC-1,at10_1,0.7599922437333703,AC-gliosis-hypoxia
951,cellranger-arc201_count_2f9565d51b615c158b1a36debec1ec4b#GATAATCGTTAGGTTG-1,at10_1,0.5093118668116101,AC-gliosis-hypoxia
952,cellranger-arc201_count_2f9565d51b615c158b1a36debec1ec4b#GATAATCGTTTAAAGC-1,at10_1,0.47787462507845485,AC-gliosis-hypoxia
953,cellranger-arc201_count_2f9565d51b615c158b1a36debec1ec4b#GATCAAGAGCGCAATT-1,at10_1,0.6365026674138665,AC-gliosis-hypoxia
954,cellranger-arc201_count_2f9565d51b615c158b1a36debec1ec4b#GATGACTTCCCAGTAG-1,at10_1,0.4594886703915707,AC-gliosis-hypoxia
955,cellranger-arc201_count_2f9565d51b615c158b1a36debec1ec4b#GATGAGGGTTTCCTCC-1,at10_1,0.6633112071057459,AC-gliosis-hypoxia
956,cellranger-arc201_count_2f9565d51b615c158b1a36debec1ec4b#GATGCAGCATCAGTAT-1,at10_1,0.6528060291511367,AC-gliosis-hypoxia
957,cellranger-arc201_count_2f9565d51b615c158b1a36debec1ec4b#GATTAGCTCTCGCCTG-1,at10_1,0.44236869834397735,AC-gliosis-hypoxia
958,cellranger-arc201_count_2f9565d51b615c158b1a36debec1ec4b#GATTCAATCTATTGTC-1,at10_1,0.40571651022266014,AC-gliosis-hypoxia
959,cellranger-arc201_count_2f9565d51b615c158b1a36debec1ec4b#GATTGATGTCAGGCAT-1,at10_1,0.4024951454250225,AC-gliosis-hypoxia
960,cellranger-arc201_count_2f9565d51b615c158b1a36debec1ec4b#GATTGGTTCATGTTTC-1,at10_1,0.6243171599178787,AC-gliosis-hypoxia
961,cellranger-arc201_count_2f9565d51b615c158b1a36debec1ec4b#GATTGTTCAACTCGCG-1,at10_1,0.3811756302629628,AC-gliosis-hypoxia
962,cellranger-arc201_count_2f9565d51b615c158b1a36debec1ec4b#GATTGTTCATCTTGAG-1,at10_1,0.6313240271915642,AC-gliosis-hypoxia
963,cellranger-arc201_count_2f9565d51b615c158b1a36debec1ec4b#GCAAACTTCTGCAAGT-1,at10_1,0.43470063565094125,AC-gliosis-hypoxia
964,cellranger-arc201_count_2f9565d51b615c158b1a36debec1ec4b#GCAACAGCAACAGCCT-1,at10_1,0.6442503586608584,AC-gliosis-hypoxia
965,cellranger-arc201_count_2f9565d51b615c158b1a36debec1ec4b#GCAACAGCATCCAGGT-1,at10_1,0.46356715583030284,AC-gliosis-hypoxia
966,cellranger-arc201_count_2f9565d51b615c158b1a36debec1ec4b#GCAATATGTGCATCGG-1,at10_1,0.45552706630581286,AC-gliosis-hypoxia
967,cellranger-arc201_count_2f9565d51b615c158b1a36debec1ec4b#GCACTTACATCAATCG-1,at10_1,0.5884209975847141,AC-gliosis-hypoxia
968,cellranger-arc201_count_2f9565d51b615c158b1a36debec1ec4b#GCAGCTATCATGCCTC-1,at10_1,0.43894461483957314,AC-gliosis-hypoxia
969,cellranger-arc201_count_2f9565d51b615c158b1a36debec1ec4b#GCAGGCTTCTAGCTAA-1,at10_1,0.4175948909428833,AC-gliosis-hypoxia
970,cellranger-arc201_count_2f9565d51b615c158b1a36debec1ec4b#GCCAATTAGGCTAAGA-1,at10_1,0.6591168983158052,AC-gliosis-hypoxia
971,cellranger-arc201_count_2f9565d51b615c158b1a36debec1ec4b#GCCAATTAGTGTTGTA-1,at10_1,0.4838971052354751,AC-gliosis-hypoxia
972,cellranger-arc201_count_2f9565d51b615c158b1a36debec1ec4b#GCCCGTTGTTATTGCC-1,at10_1,0.4376241172671895,AC-gliosis-hypoxia
973,cellranger-arc201_count_2f9565d51b615c158b1a36debec1ec4b#GCCGTGAGTTTCGCCA-1,at10_1,0.40884983813651865,AC-gliosis-hypoxia
974,cellranger-arc201_count_2f9565d51b615c158b1a36debec1ec4b#GCCTCGACAAACGCGA-1,at10_1,0.6317896593371437,AC-gliosis-hypoxia
975,cellranger-arc201_count_2f9565d51b615c158b1a36debec1ec4b#GCCTGCTGTGAGGTGA-1,at10_1,0.4887194772842044,AC-gliosis-hypoxia
976,cellranger-arc201_count_2f9565d51b615c158b1a36debec1ec4b#GCCTGTGCAGTTTACG-1,at10_1,0.46101664767866724,AC-gliosis-hypoxia
977,cellranger-arc201_count_2f9565d51b615c158b1a36debec1ec4b#GCCTTAACATAATGTC-1,at10_1,0.48361651203031186,AC-gliosis-hypoxia
978,cellranger-arc201_count_2f9565d51b615c158b1a36debec1ec4b#GCGATTTAGTTCCTGC-1,at10_1,0.4365191736335212,AC-gliosis-hypoxia
979,cellranger-arc201_count_2f9565d51b615c158b1a36debec1ec4b#GCGCAAACAGCTCAAC-1,at10_1,0.45299504534292784,AC-gliosis-hypoxia
980,cellranger-arc201_count_2f9565d51b615c158b1a36debec1ec4b#GCGGGTTTCCTAGTTT-1,at10_1,0.45239805392547294,AC-gliosis-hypoxia
981,cellranger-arc201_count_2f9565d51b615c158b1a36debec1ec4b#GCGGTTATCCCGAAGC-1,at10_1,0.4493535146334904,AC-gliosis-hypoxia
982,cellranger-arc201_count_2f9565d51b615c158b1a36debec1ec4b#GCTAACAGTTAACAGT-1,at10_1,0.42078601916373914,AC-gliosis-hypoxia
983,cellranger-arc201_count_2f9565d51b615c158b1a36debec1ec4b#GCTAACCCAATCTCTC-1,at10_1,0.3830839591848812,AC-gliosis-hypoxia
984,cellranger-arc201_count_2f9565d51b615c158b1a36debec1ec4b#GCTAAGAAGGCTACTG-1,at10_1,0.4333310802072043,AC-gliosis-hypoxia
985,cellranger-arc201_count_2f9565d51b615c158b1a36debec1ec4b#GCTAATATCTATTGTC-1,at10_1,0.49527563580563916,AC-gliosis-hypoxia
986,cellranger-arc201_count_2f9565d51b615c158b1a36debec1ec4b#GCTATCCTCCCGAACA-1,at10_1,0.4127820130678949,AC-gliosis-hypoxia
987,cellranger-arc201_count_2f9565d51b615c158b1a36debec1ec4b#GCTCCTTAGTCAGTAC-1,at10_1,0.5728961580941969,AC-gliosis-hypoxia
988,cellranger-arc201_count_2f9565d51b615c158b1a36debec1ec4b#GCTGTAAGTTTACTTG-1,at10_1,0.38694850552969845,AC-gliosis-hypoxia
989,cellranger-arc201_count_2f9565d51b615c158b1a36debec1ec4b#GCTGTACCAATCATGT-1,at10_1,0.4781289352923823,AC-gliosis-hypoxia
990,cellranger-arc201_count_2f9565d51b615c158b1a36debec1ec4b#GCTGTACCATATTGAC-1,at10_1,0.6552774655918511,AC-gliosis-hypoxia
991,cellranger-arc201_count_2f9565d51b615c158b1a36debec1ec4b#GCTTACCTCACGAATC-1,at10_1,0.389184954209788,AC-gliosis-hypoxia
992,cellranger-arc201_count_2f9565d51b615c158b1a36debec1ec4b#GCTTACCTCTCCATAT-1,at10_1,0.34538908248117034,AC-gliosis-hypoxia
993,cellranger-arc201_count_2f9565d51b615c158b1a36debec1ec4b#GCTTTACGTGCAATAT-1,at10_1,0.6465687189513459,AC-gliosis-hypoxia
994,cellranger-arc201_count_2f9565d51b615c158b1a36debec1ec4b#GGAAACTCAATGCCTA-1,at10_1,0.7372669226460176,AC-gliosis-hypoxia
995,cellranger-arc201_count_2f9565d51b615c158b1a36debec1ec4b#GGAACAATCATTGCAA-1,at10_1,0.5139377846377128,AC-gliosis-hypoxia
996,cellranger-arc201_count_2f9565d51b615c158b1a36debec1ec4b#GGAACCTGTACCGAAC-1,at10_1,0.5126892868697102,AC-gliosis-hypoxia
997,cellranger-arc201_count_2f9565d51b615c158b1a36debec1ec4b#GGAACTAAGCTGGACC-1,at10_1,0.4483351600917112,AC-gliosis-hypoxia
998,cellranger-arc201_count_2f9565d51b615c158b1a36debec1ec4b#GGCAGGATCATTACTC-1,at10_1,0.6892016240020842,AC-gliosis-hypoxia
999,cellranger-arc201_count_2f9565d51b615c158b1a36debec1ec4b#GGCATTGTCCTTAATC-1,at10_1,0.4396916197705643,AC-gliosis-hypoxia
1000,cellranger-arc201_count_2f9565d51b615c158b1a36debec1ec4b#GGCATTGTCTTAATGG-1,at10_1,0.6282148941075615,AC-gliosis-hypoxia
1001,cellranger-arc201_count_2f9565d51b615c158b1a36debec1ec4b#GGCGTTATCGGGACTC-1,at10_1,0.43060976045468796,AC-gliosis-hypoxia
1002,cellranger-arc201_count_2f9565d51b615c158b1a36debec1ec4b#GGCGTTATCTGTAAGC-1,at10_1,0.434885507538447,AC-gliosis-hypoxia
1003,cellranger-arc201_count_2f9565d51b615c158b1a36debec1ec4b#GGCTGGTTCCCGAAGC-1,at10_1,0.43522100546682735,AC-gliosis-hypoxia
1004,cellranger-arc201_count_2f9565d51b615c158b1a36debec1ec4b#GGCTGTCAGTAACTCA-1,at10_1,0.3992757574201579,AC-gliosis-hypoxia
1005,cellranger-arc201_count_2f9565d51b615c158b1a36debec1ec4b#GGGAATATCACTCAAA-1,at10_1,0.52127792246764,AC-gliosis-hypoxia
1006,cellranger-arc201_count_2f9565d51b615c158b1a36debec1ec4b#GGGCTAACACCAGCAT-1,at10_1,0.3942715204363099,AC-gliosis-hypoxia
1007,cellranger-arc201_count_2f9565d51b615c158b1a36debec1ec4b#GGGCTAACATAGACTT-1,at10_1,0.3945697098813683,AC-gliosis-hypoxia
1008,cellranger-arc201_count_2f9565d51b615c158b1a36debec1ec4b#GGGTATTTCGTTCACC-1,at10_1,0.6286981224930362,AC-gliosis-hypoxia
1009,cellranger-arc201_count_2f9565d51b615c158b1a36debec1ec4b#GGGTTATTCGGTACGC-1,at10_1,0.5249711282106935,AC-gliosis-hypoxia
1010,cellranger-arc201_count_2f9565d51b615c158b1a36debec1ec4b#GGTACCGGTCCTTCTC-1,at10_1,0.7258576543403406,AC-gliosis-hypoxia
1011,cellranger-arc201_count_2f9565d51b615c158b1a36debec1ec4b#GGTACTAGTTGTAAAC-1,at10_1,0.6070367613920009,AC-gliosis-hypoxia
1012,cellranger-arc201_count_2f9565d51b615c158b1a36debec1ec4b#GGTCAAGCATATTGAC-1,at10_1,0.4690582963636542,AC-gliosis-hypoxia
1013,cellranger-arc201_count_2f9565d51b615c158b1a36debec1ec4b#GGTGCTGGTGAGAAAC-1,at10_1,0.4711725179976367,AC-gliosis-hypoxia
1014,cellranger-arc201_count_2f9565d51b615c158b1a36debec1ec4b#GGTGCTTCAACTAGAA-1,at10_1,0.429137467471057,AC-gliosis-hypoxia
1015,cellranger-arc201_count_2f9565d51b615c158b1a36debec1ec4b#GGTTAATGTTTGTGGA-1,at10_1,0.1455193238906536,AC-gliosis-hypoxia
1016,cellranger-arc201_count_2f9565d51b615c158b1a36debec1ec4b#GGTTACCCAAGCGAGC-1,at10_1,0.3921662082908819,AC-gliosis-hypoxia
1017,cellranger-arc201_count_2f9565d51b615c158b1a36debec1ec4b#GGTTACTAGCATTAGC-1,at10_1,0.700114800848186,AC-gliosis-hypoxia
1018,cellranger-arc201_count_2f9565d51b615c158b1a36debec1ec4b#GGTTAGCGTAGCAGCT-1,at10_1,0.48120309863380856,AC-gliosis-hypoxia
1019,cellranger-arc201_count_2f9565d51b615c158b1a36debec1ec4b#GGTTATATCATTGACA-1,at10_1,0.5166604129713606,AC-gliosis-hypoxia
1020,cellranger-arc201_count_2f9565d51b615c158b1a36debec1ec4b#GGTTCCCGTGGCTTCC-1,at10_1,0.7316128498407258,AC-gliosis-hypoxia
1021,cellranger-arc201_count_2f9565d51b615c158b1a36debec1ec4b#GTAAAGCCAGCCTTGG-1,at10_1,0.6056163104948965,AC-gliosis-hypoxia
1022,cellranger-arc201_count_2f9565d51b615c158b1a36debec1ec4b#GTACGTAGTTTCCGGC-1,at10_1,0.48825635093228087,AC-gliosis-hypoxia
1023,cellranger-arc201_count_2f9565d51b615c158b1a36debec1ec4b#GTACTAGGTGTTTGAG-1,at10_1,0.45442652173211845,AC-gliosis-hypoxia
1024,cellranger-arc201_count_2f9565d51b615c158b1a36debec1ec4b#GTAGGCGAGTAAACCC-1,at10_1,0.44889211449497435,AC-gliosis-hypoxia
1025,cellranger-arc201_count_2f9565d51b615c158b1a36debec1ec4b#GTCAGGCTCGCACACA-1,at10_1,0.7348745022319209,AC-gliosis-hypoxia
1026,cellranger-arc201_count_2f9565d51b615c158b1a36debec1ec4b#GTCCGTAAGGAGCACG-1,at10_1,0.4115931253467523,AC-gliosis-hypoxia
1027,cellranger-arc201_count_2f9565d51b615c158b1a36debec1ec4b#GTCGAAGCAAATTGCT-1,at10_1,0.4513182239126677,AC-gliosis-hypoxia
1028,cellranger-arc201_count_2f9565d51b615c158b1a36debec1ec4b#GTCTAACAGAAAGCAT-1,at10_1,0.5026464000024725,AC-gliosis-hypoxia
1029,cellranger-arc201_count_2f9565d51b615c158b1a36debec1ec4b#GTGAACAAGGAGTAAT-1,at10_1,0.4140277823050277,AC-gliosis-hypoxia
1030,cellranger-arc201_count_2f9565d51b615c158b1a36debec1ec4b#GTGCACGGTATTGCAG-1,at10_1,0.5487849103778885,AC-gliosis-hypoxia
1031,cellranger-arc201_count_2f9565d51b615c158b1a36debec1ec4b#GTGCTCAAGGCCATCA-1,at10_1,0.6954151013199915,AC-gliosis-hypoxia
1032,cellranger-arc201_count_2f9565d51b615c158b1a36debec1ec4b#GTGGCTTCACTAAGCC-1,at10_1,0.4374285539934183,AC-gliosis-hypoxia
1033,cellranger-arc201_count_2f9565d51b615c158b1a36debec1ec4b#GTTAAGTGTAATCCCT-1,at10_1,0.5090343919274409,AC-gliosis-hypoxia
1034,cellranger-arc201_count_2f9565d51b615c158b1a36debec1ec4b#GTTACCTGTCAGGCCA-1,at10_1,0.44581594651862333,AC-gliosis-hypoxia
1035,cellranger-arc201_count_2f9565d51b615c158b1a36debec1ec4b#GTTCACCTCGGTCATG-1,at10_1,0.43725387233344665,AC-gliosis-hypoxia
1036,cellranger-arc201_count_2f9565d51b615c158b1a36debec1ec4b#GTTCCTTCAGGAACTG-1,at10_1,0.4524336361953875,AC-gliosis-hypoxia
1037,cellranger-arc201_count_2f9565d51b615c158b1a36debec1ec4b#GTTGTTGCACTGGCCA-1,at10_1,0.6372263963060091,AC-gliosis-hypoxia
1038,cellranger-arc201_count_2f9565d51b615c158b1a36debec1ec4b#GTTTCCTCATTGCGTA-1,at10_1,0.4584742694353376,AC-gliosis-hypoxia
1039,cellranger-arc201_count_2f9565d51b615c158b1a36debec1ec4b#GTTTGTCGTGAGCGAA-1,at10_1,0.45032843541856643,AC-gliosis-hypoxia
1040,cellranger-arc201_count_2f9565d51b615c158b1a36debec1ec4b#TAAGCCTAGGCGTAAA-1,at10_1,0.4407305775046259,AC-gliosis-hypoxia
1041,cellranger-arc201_count_2f9565d51b615c158b1a36debec1ec4b#TAATGCATCACTCGCT-1,at10_1,0.43937238165879594,AC-gliosis-hypoxia
1042,cellranger-arc201_count_2f9565d51b615c158b1a36debec1ec4b#TACCGTTGTTGCGCGA-1,at10_1,0.19105954818855933,AC-gliosis-hypoxia
1043,cellranger-arc201_count_2f9565d51b615c158b1a36debec1ec4b#TACCTGCTCCACCTGT-1,at10_1,0.5098543432959721,AC-gliosis-hypoxia
1044,cellranger-arc201_count_2f9565d51b615c158b1a36debec1ec4b#TACCTTAGTGGATTCA-1,at10_1,0.4406586333845483,AC-gliosis-hypoxia
1045,cellranger-arc201_count_2f9565d51b615c158b1a36debec1ec4b#TACTGACAGGAGGGTT-1,at10_1,0.4581020755509734,AC-gliosis-hypoxia
1046,cellranger-arc201_count_2f9565d51b615c158b1a36debec1ec4b#TAGCAGGCAGCACCAT-1,at10_1,0.4544846561449366,AC-gliosis-hypoxia
1047,cellranger-arc201_count_2f9565d51b615c158b1a36debec1ec4b#TAGCGGACAGCAAGGC-1,at10_1,0.4540504856308152,AC-gliosis-hypoxia
1048,cellranger-arc201_count_2f9565d51b615c158b1a36debec1ec4b#TAGGAACCAGGCTGTT-1,at10_1,0.7065137625809373,AC-gliosis-hypoxia
1049,cellranger-arc201_count_2f9565d51b615c158b1a36debec1ec4b#TAGGGTTTCATAATCG-1,at10_1,0.6955074258951376,AC-gliosis-hypoxia
1050,cellranger-arc201_count_2f9565d51b615c158b1a36debec1ec4b#TAGGTTGGTATTTGGG-1,at10_1,0.6155407011643594,AC-gliosis-hypoxia
1051,cellranger-arc201_count_2f9565d51b615c158b1a36debec1ec4b#TATAGCCAGGCCTTAG-1,at10_1,0.6148770556356563,AC-gliosis-hypoxia
1052,cellranger-arc201_count_2f9565d51b615c158b1a36debec1ec4b#TATAGCTCACCTCGCT-1,at10_1,0.38908914936567546,AC-gliosis-hypoxia
1053,cellranger-arc201_count_2f9565d51b615c158b1a36debec1ec4b#TATAGGTGTATCTGGA-1,at10_1,0.6252316632336946,AC-gliosis-hypoxia
1054,cellranger-arc201_count_2f9565d51b615c158b1a36debec1ec4b#TATCGCGAGTTAACCA-1,at10_1,0.39490595954784535,AC-gliosis-hypoxia
1055,cellranger-arc201_count_2f9565d51b615c158b1a36debec1ec4b#TATGACATCCTTGTTG-1,at10_1,0.4629359185662167,AC-gliosis-hypoxia
1056,cellranger-arc201_count_2f9565d51b615c158b1a36debec1ec4b#TATGACATCGTCATTT-1,at10_1,0.46902811547117584,AC-gliosis-hypoxia
1057,cellranger-arc201_count_2f9565d51b615c158b1a36debec1ec4b#TATGACTCAGATTCAT-1,at10_1,0.648021912218888,AC-gliosis-hypoxia
1058,cellranger-arc201_count_2f9565d51b615c158b1a36debec1ec4b#TATTGACCAAACATAG-1,at10_1,0.6107117026835178,AC-gliosis-hypoxia
1059,cellranger-arc201_count_2f9565d51b615c158b1a36debec1ec4b#TATTGACCAAGGTGGC-1,at10_1,0.7523812017670829,AC-gliosis-hypoxia
1060,cellranger-arc201_count_2f9565d51b615c158b1a36debec1ec4b#TCAAACCAGGAGTAAT-1,at10_1,0.6735138522396266,AC-gliosis-hypoxia
1061,cellranger-arc201_count_2f9565d51b615c158b1a36debec1ec4b#TCACCGGCAGCATGTC-1,at10_1,0.4647724425788161,AC-gliosis-hypoxia
1062,cellranger-arc201_count_2f9565d51b615c158b1a36debec1ec4b#TCACCTGGTATTGTGG-1,at10_1,0.7437086499238306,AC-gliosis-hypoxia
1063,cellranger-arc201_count_2f9565d51b615c158b1a36debec1ec4b#TCATAACCAACCTAAT-1,at10_1,0.4607201287627128,AC-gliosis-hypoxia
1064,cellranger-arc201_count_2f9565d51b615c158b1a36debec1ec4b#TCATACTTCGCACAAT-1,at10_1,0.4525214503419528,AC-gliosis-hypoxia
1065,cellranger-arc201_count_2f9565d51b615c158b1a36debec1ec4b#TCATTACTCACCAATA-1,at10_1,0.42798235227996634,AC-gliosis-hypoxia
1066,cellranger-arc201_count_2f9565d51b615c158b1a36debec1ec4b#TCCAGGTCACAATGCC-1,at10_1,0.5463815758403127,AC-gliosis-hypoxia
1067,cellranger-arc201_count_2f9565d51b615c158b1a36debec1ec4b#TCCATTGTCCACCTGT-1,at10_1,0.6264095533049028,AC-gliosis-hypoxia
1068,cellranger-arc201_count_2f9565d51b615c158b1a36debec1ec4b#TCCTCACAGTTGCCTC-1,at10_1,0.44841991160158584,AC-gliosis-hypoxia
1069,cellranger-arc201_count_2f9565d51b615c158b1a36debec1ec4b#TCCTCTAAGAGCCGCT-1,at10_1,0.7060014669890537,AC-gliosis-hypoxia
1070,cellranger-arc201_count_2f9565d51b615c158b1a36debec1ec4b#TCCTCTAAGCAAGGAC-1,at10_1,0.44587842430711166,AC-gliosis-hypoxia
1071,cellranger-arc201_count_2f9565d51b615c158b1a36debec1ec4b#TCCTCTAAGCATGACT-1,at10_1,0.3821513306282873,AC-gliosis-hypoxia
1072,cellranger-arc201_count_2f9565d51b615c158b1a36debec1ec4b#TCGCTAACACCTAAGC-1,at10_1,0.6600302322612484,AC-gliosis-hypoxia
1073,cellranger-arc201_count_2f9565d51b615c158b1a36debec1ec4b#TCGGTAAGTCCTTCTC-1,at10_1,0.47297134373679,AC-gliosis-hypoxia
1074,cellranger-arc201_count_2f9565d51b615c158b1a36debec1ec4b#TCGTAATCATGAGTTT-1,at10_1,0.44862978574134776,AC-gliosis-hypoxia
1075,cellranger-arc201_count_2f9565d51b615c158b1a36debec1ec4b#TCGTTAAAGGAAGCAC-1,at10_1,0.6370245407059462,AC-gliosis-hypoxia
1076,cellranger-arc201_count_2f9565d51b615c158b1a36debec1ec4b#TCGTTATTCGGTAACT-1,at10_1,0.6280929454829718,AC-gliosis-hypoxia
1077,cellranger-arc201_count_2f9565d51b615c158b1a36debec1ec4b#TCTAACTTCTACCTAT-1,at10_1,0.646035096271235,AC-gliosis-hypoxia
1078,cellranger-arc201_count_2f9565d51b615c158b1a36debec1ec4b#TCTAGCACAATCGCAC-1,at10_1,0.4599774115230884,AC-gliosis-hypoxia
1079,cellranger-arc201_count_2f9565d51b615c158b1a36debec1ec4b#TCTAGCACATTGCGAC-1,at10_1,0.6371640298861277,AC-gliosis-hypoxia
1080,cellranger-arc201_count_2f9565d51b615c158b1a36debec1ec4b#TCTATGTTCAGGCCTA-1,at10_1,0.457790967347511,AC-gliosis-hypoxia
1081,cellranger-arc201_count_2f9565d51b615c158b1a36debec1ec4b#TCTCCTCGTCTTTGAC-1,at10_1,0.5878470037845906,AC-gliosis-hypoxia
1082,cellranger-arc201_count_2f9565d51b615c158b1a36debec1ec4b#TCTGTGACACCGGTAT-1,at10_1,0.37985215358034374,AC-gliosis-hypoxia
1083,cellranger-arc201_count_2f9565d51b615c158b1a36debec1ec4b#TGAGCTTAGACACTTA-1,at10_1,0.45502033914427575,AC-gliosis-hypoxia
1084,cellranger-arc201_count_2f9565d51b615c158b1a36debec1ec4b#TGAGCTTAGTTCCTGC-1,at10_1,0.574805461491426,AC-gliosis-hypoxia
1085,cellranger-arc201_count_2f9565d51b615c158b1a36debec1ec4b#TGATCAATCATAAGCC-1,at10_1,0.44973367137325015,AC-gliosis-hypoxia
1086,cellranger-arc201_count_2f9565d51b615c158b1a36debec1ec4b#TGATCGAGTTAGCCAA-1,at10_1,0.5728938750377548,AC-gliosis-hypoxia
1087,cellranger-arc201_count_2f9565d51b615c158b1a36debec1ec4b#TGCATCCTCCTAAATG-1,at10_1,0.425471936826826,AC-gliosis-hypoxia
1088,cellranger-arc201_count_2f9565d51b615c158b1a36debec1ec4b#TGCGCAGGTTAAGCGC-1,at10_1,0.4298145050747438,AC-gliosis-hypoxia
1089,cellranger-arc201_count_2f9565d51b615c158b1a36debec1ec4b#TGCTCAACAACCTAAT-1,at10_1,0.668890328838573,AC-gliosis-hypoxia
1090,cellranger-arc201_count_2f9565d51b615c158b1a36debec1ec4b#TGCTCCGTCCCTCGCA-1,at10_1,0.6391176579889153,AC-gliosis-hypoxia
1091,cellranger-arc201_count_2f9565d51b615c158b1a36debec1ec4b#TGCTTTAGTTGCCTCA-1,at10_1,0.4381967746440299,AC-gliosis-hypoxia
1092,cellranger-arc201_count_2f9565d51b615c158b1a36debec1ec4b#TGGAACAAGGACAACA-1,at10_1,0.3943804667760404,AC-gliosis-hypoxia
1093,cellranger-arc201_count_2f9565d51b615c158b1a36debec1ec4b#TGGACAAAGCATTTCT-1,at10_1,0.4243350304029684,AC-gliosis-hypoxia
1094,cellranger-arc201_count_2f9565d51b615c158b1a36debec1ec4b#TGGATTGGTTTGGGCG-1,at10_1,0.4554066768417202,AC-gliosis-hypoxia
1095,cellranger-arc201_count_2f9565d51b615c158b1a36debec1ec4b#TGGCCTGCATTGTTGG-1,at10_1,0.6206535782242689,AC-gliosis-hypoxia
1096,cellranger-arc201_count_2f9565d51b615c158b1a36debec1ec4b#TGGCTAAGTTGAGGTC-1,at10_1,0.8107991033741299,AC-gliosis-hypoxia
1097,cellranger-arc201_count_2f9565d51b615c158b1a36debec1ec4b#TGGGCCTAGGAGTCTT-1,at10_1,0.5019138729903821,AC-gliosis-hypoxia
1098,cellranger-arc201_count_2f9565d51b615c158b1a36debec1ec4b#TGGTCAGTCTAATCTC-1,at10_1,0.47498165846050566,AC-gliosis-hypoxia
1099,cellranger-arc201_count_2f9565d51b615c158b1a36debec1ec4b#TGGTCCTTCCGCCAAA-1,at10_1,0.6137928822471808,AC-gliosis-hypoxia
1100,cellranger-arc201_count_2f9565d51b615c158b1a36debec1ec4b#TGGTTAATCCGCACAA-1,at10_1,0.1958157812058474,AC-gliosis-hypoxia
1101,cellranger-arc201_count_2f9565d51b615c158b1a36debec1ec4b#TGTGGAGCATTATGGT-1,at10_1,0.4183783690926445,AC-gliosis-hypoxia
1102,cellranger-arc201_count_2f9565d51b615c158b1a36debec1ec4b#TGTGGCCAGTCTGGGC-1,at10_1,0.3908568197370397,AC-gliosis-hypoxia
1103,cellranger-arc201_count_2f9565d51b615c158b1a36debec1ec4b#TGTGGCTCAATGCCTA-1,at10_1,0.38905685246966526,AC-gliosis-hypoxia
1104,cellranger-arc201_count_2f9565d51b615c158b1a36debec1ec4b#TGTGGCTCAGTAAGTA-1,at10_1,0.3567076967408054,AC-gliosis-hypoxia
1105,cellranger-arc201_count_2f9565d51b615c158b1a36debec1ec4b#TGTGTGAGTCAAGACC-1,at10_1,0.4016601592945556,AC-gliosis-hypoxia
1106,cellranger-arc201_count_2f9565d51b615c158b1a36debec1ec4b#TTAAAGGCACCTACTT-1,at10_1,0.5140619049501376,AC-gliosis-hypoxia
1107,cellranger-arc201_count_2f9565d51b615c158b1a36debec1ec4b#TTAAGTGTCACTAGGT-1,at10_1,0.6187600891692241,AC-gliosis-hypoxia
1108,cellranger-arc201_count_2f9565d51b615c158b1a36debec1ec4b#TTATCCGTCATCACTT-1,at10_1,0.5016094469033356,AC-gliosis-hypoxia
1109,cellranger-arc201_count_2f9565d51b615c158b1a36debec1ec4b#TTCATCCCACCCACCT-1,at10_1,0.4284964854538644,AC-gliosis-hypoxia
1110,cellranger-arc201_count_2f9565d51b615c158b1a36debec1ec4b#TTCCCGCCATTGCAGC-1,at10_1,0.6346893080715087,AC-gliosis-hypoxia
1111,cellranger-arc201_count_2f9565d51b615c158b1a36debec1ec4b#TTCCTTCTCCCTGACT-1,at10_1,0.4972716396633642,AC-gliosis-hypoxia
1112,cellranger-arc201_count_2f9565d51b615c158b1a36debec1ec4b#TTCCTTGAGGCTGGCT-1,at10_1,0.46091068044917216,AC-gliosis-hypoxia
1113,cellranger-arc201_count_2f9565d51b615c158b1a36debec1ec4b#TTCTTAGGTTCCTCCT-1,at10_1,0.43912803893518887,AC-gliosis-hypoxia
1114,cellranger-arc201_count_2f9565d51b615c158b1a36debec1ec4b#TTGACGTAGGCTAGAA-1,at10_1,0.4522705368705367,AC-gliosis-hypoxia
1115,cellranger-arc201_count_2f9565d51b615c158b1a36debec1ec4b#TTGCAACAGGCATTAC-1,at10_1,0.47964939519851096,AC-gliosis-hypoxia
1116,cellranger-arc201_count_2f9565d51b615c158b1a36debec1ec4b#TTGCAATCAACCGCCA-1,at10_1,0.44000907598462186,AC-gliosis-hypoxia
1117,cellranger-arc201_count_2f9565d51b615c158b1a36debec1ec4b#TTGCAATCATAAGCAA-1,at10_1,0.6111282769577441,AC-gliosis-hypoxia
1118,cellranger-arc201_count_2f9565d51b615c158b1a36debec1ec4b#TTGCATTTCATTTGTC-1,at10_1,0.6902977695158049,AC-gliosis-hypoxia
1119,cellranger-arc201_count_2f9565d51b615c158b1a36debec1ec4b#TTGCGTCTCTACCTGC-1,at10_1,0.665088483019458,AC-gliosis-hypoxia
1120,cellranger-arc201_count_2f9565d51b615c158b1a36debec1ec4b#TTGGCGGGTAATAGCT-1,at10_1,0.6262466210329624,AC-gliosis-hypoxia
1121,cellranger-arc201_count_2f9565d51b615c158b1a36debec1ec4b#TTGGGTTAGGCGGGTA-1,at10_1,0.4579970549546373,AC-gliosis-hypoxia
1122,cellranger-arc201_count_2f9565d51b615c158b1a36debec1ec4b#TTGTCCATCCGCAAAT-1,at10_1,0.7412643874232073,AC-gliosis-hypoxia
1123,cellranger-arc201_count_2f9565d51b615c158b1a36debec1ec4b#TTGTGCCTCCATTACT-1,at10_1,0.3801451087008764,AC-gliosis-hypoxia
1124,cellranger-arc201_count_2f9565d51b615c158b1a36debec1ec4b#TTGTTGTTCATTATGG-1,at10_1,0.6027369865312966,AC-gliosis-hypoxia
1125,cellranger-arc201_count_2f9565d51b615c158b1a36debec1ec4b#TTTAGCAAGGAGGCAT-1,at10_1,0.41534385297528575,AC-gliosis-hypoxia
1126,cellranger-arc201_count_2f9565d51b615c158b1a36debec1ec4b#TTTCCACCACCGTTCC-1,at10_1,0.4289811337890773,AC-gliosis-hypoxia
1127,cellranger-arc201_count_2f9565d51b615c158b1a36debec1ec4b#TTTGACCGTACTTAGG-1,at10_1,0.44796129567824305,AC-gliosis-hypoxia
1128,cellranger-arc201_count_2f9565d51b615c158b1a36debec1ec4b#TTTGACCGTCATAACG-1,at10_1,0.41836581228221303,AC-gliosis-hypoxia
1129,cellranger-arc201_count_2f9565d51b615c158b1a36debec1ec4b#TTTGTGTTCCCAGTAG-1,at10_1,0.6478248454689234,AC-gliosis-hypoxia
1130,cellranger-arc201_count_a166708bcbeb284b79da9df9facb9573#AAACCAACATTTGCTC-1,at10_1,0.4202839137993896,AC-gliosis-hypoxia
1131,cellranger-arc201_count_a166708bcbeb284b79da9df9facb9573#AAACGGATCATCCTGC-1,at10_1,0.48891381550329943,AC-gliosis-hypoxia
1132,cellranger-arc201_count_a166708bcbeb284b79da9df9facb9573#AAACGGATCTGTAATG-1,at10_1,0.6610674637819024,AC-gliosis-hypoxia
1133,cellranger-arc201_count_a166708bcbeb284b79da9df9facb9573#AACAAGCCAAATTCGT-1,at10_1,0.5632411680849007,AC-gliosis-hypoxia
1134,cellranger-arc201_count_a166708bcbeb284b79da9df9facb9573#AACAGATAGGACCAGG-1,at10_1,0.695888640636663,AC-gliosis-hypoxia
1135,cellranger-arc201_count_a166708bcbeb284b79da9df9facb9573#AACAGCAAGGAATAAC-1,at10_1,0.39080912613112134,AC-gliosis-hypoxia
1136,cellranger-arc201_count_a166708bcbeb284b79da9df9facb9573#AACAGCAAGGCATTAC-1,at10_1,0.7398265073391181,AC-gliosis-hypoxia
1137,cellranger-arc201_count_a166708bcbeb284b79da9df9facb9573#AACAGCAAGTAAGAAC-1,at10_1,0.6181831997853203,AC-gliosis-hypoxia
1138,cellranger-arc201_count_a166708bcbeb284b79da9df9facb9573#AACAGCAAGTACTGGT-1,at10_1,0.41381147662821555,AC-gliosis-hypoxia
1139,cellranger-arc201_count_a166708bcbeb284b79da9df9facb9573#AACATCATCATTACAG-1,at10_1,0.631961668150549,AC-gliosis-hypoxia
1140,cellranger-arc201_count_a166708bcbeb284b79da9df9facb9573#AACATCATCGAGGAAC-1,at10_1,0.18929893580265933,AC-gliosis-hypoxia
1141,cellranger-arc201_count_a166708bcbeb284b79da9df9facb9573#AACATTGTCTTCAATC-1,at10_1,0.5239593444167232,AC-gliosis-hypoxia
1142,cellranger-arc201_count_a166708bcbeb284b79da9df9facb9573#AACTCACAGCAATAGG-1,at10_1,0.7330648737378953,AC-gliosis-hypoxia
1143,cellranger-arc201_count_a166708bcbeb284b79da9df9facb9573#AAGCATGAGGGCCATC-1,at10_1,0.6381792661069128,AC-gliosis-hypoxia
1144,cellranger-arc201_count_a166708bcbeb284b79da9df9facb9573#AAGCCTGTCAGCATTA-1,at10_1,0.4698175518414079,AC-gliosis-hypoxia
1145,cellranger-arc201_count_a166708bcbeb284b79da9df9facb9573#AAGCGAGGTTACAACG-1,at10_1,0.4745828474790849,AC-gliosis-hypoxia
1146,cellranger-arc201_count_a166708bcbeb284b79da9df9facb9573#AAGCGGGTCCGGTATG-1,at10_1,0.6536826671405958,AC-gliosis-hypoxia
1147,cellranger-arc201_count_a166708bcbeb284b79da9df9facb9573#AAGCTATGTTGTCATC-1,at10_1,0.47592311297919887,AC-gliosis-hypoxia
1148,cellranger-arc201_count_a166708bcbeb284b79da9df9facb9573#AAGGATGTCTGTTCAT-1,at10_1,0.45607850796303284,AC-gliosis-hypoxia
1149,cellranger-arc201_count_a166708bcbeb284b79da9df9facb9573#AAGGATTAGGGTCCAC-1,at10_1,0.6149607491437651,AC-gliosis-hypoxia
1150,cellranger-arc201_count_a166708bcbeb284b79da9df9facb9573#AAGGTCAAGGACCTCA-1,at10_1,0.4889253421541168,AC-gliosis-hypoxia
1151,cellranger-arc201_count_a166708bcbeb284b79da9df9facb9573#AAGTAGCCACCTCACC-1,at10_1,0.6815468141732729,AC-gliosis-hypoxia
1152,cellranger-arc201_count_a166708bcbeb284b79da9df9facb9573#AAGTGAAGTCACAAAT-1,at10_1,0.4390191761219136,AC-gliosis-hypoxia
1153,cellranger-arc201_count_a166708bcbeb284b79da9df9facb9573#AAGTTAGCAACCGCCA-1,at10_1,0.6326817218786628,AC-gliosis-hypoxia
1154,cellranger-arc201_count_a166708bcbeb284b79da9df9facb9573#AATATCCCACCTATAG-1,at10_1,0.758894594743456,AC-gliosis-hypoxia
1155,cellranger-arc201_count_a166708bcbeb284b79da9df9facb9573#AATCTCAAGTTTCCGC-1,at10_1,0.4526997514816497,AC-gliosis-hypoxia
1156,cellranger-arc201_count_a166708bcbeb284b79da9df9facb9573#AATGCAACAAACCTAT-1,at10_1,0.4845999525138181,AC-gliosis-hypoxia
1157,cellranger-arc201_count_a166708bcbeb284b79da9df9facb9573#AATGTCCAGAACCTAC-1,at10_1,0.7547206107242804,AC-gliosis-hypoxia
1158,cellranger-arc201_count_a166708bcbeb284b79da9df9facb9573#AATTACCCATGTCGCG-1,at10_1,0.38065896345325706,AC-gliosis-hypoxia
1159,cellranger-arc201_count_a166708bcbeb284b79da9df9facb9573#AATTGACGTTTGGTTC-1,at10_1,0.45199384156661604,AC-gliosis-hypoxia
1160,cellranger-arc201_count_a166708bcbeb284b79da9df9facb9573#ACAACATGTAGTCAAT-1,at10_1,0.5598596830726477,AC-gliosis-hypoxia
1161,cellranger-arc201_count_a166708bcbeb284b79da9df9facb9573#ACACAATGTGGAGCAA-1,at10_1,0.6652584871979385,AC-gliosis-hypoxia
1162,cellranger-arc201_count_a166708bcbeb284b79da9df9facb9573#ACACAATGTGGTTCCC-1,at10_1,0.45560435611902317,AC-gliosis-hypoxia
1163,cellranger-arc201_count_a166708bcbeb284b79da9df9facb9573#ACACCTTGTAAGCTCA-1,at10_1,0.6581817361234037,AC-gliosis-hypoxia
1164,cellranger-arc201_count_a166708bcbeb284b79da9df9facb9573#ACACTTAAGTTGGCCA-1,at10_1,0.4939014028804112,AC-gliosis-hypoxia
1165,cellranger-arc201_count_a166708bcbeb284b79da9df9facb9573#ACAGCGCTCATAACGC-1,at10_1,0.3747053090953203,AC-gliosis-hypoxia
1166,cellranger-arc201_count_a166708bcbeb284b79da9df9facb9573#ACATCAATCCCATAAA-1,at10_1,0.5991720217391242,AC-gliosis-hypoxia
1167,cellranger-arc201_count_a166708bcbeb284b79da9df9facb9573#ACATTAGTCTTTGAGA-1,at10_1,0.6178871263437936,AC-gliosis-hypoxia
1168,cellranger-arc201_count_a166708bcbeb284b79da9df9facb9573#ACCACACCAGCACGAA-1,at10_1,0.7404262272874428,AC-gliosis-hypoxia
1169,cellranger-arc201_count_a166708bcbeb284b79da9df9facb9573#ACCATTAAGGTCCAAT-1,at10_1,0.47123917210888505,AC-gliosis-hypoxia
1170,cellranger-arc201_count_a166708bcbeb284b79da9df9facb9573#ACCCAACCAATGAAGC-1,at10_1,0.43020284740711295,AC-gliosis-hypoxia
1171,cellranger-arc201_count_a166708bcbeb284b79da9df9facb9573#ACCCAACCAATTAGCT-1,at10_1,0.42557397831292665,AC-gliosis-hypoxia
1172,cellranger-arc201_count_a166708bcbeb284b79da9df9facb9573#ACCCGCTGTGCAATGC-1,at10_1,0.6201001876164276,AC-gliosis-hypoxia
1173,cellranger-arc201_count_a166708bcbeb284b79da9df9facb9573#ACCCTGTTCGTTAAGC-1,at10_1,0.3554960898238488,AC-gliosis-hypoxia
1174,cellranger-arc201_count_a166708bcbeb284b79da9df9facb9573#ACCTAAATCACGCATG-1,at10_1,0.43946754613341876,AC-gliosis-hypoxia
1175,cellranger-arc201_count_a166708bcbeb284b79da9df9facb9573#ACCTAAATCCCAGTAG-1,at10_1,0.3526294340392871,AC-gliosis-hypoxia
1176,cellranger-arc201_count_a166708bcbeb284b79da9df9facb9573#ACCTCACTCTAGCGTG-1,at10_1,0.4100987256946455,AC-gliosis-hypoxia
1177,cellranger-arc201_count_a166708bcbeb284b79da9df9facb9573#ACCTTCATCATAACGC-1,at10_1,0.4227444082744732,AC-gliosis-hypoxia
1178,cellranger-arc201_count_a166708bcbeb284b79da9df9facb9573#ACCTTCCAGGTGTTAC-1,at10_1,0.7171587638215489,AC-gliosis-hypoxia
1179,cellranger-arc201_count_a166708bcbeb284b79da9df9facb9573#ACGAACAAGTACCGCA-1,at10_1,0.45669203761861704,AC-gliosis-hypoxia
1180,cellranger-arc201_count_a166708bcbeb284b79da9df9facb9573#ACGGTTAGTAATCGCA-1,at10_1,0.504346720208795,AC-gliosis-hypoxia
1181,cellranger-arc201_count_a166708bcbeb284b79da9df9facb9573#ACGTTACAGTTATGGC-1,at10_1,0.41702863726094147,AC-gliosis-hypoxia
1182,cellranger-arc201_count_a166708bcbeb284b79da9df9facb9573#ACTAATCCAACAACAA-1,at10_1,0.4578640808379613,AC-gliosis-hypoxia
1183,cellranger-arc201_count_a166708bcbeb284b79da9df9facb9573#ACTCACTGTCACCAAA-1,at10_1,0.33526155547266484,AC-gliosis-hypoxia
1184,cellranger-arc201_count_a166708bcbeb284b79da9df9facb9573#ACTCCTCAGCACGATT-1,at10_1,0.4420237897683113,AC-gliosis-hypoxia
1185,cellranger-arc201_count_a166708bcbeb284b79da9df9facb9573#ACTTACTTCTTTGAGA-1,at10_1,0.4338859186069358,AC-gliosis-hypoxia
1186,cellranger-arc201_count_a166708bcbeb284b79da9df9facb9573#ACTTGTCGTAGCCATA-1,at10_1,0.6254028924668513,AC-gliosis-hypoxia
1187,cellranger-arc201_count_a166708bcbeb284b79da9df9facb9573#AGAAACCCAAATATCC-1,at10_1,0.44269177867268483,AC-gliosis-hypoxia
1188,cellranger-arc201_count_a166708bcbeb284b79da9df9facb9573#AGAAACTAGTTGGGCC-1,at10_1,0.50066554227529,AC-gliosis-hypoxia
1189,cellranger-arc201_count_a166708bcbeb284b79da9df9facb9573#AGACACGCATTCCTCG-1,at10_1,0.44485060343374333,AC-gliosis-hypoxia
1190,cellranger-arc201_count_a166708bcbeb284b79da9df9facb9573#AGAGGAACAGTAAGTA-1,at10_1,0.35638199924983505,AC-gliosis-hypoxia
1191,cellranger-arc201_count_a166708bcbeb284b79da9df9facb9573#AGCATTTCATAATCAC-1,at10_1,0.744381650415516,AC-gliosis-hypoxia
1192,cellranger-arc201_count_a166708bcbeb284b79da9df9facb9573#AGCCGCTAGGACCTGC-1,at10_1,0.45179532702476116,AC-gliosis-hypoxia
1193,cellranger-arc201_count_a166708bcbeb284b79da9df9facb9573#AGCCTGGGTAGCTAGC-1,at10_1,0.37725392398063806,AC-gliosis-hypoxia
1194,cellranger-arc201_count_a166708bcbeb284b79da9df9facb9573#AGCGCTCAGGCTAAGA-1,at10_1,0.6569401988933343,AC-gliosis-hypoxia
1195,cellranger-arc201_count_a166708bcbeb284b79da9df9facb9573#AGCTAACTCCTAATGA-1,at10_1,0.6464556241310074,AC-gliosis-hypoxia
1196,cellranger-arc201_count_a166708bcbeb284b79da9df9facb9573#AGCTACGTCCACCTGT-1,at10_1,0.5323846579525883,AC-gliosis-hypoxia
1197,cellranger-arc201_count_a166708bcbeb284b79da9df9facb9573#AGGAACCAGGCGCACT-1,at10_1,0.3564311406476434,AC-gliosis-hypoxia
1198,cellranger-arc201_count_a166708bcbeb284b79da9df9facb9573#AGGATCCGTCATGCAA-1,at10_1,0.6614740148815048,AC-gliosis-hypoxia
1199,cellranger-arc201_count_a166708bcbeb284b79da9df9facb9573#AGGATCCGTGCCTCAC-1,at10_1,0.4159858373099409,AC-gliosis-hypoxia
1200,cellranger-arc201_count_a166708bcbeb284b79da9df9facb9573#AGGGCCTTCAGTGAAG-1,at10_1,0.2474736640564719,AC-gliosis-hypoxia
1201,cellranger-arc201_count_a166708bcbeb284b79da9df9facb9573#AGGTATTGTGAATCGC-1,at10_1,0.35788029680318434,AC-gliosis-hypoxia
1202,cellranger-arc201_count_a166708bcbeb284b79da9df9facb9573#AGTAACACACTGACTA-1,at10_1,0.4386039939552739,AC-gliosis-hypoxia
1203,cellranger-arc201_count_a166708bcbeb284b79da9df9facb9573#AGTAATGCAGTTATCG-1,at10_1,0.37669218072727695,AC-gliosis-hypoxia
1204,cellranger-arc201_count_a166708bcbeb284b79da9df9facb9573#AGTACGCGTGAGCACT-1,at10_1,0.37992434827978694,AC-gliosis-hypoxia
1205,cellranger-arc201_count_a166708bcbeb284b79da9df9facb9573#AGTCCTGAGACTCGCA-1,at10_1,0.4887447579579778,AC-gliosis-hypoxia
1206,cellranger-arc201_count_a166708bcbeb284b79da9df9facb9573#AGTCCTGAGCCGCTTT-1,at10_1,0.7196840469837146,AC-gliosis-hypoxia
1207,cellranger-arc201_count_a166708bcbeb284b79da9df9facb9573#AGTTACATCAGGGCCT-1,at10_1,0.4450169881324986,AC-gliosis-hypoxia
1208,cellranger-arc201_count_a166708bcbeb284b79da9df9facb9573#AGTTGCAGTTAACACG-1,at10_1,0.6338509808828339,AC-gliosis-hypoxia
1209,cellranger-arc201_count_a166708bcbeb284b79da9df9facb9573#AGTTTGATCTAACTGA-1,at10_1,0.6115254174100608,AC-gliosis-hypoxia
1210,cellranger-arc201_count_a166708bcbeb284b79da9df9facb9573#ATAAGTCGTTCCTCCT-1,at10_1,0.2624522405299915,AC-gliosis-hypoxia
1211,cellranger-arc201_count_a166708bcbeb284b79da9df9facb9573#ATAATGGCAAGCTTTG-1,at10_1,0.6203991566417346,AC-gliosis-hypoxia
1212,cellranger-arc201_count_a166708bcbeb284b79da9df9facb9573#ATAGATGCAGGCCATT-1,at10_1,0.7539503854387439,AC-gliosis-hypoxia
1213,cellranger-arc201_count_a166708bcbeb284b79da9df9facb9573#ATAGCATGTTAAGTGT-1,at10_1,0.5022657421039814,AC-gliosis-hypoxia
1214,cellranger-arc201_count_a166708bcbeb284b79da9df9facb9573#ATAGGTACATGAATCT-1,at10_1,0.49041751443408493,AC-gliosis-hypoxia
1215,cellranger-arc201_count_a166708bcbeb284b79da9df9facb9573#ATCAATCCATAATGAG-1,at10_1,0.44470938804015453,AC-gliosis-hypoxia
1216,cellranger-arc201_count_a166708bcbeb284b79da9df9facb9573#ATCACACAGCCACATG-1,at10_1,0.6461953000123055,AC-gliosis-hypoxia
1217,cellranger-arc201_count_a166708bcbeb284b79da9df9facb9573#ATCACCCTCCACAATA-1,at10_1,0.6442337090541224,AC-gliosis-hypoxia
1218,cellranger-arc201_count_a166708bcbeb284b79da9df9facb9573#ATCACTAAGTTGGGCC-1,at10_1,0.4546072172968644,AC-gliosis-hypoxia
1219,cellranger-arc201_count_a166708bcbeb284b79da9df9facb9573#ATCCTGACACGTAATT-1,at10_1,0.6473853292616693,AC-gliosis-hypoxia
1220,cellranger-arc201_count_a166708bcbeb284b79da9df9facb9573#ATGCAAACATGTTTGG-1,at10_1,0.7424485698207071,AC-gliosis-hypoxia
1221,cellranger-arc201_count_a166708bcbeb284b79da9df9facb9573#ATGTAACGTAACTACG-1,at10_1,0.7315301029657759,AC-gliosis-hypoxia
1222,cellranger-arc201_count_a166708bcbeb284b79da9df9facb9573#ATGTCAATCGGCCATA-1,at10_1,0.38030503402042964,AC-gliosis-hypoxia
1223,cellranger-arc201_count_a166708bcbeb284b79da9df9facb9573#ATGTCATCACCAGCAT-1,at10_1,0.35892368143937126,AC-gliosis-hypoxia
1224,cellranger-arc201_count_a166708bcbeb284b79da9df9facb9573#ATGTCATCATCATGTG-1,at10_1,0.4419414326834857,AC-gliosis-hypoxia
1225,cellranger-arc201_count_a166708bcbeb284b79da9df9facb9573#ATGTTCAAGGTCCACA-1,at10_1,0.41639116335486703,AC-gliosis-hypoxia
1226,cellranger-arc201_count_a166708bcbeb284b79da9df9facb9573#ATGTTGTCAAACTCAT-1,at10_1,0.43950424208940253,AC-gliosis-hypoxia
1227,cellranger-arc201_count_a166708bcbeb284b79da9df9facb9573#ATGTTGTCAACTCGCG-1,at10_1,0.6341658756189318,AC-gliosis-hypoxia
1228,cellranger-arc201_count_a166708bcbeb284b79da9df9facb9573#ATTACCGCAAGGACCA-1,at10_1,0.5494839154392924,AC-gliosis-hypoxia
1229,cellranger-arc201_count_a166708bcbeb284b79da9df9facb9573#ATTACCGCAGCTACGT-1,at10_1,0.3675112311933834,AC-gliosis-hypoxia
1230,cellranger-arc201_count_a166708bcbeb284b79da9df9facb9573#ATTCATGAGCACCACA-1,at10_1,0.5866251787979481,AC-gliosis-hypoxia
1231,cellranger-arc201_count_a166708bcbeb284b79da9df9facb9573#ATTCCGGAGTCAATCA-1,at10_1,0.4442303359774398,AC-gliosis-hypoxia
1232,cellranger-arc201_count_a166708bcbeb284b79da9df9facb9573#ATTCCTCCACAACAAA-1,at10_1,0.446534552454847,AC-gliosis-hypoxia
1233,cellranger-arc201_count_a166708bcbeb284b79da9df9facb9573#ATTCGTTTCTTGTCTG-1,at10_1,0.6143386997897508,AC-gliosis-hypoxia
1234,cellranger-arc201_count_a166708bcbeb284b79da9df9facb9573#ATTGCAGGTTGCACGG-1,at10_1,0.38019812015777565,AC-gliosis-hypoxia
1235,cellranger-arc201_count_a166708bcbeb284b79da9df9facb9573#ATTTAGCCAATGCCTA-1,at10_1,0.4550477358215809,AC-gliosis-hypoxia
1236,cellranger-arc201_count_a166708bcbeb284b79da9df9facb9573#CAAACACTCGATCAGT-1,at10_1,0.6312496886464376,AC-gliosis-hypoxia
1237,cellranger-arc201_count_a166708bcbeb284b79da9df9facb9573#CAAACACTCTAAGTGC-1,at10_1,0.6569844679145895,AC-gliosis-hypoxia
1238,cellranger-arc201_count_a166708bcbeb284b79da9df9facb9573#CAAACTGGTCGACTAA-1,at10_1,0.4538893352565857,AC-gliosis-hypoxia
1239,cellranger-arc201_count_a166708bcbeb284b79da9df9facb9573#CAAAGGATCAGCAAAG-1,at10_1,0.5606451658573336,AC-gliosis-hypoxia
1240,cellranger-arc201_count_a166708bcbeb284b79da9df9facb9573#CAACTAATCCCTCAAC-1,at10_1,0.7098138928258272,AC-gliosis-hypoxia
1241,cellranger-arc201_count_a166708bcbeb284b79da9df9facb9573#CAAGGTTTCCTGCGAA-1,at10_1,0.6022565423609951,AC-gliosis-hypoxia
1242,cellranger-arc201_count_a166708bcbeb284b79da9df9facb9573#CAAGTATGTGAATCGC-1,at10_1,0.7287458321081917,AC-gliosis-hypoxia
1243,cellranger-arc201_count_a166708bcbeb284b79da9df9facb9573#CAATATGTCGCTAGAT-1,at10_1,0.6567070487147237,AC-gliosis-hypoxia
1244,cellranger-arc201_count_a166708bcbeb284b79da9df9facb9573#CAATGCCCACAATACT-1,at10_1,0.45342091889583286,AC-gliosis-hypoxia
1245,cellranger-arc201_count_a166708bcbeb284b79da9df9facb9573#CAATGCCCATGCAACC-1,at10_1,0.6604439666359978,AC-gliosis-hypoxia
1246,cellranger-arc201_count_a166708bcbeb284b79da9df9facb9573#CACATACAGCCGCAGT-1,at10_1,0.4618252951335949,AC-gliosis-hypoxia
1247,cellranger-arc201_count_a166708bcbeb284b79da9df9facb9573#CACCTGTTCTAGCGAT-1,at10_1,0.5071800489377325,AC-gliosis-hypoxia
1248,cellranger-arc201_count_a166708bcbeb284b79da9df9facb9573#CACTAGCCACATGCTA-1,at10_1,0.6643898677481783,AC-gliosis-hypoxia
1249,cellranger-arc201_count_a166708bcbeb284b79da9df9facb9573#CACTTAAAGGCGAAAC-1,at10_1,0.6336213388153417,AC-gliosis-hypoxia
1250,cellranger-arc201_count_a166708bcbeb284b79da9df9facb9573#CAGAATCTCCGTTATT-1,at10_1,0.49719958417467963,AC-gliosis-hypoxia
1251,cellranger-arc201_count_a166708bcbeb284b79da9df9facb9573#CAGCATTAGTGATTCA-1,at10_1,0.6406180715457963,AC-gliosis-hypoxia
1252,cellranger-arc201_count_a166708bcbeb284b79da9df9facb9573#CAGGATGCAGCATGAG-1,at10_1,0.3786212242100846,AC-gliosis-hypoxia
1253,cellranger-arc201_count_a166708bcbeb284b79da9df9facb9573#CAGGCTATCTTAGCCC-1,at10_1,0.5033986392579894,AC-gliosis-hypoxia
1254,cellranger-arc201_count_a166708bcbeb284b79da9df9facb9573#CAGGTTTAGGACCTCA-1,at10_1,0.3892210933227372,AC-gliosis-hypoxia
1255,cellranger-arc201_count_a166708bcbeb284b79da9df9facb9573#CAGTATGGTTAGGACC-1,at10_1,0.6747525495702191,AC-gliosis-hypoxia
1256,cellranger-arc201_count_a166708bcbeb284b79da9df9facb9573#CATAATGTCCTAACGG-1,at10_1,0.4216479286549316,AC-gliosis-hypoxia
1257,cellranger-arc201_count_a166708bcbeb284b79da9df9facb9573#CATAGGTTCGCTAGTG-1,at10_1,0.5877278950594776,AC-gliosis-hypoxia
1258,cellranger-arc201_count_a166708bcbeb284b79da9df9facb9573#CATCAGCCAAGCCAGA-1,at10_1,0.5445944438048871,AC-gliosis-hypoxia
1259,cellranger-arc201_count_a166708bcbeb284b79da9df9facb9573#CATCAGCCACAATTAC-1,at10_1,0.4387198729907859,AC-gliosis-hypoxia
1260,cellranger-arc201_count_a166708bcbeb284b79da9df9facb9573#CATCATGCATTGTTGG-1,at10_1,0.6626771856264864,AC-gliosis-hypoxia
1261,cellranger-arc201_count_a166708bcbeb284b79da9df9facb9573#CATCCCAGTACTTAGG-1,at10_1,0.44087491121920874,AC-gliosis-hypoxia
1262,cellranger-arc201_count_a166708bcbeb284b79da9df9facb9573#CATTGCGAGGTTTGAC-1,at10_1,0.6398010714453488,AC-gliosis-hypoxia
1263,cellranger-arc201_count_a166708bcbeb284b79da9df9facb9573#CATTGTGCAATATAGG-1,at10_1,0.45174793968251187,AC-gliosis-hypoxia
1264,cellranger-arc201_count_a166708bcbeb284b79da9df9facb9573#CCAACCAAGTCAATTG-1,at10_1,0.45936421597332505,AC-gliosis-hypoxia
1265,cellranger-arc201_count_a166708bcbeb284b79da9df9facb9573#CCAATATCACATAGCC-1,at10_1,0.7569424701168619,AC-gliosis-hypoxia
1266,cellranger-arc201_count_a166708bcbeb284b79da9df9facb9573#CCAGCTAAGGCCCAGT-1,at10_1,0.4286900997770143,AC-gliosis-hypoxia
1267,cellranger-arc201_count_a166708bcbeb284b79da9df9facb9573#CCAGTTTGTCATCATC-1,at10_1,0.5244153431778031,AC-gliosis-hypoxia
1268,cellranger-arc201_count_a166708bcbeb284b79da9df9facb9573#CCATAAATCATTACAG-1,at10_1,0.6289577227157928,AC-gliosis-hypoxia
1269,cellranger-arc201_count_a166708bcbeb284b79da9df9facb9573#CCCAAATAGTTCCTCA-1,at10_1,0.44686036131442436,AC-gliosis-hypoxia
1270,cellranger-arc201_count_a166708bcbeb284b79da9df9facb9573#CCCAACCGTGAGGTGA-1,at10_1,0.37263209895084015,AC-gliosis-hypoxia
1271,cellranger-arc201_count_a166708bcbeb284b79da9df9facb9573#CCCAATTGTCTAGCTT-1,at10_1,0.5512539523935539,AC-gliosis-hypoxia
1272,cellranger-arc201_count_a166708bcbeb284b79da9df9facb9573#CCCAATTGTGCTGGTG-1,at10_1,0.447327329883287,AC-gliosis-hypoxia
1273,cellranger-arc201_count_a166708bcbeb284b79da9df9facb9573#CCCAGCACAAACAACA-1,at10_1,0.7337123708185934,AC-gliosis-hypoxia
1274,cellranger-arc201_count_a166708bcbeb284b79da9df9facb9573#CCCATAACAATCATGT-1,at10_1,0.4762754275672258,AC-gliosis-hypoxia
1275,cellranger-arc201_count_a166708bcbeb284b79da9df9facb9573#CCCGCTTCACCTAATG-1,at10_1,0.44981140666088815,AC-gliosis-hypoxia
1276,cellranger-arc201_count_a166708bcbeb284b79da9df9facb9573#CCCGCTTCATTCCTGT-1,at10_1,0.44963522152472296,AC-gliosis-hypoxia
1277,cellranger-arc201_count_a166708bcbeb284b79da9df9facb9573#CCCTAATGTAGCCATA-1,at10_1,0.41461714497290775,AC-gliosis-hypoxia
1278,cellranger-arc201_count_a166708bcbeb284b79da9df9facb9573#CCCTGGACAGGTATTT-1,at10_1,0.4345694991162797,AC-gliosis-hypoxia
1279,cellranger-arc201_count_a166708bcbeb284b79da9df9facb9573#CCCTGTTAGAACCTAC-1,at10_1,0.054034405396081855,AC-gliosis-hypoxia
1280,cellranger-arc201_count_a166708bcbeb284b79da9df9facb9573#CCGATGCAGGACTTAC-1,at10_1,0.45699741033882246,AC-gliosis-hypoxia
1281,cellranger-arc201_count_a166708bcbeb284b79da9df9facb9573#CCGCAAATCAGTATTG-1,at10_1,0.7425792051966373,AC-gliosis-hypoxia
1282,cellranger-arc201_count_a166708bcbeb284b79da9df9facb9573#CCGTTAACAAACTCAT-1,at10_1,0.6571583143100093,AC-gliosis-hypoxia
1283,cellranger-arc201_count_a166708bcbeb284b79da9df9facb9573#CCTAATCGTGGTGAGA-1,at10_1,0.3892142998377144,AC-gliosis-hypoxia
1284,cellranger-arc201_count_a166708bcbeb284b79da9df9facb9573#CCTAGTTGTTTGCAGA-1,at10_1,0.7812174296853592,AC-gliosis-hypoxia
1285,cellranger-arc201_count_a166708bcbeb284b79da9df9facb9573#CCTCAATGTTTAGCTC-1,at10_1,0.7274473298356768,AC-gliosis-hypoxia
1286,cellranger-arc201_count_a166708bcbeb284b79da9df9facb9573#CCTGAGTCACACAATT-1,at10_1,0.43337078311557536,AC-gliosis-hypoxia
1287,cellranger-arc201_count_a166708bcbeb284b79da9df9facb9573#CCTGTATGTAGCAGCT-1,at10_1,0.4568036846470656,AC-gliosis-hypoxia
1288,cellranger-arc201_count_a166708bcbeb284b79da9df9facb9573#CCTGTTGGTGATCATG-1,at10_1,0.3772209867151382,AC-gliosis-hypoxia
1289,cellranger-arc201_count_a166708bcbeb284b79da9df9facb9573#CCTGTTGGTGCTAGAC-1,at10_1,0.6561897415355283,AC-gliosis-hypoxia
1290,cellranger-arc201_count_a166708bcbeb284b79da9df9facb9573#CCTTACTCACCTCGCT-1,at10_1,0.38257759397131663,AC-gliosis-hypoxia
1291,cellranger-arc201_count_a166708bcbeb284b79da9df9facb9573#CCTTAGTGTGCTAGCG-1,at10_1,0.4523529496396658,AC-gliosis-hypoxia
1292,cellranger-arc201_count_a166708bcbeb284b79da9df9facb9573#CCTTATGTCCAGGTTG-1,at10_1,0.742889867925672,AC-gliosis-hypoxia
1293,cellranger-arc201_count_a166708bcbeb284b79da9df9facb9573#CCTTATGTCTAATTGG-1,at10_1,0.6343203438767455,AC-gliosis-hypoxia
1294,cellranger-arc201_count_a166708bcbeb284b79da9df9facb9573#CCTTCGGTCGTTAGCG-1,at10_1,0.6270450782603558,AC-gliosis-hypoxia
1295,cellranger-arc201_count_a166708bcbeb284b79da9df9facb9573#CCTTCGTAGATAAAGC-1,at10_1,0.48027550950667836,AC-gliosis-hypoxia
1296,cellranger-arc201_count_a166708bcbeb284b79da9df9facb9573#CGAAGAATCCCTGGAA-1,at10_1,0.4439313669521329,AC-gliosis-hypoxia
1297,cellranger-arc201_count_a166708bcbeb284b79da9df9facb9573#CGAAGAATCGCTAGTG-1,at10_1,0.36004474567889283,AC-gliosis-hypoxia
1298,cellranger-arc201_count_a166708bcbeb284b79da9df9facb9573#CGACTAAGTTAGTTGG-1,at10_1,0.48275930786276217,AC-gliosis-hypoxia
1299,cellranger-arc201_count_a166708bcbeb284b79da9df9facb9573#CGAGTCGGTTTGCGAA-1,at10_1,0.41895283620934753,AC-gliosis-hypoxia
1300,cellranger-arc201_count_a166708bcbeb284b79da9df9facb9573#CGATATTCAGAGGGAG-1,at10_1,0.633012542325552,AC-gliosis-hypoxia
1301,cellranger-arc201_count_a166708bcbeb284b79da9df9facb9573#CGCACCACATGTCGCG-1,at10_1,0.5737700675527863,AC-gliosis-hypoxia
1302,cellranger-arc201_count_a166708bcbeb284b79da9df9facb9573#CGCTAACCATTAAGTC-1,at10_1,0.4475193850459399,AC-gliosis-hypoxia
1303,cellranger-arc201_count_a166708bcbeb284b79da9df9facb9573#CGCTATGAGCTAATCA-1,at10_1,0.511602050844544,AC-gliosis-hypoxia
1304,cellranger-arc201_count_a166708bcbeb284b79da9df9facb9573#CGCTCAGCAAGTAAGC-1,at10_1,0.7212472167506013,AC-gliosis-hypoxia
1305,cellranger-arc201_count_a166708bcbeb284b79da9df9facb9573#CGCTGTGCATTAAACC-1,at10_1,0.6456165173620839,AC-gliosis-hypoxia
1306,cellranger-arc201_count_a166708bcbeb284b79da9df9facb9573#CGGGACAAGTCACTCC-1,at10_1,0.4569057539753181,AC-gliosis-hypoxia
1307,cellranger-arc201_count_a166708bcbeb284b79da9df9facb9573#CGGGTATGTTTCAGGA-1,at10_1,0.5214668593092987,AC-gliosis-hypoxia
1308,cellranger-arc201_count_a166708bcbeb284b79da9df9facb9573#CGGTGAACACCATATG-1,at10_1,0.6590803694127318,AC-gliosis-hypoxia
1309,cellranger-arc201_count_a166708bcbeb284b79da9df9facb9573#CGTCCTAGTCTAACCT-1,at10_1,0.4433485193477583,AC-gliosis-hypoxia
1310,cellranger-arc201_count_a166708bcbeb284b79da9df9facb9573#CGTTAACAGTTGGATC-1,at10_1,0.6321956535937114,AC-gliosis-hypoxia
1311,cellranger-arc201_count_a166708bcbeb284b79da9df9facb9573#CGTTATTTCAGGCTAT-1,at10_1,0.6284827356072311,AC-gliosis-hypoxia
1312,cellranger-arc201_count_a166708bcbeb284b79da9df9facb9573#CTAACCTGTAAGCTCA-1,at10_1,0.6262931731106596,AC-gliosis-hypoxia
1313,cellranger-arc201_count_a166708bcbeb284b79da9df9facb9573#CTAATAGTCAAGCTTA-1,at10_1,0.6647632866872187,AC-gliosis-hypoxia
1314,cellranger-arc201_count_a166708bcbeb284b79da9df9facb9573#CTAATCCGTATTGTCC-1,at10_1,0.5288782730476619,AC-gliosis-hypoxia
1315,cellranger-arc201_count_a166708bcbeb284b79da9df9facb9573#CTAATCTTCAGCTAAC-1,at10_1,0.6478907756842266,AC-gliosis-hypoxia
1316,cellranger-arc201_count_a166708bcbeb284b79da9df9facb9573#CTAGCTGAGGGCTTAT-1,at10_1,0.48059352256377047,AC-gliosis-hypoxia
1317,cellranger-arc201_count_a166708bcbeb284b79da9df9facb9573#CTAGCTTGTTTGCAGA-1,at10_1,0.691487130553527,AC-gliosis-hypoxia
1318,cellranger-arc201_count_a166708bcbeb284b79da9df9facb9573#CTATGAGGTGGACCTG-1,at10_1,0.7233157215714386,AC-gliosis-hypoxia
1319,cellranger-arc201_count_a166708bcbeb284b79da9df9facb9573#CTATTCAGTCACCAAA-1,at10_1,0.6360330259984375,AC-gliosis-hypoxia
1320,cellranger-arc201_count_a166708bcbeb284b79da9df9facb9573#CTCACTCAGATGCCTG-1,at10_1,0.46526068255160263,AC-gliosis-hypoxia
1321,cellranger-arc201_count_a166708bcbeb284b79da9df9facb9573#CTCCGTCCAAGTGAAC-1,at10_1,0.4460440294256185,AC-gliosis-hypoxia
1322,cellranger-arc201_count_a166708bcbeb284b79da9df9facb9573#CTCCTCACATAAGTCT-1,at10_1,0.46082403567297964,AC-gliosis-hypoxia
1323,cellranger-arc201_count_a166708bcbeb284b79da9df9facb9573#CTCGACAAGTGAACAG-1,at10_1,0.3751254193228166,AC-gliosis-hypoxia
1324,cellranger-arc201_count_a166708bcbeb284b79da9df9facb9573#CTCGTTATCTCGCCTG-1,at10_1,0.20126902857069034,AC-gliosis-hypoxia
1325,cellranger-arc201_count_a166708bcbeb284b79da9df9facb9573#CTGAATATCAGTGAAG-1,at10_1,0.385434170896951,AC-gliosis-hypoxia
1326,cellranger-arc201_count_a166708bcbeb284b79da9df9facb9573#CTGCAATAGCTCCTAC-1,at10_1,0.4506138731581312,AC-gliosis-hypoxia
1327,cellranger-arc201_count_a166708bcbeb284b79da9df9facb9573#CTGCTACTCCCGAAGC-1,at10_1,0.7291082255551459,AC-gliosis-hypoxia
1328,cellranger-arc201_count_a166708bcbeb284b79da9df9facb9573#CTGCTACTCCGGTATG-1,at10_1,0.38588518591287074,AC-gliosis-hypoxia
1329,cellranger-arc201_count_a166708bcbeb284b79da9df9facb9573#CTGGACCAGTGAGCAA-1,at10_1,0.653231345861007,AC-gliosis-hypoxia
1330,cellranger-arc201_count_a166708bcbeb284b79da9df9facb9573#CTGGATGTCACCAATA-1,at10_1,0.6052996338610874,AC-gliosis-hypoxia
1331,cellranger-arc201_count_a166708bcbeb284b79da9df9facb9573#CTGGTCAAGGCAACAA-1,at10_1,0.5041113983423493,AC-gliosis-hypoxia
1332,cellranger-arc201_count_a166708bcbeb284b79da9df9facb9573#CTGGTTTGTCCTTCTC-1,at10_1,0.37869197111763764,AC-gliosis-hypoxia
1333,cellranger-arc201_count_a166708bcbeb284b79da9df9facb9573#CTGTAACAGGAACCAA-1,at10_1,0.5510215817951919,AC-gliosis-hypoxia
1334,cellranger-arc201_count_a166708bcbeb284b79da9df9facb9573#CTGTACCTCATGAGCT-1,at10_1,0.4512601451841531,AC-gliosis-hypoxia
1335,cellranger-arc201_count_a166708bcbeb284b79da9df9facb9573#CTTACCTCATTATCCC-1,at10_1,0.5576913362956966,AC-gliosis-hypoxia
1336,cellranger-arc201_count_a166708bcbeb284b79da9df9facb9573#CTTCAAGCACAGCCAT-1,at10_1,0.39493229822338466,AC-gliosis-hypoxia
1337,cellranger-arc201_count_a166708bcbeb284b79da9df9facb9573#CTTCAATTCTGGCAAT-1,at10_1,0.37324409728807906,AC-gliosis-hypoxia
1338,cellranger-arc201_count_a166708bcbeb284b79da9df9facb9573#CTTCTCAAGCCTCTGT-1,at10_1,0.380643344006135,AC-gliosis-hypoxia
1339,cellranger-arc201_count_a166708bcbeb284b79da9df9facb9573#CTTGTCCAGGTCATTA-1,at10_1,0.6877412474593949,AC-gliosis-hypoxia
1340,cellranger-arc201_count_a166708bcbeb284b79da9df9facb9573#CTTTAGTTCATAGACC-1,at10_1,0.44897931611420144,AC-gliosis-hypoxia
1341,cellranger-arc201_count_a166708bcbeb284b79da9df9facb9573#CTTTAGTTCCGCAAAT-1,at10_1,0.4921573704958681,AC-gliosis-hypoxia
1342,cellranger-arc201_count_a166708bcbeb284b79da9df9facb9573#CTTTCTTGTTACAAAC-1,at10_1,0.38991569932416725,AC-gliosis-hypoxia
1343,cellranger-arc201_count_a166708bcbeb284b79da9df9facb9573#CTTTGGTGTGATGATT-1,at10_1,0.4487153725157744,AC-gliosis-hypoxia
1344,cellranger-arc201_count_a166708bcbeb284b79da9df9facb9573#CTTTGGTGTGTTAGCA-1,at10_1,0.6388926934029142,AC-gliosis-hypoxia
1345,cellranger-arc201_count_a166708bcbeb284b79da9df9facb9573#GAAGGATGTACCTTAC-1,at10_1,0.44823604203154244,AC-gliosis-hypoxia
1346,cellranger-arc201_count_a166708bcbeb284b79da9df9facb9573#GAAGTGATCTAACTGA-1,at10_1,0.41496394681489157,AC-gliosis-hypoxia
1347,cellranger-arc201_count_a166708bcbeb284b79da9df9facb9573#GACCTAAGTCCTTAGT-1,at10_1,0.6855354251462116,AC-gliosis-hypoxia
1348,cellranger-arc201_count_a166708bcbeb284b79da9df9facb9573#GACTCACCACCTGGTG-1,at10_1,0.48759042234713557,AC-gliosis-hypoxia
1349,cellranger-arc201_count_a166708bcbeb284b79da9df9facb9573#GACTTACAGGCCTTAG-1,at10_1,0.6454198960865468,AC-gliosis-hypoxia
1350,cellranger-arc201_count_a166708bcbeb284b79da9df9facb9573#GACTTGGTCGCCTAAG-1,at10_1,0.7005988644982127,AC-gliosis-hypoxia
1351,cellranger-arc201_count_a166708bcbeb284b79da9df9facb9573#GAGCAAGGTGGATGTC-1,at10_1,0.6611462013870029,AC-gliosis-hypoxia
1352,cellranger-arc201_count_a166708bcbeb284b79da9df9facb9573#GAGGCCTTCTACCTAT-1,at10_1,0.40644204885466545,AC-gliosis-hypoxia
1353,cellranger-arc201_count_a166708bcbeb284b79da9df9facb9573#GAGGTACAGGAAACTG-1,at10_1,0.387266156638818,AC-gliosis-hypoxia
1354,cellranger-arc201_count_a166708bcbeb284b79da9df9facb9573#GAGGTACAGTAACGAG-1,at10_1,0.6091763750683638,AC-gliosis-hypoxia
1355,cellranger-arc201_count_a166708bcbeb284b79da9df9facb9573#GAGGTTAAGTGTTGCG-1,at10_1,0.43923606648391217,AC-gliosis-hypoxia
1356,cellranger-arc201_count_a166708bcbeb284b79da9df9facb9573#GAGTCAAAGAATGACG-1,at10_1,0.4520008021045493,AC-gliosis-hypoxia
1357,cellranger-arc201_count_a166708bcbeb284b79da9df9facb9573#GAGTTGCGTGATTACG-1,at10_1,0.6142585143927601,AC-gliosis-hypoxia
1358,cellranger-arc201_count_a166708bcbeb284b79da9df9facb9573#GAGTTTGGTCTAACAG-1,at10_1,0.4607833861314498,AC-gliosis-hypoxia
1359,cellranger-arc201_count_a166708bcbeb284b79da9df9facb9573#GATAACGAGAGGATAT-1,at10_1,0.6301721973743779,AC-gliosis-hypoxia
1360,cellranger-arc201_count_a166708bcbeb284b79da9df9facb9573#GATAATCGTTTGACCT-1,at10_1,0.45370741463716346,AC-gliosis-hypoxia
1361,cellranger-arc201_count_a166708bcbeb284b79da9df9facb9573#GATAGACCAAACGGGC-1,at10_1,0.6526996721315173,AC-gliosis-hypoxia
1362,cellranger-arc201_count_a166708bcbeb284b79da9df9facb9573#GATCAAGAGCTGTACG-1,at10_1,0.624399349949794,AC-gliosis-hypoxia
1363,cellranger-arc201_count_a166708bcbeb284b79da9df9facb9573#GATCAGTTCACCATTT-1,at10_1,0.38141624213823766,AC-gliosis-hypoxia
1364,cellranger-arc201_count_a166708bcbeb284b79da9df9facb9573#GATCGCTCAAACCTAT-1,at10_1,0.7381495188559476,AC-gliosis-hypoxia
1365,cellranger-arc201_count_a166708bcbeb284b79da9df9facb9573#GATGCTTAGCACGTTG-1,at10_1,0.44015758602196464,AC-gliosis-hypoxia
1366,cellranger-arc201_count_a166708bcbeb284b79da9df9facb9573#GATTAAGCAATAACGA-1,at10_1,0.4074670855128605,AC-gliosis-hypoxia
1367,cellranger-arc201_count_a166708bcbeb284b79da9df9facb9573#GATTAAGCAATTGAGA-1,at10_1,0.49817478338127297,AC-gliosis-hypoxia
1368,cellranger-arc201_count_a166708bcbeb284b79da9df9facb9573#GATTAAGCAGACAAAC-1,at10_1,0.4972092732434827,AC-gliosis-hypoxia
1369,cellranger-arc201_count_a166708bcbeb284b79da9df9facb9573#GATTCAGGTATTTGCC-1,at10_1,0.27090458879518914,AC-gliosis-hypoxia
1370,cellranger-arc201_count_a166708bcbeb284b79da9df9facb9573#GATTCGCCAATAAGCA-1,at10_1,0.7026099588021768,AC-gliosis-hypoxia
1371,cellranger-arc201_count_a166708bcbeb284b79da9df9facb9573#GATTGCAGTTATCCTA-1,at10_1,0.4305705865471999,AC-gliosis-hypoxia
1372,cellranger-arc201_count_a166708bcbeb284b79da9df9facb9573#GATTGCGTCCTTAGTT-1,at10_1,0.42059933753637063,AC-gliosis-hypoxia
1373,cellranger-arc201_count_a166708bcbeb284b79da9df9facb9573#GATTGCGTCGCTCCAT-1,at10_1,0.3797057038622292,AC-gliosis-hypoxia
1374,cellranger-arc201_count_a166708bcbeb284b79da9df9facb9573#GATTGTTCAGTAAAGC-1,at10_1,0.37055482385220706,AC-gliosis-hypoxia
1375,cellranger-arc201_count_a166708bcbeb284b79da9df9facb9573#GCAAGCCTCTACTAAG-1,at10_1,0.4551467981974462,AC-gliosis-hypoxia
1376,cellranger-arc201_count_a166708bcbeb284b79da9df9facb9573#GCAAGTGCAGGTATTT-1,at10_1,0.4280572476681276,AC-gliosis-hypoxia
1377,cellranger-arc201_count_a166708bcbeb284b79da9df9facb9573#GCAATATGTAATCGTG-1,at10_1,0.7455829278941797,AC-gliosis-hypoxia
1378,cellranger-arc201_count_a166708bcbeb284b79da9df9facb9573#GCAATCTAGACACTTA-1,at10_1,0.45889880656495946,AC-gliosis-hypoxia
1379,cellranger-arc201_count_a166708bcbeb284b79da9df9facb9573#GCAATGAAGGTAACGA-1,at10_1,0.6036230908523448,AC-gliosis-hypoxia
1380,cellranger-arc201_count_a166708bcbeb284b79da9df9facb9573#GCACGGTTCCTTAGTT-1,at10_1,0.48845024367694817,AC-gliosis-hypoxia
1381,cellranger-arc201_count_a166708bcbeb284b79da9df9facb9573#GCAGGCTTCAATGACC-1,at10_1,0.4150663502489648,AC-gliosis-hypoxia
1382,cellranger-arc201_count_a166708bcbeb284b79da9df9facb9573#GCATTGCCACAACCTA-1,at10_1,0.17562309360871783,AC-gliosis-hypoxia
1383,cellranger-arc201_count_a166708bcbeb284b79da9df9facb9573#GCATTGCCATGGTTAT-1,at10_1,0.600949854495871,AC-gliosis-hypoxia
1384,cellranger-arc201_count_a166708bcbeb284b79da9df9facb9573#GCATTGCCATTGTTGG-1,at10_1,0.3814343116947123,AC-gliosis-hypoxia
1385,cellranger-arc201_count_a166708bcbeb284b79da9df9facb9573#GCCACTAAGTTATCTC-1,at10_1,0.4658311125563044,AC-gliosis-hypoxia
1386,cellranger-arc201_count_a166708bcbeb284b79da9df9facb9573#GCCAGGTTCATTACAG-1,at10_1,0.6008637665627131,AC-gliosis-hypoxia
1387,cellranger-arc201_count_a166708bcbeb284b79da9df9facb9573#GCCAGGTTCTTTGAGA-1,at10_1,0.43727475394724624,AC-gliosis-hypoxia
1388,cellranger-arc201_count_a166708bcbeb284b79da9df9facb9573#GCCATGATCGCACAAT-1,at10_1,0.12882690984614517,AC-gliosis-hypoxia
1389,cellranger-arc201_count_a166708bcbeb284b79da9df9facb9573#GCCATGATCTCCATAT-1,at10_1,0.4391907951451946,AC-gliosis-hypoxia
1390,cellranger-arc201_count_a166708bcbeb284b79da9df9facb9573#GCCCAAATCCTACCTA-1,at10_1,0.6322637554968499,AC-gliosis-hypoxia
1391,cellranger-arc201_count_a166708bcbeb284b79da9df9facb9573#GCCTTACTCGCAAACT-1,at10_1,0.3745293188542172,AC-gliosis-hypoxia
1392,cellranger-arc201_count_a166708bcbeb284b79da9df9facb9573#GCCTTACTCTACCTAT-1,at10_1,0.48225620018095033,AC-gliosis-hypoxia
1393,cellranger-arc201_count_a166708bcbeb284b79da9df9facb9573#GCCTTTGGTAGCCTAA-1,at10_1,0.4243581672310584,AC-gliosis-hypoxia
1394,cellranger-arc201_count_a166708bcbeb284b79da9df9facb9573#GCGATTTAGCTCCTAC-1,at10_1,0.4379280421955049,AC-gliosis-hypoxia
1395,cellranger-arc201_count_a166708bcbeb284b79da9df9facb9573#GCGCTTAAGCCTGACA-1,at10_1,0.6630377971757297,AC-gliosis-hypoxia
1396,cellranger-arc201_count_a166708bcbeb284b79da9df9facb9573#GCGGAACCAGGTTCAC-1,at10_1,0.4541067824616189,AC-gliosis-hypoxia
1397,cellranger-arc201_count_a166708bcbeb284b79da9df9facb9573#GCGGATACAAGGTGGC-1,at10_1,0.7553073005455941,AC-gliosis-hypoxia
1398,cellranger-arc201_count_a166708bcbeb284b79da9df9facb9573#GCGGTTATCATTATGG-1,at10_1,0.7374246205934322,AC-gliosis-hypoxia
1399,cellranger-arc201_count_a166708bcbeb284b79da9df9facb9573#GCTAGCCAGTCAATCA-1,at10_1,0.4099636634165897,AC-gliosis-hypoxia
1400,cellranger-arc201_count_a166708bcbeb284b79da9df9facb9573#GCTAGTGTCCGGTTGA-1,at10_1,0.3986070167776876,AC-gliosis-hypoxia
1401,cellranger-arc201_count_a166708bcbeb284b79da9df9facb9573#GCTATAGGTTTAGCGA-1,at10_1,0.28105736863531633,AC-gliosis-hypoxia
1402,cellranger-arc201_count_a166708bcbeb284b79da9df9facb9573#GCTATCCTCGTTTCCA-1,at10_1,0.4180580729791103,AC-gliosis-hypoxia
1403,cellranger-arc201_count_a166708bcbeb284b79da9df9facb9573#GCTATCCTCTACTAAG-1,at10_1,0.6322423727243192,AC-gliosis-hypoxia
1404,cellranger-arc201_count_a166708bcbeb284b79da9df9facb9573#GCTCACAAGCACAGAA-1,at10_1,0.6226058699037734,AC-gliosis-hypoxia
1405,cellranger-arc201_count_a166708bcbeb284b79da9df9facb9573#GCTGCAATCGGCCAGT-1,at10_1,0.4366383937272412,AC-gliosis-hypoxia
1406,cellranger-arc201_count_a166708bcbeb284b79da9df9facb9573#GCTGCAATCTTAGCCC-1,at10_1,0.36602306818326485,AC-gliosis-hypoxia
1407,cellranger-arc201_count_a166708bcbeb284b79da9df9facb9573#GCTGCATCACTTCACT-1,at10_1,0.38618991826358634,AC-gliosis-hypoxia
1408,cellranger-arc201_count_a166708bcbeb284b79da9df9facb9573#GCTGGATGTGCCGCAA-1,at10_1,0.4720029936995229,AC-gliosis-hypoxia
1409,cellranger-arc201_count_a166708bcbeb284b79da9df9facb9573#GCTGTGCAGGCTGTGC-1,at10_1,0.4322556214122211,AC-gliosis-hypoxia
1410,cellranger-arc201_count_a166708bcbeb284b79da9df9facb9573#GCTGTGCAGGTTTGAC-1,at10_1,0.4964670571625895,AC-gliosis-hypoxia
1411,cellranger-arc201_count_a166708bcbeb284b79da9df9facb9573#GCTTAGTAGTGAGGTA-1,at10_1,0.4948923607448853,AC-gliosis-hypoxia
1412,cellranger-arc201_count_a166708bcbeb284b79da9df9facb9573#GCTTGTTGTTTGGTTC-1,at10_1,0.46917868582774686,AC-gliosis-hypoxia
1413,cellranger-arc201_count_a166708bcbeb284b79da9df9facb9573#GGAACAATCAGTATTG-1,at10_1,0.5475326260772503,AC-gliosis-hypoxia
1414,cellranger-arc201_count_a166708bcbeb284b79da9df9facb9573#GGAACAATCCGTTAAA-1,at10_1,0.4652889144934597,AC-gliosis-hypoxia
1415,cellranger-arc201_count_a166708bcbeb284b79da9df9facb9573#GGAACCACATCCTAGA-1,at10_1,0.6157639395369532,AC-gliosis-hypoxia
1416,cellranger-arc201_count_a166708bcbeb284b79da9df9facb9573#GGAACCACATGAAATG-1,at10_1,0.38749050869748103,AC-gliosis-hypoxia
1417,cellranger-arc201_count_a166708bcbeb284b79da9df9facb9573#GGACATAAGAGAAGGG-1,at10_1,0.4560796216491022,AC-gliosis-hypoxia
1418,cellranger-arc201_count_a166708bcbeb284b79da9df9facb9573#GGACGGATCCGCCTCA-1,at10_1,0.4578780019138278,AC-gliosis-hypoxia
1419,cellranger-arc201_count_a166708bcbeb284b79da9df9facb9573#GGACGGATCGCTTCTA-1,at10_1,0.7422621944570076,AC-gliosis-hypoxia
1420,cellranger-arc201_count_a166708bcbeb284b79da9df9facb9573#GGATTCAGTTAACGAT-1,at10_1,0.4551743619276617,AC-gliosis-hypoxia
1421,cellranger-arc201_count_a166708bcbeb284b79da9df9facb9573#GGCAAATCATTGTCCT-1,at10_1,0.617101086716073,AC-gliosis-hypoxia
1422,cellranger-arc201_count_a166708bcbeb284b79da9df9facb9573#GGCAGGATCGTTAACA-1,at10_1,0.5511886903898923,AC-gliosis-hypoxia
1423,cellranger-arc201_count_a166708bcbeb284b79da9df9facb9573#GGCAGGATCTTAGTCT-1,at10_1,0.46552033845866286,AC-gliosis-hypoxia
1424,cellranger-arc201_count_a166708bcbeb284b79da9df9facb9573#GGCATGGAGCCACAAT-1,at10_1,0.3895070600631849,AC-gliosis-hypoxia
1425,cellranger-arc201_count_a166708bcbeb284b79da9df9facb9573#GGCATGGAGTAAGTCC-1,at10_1,0.5103391865262473,AC-gliosis-hypoxia
1426,cellranger-arc201_count_a166708bcbeb284b79da9df9facb9573#GGCATTGTCCATCAGG-1,at10_1,0.43174379913691696,AC-gliosis-hypoxia
1427,cellranger-arc201_count_a166708bcbeb284b79da9df9facb9573#GGCCTAATCCGCCTAT-1,at10_1,0.5301776105847286,AC-gliosis-hypoxia
1428,cellranger-arc201_count_a166708bcbeb284b79da9df9facb9573#GGCGTTATCCCGCATT-1,at10_1,0.7819536875457817,AC-gliosis-hypoxia
1429,cellranger-arc201_count_a166708bcbeb284b79da9df9facb9573#GGCTTCAAGCCGCTAA-1,at10_1,0.6041068760808541,AC-gliosis-hypoxia
1430,cellranger-arc201_count_a166708bcbeb284b79da9df9facb9573#GGGCTAACAACTCGCG-1,at10_1,0.6345372899230476,AC-gliosis-hypoxia
1431,cellranger-arc201_count_a166708bcbeb284b79da9df9facb9573#GGGTTTCCATTGTGAT-1,at10_1,0.3779971980632971,AC-gliosis-hypoxia
1432,cellranger-arc201_count_a166708bcbeb284b79da9df9facb9573#GGTACTAGTTTGTCTA-1,at10_1,0.4346463434550622,AC-gliosis-hypoxia
1433,cellranger-arc201_count_a166708bcbeb284b79da9df9facb9573#GGTACTTAGAAACTGG-1,at10_1,0.5991367735750305,AC-gliosis-hypoxia
1434,cellranger-arc201_count_a166708bcbeb284b79da9df9facb9573#GGTACTTAGGACAACA-1,at10_1,0.5329236263258319,AC-gliosis-hypoxia
1435,cellranger-arc201_count_a166708bcbeb284b79da9df9facb9573#GGTCAAGCATGGCCCA-1,at10_1,0.4438635991548153,AC-gliosis-hypoxia
1436,cellranger-arc201_count_a166708bcbeb284b79da9df9facb9573#GGTCAGGAGTTTGCGG-1,at10_1,0.4630383220002899,AC-gliosis-hypoxia
1437,cellranger-arc201_count_a166708bcbeb284b79da9df9facb9573#GGTCCTGCAAACCTTG-1,at10_1,0.4136111245043462,AC-gliosis-hypoxia
1438,cellranger-arc201_count_a166708bcbeb284b79da9df9facb9573#GGTTAGCGTGCATCGG-1,at10_1,0.38815409854188077,AC-gliosis-hypoxia
1439,cellranger-arc201_count_a166708bcbeb284b79da9df9facb9573#GGTTGACGTTCCATTA-1,at10_1,0.39507905420516826,AC-gliosis-hypoxia
1440,cellranger-arc201_count_a166708bcbeb284b79da9df9facb9573#GGTTGGTGTTATCCGT-1,at10_1,0.39497364381870786,AC-gliosis-hypoxia
1441,cellranger-arc201_count_a166708bcbeb284b79da9df9facb9573#GTAAGCAAGCCTAACG-1,at10_1,0.37823466377542625,AC-gliosis-hypoxia
1442,cellranger-arc201_count_a166708bcbeb284b79da9df9facb9573#GTAATAGCACATACTG-1,at10_1,0.5260995149361207,AC-gliosis-hypoxia
1443,cellranger-arc201_count_a166708bcbeb284b79da9df9facb9573#GTAATAGCATGACTAT-1,at10_1,0.49439070085496356,AC-gliosis-hypoxia
1444,cellranger-arc201_count_a166708bcbeb284b79da9df9facb9573#GTACCGGGTTTGACCT-1,at10_1,0.47946012425103135,AC-gliosis-hypoxia
1445,cellranger-arc201_count_a166708bcbeb284b79da9df9facb9573#GTAGCGCTCAAGACTC-1,at10_1,0.7354452663424434,AC-gliosis-hypoxia
1446,cellranger-arc201_count_a166708bcbeb284b79da9df9facb9573#GTAGTTATCCGGCTAA-1,at10_1,0.6302024339511597,AC-gliosis-hypoxia
1447,cellranger-arc201_count_a166708bcbeb284b79da9df9facb9573#GTATTGCAGCTTGCTC-1,at10_1,0.5083228022134538,AC-gliosis-hypoxia
1448,cellranger-arc201_count_a166708bcbeb284b79da9df9facb9573#GTCAATATCTGCAAAC-1,at10_1,0.43033014172483536,AC-gliosis-hypoxia
1449,cellranger-arc201_count_a166708bcbeb284b79da9df9facb9573#GTCATCACACATACTG-1,at10_1,0.6237748504864272,AC-gliosis-hypoxia
1450,cellranger-arc201_count_a166708bcbeb284b79da9df9facb9573#GTCCATTGTAATCCCT-1,at10_1,0.4564599454417724,AC-gliosis-hypoxia
1451,cellranger-arc201_count_a166708bcbeb284b79da9df9facb9573#GTCCATTGTCATTGTC-1,at10_1,0.472131680124832,AC-gliosis-hypoxia
1452,cellranger-arc201_count_a166708bcbeb284b79da9df9facb9573#GTCCTCCCAGTAAAGC-1,at10_1,0.4101702243402954,AC-gliosis-hypoxia
1453,cellranger-arc201_count_a166708bcbeb284b79da9df9facb9573#GTCCTCCCATTATGGT-1,at10_1,0.4829431217485022,AC-gliosis-hypoxia
1454,cellranger-arc201_count_a166708bcbeb284b79da9df9facb9573#GTCTAATCAGCTTAAT-1,at10_1,0.634577048515722,AC-gliosis-hypoxia
1455,cellranger-arc201_count_a166708bcbeb284b79da9df9facb9573#GTCTATCGTTTCGCCA-1,at10_1,0.4546223077431036,AC-gliosis-hypoxia
1456,cellranger-arc201_count_a166708bcbeb284b79da9df9facb9573#GTCTCACTCTTGTTCG-1,at10_1,0.6401335067370385,AC-gliosis-hypoxia
1457,cellranger-arc201_count_a166708bcbeb284b79da9df9facb9573#GTGAATCTCTTGGACG-1,at10_1,0.387928048111962,AC-gliosis-hypoxia
1458,cellranger-arc201_count_a166708bcbeb284b79da9df9facb9573#GTGATGAAGAGAGGAG-1,at10_1,0.41546362991204033,AC-gliosis-hypoxia
1459,cellranger-arc201_count_a166708bcbeb284b79da9df9facb9573#GTGATGAAGGTTTGAC-1,at10_1,0.3787306160242428,AC-gliosis-hypoxia
1460,cellranger-arc201_count_a166708bcbeb284b79da9df9facb9573#GTGCCTTTCTAAGGTC-1,at10_1,0.45803169059139287,AC-gliosis-hypoxia
1461,cellranger-arc201_count_a166708bcbeb284b79da9df9facb9573#GTGCGGTTCCGGTTGA-1,at10_1,0.5499343457700258,AC-gliosis-hypoxia
1462,cellranger-arc201_count_a166708bcbeb284b79da9df9facb9573#GTGCGGTTCGCATTAA-1,at10_1,0.5536046095800514,AC-gliosis-hypoxia
1463,cellranger-arc201_count_a166708bcbeb284b79da9df9facb9573#GTGCTTCTCGCATCCT-1,at10_1,0.420873666257394,AC-gliosis-hypoxia
1464,cellranger-arc201_count_a166708bcbeb284b79da9df9facb9573#GTGGACACACTTGTTC-1,at10_1,0.4022387470497151,AC-gliosis-hypoxia
1465,cellranger-arc201_count_a166708bcbeb284b79da9df9facb9573#GTTAGACTCGCACAAT-1,at10_1,0.45224046734666523,AC-gliosis-hypoxia
1466,cellranger-arc201_count_a166708bcbeb284b79da9df9facb9573#GTTCGCTTCATGGTGT-1,at10_1,0.7144488871933945,AC-gliosis-hypoxia
1467,cellranger-arc201_count_a166708bcbeb284b79da9df9facb9573#GTTCGCTTCTCATCAT-1,at10_1,0.6161409222714154,AC-gliosis-hypoxia
1468,cellranger-arc201_count_a166708bcbeb284b79da9df9facb9573#GTTGTTGCATCGCTTT-1,at10_1,0.4006943985773997,AC-gliosis-hypoxia
1469,cellranger-arc201_count_a166708bcbeb284b79da9df9facb9573#GTTTACCGTAAGGTCC-1,at10_1,0.5687754082691344,AC-gliosis-hypoxia
1470,cellranger-arc201_count_a166708bcbeb284b79da9df9facb9573#GTTTGCTGTCATAGAT-1,at10_1,0.43659440312750336,AC-gliosis-hypoxia
1471,cellranger-arc201_count_a166708bcbeb284b79da9df9facb9573#TAACCTAAGAACCTGT-1,at10_1,0.4793947508787627,AC-gliosis-hypoxia
1472,cellranger-arc201_count_a166708bcbeb284b79da9df9facb9573#TAACCTAAGGCGGGTA-1,at10_1,0.5910242387717318,AC-gliosis-hypoxia
1473,cellranger-arc201_count_a166708bcbeb284b79da9df9facb9573#TAAGCTATCACTAGGT-1,at10_1,0.4015433614680365,AC-gliosis-hypoxia
1474,cellranger-arc201_count_a166708bcbeb284b79da9df9facb9573#TAATCACCAAACATAG-1,at10_1,0.45517954056788396,AC-gliosis-hypoxia
1475,cellranger-arc201_count_a166708bcbeb284b79da9df9facb9573#TACAACATCATGCATA-1,at10_1,0.4875385802606091,AC-gliosis-hypoxia
1476,cellranger-arc201_count_a166708bcbeb284b79da9df9facb9573#TACATCAAGGCAAGTA-1,at10_1,0.3809815704653851,AC-gliosis-hypoxia
1477,cellranger-arc201_count_a166708bcbeb284b79da9df9facb9573#TACCGTTGTATTCGTC-1,at10_1,0.4986924246662894,AC-gliosis-hypoxia
1478,cellranger-arc201_count_a166708bcbeb284b79da9df9facb9573#TACGTAATCCTTGTTG-1,at10_1,0.44488100706343564,AC-gliosis-hypoxia
1479,cellranger-arc201_count_a166708bcbeb284b79da9df9facb9573#TACGTAATCGCTATGG-1,at10_1,0.8073081430212635,AC-gliosis-hypoxia
1480,cellranger-arc201_count_a166708bcbeb284b79da9df9facb9573#TACTAAGTCTGCAACG-1,at10_1,0.6076681100246941,AC-gliosis-hypoxia
1481,cellranger-arc201_count_a166708bcbeb284b79da9df9facb9573#TACTCGCTCGGGACTC-1,at10_1,0.6326812207199316,AC-gliosis-hypoxia
1482,cellranger-arc201_count_a166708bcbeb284b79da9df9facb9573#TACTGGCCAACACTTG-1,at10_1,0.37234476794495763,AC-gliosis-hypoxia
1483,cellranger-arc201_count_a166708bcbeb284b79da9df9facb9573#TAGCGCGGTTTGAGCA-1,at10_1,0.6979803658120456,AC-gliosis-hypoxia
1484,cellranger-arc201_count_a166708bcbeb284b79da9df9facb9573#TAGCGGACACATTGCA-1,at10_1,0.7255023884842299,AC-gliosis-hypoxia
1485,cellranger-arc201_count_a166708bcbeb284b79da9df9facb9573#TAGGCTGTCAAACTCA-1,at10_1,0.6534035217273226,AC-gliosis-hypoxia
1486,cellranger-arc201_count_a166708bcbeb284b79da9df9facb9573#TAGTAACGTTGCCTCA-1,at10_1,0.42727869757922304,AC-gliosis-hypoxia
1487,cellranger-arc201_count_a166708bcbeb284b79da9df9facb9573#TAGTAGGAGCCGCTTT-1,at10_1,0.6068337364215654,AC-gliosis-hypoxia
1488,cellranger-arc201_count_a166708bcbeb284b79da9df9facb9573#TATAGCCAGATAACCC-1,at10_1,0.7190118260722778,AC-gliosis-hypoxia
1489,cellranger-arc201_count_a166708bcbeb284b79da9df9facb9573#TATAGCTCAGACAAAC-1,at10_1,0.6393437919452891,AC-gliosis-hypoxia
1490,cellranger-arc201_count_a166708bcbeb284b79da9df9facb9573#TATATCCTCAAACCGT-1,at10_1,0.3836400226392888,AC-gliosis-hypoxia
1491,cellranger-arc201_count_a166708bcbeb284b79da9df9facb9573#TATCCAGCAAGGACCA-1,at10_1,0.5242768563150841,AC-gliosis-hypoxia
1492,cellranger-arc201_count_a166708bcbeb284b79da9df9facb9573#TATCCGGAGCATGACT-1,at10_1,0.17573309795021416,AC-gliosis-hypoxia
1493,cellranger-arc201_count_a166708bcbeb284b79da9df9facb9573#TATGGCCCACCTATAG-1,at10_1,0.4476029671854419,AC-gliosis-hypoxia
1494,cellranger-arc201_count_a166708bcbeb284b79da9df9facb9573#TATGGTCAGTTACCGG-1,at10_1,0.42851731138336047,AC-gliosis-hypoxia
1495,cellranger-arc201_count_a166708bcbeb284b79da9df9facb9573#TATTTGCTCAATAGCC-1,at10_1,0.4524549075993114,AC-gliosis-hypoxia
1496,cellranger-arc201_count_a166708bcbeb284b79da9df9facb9573#TATTTGGAGGCACAGG-1,at10_1,0.614458588095112,AC-gliosis-hypoxia
1497,cellranger-arc201_count_a166708bcbeb284b79da9df9facb9573#TCAACAATCTAATCTC-1,at10_1,0.45601007195407367,AC-gliosis-hypoxia
1498,cellranger-arc201_count_a166708bcbeb284b79da9df9facb9573#TCAAGAACAGGCATCT-1,at10_1,0.6590250748993904,AC-gliosis-hypoxia
1499,cellranger-arc201_count_a166708bcbeb284b79da9df9facb9573#TCAAGACTCACTAGGT-1,at10_1,0.3875792694772052,AC-gliosis-hypoxia
1500,cellranger-arc201_count_a166708bcbeb284b79da9df9facb9573#TCAAGTATCCTTGCAC-1,at10_1,0.7160229153994573,AC-gliosis-hypoxia
1501,cellranger-arc201_count_a166708bcbeb284b79da9df9facb9573#TCACCTGGTGTGTGGT-1,at10_1,0.49715253093825124,AC-gliosis-hypoxia
1502,cellranger-arc201_count_a166708bcbeb284b79da9df9facb9573#TCACTGACACCTGCCT-1,at10_1,0.41286837942257004,AC-gliosis-hypoxia
1503,cellranger-arc201_count_a166708bcbeb284b79da9df9facb9573#TCACTGACAGCTACGT-1,at10_1,0.21006620188509884,AC-gliosis-hypoxia
1504,cellranger-arc201_count_a166708bcbeb284b79da9df9facb9573#TCATCCATCAAACTCA-1,at10_1,0.40547918372128966,AC-gliosis-hypoxia
1505,cellranger-arc201_count_a166708bcbeb284b79da9df9facb9573#TCCCTCACACCGGCTA-1,at10_1,0.662612313412949,AC-gliosis-hypoxia
1506,cellranger-arc201_count_a166708bcbeb284b79da9df9facb9573#TCCGGAATCTATTGTC-1,at10_1,0.43125812064208985,AC-gliosis-hypoxia
1507,cellranger-arc201_count_a166708bcbeb284b79da9df9facb9573#TCCGGAATCTCCATAT-1,at10_1,0.47724221844399584,AC-gliosis-hypoxia
1508,cellranger-arc201_count_a166708bcbeb284b79da9df9facb9573#TCCGGTAAGAATCGCT-1,at10_1,0.6605977109978665,AC-gliosis-hypoxia
1509,cellranger-arc201_count_a166708bcbeb284b79da9df9facb9573#TCCGGTTTCTGCAACG-1,at10_1,0.4605273497041149,AC-gliosis-hypoxia
1510,cellranger-arc201_count_a166708bcbeb284b79da9df9facb9573#TCCTCAATCCGTTATT-1,at10_1,0.6480694666140477,AC-gliosis-hypoxia
1511,cellranger-arc201_count_a166708bcbeb284b79da9df9facb9573#TCCTCACAGCTATTGA-1,at10_1,0.49991051880459975,AC-gliosis-hypoxia
1512,cellranger-arc201_count_a166708bcbeb284b79da9df9facb9573#TCCTCACAGCTGCACA-1,at10_1,0.7217705378345712,AC-gliosis-hypoxia
1513,cellranger-arc201_count_a166708bcbeb284b79da9df9facb9573#TCCTCACAGCTTTGGG-1,at10_1,0.19229281629956407,AC-gliosis-hypoxia
1514,cellranger-arc201_count_a166708bcbeb284b79da9df9facb9573#TCCTCTAAGTCACTCC-1,at10_1,0.4569287515926494,AC-gliosis-hypoxia
1515,cellranger-arc201_count_a166708bcbeb284b79da9df9facb9573#TCCTCTAAGTTTGTCT-1,at10_1,0.44424587189810677,AC-gliosis-hypoxia
1516,cellranger-arc201_count_a166708bcbeb284b79da9df9facb9573#TCCTTCAAGTCATCCC-1,at10_1,0.46882013459773175,AC-gliosis-hypoxia
1517,cellranger-arc201_count_a166708bcbeb284b79da9df9facb9573#TCGCGAGGTTAGTTGG-1,at10_1,0.39404744679916426,AC-gliosis-hypoxia
1518,cellranger-arc201_count_a166708bcbeb284b79da9df9facb9573#TCGCGAGGTTTAAAGC-1,at10_1,0.38908452756848777,AC-gliosis-hypoxia
1519,cellranger-arc201_count_a166708bcbeb284b79da9df9facb9573#TCGCTAACACACCAAC-1,at10_1,0.4326783766441321,AC-gliosis-hypoxia
1520,cellranger-arc201_count_a166708bcbeb284b79da9df9facb9573#TCGGTTACACCTGCCT-1,at10_1,0.45385542351577507,AC-gliosis-hypoxia
1521,cellranger-arc201_count_a166708bcbeb284b79da9df9facb9573#TCTAATCTCCTTTACG-1,at10_1,0.7321285421751209,AC-gliosis-hypoxia
1522,cellranger-arc201_count_a166708bcbeb284b79da9df9facb9573#TCTACCTCAGCTTAGC-1,at10_1,0.48595024118855584,AC-gliosis-hypoxia
1523,cellranger-arc201_count_a166708bcbeb284b79da9df9facb9573#TCTACTAGTTACGCGG-1,at10_1,0.6371960483606204,AC-gliosis-hypoxia
1524,cellranger-arc201_count_a166708bcbeb284b79da9df9facb9573#TCTAGCCTCCGTAAAC-1,at10_1,0.1961824762652443,AC-gliosis-hypoxia
1525,cellranger-arc201_count_a166708bcbeb284b79da9df9facb9573#TCTAGCCTCTTAGCCC-1,at10_1,0.48595608804041973,AC-gliosis-hypoxia
1526,cellranger-arc201_count_a166708bcbeb284b79da9df9facb9573#TCTCGCCCAAGACTCC-1,at10_1,0.45567385012974826,AC-gliosis-hypoxia
1527,cellranger-arc201_count_a166708bcbeb284b79da9df9facb9573#TGAACAACAAGGTATA-1,at10_1,0.46411698264272233,AC-gliosis-hypoxia
1528,cellranger-arc201_count_a166708bcbeb284b79da9df9facb9573#TGAACAGAGTTCCTGC-1,at10_1,0.626453710957551,AC-gliosis-hypoxia
1529,cellranger-arc201_count_a166708bcbeb284b79da9df9facb9573#TGACCAAGTTGCGTAA-1,at10_1,0.4667064698067839,AC-gliosis-hypoxia
1530,cellranger-arc201_count_a166708bcbeb284b79da9df9facb9573#TGACTTAAGATGGAGC-1,at10_1,0.6478230635712124,AC-gliosis-hypoxia
1531,cellranger-arc201_count_a166708bcbeb284b79da9df9facb9573#TGACTTAAGCTAATCA-1,at10_1,0.7505061442164852,AC-gliosis-hypoxia
1532,cellranger-arc201_count_a166708bcbeb284b79da9df9facb9573#TGAGCAAAGTCAGTAC-1,at10_1,0.4306120713532818,AC-gliosis-hypoxia
1533,cellranger-arc201_count_a166708bcbeb284b79da9df9facb9573#TGAGCCGGTAATAGCT-1,at10_1,0.6140868953694791,AC-gliosis-hypoxia
1534,cellranger-arc201_count_a166708bcbeb284b79da9df9facb9573#TGAGCTTAGGTACCGC-1,at10_1,0.5146925296868857,AC-gliosis-hypoxia
1535,cellranger-arc201_count_a166708bcbeb284b79da9df9facb9573#TGAGTTTCACGAATCC-1,at10_1,0.7123849484854415,AC-gliosis-hypoxia
1536,cellranger-arc201_count_a166708bcbeb284b79da9df9facb9573#TGATGAACACTAAGCC-1,at10_1,0.623342628922927,AC-gliosis-hypoxia
1537,cellranger-arc201_count_a166708bcbeb284b79da9df9facb9573#TGCACCTTCCTAAGTA-1,at10_1,0.6391299642199813,AC-gliosis-hypoxia
1538,cellranger-arc201_count_a166708bcbeb284b79da9df9facb9573#TGCACTTGTTAGCAGC-1,at10_1,0.7678525843262732,AC-gliosis-hypoxia
1539,cellranger-arc201_count_a166708bcbeb284b79da9df9facb9573#TGCTAACAGCCAAATC-1,at10_1,0.45787388127537126,AC-gliosis-hypoxia
1540,cellranger-arc201_count_a166708bcbeb284b79da9df9facb9573#TGCTCAACAGCAACCT-1,at10_1,0.46658212675714517,AC-gliosis-hypoxia
1541,cellranger-arc201_count_a166708bcbeb284b79da9df9facb9573#TGCTCACTCGTTATAG-1,at10_1,0.5031696654021388,AC-gliosis-hypoxia
1542,cellranger-arc201_count_a166708bcbeb284b79da9df9facb9573#TGCTTGTGTTAGAGCC-1,at10_1,0.44628046497813345,AC-gliosis-hypoxia
1543,cellranger-arc201_count_a166708bcbeb284b79da9df9facb9573#TGGACAAAGGAGGTTA-1,at10_1,0.4767458485629033,AC-gliosis-hypoxia
1544,cellranger-arc201_count_a166708bcbeb284b79da9df9facb9573#TGGCCTGCAGCTTAAT-1,at10_1,0.6582307939947569,AC-gliosis-hypoxia
1545,cellranger-arc201_count_a166708bcbeb284b79da9df9facb9573#TGGCCTTTCACTTTAC-1,at10_1,0.44785527276444453,AC-gliosis-hypoxia
1546,cellranger-arc201_count_a166708bcbeb284b79da9df9facb9573#TGGCTAAGTCCTAAGA-1,at10_1,0.4366403426778624,AC-gliosis-hypoxia
1547,cellranger-arc201_count_a166708bcbeb284b79da9df9facb9573#TGTAAAGCAAGGCCAA-1,at10_1,0.4367897436640607,AC-gliosis-hypoxia
1548,cellranger-arc201_count_a166708bcbeb284b79da9df9facb9573#TGTAAGCTCGAAGCGG-1,at10_1,0.6913318827154649,AC-gliosis-hypoxia
1549,cellranger-arc201_count_a166708bcbeb284b79da9df9facb9573#TGTCAGTAGCGGGCAA-1,at10_1,0.24250890724378102,AC-gliosis-hypoxia
1550,cellranger-arc201_count_a166708bcbeb284b79da9df9facb9573#TGTGTTAAGCCTGGTA-1,at10_1,0.4044747224132252,AC-gliosis-hypoxia
1551,cellranger-arc201_count_a166708bcbeb284b79da9df9facb9573#TGTTCCTCAAATTGCT-1,at10_1,0.43951738358502046,AC-gliosis-hypoxia
1552,cellranger-arc201_count_a166708bcbeb284b79da9df9facb9573#TGTTTGTTCCTCACAC-1,at10_1,0.4592002256996188,AC-gliosis-hypoxia
1553,cellranger-arc201_count_a166708bcbeb284b79da9df9facb9573#TTAAGGACAGCAGGTA-1,at10_1,0.4629239464409715,AC-gliosis-hypoxia
1554,cellranger-arc201_count_a166708bcbeb284b79da9df9facb9573#TTAATCGAGCACTAAC-1,at10_1,0.8061553665709182,AC-gliosis-hypoxia
1555,cellranger-arc201_count_a166708bcbeb284b79da9df9facb9573#TTAGACTCATCAATCG-1,at10_1,0.3707216540253901,AC-gliosis-hypoxia
1556,cellranger-arc201_count_a166708bcbeb284b79da9df9facb9573#TTAGCGGTCCATAAGC-1,at10_1,0.3796232354087966,AC-gliosis-hypoxia
1557,cellranger-arc201_count_a166708bcbeb284b79da9df9facb9573#TTAGGCCCATAGACTT-1,at10_1,0.6461499729892846,AC-gliosis-hypoxia
1558,cellranger-arc201_count_a166708bcbeb284b79da9df9facb9573#TTATTGCTCAAGCTTA-1,at10_1,0.4516763296682551,AC-gliosis-hypoxia
1559,cellranger-arc201_count_a166708bcbeb284b79da9df9facb9573#TTCACTGTCATAACCA-1,at10_1,0.4408267999810145,AC-gliosis-hypoxia
1560,cellranger-arc201_count_a166708bcbeb284b79da9df9facb9573#TTCAGGTAGGACAACA-1,at10_1,0.6460398294370295,AC-gliosis-hypoxia
1561,cellranger-arc201_count_a166708bcbeb284b79da9df9facb9573#TTCATCCCAATACTGT-1,at10_1,0.5453998615702138,AC-gliosis-hypoxia
1562,cellranger-arc201_count_a166708bcbeb284b79da9df9facb9573#TTCCCACAGCTAAAGG-1,at10_1,0.42617241752227164,AC-gliosis-hypoxia
1563,cellranger-arc201_count_a166708bcbeb284b79da9df9facb9573#TTCCTTCTCGAGCTAT-1,at10_1,0.4582110497328556,AC-gliosis-hypoxia
1564,cellranger-arc201_count_a166708bcbeb284b79da9df9facb9573#TTCGGTACACCTCACC-1,at10_1,0.7255132469234057,AC-gliosis-hypoxia
1565,cellranger-arc201_count_a166708bcbeb284b79da9df9facb9573#TTCGTTAGTTCATCTA-1,at10_1,0.4321480671800773,AC-gliosis-hypoxia
1566,cellranger-arc201_count_a166708bcbeb284b79da9df9facb9573#TTGCTCTCAAATGCCC-1,at10_1,0.4416781016123968,AC-gliosis-hypoxia
1567,cellranger-arc201_count_a166708bcbeb284b79da9df9facb9573#TTGGCTACACCTCACC-1,at10_1,0.7162219311000434,AC-gliosis-hypoxia
1568,cellranger-arc201_count_a166708bcbeb284b79da9df9facb9573#TTTAACCTCCCTGACT-1,at10_1,0.35514900956034756,AC-gliosis-hypoxia
1569,cellranger-arc201_count_a166708bcbeb284b79da9df9facb9573#TTTCGTCCAACTCGCG-1,at10_1,0.45905015650177894,AC-gliosis-hypoxia
1570,cellranger-arc201_count_a166708bcbeb284b79da9df9facb9573#TTTGACCGTAACAGGG-1,at10_1,0.3808260998901091,AC-gliosis-hypoxia
1571,cellranger-arc201_count_a166708bcbeb284b79da9df9facb9573#TTTGACCGTTAACAGT-1,at10_1,0.378021699156822,AC-gliosis-hypoxia
1572,cellranger-arc201_count_a166708bcbeb284b79da9df9facb9573#TTTGACCGTTAAGCTG-1,at10_1,0.5051866065579669,AC-gliosis-hypoxia
1573,cellranger-arc201_count_a166708bcbeb284b79da9df9facb9573#TTTGACCGTTCTTTAG-1,at10_1,0.45159152247407697,AC-gliosis-hypoxia
1574,cellranger-arc201_count_a166708bcbeb284b79da9df9facb9573#TTTGGTGCACTTAGGC-1,at10_1,0.40583862590016023,AC-gliosis-hypoxia
1575,cellranger-arc201_count_a166708bcbeb284b79da9df9facb9573#TTTGTGGCAATATAGG-1,at10_1,0.6437888471537354,AC-gliosis-hypoxia
1576,cellranger-arc201_count_a166708bcbeb284b79da9df9facb9573#TTTGTGTTCATGCAAC-1,at10_1,0.36376576573152747,AC-gliosis-hypoxia
1577,cellranger-arc201_count_2f9d72acefae69161ec2c2137f20c0cd#AAACAGCCATTGTGTG-1,at10_1,0.45516127611634727,AC-gliosis-hypoxia
1578,cellranger-arc201_count_2f9d72acefae69161ec2c2137f20c0cd#AAACATGCAATGCCTA-1,at10_1,0.45263632706000234,AC-gliosis-hypoxia
1579,cellranger-arc201_count_2f9d72acefae69161ec2c2137f20c0cd#AAACCGCGTTCCGGCT-1,at10_1,0.41339690698891396,AC-gliosis-hypoxia
1580,cellranger-arc201_count_2f9d72acefae69161ec2c2137f20c0cd#AAACGGATCCGCATGA-1,at10_1,0.5032388809913465,AC-gliosis-hypoxia
1581,cellranger-arc201_count_2f9d72acefae69161ec2c2137f20c0cd#AAAGCTTGTACAATGT-1,at10_1,0.7113974987320858,AC-gliosis-hypoxia
1582,cellranger-arc201_count_2f9d72acefae69161ec2c2137f20c0cd#AAATGCCTCAGGAACA-1,at10_1,0.6361131557111245,AC-gliosis-hypoxia
1583,cellranger-arc201_count_2f9d72acefae69161ec2c2137f20c0cd#AAATGCCTCTTAAGTG-1,at10_1,0.42203393224655533,AC-gliosis-hypoxia
1584,cellranger-arc201_count_2f9d72acefae69161ec2c2137f20c0cd#AACATAGCAATAACGA-1,at10_1,0.6424329900486513,AC-gliosis-hypoxia
1585,cellranger-arc201_count_2f9d72acefae69161ec2c2137f20c0cd#AACATCATCTTAGTGA-1,at10_1,0.4468727789140972,AC-gliosis-hypoxia
1586,cellranger-arc201_count_2f9d72acefae69161ec2c2137f20c0cd#AACCTTAAGCAACATC-1,at10_1,0.4183853296305777,AC-gliosis-hypoxia
1587,cellranger-arc201_count_2f9d72acefae69161ec2c2137f20c0cd#AACGACAAGAATGACG-1,at10_1,0.48833519990598817,AC-gliosis-hypoxia
1588,cellranger-arc201_count_2f9d72acefae69161ec2c2137f20c0cd#AACGCTAGTTCCTGAT-1,at10_1,0.6405937931894854,AC-gliosis-hypoxia
1589,cellranger-arc201_count_2f9d72acefae69161ec2c2137f20c0cd#AACGCTAGTTTCCGGC-1,at10_1,0.430657788166427,AC-gliosis-hypoxia
1590,cellranger-arc201_count_2f9d72acefae69161ec2c2137f20c0cd#AACTTAGTCATTGCGG-1,at10_1,0.4835158904939495,AC-gliosis-hypoxia
1591,cellranger-arc201_count_2f9d72acefae69161ec2c2137f20c0cd#AAGAACAGTGGAGCAA-1,at10_1,0.6455348284888999,AC-gliosis-hypoxia
1592,cellranger-arc201_count_2f9d72acefae69161ec2c2137f20c0cd#AAGCGAATCGCATTAA-1,at10_1,0.4390583778715534,AC-gliosis-hypoxia
1593,cellranger-arc201_count_2f9d72acefae69161ec2c2137f20c0cd#AAGCTATGTTCATTTG-1,at10_1,0.7444449077842529,AC-gliosis-hypoxia
1594,cellranger-arc201_count_2f9d72acefae69161ec2c2137f20c0cd#AAGGATTAGCGAGCGA-1,at10_1,0.6155794017552679,AC-gliosis-hypoxia
1595,cellranger-arc201_count_2f9d72acefae69161ec2c2137f20c0cd#AAGTAGCCACCAGGTT-1,at10_1,0.4606745233181745,AC-gliosis-hypoxia
1596,cellranger-arc201_count_2f9d72acefae69161ec2c2137f20c0cd#AATAACCGTCTTTATG-1,at10_1,0.46058704327742994,AC-gliosis-hypoxia
1597,cellranger-arc201_count_2f9d72acefae69161ec2c2137f20c0cd#AATCATGTCATGCTTT-1,at10_1,0.44073659140940014,AC-gliosis-hypoxia
1598,cellranger-arc201_count_2f9d72acefae69161ec2c2137f20c0cd#AATCCGTAGCATTAGC-1,at10_1,0.6473482435155611,AC-gliosis-hypoxia
1599,cellranger-arc201_count_2f9d72acefae69161ec2c2137f20c0cd#AATTAGGCACAAGCCT-1,at10_1,0.37632076642316126,AC-gliosis-hypoxia
1600,cellranger-arc201_count_2f9d72acefae69161ec2c2137f20c0cd#AATTGCCAGGGCTAAA-1,at10_1,0.4501319255116363,AC-gliosis-hypoxia
1601,cellranger-arc201_count_2f9d72acefae69161ec2c2137f20c0cd#AATTGCTCAGGTTACC-1,at10_1,0.17917289834927153,AC-gliosis-hypoxia
1602,cellranger-arc201_count_2f9d72acefae69161ec2c2137f20c0cd#ACAGCGCTCTCTAGCC-1,at10_1,0.37080197863313924,AC-gliosis-hypoxia
1603,cellranger-arc201_count_2f9d72acefae69161ec2c2137f20c0cd#ACAGGATCAACAGCCT-1,at10_1,0.7283126082272292,AC-gliosis-hypoxia
1604,cellranger-arc201_count_2f9d72acefae69161ec2c2137f20c0cd#ACAGGATCAAGGTGGC-1,at10_1,0.42943348522828034,AC-gliosis-hypoxia
1605,cellranger-arc201_count_2f9d72acefae69161ec2c2137f20c0cd#ACAGTATGTGTGAGGA-1,at10_1,0.6321744935583945,AC-gliosis-hypoxia
1606,cellranger-arc201_count_2f9d72acefae69161ec2c2137f20c0cd#ACATCAATCGAGCTAT-1,at10_1,0.38003223661775154,AC-gliosis-hypoxia
1607,cellranger-arc201_count_2f9d72acefae69161ec2c2137f20c0cd#ACATTGCAGACAACGA-1,at10_1,0.7247687477860704,AC-gliosis-hypoxia
1608,cellranger-arc201_count_2f9d72acefae69161ec2c2137f20c0cd#ACCAAGTTCTTTAGGA-1,at10_1,0.4132812228484641,AC-gliosis-hypoxia
1609,cellranger-arc201_count_2f9d72acefae69161ec2c2137f20c0cd#ACCAATATCGCTAAAC-1,at10_1,0.4537389876372285,AC-gliosis-hypoxia
1610,cellranger-arc201_count_2f9d72acefae69161ec2c2137f20c0cd#ACCAATATCTAACCTT-1,at10_1,0.351440073001565,AC-gliosis-hypoxia
1611,cellranger-arc201_count_2f9d72acefae69161ec2c2137f20c0cd#ACCAGGACAAGGATTA-1,at10_1,0.4269964060028041,AC-gliosis-hypoxia
1612,cellranger-arc201_count_2f9d72acefae69161ec2c2137f20c0cd#ACCAGGCTCCTGCGAA-1,at10_1,0.5145317691027804,AC-gliosis-hypoxia
1613,cellranger-arc201_count_2f9d72acefae69161ec2c2137f20c0cd#ACCCTGTTCAATAGCC-1,at10_1,0.610272464897781,AC-gliosis-hypoxia
1614,cellranger-arc201_count_2f9d72acefae69161ec2c2137f20c0cd#ACCCTGTTCATTTGCT-1,at10_1,0.3982251895088239,AC-gliosis-hypoxia
1615,cellranger-arc201_count_2f9d72acefae69161ec2c2137f20c0cd#ACCGAAGCAGAGGGAG-1,at10_1,0.6707986856026431,AC-gliosis-hypoxia
1616,cellranger-arc201_count_2f9d72acefae69161ec2c2137f20c0cd#ACCTGGATCTTGTCTG-1,at10_1,0.48429909022219336,AC-gliosis-hypoxia
1617,cellranger-arc201_count_2f9d72acefae69161ec2c2137f20c0cd#ACGCCTAAGCATTTCT-1,at10_1,0.4406551252734299,AC-gliosis-hypoxia
1618,cellranger-arc201_count_2f9d72acefae69161ec2c2137f20c0cd#ACGTTGTAGCAGCTCA-1,at10_1,0.4094874512533517,AC-gliosis-hypoxia
1619,cellranger-arc201_count_2f9d72acefae69161ec2c2137f20c0cd#ACTCACCTCGGTACGC-1,at10_1,0.6499866214980655,AC-gliosis-hypoxia
1620,cellranger-arc201_count_2f9d72acefae69161ec2c2137f20c0cd#AGAAACCCAAGGTATA-1,at10_1,0.4042644027990355,AC-gliosis-hypoxia
1621,cellranger-arc201_count_2f9d72acefae69161ec2c2137f20c0cd#AGAAACCCATCACAGC-1,at10_1,0.7482506515046105,AC-gliosis-hypoxia
1622,cellranger-arc201_count_2f9d72acefae69161ec2c2137f20c0cd#AGACAATAGCATGACT-1,at10_1,0.4554947694098028,AC-gliosis-hypoxia
1623,cellranger-arc201_count_2f9d72acefae69161ec2c2137f20c0cd#AGAGATTAGCGCTCAA-1,at10_1,0.47169895740260065,AC-gliosis-hypoxia
1624,cellranger-arc201_count_2f9d72acefae69161ec2c2137f20c0cd#AGCAATACAATTGAAG-1,at10_1,0.5212160572064896,AC-gliosis-hypoxia
1625,cellranger-arc201_count_2f9d72acefae69161ec2c2137f20c0cd#AGCAATTGTAGTAAGA-1,at10_1,0.43877928814258366,AC-gliosis-hypoxia
1626,cellranger-arc201_count_2f9d72acefae69161ec2c2137f20c0cd#AGCACTTAGGACAATG-1,at10_1,0.5311998630277504,AC-gliosis-hypoxia
1627,cellranger-arc201_count_2f9d72acefae69161ec2c2137f20c0cd#AGCATCCCATCCTGAA-1,at10_1,0.4516248216875494,AC-gliosis-hypoxia
1628,cellranger-arc201_count_2f9d72acefae69161ec2c2137f20c0cd#AGCCGCTAGCGGGCAA-1,at10_1,0.4283943604413084,AC-gliosis-hypoxia
1629,cellranger-arc201_count_2f9d72acefae69161ec2c2137f20c0cd#AGCGCTCAGCTCCCTG-1,at10_1,0.48870399704784095,AC-gliosis-hypoxia
1630,cellranger-arc201_count_2f9d72acefae69161ec2c2137f20c0cd#AGCGTGCTCCTAATAG-1,at10_1,0.7302337166967929,AC-gliosis-hypoxia
1631,cellranger-arc201_count_2f9d72acefae69161ec2c2137f20c0cd#AGCTAGTTCGCAAACT-1,at10_1,0.5258760538263132,AC-gliosis-hypoxia
1632,cellranger-arc201_count_2f9d72acefae69161ec2c2137f20c0cd#AGCTTGGTCGAGCAAA-1,at10_1,0.7606350633325774,AC-gliosis-hypoxia
1633,cellranger-arc201_count_2f9d72acefae69161ec2c2137f20c0cd#AGCTTTAAGACAAACG-1,at10_1,0.41721746273399335,AC-gliosis-hypoxia
1634,cellranger-arc201_count_2f9d72acefae69161ec2c2137f20c0cd#AGGATGCAGGCTGTGC-1,at10_1,0.5409776926104918,AC-gliosis-hypoxia
1635,cellranger-arc201_count_2f9d72acefae69161ec2c2137f20c0cd#AGGCTAGCATCTAGCA-1,at10_1,0.3658699085065827,AC-gliosis-hypoxia
1636,cellranger-arc201_count_2f9d72acefae69161ec2c2137f20c0cd#AGGTAACCAGGAATCG-1,at10_1,0.433240983004197,AC-gliosis-hypoxia
1637,cellranger-arc201_count_2f9d72acefae69161ec2c2137f20c0cd#AGGTACGCAAACTGTT-1,at10_1,0.638379506862175,AC-gliosis-hypoxia
1638,cellranger-arc201_count_2f9d72acefae69161ec2c2137f20c0cd#AGGTGAATCAGGTTTA-1,at10_1,0.36988736394871646,AC-gliosis-hypoxia
1639,cellranger-arc201_count_2f9d72acefae69161ec2c2137f20c0cd#AGGTTAGAGTTGTCCC-1,at10_1,0.6507797887166298,AC-gliosis-hypoxia
1640,cellranger-arc201_count_2f9d72acefae69161ec2c2137f20c0cd#AGTAACGAGTCATTAG-1,at10_1,0.7416747250554454,AC-gliosis-hypoxia
1641,cellranger-arc201_count_2f9d72acefae69161ec2c2137f20c0cd#AGTAATCGTTGAGCCG-1,at10_1,0.6878567923890861,AC-gliosis-hypoxia
1642,cellranger-arc201_count_2f9d72acefae69161ec2c2137f20c0cd#AGTAATGCATTAAGCT-1,at10_1,0.45277603897739765,AC-gliosis-hypoxia
1643,cellranger-arc201_count_2f9d72acefae69161ec2c2137f20c0cd#AGTACGCGTTCATTTG-1,at10_1,0.7629642263779371,AC-gliosis-hypoxia
1644,cellranger-arc201_count_2f9d72acefae69161ec2c2137f20c0cd#AGTATAGCACCTGCCT-1,at10_1,0.6541665080534085,AC-gliosis-hypoxia
1645,cellranger-arc201_count_2f9d72acefae69161ec2c2137f20c0cd#AGTCAGGCAATTAACC-1,at10_1,0.460946541140604,AC-gliosis-hypoxia
1646,cellranger-arc201_count_2f9d72acefae69161ec2c2137f20c0cd#AGTCCTTGTTAAATGC-1,at10_1,0.37050156181594224,AC-gliosis-hypoxia
1647,cellranger-arc201_count_2f9d72acefae69161ec2c2137f20c0cd#AGTCGCATCTAGCTTT-1,at10_1,0.4451304727429616,AC-gliosis-hypoxia
1648,cellranger-arc201_count_2f9d72acefae69161ec2c2137f20c0cd#AGTGAGTCAAGCTTAT-1,at10_1,0.4107462784596471,AC-gliosis-hypoxia
1649,cellranger-arc201_count_2f9d72acefae69161ec2c2137f20c0cd#AGTGCACGTCCTAGTT-1,at10_1,0.627400177063556,AC-gliosis-hypoxia
1650,cellranger-arc201_count_2f9d72acefae69161ec2c2137f20c0cd#AGTGCCGGTTTGCAGA-1,at10_1,0.49666874570974195,AC-gliosis-hypoxia
1651,cellranger-arc201_count_2f9d72acefae69161ec2c2137f20c0cd#AGTGGACAGCAGGCCT-1,at10_1,0.647746609022554,AC-gliosis-hypoxia
1652,cellranger-arc201_count_2f9d72acefae69161ec2c2137f20c0cd#AGTTACATCAAGCTAC-1,at10_1,0.4041211270862185,AC-gliosis-hypoxia
1653,cellranger-arc201_count_2f9d72acefae69161ec2c2137f20c0cd#AGTTGCGTCACGCATG-1,at10_1,0.6454663367956371,AC-gliosis-hypoxia
1654,cellranger-arc201_count_2f9d72acefae69161ec2c2137f20c0cd#ATACCTGCAGCTTACA-1,at10_1,0.6310565754820188,AC-gliosis-hypoxia
1655,cellranger-arc201_count_2f9d72acefae69161ec2c2137f20c0cd#ATAGATGCAAGGTCCT-1,at10_1,0.6627167214819469,AC-gliosis-hypoxia
1656,cellranger-arc201_count_2f9d72acefae69161ec2c2137f20c0cd#ATCACAATCAGGAACA-1,at10_1,0.44998263589404497,AC-gliosis-hypoxia
1657,cellranger-arc201_count_2f9d72acefae69161ec2c2137f20c0cd#ATCACTAAGTCATGCG-1,at10_1,0.4398868489385148,AC-gliosis-hypoxia
1658,cellranger-arc201_count_2f9d72acefae69161ec2c2137f20c0cd#ATCAGGTTCAATGACC-1,at10_1,0.48408732281611366,AC-gliosis-hypoxia
1659,cellranger-arc201_count_2f9d72acefae69161ec2c2137f20c0cd#ATCATGTCACGGTACT-1,at10_1,0.6635634013161417,AC-gliosis-hypoxia
1660,cellranger-arc201_count_2f9d72acefae69161ec2c2137f20c0cd#ATCCACCTCATGTCAA-1,at10_1,0.4247182776215706,AC-gliosis-hypoxia
1661,cellranger-arc201_count_2f9d72acefae69161ec2c2137f20c0cd#ATCGCCCGTGCCTCAC-1,at10_1,0.43968426944250694,AC-gliosis-hypoxia
1662,cellranger-arc201_count_2f9d72acefae69161ec2c2137f20c0cd#ATGACTCAGCTTAGCG-1,at10_1,0.4767896721097308,AC-gliosis-hypoxia
1663,cellranger-arc201_count_2f9d72acefae69161ec2c2137f20c0cd#ATGCAGGCATTGTGAT-1,at10_1,0.5355831643436533,AC-gliosis-hypoxia
1664,cellranger-arc201_count_2f9d72acefae69161ec2c2137f20c0cd#ATGCATTCATTAAAGG-1,at10_1,0.592075001578128,AC-gliosis-hypoxia
1665,cellranger-arc201_count_2f9d72acefae69161ec2c2137f20c0cd#ATGGCTGTCCCGTTAC-1,at10_1,0.5394607408154815,AC-gliosis-hypoxia
1666,cellranger-arc201_count_2f9d72acefae69161ec2c2137f20c0cd#ATTACCCGTCGCAAAC-1,at10_1,0.6949358822043664,AC-gliosis-hypoxia
1667,cellranger-arc201_count_2f9d72acefae69161ec2c2137f20c0cd#ATTGACTCAAAGCCTC-1,at10_1,0.49096038070857123,AC-gliosis-hypoxia
1668,cellranger-arc201_count_2f9d72acefae69161ec2c2137f20c0cd#ATTGACTCATCGCTTT-1,at10_1,0.5597317762275872,AC-gliosis-hypoxia
1669,cellranger-arc201_count_2f9d72acefae69161ec2c2137f20c0cd#ATTGCAGGTAATTAGC-1,at10_1,0.16559586795182976,AC-gliosis-hypoxia
1670,cellranger-arc201_count_2f9d72acefae69161ec2c2137f20c0cd#CAAACATGTAATGGAA-1,at10_1,0.7388839391343556,AC-gliosis-hypoxia
1671,cellranger-arc201_count_2f9d72acefae69161ec2c2137f20c0cd#CAAATCATCAGGGCCT-1,at10_1,0.5625344785896185,AC-gliosis-hypoxia
1672,cellranger-arc201_count_2f9d72acefae69161ec2c2137f20c0cd#CAACAATGTAATGGCC-1,at10_1,0.6337828232953919,AC-gliosis-hypoxia
1673,cellranger-arc201_count_2f9d72acefae69161ec2c2137f20c0cd#CAATGAACAGGTCCTG-1,at10_1,0.7063601852719792,AC-gliosis-hypoxia
1674,cellranger-arc201_count_2f9d72acefae69161ec2c2137f20c0cd#CACAATATCACTAGGT-1,at10_1,0.42960696967572737,AC-gliosis-hypoxia
1675,cellranger-arc201_count_2f9d72acefae69161ec2c2137f20c0cd#CACCAACCAGCCTGCA-1,at10_1,0.6475758809481286,AC-gliosis-hypoxia
1676,cellranger-arc201_count_2f9d72acefae69161ec2c2137f20c0cd#CACTAAGGTTGCTTCG-1,at10_1,0.726311926888013,AC-gliosis-hypoxia
1677,cellranger-arc201_count_2f9d72acefae69161ec2c2137f20c0cd#CACTTTGTCTTGAGGT-1,at10_1,0.5258349031260521,AC-gliosis-hypoxia
1678,cellranger-arc201_count_2f9d72acefae69161ec2c2137f20c0cd#CAGCCTTTCTGGCAAT-1,at10_1,0.6186892030509122,AC-gliosis-hypoxia
1679,cellranger-arc201_count_2f9d72acefae69161ec2c2137f20c0cd#CAGGCTATCCTTAGTT-1,at10_1,0.5376482724219791,AC-gliosis-hypoxia
1680,cellranger-arc201_count_2f9d72acefae69161ec2c2137f20c0cd#CAGTACCCACTTGTTC-1,at10_1,0.6483625331031874,AC-gliosis-hypoxia
1681,cellranger-arc201_count_2f9d72acefae69161ec2c2137f20c0cd#CATAATCCAGTCTAGC-1,at10_1,0.5082989136472671,AC-gliosis-hypoxia
1682,cellranger-arc201_count_2f9d72acefae69161ec2c2137f20c0cd#CATAGGCGTCCTAAGA-1,at10_1,0.6444492073085342,AC-gliosis-hypoxia
1683,cellranger-arc201_count_2f9d72acefae69161ec2c2137f20c0cd#CATAGTCAGATTCCTT-1,at10_1,0.6148406937854932,AC-gliosis-hypoxia
1684,cellranger-arc201_count_2f9d72acefae69161ec2c2137f20c0cd#CATAGTCAGCAACAAG-1,at10_1,0.35183905103589613,AC-gliosis-hypoxia
1685,cellranger-arc201_count_2f9d72acefae69161ec2c2137f20c0cd#CATGAGGCAACTGGGA-1,at10_1,0.44221044355352807,AC-gliosis-hypoxia
1686,cellranger-arc201_count_2f9d72acefae69161ec2c2137f20c0cd#CATGCATAGCACAGAA-1,at10_1,0.45206194346975453,AC-gliosis-hypoxia
1687,cellranger-arc201_count_2f9d72acefae69161ec2c2137f20c0cd#CATGGATTCTAATTGG-1,at10_1,0.45684043628735294,AC-gliosis-hypoxia
1688,cellranger-arc201_count_2f9d72acefae69161ec2c2137f20c0cd#CATTATCTCGAGGTGG-1,at10_1,0.39052580439508827,AC-gliosis-hypoxia
1689,cellranger-arc201_count_2f9d72acefae69161ec2c2137f20c0cd#CATTCATTCCCTCATA-1,at10_1,0.3767540181462755,AC-gliosis-hypoxia
1690,cellranger-arc201_count_2f9d72acefae69161ec2c2137f20c0cd#CATTGTGCATAGCTGC-1,at10_1,0.43447461306317425,AC-gliosis-hypoxia
1691,cellranger-arc201_count_2f9d72acefae69161ec2c2137f20c0cd#CATTTGTTCCTAAGTA-1,at10_1,0.5044893277099705,AC-gliosis-hypoxia
1692,cellranger-arc201_count_2f9d72acefae69161ec2c2137f20c0cd#CCAACATAGCTTTGGG-1,at10_1,0.3330121601920195,AC-gliosis-hypoxia
1693,cellranger-arc201_count_2f9d72acefae69161ec2c2137f20c0cd#CCAGACTCAGCGCTTG-1,at10_1,0.7544591172352059,AC-gliosis-hypoxia
1694,cellranger-arc201_count_2f9d72acefae69161ec2c2137f20c0cd#CCAGTTTGTCGCAAAC-1,at10_1,0.4832238820065758,AC-gliosis-hypoxia
1695,cellranger-arc201_count_2f9d72acefae69161ec2c2137f20c0cd#CCAGTTTGTTTAGCTC-1,at10_1,0.459241988927218,AC-gliosis-hypoxia
1696,cellranger-arc201_count_2f9d72acefae69161ec2c2137f20c0cd#CCATCATGTCTAGCTT-1,at10_1,0.35017175162152864,AC-gliosis-hypoxia
1697,cellranger-arc201_count_2f9d72acefae69161ec2c2137f20c0cd#CCATTGTGTGATGAGG-1,at10_1,0.416760573024058,AC-gliosis-hypoxia
1698,cellranger-arc201_count_2f9d72acefae69161ec2c2137f20c0cd#CCCGTTGTCTTTGAGA-1,at10_1,0.5576358190451413,AC-gliosis-hypoxia
1699,cellranger-arc201_count_2f9d72acefae69161ec2c2137f20c0cd#CCCTTAATCGCAATCG-1,at10_1,0.5971815306274423,AC-gliosis-hypoxia
1700,cellranger-arc201_count_2f9d72acefae69161ec2c2137f20c0cd#CCCTTAATCGGGCCAT-1,at10_1,0.5079585155001818,AC-gliosis-hypoxia
1701,cellranger-arc201_count_2f9d72acefae69161ec2c2137f20c0cd#CCGATGCAGCTTCTCA-1,at10_1,0.5833829045443591,AC-gliosis-hypoxia
1702,cellranger-arc201_count_2f9d72acefae69161ec2c2137f20c0cd#CCTAAAGGTTAGGACC-1,at10_1,0.6274573091589117,AC-gliosis-hypoxia
1703,cellranger-arc201_count_2f9d72acefae69161ec2c2137f20c0cd#CCTAAGCCAGTTTACG-1,at10_1,0.6398969598159165,AC-gliosis-hypoxia
1704,cellranger-arc201_count_2f9d72acefae69161ec2c2137f20c0cd#CCTATATTCGGCTATG-1,at10_1,0.36786571746924557,AC-gliosis-hypoxia
1705,cellranger-arc201_count_2f9d72acefae69161ec2c2137f20c0cd#CCTCCTCTCTGTTGCC-1,at10_1,0.597477492700362,AC-gliosis-hypoxia
1706,cellranger-arc201_count_2f9d72acefae69161ec2c2137f20c0cd#CCTGCTCCATAATTGC-1,at10_1,0.7452203117100116,AC-gliosis-hypoxia
1707,cellranger-arc201_count_2f9d72acefae69161ec2c2137f20c0cd#CCTGGATCATCTAGCA-1,at10_1,0.7187862489589384,AC-gliosis-hypoxia
1708,cellranger-arc201_count_2f9d72acefae69161ec2c2137f20c0cd#CCTGTAACATCCAGGT-1,at10_1,0.49750924458625195,AC-gliosis-hypoxia
1709,cellranger-arc201_count_2f9d72acefae69161ec2c2137f20c0cd#CCTGTTGGTAGACAAA-1,at10_1,0.4897361056125762,AC-gliosis-hypoxia
1710,cellranger-arc201_count_2f9d72acefae69161ec2c2137f20c0cd#CCTTAACGTCAAGTGC-1,at10_1,0.38247507916863643,AC-gliosis-hypoxia
1711,cellranger-arc201_count_2f9d72acefae69161ec2c2137f20c0cd#CCTTACTCAGTAAAGC-1,at10_1,0.44825987491342567,AC-gliosis-hypoxia
1712,cellranger-arc201_count_2f9d72acefae69161ec2c2137f20c0cd#CCTTCGGTCCAGGTTG-1,at10_1,0.4305378441767621,AC-gliosis-hypoxia
1713,cellranger-arc201_count_2f9d72acefae69161ec2c2137f20c0cd#CCTTCGTAGCCTTAAA-1,at10_1,0.43087701726917116,AC-gliosis-hypoxia
1714,cellranger-arc201_count_2f9d72acefae69161ec2c2137f20c0cd#CCTTGTTCATTAAGCT-1,at10_1,0.4478700291048629,AC-gliosis-hypoxia
1715,cellranger-arc201_count_2f9d72acefae69161ec2c2137f20c0cd#CGAACAAAGCTAAGTC-1,at10_1,0.5096982601933581,AC-gliosis-hypoxia
1716,cellranger-arc201_count_2f9d72acefae69161ec2c2137f20c0cd#CGAACCGGTTATCCTA-1,at10_1,0.4294798145687637,AC-gliosis-hypoxia
1717,cellranger-arc201_count_2f9d72acefae69161ec2c2137f20c0cd#CGAATCTAGATACTTG-1,at10_1,0.6855937266119398,AC-gliosis-hypoxia
1718,cellranger-arc201_count_2f9d72acefae69161ec2c2137f20c0cd#CGAGTCGGTCCAAATG-1,at10_1,0.4933638822990576,AC-gliosis-hypoxia
1719,cellranger-arc201_count_2f9d72acefae69161ec2c2137f20c0cd#CGATTTGCAGAGAGCC-1,at10_1,0.37803445086231563,AC-gliosis-hypoxia
1720,cellranger-arc201_count_2f9d72acefae69161ec2c2137f20c0cd#CGCAATGTCTGCAAGT-1,at10_1,0.4030383179631779,AC-gliosis-hypoxia
1721,cellranger-arc201_count_2f9d72acefae69161ec2c2137f20c0cd#CGCATTTGTCACAGAC-1,at10_1,0.4149944618131908,AC-gliosis-hypoxia
1722,cellranger-arc201_count_2f9d72acefae69161ec2c2137f20c0cd#CGCCAAATCAGGCCTA-1,at10_1,0.6273326876877557,AC-gliosis-hypoxia
1723,cellranger-arc201_count_2f9d72acefae69161ec2c2137f20c0cd#CGCTTGCGTTAAGCCA-1,at10_1,0.5897448362153058,AC-gliosis-hypoxia
1724,cellranger-arc201_count_2f9d72acefae69161ec2c2137f20c0cd#CGCTTGCGTTTGGCTT-1,at10_1,0.7154799934406675,AC-gliosis-hypoxia
1725,cellranger-arc201_count_2f9d72acefae69161ec2c2137f20c0cd#CGGAGCAAGGTTTGCG-1,at10_1,0.409235563306625,AC-gliosis-hypoxia
1726,cellranger-arc201_count_2f9d72acefae69161ec2c2137f20c0cd#CGGCTCACAGGAATCG-1,at10_1,0.5102311032932205,AC-gliosis-hypoxia
1727,cellranger-arc201_count_2f9d72acefae69161ec2c2137f20c0cd#CGGTAACGTGCAATGC-1,at10_1,0.4601838889203389,AC-gliosis-hypoxia
1728,cellranger-arc201_count_2f9d72acefae69161ec2c2137f20c0cd#CGGTGAACAGGCCTTG-1,at10_1,0.37906099099670426,AC-gliosis-hypoxia
1729,cellranger-arc201_count_2f9d72acefae69161ec2c2137f20c0cd#CGTCCTAGTGAAGCCT-1,at10_1,0.6087806824079371,AC-gliosis-hypoxia
1730,cellranger-arc201_count_2f9d72acefae69161ec2c2137f20c0cd#CGTGCTGCACGTAAGG-1,at10_1,0.42284525254804933,AC-gliosis-hypoxia
1731,cellranger-arc201_count_2f9d72acefae69161ec2c2137f20c0cd#CGTTTCTCACCGGTAT-1,at10_1,0.5164876245777068,AC-gliosis-hypoxia
1732,cellranger-arc201_count_2f9d72acefae69161ec2c2137f20c0cd#CGTTTCTCAGTTTCTC-1,at10_1,0.45104971420135653,AC-gliosis-hypoxia
1733,cellranger-arc201_count_2f9d72acefae69161ec2c2137f20c0cd#CTAACCACAAAGCGGC-1,at10_1,0.4276087941301672,AC-gliosis-hypoxia
1734,cellranger-arc201_count_2f9d72acefae69161ec2c2137f20c0cd#CTAACCACAAGGATTA-1,at10_1,0.3794113287919582,AC-gliosis-hypoxia
1735,cellranger-arc201_count_2f9d72acefae69161ec2c2137f20c0cd#CTAACCTGTAATCGGC-1,at10_1,0.43898587690844115,AC-gliosis-hypoxia
1736,cellranger-arc201_count_2f9d72acefae69161ec2c2137f20c0cd#CTAGTTGCAACTAACT-1,at10_1,0.4906804000307461,AC-gliosis-hypoxia
1737,cellranger-arc201_count_2f9d72acefae69161ec2c2137f20c0cd#CTATGACAGTATTGTG-1,at10_1,0.40867638153122327,AC-gliosis-hypoxia
1738,cellranger-arc201_count_2f9d72acefae69161ec2c2137f20c0cd#CTATGATCAAGCCACT-1,at10_1,0.1727662939458696,AC-gliosis-hypoxia
1739,cellranger-arc201_count_2f9d72acefae69161ec2c2137f20c0cd#CTATTCAGTCAAGTGC-1,at10_1,0.4294324272265144,AC-gliosis-hypoxia
1740,cellranger-arc201_count_2f9d72acefae69161ec2c2137f20c0cd#CTATTGAAGTTAGTTG-1,at10_1,0.5810459456965141,AC-gliosis-hypoxia
1741,cellranger-arc201_count_2f9d72acefae69161ec2c2137f20c0cd#CTCATTAGTAGTAAGA-1,at10_1,0.722251761585121,AC-gliosis-hypoxia
1742,cellranger-arc201_count_2f9d72acefae69161ec2c2137f20c0cd#CTCATTGTCAAATCGC-1,at10_1,0.6517390065281284,AC-gliosis-hypoxia
1743,cellranger-arc201_count_2f9d72acefae69161ec2c2137f20c0cd#CTCCAACTCCTTAGGG-1,at10_1,0.4450587513600978,AC-gliosis-hypoxia
1744,cellranger-arc201_count_2f9d72acefae69161ec2c2137f20c0cd#CTCGACAAGTTTGGTA-1,at10_1,0.4822551978634879,AC-gliosis-hypoxia
1745,cellranger-arc201_count_2f9d72acefae69161ec2c2137f20c0cd#CTCGCTCCAAATACCT-1,at10_1,0.5015968622507524,AC-gliosis-hypoxia
1746,cellranger-arc201_count_2f9d72acefae69161ec2c2137f20c0cd#CTGAATATCCAGGGAG-1,at10_1,0.5998212450332299,AC-gliosis-hypoxia
1747,cellranger-arc201_count_2f9d72acefae69161ec2c2137f20c0cd#CTGACATAGTATTGCA-1,at10_1,0.3787758595208086,AC-gliosis-hypoxia
1748,cellranger-arc201_count_2f9d72acefae69161ec2c2137f20c0cd#CTGCTACTCGCTCCAT-1,at10_1,0.6867488974873343,AC-gliosis-hypoxia
1749,cellranger-arc201_count_2f9d72acefae69161ec2c2137f20c0cd#CTGCTATGTCAAGTGC-1,at10_1,0.5887704722732645,AC-gliosis-hypoxia
1750,cellranger-arc201_count_2f9d72acefae69161ec2c2137f20c0cd#CTGGACCAGGAAGTAT-1,at10_1,0.547149183963586,AC-gliosis-hypoxia
1751,cellranger-arc201_count_2f9d72acefae69161ec2c2137f20c0cd#CTTCTAAGTATTGTGG-1,at10_1,0.6674925971372825,AC-gliosis-hypoxia
1752,cellranger-arc201_count_2f9d72acefae69161ec2c2137f20c0cd#CTTGAATCACCTACGG-1,at10_1,0.45188442191030614,AC-gliosis-hypoxia
1753,cellranger-arc201_count_2f9d72acefae69161ec2c2137f20c0cd#CTTGACGAGTTCCTGC-1,at10_1,0.4486133588718254,AC-gliosis-hypoxia
1754,cellranger-arc201_count_2f9d72acefae69161ec2c2137f20c0cd#CTTGCAACATAATGAG-1,at10_1,0.5101981381855689,AC-gliosis-hypoxia
1755,cellranger-arc201_count_2f9d72acefae69161ec2c2137f20c0cd#CTTGTCCAGCGATAAG-1,at10_1,0.5922775810741359,AC-gliosis-hypoxia
1756,cellranger-arc201_count_2f9d72acefae69161ec2c2137f20c0cd#CTTGTCCAGGTCCACA-1,at10_1,0.49104368442655577,AC-gliosis-hypoxia
1757,cellranger-arc201_count_2f9d72acefae69161ec2c2137f20c0cd#CTTTATCAGCTGGCTA-1,at10_1,0.44569906516564894,AC-gliosis-hypoxia
1758,cellranger-arc201_count_2f9d72acefae69161ec2c2137f20c0cd#CTTTGGGAGTAACCAC-1,at10_1,0.4853119320179295,AC-gliosis-hypoxia
1759,cellranger-arc201_count_2f9d72acefae69161ec2c2137f20c0cd#CTTTGGTGTCATGCCC-1,at10_1,0.42377487415225606,AC-gliosis-hypoxia
1760,cellranger-arc201_count_2f9d72acefae69161ec2c2137f20c0cd#GAAACCCGTCCTAACT-1,at10_1,0.4980189787001762,AC-gliosis-hypoxia
1761,cellranger-arc201_count_2f9d72acefae69161ec2c2137f20c0cd#GAAACTGAGTAAACCC-1,at10_1,0.4438937243629902,AC-gliosis-hypoxia
1762,cellranger-arc201_count_2f9d72acefae69161ec2c2137f20c0cd#GAAACTGAGTTTGAGC-1,at10_1,0.645346003015848,AC-gliosis-hypoxia
1763,cellranger-arc201_count_2f9d72acefae69161ec2c2137f20c0cd#GAAAGCCAGGAACGCG-1,at10_1,0.6323266230754626,AC-gliosis-hypoxia
1764,cellranger-arc201_count_2f9d72acefae69161ec2c2137f20c0cd#GAAAGGCTCCATAATG-1,at10_1,0.4001537875172037,AC-gliosis-hypoxia
1765,cellranger-arc201_count_2f9d72acefae69161ec2c2137f20c0cd#GAAGCCTGTCCTAAGA-1,at10_1,0.4432555822452742,AC-gliosis-hypoxia
1766,cellranger-arc201_count_2f9d72acefae69161ec2c2137f20c0cd#GAAGCTAAGCCATCAG-1,at10_1,0.4238615746127521,AC-gliosis-hypoxia
1767,cellranger-arc201_count_2f9d72acefae69161ec2c2137f20c0cd#GAATTTGTCAATCTCT-1,at10_1,0.65620872988301,AC-gliosis-hypoxia
1768,cellranger-arc201_count_2f9d72acefae69161ec2c2137f20c0cd#GAATTTGTCAATGTCA-1,at10_1,0.5167547421814314,AC-gliosis-hypoxia
1769,cellranger-arc201_count_2f9d72acefae69161ec2c2137f20c0cd#GACCTTTGTGGACATC-1,at10_1,0.6085745948008109,AC-gliosis-hypoxia
1770,cellranger-arc201_count_2f9d72acefae69161ec2c2137f20c0cd#GACGCCTAGTTACTTC-1,at10_1,0.4438652139996158,AC-gliosis-hypoxia
1771,cellranger-arc201_count_2f9d72acefae69161ec2c2137f20c0cd#GAGCAAGGTAAGCACC-1,at10_1,0.4857509470664524,AC-gliosis-hypoxia
1772,cellranger-arc201_count_2f9d72acefae69161ec2c2137f20c0cd#GAGCGGTCAAGGCCAA-1,at10_1,0.7575753222257486,AC-gliosis-hypoxia
1773,cellranger-arc201_count_2f9d72acefae69161ec2c2137f20c0cd#GAGTTACTCCTCAGTC-1,at10_1,0.6299734600953091,AC-gliosis-hypoxia
1774,cellranger-arc201_count_2f9d72acefae69161ec2c2137f20c0cd#GAGTTACTCGGGACTC-1,at10_1,0.6171535413299376,AC-gliosis-hypoxia
1775,cellranger-arc201_count_2f9d72acefae69161ec2c2137f20c0cd#GATAATCGTAATCCCT-1,at10_1,0.45002194901229164,AC-gliosis-hypoxia
1776,cellranger-arc201_count_2f9d72acefae69161ec2c2137f20c0cd#GATCGATTCAGTATTG-1,at10_1,0.4215057387860322,AC-gliosis-hypoxia
1777,cellranger-arc201_count_2f9d72acefae69161ec2c2137f20c0cd#GATGACTTCTTAATGG-1,at10_1,0.6799808045069093,AC-gliosis-hypoxia
1778,cellranger-arc201_count_2f9d72acefae69161ec2c2137f20c0cd#GATGCTTAGGTTAGCT-1,at10_1,0.733656352409307,AC-gliosis-hypoxia
1779,cellranger-arc201_count_2f9d72acefae69161ec2c2137f20c0cd#GATTACGGTCGTTACT-1,at10_1,0.5322031271232904,AC-gliosis-hypoxia
1780,cellranger-arc201_count_2f9d72acefae69161ec2c2137f20c0cd#GATTACTCATAGCGAG-1,at10_1,0.6545330221388193,AC-gliosis-hypoxia
1781,cellranger-arc201_count_2f9d72acefae69161ec2c2137f20c0cd#GATTGATGTGTTTGCT-1,at10_1,0.6448647235809947,AC-gliosis-hypoxia
1782,cellranger-arc201_count_2f9d72acefae69161ec2c2137f20c0cd#GCACGGTTCCTAGTCC-1,at10_1,0.6228467045162622,AC-gliosis-hypoxia
1783,cellranger-arc201_count_2f9d72acefae69161ec2c2137f20c0cd#GCACGGTTCGATTTAG-1,at10_1,0.6450156280433864,AC-gliosis-hypoxia
1784,cellranger-arc201_count_2f9d72acefae69161ec2c2137f20c0cd#GCACTTACAGGCCATT-1,at10_1,0.7197745896611497,AC-gliosis-hypoxia
1785,cellranger-arc201_count_2f9d72acefae69161ec2c2137f20c0cd#GCAGGCTTCCTCCCTC-1,at10_1,0.4439755246047812,AC-gliosis-hypoxia
1786,cellranger-arc201_count_2f9d72acefae69161ec2c2137f20c0cd#GCATATATCTCCTCAA-1,at10_1,0.5210640947423321,AC-gliosis-hypoxia
1787,cellranger-arc201_count_2f9d72acefae69161ec2c2137f20c0cd#GCCCAAATCATGGTTA-1,at10_1,0.517348002750554,AC-gliosis-hypoxia
1788,cellranger-arc201_count_2f9d72acefae69161ec2c2137f20c0cd#GCCTAATAGCGTGCAC-1,at10_1,0.40274433268303117,AC-gliosis-hypoxia
1789,cellranger-arc201_count_2f9d72acefae69161ec2c2137f20c0cd#GCCTACTTCAATTGGC-1,at10_1,0.4958510217133494,AC-gliosis-hypoxia
1790,cellranger-arc201_count_2f9d72acefae69161ec2c2137f20c0cd#GCCTACTTCCACAATA-1,at10_1,0.6087923204273614,AC-gliosis-hypoxia
1791,cellranger-arc201_count_2f9d72acefae69161ec2c2137f20c0cd#GCCTATTGTACCGTTT-1,at10_1,0.5090333339256751,AC-gliosis-hypoxia
1792,cellranger-arc201_count_2f9d72acefae69161ec2c2137f20c0cd#GCCTGAGGTGAAACAA-1,at10_1,0.40513867420559746,AC-gliosis-hypoxia
1793,cellranger-arc201_count_2f9d72acefae69161ec2c2137f20c0cd#GCCTTAGAGTTGCCTC-1,at10_1,0.4437853627084461,AC-gliosis-hypoxia
1794,cellranger-arc201_count_2f9d72acefae69161ec2c2137f20c0cd#GCCTTTGGTTTGGGCG-1,at10_1,0.6636853499407314,AC-gliosis-hypoxia
1795,cellranger-arc201_count_2f9d72acefae69161ec2c2137f20c0cd#GCGAAGTAGGTACCGC-1,at10_1,0.5036140818280979,AC-gliosis-hypoxia
1796,cellranger-arc201_count_2f9d72acefae69161ec2c2137f20c0cd#GCGAAGTAGGTGTTAC-1,at10_1,0.6488365735785901,AC-gliosis-hypoxia
1797,cellranger-arc201_count_2f9d72acefae69161ec2c2137f20c0cd#GCTAATATCCTAAGAC-1,at10_1,0.4368653072638636,AC-gliosis-hypoxia
1798,cellranger-arc201_count_2f9d72acefae69161ec2c2137f20c0cd#GCTAATATCGTTACAA-1,at10_1,0.4422027591196498,AC-gliosis-hypoxia
1799,cellranger-arc201_count_2f9d72acefae69161ec2c2137f20c0cd#GCTAATATCTTGCTAT-1,at10_1,0.6392496854724323,AC-gliosis-hypoxia
1800,cellranger-arc201_count_2f9d72acefae69161ec2c2137f20c0cd#GCTCACAAGTTAACCA-1,at10_1,0.7191032596985681,AC-gliosis-hypoxia
1801,cellranger-arc201_count_2f9d72acefae69161ec2c2137f20c0cd#GCTGACCAGGTCCAAT-1,at10_1,0.5850292109763201,AC-gliosis-hypoxia
1802,cellranger-arc201_count_2f9d72acefae69161ec2c2137f20c0cd#GCTGATCCAAAGGTAC-1,at10_1,0.44005523827219484,AC-gliosis-hypoxia
1803,cellranger-arc201_count_2f9d72acefae69161ec2c2137f20c0cd#GCTGGTTCAACCGCCA-1,at10_1,0.5074668231005804,AC-gliosis-hypoxia
1804,cellranger-arc201_count_2f9d72acefae69161ec2c2137f20c0cd#GCTGTAAGTTGCCTCA-1,at10_1,0.45788011791735944,AC-gliosis-hypoxia
1805,cellranger-arc201_count_2f9d72acefae69161ec2c2137f20c0cd#GCTGTGCAGCCTGACA-1,at10_1,0.3739782948292732,AC-gliosis-hypoxia
1806,cellranger-arc201_count_2f9d72acefae69161ec2c2137f20c0cd#GCTTAACAGTTAGACC-1,at10_1,0.39555231510032257,AC-gliosis-hypoxia
1807,cellranger-arc201_count_2f9d72acefae69161ec2c2137f20c0cd#GCTTACCTCAAGCTAC-1,at10_1,0.495889722304258,AC-gliosis-hypoxia
1808,cellranger-arc201_count_2f9d72acefae69161ec2c2137f20c0cd#GCTTGACCAACACTTG-1,at10_1,0.4453703607222914,AC-gliosis-hypoxia
1809,cellranger-arc201_count_2f9d72acefae69161ec2c2137f20c0cd#GCTTTATTCTTGGATA-1,at10_1,0.6603471873165746,AC-gliosis-hypoxia
1810,cellranger-arc201_count_2f9d72acefae69161ec2c2137f20c0cd#GGAAACTCATTGTGCA-1,at10_1,0.595886536466046,AC-gliosis-hypoxia
1811,cellranger-arc201_count_2f9d72acefae69161ec2c2137f20c0cd#GGAACTAAGTTAGAGG-1,at10_1,0.5651819887978913,AC-gliosis-hypoxia
1812,cellranger-arc201_count_2f9d72acefae69161ec2c2137f20c0cd#GGAATCTTCTGTGCAG-1,at10_1,0.4882325180503976,AC-gliosis-hypoxia
1813,cellranger-arc201_count_2f9d72acefae69161ec2c2137f20c0cd#GGAGGTTAGGCTAAGA-1,at10_1,0.5145980334239045,AC-gliosis-hypoxia
1814,cellranger-arc201_count_2f9d72acefae69161ec2c2137f20c0cd#GGATAACCACAAACTT-1,at10_1,0.38596932489540725,AC-gliosis-hypoxia
1815,cellranger-arc201_count_2f9d72acefae69161ec2c2137f20c0cd#GGATATTGTACAAAGA-1,at10_1,0.5402259545137059,AC-gliosis-hypoxia
1816,cellranger-arc201_count_2f9d72acefae69161ec2c2137f20c0cd#GGATTTATCATGTCAA-1,at10_1,0.7065537439108257,AC-gliosis-hypoxia
1817,cellranger-arc201_count_2f9d72acefae69161ec2c2137f20c0cd#GGCATGGAGAATCTCA-1,at10_1,0.649296024766485,AC-gliosis-hypoxia
1818,cellranger-arc201_count_2f9d72acefae69161ec2c2137f20c0cd#GGCCATCAGCACTTGG-1,at10_1,0.6225256845067829,AC-gliosis-hypoxia
1819,cellranger-arc201_count_2f9d72acefae69161ec2c2137f20c0cd#GGCGCTAGTTCGCTCA-1,at10_1,0.6633915595556468,AC-gliosis-hypoxia
1820,cellranger-arc201_count_2f9d72acefae69161ec2c2137f20c0cd#GGCGTTATCCGGTTAG-1,at10_1,0.37521640747467944,AC-gliosis-hypoxia
1821,cellranger-arc201_count_2f9d72acefae69161ec2c2137f20c0cd#GGCTATGTCACAAGCT-1,at10_1,0.7120672695341702,AC-gliosis-hypoxia
1822,cellranger-arc201_count_2f9d72acefae69161ec2c2137f20c0cd#GGCTGAGAGGCATTAC-1,at10_1,0.4318916409626182,AC-gliosis-hypoxia
1823,cellranger-arc201_count_2f9d72acefae69161ec2c2137f20c0cd#GGCTTCAAGGTTTACA-1,at10_1,0.722714943621348,AC-gliosis-hypoxia
1824,cellranger-arc201_count_2f9d72acefae69161ec2c2137f20c0cd#GGGCAATAGTAAAGGT-1,at10_1,0.37896958521256546,AC-gliosis-hypoxia
1825,cellranger-arc201_count_2f9d72acefae69161ec2c2137f20c0cd#GGGCCTAGTTACATCC-1,at10_1,0.44159073294025925,AC-gliosis-hypoxia
1826,cellranger-arc201_count_2f9d72acefae69161ec2c2137f20c0cd#GGGCCTAGTTGCACAA-1,at10_1,0.4407385960443249,AC-gliosis-hypoxia
1827,cellranger-arc201_count_2f9d72acefae69161ec2c2137f20c0cd#GGGTATTTCGCCTGTT-1,at10_1,0.4484065473687541,AC-gliosis-hypoxia
1828,cellranger-arc201_count_2f9d72acefae69161ec2c2137f20c0cd#GGTACTAGTCCTCCAA-1,at10_1,0.43726595582729866,AC-gliosis-hypoxia
1829,cellranger-arc201_count_2f9d72acefae69161ec2c2137f20c0cd#GGTATTTCAACTAGAA-1,at10_1,0.634290497090088,AC-gliosis-hypoxia
1830,cellranger-arc201_count_2f9d72acefae69161ec2c2137f20c0cd#GGTCCATCACATGCTA-1,at10_1,0.5235335265481216,AC-gliosis-hypoxia
1831,cellranger-arc201_count_2f9d72acefae69161ec2c2137f20c0cd#GGTGAGCCACCTATAG-1,at10_1,0.4496562145071295,AC-gliosis-hypoxia
1832,cellranger-arc201_count_2f9d72acefae69161ec2c2137f20c0cd#GGTGATTTCCAGGGAG-1,at10_1,0.6255392633260386,AC-gliosis-hypoxia
1833,cellranger-arc201_count_2f9d72acefae69161ec2c2137f20c0cd#GGTGTCCAGGGTCTAT-1,at10_1,0.3560110582622988,AC-gliosis-hypoxia
1834,cellranger-arc201_count_2f9d72acefae69161ec2c2137f20c0cd#GGTGTTGTCAGGAACA-1,at10_1,0.6215067731219691,AC-gliosis-hypoxia
1835,cellranger-arc201_count_2f9d72acefae69161ec2c2137f20c0cd#GGTGTTGTCAGGTTTA-1,at10_1,0.3813360288990955,AC-gliosis-hypoxia
1836,cellranger-arc201_count_2f9d72acefae69161ec2c2137f20c0cd#GGTTAGCGTGTTTGAG-1,at10_1,0.630687054444221,AC-gliosis-hypoxia
1837,cellranger-arc201_count_2f9d72acefae69161ec2c2137f20c0cd#GGTTATATCCTGGCTT-1,at10_1,0.4173947058719244,AC-gliosis-hypoxia
1838,cellranger-arc201_count_2f9d72acefae69161ec2c2137f20c0cd#GGTTCTTGTGCAATGC-1,at10_1,0.4167158863705268,AC-gliosis-hypoxia
1839,cellranger-arc201_count_2f9d72acefae69161ec2c2137f20c0cd#GGTTGCGGTTCCGCAC-1,at10_1,0.6726582629168774,AC-gliosis-hypoxia
1840,cellranger-arc201_count_2f9d72acefae69161ec2c2137f20c0cd#GGTTTAATCACCGGTA-1,at10_1,0.7390278273745108,AC-gliosis-hypoxia
1841,cellranger-arc201_count_2f9d72acefae69161ec2c2137f20c0cd#GGTTTGTAGCACAGCC-1,at10_1,0.4446999773928689,AC-gliosis-hypoxia
1842,cellranger-arc201_count_2f9d72acefae69161ec2c2137f20c0cd#GTAAGCGCATGCAACC-1,at10_1,0.7277481364429982,AC-gliosis-hypoxia
1843,cellranger-arc201_count_2f9d72acefae69161ec2c2137f20c0cd#GTACCTTGTTGAATCG-1,at10_1,0.6259060558329667,AC-gliosis-hypoxia
1844,cellranger-arc201_count_2f9d72acefae69161ec2c2137f20c0cd#GTACTGGTCTTCAATC-1,at10_1,0.4753639868881006,AC-gliosis-hypoxia
1845,cellranger-arc201_count_2f9d72acefae69161ec2c2137f20c0cd#GTACTTAAGCTATGAC-1,at10_1,0.43742092524384346,AC-gliosis-hypoxia
1846,cellranger-arc201_count_2f9d72acefae69161ec2c2137f20c0cd#GTACTTCGTCTTACTA-1,at10_1,0.1952128872522251,AC-gliosis-hypoxia
1847,cellranger-arc201_count_2f9d72acefae69161ec2c2137f20c0cd#GTATGTGGTTTGGCTT-1,at10_1,0.46496505458450366,AC-gliosis-hypoxia
1848,cellranger-arc201_count_2f9d72acefae69161ec2c2137f20c0cd#GTCATCCTCATAACTG-1,at10_1,0.5245193057723734,AC-gliosis-hypoxia
1849,cellranger-arc201_count_2f9d72acefae69161ec2c2137f20c0cd#GTCCTCAGTCAGGCAT-1,at10_1,0.6234926981207668,AC-gliosis-hypoxia
1850,cellranger-arc201_count_2f9d72acefae69161ec2c2137f20c0cd#GTCTAATCAGTTTGTG-1,at10_1,0.429248446287864,AC-gliosis-hypoxia
1851,cellranger-arc201_count_2f9d72acefae69161ec2c2137f20c0cd#GTCTATGCATGTTGGC-1,at10_1,0.17997512818822484,AC-gliosis-hypoxia
1852,cellranger-arc201_count_2f9d72acefae69161ec2c2137f20c0cd#GTCTCACTCGCTAGTG-1,at10_1,0.47499006679032896,AC-gliosis-hypoxia
1853,cellranger-arc201_count_2f9d72acefae69161ec2c2137f20c0cd#GTGAACAAGTATTGTG-1,at10_1,0.37756542197422477,AC-gliosis-hypoxia
1854,cellranger-arc201_count_2f9d72acefae69161ec2c2137f20c0cd#GTGCCTTTCATCCTGC-1,at10_1,0.7155571718852708,AC-gliosis-hypoxia
1855,cellranger-arc201_count_2f9d72acefae69161ec2c2137f20c0cd#GTGCTCAAGGAGGTTA-1,at10_1,0.4426482892316782,AC-gliosis-hypoxia
1856,cellranger-arc201_count_2f9d72acefae69161ec2c2137f20c0cd#GTGCTTACAAGTAAGC-1,at10_1,0.4879165653125337,AC-gliosis-hypoxia
1857,cellranger-arc201_count_2f9d72acefae69161ec2c2137f20c0cd#GTGCTTCTCAGAAACG-1,at10_1,0.4571389598382321,AC-gliosis-hypoxia
1858,cellranger-arc201_count_2f9d72acefae69161ec2c2137f20c0cd#GTGCTTCTCTCGACCT-1,at10_1,0.40325334290101034,AC-gliosis-hypoxia
1859,cellranger-arc201_count_2f9d72acefae69161ec2c2137f20c0cd#GTGGATGCACCTAAGC-1,at10_1,0.6101795834796003,AC-gliosis-hypoxia
1860,cellranger-arc201_count_2f9d72acefae69161ec2c2137f20c0cd#GTGGATGCAGCTTACA-1,at10_1,0.41634129806111364,AC-gliosis-hypoxia
1861,cellranger-arc201_count_2f9d72acefae69161ec2c2137f20c0cd#GTTAACCAGTAGCTTA-1,at10_1,0.45883983688758934,AC-gliosis-hypoxia
1862,cellranger-arc201_count_2f9d72acefae69161ec2c2137f20c0cd#GTTAACGGTCCTCCAA-1,at10_1,0.7203064861278533,AC-gliosis-hypoxia
1863,cellranger-arc201_count_2f9d72acefae69161ec2c2137f20c0cd#GTTCACCTCGCACAAT-1,at10_1,0.70476644482249,AC-gliosis-hypoxia
1864,cellranger-arc201_count_2f9d72acefae69161ec2c2137f20c0cd#GTTCATTTCCGTTAAA-1,at10_1,0.5984861581733384,AC-gliosis-hypoxia
1865,cellranger-arc201_count_2f9d72acefae69161ec2c2137f20c0cd#GTTCCCAGTTTACTTG-1,at10_1,0.472828068023973,AC-gliosis-hypoxia
1866,cellranger-arc201_count_2f9d72acefae69161ec2c2137f20c0cd#GTTGTTGCAGGTTACC-1,at10_1,0.6865630789666693,AC-gliosis-hypoxia
1867,cellranger-arc201_count_2f9d72acefae69161ec2c2137f20c0cd#GTTTGTTTCCTAAGTA-1,at10_1,0.6801025860785886,AC-gliosis-hypoxia
1868,cellranger-arc201_count_2f9d72acefae69161ec2c2137f20c0cd#TAAAGCCTCGCTATAA-1,at10_1,0.4652540004351868,AC-gliosis-hypoxia
1869,cellranger-arc201_count_2f9d72acefae69161ec2c2137f20c0cd#TAAGCTATCAACCAAC-1,at10_1,0.4364179395698208,AC-gliosis-hypoxia
1870,cellranger-arc201_count_2f9d72acefae69161ec2c2137f20c0cd#TAAGCTATCACAGACT-1,at10_1,0.15729674896869364,AC-gliosis-hypoxia
1871,cellranger-arc201_count_2f9d72acefae69161ec2c2137f20c0cd#TAAGTAGCAGGACCAA-1,at10_1,0.5047680833331193,AC-gliosis-hypoxia
1872,cellranger-arc201_count_2f9d72acefae69161ec2c2137f20c0cd#TACCAGGTCGCACACA-1,at10_1,0.7475235258699564,AC-gliosis-hypoxia
1873,cellranger-arc201_count_2f9d72acefae69161ec2c2137f20c0cd#TACTCAAAGCATGACT-1,at10_1,0.6585201853198678,AC-gliosis-hypoxia
1874,cellranger-arc201_count_2f9d72acefae69161ec2c2137f20c0cd#TACTCAAAGTTATCTC-1,at10_1,0.4504883050538162,AC-gliosis-hypoxia
1875,cellranger-arc201_count_2f9d72acefae69161ec2c2137f20c0cd#TACTCGCTCGTTAGTA-1,at10_1,0.4708413634449267,AC-gliosis-hypoxia
1876,cellranger-arc201_count_2f9d72acefae69161ec2c2137f20c0cd#TACTCGCTCTCACACC-1,at10_1,0.516407884655144,AC-gliosis-hypoxia
1877,cellranger-arc201_count_2f9d72acefae69161ec2c2137f20c0cd#TACTGACAGCCTGGTA-1,at10_1,0.6440211620677939,AC-gliosis-hypoxia
1878,cellranger-arc201_count_2f9d72acefae69161ec2c2137f20c0cd#TACTGCACAGAGGCTA-1,at10_1,0.6991300796257002,AC-gliosis-hypoxia
1879,cellranger-arc201_count_2f9d72acefae69161ec2c2137f20c0cd#TACTTGTTCCTAAGAC-1,at10_1,0.46395466289812,AC-gliosis-hypoxia
1880,cellranger-arc201_count_2f9d72acefae69161ec2c2137f20c0cd#TAGCATATCATAGACC-1,at10_1,0.6401952049452785,AC-gliosis-hypoxia
1881,cellranger-arc201_count_2f9d72acefae69161ec2c2137f20c0cd#TAGCTAGGTACCTTAC-1,at10_1,0.5038000117173695,AC-gliosis-hypoxia
1882,cellranger-arc201_count_2f9d72acefae69161ec2c2137f20c0cd#TAGGGTTTCACCTGCT-1,at10_1,0.4649616021576888,AC-gliosis-hypoxia
1883,cellranger-arc201_count_2f9d72acefae69161ec2c2137f20c0cd#TAGTGTGGTTAAGCGC-1,at10_1,0.5380512040418564,AC-gliosis-hypoxia
1884,cellranger-arc201_count_2f9d72acefae69161ec2c2137f20c0cd#TAGTTGTCACTTGTTC-1,at10_1,0.4494696720905197,AC-gliosis-hypoxia
1885,cellranger-arc201_count_2f9d72acefae69161ec2c2137f20c0cd#TATAGGTGTGTTTGCT-1,at10_1,0.41793846309526617,AC-gliosis-hypoxia
1886,cellranger-arc201_count_2f9d72acefae69161ec2c2137f20c0cd#TATCCAGCAATATGGA-1,at10_1,0.3912580808278129,AC-gliosis-hypoxia
1887,cellranger-arc201_count_2f9d72acefae69161ec2c2137f20c0cd#TATCCAGCATAATCGT-1,at10_1,0.6381827185337277,AC-gliosis-hypoxia
1888,cellranger-arc201_count_2f9d72acefae69161ec2c2137f20c0cd#TATCGCGAGGTCCACA-1,at10_1,0.4345260653595765,AC-gliosis-hypoxia
1889,cellranger-arc201_count_2f9d72acefae69161ec2c2137f20c0cd#TATGGATGTAAATTGC-1,at10_1,0.46061622185244594,AC-gliosis-hypoxia
1890,cellranger-arc201_count_2f9d72acefae69161ec2c2137f20c0cd#TATGGCCCAACAGGAT-1,at10_1,0.37859210131937204,AC-gliosis-hypoxia
1891,cellranger-arc201_count_2f9d72acefae69161ec2c2137f20c0cd#TATTAGCCAAGCTAAA-1,at10_1,0.6370962064045065,AC-gliosis-hypoxia
1892,cellranger-arc201_count_2f9d72acefae69161ec2c2137f20c0cd#TATTCGTTCCGCATGA-1,at10_1,0.6579855046379909,AC-gliosis-hypoxia
1893,cellranger-arc201_count_2f9d72acefae69161ec2c2137f20c0cd#TCAAGGTTCCAGGTTG-1,at10_1,0.4312665289719132,AC-gliosis-hypoxia
1894,cellranger-arc201_count_2f9d72acefae69161ec2c2137f20c0cd#TCAATCGCAGGCCATT-1,at10_1,0.4419267877116742,AC-gliosis-hypoxia
1895,cellranger-arc201_count_2f9d72acefae69161ec2c2137f20c0cd#TCACCTCAGGAAACTG-1,at10_1,0.4136090363429662,AC-gliosis-hypoxia
1896,cellranger-arc201_count_2f9d72acefae69161ec2c2137f20c0cd#TCATTTGGTTGTTGTC-1,at10_1,0.45922433700301946,AC-gliosis-hypoxia
1897,cellranger-arc201_count_2f9d72acefae69161ec2c2137f20c0cd#TCCAGCAAGCGAGGTG-1,at10_1,0.40935263955466145,AC-gliosis-hypoxia
1898,cellranger-arc201_count_2f9d72acefae69161ec2c2137f20c0cd#TCCCGGACATTGCAGC-1,at10_1,0.4516519399433372,AC-gliosis-hypoxia
1899,cellranger-arc201_count_2f9d72acefae69161ec2c2137f20c0cd#TCCGCCATCCCGCATT-1,at10_1,0.4487483376234261,AC-gliosis-hypoxia
1900,cellranger-arc201_count_2f9d72acefae69161ec2c2137f20c0cd#TCCGGAATCCTCACTA-1,at10_1,0.45995697538371655,AC-gliosis-hypoxia
1901,cellranger-arc201_count_2f9d72acefae69161ec2c2137f20c0cd#TCCTCTAAGGGCCATC-1,at10_1,0.6368248567937186,AC-gliosis-hypoxia
1902,cellranger-arc201_count_2f9d72acefae69161ec2c2137f20c0cd#TCCTTGCAGCTCCTTA-1,at10_1,0.4573216043535993,AC-gliosis-hypoxia
1903,cellranger-arc201_count_2f9d72acefae69161ec2c2137f20c0cd#TCGTTTCCAAGGTCCT-1,at10_1,0.6928299018472969,AC-gliosis-hypoxia
1904,cellranger-arc201_count_2f9d72acefae69161ec2c2137f20c0cd#TCTACCTCACAGAAAC-1,at10_1,0.3899916248719426,AC-gliosis-hypoxia
1905,cellranger-arc201_count_2f9d72acefae69161ec2c2137f20c0cd#TCTAGCCTCGCACAAT-1,at10_1,0.6497115410389454,AC-gliosis-hypoxia
1906,cellranger-arc201_count_2f9d72acefae69161ec2c2137f20c0cd#TCTCGCCCAAGCTAAA-1,at10_1,0.46823344477641804,AC-gliosis-hypoxia
1907,cellranger-arc201_count_2f9d72acefae69161ec2c2137f20c0cd#TCTTTGTAGGTCCAAT-1,at10_1,0.4488580357012534,AC-gliosis-hypoxia
1908,cellranger-arc201_count_2f9d72acefae69161ec2c2137f20c0cd#TGAAGCAAGCAGGTTT-1,at10_1,0.6421173157323046,AC-gliosis-hypoxia
1909,cellranger-arc201_count_2f9d72acefae69161ec2c2137f20c0cd#TGACCAAGTTAGCTGA-1,at10_1,0.6727602765608264,AC-gliosis-hypoxia
1910,cellranger-arc201_count_2f9d72acefae69161ec2c2137f20c0cd#TGAGCAAAGCGAGTAA-1,at10_1,0.3733451364567174,AC-gliosis-hypoxia
1911,cellranger-arc201_count_2f9d72acefae69161ec2c2137f20c0cd#TGAGCAAAGCTCCTAC-1,at10_1,0.6428978426139821,AC-gliosis-hypoxia
1912,cellranger-arc201_count_2f9d72acefae69161ec2c2137f20c0cd#TGAGGTGCAGCTAACC-1,at10_1,0.6299987407690825,AC-gliosis-hypoxia
1913,cellranger-arc201_count_2f9d72acefae69161ec2c2137f20c0cd#TGATGAACACATTGCA-1,at10_1,0.6052537499950319,AC-gliosis-hypoxia
1914,cellranger-arc201_count_2f9d72acefae69161ec2c2137f20c0cd#TGATTAGTCAGCACGC-1,at10_1,0.4116641785179743,AC-gliosis-hypoxia
1915,cellranger-arc201_count_2f9d72acefae69161ec2c2137f20c0cd#TGCGCAGGTATCTGGA-1,at10_1,0.5693732906354447,AC-gliosis-hypoxia
1916,cellranger-arc201_count_2f9d72acefae69161ec2c2137f20c0cd#TGCTAACAGGACCTGC-1,at10_1,0.43861852755847847,AC-gliosis-hypoxia
1917,cellranger-arc201_count_2f9d72acefae69161ec2c2137f20c0cd#TGCTAGCCAGGTTTGC-1,at10_1,0.3812667297834325,AC-gliosis-hypoxia
1918,cellranger-arc201_count_2f9d72acefae69161ec2c2137f20c0cd#TGCTCAACAATAATCC-1,at10_1,0.5801480919874346,AC-gliosis-hypoxia
1919,cellranger-arc201_count_2f9d72acefae69161ec2c2137f20c0cd#TGCTTCATCATCGTTT-1,at10_1,0.6172386826299365,AC-gliosis-hypoxia
1920,cellranger-arc201_count_2f9d72acefae69161ec2c2137f20c0cd#TGCTTCATCGTTAACA-1,at10_1,0.4626594459995098,AC-gliosis-hypoxia
1921,cellranger-arc201_count_2f9d72acefae69161ec2c2137f20c0cd#TGGTAAACATGAATAG-1,at10_1,0.47192252988101513,AC-gliosis-hypoxia
1922,cellranger-arc201_count_2f9d72acefae69161ec2c2137f20c0cd#TGGTCAGTCGTTACAA-1,at10_1,0.6983602998145915,AC-gliosis-hypoxia
1923,cellranger-arc201_count_2f9d72acefae69161ec2c2137f20c0cd#TGTAAGTGTCTCAGCC-1,at10_1,0.7315304927559002,AC-gliosis-hypoxia
1924,cellranger-arc201_count_2f9d72acefae69161ec2c2137f20c0cd#TGTAAGTGTGCCGCAA-1,at10_1,0.3674979226448552,AC-gliosis-hypoxia
1925,cellranger-arc201_count_2f9d72acefae69161ec2c2137f20c0cd#TGTGCGGGTTAGTACG-1,at10_1,0.4116779325409304,AC-gliosis-hypoxia
1926,cellranger-arc201_count_2f9d72acefae69161ec2c2137f20c0cd#TTAATCGAGGGATGAC-1,at10_1,0.65471299380762,AC-gliosis-hypoxia
1927,cellranger-arc201_count_2f9d72acefae69161ec2c2137f20c0cd#TTACCGTGTCATAACG-1,at10_1,0.4726845138896386,AC-gliosis-hypoxia
1928,cellranger-arc201_count_2f9d72acefae69161ec2c2137f20c0cd#TTAGCAATCTAAATCG-1,at10_1,0.4447480329467597,AC-gliosis-hypoxia
1929,cellranger-arc201_count_2f9d72acefae69161ec2c2137f20c0cd#TTAGGAACAGGTTCAC-1,at10_1,0.7068104485498022,AC-gliosis-hypoxia
1930,cellranger-arc201_count_2f9d72acefae69161ec2c2137f20c0cd#TTCAGTTTCACCAATA-1,at10_1,0.7437488539909327,AC-gliosis-hypoxia
1931,cellranger-arc201_count_2f9d72acefae69161ec2c2137f20c0cd#TTCCTTCTCAAGCTTA-1,at10_1,0.4655358743793297,AC-gliosis-hypoxia
1932,cellranger-arc201_count_2f9d72acefae69161ec2c2137f20c0cd#TTCGCAACAGCACGAA-1,at10_1,0.641025959068682,AC-gliosis-hypoxia
1933,cellranger-arc201_count_2f9d72acefae69161ec2c2137f20c0cd#TTCGGTACACATAGCC-1,at10_1,0.7404296240299542,AC-gliosis-hypoxia
1934,cellranger-arc201_count_2f9d72acefae69161ec2c2137f20c0cd#TTCGTGCTCTCAATGA-1,at10_1,0.6437163461906232,AC-gliosis-hypoxia
1935,cellranger-arc201_count_2f9d72acefae69161ec2c2137f20c0cd#TTCTTAGGTCCTTTAA-1,at10_1,0.438587734138662,AC-gliosis-hypoxia
1936,cellranger-arc201_count_2f9d72acefae69161ec2c2137f20c0cd#TTGCAAGGTTAGGCTA-1,at10_1,0.44621531434307865,AC-gliosis-hypoxia
1937,cellranger-arc201_count_2f9d72acefae69161ec2c2137f20c0cd#TTGCATTTCATCCACC-1,at10_1,0.46086346015983326,AC-gliosis-hypoxia
1938,cellranger-arc201_count_2f9d72acefae69161ec2c2137f20c0cd#TTGCGAGTCCTAATTC-1,at10_1,0.4352193906220269,AC-gliosis-hypoxia
1939,cellranger-arc201_count_2f9d72acefae69161ec2c2137f20c0cd#TTGCTCTCACCTGTAA-1,at10_1,0.4865796408706277,AC-gliosis-hypoxia
1940,cellranger-arc201_count_2f9d72acefae69161ec2c2137f20c0cd#TTGGAGGCAATAGTCT-1,at10_1,0.6317558032806365,AC-gliosis-hypoxia
1941,cellranger-arc201_count_2f9d72acefae69161ec2c2137f20c0cd#TTGGATATCATTATGG-1,at10_1,0.6062568470376616,AC-gliosis-hypoxia
1942,cellranger-arc201_count_2f9d72acefae69161ec2c2137f20c0cd#TTGGATTCATTATGCG-1,at10_1,0.45627613155603236,AC-gliosis-hypoxia
1943,cellranger-arc201_count_2f9d72acefae69161ec2c2137f20c0cd#TTGGCTTGTAAGGTTT-1,at10_1,0.45579095421993643,AC-gliosis-hypoxia
1944,cellranger-arc201_count_2f9d72acefae69161ec2c2137f20c0cd#TTGGGTTAGTTACCGG-1,at10_1,0.4991857875949947,AC-gliosis-hypoxia
1945,cellranger-arc201_count_2f9d72acefae69161ec2c2137f20c0cd#TTGTCAAAGTGAGCAA-1,at10_1,0.48874013616079015,AC-gliosis-hypoxia
1946,cellranger-arc201_count_2f9d72acefae69161ec2c2137f20c0cd#TTGTCCCAGGTCCAAT-1,at10_1,0.7421849046437974,AC-gliosis-hypoxia
1947,cellranger-arc201_count_2f9d72acefae69161ec2c2137f20c0cd#TTTAAGCCACTGGCCA-1,at10_1,0.5898098754817537,AC-gliosis-hypoxia
1948,cellranger-arc201_count_2f9d72acefae69161ec2c2137f20c0cd#TTTACGCGTGCTCACC-1,at10_1,0.6350240264196405,AC-gliosis-hypoxia
1949,cellranger-arc201_count_2f9d72acefae69161ec2c2137f20c0cd#TTTAGCTTCCTAAGGT-1,at10_1,0.652277362374034,AC-gliosis-hypoxia
1950,cellranger-arc201_count_2f9d72acefae69161ec2c2137f20c0cd#TTTCACCCACCTCACC-1,at10_1,0.6656011684014659,AC-gliosis-hypoxia
1951,cellranger-arc201_count_2f9d72acefae69161ec2c2137f20c0cd#TTTCAGTTCTTGGATA-1,at10_1,0.6784596207048357,AC-gliosis-hypoxia
1952,cellranger-arc201_count_2f9d72acefae69161ec2c2137f20c0cd#TTTCCACCAGGCTTGT-1,at10_1,0.5715058880895709,AC-gliosis-hypoxia
1953,cellranger-arc201_count_2f9d72acefae69161ec2c2137f20c0cd#TTTGTGGCACAAAGGT-1,at10_1,0.7144377503327015,AC-gliosis-hypoxia
1954,cellranger-arc201_count_2f9d72acefae69161ec2c2137f20c0cd#TTTGTTGGTCATAGAT-1,at10_1,0.40963882903232296,AC-gliosis-hypoxia
1955,cellranger-arc201_count_0fb30af0fe36506de6b8a3b7f8b6b155#AACTACTCATTAAGTC-1,at10_1,0.3859930185665319,AC-gliosis-hypoxia
1956,cellranger-arc201_count_0fb30af0fe36506de6b8a3b7f8b6b155#ATAGCATGTTAACACG-1,at10_1,0.6303263315263707,AC-gliosis-hypoxia
1957,cellranger-arc201_count_0fb30af0fe36506de6b8a3b7f8b6b155#CATAATGTCCGCCAAA-1,at10_1,0.5385965761099987,AC-gliosis-hypoxia
1958,cellranger-arc201_count_0fb30af0fe36506de6b8a3b7f8b6b155#CCGTTACTCACAGACT-1,at10_1,0.6500046632123884,AC-gliosis-hypoxia
1959,cellranger-arc201_count_0fb30af0fe36506de6b8a3b7f8b6b155#CCTGTAACACATTAAC-1,at10_1,0.5558721857857782,AC-gliosis-hypoxia
1960,cellranger-arc201_count_0fb30af0fe36506de6b8a3b7f8b6b155#CCTTCGGTCGCTAAGT-1,at10_1,0.4691765141399117,AC-gliosis-hypoxia
1961,cellranger-arc201_count_0fb30af0fe36506de6b8a3b7f8b6b155#CTCATGACACTTAACG-1,at10_1,0.6766080062459968,AC-gliosis-hypoxia
1962,cellranger-arc201_count_0fb30af0fe36506de6b8a3b7f8b6b155#GATCAGTTCTTGCAGG-1,at10_1,0.5507511788175629,AC-gliosis-hypoxia
1963,cellranger-arc201_count_0fb30af0fe36506de6b8a3b7f8b6b155#TCGACAAGTTCACCCA-1,at10_1,0.7227753610906082,AC-gliosis-hypoxia
1964,cellranger-arc201_count_0fb30af0fe36506de6b8a3b7f8b6b155#TCGTTTCCACACTAAT-1,at10_1,0.5647071130579365,AC-gliosis-hypoxia
1965,cellranger-arc201_count_0fb30af0fe36506de6b8a3b7f8b6b155#TGATGATGTTTCCTCC-1,at10_1,0.6107085286782202,AC-gliosis-hypoxia
1966,cellranger-arc201_count_0fb30af0fe36506de6b8a3b7f8b6b155#TGTAACTCATAAGTTC-1,at10_1,0.5233927009446571,AC-gliosis-hypoxia
1967,cellranger-arc201_count_0fb30af0fe36506de6b8a3b7f8b6b155#TTGCTCTCATTAGGTT-1,at10_1,0.6107972894579444,AC-gliosis-hypoxia
1968,cellranger-arc201_count_1243e22655c16468279dae921b0de74a#AAAGCCGCAGATAGAC-1,at10_1,0.43679314040657213,AC-gliosis-hypoxia
1969,cellranger-arc201_count_1243e22655c16468279dae921b0de74a#AGATGCTTCCCGCAAA-1,at10_1,0.3791336590127269,AC-gliosis-hypoxia
1970,cellranger-arc201_count_1243e22655c16468279dae921b0de74a#ATGCCTGAGCGCTAAT-1,at10_1,0.39131128717977426,AC-gliosis-hypoxia
1971,cellranger-arc201_count_1243e22655c16468279dae921b0de74a#CAACAGGCAATGCGCT-1,at10_1,0.38716993416242945,AC-gliosis-hypoxia
1972,cellranger-arc201_count_1243e22655c16468279dae921b0de74a#CACATGCCATTCAGCA-1,at10_1,0.633875147870538,AC-gliosis-hypoxia
1973,cellranger-arc201_count_1243e22655c16468279dae921b0de74a#CATGGCGGTGTCACGG-1,at10_1,0.673292785554868,AC-gliosis-hypoxia
1974,cellranger-arc201_count_1243e22655c16468279dae921b0de74a#CCATTGTGTAAGCTCA-1,at10_1,0.5016792193355781,AC-gliosis-hypoxia
1975,cellranger-arc201_count_1243e22655c16468279dae921b0de74a#CGAATCTAGCCTGAGC-1,at10_1,0.44978684988305984,AC-gliosis-hypoxia
1976,cellranger-arc201_count_1243e22655c16468279dae921b0de74a#CTGTAACAGTACCGCA-1,at10_1,0.6136844092240297,AC-gliosis-hypoxia
1977,cellranger-arc201_count_1243e22655c16468279dae921b0de74a#CTGTTCATCACGTTAA-1,at10_1,0.491361586115041,AC-gliosis-hypoxia
1978,cellranger-arc201_count_1243e22655c16468279dae921b0de74a#GCCAACATCTGTAATG-1,at10_1,0.5640443027937853,AC-gliosis-hypoxia
1979,cellranger-arc201_count_1243e22655c16468279dae921b0de74a#GGTACTAGTCAACAAT-1,at10_1,0.7052694968199982,AC-gliosis-hypoxia
1980,cellranger-arc201_count_1243e22655c16468279dae921b0de74a#GTATTCAAGCTACTGG-1,at10_1,0.5400233193333945,AC-gliosis-hypoxia
1981,cellranger-arc201_count_1243e22655c16468279dae921b0de74a#GTTAACGGTAGGTTTG-1,at10_1,0.5605142520598859,AC-gliosis-hypoxia
1982,cellranger-arc201_count_1243e22655c16468279dae921b0de74a#GTTGCATAGTGGACAA-1,at10_1,0.37337342408287794,AC-gliosis-hypoxia
1983,cellranger-arc201_count_1243e22655c16468279dae921b0de74a#GTTTGTTTCAAACTCA-1,at10_1,0.6111453163546046,AC-gliosis-hypoxia
1984,cellranger-arc201_count_1243e22655c16468279dae921b0de74a#TACCAAATCCTTAGGG-1,at10_1,0.4131467730977464,AC-gliosis-hypoxia
1985,cellranger-arc201_count_1243e22655c16468279dae921b0de74a#TTCCCGCCACCACAAC-1,at10_1,0.6094071865062288,AC-gliosis-hypoxia
1986,cellranger-arc201_count_1243e22655c16468279dae921b0de74a#TTTGACTTCGCGACAC-1,at10_1,0.563309492725253,AC-gliosis-hypoxia
1987,cellranger-arc201_count_dae7bef086560538e47878293f38b2c6#AACCGCTCATCAGTAT-1,at10_1,0.5017330660570294,AC-gliosis-hypoxia
1988,cellranger-arc201_count_dae7bef086560538e47878293f38b2c6#ACGTTACAGAATCTCA-1,at10_1,0.6485607135392214,AC-gliosis-hypoxia
1989,cellranger-arc201_count_dae7bef086560538e47878293f38b2c6#AGAATCTGTCACTCGC-1,at10_1,0.43800755938085373,AC-gliosis-hypoxia
1990,cellranger-arc201_count_dae7bef086560538e47878293f38b2c6#ATGCATTCACCCTCAC-1,at10_1,0.7029858278505698,AC-gliosis-hypoxia
1991,cellranger-arc201_count_dae7bef086560538e47878293f38b2c6#ATGTCCACACAATACT-1,at10_1,0.4071276339989341,AC-gliosis-hypoxia
1992,cellranger-arc201_count_dae7bef086560538e47878293f38b2c6#CTACCTCAGGAGCACG-1,at10_1,0.6431561064134557,AC-gliosis-hypoxia
1993,cellranger-arc201_count_dae7bef086560538e47878293f38b2c6#GCAGGCTTCCCTCATA-1,at10_1,0.4863935996127491,AC-gliosis-hypoxia
1994,cellranger-arc201_count_dae7bef086560538e47878293f38b2c6#GCGAAGTAGCCAGTAT-1,at10_1,0.3671668516186004,AC-gliosis-hypoxia
1995,cellranger-arc201_count_dae7bef086560538e47878293f38b2c6#TCAGCCTTCAGGCTAT-1,at10_1,0.503002389754528,AC-gliosis-hypoxia
1996,cellranger-arc201_count_dae7bef086560538e47878293f38b2c6#TCAGGTTAGCTCAATA-1,at10_1,0.6372177095546685,AC-gliosis-hypoxia
1997,cellranger-arc201_count_dae7bef086560538e47878293f38b2c6#TCCATCATCGATCAGT-1,at10_1,0.42494808674197315,AC-gliosis-hypoxia
1998,cellranger-arc201_count_dae7bef086560538e47878293f38b2c6#TGACTCCTCCACCTGT-1,at10_1,0.5357231546825658,AC-gliosis-hypoxia
1999,cellranger-arc201_count_dae7bef086560538e47878293f38b2c6#TGCTCAACAAATGCCC-1,at10_1,0.5655805213577947,AC-gliosis-hypoxia
2000,cellranger-arc201_count_dae7bef086560538e47878293f38b2c6#TGTGCGCAGGCCAATT-1,at10_1,0.3817248167058925,AC-gliosis-hypoxia
2001,cellranger-arc201_count_dae7bef086560538e47878293f38b2c6#TTATCCTAGCTTGCTC-1,at10_1,0.40804506074068186,AC-gliosis-hypoxia
2002,cellranger-arc201_count_dae7bef086560538e47878293f38b2c6#TTCAGTTTCAATTACG-1,at10_1,0.38747433240732426,AC-gliosis-hypoxia
2003,cellranger-arc201_count_dae7bef086560538e47878293f38b2c6#TTGGATCAGGGATTAG-1,at10_1,0.6223722742507352,AC-gliosis-hypoxia
2004,cellranger-arc201_count_e639e4f2fc11914d67363348c4a30ad1#AACCTCACACTTAACG-1,at10_1,0.49293611547983474,AC-gliosis-hypoxia
2005,cellranger-arc201_count_e639e4f2fc11914d67363348c4a30ad1#AACTCACAGGTAACGA-1,at10_1,0.4391563265613494,AC-gliosis-hypoxia
2006,cellranger-arc201_count_e639e4f2fc11914d67363348c4a30ad1#AAGAATCAGCTCCTAC-1,at10_1,0.5085646948277085,AC-gliosis-hypoxia
2007,cellranger-arc201_count_e639e4f2fc11914d67363348c4a30ad1#AAGCTCCCAGGCTGTT-1,at10_1,0.5025903259088825,AC-gliosis-hypoxia
2008,cellranger-arc201_count_e639e4f2fc11914d67363348c4a30ad1#AAGGAAGCAATTAGGA-1,at10_1,0.5556474996212946,AC-gliosis-hypoxia
2009,cellranger-arc201_count_e639e4f2fc11914d67363348c4a30ad1#AATGTCATCCCTGACT-1,at10_1,0.46902794841826545,AC-gliosis-hypoxia
2010,cellranger-arc201_count_e639e4f2fc11914d67363348c4a30ad1#ACGAATCTCCGTCCAT-1,at10_1,0.5000546854662722,AC-gliosis-hypoxia
2011,cellranger-arc201_count_e639e4f2fc11914d67363348c4a30ad1#ACTAATCCAATCCTGA-1,at10_1,0.4208625850810043,AC-gliosis-hypoxia
2012,cellranger-arc201_count_e639e4f2fc11914d67363348c4a30ad1#ACTATCCGTCCCGAAG-1,at10_1,0.520072802772037,AC-gliosis-hypoxia
2013,cellranger-arc201_count_e639e4f2fc11914d67363348c4a30ad1#ACTTGAATCTAAGGTC-1,at10_1,0.5091392454708668,AC-gliosis-hypoxia
2014,cellranger-arc201_count_e639e4f2fc11914d67363348c4a30ad1#AGAACCAAGACTTACA-1,at10_1,0.5624319081026349,AC-gliosis-hypoxia
2015,cellranger-arc201_count_e639e4f2fc11914d67363348c4a30ad1#AGCACAGCAGCATTAT-1,at10_1,0.5016461428593195,AC-gliosis-hypoxia
2016,cellranger-arc201_count_e639e4f2fc11914d67363348c4a30ad1#AGCGGACCAACCCTAA-1,at10_1,0.3994085644839234,AC-gliosis-hypoxia
2017,cellranger-arc201_count_e639e4f2fc11914d67363348c4a30ad1#AGGGCCTTCTCATCAT-1,at10_1,0.514848390052286,AC-gliosis-hypoxia
2018,cellranger-arc201_count_e639e4f2fc11914d67363348c4a30ad1#AGTAAGTAGGCAAGTA-1,at10_1,0.42913955563243705,AC-gliosis-hypoxia
2019,cellranger-arc201_count_e639e4f2fc11914d67363348c4a30ad1#AGTCGCATCCAGGTCA-1,at10_1,0.5349381173723076,AC-gliosis-hypoxia
2020,cellranger-arc201_count_e639e4f2fc11914d67363348c4a30ad1#ATATGCTCAGGTCCTG-1,at10_1,0.5081563061460916,AC-gliosis-hypoxia
2021,cellranger-arc201_count_e639e4f2fc11914d67363348c4a30ad1#ATCAAGCTCAATAGCC-1,at10_1,0.4225846500078303,AC-gliosis-hypoxia
2022,cellranger-arc201_count_e639e4f2fc11914d67363348c4a30ad1#ATCACACAGTTAGTGC-1,at10_1,0.5095410634046746,AC-gliosis-hypoxia
2023,cellranger-arc201_count_e639e4f2fc11914d67363348c4a30ad1#ATCACTAAGCTGGCTA-1,at10_1,0.5078125669407985,AC-gliosis-hypoxia
2024,cellranger-arc201_count_e639e4f2fc11914d67363348c4a30ad1#ATCACTAAGGCGCATC-1,at10_1,0.5053321096429225,AC-gliosis-hypoxia
2025,cellranger-arc201_count_e639e4f2fc11914d67363348c4a30ad1#ATCCTGACATCCCGCT-1,at10_1,0.6436638915767586,AC-gliosis-hypoxia
2026,cellranger-arc201_count_e639e4f2fc11914d67363348c4a30ad1#ATGACCAGTAAGCACC-1,at10_1,0.505478670729644,AC-gliosis-hypoxia
2027,cellranger-arc201_count_e639e4f2fc11914d67363348c4a30ad1#ATGATGACAATCCTAG-1,at10_1,0.5131166638988087,AC-gliosis-hypoxia
2028,cellranger-arc201_count_e639e4f2fc11914d67363348c4a30ad1#ATGTAAGCATATTGAC-1,at10_1,0.5054693157666618,AC-gliosis-hypoxia
2029,cellranger-arc201_count_e639e4f2fc11914d67363348c4a30ad1#ATTACGTCAGGTTTGC-1,at10_1,0.4836088275964336,AC-gliosis-hypoxia
2030,cellranger-arc201_count_e639e4f2fc11914d67363348c4a30ad1#ATTCCTCCAGGTTATT-1,at10_1,0.5397189489306515,AC-gliosis-hypoxia
2031,cellranger-arc201_count_e639e4f2fc11914d67363348c4a30ad1#ATTCGTTTCCATAATG-1,at10_1,0.5217583109536378,AC-gliosis-hypoxia
2032,cellranger-arc201_count_e639e4f2fc11914d67363348c4a30ad1#ATTGACTCACCAAAGG-1,at10_1,0.41267910847509043,AC-gliosis-hypoxia
2033,cellranger-arc201_count_e639e4f2fc11914d67363348c4a30ad1#ATTGCAGGTTTGCGCC-1,at10_1,0.48280858847132924,AC-gliosis-hypoxia
2034,cellranger-arc201_count_e639e4f2fc11914d67363348c4a30ad1#ATTTAGCCAGCATGGA-1,at10_1,0.5060630774945156,AC-gliosis-hypoxia
2035,cellranger-arc201_count_e639e4f2fc11914d67363348c4a30ad1#CAATGACTCAGCACCA-1,at10_1,0.5119487413179209,AC-gliosis-hypoxia
2036,cellranger-arc201_count_e639e4f2fc11914d67363348c4a30ad1#CACAGGCTCATCCACC-1,at10_1,0.4958506319232251,AC-gliosis-hypoxia
2037,cellranger-arc201_count_e639e4f2fc11914d67363348c4a30ad1#CACGCTAAGGATTTGC-1,at10_1,0.5293339933872244,AC-gliosis-hypoxia
2038,cellranger-arc201_count_e639e4f2fc11914d67363348c4a30ad1#CAGCATTAGCAGGTTT-1,at10_1,0.5335728496199376,AC-gliosis-hypoxia
2039,cellranger-arc201_count_e639e4f2fc11914d67363348c4a30ad1#CAGCATTAGCTGTAAC-1,at10_1,0.5137215624873558,AC-gliosis-hypoxia
2040,cellranger-arc201_count_e639e4f2fc11914d67363348c4a30ad1#CATAGACTCTTAATGG-1,at10_1,0.5113200098474906,AC-gliosis-hypoxia
2041,cellranger-arc201_count_e639e4f2fc11914d67363348c4a30ad1#CATGCAAGTTATCCTA-1,at10_1,0.5304178883541827,AC-gliosis-hypoxia
2042,cellranger-arc201_count_e639e4f2fc11914d67363348c4a30ad1#CATGCGCAGGTATTGC-1,at10_1,0.5120096599459123,AC-gliosis-hypoxia
2043,cellranger-arc201_count_e639e4f2fc11914d67363348c4a30ad1#CCATAATCAGTTTCTC-1,at10_1,0.522588675286917,AC-gliosis-hypoxia
2044,cellranger-arc201_count_e639e4f2fc11914d67363348c4a30ad1#CCATATTTCCCTCTAA-1,at10_1,0.5160006096595965,AC-gliosis-hypoxia
2045,cellranger-arc201_count_e639e4f2fc11914d67363348c4a30ad1#CCCTCATAGCATTATG-1,at10_1,0.5001099799796136,AC-gliosis-hypoxia
2046,cellranger-arc201_count_e639e4f2fc11914d67363348c4a30ad1#CCCTGTTAGGTCCGTA-1,at10_1,0.502531300547209,AC-gliosis-hypoxia
2047,cellranger-arc201_count_e639e4f2fc11914d67363348c4a30ad1#CCGCCAACAGGACCTT-1,at10_1,0.5224273578597771,AC-gliosis-hypoxia
2048,cellranger-arc201_count_e639e4f2fc11914d67363348c4a30ad1#CCGCTTAGTGAGGTAG-1,at10_1,0.41656086126967856,AC-gliosis-hypoxia
2049,cellranger-arc201_count_e639e4f2fc11914d67363348c4a30ad1#CCGTTATGTTGCTGGG-1,at10_1,0.4020777915705478,AC-gliosis-hypoxia
2050,cellranger-arc201_count_e639e4f2fc11914d67363348c4a30ad1#CCTATTGTCCAAGTGT-1,at10_1,0.5042814582051333,AC-gliosis-hypoxia
2051,cellranger-arc201_count_e639e4f2fc11914d67363348c4a30ad1#CCTATTGTCGCTAGCA-1,at10_1,0.49662759500948084,AC-gliosis-hypoxia
2052,cellranger-arc201_count_e639e4f2fc11914d67363348c4a30ad1#CCTCCTCTCCAGGTCA-1,at10_1,0.4641291775051813,AC-gliosis-hypoxia
2053,cellranger-arc201_count_e639e4f2fc11914d67363348c4a30ad1#CCTTAACGTATTGAGT-1,at10_1,0.49817099684863736,AC-gliosis-hypoxia
2054,cellranger-arc201_count_e639e4f2fc11914d67363348c4a30ad1#CCTTAGTGTGACATGC-1,at10_1,0.49669140922125243,AC-gliosis-hypoxia
2055,cellranger-arc201_count_e639e4f2fc11914d67363348c4a30ad1#CGACAAGCAGGCAAGC-1,at10_1,0.526308832232848,AC-gliosis-hypoxia
2056,cellranger-arc201_count_e639e4f2fc11914d67363348c4a30ad1#CGACCTGCATGCTCCC-1,at10_1,0.5151148951286724,AC-gliosis-hypoxia
2057,cellranger-arc201_count_e639e4f2fc11914d67363348c4a30ad1#CGCAATCCACTTCATC-1,at10_1,0.48250728070527676,AC-gliosis-hypoxia
2058,cellranger-arc201_count_e639e4f2fc11914d67363348c4a30ad1#CGCTCCATCTAACTGA-1,at10_1,0.5190595155018732,AC-gliosis-hypoxia
2059,cellranger-arc201_count_e639e4f2fc11914d67363348c4a30ad1#CGGTAACGTTAGTGAT-1,at10_1,0.513845237325353,AC-gliosis-hypoxia
2060,cellranger-arc201_count_e639e4f2fc11914d67363348c4a30ad1#CGGTGAACAATATACC-1,at10_1,0.5177842892682071,AC-gliosis-hypoxia
2061,cellranger-arc201_count_e639e4f2fc11914d67363348c4a30ad1#CGGTTTCTCGTCCTTA-1,at10_1,0.49399411724568143,AC-gliosis-hypoxia
2062,cellranger-arc201_count_e639e4f2fc11914d67363348c4a30ad1#CGTTGCAAGTTCCTGC-1,at10_1,0.5069962907362959,AC-gliosis-hypoxia
2063,cellranger-arc201_count_e639e4f2fc11914d67363348c4a30ad1#CTAACCACACCAACCG-1,at10_1,0.5300533789036969,AC-gliosis-hypoxia
2064,cellranger-arc201_count_e639e4f2fc11914d67363348c4a30ad1#CTACTAAAGGGTGGAT-1,at10_1,0.5469180384199004,AC-gliosis-hypoxia
2065,cellranger-arc201_count_e639e4f2fc11914d67363348c4a30ad1#CTAGCGGGTGCTAGAC-1,at10_1,0.5041887995241665,AC-gliosis-hypoxia
2066,cellranger-arc201_count_e639e4f2fc11914d67363348c4a30ad1#CTATTACTCTAATCTC-1,at10_1,0.5173599191914956,AC-gliosis-hypoxia
2067,cellranger-arc201_count_e639e4f2fc11914d67363348c4a30ad1#CTCCAACTCCCTCAAC-1,at10_1,0.5176066006558483,AC-gliosis-hypoxia
2068,cellranger-arc201_count_e639e4f2fc11914d67363348c4a30ad1#CTCCTGAGTAGCTGGT-1,at10_1,0.4953189581937354,AC-gliosis-hypoxia
2069,cellranger-arc201_count_e639e4f2fc11914d67363348c4a30ad1#CTTATGTTCACTTCAT-1,at10_1,0.4936642991162546,AC-gliosis-hypoxia
2070,cellranger-arc201_count_e639e4f2fc11914d67363348c4a30ad1#CTTCATCCACTGGCCA-1,at10_1,0.4728981188777327,AC-gliosis-hypoxia
2071,cellranger-arc201_count_e639e4f2fc11914d67363348c4a30ad1#CTTCGCGTCACTTTAC-1,at10_1,0.5092550688220753,AC-gliosis-hypoxia
2072,cellranger-arc201_count_e639e4f2fc11914d67363348c4a30ad1#CTTGCAACAAGTCGCT-1,at10_1,0.5422944036502397,AC-gliosis-hypoxia
2073,cellranger-arc201_count_e639e4f2fc11914d67363348c4a30ad1#CTTTGGTGTGGCTTCC-1,at10_1,0.5142339694478464,AC-gliosis-hypoxia
2074,cellranger-arc201_count_e639e4f2fc11914d67363348c4a30ad1#GAAGTAAGTAAGGTTT-1,at10_1,0.5329630508126856,AC-gliosis-hypoxia
2075,cellranger-arc201_count_e639e4f2fc11914d67363348c4a30ad1#GACATAGAGCATGGTT-1,at10_1,0.5305632800705314,AC-gliosis-hypoxia
2076,cellranger-arc201_count_e639e4f2fc11914d67363348c4a30ad1#GAGGCCTTCCTTAATC-1,at10_1,0.5132052019413191,AC-gliosis-hypoxia
2077,cellranger-arc201_count_e639e4f2fc11914d67363348c4a30ad1#GAGTTTGGTTGGTTAG-1,at10_1,0.502007366935901,AC-gliosis-hypoxia
2078,cellranger-arc201_count_e639e4f2fc11914d67363348c4a30ad1#GATTGCAGTAAGCTCA-1,at10_1,0.5032143798978217,AC-gliosis-hypoxia
2079,cellranger-arc201_count_e639e4f2fc11914d67363348c4a30ad1#GCAATATGTCATAACG-1,at10_1,0.4287446703944106,AC-gliosis-hypoxia
2080,cellranger-arc201_count_e639e4f2fc11914d67363348c4a30ad1#GCACGCTAGGACACTT-1,at10_1,0.5136800219969704,AC-gliosis-hypoxia
2081,cellranger-arc201_count_e639e4f2fc11914d67363348c4a30ad1#GCACTAAGTATACTGG-1,at10_1,0.4954982059665912,AC-gliosis-hypoxia
2082,cellranger-arc201_count_e639e4f2fc11914d67363348c4a30ad1#GCAGCAACACCAAAGG-1,at10_1,0.5086390890571385,AC-gliosis-hypoxia
2083,cellranger-arc201_count_e639e4f2fc11914d67363348c4a30ad1#GCAGGACCATACCCGG-1,at10_1,0.539831653960866,AC-gliosis-hypoxia
2084,cellranger-arc201_count_e639e4f2fc11914d67363348c4a30ad1#GCAGGACCATGTTTGG-1,at10_1,0.506509442871096,AC-gliosis-hypoxia
2085,cellranger-arc201_count_e639e4f2fc11914d67363348c4a30ad1#GCATATATCCCTCAAC-1,at10_1,0.37604671612365526,AC-gliosis-hypoxia
2086,cellranger-arc201_count_e639e4f2fc11914d67363348c4a30ad1#GCCCTCATCGTTTCCA-1,at10_1,0.4244599024534901,AC-gliosis-hypoxia
2087,cellranger-arc201_count_e639e4f2fc11914d67363348c4a30ad1#GCGTTTCTCTCACACC-1,at10_1,0.5096753739446337,AC-gliosis-hypoxia
2088,cellranger-arc201_count_e639e4f2fc11914d67363348c4a30ad1#GGAACCTGTCTAGCTT-1,at10_1,0.5034833907678641,AC-gliosis-hypoxia
2089,cellranger-arc201_count_e639e4f2fc11914d67363348c4a30ad1#GGACGAAGTTTGGCTT-1,at10_1,0.523851094130786,AC-gliosis-hypoxia
2090,cellranger-arc201_count_e639e4f2fc11914d67363348c4a30ad1#GGAGCATAGTCGCTAG-1,at10_1,0.4989528601535981,AC-gliosis-hypoxia
2091,cellranger-arc201_count_e639e4f2fc11914d67363348c4a30ad1#GGATTTATCGAGGTGG-1,at10_1,0.5152139018202343,AC-gliosis-hypoxia
2092,cellranger-arc201_count_e639e4f2fc11914d67363348c4a30ad1#GGCATTGTCGACCTGA-1,at10_1,0.5264167484129643,AC-gliosis-hypoxia
2093,cellranger-arc201_count_e639e4f2fc11914d67363348c4a30ad1#GGGTTATTCATGTCAA-1,at10_1,0.5020173901105248,AC-gliosis-hypoxia
2094,cellranger-arc201_count_e639e4f2fc11914d67363348c4a30ad1#GGTAACTTCGACCTGA-1,at10_1,0.5053564993678404,AC-gliosis-hypoxia
2095,cellranger-arc201_count_e639e4f2fc11914d67363348c4a30ad1#GGTACAAAGTAACAGG-1,at10_1,0.5016356185259645,AC-gliosis-hypoxia
2096,cellranger-arc201_count_e639e4f2fc11914d67363348c4a30ad1#GGTATTTCAGTCTATG-1,at10_1,0.47483181199987967,AC-gliosis-hypoxia
2097,cellranger-arc201_count_e639e4f2fc11914d67363348c4a30ad1#GGTGCTGGTCATTGTC-1,at10_1,0.4880735950483067,AC-gliosis-hypoxia
2098,cellranger-arc201_count_e639e4f2fc11914d67363348c4a30ad1#GGTGTCCAGGCCTGGT-1,at10_1,0.5223943927521255,AC-gliosis-hypoxia
2099,cellranger-arc201_count_e639e4f2fc11914d67363348c4a30ad1#GGTTACCCAATAGCAA-1,at10_1,0.5322683891269521,AC-gliosis-hypoxia
2100,cellranger-arc201_count_e639e4f2fc11914d67363348c4a30ad1#GGTTGACGTTAGGCGT-1,at10_1,0.5001462304611697,AC-gliosis-hypoxia
2101,cellranger-arc201_count_e639e4f2fc11914d67363348c4a30ad1#GGTTTGTAGGGACCTC-1,at10_1,0.4865819796113733,AC-gliosis-hypoxia
2102,cellranger-arc201_count_e639e4f2fc11914d67363348c4a30ad1#GTACACCCAGTACCGT-1,at10_1,0.47821808586223075,AC-gliosis-hypoxia
2103,cellranger-arc201_count_e639e4f2fc11914d67363348c4a30ad1#GTCATCACAAAGCGCA-1,at10_1,0.521651786881108,AC-gliosis-hypoxia
2104,cellranger-arc201_count_e639e4f2fc11914d67363348c4a30ad1#GTCCAAGTCATTTGCT-1,at10_1,0.5026464556867758,AC-gliosis-hypoxia
2105,cellranger-arc201_count_e639e4f2fc11914d67363348c4a30ad1#GTGCCTTTCATGACCG-1,at10_1,0.5191657611528856,AC-gliosis-hypoxia
2106,cellranger-arc201_count_e639e4f2fc11914d67363348c4a30ad1#GTGGTTAGTTGTCATC-1,at10_1,0.5243411716855869,AC-gliosis-hypoxia
2107,cellranger-arc201_count_e639e4f2fc11914d67363348c4a30ad1#GTGTCCAAGCATGACT-1,at10_1,0.5011315085266903,AC-gliosis-hypoxia
2108,cellranger-arc201_count_e639e4f2fc11914d67363348c4a30ad1#GTTAACCAGTTGCCTC-1,at10_1,0.48367548170768193,AC-gliosis-hypoxia
2109,cellranger-arc201_count_e639e4f2fc11914d67363348c4a30ad1#GTTCACCTCGCAATCG-1,at10_1,0.505824414569862,AC-gliosis-hypoxia
2110,cellranger-arc201_count_e639e4f2fc11914d67363348c4a30ad1#GTTCATTTCTCGACCT-1,at10_1,0.5436043768892683,AC-gliosis-hypoxia
2111,cellranger-arc201_count_e639e4f2fc11914d67363348c4a30ad1#GTTGGCCAGGCTTAGT-1,at10_1,0.45744862024980437,AC-gliosis-hypoxia
2112,cellranger-arc201_count_e639e4f2fc11914d67363348c4a30ad1#TAAGTGCTCTGTAATG-1,at10_1,0.501115805553113,AC-gliosis-hypoxia
2113,cellranger-arc201_count_e639e4f2fc11914d67363348c4a30ad1#TACAATGTCACGCATG-1,at10_1,0.43440216778436547,AC-gliosis-hypoxia
2114,cellranger-arc201_count_e639e4f2fc11914d67363348c4a30ad1#TACGTACAGCACTAGT-1,at10_1,0.5504236437445781,AC-gliosis-hypoxia
2115,cellranger-arc201_count_e639e4f2fc11914d67363348c4a30ad1#TAGGAACCAGTCTAAT-1,at10_1,0.5430568888175944,AC-gliosis-hypoxia
2116,cellranger-arc201_count_e639e4f2fc11914d67363348c4a30ad1#TAGTAAGCACTCAACA-1,at10_1,0.4845284538681683,AC-gliosis-hypoxia
2117,cellranger-arc201_count_e639e4f2fc11914d67363348c4a30ad1#TATGACATCCCTGTTA-1,at10_1,0.5070432326041174,AC-gliosis-hypoxia
2118,cellranger-arc201_count_e639e4f2fc11914d67363348c4a30ad1#TATGTGATCAAGCTTA-1,at10_1,0.45026701563184385,AC-gliosis-hypoxia
2119,cellranger-arc201_count_e639e4f2fc11914d67363348c4a30ad1#TCAAGTATCCTAATTC-1,at10_1,0.5115028771000717,AC-gliosis-hypoxia
2120,cellranger-arc201_count_e639e4f2fc11914d67363348c4a30ad1#TCATTTGGTTACCGGG-1,at10_1,0.5345183134084803,AC-gliosis-hypoxia
2121,cellranger-arc201_count_e639e4f2fc11914d67363348c4a30ad1#TCCAGCAAGGAATAAC-1,at10_1,0.5303953918955826,AC-gliosis-hypoxia
2122,cellranger-arc201_count_e639e4f2fc11914d67363348c4a30ad1#TCCTCAATCCTAGTTT-1,at10_1,0.5350423027040917,AC-gliosis-hypoxia
2123,cellranger-arc201_count_e639e4f2fc11914d67363348c4a30ad1#TCCTTAGTCAAACACC-1,at10_1,0.502557138064017,AC-gliosis-hypoxia
2124,cellranger-arc201_count_e639e4f2fc11914d67363348c4a30ad1#TCGTTAAAGGGTTAGA-1,at10_1,0.41966954887925345,AC-gliosis-hypoxia
2125,cellranger-arc201_count_e639e4f2fc11914d67363348c4a30ad1#TCGTTAGCATAATTGC-1,at10_1,0.5460153401764192,AC-gliosis-hypoxia
2126,cellranger-arc201_count_e639e4f2fc11914d67363348c4a30ad1#TCTAATCTCAATGACC-1,at10_1,0.5025600893321007,AC-gliosis-hypoxia
2127,cellranger-arc201_count_e639e4f2fc11914d67363348c4a30ad1#TCTACTAGTTAGGACC-1,at10_1,0.5001300820131647,AC-gliosis-hypoxia
2128,cellranger-arc201_count_e639e4f2fc11914d67363348c4a30ad1#TGAGTTTCATAGCTTG-1,at10_1,0.5023440899189575,AC-gliosis-hypoxia
2129,cellranger-arc201_count_e639e4f2fc11914d67363348c4a30ad1#TGATCAGGTCACAGAC-1,at10_1,0.4923552725103849,AC-gliosis-hypoxia
2130,cellranger-arc201_count_e639e4f2fc11914d67363348c4a30ad1#TGATTAGTCTATCGCC-1,at10_1,0.5223475622529109,AC-gliosis-hypoxia
2131,cellranger-arc201_count_e639e4f2fc11914d67363348c4a30ad1#TGCTTCATCCCTGGTT-1,at10_1,0.4205291196297005,AC-gliosis-hypoxia
2132,cellranger-arc201_count_e639e4f2fc11914d67363348c4a30ad1#TGCTTGCTCAAACTCA-1,at10_1,0.5114628400858799,AC-gliosis-hypoxia
2133,cellranger-arc201_count_e639e4f2fc11914d67363348c4a30ad1#TGGTCATAGGCAAGTA-1,at10_1,0.49068045571504953,AC-gliosis-hypoxia
2134,cellranger-arc201_count_e639e4f2fc11914d67363348c4a30ad1#TGGTCATAGTCATGCG-1,at10_1,0.5054896405374267,AC-gliosis-hypoxia
2135,cellranger-arc201_count_e639e4f2fc11914d67363348c4a30ad1#TGGTTGAGTCAAGTGC-1,at10_1,0.540374742972566,AC-gliosis-hypoxia
2136,cellranger-arc201_count_e639e4f2fc11914d67363348c4a30ad1#TTAAGGACACAGACTC-1,at10_1,0.5287416794512606,AC-gliosis-hypoxia
2137,cellranger-arc201_count_e639e4f2fc11914d67363348c4a30ad1#TTACCGTGTCCTAACT-1,at10_1,0.5136453306759113,AC-gliosis-hypoxia
2138,cellranger-arc201_count_e639e4f2fc11914d67363348c4a30ad1#TTAGCAGGTCCTTTAA-1,at10_1,0.519916496932209,AC-gliosis-hypoxia
2139,cellranger-arc201_count_e639e4f2fc11914d67363348c4a30ad1#TTCAACCGTCTAACCT-1,at10_1,0.5475976653436981,AC-gliosis-hypoxia
2140,cellranger-arc201_count_e639e4f2fc11914d67363348c4a30ad1#TTCCCACAGCAGCTAT-1,at10_1,0.5284868123942986,AC-gliosis-hypoxia
2141,cellranger-arc201_count_e639e4f2fc11914d67363348c4a30ad1#TTCCCACAGGTTTGAC-1,at10_1,0.503336996734053,AC-gliosis-hypoxia
2142,cellranger-arc201_count_e639e4f2fc11914d67363348c4a30ad1#TTGACATCATTCCTGT-1,at10_1,0.5490783666571523,AC-gliosis-hypoxia
2143,cellranger-arc201_count_e639e4f2fc11914d67363348c4a30ad1#TTGCCCGTCCATAAGC-1,at10_1,0.4977956289589756,AC-gliosis-hypoxia
2144,cellranger-arc201_count_e639e4f2fc11914d67363348c4a30ad1#TTGGGTTAGTTGGCCA-1,at10_1,0.5130624273872333,AC-gliosis-hypoxia
2145,cellranger-arc201_count_e639e4f2fc11914d67363348c4a30ad1#TTGTCCATCCTTCGTA-1,at10_1,0.46153913349808506,AC-gliosis-hypoxia
2146,cellranger-arc201_count_e639e4f2fc11914d67363348c4a30ad1#TTGTCCATCTTTGAGA-1,at10_1,0.42217843301404856,AC-gliosis-hypoxia
2147,cellranger-arc201_count_cc6a172022bb6226a2cf33e34090eaca#AACATCATCCGCCTCA-1,at10_1,0.5055016683469753,AC-gliosis-hypoxia
2148,cellranger-arc201_count_cc6a172022bb6226a2cf33e34090eaca#AACCTAATCCTTAGTT-1,at10_1,0.5047811691444337,AC-gliosis-hypoxia
2149,cellranger-arc201_count_cc6a172022bb6226a2cf33e34090eaca#AACTACTCATTGACAT-1,at10_1,0.5184464870050203,AC-gliosis-hypoxia
2150,cellranger-arc201_count_cc6a172022bb6226a2cf33e34090eaca#AAGCGTTTCAGCAAGA-1,at10_1,0.5226965914670334,AC-gliosis-hypoxia
2151,cellranger-arc201_count_cc6a172022bb6226a2cf33e34090eaca#AAGGATGTCCCTGTTA-1,at10_1,0.5168046353173366,AC-gliosis-hypoxia
2152,cellranger-arc201_count_cc6a172022bb6226a2cf33e34090eaca#AAGGATTAGTAGCGCC-1,at10_1,0.36022674982477026,AC-gliosis-hypoxia
2153,cellranger-arc201_count_cc6a172022bb6226a2cf33e34090eaca#AAGTTAGCAGGCTAAG-1,at10_1,0.5054826799994936,AC-gliosis-hypoxia
2154,cellranger-arc201_count_cc6a172022bb6226a2cf33e34090eaca#AATCCGTAGAGCCGCT-1,at10_1,0.5323367137673044,AC-gliosis-hypoxia
2155,cellranger-arc201_count_cc6a172022bb6226a2cf33e34090eaca#AATCTCAAGCGATACT-1,at10_1,0.4858609235657971,AC-gliosis-hypoxia
2156,cellranger-arc201_count_cc6a172022bb6226a2cf33e34090eaca#AATGAAGGTTTAGTCC-1,at10_1,0.5249077594733496,AC-gliosis-hypoxia
2157,cellranger-arc201_count_cc6a172022bb6226a2cf33e34090eaca#AATTAGGCAACAGGTG-1,at10_1,0.4883819747208993,AC-gliosis-hypoxia
2158,cellranger-arc201_count_cc6a172022bb6226a2cf33e34090eaca#AATTTGCCAATCTCTC-1,at10_1,0.5096211374330581,AC-gliosis-hypoxia
2159,cellranger-arc201_count_cc6a172022bb6226a2cf33e34090eaca#ACACAATGTGGGTGAA-1,at10_1,0.4922222983937091,AC-gliosis-hypoxia
2160,cellranger-arc201_count_cc6a172022bb6226a2cf33e34090eaca#ACACTAATCCTAATTC-1,at10_1,0.457700201932862,AC-gliosis-hypoxia
2161,cellranger-arc201_count_cc6a172022bb6226a2cf33e34090eaca#ACACTAGGTCACCAAA-1,at10_1,0.3752331127657192,AC-gliosis-hypoxia
2162,cellranger-arc201_count_cc6a172022bb6226a2cf33e34090eaca#ACCAAGTTCAAGCGCC-1,at10_1,0.5109376814198957,AC-gliosis-hypoxia
2163,cellranger-arc201_count_cc6a172022bb6226a2cf33e34090eaca#ACCAGGCTCCTCCTAA-1,at10_1,0.4249876504395855,AC-gliosis-hypoxia
2164,cellranger-arc201_count_cc6a172022bb6226a2cf33e34090eaca#ACCCTGTTCATGTTTC-1,at10_1,0.49787291877218587,AC-gliosis-hypoxia
2165,cellranger-arc201_count_cc6a172022bb6226a2cf33e34090eaca#ACCTGTTGTCAACAAT-1,at10_1,0.5448313248318296,AC-gliosis-hypoxia
2166,cellranger-arc201_count_cc6a172022bb6226a2cf33e34090eaca#ACGAAGTCAGTGAACG-1,at10_1,0.538674255713333,AC-gliosis-hypoxia
2167,cellranger-arc201_count_cc6a172022bb6226a2cf33e34090eaca#ACGCCTAAGCCTGACA-1,at10_1,0.4074057492525931,AC-gliosis-hypoxia
2168,cellranger-arc201_count_cc6a172022bb6226a2cf33e34090eaca#ACGCCTTTCCTGATTT-1,at10_1,0.5093385395929702,AC-gliosis-hypoxia
2169,cellranger-arc201_count_cc6a172022bb6226a2cf33e34090eaca#ACTCACCTCGATTTAG-1,at10_1,0.5263360061729392,AC-gliosis-hypoxia
2170,cellranger-arc201_count_cc6a172022bb6226a2cf33e34090eaca#AGCAATACAGATTCAT-1,at10_1,0.4649236254627253,AC-gliosis-hypoxia
2171,cellranger-arc201_count_cc6a172022bb6226a2cf33e34090eaca#AGCGTGCTCTTCAATC-1,at10_1,0.5044329751948632,AC-gliosis-hypoxia
2172,cellranger-arc201_count_cc6a172022bb6226a2cf33e34090eaca#AGGCAGGTCATTGACA-1,at10_1,0.5477909455610273,AC-gliosis-hypoxia
2173,cellranger-arc201_count_cc6a172022bb6226a2cf33e34090eaca#AGGTCATTCCTAATTC-1,at10_1,0.5001765784065584,AC-gliosis-hypoxia
2174,cellranger-arc201_count_cc6a172022bb6226a2cf33e34090eaca#AGTAAGTAGGCATTAC-1,at10_1,0.4680255752715809,AC-gliosis-hypoxia
2175,cellranger-arc201_count_cc6a172022bb6226a2cf33e34090eaca#ATCAATCCATTGTCCT-1,at10_1,0.5169516418784857,AC-gliosis-hypoxia
2176,cellranger-arc201_count_cc6a172022bb6226a2cf33e34090eaca#ATCAGGTTCCGCAACA-1,at10_1,0.5248756296302499,AC-gliosis-hypoxia
2177,cellranger-arc201_count_cc6a172022bb6226a2cf33e34090eaca#ATCCAACAGCTATGAC-1,at10_1,0.49030235929451804,AC-gliosis-hypoxia
2178,cellranger-arc201_count_cc6a172022bb6226a2cf33e34090eaca#ATCCACCTCTTGACCC-1,at10_1,0.44187711731298285,AC-gliosis-hypoxia
2179,cellranger-arc201_count_cc6a172022bb6226a2cf33e34090eaca#ATGGACAAGGACGTAA-1,at10_1,0.5342269174484447,AC-gliosis-hypoxia
2180,cellranger-arc201_count_cc6a172022bb6226a2cf33e34090eaca#ATGTAACGTAATAACC-1,at10_1,0.499706046042274,AC-gliosis-hypoxia
2181,cellranger-arc201_count_cc6a172022bb6226a2cf33e34090eaca#ATTCCTCCACTATGGC-1,at10_1,0.4958962930520669,AC-gliosis-hypoxia
2182,cellranger-arc201_count_cc6a172022bb6226a2cf33e34090eaca#ATTCGTTTCCTTAAGA-1,at10_1,0.5290319060409235,AC-gliosis-hypoxia
2183,cellranger-arc201_count_cc6a172022bb6226a2cf33e34090eaca#ATTGGTTCATGCTATG-1,at10_1,0.48960780897739137,AC-gliosis-hypoxia
2184,cellranger-arc201_count_cc6a172022bb6226a2cf33e34090eaca#CAAACATGTTAAGCTG-1,at10_1,0.4131238590068704,AC-gliosis-hypoxia
2185,cellranger-arc201_count_cc6a172022bb6226a2cf33e34090eaca#CAAAGGATCAGCTAAC-1,at10_1,0.49781127624824945,AC-gliosis-hypoxia
2186,cellranger-arc201_count_cc6a172022bb6226a2cf33e34090eaca#CAAGGTTTCTAATCTC-1,at10_1,0.543627764296724,AC-gliosis-hypoxia
2187,cellranger-arc201_count_cc6a172022bb6226a2cf33e34090eaca#CAATAGCTCCTTTACG-1,at10_1,0.5559859488177585,AC-gliosis-hypoxia
2188,cellranger-arc201_count_cc6a172022bb6226a2cf33e34090eaca#CAATGCCCACAGGGAC-1,at10_1,0.5033748063761062,AC-gliosis-hypoxia
2189,cellranger-arc201_count_cc6a172022bb6226a2cf33e34090eaca#CAATGCCCATATAACC-1,at10_1,0.5332287206245202,AC-gliosis-hypoxia
2190,cellranger-arc201_count_cc6a172022bb6226a2cf33e34090eaca#CACATTAAGGCACAGG-1,at10_1,0.41526205273349476,AC-gliosis-hypoxia
2191,cellranger-arc201_count_cc6a172022bb6226a2cf33e34090eaca#CACCAACCAAATGCCC-1,at10_1,0.5512458781695515,AC-gliosis-hypoxia
2192,cellranger-arc201_count_cc6a172022bb6226a2cf33e34090eaca#CAGCATTAGGTATTGC-1,at10_1,0.5026144372122832,AC-gliosis-hypoxia
2193,cellranger-arc201_count_cc6a172022bb6226a2cf33e34090eaca#CAGGACCTCGCGCTAA-1,at10_1,0.5235300184370033,AC-gliosis-hypoxia
2194,cellranger-arc201_count_cc6a172022bb6226a2cf33e34090eaca#CAGGCTATCAAACTCA-1,at10_1,0.5033005791995865,AC-gliosis-hypoxia
2195,cellranger-arc201_count_cc6a172022bb6226a2cf33e34090eaca#CAGGTCCAGAGAGGCT-1,at10_1,0.45714903869715934,AC-gliosis-hypoxia
2196,cellranger-arc201_count_cc6a172022bb6226a2cf33e34090eaca#CATAGCTAGCAACATC-1,at10_1,0.5338343987933156,AC-gliosis-hypoxia
2197,cellranger-arc201_count_cc6a172022bb6226a2cf33e34090eaca#CATGCATAGGCCCAGT-1,at10_1,0.5246635281183495,AC-gliosis-hypoxia
2198,cellranger-arc201_count_cc6a172022bb6226a2cf33e34090eaca#CATGCGCAGGCATTGT-1,at10_1,0.5112107015597877,AC-gliosis-hypoxia
2199,cellranger-arc201_count_cc6a172022bb6226a2cf33e34090eaca#CATGCGGGTCTATCGT-1,at10_1,0.5133747049610684,AC-gliosis-hypoxia
2200,cellranger-arc201_count_cc6a172022bb6226a2cf33e34090eaca#CCAAACCCACCTGTAA-1,at10_1,0.5431695381635053,AC-gliosis-hypoxia
2201,cellranger-arc201_count_cc6a172022bb6226a2cf33e34090eaca#CCAACATAGGTTAGCT-1,at10_1,0.5080424317455045,AC-gliosis-hypoxia
2202,cellranger-arc201_count_cc6a172022bb6226a2cf33e34090eaca#CCAACATAGTCTGGGC-1,at10_1,0.4878826535717231,AC-gliosis-hypoxia
2203,cellranger-arc201_count_cc6a172022bb6226a2cf33e34090eaca#CCCAAACCATTGTCCT-1,at10_1,0.43061040082417773,AC-gliosis-hypoxia
2204,cellranger-arc201_count_cc6a172022bb6226a2cf33e34090eaca#CCCAACCGTGCTGGTG-1,at10_1,0.3646764825147076,AC-gliosis-hypoxia
2205,cellranger-arc201_count_cc6a172022bb6226a2cf33e34090eaca#CCCAGCACAGGATGGC-1,at10_1,0.5537708272258963,AC-gliosis-hypoxia
2206,cellranger-arc201_count_cc6a172022bb6226a2cf33e34090eaca#CCGACAGGTTAAATGC-1,at10_1,0.5045948494650377,AC-gliosis-hypoxia
2207,cellranger-arc201_count_cc6a172022bb6226a2cf33e34090eaca#CCGGTAGGTCCTTTAA-1,at10_1,0.5021680161513993,AC-gliosis-hypoxia
2208,cellranger-arc201_count_cc6a172022bb6226a2cf33e34090eaca#CCGTTATGTTTGCTGT-1,at10_1,0.5089035894986003,AC-gliosis-hypoxia
2209,cellranger-arc201_count_cc6a172022bb6226a2cf33e34090eaca#CCTAAATCATTGCGTA-1,at10_1,0.5145726413815243,AC-gliosis-hypoxia
2210,cellranger-arc201_count_cc6a172022bb6226a2cf33e34090eaca#CCTATTGTCTTCAATC-1,at10_1,0.5015197394904526,AC-gliosis-hypoxia
2211,cellranger-arc201_count_cc6a172022bb6226a2cf33e34090eaca#CCTCAAACAATAGCAA-1,at10_1,0.5195644050813959,AC-gliosis-hypoxia
2212,cellranger-arc201_count_cc6a172022bb6226a2cf33e34090eaca#CCTGAGTCACAGCCTG-1,at10_1,0.5067203193283203,AC-gliosis-hypoxia
2213,cellranger-arc201_count_cc6a172022bb6226a2cf33e34090eaca#CCTGGTAAGCAAGGAC-1,at10_1,0.5083538183704842,AC-gliosis-hypoxia
2214,cellranger-arc201_count_cc6a172022bb6226a2cf33e34090eaca#CCTTCGGTCTTGCTAT-1,at10_1,0.5236439485218939,AC-gliosis-hypoxia
2215,cellranger-arc201_count_cc6a172022bb6226a2cf33e34090eaca#CGCAATTAGTCATTAG-1,at10_1,0.3896983913298927,AC-gliosis-hypoxia
2216,cellranger-arc201_count_cc6a172022bb6226a2cf33e34090eaca#CGGGACAAGACAAAGT-1,at10_1,0.5096767660522203,AC-gliosis-hypoxia
2217,cellranger-arc201_count_cc6a172022bb6226a2cf33e34090eaca#CGGGACAAGTCCTTTG-1,at10_1,0.5414048469023767,AC-gliosis-hypoxia
2218,cellranger-arc201_count_cc6a172022bb6226a2cf33e34090eaca#CGGGCTTAGCTATATG-1,at10_1,0.5164228080484728,AC-gliosis-hypoxia
2219,cellranger-arc201_count_cc6a172022bb6226a2cf33e34090eaca#CGTTATCGTGTTAAAC-1,at10_1,0.5147562882143538,AC-gliosis-hypoxia
2220,cellranger-arc201_count_cc6a172022bb6226a2cf33e34090eaca#CTAATCTTCGATAACC-1,at10_1,0.5245400203332626,AC-gliosis-hypoxia
2221,cellranger-arc201_count_cc6a172022bb6226a2cf33e34090eaca#CTAGGACGTTAATGCG-1,at10_1,0.5328169352003919,AC-gliosis-hypoxia
2222,cellranger-arc201_count_cc6a172022bb6226a2cf33e34090eaca#CTAGTAATCCCATAGG-1,at10_1,0.5015569366051676,AC-gliosis-hypoxia
2223,cellranger-arc201_count_cc6a172022bb6226a2cf33e34090eaca#CTCATGACAGAAATTG-1,at10_1,0.5061350772988967,AC-gliosis-hypoxia
2224,cellranger-arc201_count_cc6a172022bb6226a2cf33e34090eaca#CTCCTCACACCTCAGG-1,at10_1,0.5257830610395255,AC-gliosis-hypoxia
2225,cellranger-arc201_count_cc6a172022bb6226a2cf33e34090eaca#CTCTTGATCATCGTTT-1,at10_1,0.5061934901332321,AC-gliosis-hypoxia
2226,cellranger-arc201_count_cc6a172022bb6226a2cf33e34090eaca#CTTATGTTCAATACGC-1,at10_1,0.458344079533835,AC-gliosis-hypoxia
2227,cellranger-arc201_count_cc6a172022bb6226a2cf33e34090eaca#CTTATGTTCATCCTAT-1,at10_1,0.49969552170891895,AC-gliosis-hypoxia
2228,cellranger-arc201_count_cc6a172022bb6226a2cf33e34090eaca#CTTCACTCAATAGCCC-1,at10_1,0.6017337224357564,AC-gliosis-hypoxia
2229,cellranger-arc201_count_cc6a172022bb6226a2cf33e34090eaca#CTTCTCAAGCAGGCCT-1,at10_1,0.4222074166940024,AC-gliosis-hypoxia
2230,cellranger-arc201_count_cc6a172022bb6226a2cf33e34090eaca#CTTGCATGTAATAGCT-1,at10_1,0.5413555662938094,AC-gliosis-hypoxia
2231,cellranger-arc201_count_cc6a172022bb6226a2cf33e34090eaca#CTTGCTCAGGGTCTAT-1,at10_1,0.502640497466305,AC-gliosis-hypoxia
2232,cellranger-arc201_count_cc6a172022bb6226a2cf33e34090eaca#CTTTAGTTCCGTTAAA-1,at10_1,0.5055683224582237,AC-gliosis-hypoxia
2233,cellranger-arc201_count_cc6a172022bb6226a2cf33e34090eaca#GAAACTGAGCTCAATA-1,at10_1,0.5268684037983739,AC-gliosis-hypoxia
2234,cellranger-arc201_count_cc6a172022bb6226a2cf33e34090eaca#GAAAGCCAGCTCCTTA-1,at10_1,0.518330329547991,AC-gliosis-hypoxia
2235,cellranger-arc201_count_cc6a172022bb6226a2cf33e34090eaca#GAACCTTAGCTCAAAC-1,at10_1,0.499603921029718,AC-gliosis-hypoxia
2236,cellranger-arc201_count_cc6a172022bb6226a2cf33e34090eaca#GAAGTCAAGCACGTTG-1,at10_1,0.42891353304467006,AC-gliosis-hypoxia
2237,cellranger-arc201_count_cc6a172022bb6226a2cf33e34090eaca#GACCTGCAGACAACAG-1,at10_1,0.5020935662376658,AC-gliosis-hypoxia
2238,cellranger-arc201_count_cc6a172022bb6226a2cf33e34090eaca#GACGCAACACCACAAC-1,at10_1,0.5154116367818407,AC-gliosis-hypoxia
2239,cellranger-arc201_count_cc6a172022bb6226a2cf33e34090eaca#GATCGATTCACGCCAA-1,at10_1,0.6375330497651942,AC-gliosis-hypoxia
2240,cellranger-arc201_count_cc6a172022bb6226a2cf33e34090eaca#GATTACTCAGCAATAA-1,at10_1,0.547813998862662,AC-gliosis-hypoxia
2241,cellranger-arc201_count_cc6a172022bb6226a2cf33e34090eaca#GATTCAGGTCGTTACT-1,at10_1,0.5238950847305238,AC-gliosis-hypoxia
2242,cellranger-arc201_count_cc6a172022bb6226a2cf33e34090eaca#GATTGTTCAATTAGCT-1,at10_1,0.47769448635674355,AC-gliosis-hypoxia
2243,cellranger-arc201_count_cc6a172022bb6226a2cf33e34090eaca#GCAATAGAGTCTATGA-1,at10_1,0.47511936574297614,AC-gliosis-hypoxia
2244,cellranger-arc201_count_cc6a172022bb6226a2cf33e34090eaca#GCAATCTAGACTCGCA-1,at10_1,0.48367464644312996,AC-gliosis-hypoxia
2245,cellranger-arc201_count_cc6a172022bb6226a2cf33e34090eaca#GCACTAAGTGATGGCT-1,at10_1,0.5304314196399247,AC-gliosis-hypoxia
2246,cellranger-arc201_count_cc6a172022bb6226a2cf33e34090eaca#GCCTATTGTTAGCAGC-1,at10_1,0.5086427642211673,AC-gliosis-hypoxia
2247,cellranger-arc201_count_cc6a172022bb6226a2cf33e34090eaca#GCCTCAAAGTAGCGGG-1,at10_1,0.18991966265446644,AC-gliosis-hypoxia
2248,cellranger-arc201_count_cc6a172022bb6226a2cf33e34090eaca#GCCTCAAAGTCATTTC-1,at10_1,0.5375569501642955,AC-gliosis-hypoxia
2249,cellranger-arc201_count_cc6a172022bb6226a2cf33e34090eaca#GCCTTACTCCACCTGT-1,at10_1,0.5357885280548345,AC-gliosis-hypoxia
2250,cellranger-arc201_count_cc6a172022bb6226a2cf33e34090eaca#GCGATTTAGTCTGGGC-1,at10_1,0.5145398433267829,AC-gliosis-hypoxia
2251,cellranger-arc201_count_cc6a172022bb6226a2cf33e34090eaca#GCTGCAATCAAACCTA-1,at10_1,0.5158433015023062,AC-gliosis-hypoxia
2252,cellranger-arc201_count_cc6a172022bb6226a2cf33e34090eaca#GCTGGTTCAAATTCGT-1,at10_1,0.510457070196684,AC-gliosis-hypoxia
2253,cellranger-arc201_count_cc6a172022bb6226a2cf33e34090eaca#GCTTAAATCGCATTAA-1,at10_1,0.49500551124952746,AC-gliosis-hypoxia
2254,cellranger-arc201_count_cc6a172022bb6226a2cf33e34090eaca#GCTTAAATCGCTTGCT-1,at10_1,0.5131217868547276,AC-gliosis-hypoxia
2255,cellranger-arc201_count_cc6a172022bb6226a2cf33e34090eaca#GCTTTATTCAAGGACA-1,at10_1,0.5179387575260207,AC-gliosis-hypoxia
2256,cellranger-arc201_count_cc6a172022bb6226a2cf33e34090eaca#GCTTTCATCTCAATAG-1,at10_1,0.523694899659565,AC-gliosis-hypoxia
2257,cellranger-arc201_count_cc6a172022bb6226a2cf33e34090eaca#GGCTCAATCCCTGACT-1,at10_1,0.4827699992490276,AC-gliosis-hypoxia
2258,cellranger-arc201_count_cc6a172022bb6226a2cf33e34090eaca#GGTAAACCAGCTAATT-1,at10_1,0.507567834427067,AC-gliosis-hypoxia
2259,cellranger-arc201_count_cc6a172022bb6226a2cf33e34090eaca#GGTAACTTCCTCACAC-1,at10_1,0.5102868989652931,AC-gliosis-hypoxia
2260,cellranger-arc201_count_cc6a172022bb6226a2cf33e34090eaca#GGTACTAGTTGTTGTC-1,at10_1,0.4049518533674703,AC-gliosis-hypoxia
2261,cellranger-arc201_count_cc6a172022bb6226a2cf33e34090eaca#GGTCAAGCAGCTTAAT-1,at10_1,0.5186318043669538,AC-gliosis-hypoxia
2262,cellranger-arc201_count_cc6a172022bb6226a2cf33e34090eaca#GGTGCTGGTACCCACC-1,at10_1,0.5021900114512682,AC-gliosis-hypoxia
2263,cellranger-arc201_count_cc6a172022bb6226a2cf33e34090eaca#GTACAATGTGTGCAAC-1,at10_1,0.41380454393243404,AC-gliosis-hypoxia
2264,cellranger-arc201_count_cc6a172022bb6226a2cf33e34090eaca#GTAGCCATCCCTCAAC-1,at10_1,0.535263703494671,AC-gliosis-hypoxia
2265,cellranger-arc201_count_cc6a172022bb6226a2cf33e34090eaca#GTCGAAGCAGCAAATA-1,at10_1,0.5262984749524033,AC-gliosis-hypoxia
2266,cellranger-arc201_count_cc6a172022bb6226a2cf33e34090eaca#GTTCTTAGTCGACTCC-1,at10_1,0.4947514794571173,AC-gliosis-hypoxia
2267,cellranger-arc201_count_cc6a172022bb6226a2cf33e34090eaca#GTTCTTGTCTTTGAGA-1,at10_1,0.4798394457262391,AC-gliosis-hypoxia
2268,cellranger-arc201_count_cc6a172022bb6226a2cf33e34090eaca#TAATTGCCATTGTGAT-1,at10_1,0.5355242503505866,AC-gliosis-hypoxia
2269,cellranger-arc201_count_cc6a172022bb6226a2cf33e34090eaca#TACTAAGTCATTTGCT-1,at10_1,0.49187744550234647,AC-gliosis-hypoxia
2270,cellranger-arc201_count_cc6a172022bb6226a2cf33e34090eaca#TACTCGCTCTTGCAGG-1,at10_1,0.5148169841051313,AC-gliosis-hypoxia
2271,cellranger-arc201_count_cc6a172022bb6226a2cf33e34090eaca#TATCCAGCATTAAGTC-1,at10_1,0.5194723589277673,AC-gliosis-hypoxia
2272,cellranger-arc201_count_cc6a172022bb6226a2cf33e34090eaca#TATCGCACACAGGGAC-1,at10_1,0.5157831067702598,AC-gliosis-hypoxia
2273,cellranger-arc201_count_cc6a172022bb6226a2cf33e34090eaca#TATGACATCGTTAGCG-1,at10_1,0.5082055310703553,AC-gliosis-hypoxia
2274,cellranger-arc201_count_cc6a172022bb6226a2cf33e34090eaca#TATGGTCAGATAACCC-1,at10_1,0.5044751838968902,AC-gliosis-hypoxia
2275,cellranger-arc201_count_cc6a172022bb6226a2cf33e34090eaca#TCAACAATCCTAAATG-1,at10_1,0.5201548257510419,AC-gliosis-hypoxia
2276,cellranger-arc201_count_cc6a172022bb6226a2cf33e34090eaca#TCAAGACTCTAAGTCA-1,at10_1,0.5044410494188657,AC-gliosis-hypoxia
2277,cellranger-arc201_count_cc6a172022bb6226a2cf33e34090eaca#TCACCTGGTGCTTAGA-1,at10_1,0.49776528101358686,AC-gliosis-hypoxia
2278,cellranger-arc201_count_cc6a172022bb6226a2cf33e34090eaca#TCAGTGAGTTCCAGGG-1,at10_1,0.5013611505941825,AC-gliosis-hypoxia
2279,cellranger-arc201_count_cc6a172022bb6226a2cf33e34090eaca#TCATACTTCGCTATGG-1,at10_1,0.508305595763683,AC-gliosis-hypoxia
2280,cellranger-arc201_count_cc6a172022bb6226a2cf33e34090eaca#TCATACTTCGTGCTTC-1,at10_1,0.5051113770639848,AC-gliosis-hypoxia
2281,cellranger-arc201_count_cc6a172022bb6226a2cf33e34090eaca#TCATCCATCTCAATAG-1,at10_1,0.435877523404687,AC-gliosis-hypoxia
2282,cellranger-arc201_count_cc6a172022bb6226a2cf33e34090eaca#TCATGCCTCGTTCACC-1,at10_1,0.49565022411505233,AC-gliosis-hypoxia
2283,cellranger-arc201_count_cc6a172022bb6226a2cf33e34090eaca#TCCACAACAGGTTAAA-1,at10_1,0.4011427685889048,AC-gliosis-hypoxia
2284,cellranger-arc201_count_cc6a172022bb6226a2cf33e34090eaca#TCCAGGATCAGGAACA-1,at10_1,0.5445771259865092,AC-gliosis-hypoxia
2285,cellranger-arc201_count_cc6a172022bb6226a2cf33e34090eaca#TCCTCACAGCTTCTCA-1,at10_1,0.43719145022926165,AC-gliosis-hypoxia
2286,cellranger-arc201_count_cc6a172022bb6226a2cf33e34090eaca#TCCTTAGTCTTGCAGG-1,at10_1,0.5007634352807826,AC-gliosis-hypoxia
2287,cellranger-arc201_count_cc6a172022bb6226a2cf33e34090eaca#TCCTTTACAGTTATCG-1,at10_1,0.5207382858827546,AC-gliosis-hypoxia
2288,cellranger-arc201_count_cc6a172022bb6226a2cf33e34090eaca#TCGTTACGTCTTGCAT-1,at10_1,0.5408823610829587,AC-gliosis-hypoxia
2289,cellranger-arc201_count_cc6a172022bb6226a2cf33e34090eaca#TCTAAGGGTTCACTGT-1,at10_1,0.44095453977316457,AC-gliosis-hypoxia
2290,cellranger-arc201_count_cc6a172022bb6226a2cf33e34090eaca#TCTACTAGTACTTCAC-1,at10_1,0.48835552467675314,AC-gliosis-hypoxia
2291,cellranger-arc201_count_cc6a172022bb6226a2cf33e34090eaca#TGAGGGCCATCCGTAA-1,at10_1,0.5153181985206253,AC-gliosis-hypoxia
2292,cellranger-arc201_count_cc6a172022bb6226a2cf33e34090eaca#TGATCAATCACCATTT-1,at10_1,0.522983811104309,AC-gliosis-hypoxia
2293,cellranger-arc201_count_cc6a172022bb6226a2cf33e34090eaca#TGCTCACTCTAATCAG-1,at10_1,0.5091844054409773,AC-gliosis-hypoxia
2294,cellranger-arc201_count_cc6a172022bb6226a2cf33e34090eaca#TGCTTTAGTACCGAAC-1,at10_1,0.5245286050510521,AC-gliosis-hypoxia
2295,cellranger-arc201_count_cc6a172022bb6226a2cf33e34090eaca#TGGTCAAGTTTATCGC-1,at10_1,0.5114163993767896,AC-gliosis-hypoxia
2296,cellranger-arc201_count_cc6a172022bb6226a2cf33e34090eaca#TTAACTGAGCATGCAT-1,at10_1,0.5206578220642469,AC-gliosis-hypoxia
2297,cellranger-arc201_count_cc6a172022bb6226a2cf33e34090eaca#TTAGCGGTCAATGTGC-1,at10_1,0.5203459342805359,AC-gliosis-hypoxia
2298,cellranger-arc201_count_cc6a172022bb6226a2cf33e34090eaca#TTATCCGTCATGGTTA-1,at10_1,0.5385787571328896,AC-gliosis-hypoxia
2299,cellranger-arc201_count_cc6a172022bb6226a2cf33e34090eaca#TTATGCGCAATAAGCA-1,at10_1,0.4981491686016788,AC-gliosis-hypoxia
2300,cellranger-arc201_count_cc6a172022bb6226a2cf33e34090eaca#TTATTGCTCCACCTGT-1,at10_1,0.5405156799446376,AC-gliosis-hypoxia
2301,cellranger-arc201_count_cc6a172022bb6226a2cf33e34090eaca#TTCCTCAAGTTGTCCC-1,at10_1,0.44346378585593216,AC-gliosis-hypoxia
2302,cellranger-arc201_count_cc6a172022bb6226a2cf33e34090eaca#TTCCTTCTCAGTTCCC-1,at10_1,0.42635224998031385,AC-gliosis-hypoxia
2303,cellranger-arc201_count_cc6a172022bb6226a2cf33e34090eaca#TTCGTGCTCAATTACG-1,at10_1,0.4823355503133888,AC-gliosis-hypoxia
2304,cellranger-arc201_count_cc6a172022bb6226a2cf33e34090eaca#TTGCAATCAATTAGCT-1,at10_1,0.5269358374898708,AC-gliosis-hypoxia
2305,cellranger-arc201_count_cc6a172022bb6226a2cf33e34090eaca#TTGCTCTCAACCTGGT-1,at10_1,0.5023847394604875,AC-gliosis-hypoxia
2306,cellranger-arc201_count_cc6a172022bb6226a2cf33e34090eaca#TTGTCAAAGACTATTG-1,at10_1,0.5094818709900907,AC-gliosis-hypoxia
2307,cellranger-arc201_count_cc6a172022bb6226a2cf33e34090eaca#TTGTCCCAGGACTTAC-1,at10_1,0.5085161381150864,AC-gliosis-hypoxia
2308,cellranger-arc201_count_cc6a172022bb6226a2cf33e34090eaca#TTTAACCTCCGGTTAG-1,at10_1,0.5083749227214976,AC-gliosis-hypoxia
2309,cellranger-arc201_count_cc6a172022bb6226a2cf33e34090eaca#TTTAAGGTCCTAGTCC-1,at10_1,0.49576053472021775,AC-gliosis-hypoxia
2310,cellranger-arc201_count_cc6a172022bb6226a2cf33e34090eaca#TTTGACTTCCAGGTCA-1,at10_1,0.5131429468900446,AC-gliosis-hypoxia
2311,cellranger-arc201_count_cc6a172022bb6226a2cf33e34090eaca#TTTGACTTCTCCTCTT-1,at10_1,0.5221465419174001,AC-gliosis-hypoxia
2312,cellranger-arc201_count_cc6a172022bb6226a2cf33e34090eaca#TTTGGCTGTAATCGTG-1,at10_1,0.5397404987560928,AC-gliosis-hypoxia
2313,cellranger-arc201_count_cc6a172022bb6226a2cf33e34090eaca#TTTGGTGCATCCCTCA-1,at10_1,0.5024155885646074,AC-gliosis-hypoxia
2314,cellranger-arc201_count_3c475e5faf73bf8c98e14aeb2ca0ed42#AAACGCGCAGCAAATA-1,at10_1,0.3993691956813732,AC-gliosis-hypoxia
2315,cellranger-arc201_count_3c475e5faf73bf8c98e14aeb2ca0ed42#AAACGCGCATGCTTAG-1,at10_1,0.5237804864339917,AC-gliosis-hypoxia
2316,cellranger-arc201_count_3c475e5faf73bf8c98e14aeb2ca0ed42#AAACGCGCATTATGCG-1,at10_1,0.507579194024974,AC-gliosis-hypoxia
2317,cellranger-arc201_count_3c475e5faf73bf8c98e14aeb2ca0ed42#AAAGCGGGTTTGGGTA-1,at10_1,0.45517697908992455,AC-gliosis-hypoxia
2318,cellranger-arc201_count_3c475e5faf73bf8c98e14aeb2ca0ed42#AACATAGCAAGGTATA-1,at10_1,0.5143545816491528,AC-gliosis-hypoxia
2319,cellranger-arc201_count_3c475e5faf73bf8c98e14aeb2ca0ed42#AAGCCACGTATTCGTC-1,at10_1,0.5089941321760353,AC-gliosis-hypoxia
2320,cellranger-arc201_count_3c475e5faf73bf8c98e14aeb2ca0ed42#AAGTGAAGTATTGAGT-1,at10_1,0.5139456918088049,AC-gliosis-hypoxia
2321,cellranger-arc201_count_3c475e5faf73bf8c98e14aeb2ca0ed42#AATCCATCACCACAAC-1,at10_1,0.5270581202202813,AC-gliosis-hypoxia
2322,cellranger-arc201_count_3c475e5faf73bf8c98e14aeb2ca0ed42#AATTAGCGTCACGGAT-1,at10_1,0.5101165049966883,AC-gliosis-hypoxia
2323,cellranger-arc201_count_3c475e5faf73bf8c98e14aeb2ca0ed42#AATTAGGCAAACGGGC-1,at10_1,0.5384099223247818,AC-gliosis-hypoxia
2324,cellranger-arc201_count_3c475e5faf73bf8c98e14aeb2ca0ed42#ACAGGAATCCAATAGC-1,at10_1,0.5149466171635994,AC-gliosis-hypoxia
2325,cellranger-arc201_count_3c475e5faf73bf8c98e14aeb2ca0ed42#ACCGCAATCCCTGTTA-1,at10_1,0.4589767645898113,AC-gliosis-hypoxia
2326,cellranger-arc201_count_3c475e5faf73bf8c98e14aeb2ca0ed42#ACCTAAGGTCATGCCC-1,at10_1,0.5004193619696685,AC-gliosis-hypoxia
2327,cellranger-arc201_count_3c475e5faf73bf8c98e14aeb2ca0ed42#ACCTCACTCCTAAGAC-1,at10_1,0.44827619041434114,AC-gliosis-hypoxia
2328,cellranger-arc201_count_3c475e5faf73bf8c98e14aeb2ca0ed42#ACCTTCATCACCAATA-1,at10_1,0.4579738902843955,AC-gliosis-hypoxia
2329,cellranger-arc201_count_3c475e5faf73bf8c98e14aeb2ca0ed42#ACCTTGCTCATAGACC-1,at10_1,0.5172486619531714,AC-gliosis-hypoxia
2330,cellranger-arc201_count_3c475e5faf73bf8c98e14aeb2ca0ed42#ACGTCCTTCCCTCTAA-1,at10_1,0.519408823137513,AC-gliosis-hypoxia
2331,cellranger-arc201_count_3c475e5faf73bf8c98e14aeb2ca0ed42#ACTAACCAGTGGACAA-1,at10_1,0.5625597592633919,AC-gliosis-hypoxia
2332,cellranger-arc201_count_3c475e5faf73bf8c98e14aeb2ca0ed42#ACTAACTCACATTGCA-1,at10_1,0.525776657344627,AC-gliosis-hypoxia
2333,cellranger-arc201_count_3c475e5faf73bf8c98e14aeb2ca0ed42#ACTCACTGTTGCAGTA-1,at10_1,0.5443632982612012,AC-gliosis-hypoxia
2334,cellranger-arc201_count_3c475e5faf73bf8c98e14aeb2ca0ed42#ACTTACAAGGCTAGAA-1,at10_1,0.5071747032445998,AC-gliosis-hypoxia
2335,cellranger-arc201_count_3c475e5faf73bf8c98e14aeb2ca0ed42#ACTTATCTCACTAAGC-1,at10_1,0.5214217550234915,AC-gliosis-hypoxia
2336,cellranger-arc201_count_3c475e5faf73bf8c98e14aeb2ca0ed42#AGCAACAAGTTACCGG-1,at10_1,0.5308004395189915,AC-gliosis-hypoxia
2337,cellranger-arc201_count_3c475e5faf73bf8c98e14aeb2ca0ed42#AGCCTAGTCTCACTAT-1,at10_1,0.5203973865769381,AC-gliosis-hypoxia
2338,cellranger-arc201_count_3c475e5faf73bf8c98e14aeb2ca0ed42#AGCCTAGTCTTTAAGG-1,at10_1,0.5444713814942281,AC-gliosis-hypoxia
2339,cellranger-arc201_count_3c475e5faf73bf8c98e14aeb2ca0ed42#AGCCTGGGTCAATAGT-1,at10_1,0.5003249213909908,AC-gliosis-hypoxia
2340,cellranger-arc201_count_3c475e5faf73bf8c98e14aeb2ca0ed42#AGCTAACTCACTAAGC-1,at10_1,0.4519722360568714,AC-gliosis-hypoxia
2341,cellranger-arc201_count_3c475e5faf73bf8c98e14aeb2ca0ed42#AGCTGCTCATGTCGCG-1,at10_1,0.4985545503309085,AC-gliosis-hypoxia
2342,cellranger-arc201_count_3c475e5faf73bf8c98e14aeb2ca0ed42#AGCTTCCTCCTCACTA-1,at10_1,0.5404449051949327,AC-gliosis-hypoxia
2343,cellranger-arc201_count_3c475e5faf73bf8c98e14aeb2ca0ed42#AGCTTCCTCTAACCAA-1,at10_1,0.49393475777818713,AC-gliosis-hypoxia
2344,cellranger-arc201_count_3c475e5faf73bf8c98e14aeb2ca0ed42#AGGACGTAGTCACTAA-1,at10_1,0.39963670307522203,AC-gliosis-hypoxia
2345,cellranger-arc201_count_3c475e5faf73bf8c98e14aeb2ca0ed42#AGGTTACTCCTCCCTC-1,at10_1,0.4925598566413176,AC-gliosis-hypoxia
2346,cellranger-arc201_count_3c475e5faf73bf8c98e14aeb2ca0ed42#AGGTTGCGTGGACATC-1,at10_1,0.596848427124111,AC-gliosis-hypoxia
2347,cellranger-arc201_count_3c475e5faf73bf8c98e14aeb2ca0ed42#AGTCAATGTTATGTGG-1,at10_1,0.5687945079852231,AC-gliosis-hypoxia
2348,cellranger-arc201_count_3c475e5faf73bf8c98e14aeb2ca0ed42#AGTGATGAGTGACCTG-1,at10_1,0.5190803414313694,AC-gliosis-hypoxia
2349,cellranger-arc201_count_3c475e5faf73bf8c98e14aeb2ca0ed42#AGTTACATCTCACTAT-1,at10_1,0.5155083604169605,AC-gliosis-hypoxia
2350,cellranger-arc201_count_3c475e5faf73bf8c98e14aeb2ca0ed42#AGTTGTCAGGATAAAC-1,at10_1,0.5093187159809364,AC-gliosis-hypoxia
2351,cellranger-arc201_count_3c475e5faf73bf8c98e14aeb2ca0ed42#ATATGTCCACCTACTT-1,at10_1,0.5142263406982716,AC-gliosis-hypoxia
2352,cellranger-arc201_count_3c475e5faf73bf8c98e14aeb2ca0ed42#ATCACAATCATTACTC-1,at10_1,0.496707501984954,AC-gliosis-hypoxia
2353,cellranger-arc201_count_3c475e5faf73bf8c98e14aeb2ca0ed42#ATCACAATCCCTGACT-1,at10_1,0.5364221040596663,AC-gliosis-hypoxia
2354,cellranger-arc201_count_3c475e5faf73bf8c98e14aeb2ca0ed42#ATCACCCTCCAAGTGT-1,at10_1,0.5144295327216176,AC-gliosis-hypoxia
2355,cellranger-arc201_count_3c475e5faf73bf8c98e14aeb2ca0ed42#ATGCGATTCCTGATTT-1,at10_1,0.4825576193156097,AC-gliosis-hypoxia
2356,cellranger-arc201_count_3c475e5faf73bf8c98e14aeb2ca0ed42#ATGTAACGTCCCGAAG-1,at10_1,0.543900450330795,AC-gliosis-hypoxia
2357,cellranger-arc201_count_3c475e5faf73bf8c98e14aeb2ca0ed42#ATGTCAATCGGGATTT-1,at10_1,0.4949787827838639,AC-gliosis-hypoxia
2358,cellranger-arc201_count_3c475e5faf73bf8c98e14aeb2ca0ed42#ATTAGTCCAGGATTAA-1,at10_1,0.5496800912404017,AC-gliosis-hypoxia
2359,cellranger-arc201_count_3c475e5faf73bf8c98e14aeb2ca0ed42#ATTCGTTTCGCATCCT-1,at10_1,0.5116880830933984,AC-gliosis-hypoxia
2360,cellranger-arc201_count_3c475e5faf73bf8c98e14aeb2ca0ed42#ATTGCAGGTGCATCGG-1,at10_1,0.3869503987960163,AC-gliosis-hypoxia
2361,cellranger-arc201_count_3c475e5faf73bf8c98e14aeb2ca0ed42#CAAAGCGCAGCTCAAC-1,at10_1,0.5129918196904388,AC-gliosis-hypoxia
2362,cellranger-arc201_count_3c475e5faf73bf8c98e14aeb2ca0ed42#CAACAATGTGAGACTC-1,at10_1,0.5128434767060065,AC-gliosis-hypoxia
2363,cellranger-arc201_count_3c475e5faf73bf8c98e14aeb2ca0ed42#CAATAAGCACATACTG-1,at10_1,0.5101717438257262,AC-gliosis-hypoxia
2364,cellranger-arc201_count_3c475e5faf73bf8c98e14aeb2ca0ed42#CAATCCCTCATTGTTC-1,at10_1,0.5114675732516746,AC-gliosis-hypoxia
2365,cellranger-arc201_count_3c475e5faf73bf8c98e14aeb2ca0ed42#CACAGGCTCACCATTT-1,at10_1,0.5165608494367642,AC-gliosis-hypoxia
2366,cellranger-arc201_count_3c475e5faf73bf8c98e14aeb2ca0ed42#CACCTGTTCAACCAAC-1,at10_1,0.5031976189224785,AC-gliosis-hypoxia
2367,cellranger-arc201_count_3c475e5faf73bf8c98e14aeb2ca0ed42#CACGCAATCCGTGACA-1,at10_1,0.5112163256744376,AC-gliosis-hypoxia
2368,cellranger-arc201_count_3c475e5faf73bf8c98e14aeb2ca0ed42#CACGCTAAGCTCAAAC-1,at10_1,0.5394565088084181,AC-gliosis-hypoxia
2369,cellranger-arc201_count_3c475e5faf73bf8c98e14aeb2ca0ed42#CATAGACTCTTAGTCT-1,at10_1,0.5113934574437617,AC-gliosis-hypoxia
2370,cellranger-arc201_count_3c475e5faf73bf8c98e14aeb2ca0ed42#CATATCGCAGAAATGC-1,at10_1,0.5447728006288873,AC-gliosis-hypoxia
2371,cellranger-arc201_count_3c475e5faf73bf8c98e14aeb2ca0ed42#CATCATAAGATTGAGG-1,at10_1,0.5441000785587192,AC-gliosis-hypoxia
2372,cellranger-arc201_count_3c475e5faf73bf8c98e14aeb2ca0ed42#CATCCCAGTCCTTTAA-1,at10_1,0.5178207624869771,AC-gliosis-hypoxia
2373,cellranger-arc201_count_3c475e5faf73bf8c98e14aeb2ca0ed42#CATGGATTCCACAATA-1,at10_1,0.4643834877191088,AC-gliosis-hypoxia
2374,cellranger-arc201_count_3c475e5faf73bf8c98e14aeb2ca0ed42#CATTATGAGTTGCCTC-1,at10_1,0.6301400118469748,AC-gliosis-hypoxia
2375,cellranger-arc201_count_3c475e5faf73bf8c98e14aeb2ca0ed42#CCAAGGCTCAAATCGC-1,at10_1,0.5213623398716938,AC-gliosis-hypoxia
2376,cellranger-arc201_count_3c475e5faf73bf8c98e14aeb2ca0ed42#CCAAGGCTCGCTATGG-1,at10_1,0.526704803314792,AC-gliosis-hypoxia
2377,cellranger-arc201_count_3c475e5faf73bf8c98e14aeb2ca0ed42#CCACACAAGATTCCTT-1,at10_1,0.5035551121507278,AC-gliosis-hypoxia
2378,cellranger-arc201_count_3c475e5faf73bf8c98e14aeb2ca0ed42#CCCAAACCAAGTGTCC-1,at10_1,0.49878976082874726,AC-gliosis-hypoxia
2379,cellranger-arc201_count_3c475e5faf73bf8c98e14aeb2ca0ed42#CCCAGCACAAATATCC-1,at10_1,0.5298135466086703,AC-gliosis-hypoxia
2380,cellranger-arc201_count_3c475e5faf73bf8c98e14aeb2ca0ed42#CCCTCACCAAGCTTTG-1,at10_1,0.41734876632156526,AC-gliosis-hypoxia
2381,cellranger-arc201_count_3c475e5faf73bf8c98e14aeb2ca0ed42#CCTAGTTGTCATGAGC-1,at10_1,0.5448721971105736,AC-gliosis-hypoxia
2382,cellranger-arc201_count_3c475e5faf73bf8c98e14aeb2ca0ed42#CCTCCTCTCACACAGT-1,at10_1,0.5182284272726488,AC-gliosis-hypoxia
2383,cellranger-arc201_count_3c475e5faf73bf8c98e14aeb2ca0ed42#CCTCCTCTCATAGCCG-1,at10_1,0.518169123489458,AC-gliosis-hypoxia
2384,cellranger-arc201_count_3c475e5faf73bf8c98e14aeb2ca0ed42#CGAAATGAGCATTATG-1,at10_1,0.5159624102274191,AC-gliosis-hypoxia
2385,cellranger-arc201_count_3c475e5faf73bf8c98e14aeb2ca0ed42#CGACAAGCACTATGGC-1,at10_1,0.5214873511329741,AC-gliosis-hypoxia
2386,cellranger-arc201_count_3c475e5faf73bf8c98e14aeb2ca0ed42#CGATTTGCATCATGGC-1,at10_1,0.5206190101047312,AC-gliosis-hypoxia
2387,cellranger-arc201_count_3c475e5faf73bf8c98e14aeb2ca0ed42#CGCAATTAGGCCTTAG-1,at10_1,0.37757455419999314,AC-gliosis-hypoxia
2388,cellranger-arc201_count_3c475e5faf73bf8c98e14aeb2ca0ed42#CGCATATAGCGCTCAA-1,at10_1,0.523721572440925,AC-gliosis-hypoxia
2389,cellranger-arc201_count_3c475e5faf73bf8c98e14aeb2ca0ed42#CGCCACACATGGTTAT-1,at10_1,0.5124346982342654,AC-gliosis-hypoxia
2390,cellranger-arc201_count_3c475e5faf73bf8c98e14aeb2ca0ed42#CGCTAACCACGTTACA-1,at10_1,0.5236109277299388,AC-gliosis-hypoxia
2391,cellranger-arc201_count_3c475e5faf73bf8c98e14aeb2ca0ed42#CGCTTACTCACGAATC-1,at10_1,0.49035770949216284,AC-gliosis-hypoxia
2392,cellranger-arc201_count_3c475e5faf73bf8c98e14aeb2ca0ed42#CGGCTAATCACTTCAT-1,at10_1,0.578176533538931,AC-gliosis-hypoxia
2393,cellranger-arc201_count_3c475e5faf73bf8c98e14aeb2ca0ed42#CGGGTATGTTTAGTCC-1,at10_1,0.5110583493055059,AC-gliosis-hypoxia
2394,cellranger-arc201_count_3c475e5faf73bf8c98e14aeb2ca0ed42#CGTGAGGAGTAACGAG-1,at10_1,0.5152026535909342,AC-gliosis-hypoxia
2395,cellranger-arc201_count_3c475e5faf73bf8c98e14aeb2ca0ed42#CGTGCACAGCACGTTG-1,at10_1,0.5084782727887298,AC-gliosis-hypoxia
2396,cellranger-arc201_count_3c475e5faf73bf8c98e14aeb2ca0ed42#CTAATAGTCATGGTGT-1,at10_1,0.4822117084224813,AC-gliosis-hypoxia
2397,cellranger-arc201_count_3c475e5faf73bf8c98e14aeb2ca0ed42#CTACTTAGTCAGTAAT-1,at10_1,0.4986240443416336,AC-gliosis-hypoxia
2398,cellranger-arc201_count_3c475e5faf73bf8c98e14aeb2ca0ed42#CTAGGCGGTCATAACG-1,at10_1,0.5037326337101762,AC-gliosis-hypoxia
2399,cellranger-arc201_count_3c475e5faf73bf8c98e14aeb2ca0ed42#CTAGTAATCCTGATTT-1,at10_1,0.5033378876829084,AC-gliosis-hypoxia
2400,cellranger-arc201_count_3c475e5faf73bf8c98e14aeb2ca0ed42#CTATGTTTCGATTATG-1,at10_1,0.6092363470631963,AC-gliosis-hypoxia
2401,cellranger-arc201_count_3c475e5faf73bf8c98e14aeb2ca0ed42#CTCACTCAGCTCATAA-1,at10_1,0.5200098238248174,AC-gliosis-hypoxia
2402,cellranger-arc201_count_3c475e5faf73bf8c98e14aeb2ca0ed42#CTCATGACAGCAACCT-1,at10_1,0.5795583952137336,AC-gliosis-hypoxia
2403,cellranger-arc201_count_3c475e5faf73bf8c98e14aeb2ca0ed42#CTCATGCTCCTAGTTT-1,at10_1,0.5079877497595012,AC-gliosis-hypoxia
2404,cellranger-arc201_count_3c475e5faf73bf8c98e14aeb2ca0ed42#CTCCTCACACCCTCAC-1,at10_1,0.5849219630078453,AC-gliosis-hypoxia
2405,cellranger-arc201_count_3c475e5faf73bf8c98e14aeb2ca0ed42#CTCTAGCTCCTTAGTT-1,at10_1,0.4506442211035199,AC-gliosis-hypoxia
2406,cellranger-arc201_count_3c475e5faf73bf8c98e14aeb2ca0ed42#CTCTATGTCCGTGACA-1,at10_1,0.3644571698855082,AC-gliosis-hypoxia
2407,cellranger-arc201_count_3c475e5faf73bf8c98e14aeb2ca0ed42#CTCTCACAGGAGGTTA-1,at10_1,0.4983450102969674,AC-gliosis-hypoxia
2408,cellranger-arc201_count_3c475e5faf73bf8c98e14aeb2ca0ed42#CTTCAAGCAGGTTACC-1,at10_1,0.49402112413286225,AC-gliosis-hypoxia
2409,cellranger-arc201_count_3c475e5faf73bf8c98e14aeb2ca0ed42#CTTGAACAGAACAAGT-1,at10_1,0.5339396421268656,AC-gliosis-hypoxia
2410,cellranger-arc201_count_3c475e5faf73bf8c98e14aeb2ca0ed42#CTTTATGGTTGGGTTA-1,at10_1,0.5096769887894341,AC-gliosis-hypoxia
2411,cellranger-arc201_count_3c475e5faf73bf8c98e14aeb2ca0ed42#GAAACCCGTAGTTAAC-1,at10_1,0.5102993165649659,AC-gliosis-hypoxia
2412,cellranger-arc201_count_3c475e5faf73bf8c98e14aeb2ca0ed42#GAACTTATCGTGCCTT-1,at10_1,0.4982739014414418,AC-gliosis-hypoxia
2413,cellranger-arc201_count_3c475e5faf73bf8c98e14aeb2ca0ed42#GACACCGGTTACTTGC-1,at10_1,0.520847872591975,AC-gliosis-hypoxia
2414,cellranger-arc201_count_3c475e5faf73bf8c98e14aeb2ca0ed42#GACACCGGTTATCCGT-1,at10_1,0.5037042903997122,AC-gliosis-hypoxia
2415,cellranger-arc201_count_3c475e5faf73bf8c98e14aeb2ca0ed42#GATCAGGCAACACTTG-1,at10_1,0.5032983518274479,AC-gliosis-hypoxia
2416,cellranger-arc201_count_3c475e5faf73bf8c98e14aeb2ca0ed42#GATCCGTCAGAAATGC-1,at10_1,0.15729967239462558,AC-gliosis-hypoxia
2417,cellranger-arc201_count_3c475e5faf73bf8c98e14aeb2ca0ed42#GATTCCTGTATTTGCC-1,at10_1,0.3911990276239876,AC-gliosis-hypoxia
2418,cellranger-arc201_count_3c475e5faf73bf8c98e14aeb2ca0ed42#GATTGGTTCCAAGTTA-1,at10_1,0.5040164566049404,AC-gliosis-hypoxia
2419,cellranger-arc201_count_3c475e5faf73bf8c98e14aeb2ca0ed42#GCACATTAGTTCCTGC-1,at10_1,0.48840814634352814,AC-gliosis-hypoxia
2420,cellranger-arc201_count_3c475e5faf73bf8c98e14aeb2ca0ed42#GCACGCTAGGGTTATC-1,at10_1,0.5051032471556789,AC-gliosis-hypoxia
2421,cellranger-arc201_count_3c475e5faf73bf8c98e14aeb2ca0ed42#GCACGGTTCACTTCAT-1,at10_1,0.5256979197395266,AC-gliosis-hypoxia
2422,cellranger-arc201_count_3c475e5faf73bf8c98e14aeb2ca0ed42#GCCACAATCTGCAAAC-1,at10_1,0.6554372238584939,AC-gliosis-hypoxia
2423,cellranger-arc201_count_3c475e5faf73bf8c98e14aeb2ca0ed42#GCCACTAAGGAATAAC-1,at10_1,0.5098755033312891,AC-gliosis-hypoxia
2424,cellranger-arc201_count_3c475e5faf73bf8c98e14aeb2ca0ed42#GCCTATTGTTCCTCCT-1,at10_1,0.5206895064329187,AC-gliosis-hypoxia
2425,cellranger-arc201_count_3c475e5faf73bf8c98e14aeb2ca0ed42#GCCTGAGGTGGACATC-1,at10_1,0.5113620514966072,AC-gliosis-hypoxia
2426,cellranger-arc201_count_3c475e5faf73bf8c98e14aeb2ca0ed42#GCCTTTGGTTGGTTAG-1,at10_1,0.43712334832612326,AC-gliosis-hypoxia
2427,cellranger-arc201_count_3c475e5faf73bf8c98e14aeb2ca0ed42#GCGCTAGGTGGCTTCC-1,at10_1,0.48734752741541854,AC-gliosis-hypoxia
2428,cellranger-arc201_count_3c475e5faf73bf8c98e14aeb2ca0ed42#GCGTTTCTCCTAAATG-1,at10_1,0.505830985317671,AC-gliosis-hypoxia
2429,cellranger-arc201_count_3c475e5faf73bf8c98e14aeb2ca0ed42#GCTATTGCAATTGCGC-1,at10_1,0.5170656833319833,AC-gliosis-hypoxia
2430,cellranger-arc201_count_3c475e5faf73bf8c98e14aeb2ca0ed42#GCTCCTTAGTCACCAG-1,at10_1,0.5081965102131938,AC-gliosis-hypoxia
2431,cellranger-arc201_count_3c475e5faf73bf8c98e14aeb2ca0ed42#GGACAGCCACTTCATC-1,at10_1,0.49909669270944973,AC-gliosis-hypoxia
2432,cellranger-arc201_count_3c475e5faf73bf8c98e14aeb2ca0ed42#GGATTGCGTGTTAAAC-1,at10_1,0.5332540012982935,AC-gliosis-hypoxia
2433,cellranger-arc201_count_3c475e5faf73bf8c98e14aeb2ca0ed42#GGCAAGCCATAAGTCT-1,at10_1,0.514818376212718,AC-gliosis-hypoxia
2434,cellranger-arc201_count_3c475e5faf73bf8c98e14aeb2ca0ed42#GGCCTCTGTTCCGCAC-1,at10_1,0.505667273465482,AC-gliosis-hypoxia
2435,cellranger-arc201_count_3c475e5faf73bf8c98e14aeb2ca0ed42#GGCCTTAAGTACCGCA-1,at10_1,0.5377873161277328,AC-gliosis-hypoxia
2436,cellranger-arc201_count_3c475e5faf73bf8c98e14aeb2ca0ed42#GGCGTTATCCTTCGTA-1,at10_1,0.494249039986947,AC-gliosis-hypoxia
2437,cellranger-arc201_count_3c475e5faf73bf8c98e14aeb2ca0ed42#GGCTAGACAGCCTTGG-1,at10_1,0.5111371425949096,AC-gliosis-hypoxia
2438,cellranger-arc201_count_3c475e5faf73bf8c98e14aeb2ca0ed42#GGGAATATCCCTCTAA-1,at10_1,0.5091837929136394,AC-gliosis-hypoxia
2439,cellranger-arc201_count_3c475e5faf73bf8c98e14aeb2ca0ed42#GGGATAATCATGGCCA-1,at10_1,0.5287574381091416,AC-gliosis-hypoxia
2440,cellranger-arc201_count_3c475e5faf73bf8c98e14aeb2ca0ed42#GGGCGAATCCTAAGAC-1,at10_1,0.5413702669499244,AC-gliosis-hypoxia
2441,cellranger-arc201_count_3c475e5faf73bf8c98e14aeb2ca0ed42#GGGTTATTCATTAGGC-1,at10_1,0.5067355211431664,AC-gliosis-hypoxia
2442,cellranger-arc201_count_3c475e5faf73bf8c98e14aeb2ca0ed42#GGTCATTAGTCACCAG-1,at10_1,0.43486696466539293,AC-gliosis-hypoxia
2443,cellranger-arc201_count_3c475e5faf73bf8c98e14aeb2ca0ed42#GGTCGGTTCGAGGAAC-1,at10_1,0.43932443747351213,AC-gliosis-hypoxia
2444,cellranger-arc201_count_3c475e5faf73bf8c98e14aeb2ca0ed42#GGTGATTTCTTAATGG-1,at10_1,0.4246874285174506,AC-gliosis-hypoxia
2445,cellranger-arc201_count_3c475e5faf73bf8c98e14aeb2ca0ed42#GGTGCTGGTTAGGACC-1,at10_1,0.5139594458317609,AC-gliosis-hypoxia
2446,cellranger-arc201_count_3c475e5faf73bf8c98e14aeb2ca0ed42#GGTTATATCAATTACG-1,at10_1,0.5279227304001919,AC-gliosis-hypoxia
2447,cellranger-arc201_count_3c475e5faf73bf8c98e14aeb2ca0ed42#GTAGCCATCATTAGGC-1,at10_1,0.5215601305176036,AC-gliosis-hypoxia
2448,cellranger-arc201_count_3c475e5faf73bf8c98e14aeb2ca0ed42#GTCCTAGAGCCACAAT-1,at10_1,0.5295923128710015,AC-gliosis-hypoxia
2449,cellranger-arc201_count_3c475e5faf73bf8c98e14aeb2ca0ed42#GTCCTAGAGGCATGAA-1,at10_1,0.5020065873556524,AC-gliosis-hypoxia
2450,cellranger-arc201_count_3c475e5faf73bf8c98e14aeb2ca0ed42#GTCTATGCAAGCTTTG-1,at10_1,0.5828285673033589,AC-gliosis-hypoxia
2451,cellranger-arc201_count_3c475e5faf73bf8c98e14aeb2ca0ed42#GTGTTACAGTATTGGC-1,at10_1,0.5492463105164046,AC-gliosis-hypoxia
2452,cellranger-arc201_count_3c475e5faf73bf8c98e14aeb2ca0ed42#GTTCCTGGTATTGGAT-1,at10_1,0.39494471582305746,AC-gliosis-hypoxia
2453,cellranger-arc201_count_3c475e5faf73bf8c98e14aeb2ca0ed42#GTTGCATAGGCTGTGC-1,at10_1,0.4544095937038649,AC-gliosis-hypoxia
2454,cellranger-arc201_count_3c475e5faf73bf8c98e14aeb2ca0ed42#GTTTAACCAAGTCGCT-1,at10_1,0.4988117561286163,AC-gliosis-hypoxia
2455,cellranger-arc201_count_3c475e5faf73bf8c98e14aeb2ca0ed42#GTTTCAGCACGGTACT-1,at10_1,0.5074086886877623,AC-gliosis-hypoxia
2456,cellranger-arc201_count_3c475e5faf73bf8c98e14aeb2ca0ed42#GTTTGCTGTGCTTTAC-1,at10_1,0.4623601428683821,AC-gliosis-hypoxia
2457,cellranger-arc201_count_3c475e5faf73bf8c98e14aeb2ca0ed42#TAAGTGCTCCTGGCTT-1,at10_1,0.5112627106992246,AC-gliosis-hypoxia
2458,cellranger-arc201_count_3c475e5faf73bf8c98e14aeb2ca0ed42#TAATCCGCATTGTCCT-1,at10_1,0.5141492179379716,AC-gliosis-hypoxia
2459,cellranger-arc201_count_3c475e5faf73bf8c98e14aeb2ca0ed42#TACAACATCACAAGCT-1,at10_1,0.5159271620633253,AC-gliosis-hypoxia
2460,cellranger-arc201_count_3c475e5faf73bf8c98e14aeb2ca0ed42#TACAACATCATTAGGC-1,at10_1,0.49758586618782064,AC-gliosis-hypoxia
2461,cellranger-arc201_count_3c475e5faf73bf8c98e14aeb2ca0ed42#TACCCGGCAACATAAG-1,at10_1,0.4783442108095804,AC-gliosis-hypoxia
2462,cellranger-arc201_count_3c475e5faf73bf8c98e14aeb2ca0ed42#TACCTCATCCACCTTA-1,at10_1,0.5363458722482218,AC-gliosis-hypoxia
2463,cellranger-arc201_count_3c475e5faf73bf8c98e14aeb2ca0ed42#TACCTCATCCTCACAC-1,at10_1,0.524660020007231,AC-gliosis-hypoxia
2464,cellranger-arc201_count_3c475e5faf73bf8c98e14aeb2ca0ed42#TACGCACCAGAAATTG-1,at10_1,0.3846197044323112,AC-gliosis-hypoxia
2465,cellranger-arc201_count_3c475e5faf73bf8c98e14aeb2ca0ed42#TACTCAAAGCACCACA-1,at10_1,0.5139530421368623,AC-gliosis-hypoxia
2466,cellranger-arc201_count_3c475e5faf73bf8c98e14aeb2ca0ed42#TACTGCACAGCACGAA-1,at10_1,0.5037590837543223,AC-gliosis-hypoxia
2467,cellranger-arc201_count_3c475e5faf73bf8c98e14aeb2ca0ed42#TACTTCGTCCAACTGG-1,at10_1,0.5023511061411943,AC-gliosis-hypoxia
2468,cellranger-arc201_count_3c475e5faf73bf8c98e14aeb2ca0ed42#TACTTGTTCACGCATG-1,at10_1,0.5286785891354342,AC-gliosis-hypoxia
2469,cellranger-arc201_count_3c475e5faf73bf8c98e14aeb2ca0ed42#TAGCCTGAGACACCGC-1,at10_1,0.5121778822266819,AC-gliosis-hypoxia
2470,cellranger-arc201_count_3c475e5faf73bf8c98e14aeb2ca0ed42#TAGCTAATCATTTGCT-1,at10_1,0.5232110587467522,AC-gliosis-hypoxia
2471,cellranger-arc201_count_3c475e5faf73bf8c98e14aeb2ca0ed42#TAGCTTAAGCACCACA-1,at10_1,0.48531683223663447,AC-gliosis-hypoxia
2472,cellranger-arc201_count_3c475e5faf73bf8c98e14aeb2ca0ed42#TAGCTTAAGCAGCTAT-1,at10_1,0.504098925058373,AC-gliosis-hypoxia
2473,cellranger-arc201_count_3c475e5faf73bf8c98e14aeb2ca0ed42#TAGTAGGAGAATCTCA-1,at10_1,0.5141444290878736,AC-gliosis-hypoxia
2474,cellranger-arc201_count_3c475e5faf73bf8c98e14aeb2ca0ed42#TAGTGAGAGCTCCTAC-1,at10_1,0.4980389136808169,AC-gliosis-hypoxia
2475,cellranger-arc201_count_3c475e5faf73bf8c98e14aeb2ca0ed42#TATGAAGCATTAAGTC-1,at10_1,0.5207814412179405,AC-gliosis-hypoxia
2476,cellranger-arc201_count_3c475e5faf73bf8c98e14aeb2ca0ed42#TATTTGCTCATTTGTC-1,at10_1,0.5008929569706436,AC-gliosis-hypoxia
2477,cellranger-arc201_count_3c475e5faf73bf8c98e14aeb2ca0ed42#TATTTGCTCTTGAGGT-1,at10_1,0.4882621420998413,AC-gliosis-hypoxia
2478,cellranger-arc201_count_3c475e5faf73bf8c98e14aeb2ca0ed42#TCAATCGCAGCATGTC-1,at10_1,0.4531484555989756,AC-gliosis-hypoxia
2479,cellranger-arc201_count_3c475e5faf73bf8c98e14aeb2ca0ed42#TCACCTCAGGAATAAC-1,at10_1,0.5063466219677626,AC-gliosis-hypoxia
2480,cellranger-arc201_count_3c475e5faf73bf8c98e14aeb2ca0ed42#TCACCTGGTGTCACGG-1,at10_1,0.5327601928951604,AC-gliosis-hypoxia
2481,cellranger-arc201_count_3c475e5faf73bf8c98e14aeb2ca0ed42#TCCGGAATCCCTCAAC-1,at10_1,0.5298666137498731,AC-gliosis-hypoxia
2482,cellranger-arc201_count_3c475e5faf73bf8c98e14aeb2ca0ed42#TCGACAAGTTAGGTGC-1,at10_1,0.5149569187597405,AC-gliosis-hypoxia
2483,cellranger-arc201_count_3c475e5faf73bf8c98e14aeb2ca0ed42#TCGGTTCTCGATATTG-1,at10_1,0.5107775333631286,AC-gliosis-hypoxia
2484,cellranger-arc201_count_3c475e5faf73bf8c98e14aeb2ca0ed42#TCTGGCTTCCGTCCAT-1,at10_1,0.49293528021528277,AC-gliosis-hypoxia
2485,cellranger-arc201_count_3c475e5faf73bf8c98e14aeb2ca0ed42#TCTTAGTTCTGTGCCT-1,at10_1,0.522534494459645,AC-gliosis-hypoxia
2486,cellranger-arc201_count_3c475e5faf73bf8c98e14aeb2ca0ed42#TCTTGTCCATACTCCT-1,at10_1,0.47834281870199374,AC-gliosis-hypoxia
2487,cellranger-arc201_count_3c475e5faf73bf8c98e14aeb2ca0ed42#TGAGCAAAGTCATTTC-1,at10_1,0.5134101201780725,AC-gliosis-hypoxia
2488,cellranger-arc201_count_3c475e5faf73bf8c98e14aeb2ca0ed42#TGAGGGCCAGCAATAA-1,at10_1,0.5054424202480879,AC-gliosis-hypoxia
2489,cellranger-arc201_count_3c475e5faf73bf8c98e14aeb2ca0ed42#TGCGGTTCAAGGAATC-1,at10_1,0.5338680877969123,AC-gliosis-hypoxia
2490,cellranger-arc201_count_3c475e5faf73bf8c98e14aeb2ca0ed42#TGCTCCGTCAGCAAGA-1,at10_1,0.5134907510494908,AC-gliosis-hypoxia
2491,cellranger-arc201_count_3c475e5faf73bf8c98e14aeb2ca0ed42#TGCTTTAGTCATTGAG-1,at10_1,0.4937512779982679,AC-gliosis-hypoxia
2492,cellranger-arc201_count_3c475e5faf73bf8c98e14aeb2ca0ed42#TGGTGCATCCGCAAAT-1,at10_1,0.4912860225152381,AC-gliosis-hypoxia
2493,cellranger-arc201_count_3c475e5faf73bf8c98e14aeb2ca0ed42#TGGTTCCTCCTCCTAA-1,at10_1,0.5390476746523735,AC-gliosis-hypoxia
2494,cellranger-arc201_count_3c475e5faf73bf8c98e14aeb2ca0ed42#TGTATCGCATTGACAT-1,at10_1,0.5530366853690056,AC-gliosis-hypoxia
2495,cellranger-arc201_count_3c475e5faf73bf8c98e14aeb2ca0ed42#TGTTGTGCACCTCGCT-1,at10_1,0.4817508094426964,AC-gliosis-hypoxia
2496,cellranger-arc201_count_3c475e5faf73bf8c98e14aeb2ca0ed42#TTAACCAAGCCTTAAA-1,at10_1,0.5094888872123274,AC-gliosis-hypoxia
2497,cellranger-arc201_count_3c475e5faf73bf8c98e14aeb2ca0ed42#TTAAGCCAGTTTGGGT-1,at10_1,0.5075144331800435,AC-gliosis-hypoxia
2498,cellranger-arc201_count_3c475e5faf73bf8c98e14aeb2ca0ed42#TTAGCAATCGATCAGT-1,at10_1,0.500626674631471,AC-gliosis-hypoxia
2499,cellranger-arc201_count_3c475e5faf73bf8c98e14aeb2ca0ed42#TTATCCGTCTTAGCCC-1,at10_1,0.4244116520045371,AC-gliosis-hypoxia
2500,cellranger-arc201_count_3c475e5faf73bf8c98e14aeb2ca0ed42#TTATTGCTCGTAACGT-1,at10_1,0.5031074660351676,AC-gliosis-hypoxia
2501,cellranger-arc201_count_3c475e5faf73bf8c98e14aeb2ca0ed42#TTCAGTTTCCTCCATA-1,at10_1,0.43149703414610907,AC-gliosis-hypoxia
2502,cellranger-arc201_count_3c475e5faf73bf8c98e14aeb2ca0ed42#TTCATCCCACCTACTT-1,at10_1,0.5225650651422477,AC-gliosis-hypoxia
2503,cellranger-arc201_count_3c475e5faf73bf8c98e14aeb2ca0ed42#TTGACTAAGGACCTCA-1,at10_1,0.5383849200725258,AC-gliosis-hypoxia
2504,cellranger-arc201_count_3c475e5faf73bf8c98e14aeb2ca0ed42#TTGCAACAGGCTTAAC-1,at10_1,0.5106714547650266,AC-gliosis-hypoxia
2505,cellranger-arc201_count_3c475e5faf73bf8c98e14aeb2ca0ed42#TTGCAACAGGTGTTAC-1,at10_1,0.4654530161357729,AC-gliosis-hypoxia
2506,cellranger-arc201_count_3c475e5faf73bf8c98e14aeb2ca0ed42#TTGCAGCCAACGTGCT-1,at10_1,0.52305998723145,AC-gliosis-hypoxia
2507,cellranger-arc201_count_3c475e5faf73bf8c98e14aeb2ca0ed42#TTGGCTACATAATCAC-1,at10_1,0.4993952162603289,AC-gliosis-hypoxia
2508,cellranger-arc201_count_3c475e5faf73bf8c98e14aeb2ca0ed42#TTGGCTTGTCATAAGT-1,at10_1,0.5117429878166154,AC-gliosis-hypoxia
2509,cellranger-arc201_count_3c475e5faf73bf8c98e14aeb2ca0ed42#TTGTGCCTCCTCGATC-1,at10_1,0.3451146702336918,AC-gliosis-hypoxia
2510,cellranger-arc201_count_3c475e5faf73bf8c98e14aeb2ca0ed42#TTTCAGTTCTGGCTTC-1,at10_1,0.5271142499981746,AC-gliosis-hypoxia
2511,cellranger-arc201_count_3c475e5faf73bf8c98e14aeb2ca0ed42#TTTCTCACACAGCCTG-1,at10_1,0.5034044304255498,AC-gliosis-hypoxia
2512,cellranger-arc201_count_3c475e5faf73bf8c98e14aeb2ca0ed42#TTTCTCACATTAGGCC-1,at10_1,0.6872569610721545,AC-gliosis-hypoxia
2513,cellranger-arc201_count_3c475e5faf73bf8c98e14aeb2ca0ed42#TTTGTGGCAAGGAATC-1,at10_1,0.5007510176811097,AC-gliosis-hypoxia
2514,cellranger-arc201_count_9b9f744826edc64cc288193e1d52754e#AACTGTTCACACAATT-1,at10_1,0.5473048772760759,AC-gliosis-hypoxia
2515,cellranger-arc201_count_9b9f744826edc64cc288193e1d52754e#CTTAAGATCGTTAACA-1,at10_1,0.36588895253836795,AC-gliosis-hypoxia
2516,cellranger-arc201_count_877c4ccf6b72738da66f3017a5f79449#ACTCGCGCACCAACCG-1,at10_1,0.524049497304034,AC-gliosis-hypoxia
2517,cellranger-arc201_count_651c086adc1acf13d5493f979b7a6fc4#ATGGCTTAGTGAACCT-1,at10_1,0.48168950102458075,AC-gliosis-hypoxia
2518,cellranger-arc201_count_651c086adc1acf13d5493f979b7a6fc4#CAATGAACACTAAATC-1,at10_1,0.6411574297091643,AC-gliosis-hypoxia
2519,cellranger-arc201_count_651c086adc1acf13d5493f979b7a6fc4#CATAATCCAAGTCGCT-1,at10_1,0.5740166933328356,AC-gliosis-hypoxia
2520,cellranger-arc201_count_2f9565d51b615c158b1a36debec1ec4b#ACCTCACTCTTAAGTG-1,at10_1,0.3691483775574243,AC-gliosis-hypoxia
2521,cellranger-arc201_count_2f9565d51b615c158b1a36debec1ec4b#AGTCAATGTTCCAGGG-1,at10_1,0.5349510361307116,AC-gliosis-hypoxia
2522,cellranger-arc201_count_2f9565d51b615c158b1a36debec1ec4b#TATAGCTCATCCTGAA-1,at10_1,0.45559678305375184,AC-gliosis-hypoxia
2523,cellranger-arc201_count_a166708bcbeb284b79da9df9facb9573#CTATTCAGTCGTAATG-1,at10_1,0.4361372349960506,AC-gliosis-hypoxia
2524,cellranger-arc201_count_2f9d72acefae69161ec2c2137f20c0cd#AGTTGCGTCCCTCAGT-1,at10_1,0.6530076063296821,AC-gliosis-hypoxia
2525,cellranger-arc201_count_2f9d72acefae69161ec2c2137f20c0cd#CAGCATGTCCTTGCAC-1,at10_1,0.45055835590757587,AC-gliosis-hypoxia
2526,cellranger-arc201_count_2f9d72acefae69161ec2c2137f20c0cd#GCAAGCCTCACTTTAC-1,at10_1,0.37392141331328305,AC-gliosis-hypoxia
2527,cellranger-arc201_count_2f9d72acefae69161ec2c2137f20c0cd#GTCATCCTCGTTAGCG-1,at10_1,0.4369530100418219,AC-gliosis-hypoxia
2528,cellranger-arc201_count_2f9d72acefae69161ec2c2137f20c0cd#TGTGCTGAGAAACTGG-1,at10_1,0.5055498909537766,AC-gliosis-hypoxia
2529,cellranger-arc201_count_cc6a172022bb6226a2cf33e34090eaca#ACTCCTCAGTGTTGTA-1,at10_1,0.4932905460713934,AC-gliosis-hypoxia
2530,cellranger-arc201_count_3c475e5faf73bf8c98e14aeb2ca0ed42#TATGGTCAGTTTGGTA-1,at10_1,0.50923602479029,AC-gliosis-hypoxia
2531,cellranger-arc201_count_9b9f744826edc64cc288193e1d52754e#AACGCTAGTTAGAGGG-1,at10_1,0.06592186961830783,AC-gliosis-hypoxia
2532,cellranger-arc201_count_9b9f744826edc64cc288193e1d52754e#AATACCGGTTTGGGCG-1,at10_1,0.07271362146716766,OPC-NPC-like
2533,cellranger-arc201_count_9b9f744826edc64cc288193e1d52754e#ACGACAAAGTAGCGCC-1,at10_1,0.056075764118979625,OPC-NPC-like
2534,cellranger-arc201_count_9b9f744826edc64cc288193e1d52754e#AGCAACAAGGACCAGG-1,at10_1,0.0665338470739329,OPC-NPC-like
2535,cellranger-arc201_count_9b9f744826edc64cc288193e1d52754e#AGCTATATCCATAAGC-1,at10_1,0.05353084527930436,OPC-NPC-like
2536,cellranger-arc201_count_9b9f744826edc64cc288193e1d52754e#AGCTTAATCTTTAAGG-1,at10_1,0.04668697988293865,OPC-NPC-like
2537,cellranger-arc201_count_9b9f744826edc64cc288193e1d52754e#ATTAGCTCAGGCCAAA-1,at10_1,0.027122571321273742,OPC-NPC-like
2538,cellranger-arc201_count_9b9f744826edc64cc288193e1d52754e#ATTGGTTCATGCAACC-1,at10_1,0.04255310248333409,OPC-NPC-like
2539,cellranger-arc201_count_9b9f744826edc64cc288193e1d52754e#CAGGTCCAGAGAGCCG-1,at10_1,0.04948127391514674,OPC-NPC-like
2540,cellranger-arc201_count_9b9f744826edc64cc288193e1d52754e#CATTTGTTCATGGTTA-1,at10_1,0.05339853241373212,OPC-NPC-like
2541,cellranger-arc201_count_9b9f744826edc64cc288193e1d52754e#CCTGCTCCAGTAGGAT-1,at10_1,0.05475039417004274,OPC-NPC-like
2542,cellranger-arc201_count_9b9f744826edc64cc288193e1d52754e#CGCCACACATTAAGTC-1,at10_1,0.05977627842686302,OPC-NPC-like
2543,cellranger-arc201_count_9b9f744826edc64cc288193e1d52754e#CTGATCACACAGACTC-1,at10_1,0.06884421666687304,OPC-NPC-like
2544,cellranger-arc201_count_9b9f744826edc64cc288193e1d52754e#CTGCTCCCAGGCTACT-1,at10_1,0.034575163602049694,OPC-NPC-like
2545,cellranger-arc201_count_9b9f744826edc64cc288193e1d52754e#GAGCGATAGTAGCTTA-1,at10_1,0.07449471871620507,OPC-NPC-like
2546,cellranger-arc201_count_9b9f744826edc64cc288193e1d52754e#GAGCTGCTCACGCGGT-1,at10_1,0.057617335336659685,OPC-NPC-like
2547,cellranger-arc201_count_9b9f744826edc64cc288193e1d52754e#GATTACTCACTTAACG-1,at10_1,0.054723575217386126,OPC-NPC-like
2548,cellranger-arc201_count_9b9f744826edc64cc288193e1d52754e#GATTGCGTCCCTCGCA-1,at10_1,0.04980875330382803,OPC-NPC-like
2549,cellranger-arc201_count_9b9f744826edc64cc288193e1d52754e#GCAGGTTGTCACAGCG-1,at10_1,0.046631789777666285,OPC-NPC-like
2550,cellranger-arc201_count_9b9f744826edc64cc288193e1d52754e#GTCATGCCACATACTG-1,at10_1,0.06078883484054386,OPC-NPC-like
2551,cellranger-arc201_count_9b9f744826edc64cc288193e1d52754e#GTGCTCCGTGCTCCAC-1,at10_1,0.07242049233318672,AC-gliosis-hypoxia
2552,cellranger-arc201_count_9b9f744826edc64cc288193e1d52754e#GTTCTCATCGGTTAGT-1,at10_1,0.058282011024977,OPC-NPC-like
2553,cellranger-arc201_count_9b9f744826edc64cc288193e1d52754e#TAAGGACCAGTTTGTG-1,at10_1,0.04755380351391203,OPC-NPC-like
2554,cellranger-arc201_count_9b9f744826edc64cc288193e1d52754e#TATGAAGCAGAAACGT-1,at10_1,0.04596791455121128,OPC-NPC-like
2555,cellranger-arc201_count_9b9f744826edc64cc288193e1d52754e#TCAACAATCTCACTCA-1,at10_1,0.04889237760330818,OPC-NPC-like
2556,cellranger-arc201_count_9b9f744826edc64cc288193e1d52754e#TCATTGTTCGATATTG-1,at10_1,0.059102192091260004,OPC-NPC-like
2557,cellranger-arc201_count_9b9f744826edc64cc288193e1d52754e#TGAGGGAGTTCCTGTG-1,at10_1,0.02896902106096598,OPC-NPC-like
2558,cellranger-arc201_count_9b9f744826edc64cc288193e1d52754e#TGATTCAAGGAATAAC-1,at10_1,0.053601947174292015,OPC-NPC-like
2559,cellranger-arc201_count_9b9f744826edc64cc288193e1d52754e#TGTAATGTCCCTCGCA-1,at10_1,0.05011488472266819,OPC-NPC-like
2560,cellranger-arc201_count_9b9f744826edc64cc288193e1d52754e#TTGGAGGCAAGCTTAT-1,at10_1,0.05806126452496344,OPC-NPC-like
2561,cellranger-arc201_count_9b9f744826edc64cc288193e1d52754e#TTTGACCGTCCAAATG-1,at10_1,0.04885218049674394,OPC-NPC-like
2562,cellranger-arc201_count_877c4ccf6b72738da66f3017a5f79449#AAGTTTGTCATGCCTC-1,at10_1,0.055556243488721284,OPC-NPC-like
2563,cellranger-arc201_count_877c4ccf6b72738da66f3017a5f79449#AATATCCCAGTGAACG-1,at10_1,0.045892002924511774,OPC-NPC-like
2564,cellranger-arc201_count_877c4ccf6b72738da66f3017a5f79449#AATCCCTGTGTTAGCA-1,at10_1,0.0688255485041362,OPC-NPC-like
2565,cellranger-arc201_count_877c4ccf6b72738da66f3017a5f79449#ACAGGATCATGCTTAG-1,at10_1,0.03285074601340236,OPC-NPC-like
2566,cellranger-arc201_count_877c4ccf6b72738da66f3017a5f79449#AGACTATGTGAGAAAC-1,at10_1,0.033560797448506235,OPC-NPC-like
2567,cellranger-arc201_count_877c4ccf6b72738da66f3017a5f79449#AGGAACGGTGTTTGCT-1,at10_1,0.05580903630537932,OPC-NPC-like
2568,cellranger-arc201_count_877c4ccf6b72738da66f3017a5f79449#AGTACGCGTTGAATCG-1,at10_1,0.05857090815189456,OPC-NPC-like
2569,cellranger-arc201_count_877c4ccf6b72738da66f3017a5f79449#AGTCAGGCACACTAAT-1,at10_1,0.0349144062998381,OPC-NPC-like
2570,cellranger-arc201_count_877c4ccf6b72738da66f3017a5f79449#ATAATGGCATATAACC-1,at10_1,0.04872025046075803,OPC-NPC-like
2571,cellranger-arc201_count_877c4ccf6b72738da66f3017a5f79449#ATTACGTCAGGCATGA-1,at10_1,0.4550169424017644,OPC-NPC-like
2572,cellranger-arc201_count_877c4ccf6b72738da66f3017a5f79449#ATTCGTTTCAGGTTTA-1,at10_1,0.03178210854559372,OPC-NPC-like
2573,cellranger-arc201_count_877c4ccf6b72738da66f3017a5f79449#ATTTGCGCAGAACCGA-1,at10_1,0.03468146493736557,OPC-NPC-like
2574,cellranger-arc201_count_877c4ccf6b72738da66f3017a5f79449#CAAGGTTTCAAGCGCC-1,at10_1,0.055541334016468366,OPC-NPC-like
2575,cellranger-arc201_count_877c4ccf6b72738da66f3017a5f79449#CAGCTAAGTAATCGCA-1,at10_1,0.042621900440265856,AC-gliosis-hypoxia
2576,cellranger-arc201_count_877c4ccf6b72738da66f3017a5f79449#CATCAGCCAGGCCTTG-1,at10_1,0.0732421977572771,OPC-NPC-like
2577,cellranger-arc201_count_877c4ccf6b72738da66f3017a5f79449#CCCTTAATCGAGCTAT-1,at10_1,0.05422964152457025,OPC-NPC-like
2578,cellranger-arc201_count_877c4ccf6b72738da66f3017a5f79449#CCTAATCGTATTTGGG-1,at10_1,0.031467095480350794,OPC-NPC-like
2579,cellranger-arc201_count_877c4ccf6b72738da66f3017a5f79449#CGACCTGCAAGATTCT-1,at10_1,0.07031043310088826,OPC-NPC-like
2580,cellranger-arc201_count_877c4ccf6b72738da66f3017a5f79449#CGTCATTGTTCCTGAT-1,at10_1,0.06643678237245439,OPC-NPC-like
2581,cellranger-arc201_count_877c4ccf6b72738da66f3017a5f79449#CTCTAGCTCCAGGTTG-1,at10_1,0.06529714045718915,OPC-NPC-like
2582,cellranger-arc201_count_877c4ccf6b72738da66f3017a5f79449#CTTGTAAAGTAAGAAC-1,at10_1,0.03505940822606257,OPC-NPC-like
2583,cellranger-arc201_count_877c4ccf6b72738da66f3017a5f79449#GAAGCTAAGCCACATG-1,at10_1,0.05870984744957922,OPC-NPC-like
2584,cellranger-arc201_count_877c4ccf6b72738da66f3017a5f79449#GAGTCATTCCTCCCTC-1,at10_1,0.06645865238264051,OPC-NPC-like
2585,cellranger-arc201_count_877c4ccf6b72738da66f3017a5f79449#GCAATAGAGTGAGAGC-1,at10_1,0.2701663819841455,OPC-NPC-like
2586,cellranger-arc201_count_877c4ccf6b72738da66f3017a5f79449#GGCATTGTCAATGACC-1,at10_1,0.05171798709567775,OPC-NPC-like
2587,cellranger-arc201_count_877c4ccf6b72738da66f3017a5f79449#GGCCTTAAGCATTTCT-1,at10_1,0.03509193481982442,OPC-NPC-like
2588,cellranger-arc201_count_877c4ccf6b72738da66f3017a5f79449#GGCGGTTTCCGCCAAA-1,at10_1,0.05508946285438283,OPC-NPC-like
2589,cellranger-arc201_count_877c4ccf6b72738da66f3017a5f79449#GGTCGGTTCCGCATGA-1,at10_1,0.05440815148040514,OPC-NPC-like
2590,cellranger-arc201_count_877c4ccf6b72738da66f3017a5f79449#GTAAGCTTCCTTTACG-1,at10_1,0.04574316574188612,OPC-NPC-like
2591,cellranger-arc201_count_877c4ccf6b72738da66f3017a5f79449#GTTACGTAGCTGTAAC-1,at10_1,0.062145582894483596,OPC-NPC-like
2592,cellranger-arc201_count_877c4ccf6b72738da66f3017a5f79449#GTTCATTTCATGAAGG-1,at10_1,0.05434572241568225,OPC-NPC-like
2593,cellranger-arc201_count_877c4ccf6b72738da66f3017a5f79449#GTTCTCATCAAACACC-1,at10_1,0.05609378495168869,OPC-NPC-like
2594,cellranger-arc201_count_877c4ccf6b72738da66f3017a5f79449#TAAGCCTAGACACCGC-1,at10_1,0.040223396516015496,OPC-NPC-like
2595,cellranger-arc201_count_877c4ccf6b72738da66f3017a5f79449#TAAGCTATCCCGTTGT-1,at10_1,0.05131854270530509,OPC-NPC-like
2596,cellranger-arc201_count_877c4ccf6b72738da66f3017a5f79449#TAAGGCTTCATTAGTG-1,at10_1,0.07128930747151033,AC-gliosis-hypoxia
2597,cellranger-arc201_count_877c4ccf6b72738da66f3017a5f79449#TAGGTGCGTATTACCC-1,at10_1,0.040961060405100384,AC-gliosis-hypoxia
2598,cellranger-arc201_count_877c4ccf6b72738da66f3017a5f79449#TAGTAAGCAAAGCTAA-1,at10_1,0.05179963420563421,OPC-NPC-like
2599,cellranger-arc201_count_877c4ccf6b72738da66f3017a5f79449#TAGTAGGAGGTTAGAG-1,at10_1,0.046183419766161145,OPC-NPC-like
2600,cellranger-arc201_count_877c4ccf6b72738da66f3017a5f79449#TATGACTCAAACCTAT-1,at10_1,0.04754879192660012,OPC-NPC-like
2601,cellranger-arc201_count_877c4ccf6b72738da66f3017a5f79449#TGATGATGTGTGCAAC-1,at10_1,0.056476356998111266,AC-gliosis-hypoxia
2602,cellranger-arc201_count_877c4ccf6b72738da66f3017a5f79449#TGCCATTGTCGAAGTC-1,at10_1,0.06878088969275678,OPC-NPC-like
2603,cellranger-arc201_count_877c4ccf6b72738da66f3017a5f79449#TGCTCACTCATCCTCA-1,at10_1,0.03692264678324969,OPC-NPC-like
2604,cellranger-arc201_count_877c4ccf6b72738da66f3017a5f79449#TTAAGGTGTTGCAATG-1,at10_1,0.0416594877418558,OPC-NPC-like
2605,cellranger-arc201_count_877c4ccf6b72738da66f3017a5f79449#TTCGTGCTCAAGCGCC-1,at10_1,0.05213220174754467,OPC-NPC-like
2606,cellranger-arc201_count_877c4ccf6b72738da66f3017a5f79449#TTTAAGGTCTTAATGG-1,at10_1,0.06996175887420036,OPC-NPC-like
2607,cellranger-arc201_count_877c4ccf6b72738da66f3017a5f79449#TTTGCGGAGGAAGCAC-1,at10_1,0.05292753369340614,OPC-NPC-like
2608,cellranger-arc201_count_651c086adc1acf13d5493f979b7a6fc4#AACCTTGCAACACCTA-1,at10_1,0.050145907840236474,OPC-NPC-like
2609,cellranger-arc201_count_651c086adc1acf13d5493f979b7a6fc4#ACCTGGTCACCTGGTG-1,at10_1,0.05283789588590236,OPC-NPC-like
2610,cellranger-arc201_count_651c086adc1acf13d5493f979b7a6fc4#CATTGTGCACAACCTA-1,at10_1,0.2544165222233236,AC-gliosis-hypoxia
2611,cellranger-arc201_count_651c086adc1acf13d5493f979b7a6fc4#CGTAGCGGTCCGCTGT-1,at10_1,0.05493620573016957,OPC-NPC-like
2612,cellranger-arc201_count_651c086adc1acf13d5493f979b7a6fc4#GAGGTTAAGCCACATG-1,at10_1,0.048900952986041885,OPC-NPC-like
2613,cellranger-arc201_count_651c086adc1acf13d5493f979b7a6fc4#GATTGGTTCCGGAACC-1,at10_1,0.05982827364522404,OPC-NPC-like
2614,cellranger-arc201_count_651c086adc1acf13d5493f979b7a6fc4#GCACGAACAAGGATTA-1,at10_1,0.07373660476667243,OPC-NPC-like
2615,cellranger-arc201_count_651c086adc1acf13d5493f979b7a6fc4#GGTGAGCCACGAACAG-1,at10_1,0.05635763110258464,OPC-NPC-like
2616,cellranger-arc201_count_651c086adc1acf13d5493f979b7a6fc4#TGCGGTTCAGCAATAA-1,at10_1,0.05670063249085697,OPC-NPC-like
2617,cellranger-arc201_count_651c086adc1acf13d5493f979b7a6fc4#TTAAAGGCACCTATAG-1,at10_1,0.060496568813266635,OPC-NPC-like
2618,cellranger-arc201_count_651c086adc1acf13d5493f979b7a6fc4#TTGGATATCCGTTATT-1,at10_1,0.05655512940590131,OPC-NPC-like
2619,cellranger-arc201_count_2f9565d51b615c158b1a36debec1ec4b#ACCTTCCAGTACTGGT-1,at10_1,0.00513941411077976,AC-gliosis-hypoxia
2620,cellranger-arc201_count_2f9565d51b615c158b1a36debec1ec4b#AGCACTAGTCCGCTGT-1,at10_1,0.02002061265861387,OPC-NPC-like
2621,cellranger-arc201_count_2f9565d51b615c158b1a36debec1ec4b#AGCATTTCAGGAACCA-1,at10_1,0.045990731194556315,AC-gliosis-hypoxia
2622,cellranger-arc201_count_2f9565d51b615c158b1a36debec1ec4b#ATAAGCCTCTGTAAGC-1,at10_1,0.03824456430537169,OPC-NPC-like
2623,cellranger-arc201_count_2f9565d51b615c158b1a36debec1ec4b#CAGGGCTTCTTGACCC-1,at10_1,0.03859105292314855,OPC-NPC-like
2624,cellranger-arc201_count_2f9565d51b615c158b1a36debec1ec4b#CCTCAAACAAAGCGGC-1,at10_1,0.0030335137998963807,AC-gliosis-hypoxia
2625,cellranger-arc201_count_2f9565d51b615c158b1a36debec1ec4b#CGAGGCAAGGAGGACT-1,at10_1,0.06621784561230346,OPC-NPC-like
2626,cellranger-arc201_count_2f9565d51b615c158b1a36debec1ec4b#CGTACGGGTCACAGCG-1,at10_1,0.008136419889216496,AC-gliosis-hypoxia
2627,cellranger-arc201_count_2f9565d51b615c158b1a36debec1ec4b#CGTCCTAGTCAAACTG-1,at10_1,0.0555943802760573,OPC-NPC-like
2628,cellranger-arc201_count_2f9565d51b615c158b1a36debec1ec4b#CTAACCTGTGTCCAAA-1,at10_1,0.058640938124040504,OPC-NPC-like
2629,cellranger-arc201_count_2f9565d51b615c158b1a36debec1ec4b#CTGGTAAGTTATGTGG-1,at10_1,0.04785944073455893,OPC-NPC-like
2630,cellranger-arc201_count_2f9565d51b615c158b1a36debec1ec4b#CTTTATCAGCTGAGGG-1,at10_1,0.030641659207928232,OPC-NPC-like
2631,cellranger-arc201_count_2f9565d51b615c158b1a36debec1ec4b#GACGTAAAGCGAGGTG-1,at10_1,0.028650576450521992,OPC-NPC-like
2632,cellranger-arc201_count_2f9565d51b615c158b1a36debec1ec4b#GAGGTGAGTTTCCGGC-1,at10_1,0.059755877090180806,OPC-NPC-like
2633,cellranger-arc201_count_2f9565d51b615c158b1a36debec1ec4b#GCAGGCAAGGCTACAT-1,at10_1,0.060936098941596614,OPC-NPC-like
2634,cellranger-arc201_count_2f9565d51b615c158b1a36debec1ec4b#GCTCTGTTCTTAGTGA-1,at10_1,0.07318862945734317,OPC-NPC-like
2635,cellranger-arc201_count_2f9565d51b615c158b1a36debec1ec4b#GGCTTAAGTTAAATGC-1,at10_1,0.06372728161334856,OPC-NPC-like
2636,cellranger-arc201_count_2f9565d51b615c158b1a36debec1ec4b#GGTTTAATCCGCAAAT-1,at10_1,0.01922506841634544,AC-gliosis-hypoxia
2637,cellranger-arc201_count_2f9565d51b615c158b1a36debec1ec4b#GTTCTTGTCAAACTCA-1,at10_1,0.029533430200355527,AC-gliosis-hypoxia
2638,cellranger-arc201_count_2f9565d51b615c158b1a36debec1ec4b#GTTCTTGTCAAGCCTG-1,at10_1,0.03935131071836461,OPC-NPC-like
2639,cellranger-arc201_count_2f9565d51b615c158b1a36debec1ec4b#TAGCCTGAGTTGTCCC-1,at10_1,0.061861446775512356,OPC-NPC-like
2640,cellranger-arc201_count_2f9565d51b615c158b1a36debec1ec4b#TAGGCTAGTCATTGTC-1,at10_1,0.03626308012977533,OPC-NPC-like
2641,cellranger-arc201_count_2f9565d51b615c158b1a36debec1ec4b#TCCTCTAAGTCACTAA-1,at10_1,0.035093591427852525,OPC-NPC-like
2642,cellranger-arc201_count_a166708bcbeb284b79da9df9facb9573#AGGTAACCAGGAACTG-1,at10_1,0.056294979300647884,OPC-NPC-like
2643,cellranger-arc201_count_a166708bcbeb284b79da9df9facb9573#ATACCTGCACAGCCTG-1,at10_1,0.02906946858388002,AC-gliosis-hypoxia
2644,cellranger-arc201_count_a166708bcbeb284b79da9df9facb9573#CAAGACAAGCTGTCAG-1,at10_1,0.03304540441724229,OPC-NPC-like
2645,cellranger-arc201_count_a166708bcbeb284b79da9df9facb9573#CCGTTATGTTTGGGCG-1,at10_1,0.056277083757621624,OPC-NPC-like
2646,cellranger-arc201_count_a166708bcbeb284b79da9df9facb9573#CCTTCAATCACAAGCT-1,at10_1,0.3107929258967141,AC-gliosis-hypoxia
2647,cellranger-arc201_count_a166708bcbeb284b79da9df9facb9573#CGAAGAATCCGCAAGC-1,at10_1,0.051548644168300885,OPC-NPC-like
2648,cellranger-arc201_count_a166708bcbeb284b79da9df9facb9573#CTCACTCAGGAGCATA-1,at10_1,0.019579050053207397,OPC-NPC-like
2649,cellranger-arc201_count_a166708bcbeb284b79da9df9facb9573#CTCTAGCTCCTTCTAG-1,at10_1,0.03407646194074958,OPC-NPC-like
2650,cellranger-arc201_count_a166708bcbeb284b79da9df9facb9573#GCTGACATCGCTATGG-1,at10_1,0.07498903523860727,AC-gliosis-hypoxia
2651,cellranger-arc201_count_a166708bcbeb284b79da9df9facb9573#GGCGGTAAGTTAACCA-1,at10_1,0.04847523256497138,OPC-NPC-like
2652,cellranger-arc201_count_a166708bcbeb284b79da9df9facb9573#GGCTCACAGGGACCTC-1,at10_1,0.03336432930480367,OPC-NPC-like
2653,cellranger-arc201_count_a166708bcbeb284b79da9df9facb9573#GTTAAGCTCCTGGTGA-1,at10_1,0.02790135110793005,OPC-NPC-like
2654,cellranger-arc201_count_a166708bcbeb284b79da9df9facb9573#TAATGGTGTAACGTGC-1,at10_1,0.060192727411406514,OPC-NPC-like
2655,cellranger-arc201_count_a166708bcbeb284b79da9df9facb9573#TACGGATTCCCTCACG-1,at10_1,0.06324279337050803,OPC-NPC-like
2656,cellranger-arc201_count_a166708bcbeb284b79da9df9facb9573#TCAGGTCCAATTGACT-1,at10_1,0.01382163762149036,OPC-NPC-like
2657,cellranger-arc201_count_a166708bcbeb284b79da9df9facb9573#TCCATAAAGTATTGTG-1,at10_1,0.02664498793206295,OPC-NPC-like
2658,cellranger-arc201_count_a166708bcbeb284b79da9df9facb9573#TCCGGTAAGAGAAGGG-1,at10_1,0.05107554336551907,OPC-NPC-like
2659,cellranger-arc201_count_a166708bcbeb284b79da9df9facb9573#TCCGGTTTCCTTAATC-1,at10_1,0.03869045636537261,OPC-NPC-like
2660,cellranger-arc201_count_a166708bcbeb284b79da9df9facb9573#TGATGAACACGAACAG-1,at10_1,0.04015056144708247,OPC-NPC-like
2661,cellranger-arc201_count_a166708bcbeb284b79da9df9facb9573#TGGCCTTTCGCTCCAT-1,at10_1,0.019736368651304664,AC-gliosis-hypoxia
2662,cellranger-arc201_count_a166708bcbeb284b79da9df9facb9573#TTCATCCCACATTGCA-1,at10_1,0.041785668373508895,OPC-NPC-like
2663,cellranger-arc201_count_a166708bcbeb284b79da9df9facb9573#TTTCGTCCATCGTTCT-1,at10_1,0.031020528248170358,OPC-NPC-like
2664,cellranger-arc201_count_2f9d72acefae69161ec2c2137f20c0cd#AACAAGCCAATACTGT-1,at10_1,0.046803937801830245,OPC-NPC-like
2665,cellranger-arc201_count_2f9d72acefae69161ec2c2137f20c0cd#AACCTAATCGTTTCCA-1,at10_1,0.06966795456803991,OPC-NPC-like
2666,cellranger-arc201_count_2f9d72acefae69161ec2c2137f20c0cd#AAGCCTGTCCGTAAAC-1,at10_1,0.04512367786583114,AC-gliosis-hypoxia
2667,cellranger-arc201_count_2f9d72acefae69161ec2c2137f20c0cd#AGAACCAAGTAGCCAT-1,at10_1,0.05251695244234035,OPC-NPC-like
2668,cellranger-arc201_count_2f9d72acefae69161ec2c2137f20c0cd#AGCGATTTCATGCGTG-1,at10_1,0.04546351220934386,OPC-NPC-like
2669,cellranger-arc201_count_2f9d72acefae69161ec2c2137f20c0cd#AGGTTAACATTAGCGC-1,at10_1,0.07087089561526969,OPC-NPC-like
2670,cellranger-arc201_count_2f9d72acefae69161ec2c2137f20c0cd#AGTGTTTCAGTAATAG-1,at10_1,0.04169952475604759,OPC-NPC-like
2671,cellranger-arc201_count_2f9d72acefae69161ec2c2137f20c0cd#ATATGTCCACATTGCA-1,at10_1,0.053389295779894756,OPC-NPC-like
2672,cellranger-arc201_count_2f9d72acefae69161ec2c2137f20c0cd#ATCGCCCGTCTCACTG-1,at10_1,0.05047362388720749,OPC-NPC-like
2673,cellranger-arc201_count_2f9d72acefae69161ec2c2137f20c0cd#ATTACCCGTTGGTTCT-1,at10_1,0.05931092470280087,OPC-NPC-like
2674,cellranger-arc201_count_2f9d72acefae69161ec2c2137f20c0cd#ATTGCTCGTTGGGTTA-1,at10_1,0.3454355788745641,AC-gliosis-hypoxia
2675,cellranger-arc201_count_2f9d72acefae69161ec2c2137f20c0cd#CAAGGCTGTATTGGAT-1,at10_1,0.05870681961557826,OPC-NPC-like
2676,cellranger-arc201_count_2f9d72acefae69161ec2c2137f20c0cd#CATTTGTTCATTGTCT-1,at10_1,0.057851362543049796,OPC-NPC-like
2677,cellranger-arc201_count_2f9d72acefae69161ec2c2137f20c0cd#CCATTGTGTTTGTCTA-1,at10_1,0.055914982653260586,OPC-NPC-like
2678,cellranger-arc201_count_2f9d72acefae69161ec2c2137f20c0cd#CCTTCGTAGCTCAATA-1,at10_1,0.04947156396472992,OPC-NPC-like
2679,cellranger-arc201_count_2f9d72acefae69161ec2c2137f20c0cd#CGAACCGGTCATGCCC-1,at10_1,0.06359513580068672,OPC-NPC-like
2680,cellranger-arc201_count_2f9d72acefae69161ec2c2137f20c0cd#CTACTTAGTGAACAAA-1,at10_1,0.05753203394428828,OPC-NPC-like
2681,cellranger-arc201_count_2f9d72acefae69161ec2c2137f20c0cd#GACTTACAGGCGCTAC-1,at10_1,0.0552037340056322,OPC-NPC-like
2682,cellranger-arc201_count_2f9d72acefae69161ec2c2137f20c0cd#GATAAAGGTTACTTCA-1,at10_1,0.032576681792820465,OPC-NPC-like
2683,cellranger-arc201_count_2f9d72acefae69161ec2c2137f20c0cd#GGATATTGTGATCATG-1,at10_1,0.03380456940800284,OPC-NPC-like
2684,cellranger-arc201_count_2f9d72acefae69161ec2c2137f20c0cd#GGTCCGTAGGGATTAG-1,at10_1,0.04304414755290769,OPC-NPC-like
2685,cellranger-arc201_count_2f9d72acefae69161ec2c2137f20c0cd#GTTCTCATCCTGCGAA-1,at10_1,0.04591463163333261,OPC-NPC-like
2686,cellranger-arc201_count_2f9d72acefae69161ec2c2137f20c0cd#TACCTCATCCAATAGC-1,at10_1,0.05110365001769335,OPC-NPC-like
2687,cellranger-arc201_count_2f9d72acefae69161ec2c2137f20c0cd#TCATTGTTCACGCGGT-1,at10_1,0.045944499301603985,OPC-NPC-like
2688,cellranger-arc201_count_2f9d72acefae69161ec2c2137f20c0cd#TGTTAGCAGGACCTGC-1,at10_1,0.04909220768683248,OPC-NPC-like
2689,cellranger-arc201_count_2f9d72acefae69161ec2c2137f20c0cd#TTCTTAGGTTTGTTGC-1,at10_1,0.060863570136332645,OPC-NPC-like
2690,cellranger-arc201_count_2f9d72acefae69161ec2c2137f20c0cd#TTTCTTGCAATTTAGC-1,at10_1,0.02823523419150989,AC-gliosis-hypoxia
2691,cellranger-arc201_count_0fb30af0fe36506de6b8a3b7f8b6b155#AAGTCTATCCACCTTA-1,at10_1,0.05891019957344849,OPC-NPC-like
2692,cellranger-arc201_count_0fb30af0fe36506de6b8a3b7f8b6b155#AGCTACGTCCCTGGAA-1,at10_1,0.059259966604591895,AC-gliosis-hypoxia
2693,cellranger-arc201_count_0fb30af0fe36506de6b8a3b7f8b6b155#ATCCATAAGCAGCTAT-1,at10_1,0.05413579259161688,OPC-NPC-like
2694,cellranger-arc201_count_0fb30af0fe36506de6b8a3b7f8b6b155#CACTTAAAGATAGACG-1,at10_1,0.05574093440224087,OPC-NPC-like
2695,cellranger-arc201_count_0fb30af0fe36506de6b8a3b7f8b6b155#CCTCAGTTCGCATCCT-1,at10_1,0.045892211740649766,OPC-NPC-like
2696,cellranger-arc201_count_0fb30af0fe36506de6b8a3b7f8b6b155#CGCATATAGACACTTA-1,at10_1,0.04561093640276908,OPC-NPC-like
2697,cellranger-arc201_count_0fb30af0fe36506de6b8a3b7f8b6b155#CTCAATAAGGAATAAC-1,at10_1,0.066036474875378,OPC-NPC-like
2698,cellranger-arc201_count_0fb30af0fe36506de6b8a3b7f8b6b155#GCTGATCCACTAAATC-1,at10_1,0.056068685251901555,OPC-NPC-like
2699,cellranger-arc201_count_0fb30af0fe36506de6b8a3b7f8b6b155#GGTGTTGTCTCACTAT-1,at10_1,0.05422010558760175,OPC-NPC-like
2700,cellranger-arc201_count_0fb30af0fe36506de6b8a3b7f8b6b155#TAACCGGTCACTAATG-1,at10_1,0.04265048040901959,OPC-NPC-like
2701,cellranger-arc201_count_0fb30af0fe36506de6b8a3b7f8b6b155#TCCGGAATCGTTTCTG-1,at10_1,0.03932074699629992,OPC-NPC-like
2702,cellranger-arc201_count_0fb30af0fe36506de6b8a3b7f8b6b155#TTCCCACAGGTGTTAC-1,at10_1,0.048762883755598896,AC-gliosis-hypoxia
2703,cellranger-arc201_count_1243e22655c16468279dae921b0de74a#AATGGCGCATCAGTAT-1,at10_1,0.03702424279492271,OPC-NPC-like
2704,cellranger-arc201_count_1243e22655c16468279dae921b0de74a#GATGCTTAGTCCTGAG-1,at10_1,0.007202131244325551,AC-gliosis-hypoxia
2705,cellranger-arc201_count_dae7bef086560538e47878293f38b2c6#TGGGCCTAGAACCTAC-1,at10_1,0.04657121221603363,OPC-NPC-like
2706,cellranger-arc201_count_e639e4f2fc11914d67363348c4a30ad1#AAGCCTTAGATAAAGC-1,at10_1,0.022140183465998053,OPC-NPC-like
2707,cellranger-arc201_count_e639e4f2fc11914d67363348c4a30ad1#AGCAACAAGGTATTGC-1,at10_1,0.04888009921439401,OPC-NPC-like
2708,cellranger-arc201_count_e639e4f2fc11914d67363348c4a30ad1#ATGTGAGAGTATTGCA-1,at10_1,0.027453879005818294,OPC-NPC-like
2709,cellranger-arc201_count_e639e4f2fc11914d67363348c4a30ad1#CATGCAAGTTTACTTG-1,at10_1,0.02775787353951296,OPC-NPC-like
2710,cellranger-arc201_count_e639e4f2fc11914d67363348c4a30ad1#CGCTTCTAGTGACCTG-1,at10_1,0.06851801105663353,OPC-NPC-like
2711,cellranger-arc201_count_e639e4f2fc11914d67363348c4a30ad1#CTGTACCTCTTAATGG-1,at10_1,0.08045948905322116,OPC-NPC-like
2712,cellranger-arc201_count_e639e4f2fc11914d67363348c4a30ad1#GCCTTAACATCCCTCA-1,at10_1,0.06635622806695345,OPC-NPC-like
2713,cellranger-arc201_count_e639e4f2fc11914d67363348c4a30ad1#GGTAGGAGTTACAAAC-1,at10_1,0.05092313542693368,OPC-NPC-like
2714,cellranger-arc201_count_e639e4f2fc11914d67363348c4a30ad1#TATTACCTCGAGGTGG-1,at10_1,0.045369795526611224,OPC-NPC-like
2715,cellranger-arc201_count_cc6a172022bb6226a2cf33e34090eaca#ACTTATGAGAACCTGT-1,at10_1,0.05642916455092416,OPC-NPC-like
2716,cellranger-arc201_count_cc6a172022bb6226a2cf33e34090eaca#ATCACTAAGTTAGGCT-1,at10_1,0.09555134828160362,AC-gliosis-hypoxia
2717,cellranger-arc201_count_cc6a172022bb6226a2cf33e34090eaca#CCTAAATCAGGCTACT-1,at10_1,0.06381537418143117,OPC-NPC-like
2718,cellranger-arc201_count_cc6a172022bb6226a2cf33e34090eaca#CGCGGATTCAATTACG-1,at10_1,0.05462124834923012,OPC-NPC-like
2719,cellranger-arc201_count_cc6a172022bb6226a2cf33e34090eaca#CGGAATCGTACCTTAC-1,at10_1,0.05897449406233748,OPC-NPC-like
2720,cellranger-arc201_count_cc6a172022bb6226a2cf33e34090eaca#CGGCTCACATGTCAGC-1,at10_1,0.054640682171139626,OPC-NPC-like
2721,cellranger-arc201_count_cc6a172022bb6226a2cf33e34090eaca#GGACGGATCAGGAACA-1,at10_1,0.03629967167769017,OPC-NPC-like
2722,cellranger-arc201_count_cc6a172022bb6226a2cf33e34090eaca#GTTAGACTCGTCATTT-1,at10_1,0.05131887681112588,OPC-NPC-like
2723,cellranger-arc201_count_cc6a172022bb6226a2cf33e34090eaca#TGACTTAAGTAATCCA-1,at10_1,0.05934450233779063,OPC-NPC-like
2724,cellranger-arc201_count_cc6a172022bb6226a2cf33e34090eaca#TGCTTGCTCATTAGGC-1,at10_1,0.0630507312473172,OPC-NPC-like
2725,cellranger-arc201_count_cc6a172022bb6226a2cf33e34090eaca#TGTGATCAGTAACTCA-1,at10_1,0.023946815448443414,OPC-NPC-like
2726,cellranger-arc201_count_cc6a172022bb6226a2cf33e34090eaca#TTTCACCCAGAAACGT-1,at10_1,0.05560089533956278,OPC-NPC-like
2727,cellranger-arc201_count_3c475e5faf73bf8c98e14aeb2ca0ed42#AGCCAGTGTGTGAGAG-1,at10_1,0.0677473194150556,OPC-NPC-like
2728,cellranger-arc201_count_3c475e5faf73bf8c98e14aeb2ca0ed42#CAACTAATCGTACCGA-1,at10_1,0.06638400757384486,OPC-NPC-like
2729,cellranger-arc201_count_3c475e5faf73bf8c98e14aeb2ca0ed42#CCTTGTTCATAGACTT-1,at10_1,0.06010313136713032,OPC-NPC-like
2730,cellranger-arc201_count_3c475e5faf73bf8c98e14aeb2ca0ed42#CGATGTCCAAGCCAGA-1,at10_1,0.06667558450786669,OPC-NPC-like
2731,cellranger-arc201_count_3c475e5faf73bf8c98e14aeb2ca0ed42#GCTCAACCACATAACT-1,at10_1,0.06197717267918977,OPC-NPC-like
2732,cellranger-arc201_count_9b9f744826edc64cc288193e1d52754e#TGAAACTGTTTCGCCA-1,at10_1,0.03776359809472536,OPC-NPC-like
2733,cellranger-arc201_count_a166708bcbeb284b79da9df9facb9573#AATGCGCGTGAGGTAG-1,at10_1,0.03663346427427688,OPC-NPC-like
2734,cellranger-arc201_count_2f9d72acefae69161ec2c2137f20c0cd#GGTGCTGGTTAAGGCC-1,at10_1,0.0188649580258333,OPC-NPC-like
2735,cellranger-arc201_count_877c4ccf6b72738da66f3017a5f79449#TCCTGGTTCATTCATC-1,at10_1,0.34327344089744943,AC-gliosis-hypoxia
2736,cellranger-arc201_count_651c086adc1acf13d5493f979b7a6fc4#CTCCTCACATCGCTCC-1,at10_1,0.37298399590659115,AC-gliosis-hypoxia
2737,cellranger-arc201_count_651c086adc1acf13d5493f979b7a6fc4#GGTTCCCGTCACAAAT-1,at10_1,0.354444658805811,AC-gliosis-hypoxia
2738,cellranger-arc201_count_651c086adc1acf13d5493f979b7a6fc4#GTTAATGTCCGTCCAT-1,at10_1,0.2931521107166551,AC-gliosis-hypoxia
2739,cellranger-arc201_count_2f9565d51b615c158b1a36debec1ec4b#CCTGAGTCAGTTAGCC-1,at10_1,0.30345958155180974,AC-gliosis-hypoxia
2740,cellranger-arc201_count_2f9565d51b615c158b1a36debec1ec4b#CTTGGACCATGCAACC-1,at10_1,0.35658201726788347,AC-gliosis-hypoxia
2741,cellranger-arc201_count_2f9565d51b615c158b1a36debec1ec4b#GCATATATCCCGTTGT-1,at10_1,0.3536727073068671,AC-gliosis-hypoxia
2742,cellranger-arc201_count_a166708bcbeb284b79da9df9facb9573#CAATGAACAGTACCGT-1,at10_1,0.35678682413603,AC-gliosis-hypoxia
2743,cellranger-arc201_count_a166708bcbeb284b79da9df9facb9573#TTATCCGTCAGGAACA-1,at10_1,0.34744026948362977,AC-gliosis-hypoxia
2744,cellranger-arc201_count_2f9d72acefae69161ec2c2137f20c0cd#AGCTACGTCCTAATGA-1,at10_1,0.35061466457129414,AC-gliosis-hypoxia
2745,cellranger-arc201_count_2f9d72acefae69161ec2c2137f20c0cd#AGTAAACAGATGGAGC-1,at10_1,0.34248773537554966,AC-gliosis-hypoxia
2746,cellranger-arc201_count_2f9d72acefae69161ec2c2137f20c0cd#GCTTAAATCCCTTGCG-1,at10_1,0.28880631277913626,AC-gliosis-hypoxia
2747,cellranger-arc201_count_2f9d72acefae69161ec2c2137f20c0cd#TCGTTAAAGGGATGAC-1,at10_1,0.3458608677422827,AC-gliosis-hypoxia
2748,cellranger-arc201_count_0fb30af0fe36506de6b8a3b7f8b6b155#CTCCGTCCAAGGTACG-1,at10_1,0.24975337944035422,AC-gliosis-hypoxia
2749,cellranger-arc201_count_0fb30af0fe36506de6b8a3b7f8b6b155#GGGTTTGTCATCAGTA-1,at10_1,0.3810629252327484,AC-gliosis-hypoxia
2750,cellranger-arc201_count_0fb30af0fe36506de6b8a3b7f8b6b155#GGTTATGGTCCTTAGT-1,at10_1,0.3509035547376738,AC-gliosis-hypoxia
2751,cellranger-arc201_count_cc6a172022bb6226a2cf33e34090eaca#TGCACACCACCTCGCT-1,at10_1,0.36316969310507974,AC-gliosis-hypoxia
2752,cellranger-arc201_count_9b9f744826edc64cc288193e1d52754e#AAAGGAGCATAGACTT-1,at10_1,0.5752993255788627,AC-gliosis-hypoxia
2753,cellranger-arc201_count_9b9f744826edc64cc288193e1d52754e#AAGTTACGTTGCGCGA-1,at10_1,0.6231068058977501,AC-gliosis-hypoxia
2754,cellranger-arc201_count_9b9f744826edc64cc288193e1d52754e#AATGGCGCAGATTCAT-1,at10_1,0.7119359659465984,AC-gliosis-hypoxia
2755,cellranger-arc201_count_9b9f744826edc64cc288193e1d52754e#ACGCTTGAGCGCCTAA-1,at10_1,0.8543188366418615,AC-gliosis-hypoxia
2756,cellranger-arc201_count_9b9f744826edc64cc288193e1d52754e#ACGTCCTTCACCATTT-1,at10_1,0.8572951626620987,AC-gliosis-hypoxia
2757,cellranger-arc201_count_9b9f744826edc64cc288193e1d52754e#ACTAACCAGGAAGCTA-1,at10_1,0.3285756803663069,AC-gliosis-hypoxia
2758,cellranger-arc201_count_9b9f744826edc64cc288193e1d52754e#AGCGCTCAGTTACCGG-1,at10_1,0.8061804245074777,AC-gliosis-hypoxia
2759,cellranger-arc201_count_9b9f744826edc64cc288193e1d52754e#AGCTGCTCAACAACAA-1,at10_1,0.8553291726439416,AC-gliosis-hypoxia
2760,cellranger-arc201_count_9b9f744826edc64cc288193e1d52754e#AGGACTAAGGATTTGC-1,at10_1,0.8658280025879559,AC-gliosis-hypoxia
2761,cellranger-arc201_count_9b9f744826edc64cc288193e1d52754e#AGTGAACCAGGAATCG-1,at10_1,0.3949975880691981,AC-gliosis-hypoxia
2762,cellranger-arc201_count_9b9f744826edc64cc288193e1d52754e#ATAGGTACATCCGTAA-1,at10_1,0.8063971478165659,AC-gliosis-hypoxia
2763,cellranger-arc201_count_9b9f744826edc64cc288193e1d52754e#ATTGCACAGTTATGGC-1,at10_1,0.8303910130211688,AC-gliosis-hypoxia
2764,cellranger-arc201_count_9b9f744826edc64cc288193e1d52754e#ATTTAGCCAAACTGTT-1,at10_1,0.17129720280968797,AC-gliosis-hypoxia
2765,cellranger-arc201_count_9b9f744826edc64cc288193e1d52754e#CATCCTCAGTCATCCC-1,at10_1,0.8105643940350222,AC-gliosis-hypoxia
2766,cellranger-arc201_count_9b9f744826edc64cc288193e1d52754e#CATGCATAGCATGCAT-1,at10_1,0.7879029428437446,AC-gliosis-hypoxia
2767,cellranger-arc201_count_9b9f744826edc64cc288193e1d52754e#CATTCATTCAGGTCCA-1,at10_1,0.816819801633439,AC-gliosis-hypoxia
2768,cellranger-arc201_count_9b9f744826edc64cc288193e1d52754e#CCAAACTAGCATGTCG-1,at10_1,0.8005291916016627,AC-gliosis-hypoxia
2769,cellranger-arc201_count_9b9f744826edc64cc288193e1d52754e#CCATATTTCCAACTGG-1,at10_1,0.5959326430693155,AC-gliosis-hypoxia
2770,cellranger-arc201_count_9b9f744826edc64cc288193e1d52754e#CCTAAAGGTTGTTGCT-1,at10_1,0.6823532342560619,AC-gliosis-hypoxia
2771,cellranger-arc201_count_9b9f744826edc64cc288193e1d52754e#CCTGACTTCCTAGTTT-1,at10_1,0.6450278229058454,AC-gliosis-hypoxia
2772,cellranger-arc201_count_9b9f744826edc64cc288193e1d52754e#CGCTGTGCACTAAGAA-1,at10_1,0.5768579849171686,AC-gliosis-hypoxia
2773,cellranger-arc201_count_9b9f744826edc64cc288193e1d52754e#CGGTTTGAGACCATAC-1,at10_1,0.8000972484596799,AC-gliosis-hypoxia
2774,cellranger-arc201_count_9b9f744826edc64cc288193e1d52754e#CTAATGTCAGTTAGCC-1,at10_1,0.8000768680046115,AC-gliosis-hypoxia
2775,cellranger-arc201_count_9b9f744826edc64cc288193e1d52754e#CTAGATTCATGACTAT-1,at10_1,0.8581744734981241,AC-gliosis-hypoxia
2776,cellranger-arc201_count_9b9f744826edc64cc288193e1d52754e#CTATGAGGTTGGCCGA-1,at10_1,0.8533222546627374,AC-gliosis-hypoxia
2777,cellranger-arc201_count_9b9f744826edc64cc288193e1d52754e#CTTAGGAGTTGGTTAG-1,at10_1,0.8644167396009232,AC-gliosis-hypoxia
2778,cellranger-arc201_count_9b9f744826edc64cc288193e1d52754e#CTTGCGCGTGATGAGG-1,at10_1,0.5973079896806127,AC-gliosis-hypoxia
2779,cellranger-arc201_count_9b9f744826edc64cc288193e1d52754e#CTTGTCCAGTAACGGA-1,at10_1,0.5988732754510312,AC-gliosis-hypoxia
2780,cellranger-arc201_count_9b9f744826edc64cc288193e1d52754e#CTTTCTTGTGAGCACT-1,at10_1,0.86188828243346,AC-gliosis-hypoxia
2781,cellranger-arc201_count_9b9f744826edc64cc288193e1d52754e#GACCGTTCAACCTGGT-1,at10_1,0.3821457900400925,AC-gliosis-hypoxia
2782,cellranger-arc201_count_9b9f744826edc64cc288193e1d52754e#GACCTAGTCATGCTCC-1,at10_1,0.8567383196274425,AC-gliosis-hypoxia
2783,cellranger-arc201_count_9b9f744826edc64cc288193e1d52754e#GACTTAGGTTCATTTG-1,at10_1,0.5923236876774054,AC-gliosis-hypoxia
2784,cellranger-arc201_count_9b9f744826edc64cc288193e1d52754e#GATTACGGTACTTAGG-1,at10_1,0.3727155975638869,AC-gliosis-hypoxia
2785,cellranger-arc201_count_9b9f744826edc64cc288193e1d52754e#GATTTGCAGAGGGACT-1,at10_1,0.851129239739351,AC-gliosis-hypoxia
2786,cellranger-arc201_count_9b9f744826edc64cc288193e1d52754e#GCAGGACCACTAAGCC-1,at10_1,0.04586689626418672,AC-gliosis-hypoxia
2787,cellranger-arc201_count_9b9f744826edc64cc288193e1d52754e#GCGGTTATCCCTGGAA-1,at10_1,0.7024189059569864,AC-gliosis-hypoxia
2788,cellranger-arc201_count_9b9f744826edc64cc288193e1d52754e#GCTTCGCGTAAGCTTG-1,at10_1,0.8480395961615612,AC-gliosis-hypoxia
2789,cellranger-arc201_count_9b9f744826edc64cc288193e1d52754e#GGAATCTTCTTTAAGG-1,at10_1,0.04549212698078725,AC-gliosis-hypoxia
2790,cellranger-arc201_count_9b9f744826edc64cc288193e1d52754e#GGCGGTTTCAGTATTG-1,at10_1,0.8508143450032529,AC-gliosis-hypoxia
2791,cellranger-arc201_count_9b9f744826edc64cc288193e1d52754e#GGTAACTTCAGCCAAT-1,at10_1,0.055186395305640595,AC-gliosis-hypoxia
2792,cellranger-arc201_count_9b9f744826edc64cc288193e1d52754e#GGTATGTTCAGGTTTA-1,at10_1,0.5862324374056052,AC-gliosis-hypoxia
2793,cellranger-arc201_count_9b9f744826edc64cc288193e1d52754e#GTCATGAGTCTAGCTT-1,at10_1,0.8556630000432179,AC-gliosis-hypoxia
2794,cellranger-arc201_count_9b9f744826edc64cc288193e1d52754e#GTCTAACAGGTCCTGA-1,at10_1,0.03576520677248925,AC-gliosis-hypoxia
2795,cellranger-arc201_count_9b9f744826edc64cc288193e1d52754e#GTTCATTTCATGCCTC-1,at10_1,0.8175980454586746,AC-gliosis-hypoxia
2796,cellranger-arc201_count_9b9f744826edc64cc288193e1d52754e#TAAGCTGGTTGCACAA-1,at10_1,0.8553935993830514,AC-gliosis-hypoxia
2797,cellranger-arc201_count_9b9f744826edc64cc288193e1d52754e#TACCTCATCGGTCATG-1,at10_1,0.4087336528373376,AC-gliosis-hypoxia
2798,cellranger-arc201_count_9b9f744826edc64cc288193e1d52754e#TAGGGTTTCATCCTGC-1,at10_1,0.8536609265964152,AC-gliosis-hypoxia
2799,cellranger-arc201_count_9b9f744826edc64cc288193e1d52754e#TAGGTTATCGGTTACG-1,at10_1,0.8375263439829495,AC-gliosis-hypoxia
2800,cellranger-arc201_count_9b9f744826edc64cc288193e1d52754e#TAGGTTGGTCCGGTTC-1,at10_1,0.396641611444717,AC-gliosis-hypoxia
2801,cellranger-arc201_count_9b9f744826edc64cc288193e1d52754e#TCACCTGGTTTGTCTA-1,at10_1,0.600471247907584,AC-gliosis-hypoxia
2802,cellranger-arc201_count_9b9f744826edc64cc288193e1d52754e#TCATTGTTCCCTGGAA-1,at10_1,0.8385924199727987,AC-gliosis-hypoxia
2803,cellranger-arc201_count_9b9f744826edc64cc288193e1d52754e#TCGCTAACAGGCTTCG-1,at10_1,0.8262177528979382,AC-gliosis-hypoxia
2804,cellranger-arc201_count_9b9f744826edc64cc288193e1d52754e#TCTAATCTCCCTGGAA-1,at10_1,0.17718256036942412,AC-gliosis-hypoxia
2805,cellranger-arc201_count_9b9f744826edc64cc288193e1d52754e#TGACCTTGTTAGCGTA-1,at10_1,0.38923832761465976,AC-gliosis-hypoxia
2806,cellranger-arc201_count_9b9f744826edc64cc288193e1d52754e#TGCTAACAGGGCCATC-1,at10_1,0.8071594659310102,AC-gliosis-hypoxia
2807,cellranger-arc201_count_9b9f744826edc64cc288193e1d52754e#TGGCTAAGTCCAAATG-1,at10_1,0.010687996483424868,AC-gliosis-hypoxia
2808,cellranger-arc201_count_9b9f744826edc64cc288193e1d52754e#TGTATCCGTCACGAAC-1,at10_1,0.8389191197812315,AC-gliosis-hypoxia
2809,cellranger-arc201_count_9b9f744826edc64cc288193e1d52754e#TGTGAAACATAAGTCT-1,at10_1,0.4472620121953218,AC-gliosis-hypoxia
2810,cellranger-arc201_count_9b9f744826edc64cc288193e1d52754e#TGTTACTTCGCCTAAG-1,at10_1,0.642578159027786,AC-gliosis-hypoxia
2811,cellranger-arc201_count_9b9f744826edc64cc288193e1d52754e#TTAAAGGCAGCTTAGC-1,at10_1,0.835221626346811,AC-gliosis-hypoxia
2812,cellranger-arc201_count_9b9f744826edc64cc288193e1d52754e#TTCGGTACATGGTTAT-1,at10_1,0.45802885069191607,AC-gliosis-hypoxia
2813,cellranger-arc201_count_9b9f744826edc64cc288193e1d52754e#TTGGCTTGTTGGTGAC-1,at10_1,0.5922422215414352,AC-gliosis-hypoxia
2814,cellranger-arc201_count_9b9f744826edc64cc288193e1d52754e#TTTAACCTCATTAGGC-1,at10_1,0.8310907976628212,AC-gliosis-hypoxia
2815,cellranger-arc201_count_9b9f744826edc64cc288193e1d52754e#TTTAACCTCTATGACA-1,at10_1,0.36626317889980853,AC-gliosis-hypoxia
2816,cellranger-arc201_count_9b9f744826edc64cc288193e1d52754e#TTTAGCAAGGTGAGAC-1,at10_1,0.583398551833633,AC-gliosis-hypoxia
2817,cellranger-arc201_count_9b9f744826edc64cc288193e1d52754e#TTTGCGACAAGGTGCA-1,at10_1,0.8447646909061414,AC-gliosis-hypoxia
2818,cellranger-arc201_count_9b9f744826edc64cc288193e1d52754e#TTTGGTGCATAATTGC-1,at10_1,0.849457819686527,AC-gliosis-hypoxia
2819,cellranger-arc201_count_877c4ccf6b72738da66f3017a5f79449#AAACCAACATTCAGCA-1,at10_1,0.793523605066957,AC-gliosis-hypoxia
2820,cellranger-arc201_count_877c4ccf6b72738da66f3017a5f79449#AAATGGCCATTGCAGC-1,at10_1,0.13802051363800122,AC-gliosis-hypoxia
2821,cellranger-arc201_count_877c4ccf6b72738da66f3017a5f79449#AAGCCTCCAGTAAAGC-1,at10_1,0.8230379564328376,AC-gliosis-hypoxia
2822,cellranger-arc201_count_877c4ccf6b72738da66f3017a5f79449#ACGTTGTAGTCACGAT-1,at10_1,0.8112707494244836,AC-gliosis-hypoxia
2823,cellranger-arc201_count_877c4ccf6b72738da66f3017a5f79449#ACTCACCTCCGCAAAT-1,at10_1,0.44423389977286165,AC-gliosis-hypoxia
2824,cellranger-arc201_count_877c4ccf6b72738da66f3017a5f79449#ATAGGTACAGGCTTGT-1,at10_1,0.8294559621973742,AC-gliosis-hypoxia
2825,cellranger-arc201_count_877c4ccf6b72738da66f3017a5f79449#ATGCTTAAGCGGATTT-1,at10_1,0.8373832910073461,AC-gliosis-hypoxia
2826,cellranger-arc201_count_877c4ccf6b72738da66f3017a5f79449#ATTAACCCAGGTTTGC-1,at10_1,0.006793265765860298,AC-gliosis-hypoxia
2827,cellranger-arc201_count_877c4ccf6b72738da66f3017a5f79449#ATTACTGAGGCCAATT-1,at10_1,0.8455294591299382,AC-gliosis-hypoxia
2828,cellranger-arc201_count_877c4ccf6b72738da66f3017a5f79449#ATTCAACCAAACTGTT-1,at10_1,0.8101115692792399,AC-gliosis-hypoxia
2829,cellranger-arc201_count_877c4ccf6b72738da66f3017a5f79449#ATTGAAGCAGAGGCTA-1,at10_1,0.0352098950561784,AC-gliosis-hypoxia
2830,cellranger-arc201_count_877c4ccf6b72738da66f3017a5f79449#CACCTGTTCCGGTTAG-1,at10_1,0.859012912055406,AC-gliosis-hypoxia
2831,cellranger-arc201_count_877c4ccf6b72738da66f3017a5f79449#CAGGTTTAGGAACCGG-1,at10_1,0.5446849864823221,AC-gliosis-hypoxia
2832,cellranger-arc201_count_877c4ccf6b72738da66f3017a5f79449#CATCAGCCAGGCTTCG-1,at10_1,0.19084210098352614,AC-gliosis-hypoxia
2833,cellranger-arc201_count_877c4ccf6b72738da66f3017a5f79449#CATTGTGCAGTTAGCC-1,at10_1,0.8283247912567736,AC-gliosis-hypoxia
2834,cellranger-arc201_count_877c4ccf6b72738da66f3017a5f79449#CCATAATCAAAGCGGC-1,at10_1,0.4279069000487704,AC-gliosis-hypoxia
2835,cellranger-arc201_count_877c4ccf6b72738da66f3017a5f79449#CCCAGTTTCGTAACGT-1,at10_1,0.8066074674307556,AC-gliosis-hypoxia
2836,cellranger-arc201_count_877c4ccf6b72738da66f3017a5f79449#CCGACAGGTCCTAATC-1,at10_1,0.8118553232422656,AC-gliosis-hypoxia
2837,cellranger-arc201_count_877c4ccf6b72738da66f3017a5f79449#CCGACAGGTTTGTGGA-1,at10_1,0.85054371928841,AC-gliosis-hypoxia
2838,cellranger-arc201_count_877c4ccf6b72738da66f3017a5f79449#CGTAACTAGCAGGCCT-1,at10_1,0.6999571585850749,AC-gliosis-hypoxia
2839,cellranger-arc201_count_877c4ccf6b72738da66f3017a5f79449#CTATGTTTCGCCTAAG-1,at10_1,0.856772955264198,AC-gliosis-hypoxia
2840,cellranger-arc201_count_877c4ccf6b72738da66f3017a5f79449#CTCATTTAGCCTCTGT-1,at10_1,0.596249041281607,AC-gliosis-hypoxia
2841,cellranger-arc201_count_877c4ccf6b72738da66f3017a5f79449#CTCCTCACAGTACCGT-1,at10_1,0.19287448061249002,AC-gliosis-hypoxia
2842,cellranger-arc201_count_877c4ccf6b72738da66f3017a5f79449#CTCTATGTCTTGATGA-1,at10_1,0.6176199530557656,AC-gliosis-hypoxia
2843,cellranger-arc201_count_877c4ccf6b72738da66f3017a5f79449#GCCACTAAGGGACCTC-1,at10_1,0.8482398369168236,AC-gliosis-hypoxia
2844,cellranger-arc201_count_877c4ccf6b72738da66f3017a5f79449#GCCTTAACATAGACCC-1,at10_1,0.30462678023675255,AC-gliosis-hypoxia
2845,cellranger-arc201_count_877c4ccf6b72738da66f3017a5f79449#GCTGCACAGCTCCTAC-1,at10_1,0.6917034083881874,AC-gliosis-hypoxia
2846,cellranger-arc201_count_877c4ccf6b72738da66f3017a5f79449#GGAACCACAAGCTTTG-1,at10_1,0.8406144284002421,AC-gliosis-hypoxia
2847,cellranger-arc201_count_877c4ccf6b72738da66f3017a5f79449#GGAACCACACATTAAC-1,at10_1,0.57708311655608,AC-gliosis-hypoxia
2848,cellranger-arc201_count_877c4ccf6b72738da66f3017a5f79449#GGATTATGTCACAGCG-1,at10_1,0.8334937980945764,AC-gliosis-hypoxia
2849,cellranger-arc201_count_877c4ccf6b72738da66f3017a5f79449#GGCTGGTTCTCACACC-1,at10_1,0.5728969376744454,AC-gliosis-hypoxia
2850,cellranger-arc201_count_877c4ccf6b72738da66f3017a5f79449#GGTCCGTAGGACAACA-1,at10_1,0.825916946290617,AC-gliosis-hypoxia
2851,cellranger-arc201_count_877c4ccf6b72738da66f3017a5f79449#GTATCGCCAGCACCAT-1,at10_1,0.5893093849622048,AC-gliosis-hypoxia
2852,cellranger-arc201_count_877c4ccf6b72738da66f3017a5f79449#GTCAATATCCTGAGTG-1,at10_1,0.6924187846348103,AC-gliosis-hypoxia
2853,cellranger-arc201_count_877c4ccf6b72738da66f3017a5f79449#GTCAGGCTCTTAGTGA-1,at10_1,0.5870509409822462,AC-gliosis-hypoxia
2854,cellranger-arc201_count_877c4ccf6b72738da66f3017a5f79449#GTGCTTCTCTCAATGA-1,at10_1,0.7034188289943184,AC-gliosis-hypoxia
2855,cellranger-arc201_count_877c4ccf6b72738da66f3017a5f79449#TAACCTAAGGCTAAGA-1,at10_1,0.808962300940013,AC-gliosis-hypoxia
2856,cellranger-arc201_count_877c4ccf6b72738da66f3017a5f79449#TACCGCAAGGCATTGT-1,at10_1,0.44649100732953695,AC-gliosis-hypoxia
2857,cellranger-arc201_count_877c4ccf6b72738da66f3017a5f79449#TAGGTGCGTATTCGTC-1,at10_1,0.8276061296362465,AC-gliosis-hypoxia
2858,cellranger-arc201_count_877c4ccf6b72738da66f3017a5f79449#TATGACATCCCTCAAC-1,at10_1,0.8216560947580349,AC-gliosis-hypoxia
2859,cellranger-arc201_count_877c4ccf6b72738da66f3017a5f79449#TATGTGATCCCTCATA-1,at10_1,0.8589232603268263,AC-gliosis-hypoxia
2860,cellranger-arc201_count_877c4ccf6b72738da66f3017a5f79449#TATTAGGTCTCCTCTT-1,at10_1,0.6029001972247542,AC-gliosis-hypoxia
2861,cellranger-arc201_count_877c4ccf6b72738da66f3017a5f79449#TCCAGCAAGCCGGTAC-1,at10_1,0.8725727638452286,AC-gliosis-hypoxia
2862,cellranger-arc201_count_877c4ccf6b72738da66f3017a5f79449#TCCATATTCATGACCG-1,at10_1,0.8585739526911865,AC-gliosis-hypoxia
2863,cellranger-arc201_count_877c4ccf6b72738da66f3017a5f79449#TCGTAATCAGACAAAC-1,at10_1,0.40746586045818417,AC-gliosis-hypoxia
2864,cellranger-arc201_count_877c4ccf6b72738da66f3017a5f79449#TGAAGGATCACGAATC-1,at10_1,0.8164078491564005,AC-gliosis-hypoxia
2865,cellranger-arc201_count_877c4ccf6b72738da66f3017a5f79449#TGCAGGCTCAAGACTC-1,at10_1,0.8464656793241055,AC-gliosis-hypoxia
2866,cellranger-arc201_count_877c4ccf6b72738da66f3017a5f79449#TGCTGGATCCTCATCA-1,at10_1,0.8384263693798641,AC-gliosis-hypoxia
2867,cellranger-arc201_count_877c4ccf6b72738da66f3017a5f79449#TGGGCATGTTGCATCT-1,at10_1,0.593925335297987,AC-gliosis-hypoxia
2868,cellranger-arc201_count_877c4ccf6b72738da66f3017a5f79449#TTAACTGAGTCATGCG-1,at10_1,0.8039189178908287,AC-gliosis-hypoxia
2869,cellranger-arc201_count_877c4ccf6b72738da66f3017a5f79449#TTATTGCTCAAGCTAC-1,at10_1,0.5901038329197487,AC-gliosis-hypoxia
2870,cellranger-arc201_count_877c4ccf6b72738da66f3017a5f79449#TTCAGGTAGTTCCCGT-1,at10_1,0.839872602109473,AC-gliosis-hypoxia
2871,cellranger-arc201_count_877c4ccf6b72738da66f3017a5f79449#TTCCCGCCATCTAGCA-1,at10_1,0.5987864079376248,AC-gliosis-hypoxia
2872,cellranger-arc201_count_877c4ccf6b72738da66f3017a5f79449#TTGGTGAGTCTCACTG-1,at10_1,0.5957193721870422,AC-gliosis-hypoxia
2873,cellranger-arc201_count_877c4ccf6b72738da66f3017a5f79449#TTGTCCCAGTCAGGCC-1,at10_1,0.6073538835002377,AC-gliosis-hypoxia
2874,cellranger-arc201_count_651c086adc1acf13d5493f979b7a6fc4#AATCATCCAACTGGCT-1,at10_1,0.4218891530575447,AC-gliosis-hypoxia
2875,cellranger-arc201_count_651c086adc1acf13d5493f979b7a6fc4#ACAACAACATCAGTAT-1,at10_1,0.03863987413621203,AC-gliosis-hypoxia
2876,cellranger-arc201_count_651c086adc1acf13d5493f979b7a6fc4#ACTAACGGTCATGCAA-1,at10_1,0.8511530169369308,AC-gliosis-hypoxia
2877,cellranger-arc201_count_651c086adc1acf13d5493f979b7a6fc4#ACTTGTAAGACACCGC-1,at10_1,0.8090029504815429,AC-gliosis-hypoxia
2878,cellranger-arc201_count_651c086adc1acf13d5493f979b7a6fc4#AGCCTAAGTAGGATTT-1,at10_1,0.8355639734445176,AC-gliosis-hypoxia
2879,cellranger-arc201_count_651c086adc1acf13d5493f979b7a6fc4#AGGATGCAGCTATTAG-1,at10_1,0.8477437454572485,AC-gliosis-hypoxia
2880,cellranger-arc201_count_651c086adc1acf13d5493f979b7a6fc4#AGGCAATCACAATGTT-1,at10_1,0.4327199449766692,AC-gliosis-hypoxia
2881,cellranger-arc201_count_651c086adc1acf13d5493f979b7a6fc4#AGGTTAGAGGCCTTAG-1,at10_1,0.681387779802575,AC-gliosis-hypoxia
2882,cellranger-arc201_count_651c086adc1acf13d5493f979b7a6fc4#AGTCAATGTCCTTAGT-1,at10_1,0.6064891619517201,AC-gliosis-hypoxia
2883,cellranger-arc201_count_651c086adc1acf13d5493f979b7a6fc4#ATGAAGCCACGTAATT-1,at10_1,0.8225198139890901,AC-gliosis-hypoxia
2884,cellranger-arc201_count_651c086adc1acf13d5493f979b7a6fc4#ATTTAGCCAGGCCTTG-1,at10_1,0.019760695731381204,AC-gliosis-hypoxia
2885,cellranger-arc201_count_651c086adc1acf13d5493f979b7a6fc4#CACATTAAGTATTGCA-1,at10_1,0.6024830661074934,AC-gliosis-hypoxia
2886,cellranger-arc201_count_651c086adc1acf13d5493f979b7a6fc4#CCAGGAACAAGTAAGC-1,at10_1,0.8007810517062377,AC-gliosis-hypoxia
2887,cellranger-arc201_count_651c086adc1acf13d5493f979b7a6fc4#CCATCACTCGTAATCA-1,at10_1,0.8265115432830227,AC-gliosis-hypoxia
2888,cellranger-arc201_count_651c086adc1acf13d5493f979b7a6fc4#CCTAAGCCAATTGACT-1,at10_1,0.8520047640427408,AC-gliosis-hypoxia
2889,cellranger-arc201_count_651c086adc1acf13d5493f979b7a6fc4#CCTATTTAGGTGTTAC-1,at10_1,0.05187124421989099,AC-gliosis-hypoxia
2890,cellranger-arc201_count_651c086adc1acf13d5493f979b7a6fc4#CGAAGAATCTTAGTGA-1,at10_1,0.8353930783171817,AC-gliosis-hypoxia
2891,cellranger-arc201_count_651c086adc1acf13d5493f979b7a6fc4#CGAAGCCTCGCTTGCT-1,at10_1,0.594092777998508,AC-gliosis-hypoxia
2892,cellranger-arc201_count_651c086adc1acf13d5493f979b7a6fc4#CGAAGCGAGCGCATTG-1,at10_1,0.1727754818559414,AC-gliosis-hypoxia
2893,cellranger-arc201_count_651c086adc1acf13d5493f979b7a6fc4#CGTAATGGTCATAGAT-1,at10_1,0.4530513421737316,AC-gliosis-hypoxia
2894,cellranger-arc201_count_651c086adc1acf13d5493f979b7a6fc4#CTAATTGAGCACTAAC-1,at10_1,0.8460895875384988,AC-gliosis-hypoxia
2895,cellranger-arc201_count_651c086adc1acf13d5493f979b7a6fc4#CTTAGTTTCATTAGTG-1,at10_1,0.5932924275047967,AC-gliosis-hypoxia
2896,cellranger-arc201_count_651c086adc1acf13d5493f979b7a6fc4#GAAGTAAGTTTACCGT-1,at10_1,0.866588037645958,AC-gliosis-hypoxia
2897,cellranger-arc201_count_651c086adc1acf13d5493f979b7a6fc4#GACTTAGGTACGCGCA-1,at10_1,0.5653862388230031,AC-gliosis-hypoxia
2898,cellranger-arc201_count_651c086adc1acf13d5493f979b7a6fc4#GCGGTTATCTCACATT-1,at10_1,0.5944994404667174,AC-gliosis-hypoxia
2899,cellranger-arc201_count_651c086adc1acf13d5493f979b7a6fc4#GCTAGCCAGGTACCGC-1,at10_1,0.5933739493250704,AC-gliosis-hypoxia
2900,cellranger-arc201_count_651c086adc1acf13d5493f979b7a6fc4#GCTATTGCACTAAATC-1,at10_1,0.8573217797591552,AC-gliosis-hypoxia
2901,cellranger-arc201_count_651c086adc1acf13d5493f979b7a6fc4#GGCTTAAGTAATCCCT-1,at10_1,0.8314549730074863,AC-gliosis-hypoxia
2902,cellranger-arc201_count_651c086adc1acf13d5493f979b7a6fc4#GGTTGCTCAACCTAAT-1,at10_1,0.8277746303385334,AC-gliosis-hypoxia
2903,cellranger-arc201_count_651c086adc1acf13d5493f979b7a6fc4#GTACTAATCTAATCAG-1,at10_1,0.138364405975129,AC-gliosis-hypoxia
2904,cellranger-arc201_count_651c086adc1acf13d5493f979b7a6fc4#TCTTAGTTCCAGGTCA-1,at10_1,0.7150951035351132,AC-gliosis-hypoxia
2905,cellranger-arc201_count_651c086adc1acf13d5493f979b7a6fc4#TGACTTCGTTAGAGGG-1,at10_1,0.8242096098620577,AC-gliosis-hypoxia
2906,cellranger-arc201_count_651c086adc1acf13d5493f979b7a6fc4#TGATTGCAGCTAAAGG-1,at10_1,0.7872395757365588,AC-gliosis-hypoxia
2907,cellranger-arc201_count_651c086adc1acf13d5493f979b7a6fc4#TGTAAAGCAGTTATCG-1,at10_1,0.8588938033302931,AC-gliosis-hypoxia
2908,cellranger-arc201_count_651c086adc1acf13d5493f979b7a6fc4#TTAACTGAGGCTATGT-1,at10_1,0.6042077760387338,AC-gliosis-hypoxia
2909,cellranger-arc201_count_651c086adc1acf13d5493f979b7a6fc4#TTGGAGGCATCATGTG-1,at10_1,0.8461309609759737,AC-gliosis-hypoxia
2910,cellranger-arc201_count_2f9565d51b615c158b1a36debec1ec4b#TGCTAACAGTAAACCC-1,at10_1,0.7092624511686072,AC-gliosis-hypoxia
2911,cellranger-arc201_count_a166708bcbeb284b79da9df9facb9573#AGTGCACGTATTTGCC-1,at10_1,0.6699330174209666,AC-gliosis-hypoxia
2912,cellranger-arc201_count_a166708bcbeb284b79da9df9facb9573#GTAGGTGCAATATAGG-1,at10_1,0.7016886063170348,AC-gliosis-hypoxia
2913,cellranger-arc201_count_2f9d72acefae69161ec2c2137f20c0cd#CTTGTTCCAGCATTAT-1,at10_1,0.4039583340250367,AC-gliosis-hypoxia
2914,cellranger-arc201_count_0fb30af0fe36506de6b8a3b7f8b6b155#AGTGGACAGGCCTGGT-1,at10_1,0.3829043773062046,AC-gliosis-hypoxia
2915,cellranger-arc201_count_0fb30af0fe36506de6b8a3b7f8b6b155#CAAACAACATCCTGAA-1,at10_1,0.6978579160287247,AC-gliosis-hypoxia
2916,cellranger-arc201_count_cc6a172022bb6226a2cf33e34090eaca#ACCCTGTTCCCTCTAA-1,at10_1,0.6017946410637477,AC-gliosis-hypoxia
2917,cellranger-arc201_count_3c475e5faf73bf8c98e14aeb2ca0ed42#CTCCAACTCATTGCAA-1,at10_1,0.4305743452376838,AC-gliosis-hypoxia
2918,cellranger-arc201_count_877c4ccf6b72738da66f3017a5f79449#GTTTCAGCAACCTAAT-1,at10_1,0.20321202097151614,AC-gliosis-hypoxia
2919,cellranger-arc201_count_651c086adc1acf13d5493f979b7a6fc4#TTACCTGTCCCGAAGC-1,at10_1,0.12907625023598834,AC-gliosis-hypoxia
2920,cellranger-arc201_count_2f9565d51b615c158b1a36debec1ec4b#AAATGGCCAGAAATGC-1,at10_1,0.29409821487468774,AC-gliosis-hypoxia
2921,cellranger-arc201_count_2f9565d51b615c158b1a36debec1ec4b#AACAGATAGGAGCACG-1,at10_1,0.6424489157594423,AC-gliosis-hypoxia
2922,cellranger-arc201_count_a166708bcbeb284b79da9df9facb9573#GCAGCTATCCCGAACA-1,at10_1,0.16662238024406667,AC-gliosis-hypoxia
2923,cellranger-arc201_count_a166708bcbeb284b79da9df9facb9573#GCTCCTTAGCTTTGTT-1,at10_1,0.7319954010055346,AC-gliosis-hypoxia
2924,cellranger-arc201_count_2f9d72acefae69161ec2c2137f20c0cd#GTCAGGCTCATAGCCG-1,at10_1,0.04130063720870958,AC-gliosis-hypoxia
2925,cellranger-arc201_count_0fb30af0fe36506de6b8a3b7f8b6b155#CCTTATGTCACGAATC-1,at10_1,0.10515075143496536,AC-gliosis-hypoxia
2926,cellranger-arc201_count_dae7bef086560538e47878293f38b2c6#GGACCTCAGGTAGCTT-1,at10_1,0.11991913358397813,AC-gliosis-hypoxia
2927,cellranger-arc201_count_e639e4f2fc11914d67363348c4a30ad1#GCCGTGAGTACTGAAT-1,at10_1,0.5369329518596598,AC-gliosis-hypoxia
2928,cellranger-arc201_count_cc6a172022bb6226a2cf33e34090eaca#ACAGTATGTAAGTCGC-1,at10_1,0.5135492752524331,AC-gliosis-hypoxia
2929,cellranger-arc201_count_9b9f744826edc64cc288193e1d52754e#AACAAAGGTACCAGGT-1,at10_1,0.15747633084737025,AC-gliosis-hypoxia
2930,cellranger-arc201_count_9b9f744826edc64cc288193e1d52754e#CCCGCTTCAGGACACA-1,at10_1,0.26715569874867,AC-gliosis-hypoxia
2931,cellranger-arc201_count_9b9f744826edc64cc288193e1d52754e#TGATCAGGTCACAAAT-1,at10_1,0.17212570171880112,AC-gliosis-hypoxia
2932,cellranger-arc201_count_877c4ccf6b72738da66f3017a5f79449#TACCTGCTCTGGTCCT-1,at10_1,0.18440258715677596,AC-gliosis-hypoxia
2933,cellranger-arc201_count_877c4ccf6b72738da66f3017a5f79449#TCCTTCAAGCATGCAT-1,at10_1,0.03918333205642265,AC-gliosis-hypoxia
2934,cellranger-arc201_count_651c086adc1acf13d5493f979b7a6fc4#TTTAACGAGTTCCTGC-1,at10_1,0.2378691518682672,AC-gliosis-hypoxia
2935,cellranger-arc201_count_2f9d72acefae69161ec2c2137f20c0cd#AGCTACGTCACTTTAC-1,at10_1,0.14038319863404733,AC-gliosis-hypoxia
2936,cellranger-arc201_count_e639e4f2fc11914d67363348c4a30ad1#GAGTTTGGTCACAGAC-1,at10_1,0.2813574791888443,AC-gliosis-hypoxia
2937,cellranger-arc201_count_9b9f744826edc64cc288193e1d52754e#ACCAAGTTCATTGCGG-1,at10_1,0.299149616463571,AC-gliosis-hypoxia
2938,cellranger-arc201_count_9b9f744826edc64cc288193e1d52754e#ATGGACAAGTTGGGCC-1,at10_1,0.2962073135527514,AC-gliosis-hypoxia
2939,cellranger-arc201_count_9b9f744826edc64cc288193e1d52754e#ATTCAACCAAGTGTCC-1,at10_1,0.26832183943184695,AC-gliosis-hypoxia
2940,cellranger-arc201_count_9b9f744826edc64cc288193e1d52754e#CTATAACCATTCCTCG-1,at10_1,0.7522487288091382,AC-gliosis-hypoxia
2941,cellranger-arc201_count_9b9f744826edc64cc288193e1d52754e#CTTTAGTTCCCTGGTT-1,at10_1,0.30080071174563,AC-gliosis-hypoxia
2942,cellranger-arc201_count_9b9f744826edc64cc288193e1d52754e#GCAATGTTCTAACTGA-1,at10_1,0.3058860807596274,AC-gliosis-hypoxia
2943,cellranger-arc201_count_9b9f744826edc64cc288193e1d52754e#GCCCATAAGTTGTCCC-1,at10_1,0.299675638236259,AC-gliosis-hypoxia
2944,cellranger-arc201_count_9b9f744826edc64cc288193e1d52754e#GCTGAGGAGGCTCATG-1,at10_1,0.2874767386652878,AC-gliosis-hypoxia
2945,cellranger-arc201_count_9b9f744826edc64cc288193e1d52754e#GTCAATATCTTAGGAC-1,at10_1,0.35093732726772575,AC-gliosis-hypoxia
2946,cellranger-arc201_count_9b9f744826edc64cc288193e1d52754e#GTTCTTAGTGAGGTGA-1,at10_1,0.30073375137071257,AC-gliosis-hypoxia
2947,cellranger-arc201_count_9b9f744826edc64cc288193e1d52754e#GTTGCATAGACTCGCA-1,at10_1,0.28140584100640414,AC-gliosis-hypoxia
2948,cellranger-arc201_count_9b9f744826edc64cc288193e1d52754e#TACGTACAGTCTCACC-1,at10_1,0.30666301600373147,AC-gliosis-hypoxia
2949,cellranger-arc201_count_9b9f744826edc64cc288193e1d52754e#TCCATCATCATTTGCT-1,at10_1,0.3036676181095573,AC-gliosis-hypoxia
2950,cellranger-arc201_count_877c4ccf6b72738da66f3017a5f79449#AGTGAACCACTTCACT-1,at10_1,0.30623377355046677,AC-gliosis-hypoxia
2951,cellranger-arc201_count_877c4ccf6b72738da66f3017a5f79449#CTGGTTTGTTGTTGCT-1,at10_1,0.30509391585852563,AC-gliosis-hypoxia
2952,cellranger-arc201_count_877c4ccf6b72738da66f3017a5f79449#GAAGTCAAGTTTAACG-1,at10_1,0.2570223527304523,AC-gliosis-hypoxia
2953,cellranger-arc201_count_877c4ccf6b72738da66f3017a5f79449#GTCCGTAAGTTAGAGG-1,at10_1,0.30071540339272074,AC-gliosis-hypoxia
2954,cellranger-arc201_count_877c4ccf6b72738da66f3017a5f79449#GTGCTCCGTCGCGCAA-1,at10_1,0.3180040710376631,AC-gliosis-hypoxia
2955,cellranger-arc201_count_877c4ccf6b72738da66f3017a5f79449#TACTGGCCAAGCTTAT-1,at10_1,0.30177515921412656,AC-gliosis-hypoxia
2956,cellranger-arc201_count_877c4ccf6b72738da66f3017a5f79449#TGAACAGAGTTCCTGC-1,at10_1,0.2967149316631439,AC-gliosis-hypoxia
2957,cellranger-arc201_count_651c086adc1acf13d5493f979b7a6fc4#AGTCAATGTAGGTTTG-1,at10_1,0.2932546255193353,AC-gliosis-hypoxia
2958,cellranger-arc201_count_651c086adc1acf13d5493f979b7a6fc4#CCGTTTGGTTGGTTAG-1,at10_1,0.3125209212018591,AC-gliosis-hypoxia
2959,cellranger-arc201_count_651c086adc1acf13d5493f979b7a6fc4#CTGGTAAGTTACTTGC-1,at10_1,0.7302973081713506,AC-gliosis-hypoxia
2960,cellranger-arc201_count_651c086adc1acf13d5493f979b7a6fc4#GAGTCATTCATTATGG-1,at10_1,0.3132365758699992,AC-gliosis-hypoxia
2961,cellranger-arc201_count_651c086adc1acf13d5493f979b7a6fc4#GCCTGACAGTCAGTAC-1,at10_1,0.7920936878382635,AC-gliosis-hypoxia
2962,cellranger-arc201_count_651c086adc1acf13d5493f979b7a6fc4#GGACCGAAGGTGAAGC-1,at10_1,0.313546291965875,AC-gliosis-hypoxia
2963,cellranger-arc201_count_651c086adc1acf13d5493f979b7a6fc4#GGGTTATTCCCGTTAC-1,at10_1,0.30582750087238164,AC-gliosis-hypoxia
2964,cellranger-arc201_count_651c086adc1acf13d5493f979b7a6fc4#TGAGGAGGTTAGGACC-1,at10_1,0.2986643277588682,AC-gliosis-hypoxia
2965,cellranger-arc201_count_2f9565d51b615c158b1a36debec1ec4b#ACCTGGTCACTGGCTG-1,at10_1,0.7351440699449979,AC-gliosis-hypoxia
2966,cellranger-arc201_count_2f9565d51b615c158b1a36debec1ec4b#ACGCCTTTCCGTAAAC-1,at10_1,0.30651539691524415,AC-gliosis-hypoxia
2967,cellranger-arc201_count_2f9565d51b615c158b1a36debec1ec4b#AGCTACGTCCTGGTCT-1,at10_1,0.32610719519367615,AC-gliosis-hypoxia
2968,cellranger-arc201_count_2f9565d51b615c158b1a36debec1ec4b#AGGCCCAGTACAATGT-1,at10_1,0.31307027469769916,AC-gliosis-hypoxia
2969,cellranger-arc201_count_2f9565d51b615c158b1a36debec1ec4b#ATCCTCATCCCGCATT-1,at10_1,0.5922178875008207,AC-gliosis-hypoxia
2970,cellranger-arc201_count_2f9565d51b615c158b1a36debec1ec4b#ATGGCTTAGCATTATG-1,at10_1,0.3125136544002568,AC-gliosis-hypoxia
2971,cellranger-arc201_count_2f9565d51b615c158b1a36debec1ec4b#CAAACCGTCGCGCTAA-1,at10_1,0.3159685591666293,AC-gliosis-hypoxia
2972,cellranger-arc201_count_2f9565d51b615c158b1a36debec1ec4b#CTATGTTTCACGAATC-1,at10_1,0.3032222550504393,AC-gliosis-hypoxia
2973,cellranger-arc201_count_2f9565d51b615c158b1a36debec1ec4b#CTATGTTTCCGCCTAT-1,at10_1,0.2973897697368438,AC-gliosis-hypoxia
2974,cellranger-arc201_count_2f9565d51b615c158b1a36debec1ec4b#GACATAGAGTCATTGA-1,at10_1,0.3175762206919851,AC-gliosis-hypoxia
2975,cellranger-arc201_count_2f9565d51b615c158b1a36debec1ec4b#GCGTTTCTCATCACTT-1,at10_1,0.31190363285579104,AC-gliosis-hypoxia
2976,cellranger-arc201_count_2f9565d51b615c158b1a36debec1ec4b#GCTTAACAGGCAACAA-1,at10_1,0.3022140072097391,AC-gliosis-hypoxia
2977,cellranger-arc201_count_2f9565d51b615c158b1a36debec1ec4b#GCTTTACGTTACATCC-1,at10_1,0.30046538087016006,AC-gliosis-hypoxia
2978,cellranger-arc201_count_2f9565d51b615c158b1a36debec1ec4b#GGCTCAATCCCTCGCA-1,at10_1,0.3180210269080685,AC-gliosis-hypoxia
2979,cellranger-arc201_count_2f9565d51b615c158b1a36debec1ec4b#GTCCATTGTTATGTGG-1,at10_1,0.30320432470472336,AC-gliosis-hypoxia
2980,cellranger-arc201_count_2f9565d51b615c158b1a36debec1ec4b#GTTACTAAGCTTATGA-1,at10_1,0.2950775068775857,AC-gliosis-hypoxia
2981,cellranger-arc201_count_2f9565d51b615c158b1a36debec1ec4b#GTTCTTAGTTTGCTGT-1,at10_1,0.2624988204498405,AC-gliosis-hypoxia
2982,cellranger-arc201_count_2f9565d51b615c158b1a36debec1ec4b#TAATCACCATAGGCGA-1,at10_1,0.31057664806205365,AC-gliosis-hypoxia
2983,cellranger-arc201_count_2f9565d51b615c158b1a36debec1ec4b#TACAATGTCCTCGATC-1,at10_1,0.321791550306484,AC-gliosis-hypoxia
2984,cellranger-arc201_count_2f9565d51b615c158b1a36debec1ec4b#TCCAGCAAGCCTAATA-1,at10_1,0.2993507203255371,AC-gliosis-hypoxia
2985,cellranger-arc201_count_2f9565d51b615c158b1a36debec1ec4b#TCCCGTTAGCGGATTT-1,at10_1,0.7303696977658559,AC-gliosis-hypoxia
2986,cellranger-arc201_count_2f9565d51b615c158b1a36debec1ec4b#TCCCTCACAAACCTTG-1,at10_1,0.31107518963098135,AC-gliosis-hypoxia
2987,cellranger-arc201_count_2f9565d51b615c158b1a36debec1ec4b#TGAAGCAAGCAGCTAT-1,at10_1,0.05665918944800269,AC-gliosis-hypoxia
2988,cellranger-arc201_count_2f9565d51b615c158b1a36debec1ec4b#TGATTCAAGTATTGGC-1,at10_1,0.29227383004024365,AC-gliosis-hypoxia
2989,cellranger-arc201_count_2f9565d51b615c158b1a36debec1ec4b#TGCCTGTTCGCACACA-1,at10_1,0.30855436121309293,AC-gliosis-hypoxia
2990,cellranger-arc201_count_2f9565d51b615c158b1a36debec1ec4b#TTTAGCAAGAACCTGT-1,at10_1,0.3012057036847355,AC-gliosis-hypoxia
2991,cellranger-arc201_count_2f9565d51b615c158b1a36debec1ec4b#TTTCAGTTCATAGACC-1,at10_1,0.3000328808851426,AC-gliosis-hypoxia
2992,cellranger-arc201_count_a166708bcbeb284b79da9df9facb9573#AATTGCCAGACTTATG-1,at10_1,0.3167088541390529,AC-gliosis-hypoxia
2993,cellranger-arc201_count_a166708bcbeb284b79da9df9facb9573#ACAGCGCTCCTGAGTG-1,at10_1,0.3086064538789849,AC-gliosis-hypoxia
2994,cellranger-arc201_count_a166708bcbeb284b79da9df9facb9573#ACCTTCCAGTCACTCC-1,at10_1,0.29712409992500927,AC-gliosis-hypoxia
2995,cellranger-arc201_count_a166708bcbeb284b79da9df9facb9573#ATACCTGCATTCCTCG-1,at10_1,0.3038428009282601,AC-gliosis-hypoxia
2996,cellranger-arc201_count_a166708bcbeb284b79da9df9facb9573#ATGGCCGGTAACCAGC-1,at10_1,0.31324119766718683,AC-gliosis-hypoxia
2997,cellranger-arc201_count_a166708bcbeb284b79da9df9facb9573#CCCAATTGTGTTCCCA-1,at10_1,0.2971266057186652,AC-gliosis-hypoxia
2998,cellranger-arc201_count_a166708bcbeb284b79da9df9facb9573#CTAGCGGGTTATCCGT-1,at10_1,0.3375303010487644,AC-gliosis-hypoxia
2999,cellranger-arc201_count_a166708bcbeb284b79da9df9facb9573#CTGTTTAGTTAGGTTG-1,at10_1,0.2959084558960514,AC-gliosis-hypoxia
3000,cellranger-arc201_count_a166708bcbeb284b79da9df9facb9573#CTTAATGAGCCACATG-1,at10_1,0.7630189640482438,AC-gliosis-hypoxia
3001,cellranger-arc201_count_a166708bcbeb284b79da9df9facb9573#GAAGGATGTAATGGAA-1,at10_1,0.2991312406434274,AC-gliosis-hypoxia
3002,cellranger-arc201_count_a166708bcbeb284b79da9df9facb9573#GACCGTTCAGTTTCTC-1,at10_1,0.3124802159760257,AC-gliosis-hypoxia
3003,cellranger-arc201_count_a166708bcbeb284b79da9df9facb9573#GATGCATTCCTCCTAA-1,at10_1,0.31076099094867654,AC-gliosis-hypoxia
3004,cellranger-arc201_count_a166708bcbeb284b79da9df9facb9573#GGGCATGAGGCTAAGA-1,at10_1,0.3211859278219919,AC-gliosis-hypoxia
3005,cellranger-arc201_count_a166708bcbeb284b79da9df9facb9573#GGTTATGGTTTATTCG-1,at10_1,0.29951618623328513,AC-gliosis-hypoxia
3006,cellranger-arc201_count_a166708bcbeb284b79da9df9facb9573#GTTTATCTCCCGTTGT-1,at10_1,0.30200619338920537,AC-gliosis-hypoxia
3007,cellranger-arc201_count_a166708bcbeb284b79da9df9facb9573#TATGCATCATGGCCTG-1,at10_1,0.3861206469900751,AC-gliosis-hypoxia
3008,cellranger-arc201_count_a166708bcbeb284b79da9df9facb9573#TGAACAACAATATACC-1,at10_1,0.32349835773416025,AC-gliosis-hypoxia
3009,cellranger-arc201_count_a166708bcbeb284b79da9df9facb9573#TGAACAGAGCATTATG-1,at10_1,0.418150425396408,AC-gliosis-hypoxia
3010,cellranger-arc201_count_a166708bcbeb284b79da9df9facb9573#TGAGTTTCAGCTTACA-1,at10_1,0.32492791301488133,AC-gliosis-hypoxia
3011,cellranger-arc201_count_a166708bcbeb284b79da9df9facb9573#TGCGGTTCACATTGCA-1,at10_1,0.30541078738739674,AC-gliosis-hypoxia
3012,cellranger-arc201_count_a166708bcbeb284b79da9df9facb9573#TGGTCAAGTTAGGTGC-1,at10_1,0.31400382204530025,AC-gliosis-hypoxia
3013,cellranger-arc201_count_a166708bcbeb284b79da9df9facb9573#TGGTTCCTCATGTTTC-1,at10_1,0.31746638340339917,AC-gliosis-hypoxia
3014,cellranger-arc201_count_a166708bcbeb284b79da9df9facb9573#TTCAGTTTCCCTCACG-1,at10_1,0.2951776550973686,AC-gliosis-hypoxia
3015,cellranger-arc201_count_a166708bcbeb284b79da9df9facb9573#TTCCCGCCACGAACAG-1,at10_1,0.3084756514501443,AC-gliosis-hypoxia
3016,cellranger-arc201_count_2f9d72acefae69161ec2c2137f20c0cd#AATCTCAAGCACTAAC-1,at10_1,0.3033258278548853,AC-gliosis-hypoxia
3017,cellranger-arc201_count_2f9d72acefae69161ec2c2137f20c0cd#ACATTAGTCTCGCCTG-1,at10_1,0.2955956493213333,AC-gliosis-hypoxia
3018,cellranger-arc201_count_2f9d72acefae69161ec2c2137f20c0cd#ATCCTCATCAAGCCTG-1,at10_1,0.289664352211238,AC-gliosis-hypoxia
3019,cellranger-arc201_count_2f9d72acefae69161ec2c2137f20c0cd#ATCGAGGCATATAACC-1,at10_1,0.34730568052215344,AC-gliosis-hypoxia
3020,cellranger-arc201_count_2f9d72acefae69161ec2c2137f20c0cd#ATGTCATCATGAAGTA-1,at10_1,0.29704533447775716,AC-gliosis-hypoxia
3021,cellranger-arc201_count_2f9d72acefae69161ec2c2137f20c0cd#ATTCGTTTCGTAATCA-1,at10_1,0.30157252403381524,AC-gliosis-hypoxia
3022,cellranger-arc201_count_2f9d72acefae69161ec2c2137f20c0cd#CAGATTCAGGCTTAGT-1,at10_1,0.29780748553929104,AC-gliosis-hypoxia
3023,cellranger-arc201_count_2f9d72acefae69161ec2c2137f20c0cd#CATAAGCTCCTCCCTC-1,at10_1,0.30396271707577327,AC-gliosis-hypoxia
3024,cellranger-arc201_count_2f9d72acefae69161ec2c2137f20c0cd#CCCAGTTTCATTGTCT-1,at10_1,0.3022557425951866,AC-gliosis-hypoxia
3025,cellranger-arc201_count_2f9d72acefae69161ec2c2137f20c0cd#CCCTAATGTGGGTGAA-1,at10_1,0.2785926699953212,AC-gliosis-hypoxia
3026,cellranger-arc201_count_2f9d72acefae69161ec2c2137f20c0cd#CCGCACACAATAGCCC-1,at10_1,0.29088848809647433,AC-gliosis-hypoxia
3027,cellranger-arc201_count_2f9d72acefae69161ec2c2137f20c0cd#CCTATAGCAATGCGCT-1,at10_1,0.3084474751925906,AC-gliosis-hypoxia
3028,cellranger-arc201_count_2f9d72acefae69161ec2c2137f20c0cd#CGCGGATTCATGCTAA-1,at10_1,0.31636433535351116,AC-gliosis-hypoxia
3029,cellranger-arc201_count_2f9d72acefae69161ec2c2137f20c0cd#CTCGTTATCTGGCTTC-1,at10_1,0.9569024651211446,AC-gliosis-hypoxia
3030,cellranger-arc201_count_2f9d72acefae69161ec2c2137f20c0cd#GAGGCCTTCTTTGACT-1,at10_1,0.7387214523368429,AC-gliosis-hypoxia
3031,cellranger-arc201_count_2f9d72acefae69161ec2c2137f20c0cd#GCAAACCGTTACCGGG-1,at10_1,0.7406368810074532,AC-gliosis-hypoxia
3032,cellranger-arc201_count_2f9d72acefae69161ec2c2137f20c0cd#GTCATTAAGTATTGCA-1,at10_1,0.7355902682686679,AC-gliosis-hypoxia
3033,cellranger-arc201_count_2f9d72acefae69161ec2c2137f20c0cd#GTCGGTTCAGCATTAT-1,at10_1,0.3038024298082476,AC-gliosis-hypoxia
3034,cellranger-arc201_count_2f9d72acefae69161ec2c2137f20c0cd#TGCTTAAAGATAACCC-1,at10_1,0.3113903906307484,AC-gliosis-hypoxia
3035,cellranger-arc201_count_2f9d72acefae69161ec2c2137f20c0cd#TGGCGGTTCACGCCAA-1,at10_1,0.3109316911809504,AC-gliosis-hypoxia
3036,cellranger-arc201_count_2f9d72acefae69161ec2c2137f20c0cd#TTGCATTTCAGGATGA-1,at10_1,0.2904625310171141,AC-gliosis-hypoxia
3037,cellranger-arc201_count_2f9d72acefae69161ec2c2137f20c0cd#TTTGACTTCTGTGCAG-1,at10_1,0.32268244347763037,AC-gliosis-hypoxia
3038,cellranger-arc201_count_0fb30af0fe36506de6b8a3b7f8b6b155#TAGGAGGGTGATTACG-1,at10_1,0.285652019725023,AC-gliosis-hypoxia
3039,cellranger-arc201_count_0fb30af0fe36506de6b8a3b7f8b6b155#TGCTCCGTCGCTTGCT-1,at10_1,0.31274688810532264,AC-gliosis-hypoxia
3040,cellranger-arc201_count_1243e22655c16468279dae921b0de74a#AGCACTAGTTCATTTG-1,at10_1,0.3102233868408677,AC-gliosis-hypoxia
3041,cellranger-arc201_count_1243e22655c16468279dae921b0de74a#AGCTTTAAGCATTATG-1,at10_1,0.27770620372630034,AC-gliosis-hypoxia
3042,cellranger-arc201_count_1243e22655c16468279dae921b0de74a#CGTCAATAGTCCTTTG-1,at10_1,0.3117267516658325,AC-gliosis-hypoxia
3043,cellranger-arc201_count_1243e22655c16468279dae921b0de74a#TTGTGCCTCAATCTCT-1,at10_1,0.2970165735350171,AC-gliosis-hypoxia
3044,cellranger-arc201_count_e639e4f2fc11914d67363348c4a30ad1#CAAGTAACAAGGTCCT-1,at10_1,0.31945367266763186,AC-gliosis-hypoxia
3045,cellranger-arc201_count_e639e4f2fc11914d67363348c4a30ad1#CTTAGTTTCATGGCTG-1,at10_1,0.30733590512680997,AC-gliosis-hypoxia
3046,cellranger-arc201_count_e639e4f2fc11914d67363348c4a30ad1#TAGGTTGGTTCACTGT-1,at10_1,0.30488203708383893,AC-gliosis-hypoxia
3047,cellranger-arc201_count_e639e4f2fc11914d67363348c4a30ad1#TGAACAACACCTCACC-1,at10_1,0.352912978512534,AC-gliosis-hypoxia
3048,cellranger-arc201_count_e639e4f2fc11914d67363348c4a30ad1#TTACGTTTCCTGGCTT-1,at10_1,0.3442029511330492,AC-gliosis-hypoxia
3049,cellranger-arc201_count_cc6a172022bb6226a2cf33e34090eaca#CCACACAAGCATTTCT-1,at10_1,0.2978098242800366,AC-gliosis-hypoxia
3050,cellranger-arc201_count_cc6a172022bb6226a2cf33e34090eaca#CTGCAATAGGGTTAGA-1,at10_1,0.29929261375487076,AC-gliosis-hypoxia
3051,cellranger-arc201_count_cc6a172022bb6226a2cf33e34090eaca#GAACTTATCAATTGGC-1,at10_1,0.9485490400210537,AC-gliosis-hypoxia
3052,cellranger-arc201_count_cc6a172022bb6226a2cf33e34090eaca#GAGCCTTCAAATGCCC-1,at10_1,0.3127775423143803,AC-gliosis-hypoxia
3053,cellranger-arc201_count_cc6a172022bb6226a2cf33e34090eaca#GGCCTTAAGCGCAATT-1,at10_1,0.35046200605334316,AC-gliosis-hypoxia
3054,cellranger-arc201_count_cc6a172022bb6226a2cf33e34090eaca#GGTCCATCACTGACTA-1,at10_1,0.29827044483830417,AC-gliosis-hypoxia
3055,cellranger-arc201_count_cc6a172022bb6226a2cf33e34090eaca#TGGCGGTTCATCCTAT-1,at10_1,0.285032225585299,AC-gliosis-hypoxia
3056,cellranger-arc201_count_3c475e5faf73bf8c98e14aeb2ca0ed42#GTCCTAGAGATTCCTT-1,at10_1,0.30567119503255363,AC-gliosis-hypoxia
3057,cellranger-arc201_count_9b9f744826edc64cc288193e1d52754e#AGGTCTTAGCGGATAA-1,at10_1,0.14655627698979035,OPC-NPC-like
3058,cellranger-arc201_count_877c4ccf6b72738da66f3017a5f79449#TTAAGCCAGCGATAAG-1,at10_1,0.0735191366800254,Neuron-like
3059,cellranger-arc201_count_651c086adc1acf13d5493f979b7a6fc4#AGCAAATAGCATTTCT-1,at10_1,0.05773506587526186,Neuron-like
3060,cellranger-arc201_count_2f9565d51b615c158b1a36debec1ec4b#ATCACTAAGGCGAAAC-1,at10_1,0.354430904782855,Neuron-like
3061,cellranger-arc201_count_2f9565d51b615c158b1a36debec1ec4b#GTTCGCTTCATAGACC-1,at10_1,0.058051185666036155,Neuron-like
3062,cellranger-arc201_count_a166708bcbeb284b79da9df9facb9573#CCACAATAGACTATTG-1,at10_1,0.048061915822497844,Neuron-like
3063,cellranger-arc201_count_2f9d72acefae69161ec2c2137f20c0cd#CACGCAATCGCCTAAG-1,at10_1,0.19865417720640022,Neuron-like
3064,cellranger-arc201_count_9b9f744826edc64cc288193e1d52754e#AAGGATCCAAACCTAT-1,at10_1,0.3128365955182057,AC-gliosis-hypoxia
3065,cellranger-arc201_count_9b9f744826edc64cc288193e1d52754e#ACTCGCGCAACACTTG-1,at10_1,0.31019120131346467,AC-gliosis-hypoxia
3066,cellranger-arc201_count_9b9f744826edc64cc288193e1d52754e#ATTACGTCAAAGGTAC-1,at10_1,0.11445193730111698,AC-gliosis-hypoxia
3067,cellranger-arc201_count_9b9f744826edc64cc288193e1d52754e#GAGCATGCATGGCCTG-1,at10_1,0.08910633562988626,AC-gliosis-hypoxia
3068,cellranger-arc201_count_9b9f744826edc64cc288193e1d52754e#TAAACAGCACTTGTTC-1,at10_1,0.17224684292099054,AC-gliosis-hypoxia
3069,cellranger-arc201_count_9b9f744826edc64cc288193e1d52754e#TACGCTTGTCCTAGTT-1,at10_1,0.1573021503461298,AC-gliosis-hypoxia
3070,cellranger-arc201_count_9b9f744826edc64cc288193e1d52754e#TGGATTGGTATTGGAT-1,at10_1,0.2599526835160269,AC-gliosis-hypoxia
3071,cellranger-arc201_count_9b9f744826edc64cc288193e1d52754e#TGGTTGAGTCGACTAA-1,at10_1,0.2733166100841058,AC-gliosis-hypoxia
3072,cellranger-arc201_count_9b9f744826edc64cc288193e1d52754e#TTAGGAACACCCTCAC-1,at10_1,0.29591291064032865,AC-gliosis-hypoxia
3073,cellranger-arc201_count_877c4ccf6b72738da66f3017a5f79449#AGCCTCCGTAGGATCC-1,at10_1,0.3472689845661695,AC-gliosis-hypoxia
3074,cellranger-arc201_count_877c4ccf6b72738da66f3017a5f79449#ATCAATCCACAAAGCG-1,at10_1,0.05859104498813531,AC-gliosis-hypoxia
3075,cellranger-arc201_count_877c4ccf6b72738da66f3017a5f79449#CAGTATGGTTACCTGT-1,at10_1,0.3085477904652839,AC-gliosis-hypoxia
3076,cellranger-arc201_count_877c4ccf6b72738da66f3017a5f79449#CGGGTATGTAATGACT-1,at10_1,0.25796316687965565,AC-gliosis-hypoxia
3077,cellranger-arc201_count_877c4ccf6b72738da66f3017a5f79449#CTCTAGCTCCAAGTTA-1,at10_1,0.14573376414329978,AC-gliosis-hypoxia
3078,cellranger-arc201_count_877c4ccf6b72738da66f3017a5f79449#CTTATTGGTGCATTTC-1,at10_1,0.31111984844236074,AC-gliosis-hypoxia
3079,cellranger-arc201_count_877c4ccf6b72738da66f3017a5f79449#GTAAGCAAGTGAGCAA-1,at10_1,0.3098752485756007,AC-gliosis-hypoxia
3080,cellranger-arc201_count_877c4ccf6b72738da66f3017a5f79449#GTCGCAATCCCGAAGC-1,at10_1,0.24677563347037867,AC-gliosis-hypoxia
3081,cellranger-arc201_count_877c4ccf6b72738da66f3017a5f79449#TCGTCAACAGTAGGAT-1,at10_1,0.3108212970493298,AC-gliosis-hypoxia
3082,cellranger-arc201_count_877c4ccf6b72738da66f3017a5f79449#TGCCATTGTTATTGCC-1,at10_1,0.27915368935273727,AC-gliosis-hypoxia
3083,cellranger-arc201_count_877c4ccf6b72738da66f3017a5f79449#TTCATCCCAGTCTAGC-1,at10_1,0.3207006669594408,AC-gliosis-hypoxia
3084,cellranger-arc201_count_877c4ccf6b72738da66f3017a5f79449#TTGGATCAGGCTATGT-1,at10_1,0.16517250019258067,AC-gliosis-hypoxia
3085,cellranger-arc201_count_651c086adc1acf13d5493f979b7a6fc4#AATCTCAAGGCTATGT-1,at10_1,0.28891403406419053,AC-gliosis-hypoxia
3086,cellranger-arc201_count_651c086adc1acf13d5493f979b7a6fc4#AGCGGATAGCCGGTAC-1,at10_1,0.35511991451178676,AC-gliosis-hypoxia
3087,cellranger-arc201_count_651c086adc1acf13d5493f979b7a6fc4#GCCTTAACAGGTTACC-1,at10_1,0.32758689418966797,AC-gliosis-hypoxia
3088,cellranger-arc201_count_651c086adc1acf13d5493f979b7a6fc4#GCTATTGCAATAAGCA-1,at10_1,0.3058281690840232,AC-gliosis-hypoxia
3089,cellranger-arc201_count_651c086adc1acf13d5493f979b7a6fc4#TCCATTGTCCTAATGA-1,at10_1,0.36844040732316247,AC-gliosis-hypoxia
3090,cellranger-arc201_count_651c086adc1acf13d5493f979b7a6fc4#TGGCTTTGTAGCCATA-1,at10_1,0.2732875985620002,AC-gliosis-hypoxia
3091,cellranger-arc201_count_2f9565d51b615c158b1a36debec1ec4b#CTAATCTTCTACTAAG-1,at10_1,0.2499396991197502,AC-gliosis-hypoxia
3092,cellranger-arc201_count_2f9565d51b615c158b1a36debec1ec4b#GCTTACCTCGGTTTGG-1,at10_1,0.35708080941617676,AC-gliosis-hypoxia
3093,cellranger-arc201_count_a166708bcbeb284b79da9df9facb9573#CACGCAATCATAACCA-1,at10_1,0.3362367825214099,AC-gliosis-hypoxia
3094,cellranger-arc201_count_a166708bcbeb284b79da9df9facb9573#CCAGGATGTTTAACCC-1,at10_1,0.35576858096285774,AC-gliosis-hypoxia
3095,cellranger-arc201_count_a166708bcbeb284b79da9df9facb9573#GCAGCTATCTATTGTC-1,at10_1,0.10445093895116123,AC-gliosis-hypoxia
3096,cellranger-arc201_count_a166708bcbeb284b79da9df9facb9573#TCCATCATCCAAACAC-1,at10_1,0.3529026490742412,AC-gliosis-hypoxia
3097,cellranger-arc201_count_a166708bcbeb284b79da9df9facb9573#TTCGTGCTCTTTGTAC-1,at10_1,0.2847432518924642,AC-gliosis-hypoxia
3098,cellranger-arc201_count_a166708bcbeb284b79da9df9facb9573#TTGCACACAAGTGTCC-1,at10_1,0.2692093080183302,AC-gliosis-hypoxia
3099,cellranger-arc201_count_2f9d72acefae69161ec2c2137f20c0cd#AAGCTCCCAGCAACAG-1,at10_1,0.30073141262996705,AC-gliosis-hypoxia
3100,cellranger-arc201_count_2f9d72acefae69161ec2c2137f20c0cd#CTGGTAAGTTATCGAG-1,at10_1,0.26127359872068656,AC-gliosis-hypoxia
3101,cellranger-arc201_count_2f9d72acefae69161ec2c2137f20c0cd#GTGTGTTAGATACTTG-1,at10_1,0.3217041537921947,AC-gliosis-hypoxia
3102,cellranger-arc201_count_0fb30af0fe36506de6b8a3b7f8b6b155#AATTTCCTCTTAGCCC-1,at10_1,0.34619216150575144,AC-gliosis-hypoxia
3103,cellranger-arc201_count_1243e22655c16468279dae921b0de74a#GGCCTAATCTAATTGG-1,at10_1,0.31253603949025005,AC-gliosis-hypoxia
3104,cellranger-arc201_count_3c475e5faf73bf8c98e14aeb2ca0ed42#TTGTTCCCAGGTTAAA-1,at10_1,1.0,AC-gliosis-hypoxia
3105,cellranger-arc201_count_9b9f744826edc64cc288193e1d52754e#AAGAACAGTTGTTCAC-1,at10_1,0.3448777892067491,AC-gliosis-hypoxia
3106,cellranger-arc201_count_9b9f744826edc64cc288193e1d52754e#AAGAATCAGTATTGTG-1,at10_1,0.2731760907443104,AC-gliosis-hypoxia
3107,cellranger-arc201_count_9b9f744826edc64cc288193e1d52754e#AAGACAAGTCAAAGAA-1,at10_1,0.2662697614805321,AC-gliosis-hypoxia
3108,cellranger-arc201_count_9b9f744826edc64cc288193e1d52754e#AAGCGAGGTTAACAGT-1,at10_1,0.35275024113565573,AC-gliosis-hypoxia
3109,cellranger-arc201_count_9b9f744826edc64cc288193e1d52754e#AAGGATTAGTCATTTC-1,at10_1,0.3468399648501187,AC-gliosis-hypoxia
3110,cellranger-arc201_count_9b9f744826edc64cc288193e1d52754e#AAGTTACGTTCCGGCT-1,at10_1,0.25004719766759054,AC-gliosis-hypoxia
3111,cellranger-arc201_count_9b9f744826edc64cc288193e1d52754e#AATCGCCCATAGCGGA-1,at10_1,0.34105386456131,AC-gliosis-hypoxia
3112,cellranger-arc201_count_9b9f744826edc64cc288193e1d52754e#AATGTCATCCCTCAGT-1,at10_1,0.24689696956763024,AC-gliosis-hypoxia
3113,cellranger-arc201_count_9b9f744826edc64cc288193e1d52754e#ACATTAGTCCTCCTAA-1,at10_1,0.26759092726455724,AC-gliosis-hypoxia
3114,cellranger-arc201_count_9b9f744826edc64cc288193e1d52754e#ACCAATATCCTGGTCT-1,at10_1,0.45228429089349276,AC-gliosis-hypoxia
3115,cellranger-arc201_count_9b9f744826edc64cc288193e1d52754e#ACCCGCTGTTTATCTG-1,at10_1,0.2623698556030141,AC-gliosis-hypoxia
3116,cellranger-arc201_count_9b9f744826edc64cc288193e1d52754e#ACCTGGTCACCCACCT-1,at10_1,0.23004982276486666,AC-gliosis-hypoxia
3117,cellranger-arc201_count_9b9f744826edc64cc288193e1d52754e#ACCTTCCAGTCACTAA-1,at10_1,0.29351756680029994,AC-gliosis-hypoxia
3118,cellranger-arc201_count_9b9f744826edc64cc288193e1d52754e#ACCTTGTGTAGCCTCC-1,at10_1,0.17824322106076135,AC-gliosis-hypoxia
3119,cellranger-arc201_count_9b9f744826edc64cc288193e1d52754e#ACGGTACGTAACGAGG-1,at10_1,0.31291767186405167,AC-gliosis-hypoxia
3120,cellranger-arc201_count_9b9f744826edc64cc288193e1d52754e#ACTAACTCACGCAACT-1,at10_1,0.25221384607328595,AC-gliosis-hypoxia
3121,cellranger-arc201_count_9b9f744826edc64cc288193e1d52754e#ACTCACTGTTTACGTC-1,at10_1,0.12059302502451902,AC-gliosis-hypoxia
3122,cellranger-arc201_count_9b9f744826edc64cc288193e1d52754e#ACTCGCTTCACTCAAA-1,at10_1,0.27612140060751716,AC-gliosis-hypoxia
3123,cellranger-arc201_count_9b9f744826edc64cc288193e1d52754e#ACTTACTTCAGCACGC-1,at10_1,0.24996250184201935,AC-gliosis-hypoxia
3124,cellranger-arc201_count_9b9f744826edc64cc288193e1d52754e#AGACCCGGTAAGCACC-1,at10_1,0.31347880259007466,AC-gliosis-hypoxia
3125,cellranger-arc201_count_9b9f744826edc64cc288193e1d52754e#AGCGTGCTCAGTTCCC-1,at10_1,0.3091637423880688,AC-gliosis-hypoxia
3126,cellranger-arc201_count_9b9f744826edc64cc288193e1d52754e#AGCTTGGTCAGCACGC-1,at10_1,0.5038421090507895,AC-gliosis-hypoxia
3127,cellranger-arc201_count_9b9f744826edc64cc288193e1d52754e#AGCTTGGTCCTGAGTG-1,at10_1,0.24994381975820665,AC-gliosis-hypoxia
3128,cellranger-arc201_count_9b9f744826edc64cc288193e1d52754e#AGGATGCAGTAACCCG-1,at10_1,0.30577780263153853,AC-gliosis-hypoxia
3129,cellranger-arc201_count_9b9f744826edc64cc288193e1d52754e#AGGCTAGCATTGTCAG-1,at10_1,0.27045165267079985,AC-gliosis-hypoxia
3130,cellranger-arc201_count_9b9f744826edc64cc288193e1d52754e#AGGGCCTTCCTCCATA-1,at10_1,0.2663310142143442,AC-gliosis-hypoxia
3131,cellranger-arc201_count_9b9f744826edc64cc288193e1d52754e#AGGTATTGTTAGACCA-1,at10_1,0.17714186906466664,AC-gliosis-hypoxia
3132,cellranger-arc201_count_9b9f744826edc64cc288193e1d52754e#AGTTACTCAGGATGGC-1,at10_1,0.42444091410600837,AC-gliosis-hypoxia
3133,cellranger-arc201_count_9b9f744826edc64cc288193e1d52754e#ATCCTGACAGCATTAT-1,at10_1,0.25493513798365064,AC-gliosis-hypoxia
3134,cellranger-arc201_count_9b9f744826edc64cc288193e1d52754e#ATGTCAATCTGGCTTC-1,at10_1,0.30293010735230697,AC-gliosis-hypoxia
3135,cellranger-arc201_count_9b9f744826edc64cc288193e1d52754e#ATGTCATCATCCCGCT-1,at10_1,0.2454210849464258,AC-gliosis-hypoxia
3136,cellranger-arc201_count_9b9f744826edc64cc288193e1d52754e#ATGTCCACAGGACCTT-1,at10_1,0.25995585752132444,AC-gliosis-hypoxia
3137,cellranger-arc201_count_9b9f744826edc64cc288193e1d52754e#ATTACTGAGTTCCTGC-1,at10_1,0.22725023872382938,AC-gliosis-hypoxia
3138,cellranger-arc201_count_9b9f744826edc64cc288193e1d52754e#ATTCACTTCCTAGTAA-1,at10_1,0.24766906027733274,AC-gliosis-hypoxia
3139,cellranger-arc201_count_9b9f744826edc64cc288193e1d52754e#ATTCGTTTCCTAACGG-1,at10_1,0.28824242568009173,AC-gliosis-hypoxia
3140,cellranger-arc201_count_9b9f744826edc64cc288193e1d52754e#ATTGACTCACTAAGCC-1,at10_1,0.3595441159485852,AC-gliosis-hypoxia
3141,cellranger-arc201_count_9b9f744826edc64cc288193e1d52754e#ATTGCACAGTCACCTC-1,at10_1,0.1890199992055242,AC-gliosis-hypoxia
3142,cellranger-arc201_count_9b9f744826edc64cc288193e1d52754e#CAAGACAAGACTATTG-1,at10_1,0.30997439447792124,AC-gliosis-hypoxia
3143,cellranger-arc201_count_9b9f744826edc64cc288193e1d52754e#CAATAAGCACAAGCCT-1,at10_1,0.29340185481769837,AC-gliosis-hypoxia
3144,cellranger-arc201_count_9b9f744826edc64cc288193e1d52754e#CAATCCTGTAACCACA-1,at10_1,0.25549470954917664,AC-gliosis-hypoxia
3145,cellranger-arc201_count_9b9f744826edc64cc288193e1d52754e#CACCTCAGTGGTTCCC-1,at10_1,0.17425126902961477,AC-gliosis-hypoxia
3146,cellranger-arc201_count_9b9f744826edc64cc288193e1d52754e#CAGCCTTTCAAGCTTA-1,at10_1,0.4226029423015188,AC-gliosis-hypoxia
3147,cellranger-arc201_count_9b9f744826edc64cc288193e1d52754e#CAGCTCAAGCATTTCT-1,at10_1,0.14660720028530966,AC-gliosis-hypoxia
3148,cellranger-arc201_count_9b9f744826edc64cc288193e1d52754e#CATATCGCACCTCAGG-1,at10_1,0.26835519432962285,AC-gliosis-hypoxia
3149,cellranger-arc201_count_9b9f744826edc64cc288193e1d52754e#CATTCATTCAGCTAAC-1,at10_1,0.2619547012785262,AC-gliosis-hypoxia
3150,cellranger-arc201_count_9b9f744826edc64cc288193e1d52754e#CATTGTAAGTGAACAG-1,at10_1,0.24691147532868304,AC-gliosis-hypoxia
3151,cellranger-arc201_count_9b9f744826edc64cc288193e1d52754e#CCACAATAGGACGTAA-1,at10_1,0.31395100548346305,AC-gliosis-hypoxia
3152,cellranger-arc201_count_9b9f744826edc64cc288193e1d52754e#CCAGGATGTAATCACG-1,at10_1,0.2934109870434667,AC-gliosis-hypoxia
3153,cellranger-arc201_count_9b9f744826edc64cc288193e1d52754e#CCCTAATGTGTTTGTC-1,at10_1,0.34885637700506394,AC-gliosis-hypoxia
3154,cellranger-arc201_count_9b9f744826edc64cc288193e1d52754e#CCGCACACAAAGGCCA-1,at10_1,0.3017613773490188,AC-gliosis-hypoxia
3155,cellranger-arc201_count_9b9f744826edc64cc288193e1d52754e#CCGTTACTCCCTGTTA-1,at10_1,0.2947205704923711,AC-gliosis-hypoxia
3156,cellranger-arc201_count_9b9f744826edc64cc288193e1d52754e#CCTAAATCATGCTCCC-1,at10_1,0.28951163800898344,AC-gliosis-hypoxia
3157,cellranger-arc201_count_9b9f744826edc64cc288193e1d52754e#CCTAATAAGTATTGCA-1,at10_1,0.17966163948078928,AC-gliosis-hypoxia
3158,cellranger-arc201_count_9b9f744826edc64cc288193e1d52754e#CCTCAATGTACAAAGA-1,at10_1,0.29317151669641295,AC-gliosis-hypoxia
3159,cellranger-arc201_count_9b9f744826edc64cc288193e1d52754e#CCTCAGTTCATTATGG-1,at10_1,0.20217534629389672,AC-gliosis-hypoxia
3160,cellranger-arc201_count_9b9f744826edc64cc288193e1d52754e#CCTTTAGTCGAGCAAA-1,at10_1,0.42981046796274247,AC-gliosis-hypoxia
3161,cellranger-arc201_count_9b9f744826edc64cc288193e1d52754e#CGAAATGAGGGATGCG-1,at10_1,0.4573406483853846,AC-gliosis-hypoxia
3162,cellranger-arc201_count_9b9f744826edc64cc288193e1d52754e#CGAAATGAGGTACCGC-1,at10_1,0.18410478750184184,AC-gliosis-hypoxia
3163,cellranger-arc201_count_9b9f744826edc64cc288193e1d52754e#CGAGGCAAGCCTCTGT-1,at10_1,0.30362415651070235,AC-gliosis-hypoxia
3164,cellranger-arc201_count_9b9f744826edc64cc288193e1d52754e#CGCTTACTCAACCAAC-1,at10_1,0.29860752976933325,AC-gliosis-hypoxia
3165,cellranger-arc201_count_9b9f744826edc64cc288193e1d52754e#CGGATAAAGGTAAGCA-1,at10_1,0.276711097381218,AC-gliosis-hypoxia
3166,cellranger-arc201_count_9b9f744826edc64cc288193e1d52754e#CGTAATGGTAGCAGCT-1,at10_1,0.2596245916000075,AC-gliosis-hypoxia
3167,cellranger-arc201_count_9b9f744826edc64cc288193e1d52754e#CGTGGTTCAGGTTTGC-1,at10_1,0.29026448979183866,AC-gliosis-hypoxia
3168,cellranger-arc201_count_9b9f744826edc64cc288193e1d52754e#CGTTGCAAGCTATATG-1,at10_1,0.116129914180674,AC-gliosis-hypoxia
3169,cellranger-arc201_count_9b9f744826edc64cc288193e1d52754e#CGTTGCGCAGTCTAAT-1,at10_1,0.31558439315701997,AC-gliosis-hypoxia
3170,cellranger-arc201_count_9b9f744826edc64cc288193e1d52754e#CGTTTCTCAACCCTAA-1,at10_1,0.2972388095901484,AC-gliosis-hypoxia
3171,cellranger-arc201_count_9b9f744826edc64cc288193e1d52754e#CTAATCGCAATACTGT-1,at10_1,0.17917564080121723,AC-gliosis-hypoxia
3172,cellranger-arc201_count_9b9f744826edc64cc288193e1d52754e#CTAATTGAGGACCGCT-1,at10_1,0.2908492306625311,AC-gliosis-hypoxia
3173,cellranger-arc201_count_9b9f744826edc64cc288193e1d52754e#CTATGATCAACTGGCT-1,at10_1,0.2632197929689616,AC-gliosis-hypoxia
3174,cellranger-arc201_count_9b9f744826edc64cc288193e1d52754e#CTCATGCTCTAAGGAG-1,at10_1,0.31700445426400015,AC-gliosis-hypoxia
3175,cellranger-arc201_count_9b9f744826edc64cc288193e1d52754e#CTCATTTAGGGCTTTG-1,at10_1,0.30517231935780526,AC-gliosis-hypoxia
3176,cellranger-arc201_count_9b9f744826edc64cc288193e1d52754e#CTCCGTCCAGCATGGA-1,at10_1,0.2510612645180029,AC-gliosis-hypoxia
3177,cellranger-arc201_count_9b9f744826edc64cc288193e1d52754e#CTCCTCACAACCTGGT-1,at10_1,0.27879352327792173,AC-gliosis-hypoxia
3178,cellranger-arc201_count_9b9f744826edc64cc288193e1d52754e#CTGCTACTCATAGACC-1,at10_1,0.2843481996015273,AC-gliosis-hypoxia
3179,cellranger-arc201_count_9b9f744826edc64cc288193e1d52754e#CTGGTTACACCACAAC-1,at10_1,0.3471100894062304,AC-gliosis-hypoxia
3180,cellranger-arc201_count_9b9f744826edc64cc288193e1d52754e#CTGTAACAGCATGTCG-1,at10_1,0.4654643757336798,AC-gliosis-hypoxia
3181,cellranger-arc201_count_9b9f744826edc64cc288193e1d52754e#CTGTATTTCGCTTCTA-1,at10_1,0.340994365883057,AC-gliosis-hypoxia
3182,cellranger-arc201_count_9b9f744826edc64cc288193e1d52754e#CTTATGTTCAATGTGC-1,at10_1,0.2772857593929832,AC-gliosis-hypoxia
3183,cellranger-arc201_count_9b9f744826edc64cc288193e1d52754e#CTTTCTTGTGGATTGC-1,at10_1,0.29829564198562236,AC-gliosis-hypoxia
3184,cellranger-arc201_count_9b9f744826edc64cc288193e1d52754e#GAAGCCTGTTTGTTGC-1,at10_1,0.2628489355078806,AC-gliosis-hypoxia
3185,cellranger-arc201_count_9b9f744826edc64cc288193e1d52754e#GACACCGGTGGAAGGC-1,at10_1,0.24204959526664488,AC-gliosis-hypoxia
3186,cellranger-arc201_count_9b9f744826edc64cc288193e1d52754e#GACCGTTCATCGCTCC-1,at10_1,0.3414343554068906,AC-gliosis-hypoxia
3187,cellranger-arc201_count_9b9f744826edc64cc288193e1d52754e#GACCTAAGTTGTTGCT-1,at10_1,0.3343992840334997,AC-gliosis-hypoxia
3188,cellranger-arc201_count_9b9f744826edc64cc288193e1d52754e#GACGCAACAAACTAAG-1,at10_1,0.3042003776829646,AC-gliosis-hypoxia
3189,cellranger-arc201_count_9b9f744826edc64cc288193e1d52754e#GATCGAGCAAGATTCT-1,at10_1,0.2999897533921085,AC-gliosis-hypoxia
3190,cellranger-arc201_count_9b9f744826edc64cc288193e1d52754e#GATCGATTCAATCTAG-1,at10_1,0.35963045446110864,AC-gliosis-hypoxia
3191,cellranger-arc201_count_9b9f744826edc64cc288193e1d52754e#GATGCATTCATAAGCC-1,at10_1,0.30382242047319175,AC-gliosis-hypoxia
3192,cellranger-arc201_count_9b9f744826edc64cc288193e1d52754e#GATTCCTGTGCAACTA-1,at10_1,0.43935857195153655,AC-gliosis-hypoxia
3193,cellranger-arc201_count_9b9f744826edc64cc288193e1d52754e#GCAATAGAGTAACTCA-1,at10_1,0.2478457187300774,AC-gliosis-hypoxia
3194,cellranger-arc201_count_9b9f744826edc64cc288193e1d52754e#GCAATCTAGTTATCTC-1,at10_1,0.21220556498209606,AC-gliosis-hypoxia
3195,cellranger-arc201_count_9b9f744826edc64cc288193e1d52754e#GCACGGTTCTTTGAGA-1,at10_1,0.2717235656884097,AC-gliosis-hypoxia
3196,cellranger-arc201_count_9b9f744826edc64cc288193e1d52754e#GCAGGTTGTAATGGCC-1,at10_1,0.2409171992713681,AC-gliosis-hypoxia
3197,cellranger-arc201_count_9b9f744826edc64cc288193e1d52754e#GCATCCTTCGTTTCGC-1,at10_1,0.26210382384320713,AC-gliosis-hypoxia
3198,cellranger-arc201_count_9b9f744826edc64cc288193e1d52754e#GCCAGGAAGGAGCACG-1,at10_1,0.2711628804368144,AC-gliosis-hypoxia
3199,cellranger-arc201_count_9b9f744826edc64cc288193e1d52754e#GCGGAACCACCGTTCC-1,at10_1,0.2719146185336002,AC-gliosis-hypoxia
3200,cellranger-arc201_count_9b9f744826edc64cc288193e1d52754e#GCTAACCCAAGGGTTG-1,at10_1,0.20839169135343255,AC-gliosis-hypoxia
3201,cellranger-arc201_count_9b9f744826edc64cc288193e1d52754e#GCTAACCCATGCTATG-1,at10_1,0.29497824960665825,AC-gliosis-hypoxia
3202,cellranger-arc201_count_9b9f744826edc64cc288193e1d52754e#GGAACCTGTGTGAGAG-1,at10_1,0.23661221792828957,AC-gliosis-hypoxia
3203,cellranger-arc201_count_9b9f744826edc64cc288193e1d52754e#GGATAACCAGTTTCTC-1,at10_1,0.10492392142479817,AC-gliosis-hypoxia
3204,cellranger-arc201_count_9b9f744826edc64cc288193e1d52754e#GGATACTTCATTAGGC-1,at10_1,0.3011573140250238,AC-gliosis-hypoxia
3205,cellranger-arc201_count_9b9f744826edc64cc288193e1d52754e#GGCCAACTCCTCATCA-1,at10_1,0.35938689131775003,AC-gliosis-hypoxia
3206,cellranger-arc201_count_9b9f744826edc64cc288193e1d52754e#GGCTGGTTCGACAAAG-1,at10_1,0.27115628184685375,AC-gliosis-hypoxia
3207,cellranger-arc201_count_9b9f744826edc64cc288193e1d52754e#GGTAAACCAAATGCCC-1,at10_1,0.31030621724227286,AC-gliosis-hypoxia
3208,cellranger-arc201_count_9b9f744826edc64cc288193e1d52754e#GGTGATTTCTATGACA-1,at10_1,0.1336087437219515,AC-gliosis-hypoxia
3209,cellranger-arc201_count_9b9f744826edc64cc288193e1d52754e#GTACTAATCAGCATTA-1,at10_1,0.32440228103231766,AC-gliosis-hypoxia
3210,cellranger-arc201_count_9b9f744826edc64cc288193e1d52754e#GTAGCCATCAGTGAAG-1,at10_1,0.25389818488451393,AC-gliosis-hypoxia
3211,cellranger-arc201_count_9b9f744826edc64cc288193e1d52754e#GTAGGTGCAATGAAGC-1,at10_1,0.10343426885956186,AC-gliosis-hypoxia
3212,cellranger-arc201_count_9b9f744826edc64cc288193e1d52754e#GTATTGATCTCGACCT-1,at10_1,0.2866557571371425,AC-gliosis-hypoxia
3213,cellranger-arc201_count_9b9f744826edc64cc288193e1d52754e#GTCATGCCAAGGACCA-1,at10_1,0.3396944715029556,AC-gliosis-hypoxia
3214,cellranger-arc201_count_9b9f744826edc64cc288193e1d52754e#GTCGCAATCCGCTAGA-1,at10_1,0.27621166486343496,AC-gliosis-hypoxia
3215,cellranger-arc201_count_9b9f744826edc64cc288193e1d52754e#GTCTATCGTTATCCGT-1,at10_1,0.26546974509264154,AC-gliosis-hypoxia
3216,cellranger-arc201_count_9b9f744826edc64cc288193e1d52754e#GTGAACAAGTATTGTG-1,at10_1,0.30396909292852015,AC-gliosis-hypoxia
3217,cellranger-arc201_count_9b9f744826edc64cc288193e1d52754e#GTTACGTAGCTGCACA-1,at10_1,0.2928541440088106,AC-gliosis-hypoxia
3218,cellranger-arc201_count_9b9f744826edc64cc288193e1d52754e#GTTCGCGCAGCAACCT-1,at10_1,0.30199761800647174,AC-gliosis-hypoxia
3219,cellranger-arc201_count_9b9f744826edc64cc288193e1d52754e#TAATGGTGTGCTTACT-1,at10_1,0.15671724242252696,AC-gliosis-hypoxia
3220,cellranger-arc201_count_9b9f744826edc64cc288193e1d52754e#TACCTGCTCTTCAATC-1,at10_1,0.22059195518983868,AC-gliosis-hypoxia
3221,cellranger-arc201_count_9b9f744826edc64cc288193e1d52754e#TACCTTTAGCTCAATA-1,at10_1,0.3425753824692045,AC-gliosis-hypoxia
3222,cellranger-arc201_count_9b9f744826edc64cc288193e1d52754e#TACTCAAAGCAATAGG-1,at10_1,0.24164059405768992,AC-gliosis-hypoxia
3223,cellranger-arc201_count_9b9f744826edc64cc288193e1d52754e#TACTGGCCAACTAGCC-1,at10_1,0.24601192324834775,AC-gliosis-hypoxia
3224,cellranger-arc201_count_9b9f744826edc64cc288193e1d52754e#TAGCGGCTCCATTACT-1,at10_1,0.24746862462700828,AC-gliosis-hypoxia
3225,cellranger-arc201_count_9b9f744826edc64cc288193e1d52754e#TAGGCTTAGCACCACA-1,at10_1,0.4397395639558483,AC-gliosis-hypoxia
3226,cellranger-arc201_count_9b9f744826edc64cc288193e1d52754e#TATTGACCAGTTTCTC-1,at10_1,0.18758303791244224,AC-gliosis-hypoxia
3227,cellranger-arc201_count_9b9f744826edc64cc288193e1d52754e#TCATAACCATATAACC-1,at10_1,0.29802011605207446,AC-gliosis-hypoxia
3228,cellranger-arc201_count_9b9f744826edc64cc288193e1d52754e#TCATACTTCCTACCTA-1,at10_1,0.4542030606223109,AC-gliosis-hypoxia
3229,cellranger-arc201_count_9b9f744826edc64cc288193e1d52754e#TCCAGGTCAATAACGA-1,at10_1,0.3438754995865197,AC-gliosis-hypoxia
3230,cellranger-arc201_count_9b9f744826edc64cc288193e1d52754e#TCTAACCGTGCTGGTG-1,at10_1,0.27089545656942077,AC-gliosis-hypoxia
3231,cellranger-arc201_count_9b9f744826edc64cc288193e1d52754e#TCTAGCCTCAAGCTAC-1,at10_1,0.1502004387825666,AC-gliosis-hypoxia
3232,cellranger-arc201_count_9b9f744826edc64cc288193e1d52754e#TGACTTAAGGCACAGG-1,at10_1,0.43239511059240254,AC-gliosis-hypoxia
3233,cellranger-arc201_count_9b9f744826edc64cc288193e1d52754e#TGAGCACGTAATCGGC-1,at10_1,0.07261629922578564,AC-gliosis-hypoxia
3234,cellranger-arc201_count_9b9f744826edc64cc288193e1d52754e#TGAGGCACACGTGCTG-1,at10_1,0.28952163334145564,AC-gliosis-hypoxia
3235,cellranger-arc201_count_9b9f744826edc64cc288193e1d52754e#TGCCTGTTCTTAGCCC-1,at10_1,0.2866026899959397,AC-gliosis-hypoxia
3236,cellranger-arc201_count_9b9f744826edc64cc288193e1d52754e#TGCGGTTCAGCCGCTA-1,at10_1,0.2631197004334821,AC-gliosis-hypoxia
3237,cellranger-arc201_count_9b9f744826edc64cc288193e1d52754e#TGGCCTGCAGTTTCTC-1,at10_1,0.3173762583582401,AC-gliosis-hypoxia
3238,cellranger-arc201_count_9b9f744826edc64cc288193e1d52754e#TGGGCATGTTTGTGGA-1,at10_1,0.15909950045124127,AC-gliosis-hypoxia
3239,cellranger-arc201_count_9b9f744826edc64cc288193e1d52754e#TGGTTCCTCGGTCATG-1,at10_1,0.2950836599931187,AC-gliosis-hypoxia
3240,cellranger-arc201_count_9b9f744826edc64cc288193e1d52754e#TGTTGTAAGCAAACCT-1,at10_1,0.42220616379717446,AC-gliosis-hypoxia
3241,cellranger-arc201_count_9b9f744826edc64cc288193e1d52754e#TTAGAAGCAATATACC-1,at10_1,0.14977166964588132,AC-gliosis-hypoxia
3242,cellranger-arc201_count_9b9f744826edc64cc288193e1d52754e#TTAGCAGGTGGACATC-1,at10_1,0.3908569589477983,AC-gliosis-hypoxia
3243,cellranger-arc201_count_9b9f744826edc64cc288193e1d52754e#TTAGGCCCACAGAACG-1,at10_1,0.439133440312625,AC-gliosis-hypoxia
3244,cellranger-arc201_count_9b9f744826edc64cc288193e1d52754e#TTATAGCCACCCACCT-1,at10_1,0.31262532927085707,AC-gliosis-hypoxia
3245,cellranger-arc201_count_9b9f744826edc64cc288193e1d52754e#TTGGATTCATGTTTGG-1,at10_1,0.2531277925460671,AC-gliosis-hypoxia
3246,cellranger-arc201_count_9b9f744826edc64cc288193e1d52754e#TTGTAAGTCTTAGCCC-1,at10_1,0.3101503568768726,AC-gliosis-hypoxia
3247,cellranger-arc201_count_9b9f744826edc64cc288193e1d52754e#TTTCACCCAGTCTAAT-1,at10_1,0.20309995631079156,AC-gliosis-hypoxia
3248,cellranger-arc201_count_9b9f744826edc64cc288193e1d52754e#TTTCCTGAGCACCACA-1,at10_1,0.19202770333076427,AC-gliosis-hypoxia
3249,cellranger-arc201_count_9b9f744826edc64cc288193e1d52754e#TTTGGTAAGGAATAAC-1,at10_1,0.2755550077148166,AC-gliosis-hypoxia
3250,cellranger-arc201_count_877c4ccf6b72738da66f3017a5f79449#AAACCGAAGGATTGCT-1,at10_1,0.4533999815977298,AC-gliosis-hypoxia
3251,cellranger-arc201_count_877c4ccf6b72738da66f3017a5f79449#AAAGCGGGTAACGGGA-1,at10_1,0.25291599729783565,AC-gliosis-hypoxia
3252,cellranger-arc201_count_877c4ccf6b72738da66f3017a5f79449#AACAAAGGTTACAAAC-1,at10_1,0.36365645744382447,AC-gliosis-hypoxia
3253,cellranger-arc201_count_877c4ccf6b72738da66f3017a5f79449#AACCCGCAGCTGGCTA-1,at10_1,0.3018184537600711,AC-gliosis-hypoxia
3254,cellranger-arc201_count_877c4ccf6b72738da66f3017a5f79449#AACCTAATCATTAGCA-1,at10_1,0.3397870188153155,AC-gliosis-hypoxia
3255,cellranger-arc201_count_877c4ccf6b72738da66f3017a5f79449#AACTACTCACAAACTT-1,at10_1,0.2688951371781772,AC-gliosis-hypoxia
3256,cellranger-arc201_count_877c4ccf6b72738da66f3017a5f79449#AACTACTCACAGCCAT-1,at10_1,0.2907570731402955,AC-gliosis-hypoxia
3257,cellranger-arc201_count_877c4ccf6b72738da66f3017a5f79449#AACTACTCATTATGAC-1,at10_1,0.30577886063330434,AC-gliosis-hypoxia
3258,cellranger-arc201_count_877c4ccf6b72738da66f3017a5f79449#AAGCATGAGACAGGTA-1,at10_1,0.3445647877369688,AC-gliosis-hypoxia
3259,cellranger-arc201_count_877c4ccf6b72738da66f3017a5f79449#AAGCCTTAGCCTGTTC-1,at10_1,0.32435700969360015,AC-gliosis-hypoxia
3260,cellranger-arc201_count_877c4ccf6b72738da66f3017a5f79449#AAGCTCCCAGCGCTTG-1,at10_1,0.43338392461119324,AC-gliosis-hypoxia
3261,cellranger-arc201_count_877c4ccf6b72738da66f3017a5f79449#AAGGATGTCCCGAACA-1,at10_1,0.35223741654288915,AC-gliosis-hypoxia
3262,cellranger-arc201_count_877c4ccf6b72738da66f3017a5f79449#AATCATCCACTTCACT-1,at10_1,0.24993655295660439,AC-gliosis-hypoxia
3263,cellranger-arc201_count_877c4ccf6b72738da66f3017a5f79449#AATGGCGCAGAAATGC-1,at10_1,0.31478693824708887,AC-gliosis-hypoxia
3264,cellranger-arc201_count_877c4ccf6b72738da66f3017a5f79449#AATGTCCAGCAATAGG-1,at10_1,0.2888754169997371,AC-gliosis-hypoxia
3265,cellranger-arc201_count_877c4ccf6b72738da66f3017a5f79449#AATTACCCACGCAACT-1,at10_1,0.2820469622343555,AC-gliosis-hypoxia
3266,cellranger-arc201_count_877c4ccf6b72738da66f3017a5f79449#AATTGCCAGTTATCCT-1,at10_1,0.3515573441446636,AC-gliosis-hypoxia
3267,cellranger-arc201_count_877c4ccf6b72738da66f3017a5f79449#ACCAAACTCTAACCAA-1,at10_1,0.28298334948143333,AC-gliosis-hypoxia
3268,cellranger-arc201_count_877c4ccf6b72738da66f3017a5f79449#ACCCAACCATATAACC-1,at10_1,0.26300468450467385,AC-gliosis-hypoxia
3269,cellranger-arc201_count_877c4ccf6b72738da66f3017a5f79449#ACCTACCTCATCCTGC-1,at10_1,0.13267397131967423,AC-gliosis-hypoxia
3270,cellranger-arc201_count_877c4ccf6b72738da66f3017a5f79449#ACCTTCCAGTCACTCC-1,at10_1,0.30742143621693313,AC-gliosis-hypoxia
3271,cellranger-arc201_count_877c4ccf6b72738da66f3017a5f79449#ACCTTGTGTTCAAGAT-1,at10_1,0.26485727343882326,AC-gliosis-hypoxia
3272,cellranger-arc201_count_877c4ccf6b72738da66f3017a5f79449#ACGTACCCAGTCTAAT-1,at10_1,0.31433748239166615,AC-gliosis-hypoxia
3273,cellranger-arc201_count_877c4ccf6b72738da66f3017a5f79449#ACGTTACAGCAGGTGG-1,at10_1,0.31318994026584673,AC-gliosis-hypoxia
3274,cellranger-arc201_count_877c4ccf6b72738da66f3017a5f79449#ACTTGTCGTGCAACTA-1,at10_1,0.4283542955849649,AC-gliosis-hypoxia
3275,cellranger-arc201_count_877c4ccf6b72738da66f3017a5f79449#AGAATCGAGGGTGGAT-1,at10_1,0.2615078069010629,AC-gliosis-hypoxia
3276,cellranger-arc201_count_877c4ccf6b72738da66f3017a5f79449#AGCGGACCATCAGCAC-1,at10_1,0.31083622044265863,AC-gliosis-hypoxia
3277,cellranger-arc201_count_877c4ccf6b72738da66f3017a5f79449#AGGCAATCACCTCACC-1,at10_1,0.2929469697426878,AC-gliosis-hypoxia
3278,cellranger-arc201_count_877c4ccf6b72738da66f3017a5f79449#AGGTTGCGTGCTTACT-1,at10_1,0.28561596413852897,AC-gliosis-hypoxia
3279,cellranger-arc201_count_877c4ccf6b72738da66f3017a5f79449#AGTTTGCAGTCACGAT-1,at10_1,0.2625436463141303,AC-gliosis-hypoxia
3280,cellranger-arc201_count_877c4ccf6b72738da66f3017a5f79449#ATCAATCCATTGTCCT-1,at10_1,0.20089246346850412,AC-gliosis-hypoxia
3281,cellranger-arc201_count_877c4ccf6b72738da66f3017a5f79449#ATCGAGGCAGTTTCTC-1,at10_1,0.2777635585588699,AC-gliosis-hypoxia
3282,cellranger-arc201_count_877c4ccf6b72738da66f3017a5f79449#ATGGCTTAGGCTGGCT-1,at10_1,0.2112462079598387,AC-gliosis-hypoxia
3283,cellranger-arc201_count_877c4ccf6b72738da66f3017a5f79449#ATTGACTCACAAGCCT-1,at10_1,0.28652283870477,AC-gliosis-hypoxia
3284,cellranger-arc201_count_877c4ccf6b72738da66f3017a5f79449#ATTGACTCACCTAATG-1,at10_1,0.2834683597646188,AC-gliosis-hypoxia
3285,cellranger-arc201_count_877c4ccf6b72738da66f3017a5f79449#CAACCCGCACAGCCTG-1,at10_1,0.4517592992804189,AC-gliosis-hypoxia
3286,cellranger-arc201_count_877c4ccf6b72738da66f3017a5f79449#CAAGGTTTCGAAGTAG-1,at10_1,0.31196510832681706,AC-gliosis-hypoxia
3287,cellranger-arc201_count_877c4ccf6b72738da66f3017a5f79449#CACTAGCCAAGGTGCA-1,at10_1,0.2754541912833921,AC-gliosis-hypoxia
3288,cellranger-arc201_count_877c4ccf6b72738da66f3017a5f79449#CAGCTATAGGCTAGAA-1,at10_1,0.17425948246437595,AC-gliosis-hypoxia
3289,cellranger-arc201_count_877c4ccf6b72738da66f3017a5f79449#CAGTATGGTGCTAGCG-1,at10_1,0.41747422305727333,AC-gliosis-hypoxia
3290,cellranger-arc201_count_877c4ccf6b72738da66f3017a5f79449#CATAATGTCAAGTGTC-1,at10_1,0.18436069863949395,AC-gliosis-hypoxia
3291,cellranger-arc201_count_877c4ccf6b72738da66f3017a5f79449#CATCATGCAGTACCGT-1,at10_1,0.2696607128243742,AC-gliosis-hypoxia
3292,cellranger-arc201_count_877c4ccf6b72738da66f3017a5f79449#CCACATTGTCAAAGAA-1,at10_1,0.3112909941490623,AC-gliosis-hypoxia
3293,cellranger-arc201_count_877c4ccf6b72738da66f3017a5f79449#CCAGCTGCAGCTTAGC-1,at10_1,0.27186066044354207,AC-gliosis-hypoxia
3294,cellranger-arc201_count_877c4ccf6b72738da66f3017a5f79449#CCCGCTTCAACCCTAA-1,at10_1,0.41599466327204015,AC-gliosis-hypoxia
3295,cellranger-arc201_count_877c4ccf6b72738da66f3017a5f79449#CCCTGTTAGTCACTCC-1,at10_1,0.2846699713491034,AC-gliosis-hypoxia
3296,cellranger-arc201_count_877c4ccf6b72738da66f3017a5f79449#CCGCACACAGTATGTT-1,at10_1,0.30395046652901087,AC-gliosis-hypoxia
3297,cellranger-arc201_count_877c4ccf6b72738da66f3017a5f79449#CCTAATAAGGACCGCT-1,at10_1,0.2680424434392082,AC-gliosis-hypoxia
3298,cellranger-arc201_count_877c4ccf6b72738da66f3017a5f79449#CCTGGTAAGGCAATAG-1,at10_1,0.31660341591044083,AC-gliosis-hypoxia
3299,cellranger-arc201_count_877c4ccf6b72738da66f3017a5f79449#CGAGGTGAGCCTAATA-1,at10_1,0.26763703386782683,AC-gliosis-hypoxia
3300,cellranger-arc201_count_877c4ccf6b72738da66f3017a5f79449#CGTTGCGCAACCCTAA-1,at10_1,0.1723121049246523,AC-gliosis-hypoxia
3301,cellranger-arc201_count_877c4ccf6b72738da66f3017a5f79449#CTAAGTCAGTAAGAAC-1,at10_1,0.35065812617014913,AC-gliosis-hypoxia
3302,cellranger-arc201_count_877c4ccf6b72738da66f3017a5f79449#CTAATCTTCCTACCTA-1,at10_1,0.26595882032998003,AC-gliosis-hypoxia
3303,cellranger-arc201_count_877c4ccf6b72738da66f3017a5f79449#CTACTAAAGGGCTTAT-1,at10_1,0.3197571242793677,AC-gliosis-hypoxia
3304,cellranger-arc201_count_877c4ccf6b72738da66f3017a5f79449#CTCATCATCATGGCCA-1,at10_1,0.18819789007023374,AC-gliosis-hypoxia
3305,cellranger-arc201_count_877c4ccf6b72738da66f3017a5f79449#CTCATGCTCCTAATTC-1,at10_1,0.1752475586661457,AC-gliosis-hypoxia
3306,cellranger-arc201_count_877c4ccf6b72738da66f3017a5f79449#CTCGCTCCAAATACCT-1,at10_1,0.26121710699482065,AC-gliosis-hypoxia
3307,cellranger-arc201_count_877c4ccf6b72738da66f3017a5f79449#CTCGTTATCCCGCCTA-1,at10_1,0.24969287844463883,AC-gliosis-hypoxia
3308,cellranger-arc201_count_877c4ccf6b72738da66f3017a5f79449#CTGGTCAAGAATCGCT-1,at10_1,0.308683242533464,AC-gliosis-hypoxia
3309,cellranger-arc201_count_877c4ccf6b72738da66f3017a5f79449#CTGTTCATCAGCCAAT-1,at10_1,0.2526666151447649,AC-gliosis-hypoxia
3310,cellranger-arc201_count_877c4ccf6b72738da66f3017a5f79449#CTTAGGAGTCATGCAA-1,at10_1,0.26924461186672743,AC-gliosis-hypoxia
3311,cellranger-arc201_count_877c4ccf6b72738da66f3017a5f79449#CTTCGCGTCCTAATAG-1,at10_1,0.2465707152336252,AC-gliosis-hypoxia
3312,cellranger-arc201_count_877c4ccf6b72738da66f3017a5f79449#GAAGTCAAGGCTACAT-1,at10_1,0.2455316461309568,AC-gliosis-hypoxia
3313,cellranger-arc201_count_877c4ccf6b72738da66f3017a5f79449#GACCGAACAGCATGTC-1,at10_1,0.38007438963547496,AC-gliosis-hypoxia
3314,cellranger-arc201_count_877c4ccf6b72738da66f3017a5f79449#GACGCCTAGCCGCAAC-1,at10_1,0.29986154028337897,AC-gliosis-hypoxia
3315,cellranger-arc201_count_877c4ccf6b72738da66f3017a5f79449#GAGGTTAAGTCATGCG-1,at10_1,0.26842599692147934,AC-gliosis-hypoxia
3316,cellranger-arc201_count_877c4ccf6b72738da66f3017a5f79449#GATAAGCCAATGCCCG-1,at10_1,0.7232946172204251,AC-gliosis-hypoxia
3317,cellranger-arc201_count_877c4ccf6b72738da66f3017a5f79449#GCAGGACCATGAGTTT-1,at10_1,0.25692565693748426,AC-gliosis-hypoxia
3318,cellranger-arc201_count_877c4ccf6b72738da66f3017a5f79449#GCAGGCAAGTCTCACC-1,at10_1,0.27294998463008824,AC-gliosis-hypoxia
3319,cellranger-arc201_count_877c4ccf6b72738da66f3017a5f79449#GCCAACATCAGCACGC-1,at10_1,0.10730173863031105,AC-gliosis-hypoxia
3320,cellranger-arc201_count_877c4ccf6b72738da66f3017a5f79449#GCCATGATCAGGAACA-1,at10_1,0.17026285295173826,AC-gliosis-hypoxia
3321,cellranger-arc201_count_877c4ccf6b72738da66f3017a5f79449#GCCTCCATCGTCATTT-1,at10_1,0.17618785773554196,AC-gliosis-hypoxia
3322,cellranger-arc201_count_877c4ccf6b72738da66f3017a5f79449#GCCTCGACACTTACAG-1,at10_1,0.31439144048172435,AC-gliosis-hypoxia
3323,cellranger-arc201_count_877c4ccf6b72738da66f3017a5f79449#GCGAAGTAGTAAAGGT-1,at10_1,0.3092535054852554,AC-gliosis-hypoxia
3324,cellranger-arc201_count_877c4ccf6b72738da66f3017a5f79449#GCGATATTCGGTCATG-1,at10_1,0.311723466291928,AC-gliosis-hypoxia
3325,cellranger-arc201_count_877c4ccf6b72738da66f3017a5f79449#GCGCCTTGTTAGGATT-1,at10_1,0.28243157371839256,AC-gliosis-hypoxia
3326,cellranger-arc201_count_877c4ccf6b72738da66f3017a5f79449#GCGTGCTAGCCGCAAC-1,at10_1,0.29351692643081007,AC-gliosis-hypoxia
3327,cellranger-arc201_count_877c4ccf6b72738da66f3017a5f79449#GCTAAGCGTTCCATTA-1,at10_1,0.36330375306567325,AC-gliosis-hypoxia
3328,cellranger-arc201_count_877c4ccf6b72738da66f3017a5f79449#GCTCATTGTATTCGCT-1,at10_1,0.18260203520421525,AC-gliosis-hypoxia
3329,cellranger-arc201_count_877c4ccf6b72738da66f3017a5f79449#GCTCCTTAGGGTGAAC-1,at10_1,0.28210328690731096,AC-gliosis-hypoxia
3330,cellranger-arc201_count_877c4ccf6b72738da66f3017a5f79449#GGCTTAAGTGCCTCAC-1,at10_1,0.3904524403252724,AC-gliosis-hypoxia
3331,cellranger-arc201_count_877c4ccf6b72738da66f3017a5f79449#GGGCATGAGCACAGCC-1,at10_1,0.3149318844890099,AC-gliosis-hypoxia
3332,cellranger-arc201_count_877c4ccf6b72738da66f3017a5f79449#GGTACTTAGTTCCTCA-1,at10_1,0.2963171229991855,AC-gliosis-hypoxia
3333,cellranger-arc201_count_877c4ccf6b72738da66f3017a5f79449#GGTAGGAGTAATCGTG-1,at10_1,0.35462354463069434,AC-gliosis-hypoxia
3334,cellranger-arc201_count_877c4ccf6b72738da66f3017a5f79449#GGTGATTTCCTAATGA-1,at10_1,0.25472195062783254,AC-gliosis-hypoxia
3335,cellranger-arc201_count_877c4ccf6b72738da66f3017a5f79449#GGTGATTTCGGTAACT-1,at10_1,0.2969517291636315,AC-gliosis-hypoxia
3336,cellranger-arc201_count_877c4ccf6b72738da66f3017a5f79449#GTACCTTGTTAAGTGT-1,at10_1,0.2479916672894608,AC-gliosis-hypoxia
3337,cellranger-arc201_count_877c4ccf6b72738da66f3017a5f79449#GTACTAATCGGCCAGT-1,at10_1,0.30480814401314005,AC-gliosis-hypoxia
3338,cellranger-arc201_count_877c4ccf6b72738da66f3017a5f79449#GTGCCTTTCGGTTTCC-1,at10_1,0.17714526580717804,AC-gliosis-hypoxia
3339,cellranger-arc201_count_877c4ccf6b72738da66f3017a5f79449#GTTACAGGTTGTTGGA-1,at10_1,0.2507875204821659,AC-gliosis-hypoxia
3340,cellranger-arc201_count_877c4ccf6b72738da66f3017a5f79449#GTTGCCCGTTAGTTGG-1,at10_1,0.2934529451661281,AC-gliosis-hypoxia
3341,cellranger-arc201_count_877c4ccf6b72738da66f3017a5f79449#GTTTGTAAGTCACCAG-1,at10_1,0.32965058231825545,AC-gliosis-hypoxia
3342,cellranger-arc201_count_877c4ccf6b72738da66f3017a5f79449#TACCAGGTCCTGATTT-1,at10_1,0.30172740992390484,AC-gliosis-hypoxia
3343,cellranger-arc201_count_877c4ccf6b72738da66f3017a5f79449#TACTTCGTCAAACTCA-1,at10_1,0.18213400863358675,AC-gliosis-hypoxia
3344,cellranger-arc201_count_877c4ccf6b72738da66f3017a5f79449#TAGCCTCTCGGTTCCT-1,at10_1,0.18448994190783766,AC-gliosis-hypoxia
3345,cellranger-arc201_count_877c4ccf6b72738da66f3017a5f79449#TAGCCTGAGCCTAATA-1,at10_1,0.29902811331340906,AC-gliosis-hypoxia
3346,cellranger-arc201_count_877c4ccf6b72738da66f3017a5f79449#TATGGATGTTCATTTG-1,at10_1,0.29136275130909106,AC-gliosis-hypoxia
3347,cellranger-arc201_count_877c4ccf6b72738da66f3017a5f79449#TATTCGTTCGAAGTGA-1,at10_1,0.31725887584653456,AC-gliosis-hypoxia
3348,cellranger-arc201_count_877c4ccf6b72738da66f3017a5f79449#TCCGCCATCAATGTCA-1,at10_1,0.2935618358215551,AC-gliosis-hypoxia
3349,cellranger-arc201_count_877c4ccf6b72738da66f3017a5f79449#TCCTAGTGTGAGGTAG-1,at10_1,0.2366819068340768,AC-gliosis-hypoxia
3350,cellranger-arc201_count_877c4ccf6b72738da66f3017a5f79449#TCGCATTGTCATTGAG-1,at10_1,0.29989225017674026,AC-gliosis-hypoxia
3351,cellranger-arc201_count_877c4ccf6b72738da66f3017a5f79449#TCGGTTACAATATGGA-1,at10_1,0.28331762235513747,AC-gliosis-hypoxia
3352,cellranger-arc201_count_877c4ccf6b72738da66f3017a5f79449#TGAGGGCCATTGTGTG-1,at10_1,0.45667594485491547,AC-gliosis-hypoxia
3353,cellranger-arc201_count_877c4ccf6b72738da66f3017a5f79449#TGCATGAGTGCTCCAC-1,at10_1,0.25714107166544103,AC-gliosis-hypoxia
3354,cellranger-arc201_count_877c4ccf6b72738da66f3017a5f79449#TGCCGGTAGATAAAGC-1,at10_1,0.30727977534891665,AC-gliosis-hypoxia
3355,cellranger-arc201_count_877c4ccf6b72738da66f3017a5f79449#TGGACAAAGTTAACCA-1,at10_1,0.26743826874660626,AC-gliosis-hypoxia
3356,cellranger-arc201_count_877c4ccf6b72738da66f3017a5f79449#TGGCCATCATCTTGAG-1,at10_1,0.12061513169299487,AC-gliosis-hypoxia
3357,cellranger-arc201_count_877c4ccf6b72738da66f3017a5f79449#TGGCTAAGTAACCTAG-1,at10_1,0.2992958712866235,AC-gliosis-hypoxia
3358,cellranger-arc201_count_877c4ccf6b72738da66f3017a5f79449#TGTTTGTTCAACAAGG-1,at10_1,0.364795758292731,AC-gliosis-hypoxia
3359,cellranger-arc201_count_877c4ccf6b72738da66f3017a5f79449#TTACACCGTCACTCGC-1,at10_1,0.25978348675994667,AC-gliosis-hypoxia
3360,cellranger-arc201_count_877c4ccf6b72738da66f3017a5f79449#TTACACCGTCTCAGCC-1,at10_1,0.2694033956580596,AC-gliosis-hypoxia
3361,cellranger-arc201_count_877c4ccf6b72738da66f3017a5f79449#TTATGACCACCTACTT-1,at10_1,0.36672240735048955,AC-gliosis-hypoxia
3362,cellranger-arc201_count_877c4ccf6b72738da66f3017a5f79449#TTCCTTGAGCCATCAG-1,at10_1,0.27906760141957937,AC-gliosis-hypoxia
3363,cellranger-arc201_count_877c4ccf6b72738da66f3017a5f79449#TTTGTGAAGCTAAGTC-1,at10_1,0.29527009104112156,AC-gliosis-hypoxia
3364,cellranger-arc201_count_651c086adc1acf13d5493f979b7a6fc4#AAGCATGAGTCCTGAG-1,at10_1,0.36883579371992015,AC-gliosis-hypoxia
3365,cellranger-arc201_count_651c086adc1acf13d5493f979b7a6fc4#AAGCCACGTACGCGCA-1,at10_1,0.2395133979809999,AC-gliosis-hypoxia
3366,cellranger-arc201_count_651c086adc1acf13d5493f979b7a6fc4#AATAGCTGTTACAACG-1,at10_1,0.27991567336136075,AC-gliosis-hypoxia
3367,cellranger-arc201_count_651c086adc1acf13d5493f979b7a6fc4#AATCATCCAATGCGCT-1,at10_1,0.30504800415031824,AC-gliosis-hypoxia
3368,cellranger-arc201_count_651c086adc1acf13d5493f979b7a6fc4#AATTTGCCACTCGCTC-1,at10_1,0.28696953818717125,AC-gliosis-hypoxia
3369,cellranger-arc201_count_651c086adc1acf13d5493f979b7a6fc4#ACAACAGAGTTAACCA-1,at10_1,0.16159625932895666,AC-gliosis-hypoxia
3370,cellranger-arc201_count_651c086adc1acf13d5493f979b7a6fc4#ACAACAGAGTTAGACC-1,at10_1,0.3132953784944588,AC-gliosis-hypoxia
3371,cellranger-arc201_count_651c086adc1acf13d5493f979b7a6fc4#ACACAATGTTCATTTG-1,at10_1,0.15550282344824537,AC-gliosis-hypoxia
3372,cellranger-arc201_count_651c086adc1acf13d5493f979b7a6fc4#ACGCACGGTTAACGGC-1,at10_1,0.2710225838342328,AC-gliosis-hypoxia
3373,cellranger-arc201_count_651c086adc1acf13d5493f979b7a6fc4#ACTTCGCTCAGTGAAG-1,at10_1,0.26797283805987615,AC-gliosis-hypoxia
3374,cellranger-arc201_count_651c086adc1acf13d5493f979b7a6fc4#AGACAATAGCTATTGA-1,at10_1,0.25133999229900006,AC-gliosis-hypoxia
3375,cellranger-arc201_count_651c086adc1acf13d5493f979b7a6fc4#AGATGCTTCCGGCTAA-1,at10_1,0.4242082372439772,AC-gliosis-hypoxia
3376,cellranger-arc201_count_651c086adc1acf13d5493f979b7a6fc4#AGCTCATAGTTATCCT-1,at10_1,0.2440290608862406,AC-gliosis-hypoxia
3377,cellranger-arc201_count_651c086adc1acf13d5493f979b7a6fc4#AGGTATTGTAGTTACG-1,at10_1,0.26262140944392004,AC-gliosis-hypoxia
3378,cellranger-arc201_count_651c086adc1acf13d5493f979b7a6fc4#AGGTATTGTCTCAGCC-1,at10_1,0.29496471832091614,AC-gliosis-hypoxia
3379,cellranger-arc201_count_651c086adc1acf13d5493f979b7a6fc4#AGTAATGCAATAACGA-1,at10_1,0.3776665725114701,AC-gliosis-hypoxia
3380,cellranger-arc201_count_651c086adc1acf13d5493f979b7a6fc4#AGTTATGTCTCAATGA-1,at10_1,0.2978867799874261,AC-gliosis-hypoxia
3381,cellranger-arc201_count_651c086adc1acf13d5493f979b7a6fc4#ATGCCTGAGTACCGCA-1,at10_1,0.3107348750103512,AC-gliosis-hypoxia
3382,cellranger-arc201_count_651c086adc1acf13d5493f979b7a6fc4#ATGTCCACAAGTGTTT-1,at10_1,0.3120954931233818,AC-gliosis-hypoxia
3383,cellranger-arc201_count_651c086adc1acf13d5493f979b7a6fc4#ATGTGAGAGGGATGCG-1,at10_1,0.25668927706927275,AC-gliosis-hypoxia
3384,cellranger-arc201_count_651c086adc1acf13d5493f979b7a6fc4#ATGTTTGAGCGGGCAA-1,at10_1,0.3114407849253848,AC-gliosis-hypoxia
3385,cellranger-arc201_count_651c086adc1acf13d5493f979b7a6fc4#ATTACTGAGCTATATG-1,at10_1,0.3526014248346439,AC-gliosis-hypoxia
3386,cellranger-arc201_count_651c086adc1acf13d5493f979b7a6fc4#ATTCACTTCGTTACAA-1,at10_1,0.34679689304138805,AC-gliosis-hypoxia
3387,cellranger-arc201_count_651c086adc1acf13d5493f979b7a6fc4#CAAACAACAAGGTACG-1,at10_1,0.20524608505065986,AC-gliosis-hypoxia
3388,cellranger-arc201_count_651c086adc1acf13d5493f979b7a6fc4#CAAACACTCAAACCGT-1,at10_1,0.2674884681461805,AC-gliosis-hypoxia
3389,cellranger-arc201_count_651c086adc1acf13d5493f979b7a6fc4#CAAACCGTCCAAGTGT-1,at10_1,0.34259673739958346,AC-gliosis-hypoxia
3390,cellranger-arc201_count_651c086adc1acf13d5493f979b7a6fc4#CAGCATTAGTCACTAA-1,at10_1,0.29050423856040986,AC-gliosis-hypoxia
3391,cellranger-arc201_count_651c086adc1acf13d5493f979b7a6fc4#CAGTACCCAGCCGCTA-1,at10_1,0.26478635947835977,AC-gliosis-hypoxia
3392,cellranger-arc201_count_651c086adc1acf13d5493f979b7a6fc4#CATCAGCCACCTGCTC-1,at10_1,0.2878074755857218,AC-gliosis-hypoxia
3393,cellranger-arc201_count_651c086adc1acf13d5493f979b7a6fc4#CATCCTGGTGTTGCAA-1,at10_1,0.2734499461487542,AC-gliosis-hypoxia
3394,cellranger-arc201_count_651c086adc1acf13d5493f979b7a6fc4#CATTCCTCAAGTGAAC-1,at10_1,0.27835784928760676,AC-gliosis-hypoxia
3395,cellranger-arc201_count_651c086adc1acf13d5493f979b7a6fc4#CCAGCCTGTCAAGTGC-1,at10_1,0.3516330469552251,AC-gliosis-hypoxia
3396,cellranger-arc201_count_651c086adc1acf13d5493f979b7a6fc4#CCATCATGTTGCCTCA-1,at10_1,0.2995666918965285,AC-gliosis-hypoxia
3397,cellranger-arc201_count_651c086adc1acf13d5493f979b7a6fc4#CCTACTTCAGCCGCTA-1,at10_1,0.3397395201044593,AC-gliosis-hypoxia
3398,cellranger-arc201_count_651c086adc1acf13d5493f979b7a6fc4#CCTGCTCCACCTGCCT-1,at10_1,0.3270203899283606,AC-gliosis-hypoxia
3399,cellranger-arc201_count_651c086adc1acf13d5493f979b7a6fc4#CCTTGTTCAGCAACAG-1,at10_1,0.24947629434630933,AC-gliosis-hypoxia
3400,cellranger-arc201_count_651c086adc1acf13d5493f979b7a6fc4#CGATTATCATTATGGT-1,at10_1,0.4352697849166632,AC-gliosis-hypoxia
3401,cellranger-arc201_count_651c086adc1acf13d5493f979b7a6fc4#CGCACCACATCTAGCA-1,at10_1,0.302044893980114,AC-gliosis-hypoxia
3402,cellranger-arc201_count_651c086adc1acf13d5493f979b7a6fc4#CGCTTCTAGGTTTGAC-1,at10_1,0.16501257487302742,AC-gliosis-hypoxia
3403,cellranger-arc201_count_651c086adc1acf13d5493f979b7a6fc4#CTAACCACATATTGAC-1,at10_1,0.30000865821313505,AC-gliosis-hypoxia
3404,cellranger-arc201_count_651c086adc1acf13d5493f979b7a6fc4#CTACCTCAGGAGGTTA-1,at10_1,0.3046168405885839,AC-gliosis-hypoxia
3405,cellranger-arc201_count_651c086adc1acf13d5493f979b7a6fc4#CTACCTCAGGCCGGAA-1,at10_1,0.30113194982479524,AC-gliosis-hypoxia
3406,cellranger-arc201_count_651c086adc1acf13d5493f979b7a6fc4#CTATGACAGGCTACTG-1,at10_1,0.3084678278055073,AC-gliosis-hypoxia
3407,cellranger-arc201_count_651c086adc1acf13d5493f979b7a6fc4#CTATTACTCATAACTG-1,at10_1,0.2754787759033723,AC-gliosis-hypoxia
3408,cellranger-arc201_count_651c086adc1acf13d5493f979b7a6fc4#CTTCTAAGTTGCACGG-1,at10_1,0.308505888026926,AC-gliosis-hypoxia
3409,cellranger-arc201_count_651c086adc1acf13d5493f979b7a6fc4#CTTGAACAGTCAGTAC-1,at10_1,0.30310214400786395,AC-gliosis-hypoxia
3410,cellranger-arc201_count_651c086adc1acf13d5493f979b7a6fc4#CTTTATCAGTTTGGGT-1,at10_1,0.3886040833981864,AC-gliosis-hypoxia
3411,cellranger-arc201_count_651c086adc1acf13d5493f979b7a6fc4#GAGCGGTCACAAACTT-1,at10_1,0.2523217622534023,AC-gliosis-hypoxia
3412,cellranger-arc201_count_651c086adc1acf13d5493f979b7a6fc4#GCACTTACAACTCGCG-1,at10_1,0.24964535189163095,AC-gliosis-hypoxia
3413,cellranger-arc201_count_651c086adc1acf13d5493f979b7a6fc4#GCACTTACATGGCCCA-1,at10_1,0.26560500226575956,AC-gliosis-hypoxia
3414,cellranger-arc201_count_651c086adc1acf13d5493f979b7a6fc4#GCCACACAGCGATACT-1,at10_1,0.31490782886991275,AC-gliosis-hypoxia
3415,cellranger-arc201_count_651c086adc1acf13d5493f979b7a6fc4#GCTAACCCAGCACCAT-1,at10_1,0.310833157805968,AC-gliosis-hypoxia
3416,cellranger-arc201_count_651c086adc1acf13d5493f979b7a6fc4#GGGTCACTCATTTGTC-1,at10_1,0.28576163427639506,AC-gliosis-hypoxia
3417,cellranger-arc201_count_651c086adc1acf13d5493f979b7a6fc4#GGTCAAGCACCGTTCC-1,at10_1,0.30919770981318284,AC-gliosis-hypoxia
3418,cellranger-arc201_count_651c086adc1acf13d5493f979b7a6fc4#GTCATGCCACTGACCG-1,at10_1,0.44212346467151475,AC-gliosis-hypoxia
3419,cellranger-arc201_count_651c086adc1acf13d5493f979b7a6fc4#GTCCTCCCAGGACCTT-1,at10_1,0.34263340551341565,AC-gliosis-hypoxia
3420,cellranger-arc201_count_651c086adc1acf13d5493f979b7a6fc4#GTCGAAGCACCTGCCT-1,at10_1,0.26423129834141446,AC-gliosis-hypoxia
3421,cellranger-arc201_count_651c086adc1acf13d5493f979b7a6fc4#GTGCGCAGTCCTTTAA-1,at10_1,0.3048603202054873,AC-gliosis-hypoxia
3422,cellranger-arc201_count_651c086adc1acf13d5493f979b7a6fc4#GTGCTTACATCCCTCA-1,at10_1,0.4177509740454974,AC-gliosis-hypoxia
3423,cellranger-arc201_count_651c086adc1acf13d5493f979b7a6fc4#GTTGCTGAGTCCTGAG-1,at10_1,0.2989889950902245,AC-gliosis-hypoxia
3424,cellranger-arc201_count_651c086adc1acf13d5493f979b7a6fc4#TAACCAGGTCTTTATG-1,at10_1,0.27438076496548547,AC-gliosis-hypoxia
3425,cellranger-arc201_count_651c086adc1acf13d5493f979b7a6fc4#TACCCGGCACTTAACG-1,at10_1,0.29007897753484296,AC-gliosis-hypoxia
3426,cellranger-arc201_count_651c086adc1acf13d5493f979b7a6fc4#TACGCTTGTCCTTAGT-1,at10_1,0.3508504319121676,AC-gliosis-hypoxia
3427,cellranger-arc201_count_651c086adc1acf13d5493f979b7a6fc4#TAGCGCGGTTCCTCCT-1,at10_1,0.4306077558197632,AC-gliosis-hypoxia
3428,cellranger-arc201_count_651c086adc1acf13d5493f979b7a6fc4#TAGTGAGAGTTGTCAA-1,at10_1,0.2941637831420184,AC-gliosis-hypoxia
3429,cellranger-arc201_count_651c086adc1acf13d5493f979b7a6fc4#TCATGAGGTGGATTCA-1,at10_1,0.2563215936134893,AC-gliosis-hypoxia
3430,cellranger-arc201_count_651c086adc1acf13d5493f979b7a6fc4#TCCAGCAAGTAGCCAT-1,at10_1,0.3893190976968367,AC-gliosis-hypoxia
3431,cellranger-arc201_count_651c086adc1acf13d5493f979b7a6fc4#TCTAACTTCATGACCG-1,at10_1,0.3442180415792885,AC-gliosis-hypoxia
3432,cellranger-arc201_count_651c086adc1acf13d5493f979b7a6fc4#TCTTAGTTCCAAGTTA-1,at10_1,0.2860637773069995,AC-gliosis-hypoxia
3433,cellranger-arc201_count_651c086adc1acf13d5493f979b7a6fc4#TGAACAACAAGACTCC-1,at10_1,0.19116637852475812,AC-gliosis-hypoxia
3434,cellranger-arc201_count_651c086adc1acf13d5493f979b7a6fc4#TGATGAACAGCAATAA-1,at10_1,0.3592777779251091,AC-gliosis-hypoxia
3435,cellranger-arc201_count_651c086adc1acf13d5493f979b7a6fc4#TGCTTCATCGCAGGCT-1,at10_1,0.27592266332844834,AC-gliosis-hypoxia
3436,cellranger-arc201_count_651c086adc1acf13d5493f979b7a6fc4#TGGTCATAGCACTAGT-1,at10_1,0.30194243486173733,AC-gliosis-hypoxia
3437,cellranger-arc201_count_651c086adc1acf13d5493f979b7a6fc4#TGGTGCATCCACCTGT-1,at10_1,0.34361882278969486,AC-gliosis-hypoxia
3438,cellranger-arc201_count_651c086adc1acf13d5493f979b7a6fc4#TGGTGCATCTTGCAAA-1,at10_1,0.08220464904490944,AC-gliosis-hypoxia
3439,cellranger-arc201_count_651c086adc1acf13d5493f979b7a6fc4#TGTGCGCAGGCGGATG-1,at10_1,0.42331575707018204,AC-gliosis-hypoxia
3440,cellranger-arc201_count_651c086adc1acf13d5493f979b7a6fc4#TTACAGCAGCTCGCTT-1,at10_1,0.3122359289367221,AC-gliosis-hypoxia
3441,cellranger-arc201_count_651c086adc1acf13d5493f979b7a6fc4#TTAGGCCCAGTAAAGC-1,at10_1,0.4392181361381963,AC-gliosis-hypoxia
3442,cellranger-arc201_count_651c086adc1acf13d5493f979b7a6fc4#TTCCTTCTCGCTTGCT-1,at10_1,0.4147847547263393,AC-gliosis-hypoxia
3443,cellranger-arc201_count_651c086adc1acf13d5493f979b7a6fc4#TTGACGTAGCTCGCTT-1,at10_1,0.19566248231840652,AC-gliosis-hypoxia
3444,cellranger-arc201_count_651c086adc1acf13d5493f979b7a6fc4#TTGTAAGTCCTTGCGT-1,at10_1,0.3950884091681505,AC-gliosis-hypoxia
3445,cellranger-arc201_count_651c086adc1acf13d5493f979b7a6fc4#TTGTGTGCAACCTAAT-1,at10_1,0.3005718771005381,AC-gliosis-hypoxia
3446,cellranger-arc201_count_651c086adc1acf13d5493f979b7a6fc4#TTTACGCGTCTAGCTT-1,at10_1,0.2536177865744128,AC-gliosis-hypoxia
3447,cellranger-arc201_count_651c086adc1acf13d5493f979b7a6fc4#TTTCATCAGAGGAGTC-1,at10_1,0.25500900321219777,AC-gliosis-hypoxia
3448,cellranger-arc201_count_651c086adc1acf13d5493f979b7a6fc4#TTTCATCAGGCTATGT-1,at10_1,0.3092829624817887,AC-gliosis-hypoxia
3449,cellranger-arc201_count_651c086adc1acf13d5493f979b7a6fc4#TTTGACTTCATGGCCA-1,at10_1,0.25699935511312105,AC-gliosis-hypoxia
3450,cellranger-arc201_count_651c086adc1acf13d5493f979b7a6fc4#TTTGAGTCAGTTATCG-1,at10_1,0.3138323700749296,AC-gliosis-hypoxia
3451,cellranger-arc201_count_2f9565d51b615c158b1a36debec1ec4b#AACAGCAAGCATGCAT-1,at10_1,0.2611207731498252,AC-gliosis-hypoxia
3452,cellranger-arc201_count_2f9565d51b615c158b1a36debec1ec4b#AACAGGATCTTTGACT-1,at10_1,0.28153168753223645,AC-gliosis-hypoxia
3453,cellranger-arc201_count_2f9565d51b615c158b1a36debec1ec4b#AACATTGTCTCCTCAA-1,at10_1,0.17144579637348595,AC-gliosis-hypoxia
3454,cellranger-arc201_count_2f9565d51b615c158b1a36debec1ec4b#AAGCGAATCATGAAGG-1,at10_1,0.28414347625983594,AC-gliosis-hypoxia
3455,cellranger-arc201_count_2f9565d51b615c158b1a36debec1ec4b#AAGCGTTTCCCTTGCG-1,at10_1,0.29496441205724705,AC-gliosis-hypoxia
3456,cellranger-arc201_count_2f9565d51b615c158b1a36debec1ec4b#AAGTCTATCCGGTTGA-1,at10_1,0.3188822960297711,AC-gliosis-hypoxia
3457,cellranger-arc201_count_2f9565d51b615c158b1a36debec1ec4b#AATAACCGTAGCTGCG-1,at10_1,0.3076085354765776,AC-gliosis-hypoxia
3458,cellranger-arc201_count_2f9565d51b615c158b1a36debec1ec4b#AATACCGGTTCACCCA-1,at10_1,0.341301659711732,AC-gliosis-hypoxia
3459,cellranger-arc201_count_2f9565d51b615c158b1a36debec1ec4b#AATGCGCGTTGGATCA-1,at10_1,0.19964836476047534,AC-gliosis-hypoxia
3460,cellranger-arc201_count_2f9565d51b615c158b1a36debec1ec4b#AATGGCGCAGTCTAAT-1,at10_1,0.34889053932524,AC-gliosis-hypoxia
3461,cellranger-arc201_count_2f9565d51b615c158b1a36debec1ec4b#AATTACCCAGGTATTT-1,at10_1,0.26526073405958334,AC-gliosis-hypoxia
3462,cellranger-arc201_count_2f9565d51b615c158b1a36debec1ec4b#ACAACAACAATCTCTC-1,at10_1,0.3450836540766614,AC-gliosis-hypoxia
3463,cellranger-arc201_count_2f9565d51b615c158b1a36debec1ec4b#ACACGGACAAGTAAGC-1,at10_1,0.24993669216736306,AC-gliosis-hypoxia
3464,cellranger-arc201_count_2f9565d51b615c158b1a36debec1ec4b#ACACGGACAAGTTATC-1,at10_1,0.35312758581809045,AC-gliosis-hypoxia
3465,cellranger-arc201_count_2f9565d51b615c158b1a36debec1ec4b#ACATCATCAACCTAAT-1,at10_1,0.32363673322827236,AC-gliosis-hypoxia
3466,cellranger-arc201_count_2f9565d51b615c158b1a36debec1ec4b#ACATTAGTCAAGCGCC-1,at10_1,0.2405106203296139,AC-gliosis-hypoxia
3467,cellranger-arc201_count_2f9565d51b615c158b1a36debec1ec4b#ACCATAATCAAGCCTG-1,at10_1,0.3294941929519723,AC-gliosis-hypoxia
3468,cellranger-arc201_count_2f9565d51b615c158b1a36debec1ec4b#ACCTAAGGTAATTAGC-1,at10_1,0.4609137987701662,AC-gliosis-hypoxia
3469,cellranger-arc201_count_2f9565d51b615c158b1a36debec1ec4b#ACGAGTAAGTAACCAC-1,at10_1,0.2977939264113971,AC-gliosis-hypoxia
3470,cellranger-arc201_count_2f9565d51b615c158b1a36debec1ec4b#ACTCCTCAGGCTCATG-1,at10_1,0.27900431620869076,AC-gliosis-hypoxia
3471,cellranger-arc201_count_2f9565d51b615c158b1a36debec1ec4b#ACTTAGTCACAGGGAC-1,at10_1,0.2822255696377215,AC-gliosis-hypoxia
3472,cellranger-arc201_count_2f9565d51b615c158b1a36debec1ec4b#AGACAATAGTGAGGTA-1,at10_1,0.261810924406978,AC-gliosis-hypoxia
3473,cellranger-arc201_count_2f9565d51b615c158b1a36debec1ec4b#AGCTACTAGGAGCACG-1,at10_1,0.29542876346384683,AC-gliosis-hypoxia
3474,cellranger-arc201_count_2f9565d51b615c158b1a36debec1ec4b#AGCTACTAGGCTGTGC-1,at10_1,0.3506978569206718,AC-gliosis-hypoxia
3475,cellranger-arc201_count_2f9565d51b615c158b1a36debec1ec4b#AGCTGCTCACTAAATC-1,at10_1,0.2664201090998892,AC-gliosis-hypoxia
3476,cellranger-arc201_count_2f9565d51b615c158b1a36debec1ec4b#AGGAACCAGCTAAAGG-1,at10_1,0.20725742993398966,AC-gliosis-hypoxia
3477,cellranger-arc201_count_2f9565d51b615c158b1a36debec1ec4b#AGGATATAGCTACTGG-1,at10_1,0.3522961356408936,AC-gliosis-hypoxia
3478,cellranger-arc201_count_2f9565d51b615c158b1a36debec1ec4b#AGGCTAGCATTGCGAC-1,at10_1,0.30389458733048313,AC-gliosis-hypoxia
3479,cellranger-arc201_count_2f9565d51b615c158b1a36debec1ec4b#AGTAAACAGTTACCGG-1,at10_1,0.29634599531053246,AC-gliosis-hypoxia
3480,cellranger-arc201_count_2f9565d51b615c158b1a36debec1ec4b#AGTAACCTCGTCATTT-1,at10_1,0.3013854804584742,AC-gliosis-hypoxia
3481,cellranger-arc201_count_2f9565d51b615c158b1a36debec1ec4b#AGTCAAGAGCTTACTT-1,at10_1,0.3066743477594867,AC-gliosis-hypoxia
3482,cellranger-arc201_count_2f9565d51b615c158b1a36debec1ec4b#AGTCAATGTTATCGAG-1,at10_1,0.2848717155805593,AC-gliosis-hypoxia
3483,cellranger-arc201_count_2f9565d51b615c158b1a36debec1ec4b#AGTTGCAGTGGGAACA-1,at10_1,0.1416705640458689,AC-gliosis-hypoxia
3484,cellranger-arc201_count_2f9565d51b615c158b1a36debec1ec4b#ATCATCAAGGCGGATG-1,at10_1,0.27667740837762134,AC-gliosis-hypoxia
3485,cellranger-arc201_count_2f9565d51b615c158b1a36debec1ec4b#ATCCTGACATGGTTAT-1,at10_1,0.29049908776233935,AC-gliosis-hypoxia
3486,cellranger-arc201_count_2f9565d51b615c158b1a36debec1ec4b#ATGAATGCAGGTTATT-1,at10_1,0.30541966903379947,AC-gliosis-hypoxia
3487,cellranger-arc201_count_2f9565d51b615c158b1a36debec1ec4b#ATGCATTCAATCGCAC-1,at10_1,0.2964108118397664,AC-gliosis-hypoxia
3488,cellranger-arc201_count_2f9565d51b615c158b1a36debec1ec4b#ATGGCCCAGGATCACT-1,at10_1,0.2539448204886664,AC-gliosis-hypoxia
3489,cellranger-arc201_count_2f9565d51b615c158b1a36debec1ec4b#ATGGCTAGTACCCACC-1,at10_1,0.41715264620475945,AC-gliosis-hypoxia
3490,cellranger-arc201_count_2f9565d51b615c158b1a36debec1ec4b#ATTACCCGTTGAGGTC-1,at10_1,0.2663812136139185,AC-gliosis-hypoxia
3491,cellranger-arc201_count_2f9565d51b615c158b1a36debec1ec4b#CAGCATTAGAGGCTAA-1,at10_1,0.2791546081437445,AC-gliosis-hypoxia
3492,cellranger-arc201_count_2f9565d51b615c158b1a36debec1ec4b#CAGCTAAGTGATGGCT-1,at10_1,0.2549503676406485,AC-gliosis-hypoxia
3493,cellranger-arc201_count_2f9565d51b615c158b1a36debec1ec4b#CAGGACCTCCTAAGTA-1,at10_1,0.2738490912359957,AC-gliosis-hypoxia
3494,cellranger-arc201_count_2f9565d51b615c158b1a36debec1ec4b#CATCATGCAACCCTCC-1,at10_1,0.30968394515104464,AC-gliosis-hypoxia
3495,cellranger-arc201_count_2f9565d51b615c158b1a36debec1ec4b#CATCGCTTCGTCCTTA-1,at10_1,0.2459963594855291,AC-gliosis-hypoxia
3496,cellranger-arc201_count_2f9565d51b615c158b1a36debec1ec4b#CATGAGGCATAATCCG-1,at10_1,0.2910723019822143,AC-gliosis-hypoxia
3497,cellranger-arc201_count_2f9565d51b615c158b1a36debec1ec4b#CCAGCTAAGCTATTGA-1,at10_1,0.2928084828799688,AC-gliosis-hypoxia
3498,cellranger-arc201_count_2f9565d51b615c158b1a36debec1ec4b#CCATAGCCATCACTTC-1,at10_1,0.27094470933583614,AC-gliosis-hypoxia
3499,cellranger-arc201_count_2f9565d51b615c158b1a36debec1ec4b#CCCAAATAGCACGTTG-1,at10_1,0.2580383963736377,AC-gliosis-hypoxia
3500,cellranger-arc201_count_2f9565d51b615c158b1a36debec1ec4b#CCCAAATAGTAAGAAC-1,at10_1,0.17138615848447428,AC-gliosis-hypoxia
3501,cellranger-arc201_count_2f9565d51b615c158b1a36debec1ec4b#CCCTGGACACCGGCTA-1,at10_1,0.2924463400123802,AC-gliosis-hypoxia
3502,cellranger-arc201_count_2f9565d51b615c158b1a36debec1ec4b#CCGACAGGTTGAAGCC-1,at10_1,0.14925354112320963,AC-gliosis-hypoxia
3503,cellranger-arc201_count_2f9565d51b615c158b1a36debec1ec4b#CCGCCAACACGAATTT-1,at10_1,0.2656572898267137,AC-gliosis-hypoxia
3504,cellranger-arc201_count_2f9565d51b615c158b1a36debec1ec4b#CCTAAATCATGTGGGA-1,at10_1,0.20517233119071965,AC-gliosis-hypoxia
3505,cellranger-arc201_count_2f9565d51b615c158b1a36debec1ec4b#CCTAAGCCAAAGGTAC-1,at10_1,0.2590253449682623,AC-gliosis-hypoxia
3506,cellranger-arc201_count_2f9565d51b615c158b1a36debec1ec4b#CCTAAGCCAGTTGCGT-1,at10_1,0.29899556583803344,AC-gliosis-hypoxia
3507,cellranger-arc201_count_2f9565d51b615c158b1a36debec1ec4b#CCTAATAAGGCATTAC-1,at10_1,0.23409698578289942,AC-gliosis-hypoxia
3508,cellranger-arc201_count_2f9565d51b615c158b1a36debec1ec4b#CCTACTTCAGCAAATA-1,at10_1,0.30772795046535967,AC-gliosis-hypoxia
3509,cellranger-arc201_count_2f9565d51b615c158b1a36debec1ec4b#CCTATTGTCATGTCAA-1,at10_1,0.20218297504347152,AC-gliosis-hypoxia
3510,cellranger-arc201_count_2f9565d51b615c158b1a36debec1ec4b#CCTATTGTCTCACACC-1,at10_1,0.3426767557436637,AC-gliosis-hypoxia
3511,cellranger-arc201_count_2f9565d51b615c158b1a36debec1ec4b#CCTTCAGGTACCGTAA-1,at10_1,0.2565668829702553,AC-gliosis-hypoxia
3512,cellranger-arc201_count_2f9565d51b615c158b1a36debec1ec4b#CGATATTCATAAGTTC-1,at10_1,0.4385870659270204,AC-gliosis-hypoxia
3513,cellranger-arc201_count_2f9565d51b615c158b1a36debec1ec4b#CGATTGAGTAGTAAGA-1,at10_1,0.2822213097885064,AC-gliosis-hypoxia
3514,cellranger-arc201_count_2f9565d51b615c158b1a36debec1ec4b#CGATTGAGTTAATGCG-1,at10_1,0.35958178637987964,AC-gliosis-hypoxia
3515,cellranger-arc201_count_2f9565d51b615c158b1a36debec1ec4b#CGCACAATCATAACCA-1,at10_1,0.3151160324805707,AC-gliosis-hypoxia
3516,cellranger-arc201_count_2f9565d51b615c158b1a36debec1ec4b#CGCACACAGGCCAATT-1,at10_1,0.2612515198943624,AC-gliosis-hypoxia
3517,cellranger-arc201_count_2f9565d51b615c158b1a36debec1ec4b#CGCACACAGTAGCGGG-1,at10_1,0.2592918500446487,AC-gliosis-hypoxia
3518,cellranger-arc201_count_2f9565d51b615c158b1a36debec1ec4b#CGCCAAATCTCAATTC-1,at10_1,0.28795876983823787,AC-gliosis-hypoxia
3519,cellranger-arc201_count_2f9565d51b615c158b1a36debec1ec4b#CGCTAATAGGCATGTT-1,at10_1,0.2611308520087524,AC-gliosis-hypoxia
3520,cellranger-arc201_count_2f9565d51b615c158b1a36debec1ec4b#CGCTCCATCAAACACC-1,at10_1,0.291016172204321,AC-gliosis-hypoxia
3521,cellranger-arc201_count_2f9565d51b615c158b1a36debec1ec4b#CGCTTCTAGGCTATGT-1,at10_1,0.3467451901656202,AC-gliosis-hypoxia
3522,cellranger-arc201_count_2f9565d51b615c158b1a36debec1ec4b#CGTTAGTAGGGATGCG-1,at10_1,0.2636487570007089,AC-gliosis-hypoxia
3523,cellranger-arc201_count_2f9565d51b615c158b1a36debec1ec4b#CTAATCCGTATGTGGC-1,at10_1,0.3557247295738786,AC-gliosis-hypoxia
3524,cellranger-arc201_count_2f9565d51b615c158b1a36debec1ec4b#CTAATCGCAAACTCAT-1,at10_1,0.1777113524362095,AC-gliosis-hypoxia
3525,cellranger-arc201_count_2f9565d51b615c158b1a36debec1ec4b#CTAGGACGTTCAAGCA-1,at10_1,0.31121339807218296,AC-gliosis-hypoxia
3526,cellranger-arc201_count_2f9565d51b615c158b1a36debec1ec4b#CTATGACAGGCTACAT-1,at10_1,0.2589785979955029,AC-gliosis-hypoxia
3527,cellranger-arc201_count_2f9565d51b615c158b1a36debec1ec4b#CTATGATCAACACCTA-1,at10_1,0.2713990097256604,AC-gliosis-hypoxia
3528,cellranger-arc201_count_2f9565d51b615c158b1a36debec1ec4b#CTCACACTCAGTGAAG-1,at10_1,0.45431097680242727,AC-gliosis-hypoxia
3529,cellranger-arc201_count_2f9565d51b615c158b1a36debec1ec4b#CTCATTGTCATAACTG-1,at10_1,0.3323835679323479,AC-gliosis-hypoxia
3530,cellranger-arc201_count_2f9565d51b615c158b1a36debec1ec4b#CTCGTTATCAAGTGTC-1,at10_1,0.28879982555778255,AC-gliosis-hypoxia
3531,cellranger-arc201_count_2f9565d51b615c158b1a36debec1ec4b#CTGCTCCCAATATACC-1,at10_1,0.27426026413278587,AC-gliosis-hypoxia
3532,cellranger-arc201_count_2f9565d51b615c158b1a36debec1ec4b#CTGGATGTCTCAATAG-1,at10_1,0.25865677056362335,AC-gliosis-hypoxia
3533,cellranger-arc201_count_2f9565d51b615c158b1a36debec1ec4b#CTGGCTAAGTTAGCCG-1,at10_1,0.2995003997332527,AC-gliosis-hypoxia
3534,cellranger-arc201_count_2f9565d51b615c158b1a36debec1ec4b#CTTACCGGTGGGTACT-1,at10_1,0.2687697918110761,AC-gliosis-hypoxia
3535,cellranger-arc201_count_2f9565d51b615c158b1a36debec1ec4b#CTTTGGTGTACCGAAC-1,at10_1,0.2902032092158747,AC-gliosis-hypoxia
3536,cellranger-arc201_count_2f9565d51b615c158b1a36debec1ec4b#GAAGTCAAGGTAAGCA-1,at10_1,0.23369694974680244,AC-gliosis-hypoxia
3537,cellranger-arc201_count_2f9565d51b615c158b1a36debec1ec4b#GACATTATCCTCACTA-1,at10_1,0.2942331100998331,AC-gliosis-hypoxia
3538,cellranger-arc201_count_2f9565d51b615c158b1a36debec1ec4b#GACTTAGGTCCCGAAG-1,at10_1,0.28399961586183253,AC-gliosis-hypoxia
3539,cellranger-arc201_count_2f9565d51b615c158b1a36debec1ec4b#GAGCCTTCAGTCTAAT-1,at10_1,0.2620896243458234,AC-gliosis-hypoxia
3540,cellranger-arc201_count_2f9565d51b615c158b1a36debec1ec4b#GAGCGATAGCAGGTTT-1,at10_1,0.3164045394206133,AC-gliosis-hypoxia
3541,cellranger-arc201_count_2f9565d51b615c158b1a36debec1ec4b#GAGGCCTTCTAATTGG-1,at10_1,0.28080962916919777,AC-gliosis-hypoxia
3542,cellranger-arc201_count_2f9565d51b615c158b1a36debec1ec4b#GAGTCATTCAGCACCA-1,at10_1,0.18914391070181105,AC-gliosis-hypoxia
3543,cellranger-arc201_count_2f9565d51b615c158b1a36debec1ec4b#GAGTTACTCAATGAGG-1,at10_1,0.2952222582244446,AC-gliosis-hypoxia
3544,cellranger-arc201_count_2f9565d51b615c158b1a36debec1ec4b#GATCAGGCAGAACCGA-1,at10_1,0.304686334599309,AC-gliosis-hypoxia
3545,cellranger-arc201_count_2f9565d51b615c158b1a36debec1ec4b#GATTCATCATTGCAGC-1,at10_1,0.2901248614008986,AC-gliosis-hypoxia
3546,cellranger-arc201_count_2f9565d51b615c158b1a36debec1ec4b#GATTGGTTCCAGCACA-1,at10_1,0.2943745760727875,AC-gliosis-hypoxia
3547,cellranger-arc201_count_2f9565d51b615c158b1a36debec1ec4b#GCAAGTGCATCGCTCC-1,at10_1,0.345538232888003,AC-gliosis-hypoxia
3548,cellranger-arc201_count_2f9565d51b615c158b1a36debec1ec4b#GCAATCTAGAACAAGT-1,at10_1,0.45174844084124316,AC-gliosis-hypoxia
3549,cellranger-arc201_count_2f9565d51b615c158b1a36debec1ec4b#GCAATGAAGGCCATCA-1,at10_1,0.3191716038284267,AC-gliosis-hypoxia
3550,cellranger-arc201_count_2f9565d51b615c158b1a36debec1ec4b#GCACGAACAGCATGGA-1,at10_1,0.3148447942383897,AC-gliosis-hypoxia
3551,cellranger-arc201_count_2f9565d51b615c158b1a36debec1ec4b#GCCAATAGTACTGATG-1,at10_1,0.3386337968905425,AC-gliosis-hypoxia
3552,cellranger-arc201_count_2f9565d51b615c158b1a36debec1ec4b#GCCACACAGCTTCTCA-1,at10_1,0.2606690620801121,AC-gliosis-hypoxia
3553,cellranger-arc201_count_2f9565d51b615c158b1a36debec1ec4b#GCCAGGAAGGGATGAC-1,at10_1,0.1812932870198629,AC-gliosis-hypoxia
3554,cellranger-arc201_count_2f9565d51b615c158b1a36debec1ec4b#GCCGTGAGTAACTACG-1,at10_1,0.30651542475739585,AC-gliosis-hypoxia
3555,cellranger-arc201_count_2f9565d51b615c158b1a36debec1ec4b#GCCTGTGCACAGAACG-1,at10_1,0.36973643164417297,AC-gliosis-hypoxia
3556,cellranger-arc201_count_2f9565d51b615c158b1a36debec1ec4b#GCCTTAACATGTTTGG-1,at10_1,0.33969594713699747,AC-gliosis-hypoxia
3557,cellranger-arc201_count_2f9565d51b615c158b1a36debec1ec4b#GCGAGTGAGCCACAAT-1,at10_1,0.33983707900413107,AC-gliosis-hypoxia
3558,cellranger-arc201_count_2f9565d51b615c158b1a36debec1ec4b#GCGCTTGCAGCTTACA-1,at10_1,0.34167886518340806,AC-gliosis-hypoxia
3559,cellranger-arc201_count_2f9565d51b615c158b1a36debec1ec4b#GCGGAACCACCTCGCT-1,at10_1,0.26376215808471665,AC-gliosis-hypoxia
3560,cellranger-arc201_count_2f9565d51b615c158b1a36debec1ec4b#GCGGAACCATGACTAT-1,at10_1,0.1986833140181886,AC-gliosis-hypoxia
3561,cellranger-arc201_count_2f9565d51b615c158b1a36debec1ec4b#GCTGGTTCATAAGTCT-1,at10_1,0.3712746826852589,AC-gliosis-hypoxia
3562,cellranger-arc201_count_2f9565d51b615c158b1a36debec1ec4b#GCTGTAAGTTGTAACG-1,at10_1,0.3114474113574972,AC-gliosis-hypoxia
3563,cellranger-arc201_count_2f9565d51b615c158b1a36debec1ec4b#GCTTACCTCTGTGAGT-1,at10_1,0.2951349173944588,AC-gliosis-hypoxia
3564,cellranger-arc201_count_2f9565d51b615c158b1a36debec1ec4b#GCTTTATTCCTCACAC-1,at10_1,0.2640754658181659,AC-gliosis-hypoxia
3565,cellranger-arc201_count_2f9565d51b615c158b1a36debec1ec4b#GGAACGGTCGTTTCGC-1,at10_1,0.28901276233423506,AC-gliosis-hypoxia
3566,cellranger-arc201_count_2f9565d51b615c158b1a36debec1ec4b#GGCCTAATCGTCATTT-1,at10_1,0.27869061868511724,AC-gliosis-hypoxia
3567,cellranger-arc201_count_2f9565d51b615c158b1a36debec1ec4b#GGCGTTATCCCTCAGT-1,at10_1,0.3364102391267053,AC-gliosis-hypoxia
3568,cellranger-arc201_count_2f9565d51b615c158b1a36debec1ec4b#GGCTAGACAGATTCAT-1,at10_1,0.24789558402383088,AC-gliosis-hypoxia
3569,cellranger-arc201_count_2f9565d51b615c158b1a36debec1ec4b#GGGAATATCTGTGCAG-1,at10_1,0.3409417720584337,AC-gliosis-hypoxia
3570,cellranger-arc201_count_2f9565d51b615c158b1a36debec1ec4b#GGTAACCGTTAGGCGT-1,at10_1,0.3689207122827051,AC-gliosis-hypoxia
3571,cellranger-arc201_count_2f9565d51b615c158b1a36debec1ec4b#GGTACTTAGCCTTAAA-1,at10_1,0.3033203986352974,AC-gliosis-hypoxia
3572,cellranger-arc201_count_2f9565d51b615c158b1a36debec1ec4b#GGTGTCCAGGCAGGTG-1,at10_1,0.12153886468211011,AC-gliosis-hypoxia
3573,cellranger-arc201_count_2f9565d51b615c158b1a36debec1ec4b#GGTTTGTAGTATTGTG-1,at10_1,0.2694814928936701,AC-gliosis-hypoxia
3574,cellranger-arc201_count_2f9565d51b615c158b1a36debec1ec4b#GTACCGGGTTACCTGT-1,at10_1,0.2888655608780236,AC-gliosis-hypoxia
3575,cellranger-arc201_count_2f9565d51b615c158b1a36debec1ec4b#GTACTGGTCACCTGTC-1,at10_1,0.30225011848053657,AC-gliosis-hypoxia
3576,cellranger-arc201_count_2f9565d51b615c158b1a36debec1ec4b#GTAGGAGGTTAAATGC-1,at10_1,0.42594394482515224,AC-gliosis-hypoxia
3577,cellranger-arc201_count_2f9565d51b615c158b1a36debec1ec4b#GTAGTTATCAATGTGC-1,at10_1,0.30283533266780843,AC-gliosis-hypoxia
3578,cellranger-arc201_count_2f9565d51b615c158b1a36debec1ec4b#GTATGTTCACACAATT-1,at10_1,0.3169988301493501,AC-gliosis-hypoxia
3579,cellranger-arc201_count_2f9565d51b615c158b1a36debec1ec4b#GTATTCAAGATAAAGC-1,at10_1,0.45126911035701106,AC-gliosis-hypoxia
3580,cellranger-arc201_count_2f9565d51b615c158b1a36debec1ec4b#GTATTGTCACTTAACG-1,at10_1,0.3109308559163984,AC-gliosis-hypoxia
3581,cellranger-arc201_count_2f9565d51b615c158b1a36debec1ec4b#GTCATGAGTATTGGTG-1,at10_1,0.33218129470000907,AC-gliosis-hypoxia
3582,cellranger-arc201_count_2f9565d51b615c158b1a36debec1ec4b#GTCATGAGTGTTGTGA-1,at10_1,0.3166251606309441,AC-gliosis-hypoxia
3583,cellranger-arc201_count_2f9565d51b615c158b1a36debec1ec4b#GTGCGCAGTCGCATAA-1,at10_1,0.18825033076302242,AC-gliosis-hypoxia
3584,cellranger-arc201_count_2f9565d51b615c158b1a36debec1ec4b#GTGTGCGGTTAGTTGG-1,at10_1,0.26016807040183193,AC-gliosis-hypoxia
3585,cellranger-arc201_count_2f9565d51b615c158b1a36debec1ec4b#GTTAATGTCAGCAAAG-1,at10_1,0.15936446028820653,AC-gliosis-hypoxia
3586,cellranger-arc201_count_2f9565d51b615c158b1a36debec1ec4b#GTTCCTGGTTGTAACG-1,at10_1,0.25612121364746826,AC-gliosis-hypoxia
3587,cellranger-arc201_count_2f9565d51b615c158b1a36debec1ec4b#GTTGCCCGTTTGTGGA-1,at10_1,0.28937732746902445,AC-gliosis-hypoxia
3588,cellranger-arc201_count_2f9565d51b615c158b1a36debec1ec4b#GTTTAACCATCACTTC-1,at10_1,0.3028534300664348,AC-gliosis-hypoxia
3589,cellranger-arc201_count_2f9565d51b615c158b1a36debec1ec4b#GTTTCTAGTATTTGCC-1,at10_1,0.2899549129067216,AC-gliosis-hypoxia
3590,cellranger-arc201_count_2f9565d51b615c158b1a36debec1ec4b#TACGTACAGTCCTTCA-1,at10_1,0.25786296297556927,AC-gliosis-hypoxia
3591,cellranger-arc201_count_2f9565d51b615c158b1a36debec1ec4b#TACTGCACAGTTATCG-1,at10_1,0.30743134802295,AC-gliosis-hypoxia
3592,cellranger-arc201_count_2f9565d51b615c158b1a36debec1ec4b#TAGCTTAAGTCGCTAG-1,at10_1,0.23783852550136111,AC-gliosis-hypoxia
3593,cellranger-arc201_count_2f9565d51b615c158b1a36debec1ec4b#TAGGCTTAGTTGCCTC-1,at10_1,0.30453130949846074,AC-gliosis-hypoxia
3594,cellranger-arc201_count_2f9565d51b615c158b1a36debec1ec4b#TATAGGTGTTTAACCC-1,at10_1,0.26471817404876613,AC-gliosis-hypoxia
3595,cellranger-arc201_count_2f9565d51b615c158b1a36debec1ec4b#TATCACAAGTCAATTG-1,at10_1,0.2705122371929704,AC-gliosis-hypoxia
3596,cellranger-arc201_count_2f9565d51b615c158b1a36debec1ec4b#TATTTGGAGTAAGGGC-1,at10_1,0.278514851181228,AC-gliosis-hypoxia
3597,cellranger-arc201_count_2f9565d51b615c158b1a36debec1ec4b#TCAAACCAGTAAACCC-1,at10_1,0.3127965028197105,AC-gliosis-hypoxia
3598,cellranger-arc201_count_2f9565d51b615c158b1a36debec1ec4b#TCAACAATCGCCTGTT-1,at10_1,0.28010641994288227,AC-gliosis-hypoxia
3599,cellranger-arc201_count_2f9565d51b615c158b1a36debec1ec4b#TCAACAATCGGTTTCC-1,at10_1,0.25402728894209897,AC-gliosis-hypoxia
3600,cellranger-arc201_count_2f9565d51b615c158b1a36debec1ec4b#TCACCTCAGGAACACA-1,at10_1,0.302170462084429,AC-gliosis-hypoxia
3601,cellranger-arc201_count_2f9565d51b615c158b1a36debec1ec4b#TCACTGACACCACAAC-1,at10_1,0.4258890679440869,AC-gliosis-hypoxia
3602,cellranger-arc201_count_2f9565d51b615c158b1a36debec1ec4b#TCCATCATCCTAGTCC-1,at10_1,0.2834091673500349,AC-gliosis-hypoxia
3603,cellranger-arc201_count_2f9565d51b615c158b1a36debec1ec4b#TCCCTCACACTAAGTT-1,at10_1,0.2773458149142708,AC-gliosis-hypoxia
3604,cellranger-arc201_count_2f9565d51b615c158b1a36debec1ec4b#TCCGCCATCCCTCAAC-1,at10_1,0.2426039325076451,AC-gliosis-hypoxia
3605,cellranger-arc201_count_2f9565d51b615c158b1a36debec1ec4b#TCCGCCATCTTGTCTG-1,at10_1,0.25692677062355357,AC-gliosis-hypoxia
3606,cellranger-arc201_count_2f9565d51b615c158b1a36debec1ec4b#TCCTTAGTCCGCAAGC-1,at10_1,0.32493657192407027,AC-gliosis-hypoxia
3607,cellranger-arc201_count_2f9565d51b615c158b1a36debec1ec4b#TCGCGCACATGCAACC-1,at10_1,0.28576246954094703,AC-gliosis-hypoxia
3608,cellranger-arc201_count_2f9565d51b615c158b1a36debec1ec4b#TCGGTTACATTGTCAG-1,at10_1,0.2693153587742805,AC-gliosis-hypoxia
3609,cellranger-arc201_count_2f9565d51b615c158b1a36debec1ec4b#TGAAGTGAGGCATTGT-1,at10_1,0.3017112336337481,AC-gliosis-hypoxia
3610,cellranger-arc201_count_2f9565d51b615c158b1a36debec1ec4b#TGACCAAGTTAAGGTT-1,at10_1,0.1289264316175141,AC-gliosis-hypoxia
3611,cellranger-arc201_count_2f9565d51b615c158b1a36debec1ec4b#TGAGTGAAGCACAGAA-1,at10_1,0.45999807039967416,AC-gliosis-hypoxia
3612,cellranger-arc201_count_2f9565d51b615c158b1a36debec1ec4b#TGATCAGGTTGGATCA-1,at10_1,0.4574541329958474,AC-gliosis-hypoxia
3613,cellranger-arc201_count_2f9565d51b615c158b1a36debec1ec4b#TGATCGAGTAACCACA-1,at10_1,0.3106654645260813,AC-gliosis-hypoxia
3614,cellranger-arc201_count_2f9565d51b615c158b1a36debec1ec4b#TGATGATGTTATAGCG-1,at10_1,0.3027105719858937,AC-gliosis-hypoxia
3615,cellranger-arc201_count_2f9565d51b615c158b1a36debec1ec4b#TGATTAGTCAATACGC-1,at10_1,0.2789413651036229,AC-gliosis-hypoxia
3616,cellranger-arc201_count_2f9565d51b615c158b1a36debec1ec4b#TGGCCTGCAGCTCAAC-1,at10_1,0.4307015281867993,AC-gliosis-hypoxia
3617,cellranger-arc201_count_2f9565d51b615c158b1a36debec1ec4b#TGGCCTTTCATCCTAT-1,at10_1,0.30979575923240354,AC-gliosis-hypoxia
3618,cellranger-arc201_count_2f9565d51b615c158b1a36debec1ec4b#TGGGCATGTTAAGGCC-1,at10_1,0.3299513053991215,AC-gliosis-hypoxia
3619,cellranger-arc201_count_2f9565d51b615c158b1a36debec1ec4b#TGTATCCGTATCTGGA-1,at10_1,0.24866653320531235,AC-gliosis-hypoxia
3620,cellranger-arc201_count_2f9565d51b615c158b1a36debec1ec4b#TGTTCCTCACCTCGCT-1,at10_1,0.4248557064825237,AC-gliosis-hypoxia
3621,cellranger-arc201_count_2f9565d51b615c158b1a36debec1ec4b#TTACACCGTGAGGTAG-1,at10_1,0.17536662562803107,AC-gliosis-hypoxia
3622,cellranger-arc201_count_2f9565d51b615c158b1a36debec1ec4b#TTACACCGTGCTTAGA-1,at10_1,0.34157470769377557,AC-gliosis-hypoxia
3623,cellranger-arc201_count_2f9565d51b615c158b1a36debec1ec4b#TTGACATCACCTAATG-1,at10_1,0.28767230193905896,AC-gliosis-hypoxia
3624,cellranger-arc201_count_2f9565d51b615c158b1a36debec1ec4b#TTGCATTTCATTGTTC-1,at10_1,0.44389361299438324,AC-gliosis-hypoxia
3625,cellranger-arc201_count_2f9565d51b615c158b1a36debec1ec4b#TTGCGTCTCCAAGTGT-1,at10_1,0.2873865579358252,AC-gliosis-hypoxia
3626,cellranger-arc201_count_2f9565d51b615c158b1a36debec1ec4b#TTGGGCGGTGATGATT-1,at10_1,0.26789933477930156,AC-gliosis-hypoxia
3627,cellranger-arc201_count_2f9565d51b615c158b1a36debec1ec4b#TTGTCCCAGCATTATG-1,at10_1,0.28523268907777516,AC-gliosis-hypoxia
3628,cellranger-arc201_count_2f9565d51b615c158b1a36debec1ec4b#TTTAACGAGGTTTACA-1,at10_1,0.29035920879203364,AC-gliosis-hypoxia
3629,cellranger-arc201_count_2f9565d51b615c158b1a36debec1ec4b#TTTCGTCCACTGACTA-1,at10_1,0.28676311647422414,AC-gliosis-hypoxia
3630,cellranger-arc201_count_2f9565d51b615c158b1a36debec1ec4b#TTTGACTTCTCCATAT-1,at10_1,0.27865381136052647,AC-gliosis-hypoxia
3631,cellranger-arc201_count_2f9565d51b615c158b1a36debec1ec4b#TTTGGTAAGTTTGGTA-1,at10_1,0.29065336112509077,AC-gliosis-hypoxia
3632,cellranger-arc201_count_a166708bcbeb284b79da9df9facb9573#AAACAGCCAAAGGTAC-1,at10_1,0.30673596244127144,AC-gliosis-hypoxia
3633,cellranger-arc201_count_a166708bcbeb284b79da9df9facb9573#AACCTTGCAGGATTAA-1,at10_1,0.3089334877932385,AC-gliosis-hypoxia
3634,cellranger-arc201_count_a166708bcbeb284b79da9df9facb9573#AACGCCCAGATGGAGC-1,at10_1,0.2991404842378027,AC-gliosis-hypoxia
3635,cellranger-arc201_count_a166708bcbeb284b79da9df9facb9573#AACTCACAGTCATTAG-1,at10_1,0.2892242513187974,AC-gliosis-hypoxia
3636,cellranger-arc201_count_a166708bcbeb284b79da9df9facb9573#AAGCCTTAGTCATTGA-1,at10_1,0.27511086971037485,AC-gliosis-hypoxia
3637,cellranger-arc201_count_a166708bcbeb284b79da9df9facb9573#AAGGATTAGTTATGTG-1,at10_1,0.27577381918528476,AC-gliosis-hypoxia
3638,cellranger-arc201_count_a166708bcbeb284b79da9df9facb9573#AATCCCTGTTTGGTTC-1,at10_1,0.300648999860838,AC-gliosis-hypoxia
3639,cellranger-arc201_count_a166708bcbeb284b79da9df9facb9573#AATTTGCCAGTAGCCT-1,at10_1,0.33438511237826773,AC-gliosis-hypoxia
3640,cellranger-arc201_count_a166708bcbeb284b79da9df9facb9573#ACAACACTCTGCAACG-1,at10_1,0.3294905734722471,AC-gliosis-hypoxia
3641,cellranger-arc201_count_a166708bcbeb284b79da9df9facb9573#ACACTTGCACTCGCTC-1,at10_1,0.2687352953850791,AC-gliosis-hypoxia
3642,cellranger-arc201_count_a166708bcbeb284b79da9df9facb9573#ACCAAGCGTTTGGCTT-1,at10_1,0.3103071638754318,AC-gliosis-hypoxia
3643,cellranger-arc201_count_a166708bcbeb284b79da9df9facb9573#ACCACATAGCGCCTTT-1,at10_1,0.28186217387330487,AC-gliosis-hypoxia
3644,cellranger-arc201_count_a166708bcbeb284b79da9df9facb9573#ACCAGGACATTAAACC-1,at10_1,0.25395453739962115,AC-gliosis-hypoxia
3645,cellranger-arc201_count_a166708bcbeb284b79da9df9facb9573#ACCAGGCTCCCGCAAA-1,at10_1,0.30495885358046976,AC-gliosis-hypoxia
3646,cellranger-arc201_count_a166708bcbeb284b79da9df9facb9573#ACCCGCTGTCCCGAAG-1,at10_1,0.28191134311326493,AC-gliosis-hypoxia
3647,cellranger-arc201_count_a166708bcbeb284b79da9df9facb9573#ACCGCAATCGTTACTT-1,at10_1,0.2901295945666932,AC-gliosis-hypoxia
3648,cellranger-arc201_count_a166708bcbeb284b79da9df9facb9573#ACCTACCTCTATGACA-1,at10_1,0.3094658297343698,AC-gliosis-hypoxia
3649,cellranger-arc201_count_a166708bcbeb284b79da9df9facb9573#ACCTTGCTCCTAGTTT-1,at10_1,0.3486965908962693,AC-gliosis-hypoxia
3650,cellranger-arc201_count_a166708bcbeb284b79da9df9facb9573#ACTAATCCATCAATCG-1,at10_1,0.2957260062757463,AC-gliosis-hypoxia
3651,cellranger-arc201_count_a166708bcbeb284b79da9df9facb9573#ACTATGTCACGGTACT-1,at10_1,0.3551562485197981,AC-gliosis-hypoxia
3652,cellranger-arc201_count_a166708bcbeb284b79da9df9facb9573#ACTGAAACAGCATGAG-1,at10_1,0.258976398465516,AC-gliosis-hypoxia
3653,cellranger-arc201_count_a166708bcbeb284b79da9df9facb9573#ACTTACAAGTAAAGGT-1,at10_1,0.2588818743603831,AC-gliosis-hypoxia
3654,cellranger-arc201_count_a166708bcbeb284b79da9df9facb9573#ACTTTGTTCTACCTGC-1,at10_1,0.33637663364956377,AC-gliosis-hypoxia
3655,cellranger-arc201_count_a166708bcbeb284b79da9df9facb9573#AGGTCCGGTCATGCCC-1,at10_1,0.2511409487562622,AC-gliosis-hypoxia
3656,cellranger-arc201_count_a166708bcbeb284b79da9df9facb9573#AGTAAACAGTTTGGTA-1,at10_1,0.3164589151429475,AC-gliosis-hypoxia
3657,cellranger-arc201_count_a166708bcbeb284b79da9df9facb9573#AGTAACGAGTTTGGTA-1,at10_1,0.24540092722857126,AC-gliosis-hypoxia
3658,cellranger-arc201_count_a166708bcbeb284b79da9df9facb9573#AGTCCTTGTTTCCGGC-1,at10_1,0.2694961378654816,AC-gliosis-hypoxia
3659,cellranger-arc201_count_a166708bcbeb284b79da9df9facb9573#ATAGATGCACAAAGGT-1,at10_1,0.27313633215163585,AC-gliosis-hypoxia
3660,cellranger-arc201_count_a166708bcbeb284b79da9df9facb9573#ATATAGGCAAGCCAGA-1,at10_1,0.18677894264932288,AC-gliosis-hypoxia
3661,cellranger-arc201_count_a166708bcbeb284b79da9df9facb9573#ATGACCAGTACCGGAT-1,at10_1,0.3501360858251589,AC-gliosis-hypoxia
3662,cellranger-arc201_count_a166708bcbeb284b79da9df9facb9573#ATGAGCCGTCATTACC-1,at10_1,0.31608360293758925,AC-gliosis-hypoxia
3663,cellranger-arc201_count_a166708bcbeb284b79da9df9facb9573#ATGATGACAAACTAAG-1,at10_1,0.1751483710005976,AC-gliosis-hypoxia
3664,cellranger-arc201_count_a166708bcbeb284b79da9df9facb9573#ATGCCTGAGATGGACA-1,at10_1,0.29748802469030877,AC-gliosis-hypoxia
3665,cellranger-arc201_count_a166708bcbeb284b79da9df9facb9573#ATGCTTAAGCTTATGA-1,at10_1,0.29865505632234124,AC-gliosis-hypoxia
3666,cellranger-arc201_count_a166708bcbeb284b79da9df9facb9573#ATGGCTAGTTACTAGG-1,at10_1,0.31709095982943397,AC-gliosis-hypoxia
3667,cellranger-arc201_count_a166708bcbeb284b79da9df9facb9573#ATTCACTTCGGTTCCT-1,at10_1,0.3061447065070735,AC-gliosis-hypoxia
3668,cellranger-arc201_count_a166708bcbeb284b79da9df9facb9573#ATTCCTCCACAGGGAC-1,at10_1,0.33196749481685284,AC-gliosis-hypoxia
3669,cellranger-arc201_count_a166708bcbeb284b79da9df9facb9573#CAAACACTCAGCAAGA-1,at10_1,0.272732426056448,AC-gliosis-hypoxia
3670,cellranger-arc201_count_a166708bcbeb284b79da9df9facb9573#CAAAGCGCACTGACTA-1,at10_1,0.314551115221912,AC-gliosis-hypoxia
3671,cellranger-arc201_count_a166708bcbeb284b79da9df9facb9573#CAATAGCTCGTTTCTG-1,at10_1,0.29478271417503876,AC-gliosis-hypoxia
3672,cellranger-arc201_count_a166708bcbeb284b79da9df9facb9573#CAATCTAAGCACAGCC-1,at10_1,0.30671552630189947,AC-gliosis-hypoxia
3673,cellranger-arc201_count_a166708bcbeb284b79da9df9facb9573#CACAATATCCCTGGAA-1,at10_1,0.258466330245771,AC-gliosis-hypoxia
3674,cellranger-arc201_count_a166708bcbeb284b79da9df9facb9573#CAGCAAGCATAGGCGA-1,at10_1,0.21683017422706724,AC-gliosis-hypoxia
3675,cellranger-arc201_count_a166708bcbeb284b79da9df9facb9573#CAGGACCTCTGTTCAT-1,at10_1,0.237346805259608,AC-gliosis-hypoxia
3676,cellranger-arc201_count_a166708bcbeb284b79da9df9facb9573#CATCATAAGGATTTGC-1,at10_1,0.22536084246508928,AC-gliosis-hypoxia
3677,cellranger-arc201_count_a166708bcbeb284b79da9df9facb9573#CATCATGCACTGGCCA-1,at10_1,0.270846872014647,AC-gliosis-hypoxia
3678,cellranger-arc201_count_a166708bcbeb284b79da9df9facb9573#CATGCAAGTTAATCGG-1,at10_1,0.3538344145241313,AC-gliosis-hypoxia
3679,cellranger-arc201_count_a166708bcbeb284b79da9df9facb9573#CCATCACTCGGTACGC-1,at10_1,0.14331132988963502,AC-gliosis-hypoxia
3680,cellranger-arc201_count_a166708bcbeb284b79da9df9facb9573#CCCAAACCATATTGAC-1,at10_1,0.3539404652800815,AC-gliosis-hypoxia
3681,cellranger-arc201_count_a166708bcbeb284b79da9df9facb9573#CCTCAAACACAATACT-1,at10_1,0.336856047660251,AC-gliosis-hypoxia
3682,cellranger-arc201_count_a166708bcbeb284b79da9df9facb9573#CCTCCTCTCACTTTAC-1,at10_1,0.2810734892411696,AC-gliosis-hypoxia
3683,cellranger-arc201_count_a166708bcbeb284b79da9df9facb9573#CCTTACTCACTAGGTC-1,at10_1,0.19605349749734208,AC-gliosis-hypoxia
3684,cellranger-arc201_count_a166708bcbeb284b79da9df9facb9573#CCTTCGGTCGATTATG-1,at10_1,0.31360857485930127,AC-gliosis-hypoxia
3685,cellranger-arc201_count_a166708bcbeb284b79da9df9facb9573#CCTTGTTCACAACAAA-1,at10_1,0.30062433171440267,AC-gliosis-hypoxia
3686,cellranger-arc201_count_a166708bcbeb284b79da9df9facb9573#CGATCCTTCATGGTTA-1,at10_1,0.29295796739262225,AC-gliosis-hypoxia
3687,cellranger-arc201_count_a166708bcbeb284b79da9df9facb9573#CGCACAATCTCGACCT-1,at10_1,0.3249248782203425,AC-gliosis-hypoxia
3688,cellranger-arc201_count_a166708bcbeb284b79da9df9facb9573#CGCTAACCATCATGGC-1,at10_1,0.2974604052757899,AC-gliosis-hypoxia
3689,cellranger-arc201_count_a166708bcbeb284b79da9df9facb9573#CGGCTAATCCAATTAG-1,at10_1,0.33041729949267357,AC-gliosis-hypoxia
3690,cellranger-arc201_count_a166708bcbeb284b79da9df9facb9573#CGTTAGGTCGCTCCAT-1,at10_1,0.1647480187472623,AC-gliosis-hypoxia
3691,cellranger-arc201_count_a166708bcbeb284b79da9df9facb9573#CTAAGGTTCCTCATCA-1,at10_1,0.30289068286545323,AC-gliosis-hypoxia
3692,cellranger-arc201_count_a166708bcbeb284b79da9df9facb9573#CTAGTTGCAGGACCAA-1,at10_1,0.4333613167839862,AC-gliosis-hypoxia
3693,cellranger-arc201_count_a166708bcbeb284b79da9df9facb9573#CTATGATCAACACCTA-1,at10_1,0.3251036805187706,AC-gliosis-hypoxia
3694,cellranger-arc201_count_a166708bcbeb284b79da9df9facb9573#CTCTATGTCAGGCTAT-1,at10_1,0.17315556899032183,AC-gliosis-hypoxia
3695,cellranger-arc201_count_a166708bcbeb284b79da9df9facb9573#CTCTGTTCACCAAAGG-1,at10_1,0.34790239351809094,AC-gliosis-hypoxia
3696,cellranger-arc201_count_a166708bcbeb284b79da9df9facb9573#CTGACATAGTTACTTC-1,at10_1,0.2733722943875714,AC-gliosis-hypoxia
3697,cellranger-arc201_count_a166708bcbeb284b79da9df9facb9573#CTGCAATAGTTCCTCA-1,at10_1,0.31277353304453087,AC-gliosis-hypoxia
3698,cellranger-arc201_count_a166708bcbeb284b79da9df9facb9573#CTTAATGAGCCAGGTC-1,at10_1,0.2787755094057505,AC-gliosis-hypoxia
3699,cellranger-arc201_count_a166708bcbeb284b79da9df9facb9573#CTTCAATTCCGGGACT-1,at10_1,0.2762843607216093,AC-gliosis-hypoxia
3700,cellranger-arc201_count_a166708bcbeb284b79da9df9facb9573#CTTGGACCAGTGAACG-1,at10_1,0.2887504614227603,AC-gliosis-hypoxia
3701,cellranger-arc201_count_a166708bcbeb284b79da9df9facb9573#CTTTGGTGTACTTCAC-1,at10_1,0.28565875752574227,AC-gliosis-hypoxia
3702,cellranger-arc201_count_a166708bcbeb284b79da9df9facb9573#GAAACCCGTGATCATG-1,at10_1,0.2066734129592423,AC-gliosis-hypoxia
3703,cellranger-arc201_count_a166708bcbeb284b79da9df9facb9573#GAAGGAACACGGTACT-1,at10_1,0.2733516355109857,AC-gliosis-hypoxia
3704,cellranger-arc201_count_a166708bcbeb284b79da9df9facb9573#GACCTTTGTTAACACG-1,at10_1,0.25977065152799783,AC-gliosis-hypoxia
3705,cellranger-arc201_count_a166708bcbeb284b79da9df9facb9573#GACCTTTGTTTATTCG-1,at10_1,0.5611439858477786,AC-gliosis-hypoxia
3706,cellranger-arc201_count_a166708bcbeb284b79da9df9facb9573#GACTTAGGTCTTGCAT-1,at10_1,0.25577624938749877,AC-gliosis-hypoxia
3707,cellranger-arc201_count_a166708bcbeb284b79da9df9facb9573#GAGAACCAGGTGAAGC-1,at10_1,0.34552706818515816,AC-gliosis-hypoxia
3708,cellranger-arc201_count_a166708bcbeb284b79da9df9facb9573#GAGAACCAGTGTTGTA-1,at10_1,0.26971433680861157,AC-gliosis-hypoxia
3709,cellranger-arc201_count_a166708bcbeb284b79da9df9facb9573#GAGCATGCAATTGAAG-1,at10_1,0.35995807306054867,AC-gliosis-hypoxia
3710,cellranger-arc201_count_a166708bcbeb284b79da9df9facb9573#GAGCTAGCATCACAGC-1,at10_1,0.29292046401423816,AC-gliosis-hypoxia
3711,cellranger-arc201_count_a166708bcbeb284b79da9df9facb9573#GAGGCTACACGAATTT-1,at10_1,0.3027733003537478,AC-gliosis-hypoxia
3712,cellranger-arc201_count_a166708bcbeb284b79da9df9facb9573#GATAAAGGTACCGTTT-1,at10_1,0.44801491966248047,AC-gliosis-hypoxia
3713,cellranger-arc201_count_a166708bcbeb284b79da9df9facb9573#GATAAAGGTTATAGCG-1,at10_1,0.25765810042311926,AC-gliosis-hypoxia
3714,cellranger-arc201_count_a166708bcbeb284b79da9df9facb9573#GATCGAGCAGTAAGTA-1,at10_1,0.3193750742732901,AC-gliosis-hypoxia
3715,cellranger-arc201_count_a166708bcbeb284b79da9df9facb9573#GATGCATTCAAACACC-1,at10_1,0.3333718807924074,AC-gliosis-hypoxia
3716,cellranger-arc201_count_a166708bcbeb284b79da9df9facb9573#GATTACTCATGTTGTG-1,at10_1,0.35225292462140434,AC-gliosis-hypoxia
3717,cellranger-arc201_count_a166708bcbeb284b79da9df9facb9573#GCAGCAACACAAACTT-1,at10_1,0.2875181121027627,AC-gliosis-hypoxia
3718,cellranger-arc201_count_a166708bcbeb284b79da9df9facb9573#GCAGCCAGTCAATGTG-1,at10_1,0.46098134383027,AC-gliosis-hypoxia
3719,cellranger-arc201_count_a166708bcbeb284b79da9df9facb9573#GCAGGACCAATCTCTC-1,at10_1,0.2765092974654586,AC-gliosis-hypoxia
3720,cellranger-arc201_count_a166708bcbeb284b79da9df9facb9573#GCCATGATCGCATTAA-1,at10_1,0.2421207319643222,AC-gliosis-hypoxia
3721,cellranger-arc201_count_a166708bcbeb284b79da9df9facb9573#GCCATTACAACAGCCT-1,at10_1,0.16889864320113412,AC-gliosis-hypoxia
3722,cellranger-arc201_count_a166708bcbeb284b79da9df9facb9573#GCTAAGAAGGAGCATA-1,at10_1,0.3171601197343382,AC-gliosis-hypoxia
3723,cellranger-arc201_count_a166708bcbeb284b79da9df9facb9573#GCTAGTGTCAAGGACA-1,at10_1,0.28136972973560676,AC-gliosis-hypoxia
3724,cellranger-arc201_count_a166708bcbeb284b79da9df9facb9573#GCTCACAAGCTGGACC-1,at10_1,0.2921382666034567,AC-gliosis-hypoxia
3725,cellranger-arc201_count_a166708bcbeb284b79da9df9facb9573#GCTCCTTAGCGATAAG-1,at10_1,0.29105838090634795,AC-gliosis-hypoxia
3726,cellranger-arc201_count_a166708bcbeb284b79da9df9facb9573#GCTGCAATCCGCAACA-1,at10_1,0.33955091736862125,AC-gliosis-hypoxia
3727,cellranger-arc201_count_a166708bcbeb284b79da9df9facb9573#GCTGGTTCATTGTTGG-1,at10_1,0.2977843765533528,AC-gliosis-hypoxia
3728,cellranger-arc201_count_a166708bcbeb284b79da9df9facb9573#GCTGTGATCATGGTGT-1,at10_1,0.33679716150933614,AC-gliosis-hypoxia
3729,cellranger-arc201_count_a166708bcbeb284b79da9df9facb9573#GCTTACCTCTATTGTC-1,at10_1,0.3188895906735251,AC-gliosis-hypoxia
3730,cellranger-arc201_count_a166708bcbeb284b79da9df9facb9573#GGATACTTCATTGACA-1,at10_1,0.26283376153518617,AC-gliosis-hypoxia
3731,cellranger-arc201_count_a166708bcbeb284b79da9df9facb9573#GGATGAATCTTGATGA-1,at10_1,0.3023869626563033,AC-gliosis-hypoxia
3732,cellranger-arc201_count_a166708bcbeb284b79da9df9facb9573#GGCATTGTCACGAATC-1,at10_1,0.31489129063178345,AC-gliosis-hypoxia
3733,cellranger-arc201_count_a166708bcbeb284b79da9df9facb9573#GGCGATACAGTTTCTC-1,at10_1,0.2763162399853433,AC-gliosis-hypoxia
3734,cellranger-arc201_count_a166708bcbeb284b79da9df9facb9573#GGCTATTAGCGATAGA-1,at10_1,0.2532516622791264,AC-gliosis-hypoxia
3735,cellranger-arc201_count_a166708bcbeb284b79da9df9facb9573#GGCTCAATCTGCAACG-1,at10_1,0.33278778029120476,AC-gliosis-hypoxia
3736,cellranger-arc201_count_a166708bcbeb284b79da9df9facb9573#GGGCAATAGCCAGGTC-1,at10_1,0.24646889648473833,AC-gliosis-hypoxia
3737,cellranger-arc201_count_a166708bcbeb284b79da9df9facb9573#GGTTATATCCACCTTA-1,at10_1,0.26694807982319846,AC-gliosis-hypoxia
3738,cellranger-arc201_count_a166708bcbeb284b79da9df9facb9573#GGTTCCCGTTGAGGTC-1,at10_1,0.4474300674231811,AC-gliosis-hypoxia
3739,cellranger-arc201_count_a166708bcbeb284b79da9df9facb9573#GTAAAGCCATGGCCCA-1,at10_1,0.29481790665482904,AC-gliosis-hypoxia
3740,cellranger-arc201_count_a166708bcbeb284b79da9df9facb9573#GTAAGCTTCGGTCATG-1,at10_1,0.2733910599978393,AC-gliosis-hypoxia
3741,cellranger-arc201_count_a166708bcbeb284b79da9df9facb9573#GTACAATGTCACGAAC-1,at10_1,0.44535922386159826,AC-gliosis-hypoxia
3742,cellranger-arc201_count_a166708bcbeb284b79da9df9facb9573#GTCCATTGTCAAGTAT-1,at10_1,0.2044052799104808,AC-gliosis-hypoxia
3743,cellranger-arc201_count_a166708bcbeb284b79da9df9facb9573#GTGAACAAGAATCTCA-1,at10_1,0.30859423117437423,AC-gliosis-hypoxia
3744,cellranger-arc201_count_a166708bcbeb284b79da9df9facb9573#GTGTGCGGTCCTAGTT-1,at10_1,0.43786573145992685,AC-gliosis-hypoxia
3745,cellranger-arc201_count_a166708bcbeb284b79da9df9facb9573#GTTAGACTCATAGCCG-1,at10_1,0.2704862604654037,AC-gliosis-hypoxia
3746,cellranger-arc201_count_a166708bcbeb284b79da9df9facb9573#TAACCAGGTTCACTGT-1,at10_1,0.621297956983973,AC-gliosis-hypoxia
3747,cellranger-arc201_count_a166708bcbeb284b79da9df9facb9573#TACAACATCTAATCTC-1,at10_1,0.3450451205386632,AC-gliosis-hypoxia
3748,cellranger-arc201_count_a166708bcbeb284b79da9df9facb9573#TACGTACAGGAGTCTT-1,at10_1,0.2638016939401773,AC-gliosis-hypoxia
3749,cellranger-arc201_count_a166708bcbeb284b79da9df9facb9573#TACTCGCTCAGGAAGC-1,at10_1,0.24593736196600727,AC-gliosis-hypoxia
3750,cellranger-arc201_count_a166708bcbeb284b79da9df9facb9573#TACTTGTTCAGGCTAT-1,at10_1,0.2557836553998597,AC-gliosis-hypoxia
3751,cellranger-arc201_count_a166708bcbeb284b79da9df9facb9573#TAGTAAGCAGGACCTT-1,at10_1,0.2522260409357449,AC-gliosis-hypoxia
3752,cellranger-arc201_count_a166708bcbeb284b79da9df9facb9573#TATATCCTCCACAATA-1,at10_1,0.27647109803328124,AC-gliosis-hypoxia
3753,cellranger-arc201_count_a166708bcbeb284b79da9df9facb9573#TCAAGACTCAGAAACG-1,at10_1,0.2689341161906031,AC-gliosis-hypoxia
3754,cellranger-arc201_count_a166708bcbeb284b79da9df9facb9573#TCAAGACTCTCCTCTT-1,at10_1,0.35327286616583237,AC-gliosis-hypoxia
3755,cellranger-arc201_count_a166708bcbeb284b79da9df9facb9573#TCAGTAGGTGCTGTAA-1,at10_1,0.3103572797485508,AC-gliosis-hypoxia
3756,cellranger-arc201_count_a166708bcbeb284b79da9df9facb9573#TCATAACCATAAGGAC-1,at10_1,0.151792508702952,AC-gliosis-hypoxia
3757,cellranger-arc201_count_a166708bcbeb284b79da9df9facb9573#TCATCCATCCTTGCAC-1,at10_1,0.2935042025674682,AC-gliosis-hypoxia
3758,cellranger-arc201_count_a166708bcbeb284b79da9df9facb9573#TCCAGGATCCCGAACA-1,at10_1,0.34040475263581127,AC-gliosis-hypoxia
3759,cellranger-arc201_count_a166708bcbeb284b79da9df9facb9573#TCCGGTAAGACCATAC-1,at10_1,0.33161573707186054,AC-gliosis-hypoxia
3760,cellranger-arc201_count_a166708bcbeb284b79da9df9facb9573#TCGCCCATCATAGCCG-1,at10_1,0.20841983976883444,AC-gliosis-hypoxia
3761,cellranger-arc201_count_a166708bcbeb284b79da9df9facb9573#TCTATGTTCCGCCTAT-1,at10_1,0.3330307030650736,AC-gliosis-hypoxia
3762,cellranger-arc201_count_a166708bcbeb284b79da9df9facb9573#TCTCACCAGTTACTTC-1,at10_1,0.31227368289447177,AC-gliosis-hypoxia
3763,cellranger-arc201_count_a166708bcbeb284b79da9df9facb9573#TCTTAGTTCGGTTTCC-1,at10_1,0.16464966634626615,AC-gliosis-hypoxia
3764,cellranger-arc201_count_a166708bcbeb284b79da9df9facb9573#TGAGCTTAGCGGGCAA-1,at10_1,0.3085525236310785,AC-gliosis-hypoxia
3765,cellranger-arc201_count_a166708bcbeb284b79da9df9facb9573#TGCACACCAAGGCCAA-1,at10_1,0.31619460959654794,AC-gliosis-hypoxia
3766,cellranger-arc201_count_a166708bcbeb284b79da9df9facb9573#TGCACACCATGCATAT-1,at10_1,0.27565042276880497,AC-gliosis-hypoxia
3767,cellranger-arc201_count_a166708bcbeb284b79da9df9facb9573#TGCTCACTCTCACTCA-1,at10_1,0.2728088806051063,AC-gliosis-hypoxia
3768,cellranger-arc201_count_a166708bcbeb284b79da9df9facb9573#TGGACCGGTAGCTAAT-1,at10_1,0.31625385769543535,AC-gliosis-hypoxia
3769,cellranger-arc201_count_a166708bcbeb284b79da9df9facb9573#TGGGCATGTTGTCATC-1,at10_1,0.30364300564742547,AC-gliosis-hypoxia
3770,cellranger-arc201_count_a166708bcbeb284b79da9df9facb9573#TGGTCAAGTACGGTAC-1,at10_1,0.28503545527489993,AC-gliosis-hypoxia
3771,cellranger-arc201_count_a166708bcbeb284b79da9df9facb9573#TTACGTTTCACGCCAA-1,at10_1,0.2781911026408789,AC-gliosis-hypoxia
3772,cellranger-arc201_count_a166708bcbeb284b79da9df9facb9573#TTAGCCTGTAATGGCC-1,at10_1,0.27760263092185433,AC-gliosis-hypoxia
3773,cellranger-arc201_count_a166708bcbeb284b79da9df9facb9573#TTAGGCTAGCCACATG-1,at10_1,0.2816765502477022,AC-gliosis-hypoxia
3774,cellranger-arc201_count_a166708bcbeb284b79da9df9facb9573#TTCAGCACAAGTTATC-1,at10_1,0.4446477455162181,AC-gliosis-hypoxia
3775,cellranger-arc201_count_a166708bcbeb284b79da9df9facb9573#TTCCACGGTTATCCTA-1,at10_1,0.2805684326087365,AC-gliosis-hypoxia
3776,cellranger-arc201_count_a166708bcbeb284b79da9df9facb9573#TTGACGTAGCTGGACC-1,at10_1,0.31797937504907614,AC-gliosis-hypoxia
3777,cellranger-arc201_count_a166708bcbeb284b79da9df9facb9573#TTGCATTTCTAAATCG-1,at10_1,0.4340987996990849,AC-gliosis-hypoxia
3778,cellranger-arc201_count_a166708bcbeb284b79da9df9facb9573#TTGGATTCAATCGCAC-1,at10_1,0.3826641830632056,AC-gliosis-hypoxia
3779,cellranger-arc201_count_a166708bcbeb284b79da9df9facb9573#TTGTTTGGTGTTAAAC-1,at10_1,0.28517925998859994,AC-gliosis-hypoxia
3780,cellranger-arc201_count_2f9d72acefae69161ec2c2137f20c0cd#AAGCGCTGTGCGCATG-1,at10_1,0.35473847703304734,AC-gliosis-hypoxia
3781,cellranger-arc201_count_2f9d72acefae69161ec2c2137f20c0cd#AAGGTATAGTGAGCAA-1,at10_1,0.27360717077958935,AC-gliosis-hypoxia
3782,cellranger-arc201_count_2f9d72acefae69161ec2c2137f20c0cd#AATATCCCAAGCCAGA-1,at10_1,0.25252963175823945,AC-gliosis-hypoxia
3783,cellranger-arc201_count_2f9d72acefae69161ec2c2137f20c0cd#AATCCCTGTGTTCCCA-1,at10_1,0.02389215086378501,AC-gliosis-hypoxia
3784,cellranger-arc201_count_2f9d72acefae69161ec2c2137f20c0cd#AATCTCAAGATTCCTT-1,at10_1,0.24900075039471298,AC-gliosis-hypoxia
3785,cellranger-arc201_count_2f9d72acefae69161ec2c2137f20c0cd#AATTTGCCATGCTATG-1,at10_1,0.3310138732778524,AC-gliosis-hypoxia
3786,cellranger-arc201_count_2f9d72acefae69161ec2c2137f20c0cd#ACACTTGCACCCACAG-1,at10_1,0.37711000789833127,AC-gliosis-hypoxia
3787,cellranger-arc201_count_2f9d72acefae69161ec2c2137f20c0cd#ACACTTGCAGGGAGGA-1,at10_1,0.17730304728104787,AC-gliosis-hypoxia
3788,cellranger-arc201_count_2f9d72acefae69161ec2c2137f20c0cd#ACAGCCGGTTGCTTCG-1,at10_1,0.41666315333514486,AC-gliosis-hypoxia
3789,cellranger-arc201_count_2f9d72acefae69161ec2c2137f20c0cd#ACATAGCTCCTAGTCC-1,at10_1,0.24409334841459165,AC-gliosis-hypoxia
3790,cellranger-arc201_count_2f9d72acefae69161ec2c2137f20c0cd#ACCCAACCAGTTTGGC-1,at10_1,0.26612459250139725,AC-gliosis-hypoxia
3791,cellranger-arc201_count_2f9d72acefae69161ec2c2137f20c0cd#ACCTAAGGTTGTCATC-1,at10_1,0.38507993520045447,AC-gliosis-hypoxia
3792,cellranger-arc201_count_2f9d72acefae69161ec2c2137f20c0cd#ACCTGGATCCGCCTAT-1,at10_1,0.29440355975274135,AC-gliosis-hypoxia
3793,cellranger-arc201_count_2f9d72acefae69161ec2c2137f20c0cd#ACGAACAAGTGAGCAA-1,at10_1,0.33847885531614946,AC-gliosis-hypoxia
3794,cellranger-arc201_count_2f9d72acefae69161ec2c2137f20c0cd#ACGTCCTTCGTAATCA-1,at10_1,0.30378845304807767,AC-gliosis-hypoxia
3795,cellranger-arc201_count_2f9d72acefae69161ec2c2137f20c0cd#ACTTCGCTCAAACTCA-1,at10_1,0.16473260811627818,AC-gliosis-hypoxia
3796,cellranger-arc201_count_2f9d72acefae69161ec2c2137f20c0cd#ACTTCGCTCACACAGT-1,at10_1,0.36648995322567235,AC-gliosis-hypoxia
3797,cellranger-arc201_count_2f9d72acefae69161ec2c2137f20c0cd#AGAACAAGTAGTTAAC-1,at10_1,0.17795778332119658,AC-gliosis-hypoxia
3798,cellranger-arc201_count_2f9d72acefae69161ec2c2137f20c0cd#AGAACCGCAGGCATCT-1,at10_1,0.31352646835384124,AC-gliosis-hypoxia
3799,cellranger-arc201_count_2f9d72acefae69161ec2c2137f20c0cd#AGACCCGGTCCTTCTC-1,at10_1,0.27177827551656464,AC-gliosis-hypoxia
3800,cellranger-arc201_count_2f9d72acefae69161ec2c2137f20c0cd#AGCAAATAGTTTGCGG-1,at10_1,0.3364432320765087,AC-gliosis-hypoxia
3801,cellranger-arc201_count_2f9d72acefae69161ec2c2137f20c0cd#AGCAGGTAGCTAAGTC-1,at10_1,0.2294155507062416,AC-gliosis-hypoxia
3802,cellranger-arc201_count_2f9d72acefae69161ec2c2137f20c0cd#AGCGATTTCAAGTGTC-1,at10_1,0.2759019766097109,AC-gliosis-hypoxia
3803,cellranger-arc201_count_2f9d72acefae69161ec2c2137f20c0cd#AGCTAAACAATTAACC-1,at10_1,0.25207318752273183,AC-gliosis-hypoxia
3804,cellranger-arc201_count_2f9d72acefae69161ec2c2137f20c0cd#AGGCAGGTCAACAAGG-1,at10_1,0.07266080490533053,AC-gliosis-hypoxia
3805,cellranger-arc201_count_2f9d72acefae69161ec2c2137f20c0cd#AGGTTAACAGCCGCTA-1,at10_1,0.3455310217707042,AC-gliosis-hypoxia
3806,cellranger-arc201_count_2f9d72acefae69161ec2c2137f20c0cd#AGGTTTATCTGGTCCT-1,at10_1,0.3234521119201322,AC-gliosis-hypoxia
3807,cellranger-arc201_count_2f9d72acefae69161ec2c2137f20c0cd#AGTGCCGGTTAGTGAT-1,at10_1,0.25270353383796257,AC-gliosis-hypoxia
3808,cellranger-arc201_count_2f9d72acefae69161ec2c2137f20c0cd#AGTTTGCAGTAAACCC-1,at10_1,0.3317959593200269,AC-gliosis-hypoxia
3809,cellranger-arc201_count_2f9d72acefae69161ec2c2137f20c0cd#ATAACGACACCCTCAC-1,at10_1,0.3078593932636902,AC-gliosis-hypoxia
3810,cellranger-arc201_count_2f9d72acefae69161ec2c2137f20c0cd#ATAACGACAGGCATGA-1,at10_1,0.34497693510906957,AC-gliosis-hypoxia
3811,cellranger-arc201_count_2f9d72acefae69161ec2c2137f20c0cd#ATACCTGCAAATTGCT-1,at10_1,0.06731399112602411,AC-gliosis-hypoxia
3812,cellranger-arc201_count_2f9d72acefae69161ec2c2137f20c0cd#ATCAAGCTCGATATTG-1,at10_1,0.29375948725670636,AC-gliosis-hypoxia
3813,cellranger-arc201_count_2f9d72acefae69161ec2c2137f20c0cd#ATCACTAAGTTCCTCA-1,at10_1,0.30260939360649675,AC-gliosis-hypoxia
3814,cellranger-arc201_count_2f9d72acefae69161ec2c2137f20c0cd#ATCCAACAGCAACATC-1,at10_1,0.27893287324734445,AC-gliosis-hypoxia
3815,cellranger-arc201_count_2f9d72acefae69161ec2c2137f20c0cd#ATCCGTGAGTAAGTCC-1,at10_1,0.3354119587763254,AC-gliosis-hypoxia
3816,cellranger-arc201_count_2f9d72acefae69161ec2c2137f20c0cd#ATCCTTAGTTAGGACC-1,at10_1,0.2722436013984751,AC-gliosis-hypoxia
3817,cellranger-arc201_count_2f9d72acefae69161ec2c2137f20c0cd#ATGACCAGTTAGCTGA-1,at10_1,0.25924969702692524,AC-gliosis-hypoxia
3818,cellranger-arc201_count_2f9d72acefae69161ec2c2137f20c0cd#ATGGCCCAGGCCGGAA-1,at10_1,0.27205683624465143,AC-gliosis-hypoxia
3819,cellranger-arc201_count_2f9d72acefae69161ec2c2137f20c0cd#ATTTAGGTCAAATCGC-1,at10_1,0.2718134123120514,AC-gliosis-hypoxia
3820,cellranger-arc201_count_2f9d72acefae69161ec2c2137f20c0cd#ATTTAGGTCCCAGTAG-1,at10_1,0.28191657743779075,AC-gliosis-hypoxia
3821,cellranger-arc201_count_2f9d72acefae69161ec2c2137f20c0cd#ATTTGTGAGGTCCACA-1,at10_1,0.295258480863849,AC-gliosis-hypoxia
3822,cellranger-arc201_count_2f9d72acefae69161ec2c2137f20c0cd#CAACCCTTCTTAGCGG-1,at10_1,0.3022526521163442,AC-gliosis-hypoxia
3823,cellranger-arc201_count_2f9d72acefae69161ec2c2137f20c0cd#CAAGGCCTCCTTAGGG-1,at10_1,0.29639012512102897,AC-gliosis-hypoxia
3824,cellranger-arc201_count_2f9d72acefae69161ec2c2137f20c0cd#CAGGTTTAGATGCCTG-1,at10_1,0.32474604807976265,AC-gliosis-hypoxia
3825,cellranger-arc201_count_2f9d72acefae69161ec2c2137f20c0cd#CAGTATGGTTTGGCGG-1,at10_1,0.26896076112981143,AC-gliosis-hypoxia
3826,cellranger-arc201_count_2f9d72acefae69161ec2c2137f20c0cd#CATAATCCAAATATCC-1,at10_1,0.43866491258326534,AC-gliosis-hypoxia
3827,cellranger-arc201_count_2f9d72acefae69161ec2c2137f20c0cd#CATAATGTCATCACTT-1,at10_1,0.11676403310746457,AC-gliosis-hypoxia
3828,cellranger-arc201_count_2f9d72acefae69161ec2c2137f20c0cd#CATCATAAGGAGGACT-1,at10_1,0.3535050140269804,AC-gliosis-hypoxia
3829,cellranger-arc201_count_2f9d72acefae69161ec2c2137f20c0cd#CCAGTTTGTGCACGCA-1,at10_1,0.3116137960562525,AC-gliosis-hypoxia
3830,cellranger-arc201_count_2f9d72acefae69161ec2c2137f20c0cd#CCATAAATCCCGTTAC-1,at10_1,0.3012932672519351,AC-gliosis-hypoxia
3831,cellranger-arc201_count_2f9d72acefae69161ec2c2137f20c0cd#CCATCACTCTGGTCCT-1,at10_1,0.33335489707985033,AC-gliosis-hypoxia
3832,cellranger-arc201_count_2f9d72acefae69161ec2c2137f20c0cd#CCCAACCGTGCAATAT-1,at10_1,0.29899219693767376,AC-gliosis-hypoxia
3833,cellranger-arc201_count_2f9d72acefae69161ec2c2137f20c0cd#CCGCCAACAACAGGTG-1,at10_1,0.1660437785678313,AC-gliosis-hypoxia
3834,cellranger-arc201_count_2f9d72acefae69161ec2c2137f20c0cd#CCGCTTAGTGGGTACT-1,at10_1,0.29204296291807524,AC-gliosis-hypoxia
3835,cellranger-arc201_count_2f9d72acefae69161ec2c2137f20c0cd#CCGGTAGGTAATGGAA-1,at10_1,0.2470238184109249,AC-gliosis-hypoxia
3836,cellranger-arc201_count_2f9d72acefae69161ec2c2137f20c0cd#CCTATATTCCAGGTCA-1,at10_1,0.24700023610840724,AC-gliosis-hypoxia
3837,cellranger-arc201_count_2f9d72acefae69161ec2c2137f20c0cd#CGAAGTAAGTTGTCAA-1,at10_1,0.24602542669193816,AC-gliosis-hypoxia
3838,cellranger-arc201_count_2f9d72acefae69161ec2c2137f20c0cd#CGCCTCATCTGGTCCT-1,at10_1,0.1985643862670619,AC-gliosis-hypoxia
3839,cellranger-arc201_count_2f9d72acefae69161ec2c2137f20c0cd#CGCGGATTCTCGCCTG-1,at10_1,0.2708714566346271,AC-gliosis-hypoxia
3840,cellranger-arc201_count_2f9d72acefae69161ec2c2137f20c0cd#CGCTTACTCCTCCCTC-1,at10_1,0.27387250648560296,AC-gliosis-hypoxia
3841,cellranger-arc201_count_2f9d72acefae69161ec2c2137f20c0cd#CGGCCATAGCTAATTG-1,at10_1,0.3043016395888168,AC-gliosis-hypoxia
3842,cellranger-arc201_count_2f9d72acefae69161ec2c2137f20c0cd#CGGTAACGTTGCTGGG-1,at10_1,0.3350208600709347,AC-gliosis-hypoxia
3843,cellranger-arc201_count_2f9d72acefae69161ec2c2137f20c0cd#CGTAACCCATAAAGCA-1,at10_1,0.29293775399046423,AC-gliosis-hypoxia
3844,cellranger-arc201_count_2f9d72acefae69161ec2c2137f20c0cd#CGTTATTTCGTTAAGC-1,at10_1,0.34778317342437104,AC-gliosis-hypoxia
3845,cellranger-arc201_count_2f9d72acefae69161ec2c2137f20c0cd#CGTTGCAAGCACGTTG-1,at10_1,0.33010691518515617,AC-gliosis-hypoxia
3846,cellranger-arc201_count_2f9d72acefae69161ec2c2137f20c0cd#CGTTGCGCATAGACCC-1,at10_1,0.45103829891914615,AC-gliosis-hypoxia
3847,cellranger-arc201_count_2f9d72acefae69161ec2c2137f20c0cd#CTAACCCTCATTGCAA-1,at10_1,0.3047846730792293,AC-gliosis-hypoxia
3848,cellranger-arc201_count_2f9d72acefae69161ec2c2137f20c0cd#CTAATCCGTGTTTGTC-1,at10_1,0.2527148377515661,AC-gliosis-hypoxia
3849,cellranger-arc201_count_2f9d72acefae69161ec2c2137f20c0cd#CTATGACAGTTTGGTA-1,at10_1,0.2694036183952734,AC-gliosis-hypoxia
3850,cellranger-arc201_count_2f9d72acefae69161ec2c2137f20c0cd#CTATTACTCTAGCTAA-1,at10_1,0.30605154666737555,AC-gliosis-hypoxia
3851,cellranger-arc201_count_2f9d72acefae69161ec2c2137f20c0cd#CTCAATAAGTTTGAGC-1,at10_1,0.3448619470224131,AC-gliosis-hypoxia
3852,cellranger-arc201_count_2f9d72acefae69161ec2c2137f20c0cd#CTGATCACAGTTTCTC-1,at10_1,0.31499915112759636,AC-gliosis-hypoxia
3853,cellranger-arc201_count_2f9d72acefae69161ec2c2137f20c0cd#CTGCTACTCACGCATG-1,at10_1,0.26695991273768493,AC-gliosis-hypoxia
3854,cellranger-arc201_count_2f9d72acefae69161ec2c2137f20c0cd#CTTTGGGAGATAACCC-1,at10_1,0.20748306273163233,AC-gliosis-hypoxia
3855,cellranger-arc201_count_2f9d72acefae69161ec2c2137f20c0cd#GAACGAATCAAGACTC-1,at10_1,0.28469054669923394,AC-gliosis-hypoxia
3856,cellranger-arc201_count_2f9d72acefae69161ec2c2137f20c0cd#GACCGTTCACCATATG-1,at10_1,0.3136818275605103,AC-gliosis-hypoxia
3857,cellranger-arc201_count_2f9d72acefae69161ec2c2137f20c0cd#GACTTAGGTGGTTCCC-1,at10_1,0.2856130128704453,AC-gliosis-hypoxia
3858,cellranger-arc201_count_2f9d72acefae69161ec2c2137f20c0cd#GAGGACTAGGCCCAGT-1,at10_1,0.2627974275271749,AC-gliosis-hypoxia
3859,cellranger-arc201_count_2f9d72acefae69161ec2c2137f20c0cd#GAGGTACAGTCACTAA-1,at10_1,0.30049099564975434,AC-gliosis-hypoxia
3860,cellranger-arc201_count_2f9d72acefae69161ec2c2137f20c0cd#GAGGTGAGTGAGGTAG-1,at10_1,0.44988975447586427,AC-gliosis-hypoxia
3861,cellranger-arc201_count_2f9d72acefae69161ec2c2137f20c0cd#GAGTTACTCCTTGCAC-1,at10_1,0.3113272446306184,AC-gliosis-hypoxia
3862,cellranger-arc201_count_2f9d72acefae69161ec2c2137f20c0cd#GATCAGGCACTATGGC-1,at10_1,0.30213025801732685,AC-gliosis-hypoxia
3863,cellranger-arc201_count_2f9d72acefae69161ec2c2137f20c0cd#GATCAGGCATTATGCG-1,at10_1,0.27000333834359813,AC-gliosis-hypoxia
3864,cellranger-arc201_count_2f9d72acefae69161ec2c2137f20c0cd#GATCGCTCAAAGGCCA-1,at10_1,0.33980893058872913,AC-gliosis-hypoxia
3865,cellranger-arc201_count_2f9d72acefae69161ec2c2137f20c0cd#GCAATAGAGGATTGCT-1,at10_1,0.27071854753731045,AC-gliosis-hypoxia
3866,cellranger-arc201_count_2f9d72acefae69161ec2c2137f20c0cd#GCACGAACAACAACAA-1,at10_1,0.3485009997803463,AC-gliosis-hypoxia
3867,cellranger-arc201_count_2f9d72acefae69161ec2c2137f20c0cd#GCACGCTAGTACCGCA-1,at10_1,0.2712515855322351,AC-gliosis-hypoxia
3868,cellranger-arc201_count_2f9d72acefae69161ec2c2137f20c0cd#GCGGTTATCTGGCAAT-1,at10_1,0.2753233053280962,AC-gliosis-hypoxia
3869,cellranger-arc201_count_2f9d72acefae69161ec2c2137f20c0cd#GCTAATATCCTAAGGT-1,at10_1,0.3233271563431553,AC-gliosis-hypoxia
3870,cellranger-arc201_count_2f9d72acefae69161ec2c2137f20c0cd#GCTCAACCACTTGTTC-1,at10_1,0.3113915878432729,AC-gliosis-hypoxia
3871,cellranger-arc201_count_2f9d72acefae69161ec2c2137f20c0cd#GCTCATTGTTACTTCA-1,at10_1,0.2950581565821314,AC-gliosis-hypoxia
3872,cellranger-arc201_count_2f9d72acefae69161ec2c2137f20c0cd#GCTGAGGAGACACTTA-1,at10_1,0.3467349720959343,AC-gliosis-hypoxia
3873,cellranger-arc201_count_2f9d72acefae69161ec2c2137f20c0cd#GCTTTACGTTAACGGC-1,at10_1,0.26164540281492643,AC-gliosis-hypoxia
3874,cellranger-arc201_count_2f9d72acefae69161ec2c2137f20c0cd#GCTTTCATCTGGCATG-1,at10_1,0.2451421344282148,AC-gliosis-hypoxia
3875,cellranger-arc201_count_2f9d72acefae69161ec2c2137f20c0cd#GGATACTTCTGGTCCT-1,at10_1,0.2869600161712786,AC-gliosis-hypoxia
3876,cellranger-arc201_count_2f9d72acefae69161ec2c2137f20c0cd#GGCCTAATCATGCAAC-1,at10_1,0.17039211014115782,AC-gliosis-hypoxia
3877,cellranger-arc201_count_2f9d72acefae69161ec2c2137f20c0cd#GGCTCAATCCTTGCAC-1,at10_1,0.2760794703270075,AC-gliosis-hypoxia
3878,cellranger-arc201_count_2f9d72acefae69161ec2c2137f20c0cd#GGGTCACTCATTAGGC-1,at10_1,0.43506620310319294,AC-gliosis-hypoxia
3879,cellranger-arc201_count_2f9d72acefae69161ec2c2137f20c0cd#GGTTACCCAAACCTTG-1,at10_1,0.3098919260244887,AC-gliosis-hypoxia
3880,cellranger-arc201_count_2f9d72acefae69161ec2c2137f20c0cd#GTAATAGCAAATACCT-1,at10_1,0.24028863485384822,AC-gliosis-hypoxia
3881,cellranger-arc201_count_2f9d72acefae69161ec2c2137f20c0cd#GTAATAGCATCAGTAT-1,at10_1,0.3469978576925954,AC-gliosis-hypoxia
3882,cellranger-arc201_count_2f9d72acefae69161ec2c2137f20c0cd#GTACACCCACATAACT-1,at10_1,0.34947544724884283,AC-gliosis-hypoxia
3883,cellranger-arc201_count_2f9d72acefae69161ec2c2137f20c0cd#GTACCTTGTCACAAAT-1,at10_1,0.26911840339292253,AC-gliosis-hypoxia
3884,cellranger-arc201_count_2f9d72acefae69161ec2c2137f20c0cd#GTACCTTGTTTATCTG-1,at10_1,0.16454176408722565,AC-gliosis-hypoxia
3885,cellranger-arc201_count_2f9d72acefae69161ec2c2137f20c0cd#GTAGGAGGTAAGCTTG-1,at10_1,0.30783675759433143,AC-gliosis-hypoxia
3886,cellranger-arc201_count_2f9d72acefae69161ec2c2137f20c0cd#GTATCGCCAGCCTTGG-1,at10_1,0.18294108300694154,AC-gliosis-hypoxia
3887,cellranger-arc201_count_2f9d72acefae69161ec2c2137f20c0cd#GTCATCCTCTTGTCTG-1,at10_1,0.19187514226034436,AC-gliosis-hypoxia
3888,cellranger-arc201_count_2f9d72acefae69161ec2c2137f20c0cd#GTCATGCCACTGGCCA-1,at10_1,0.277081230946354,AC-gliosis-hypoxia
3889,cellranger-arc201_count_2f9d72acefae69161ec2c2137f20c0cd#GTCCTAGAGGGTGAAC-1,at10_1,0.3071847500850525,AC-gliosis-hypoxia
3890,cellranger-arc201_count_2f9d72acefae69161ec2c2137f20c0cd#GTCCTCAGTTAAGCGC-1,at10_1,0.26623643442490785,AC-gliosis-hypoxia
3891,cellranger-arc201_count_2f9d72acefae69161ec2c2137f20c0cd#GTCTATCGTTTGAGGC-1,at10_1,0.26297055002664943,AC-gliosis-hypoxia
3892,cellranger-arc201_count_2f9d72acefae69161ec2c2137f20c0cd#GTGCTTCTCCTCCCTC-1,at10_1,0.2851431208756507,AC-gliosis-hypoxia
3893,cellranger-arc201_count_2f9d72acefae69161ec2c2137f20c0cd#GTTGCTGAGCCGCTTT-1,at10_1,0.2994098013715142,AC-gliosis-hypoxia
3894,cellranger-arc201_count_2f9d72acefae69161ec2c2137f20c0cd#TAAGCTATCTCACACC-1,at10_1,0.3469010783731722,AC-gliosis-hypoxia
3895,cellranger-arc201_count_2f9d72acefae69161ec2c2137f20c0cd#TAATGGTGTTAGTTGG-1,at10_1,0.3256205422235384,AC-gliosis-hypoxia
3896,cellranger-arc201_count_2f9d72acefae69161ec2c2137f20c0cd#TACAACATCCTTCGTA-1,at10_1,0.3528627234286564,AC-gliosis-hypoxia
3897,cellranger-arc201_count_2f9d72acefae69161ec2c2137f20c0cd#TACCTTTAGCTTTGTT-1,at10_1,0.24564340452801228,AC-gliosis-hypoxia
3898,cellranger-arc201_count_2f9d72acefae69161ec2c2137f20c0cd#TACGGATTCTGTTGCC-1,at10_1,0.2993795926368841,AC-gliosis-hypoxia
3899,cellranger-arc201_count_2f9d72acefae69161ec2c2137f20c0cd#TACTGACAGCGATACT-1,at10_1,0.37280452539652154,AC-gliosis-hypoxia
3900,cellranger-arc201_count_2f9d72acefae69161ec2c2137f20c0cd#TAGCTTGCACCTACTT-1,at10_1,0.1873537717139984,AC-gliosis-hypoxia
3901,cellranger-arc201_count_2f9d72acefae69161ec2c2137f20c0cd#TAGGGTTTCCAGGTCA-1,at10_1,0.2753057647725045,AC-gliosis-hypoxia
3902,cellranger-arc201_count_2f9d72acefae69161ec2c2137f20c0cd#TAGGTTGGTCATTACC-1,at10_1,0.31434213203100553,AC-gliosis-hypoxia
3903,cellranger-arc201_count_2f9d72acefae69161ec2c2137f20c0cd#TAGTAAGCATACTCCT-1,at10_1,0.422041254732461,AC-gliosis-hypoxia
3904,cellranger-arc201_count_2f9d72acefae69161ec2c2137f20c0cd#TATAACCCACCATATG-1,at10_1,0.3564988249185059,AC-gliosis-hypoxia
3905,cellranger-arc201_count_2f9d72acefae69161ec2c2137f20c0cd#TATGGGCGTGCAATAT-1,at10_1,0.3117196797592923,AC-gliosis-hypoxia
3906,cellranger-arc201_count_2f9d72acefae69161ec2c2137f20c0cd#TATTGACCAGCAAGGC-1,at10_1,0.2962121302450011,AC-gliosis-hypoxia
3907,cellranger-arc201_count_2f9d72acefae69161ec2c2137f20c0cd#TATTTGCTCTCGACCT-1,at10_1,0.3721326664330571,AC-gliosis-hypoxia
3908,cellranger-arc201_count_2f9d72acefae69161ec2c2137f20c0cd#TCACGGATCCGGCTAA-1,at10_1,0.3463178409786734,AC-gliosis-hypoxia
3909,cellranger-arc201_count_2f9d72acefae69161ec2c2137f20c0cd#TCCAGCAAGCTCGCTT-1,at10_1,0.2923601407106154,AC-gliosis-hypoxia
3910,cellranger-arc201_count_2f9d72acefae69161ec2c2137f20c0cd#TCCATCATCAAGCTTA-1,at10_1,0.35371096242334804,AC-gliosis-hypoxia
3911,cellranger-arc201_count_2f9d72acefae69161ec2c2137f20c0cd#TCCCTCACAATCCTGA-1,at10_1,0.144811854815123,AC-gliosis-hypoxia
3912,cellranger-arc201_count_2f9d72acefae69161ec2c2137f20c0cd#TCGCGAGGTCATGAGC-1,at10_1,0.29669485747174457,AC-gliosis-hypoxia
3913,cellranger-arc201_count_2f9d72acefae69161ec2c2137f20c0cd#TCTACCTCAAATACCT-1,at10_1,0.1719251686209456,AC-gliosis-hypoxia
3914,cellranger-arc201_count_2f9d72acefae69161ec2c2137f20c0cd#TCTACCTCAGGCTTCG-1,at10_1,0.26120894924436294,AC-gliosis-hypoxia
3915,cellranger-arc201_count_2f9d72acefae69161ec2c2137f20c0cd#TCTTAGTTCAATACGC-1,at10_1,0.2501791694668041,AC-gliosis-hypoxia
3916,cellranger-arc201_count_2f9d72acefae69161ec2c2137f20c0cd#TGAAACTGTCATTGAG-1,at10_1,0.30898023476599784,AC-gliosis-hypoxia
3917,cellranger-arc201_count_2f9d72acefae69161ec2c2137f20c0cd#TGCTCACTCATGGTGT-1,at10_1,0.2807374901540581,AC-gliosis-hypoxia
3918,cellranger-arc201_count_2f9d72acefae69161ec2c2137f20c0cd#TGGTCATAGATGGACA-1,at10_1,0.1894887357510219,AC-gliosis-hypoxia
3919,cellranger-arc201_count_2f9d72acefae69161ec2c2137f20c0cd#TGTGATCAGCATGAAG-1,at10_1,0.42931958298554135,AC-gliosis-hypoxia
3920,cellranger-arc201_count_2f9d72acefae69161ec2c2137f20c0cd#TGTGGAGCAAGATTCT-1,at10_1,0.31065093092287677,AC-gliosis-hypoxia
3921,cellranger-arc201_count_2f9d72acefae69161ec2c2137f20c0cd#TTAGAAGCACTGGCTG-1,at10_1,0.26061482556853655,AC-gliosis-hypoxia
3922,cellranger-arc201_count_2f9d72acefae69161ec2c2137f20c0cd#TTCAGTTTCCTAATTC-1,at10_1,0.2592074883248983,AC-gliosis-hypoxia
3923,cellranger-arc201_count_2f9d72acefae69161ec2c2137f20c0cd#TTGCAATCATAACGGG-1,at10_1,0.3122964299324374,AC-gliosis-hypoxia
3924,cellranger-arc201_count_2f9d72acefae69161ec2c2137f20c0cd#TTGCTCTCATCAGTAT-1,at10_1,0.31387393840746663,AC-gliosis-hypoxia
3925,cellranger-arc201_count_2f9d72acefae69161ec2c2137f20c0cd#TTGGGCGGTACCAGGT-1,at10_1,0.1674739324548146,AC-gliosis-hypoxia
3926,cellranger-arc201_count_2f9d72acefae69161ec2c2137f20c0cd#TTGGGTTAGTTCCCGT-1,at10_1,0.24612098095668514,AC-gliosis-hypoxia
3927,cellranger-arc201_count_2f9d72acefae69161ec2c2137f20c0cd#TTGTGCGAGCACAGCC-1,at10_1,0.17729438837185896,AC-gliosis-hypoxia
3928,cellranger-arc201_count_2f9d72acefae69161ec2c2137f20c0cd#TTTAAGCCACTCGCTC-1,at10_1,0.26262360897390696,AC-gliosis-hypoxia
3929,cellranger-arc201_count_2f9d72acefae69161ec2c2137f20c0cd#TTTGAGTCACATTAAC-1,at10_1,0.27935342894926846,AC-gliosis-hypoxia
3930,cellranger-arc201_count_2f9d72acefae69161ec2c2137f20c0cd#TTTGCGGAGTTCCCGT-1,at10_1,0.2945658516551919,AC-gliosis-hypoxia
3931,cellranger-arc201_count_0fb30af0fe36506de6b8a3b7f8b6b155#AAGCGAGGTAATAGCT-1,at10_1,0.2668285813079612,AC-gliosis-hypoxia
3932,cellranger-arc201_count_0fb30af0fe36506de6b8a3b7f8b6b155#AGCACAGCAAGGTGGC-1,at10_1,0.31358176286718253,AC-gliosis-hypoxia
3933,cellranger-arc201_count_0fb30af0fe36506de6b8a3b7f8b6b155#ATCCACCTCACTTTAC-1,at10_1,0.31541037970868996,AC-gliosis-hypoxia
3934,cellranger-arc201_count_0fb30af0fe36506de6b8a3b7f8b6b155#ATTGCTCGTCCTTCAG-1,at10_1,0.2963280928069682,AC-gliosis-hypoxia
3935,cellranger-arc201_count_0fb30af0fe36506de6b8a3b7f8b6b155#CCCAAATAGTTGTCTT-1,at10_1,0.5948557643245939,AC-gliosis-hypoxia
3936,cellranger-arc201_count_0fb30af0fe36506de6b8a3b7f8b6b155#CGAATATGTTTCCGGC-1,at10_1,0.3052599664514601,AC-gliosis-hypoxia
3937,cellranger-arc201_count_0fb30af0fe36506de6b8a3b7f8b6b155#CTAATTGAGTAACCAC-1,at10_1,0.27529546317636344,AC-gliosis-hypoxia
3938,cellranger-arc201_count_0fb30af0fe36506de6b8a3b7f8b6b155#CTCCATCAGGACCTTG-1,at10_1,0.16545909338144238,AC-gliosis-hypoxia
3939,cellranger-arc201_count_0fb30af0fe36506de6b8a3b7f8b6b155#GAGAAACGTAAACAAG-1,at10_1,0.25392480198157047,AC-gliosis-hypoxia
3940,cellranger-arc201_count_0fb30af0fe36506de6b8a3b7f8b6b155#GCATTAGGTCACACCC-1,at10_1,0.3180805812706249,AC-gliosis-hypoxia
3941,cellranger-arc201_count_0fb30af0fe36506de6b8a3b7f8b6b155#GCCTGCTGTTCGGTAA-1,at10_1,0.06518011293291823,AC-gliosis-hypoxia
3942,cellranger-arc201_count_0fb30af0fe36506de6b8a3b7f8b6b155#GCTAGCCAGACAACAG-1,at10_1,0.3583820123774095,AC-gliosis-hypoxia
3943,cellranger-arc201_count_0fb30af0fe36506de6b8a3b7f8b6b155#TAATCACCATCATGGC-1,at10_1,0.30234937575146403,AC-gliosis-hypoxia
3944,cellranger-arc201_count_0fb30af0fe36506de6b8a3b7f8b6b155#TGCATTAAGGCGCATC-1,at10_1,0.27671402080715,AC-gliosis-hypoxia
3945,cellranger-arc201_count_0fb30af0fe36506de6b8a3b7f8b6b155#TTGTGAGGTTTGGCTT-1,at10_1,0.3729307060281746,AC-gliosis-hypoxia
3946,cellranger-arc201_count_1243e22655c16468279dae921b0de74a#ACAGCCGGTACAATGT-1,at10_1,0.2689527982744158,AC-gliosis-hypoxia
3947,cellranger-arc201_count_1243e22655c16468279dae921b0de74a#ACTTAGTCAATTGACT-1,at10_1,0.30789617274612924,AC-gliosis-hypoxia
3948,cellranger-arc201_count_1243e22655c16468279dae921b0de74a#AGAAAGGCACTCGCTC-1,at10_1,0.2845523104158805,AC-gliosis-hypoxia
3949,cellranger-arc201_count_1243e22655c16468279dae921b0de74a#AGTTACATCGTTCACC-1,at10_1,0.2810711783425758,AC-gliosis-hypoxia
3950,cellranger-arc201_count_1243e22655c16468279dae921b0de74a#ATCACACAGTTGTCTT-1,at10_1,0.2991487255147156,AC-gliosis-hypoxia
3951,cellranger-arc201_count_1243e22655c16468279dae921b0de74a#ATCTATGAGACTCGCA-1,at10_1,0.42641985072472105,AC-gliosis-hypoxia
3952,cellranger-arc201_count_1243e22655c16468279dae921b0de74a#CAACCCGCACAGAACG-1,at10_1,0.3070822074402207,AC-gliosis-hypoxia
3953,cellranger-arc201_count_1243e22655c16468279dae921b0de74a#CAATATGTCTATTGTC-1,at10_1,0.2875136852006372,AC-gliosis-hypoxia
3954,cellranger-arc201_count_1243e22655c16468279dae921b0de74a#CATTGTAAGCTTCCCG-1,at10_1,0.2574072426360067,AC-gliosis-hypoxia
3955,cellranger-arc201_count_1243e22655c16468279dae921b0de74a#CCACACAAGCTCCCTG-1,at10_1,0.37625375036394043,AC-gliosis-hypoxia
3956,cellranger-arc201_count_1243e22655c16468279dae921b0de74a#CCTATATTCACGTTAA-1,at10_1,0.2663086848086545,AC-gliosis-hypoxia
3957,cellranger-arc201_count_1243e22655c16468279dae921b0de74a#CCTATTTAGTTAGAGG-1,at10_1,0.2534394575925642,AC-gliosis-hypoxia
3958,cellranger-arc201_count_1243e22655c16468279dae921b0de74a#CGGAGCAAGGCTGTGC-1,at10_1,0.20129698209103006,AC-gliosis-hypoxia
3959,cellranger-arc201_count_1243e22655c16468279dae921b0de74a#CGTGCTGCAAGGAATC-1,at10_1,0.3124770698128799,AC-gliosis-hypoxia
3960,cellranger-arc201_count_1243e22655c16468279dae921b0de74a#CTACGAAGTTGGCCGA-1,at10_1,0.25275576571461333,AC-gliosis-hypoxia
3961,cellranger-arc201_count_1243e22655c16468279dae921b0de74a#CTGGCTAAGTTTGGTA-1,at10_1,0.33984866133925196,AC-gliosis-hypoxia
3962,cellranger-arc201_count_1243e22655c16468279dae921b0de74a#CTGTTTAGTTAGCCAA-1,at10_1,0.30520286219825604,AC-gliosis-hypoxia
3963,cellranger-arc201_count_1243e22655c16468279dae921b0de74a#CTTTGAGCACGAATCC-1,at10_1,0.31644040011204516,AC-gliosis-hypoxia
3964,cellranger-arc201_count_1243e22655c16468279dae921b0de74a#GAGGGAGCAAGTGAAC-1,at10_1,0.3282716440693847,AC-gliosis-hypoxia
3965,cellranger-arc201_count_1243e22655c16468279dae921b0de74a#GCAAACAAGGAAGCTA-1,at10_1,0.29011077327212187,AC-gliosis-hypoxia
3966,cellranger-arc201_count_1243e22655c16468279dae921b0de74a#GTCCAAGTCGCTAAAC-1,at10_1,0.2847233169118234,AC-gliosis-hypoxia
3967,cellranger-arc201_count_1243e22655c16468279dae921b0de74a#TAAGTGCTCAGGGCCT-1,at10_1,0.2977036621554794,AC-gliosis-hypoxia
3968,cellranger-arc201_count_1243e22655c16468279dae921b0de74a#TATATCCTCTTAAGTG-1,at10_1,0.3035356741524955,AC-gliosis-hypoxia
3969,cellranger-arc201_count_1243e22655c16468279dae921b0de74a#TATCGCGAGGACAATG-1,at10_1,0.3569430186072511,AC-gliosis-hypoxia
3970,cellranger-arc201_count_1243e22655c16468279dae921b0de74a#TCATACTTCATCACTT-1,at10_1,0.34580457091147904,AC-gliosis-hypoxia
3971,cellranger-arc201_count_dae7bef086560538e47878293f38b2c6#ACTTGTCGTAACGGGA-1,at10_1,0.28329559921311676,AC-gliosis-hypoxia
3972,cellranger-arc201_count_dae7bef086560538e47878293f38b2c6#ATCATCAAGGCCAATT-1,at10_1,0.27389160620169173,AC-gliosis-hypoxia
3973,cellranger-arc201_count_dae7bef086560538e47878293f38b2c6#ATCCAACAGTCTCACC-1,at10_1,0.3107028843780102,AC-gliosis-hypoxia
3974,cellranger-arc201_count_dae7bef086560538e47878293f38b2c6#CACCAACCAGTTTCTC-1,at10_1,0.2942062981077144,AC-gliosis-hypoxia
3975,cellranger-arc201_count_dae7bef086560538e47878293f38b2c6#CATGCAAGTCACCAAA-1,at10_1,0.30318995815442923,AC-gliosis-hypoxia
3976,cellranger-arc201_count_dae7bef086560538e47878293f38b2c6#CCCAACCGTTGGATCA-1,at10_1,0.30263595501924984,AC-gliosis-hypoxia
3977,cellranger-arc201_count_dae7bef086560538e47878293f38b2c6#CCTTCAGGTTAAGCTG-1,at10_1,0.26754273249990773,AC-gliosis-hypoxia
3978,cellranger-arc201_count_dae7bef086560538e47878293f38b2c6#CGCATATAGGCATGAA-1,at10_1,0.3186943615055746,AC-gliosis-hypoxia
3979,cellranger-arc201_count_dae7bef086560538e47878293f38b2c6#CGTTGCGCATGCAACC-1,at10_1,0.30994374026886345,AC-gliosis-hypoxia
3980,cellranger-arc201_count_e639e4f2fc11914d67363348c4a30ad1#AACCTCCTCCTTGAGG-1,at10_1,0.3029024322534845,AC-gliosis-hypoxia
3981,cellranger-arc201_count_e639e4f2fc11914d67363348c4a30ad1#AAGGCCCTCTGTTCAT-1,at10_1,0.43091969928777757,AC-gliosis-hypoxia
3982,cellranger-arc201_count_e639e4f2fc11914d67363348c4a30ad1#AGGTTACTCTAAGTCA-1,at10_1,0.43434180599940875,AC-gliosis-hypoxia
3983,cellranger-arc201_count_e639e4f2fc11914d67363348c4a30ad1#AGTCCTGAGCATTATG-1,at10_1,0.27893415398632415,AC-gliosis-hypoxia
3984,cellranger-arc201_count_e639e4f2fc11914d67363348c4a30ad1#ATTCCTAGTACTTCAC-1,at10_1,0.2686706180666038,AC-gliosis-hypoxia
3985,cellranger-arc201_count_e639e4f2fc11914d67363348c4a30ad1#CGAAATGAGTAACAGG-1,at10_1,0.3104972979296151,AC-gliosis-hypoxia
3986,cellranger-arc201_count_e639e4f2fc11914d67363348c4a30ad1#CTAATGTCATAAAGCA-1,at10_1,0.2650153054920587,AC-gliosis-hypoxia
3987,cellranger-arc201_count_e639e4f2fc11914d67363348c4a30ad1#CTGATCACAGGTCCTG-1,at10_1,0.30371280592181965,AC-gliosis-hypoxia
3988,cellranger-arc201_count_e639e4f2fc11914d67363348c4a30ad1#CTTGCTCAGCCAGTAT-1,at10_1,0.33581141012723603,AC-gliosis-hypoxia
3989,cellranger-arc201_count_e639e4f2fc11914d67363348c4a30ad1#GAAACCCGTTGTAAAC-1,at10_1,0.3523468361991991,AC-gliosis-hypoxia
3990,cellranger-arc201_count_e639e4f2fc11914d67363348c4a30ad1#GAAGTATAGGTGTTAC-1,at10_1,0.29340962277803184,AC-gliosis-hypoxia
3991,cellranger-arc201_count_e639e4f2fc11914d67363348c4a30ad1#GCAGCTATCCTTGCAC-1,at10_1,0.3493303617961632,AC-gliosis-hypoxia
3992,cellranger-arc201_count_e639e4f2fc11914d67363348c4a30ad1#GCCCATAAGGTGAAAT-1,at10_1,0.6071041950834979,AC-gliosis-hypoxia
3993,cellranger-arc201_count_e639e4f2fc11914d67363348c4a30ad1#GCTATAGGTAGGATCC-1,at10_1,0.44587608556636615,AC-gliosis-hypoxia
3994,cellranger-arc201_count_e639e4f2fc11914d67363348c4a30ad1#GGAACGGTCCATAAGC-1,at10_1,0.31928358496269604,AC-gliosis-hypoxia
3995,cellranger-arc201_count_e639e4f2fc11914d67363348c4a30ad1#GGACATAAGCCACATG-1,at10_1,0.9916651734572666,AC-gliosis-hypoxia
3996,cellranger-arc201_count_e639e4f2fc11914d67363348c4a30ad1#GTCATCCTCTTGTCCA-1,at10_1,0.3049524777277229,AC-gliosis-hypoxia
3997,cellranger-arc201_count_e639e4f2fc11914d67363348c4a30ad1#GTCTAGCCAACTAGCC-1,at10_1,0.28569400568983605,AC-gliosis-hypoxia
3998,cellranger-arc201_count_e639e4f2fc11914d67363348c4a30ad1#TCTTCAAGTTGCACGG-1,at10_1,0.355751151775873,AC-gliosis-hypoxia
3999,cellranger-arc201_count_cc6a172022bb6226a2cf33e34090eaca#ATGAATGCAGCAAGGC-1,at10_1,0.3123502766538887,AC-gliosis-hypoxia
4000,cellranger-arc201_count_cc6a172022bb6226a2cf33e34090eaca#CACAGGCTCTCACTAT-1,at10_1,0.28589822787279623,AC-gliosis-hypoxia
4001,cellranger-arc201_count_cc6a172022bb6226a2cf33e34090eaca#CCCTCACCATCCATCT-1,at10_1,0.44945981596880624,AC-gliosis-hypoxia
4002,cellranger-arc201_count_cc6a172022bb6226a2cf33e34090eaca#CGAAGTAAGCTCAATA-1,at10_1,0.3657184193590045,AC-gliosis-hypoxia
4003,cellranger-arc201_count_cc6a172022bb6226a2cf33e34090eaca#CTATGACAGGCTACAT-1,at10_1,0.3353811096722056,AC-gliosis-hypoxia
4004,cellranger-arc201_count_cc6a172022bb6226a2cf33e34090eaca#GCAGGATAGTTATTCC-1,at10_1,0.4088441026532617,AC-gliosis-hypoxia
4005,cellranger-arc201_count_cc6a172022bb6226a2cf33e34090eaca#GGATTATGTGATCATG-1,at10_1,0.25609958029557184,AC-gliosis-hypoxia
4006,cellranger-arc201_count_cc6a172022bb6226a2cf33e34090eaca#GTCAGGCTCATTCATC-1,at10_1,0.34731202853274845,AC-gliosis-hypoxia
4007,cellranger-arc201_count_cc6a172022bb6226a2cf33e34090eaca#GTCCTAGAGGACCTTG-1,at10_1,0.30191125165179655,AC-gliosis-hypoxia
4008,cellranger-arc201_count_cc6a172022bb6226a2cf33e34090eaca#GTGGTTAGTCATTACC-1,at10_1,0.5460660685768763,AC-gliosis-hypoxia
4009,cellranger-arc201_count_cc6a172022bb6226a2cf33e34090eaca#TGAGGCACACACCAAC-1,at10_1,0.5601615476817348,AC-gliosis-hypoxia
4010,cellranger-arc201_count_cc6a172022bb6226a2cf33e34090eaca#TGCCATTGTTTATCGC-1,at10_1,0.3013720883834907,AC-gliosis-hypoxia
4011,cellranger-arc201_count_cc6a172022bb6226a2cf33e34090eaca#TGGCTAAGTTGGTTCT-1,at10_1,0.2932673215405255,AC-gliosis-hypoxia
4012,cellranger-arc201_count_cc6a172022bb6226a2cf33e34090eaca#TGGTCATAGGACCTCA-1,at10_1,0.3638955658429058,AC-gliosis-hypoxia
4013,cellranger-arc201_count_cc6a172022bb6226a2cf33e34090eaca#TGTCAGTAGCAGCTAT-1,at10_1,0.3519313756110422,AC-gliosis-hypoxia
4014,cellranger-arc201_count_cc6a172022bb6226a2cf33e34090eaca#TTTCTCACATCAGTAT-1,at10_1,0.3631695538943211,AC-gliosis-hypoxia
4015,cellranger-arc201_count_3c475e5faf73bf8c98e14aeb2ca0ed42#AAAGGTTAGGACCTTG-1,at10_1,0.3421876805063251,AC-gliosis-hypoxia
4016,cellranger-arc201_count_3c475e5faf73bf8c98e14aeb2ca0ed42#AAGTGAAGTAATGGCC-1,at10_1,0.41172779783468383,AC-gliosis-hypoxia
4017,cellranger-arc201_count_3c475e5faf73bf8c98e14aeb2ca0ed42#ACGGTTAGTTGGGTTA-1,at10_1,0.3006939370937347,AC-gliosis-hypoxia
4018,cellranger-arc201_count_3c475e5faf73bf8c98e14aeb2ca0ed42#AGCCGCTAGTCTCACC-1,at10_1,0.3520345029410605,AC-gliosis-hypoxia
4019,cellranger-arc201_count_3c475e5faf73bf8c98e14aeb2ca0ed42#ATCTATGAGTCCTTTG-1,at10_1,0.33687439563824295,AC-gliosis-hypoxia
4020,cellranger-arc201_count_3c475e5faf73bf8c98e14aeb2ca0ed42#ATGACAACAAGGATTA-1,at10_1,0.29175510291130974,AC-gliosis-hypoxia
4021,cellranger-arc201_count_3c475e5faf73bf8c98e14aeb2ca0ed42#ATGCATTCATAAGGAC-1,at10_1,0.32101074500328913,AC-gliosis-hypoxia
4022,cellranger-arc201_count_3c475e5faf73bf8c98e14aeb2ca0ed42#ATGGCTGTCAATGACC-1,at10_1,0.40784470861681255,AC-gliosis-hypoxia
4023,cellranger-arc201_count_3c475e5faf73bf8c98e14aeb2ca0ed42#ATTGTCCGTGGATTAT-1,at10_1,0.3060246511488016,AC-gliosis-hypoxia
4024,cellranger-arc201_count_3c475e5faf73bf8c98e14aeb2ca0ed42#CAGATTCAGCCTGTGA-1,at10_1,0.3299537276663223,AC-gliosis-hypoxia
4025,cellranger-arc201_count_3c475e5faf73bf8c98e14aeb2ca0ed42#CAGGTCCAGGTCCGTA-1,at10_1,0.3058638627225447,AC-gliosis-hypoxia
4026,cellranger-arc201_count_3c475e5faf73bf8c98e14aeb2ca0ed42#CAGTACCCACTGGCTG-1,at10_1,0.39812724081902784,AC-gliosis-hypoxia
4027,cellranger-arc201_count_3c475e5faf73bf8c98e14aeb2ca0ed42#CCCAGCACAGGCTACT-1,at10_1,0.6901656863479845,AC-gliosis-hypoxia
4028,cellranger-arc201_count_3c475e5faf73bf8c98e14aeb2ca0ed42#CTAATAGTCCTGGTGA-1,at10_1,0.30103191297361925,AC-gliosis-hypoxia
4029,cellranger-arc201_count_3c475e5faf73bf8c98e14aeb2ca0ed42#CTTTGTCCAATAACGA-1,at10_1,0.3116750766322164,AC-gliosis-hypoxia
4030,cellranger-arc201_count_3c475e5faf73bf8c98e14aeb2ca0ed42#GATTGGTTCGTACCGA-1,at10_1,0.3161422106669868,AC-gliosis-hypoxia
4031,cellranger-arc201_count_3c475e5faf73bf8c98e14aeb2ca0ed42#GCTCCTTAGGCCTAAT-1,at10_1,0.314724822406573,AC-gliosis-hypoxia
4032,cellranger-arc201_count_3c475e5faf73bf8c98e14aeb2ca0ed42#GGGATTAAGGGCTAAA-1,at10_1,0.29802983296302926,AC-gliosis-hypoxia
4033,cellranger-arc201_count_3c475e5faf73bf8c98e14aeb2ca0ed42#GTGTTCCTCCTAACGG-1,at10_1,0.29347633257358363,AC-gliosis-hypoxia
4034,cellranger-arc201_count_3c475e5faf73bf8c98e14aeb2ca0ed42#TACAATGTCTTAGCCC-1,at10_1,0.47374864092886654,AC-gliosis-hypoxia
4035,cellranger-arc201_count_3c475e5faf73bf8c98e14aeb2ca0ed42#TACCAAATCTGTTGCC-1,at10_1,0.2892967522819097,AC-gliosis-hypoxia
4036,cellranger-arc201_count_3c475e5faf73bf8c98e14aeb2ca0ed42#TATTACCTCTTTGAGA-1,at10_1,0.33235664457162234,AC-gliosis-hypoxia
4037,cellranger-arc201_count_9b9f744826edc64cc288193e1d52754e#CTCGTTATCATGGTGT-1,at10_1,0.2945884873245507,AC-gliosis-hypoxia
4038,cellranger-arc201_count_877c4ccf6b72738da66f3017a5f79449#ACCTTGCTCATAAGCC-1,at10_1,0.3117096009003651,AC-gliosis-hypoxia
4039,cellranger-arc201_count_a166708bcbeb284b79da9df9facb9573#GGTTTCTGTTGTTCAC-1,at10_1,0.20535775992126018,AC-gliosis-hypoxia
4040,cellranger-arc201_count_2f9d72acefae69161ec2c2137f20c0cd#GAAACTGAGTAACTCA-1,at10_1,0.2867289263118963,AC-gliosis-hypoxia
4041,cellranger-arc201_count_9b9f744826edc64cc288193e1d52754e#CCACAGGGTTAGCATG-1,at10_1,0.11211425455732695,OPC-NPC-like
4042,cellranger-arc201_count_9b9f744826edc64cc288193e1d52754e#CCTTATGTCATTATGG-1,at10_1,0.1172256699042704,OPC-NPC-like
4043,cellranger-arc201_count_9b9f744826edc64cc288193e1d52754e#TCTAGCCTCGGGCCAT-1,at10_1,0.14707950062622915,OPC-NPC-like
4044,cellranger-arc201_count_877c4ccf6b72738da66f3017a5f79449#CAAGGCCTCATGACCG-1,at10_1,0.11653667409641447,OPC-NPC-like
4045,cellranger-arc201_count_877c4ccf6b72738da66f3017a5f79449#CAATGAACAGTCTAGC-1,at10_1,0.1163303080677709,OPC-NPC-like
4046,cellranger-arc201_count_877c4ccf6b72738da66f3017a5f79449#CGGAGCAAGCTGGAAA-1,at10_1,0.051177584851619815,OPC-NPC-like
4047,cellranger-arc201_count_877c4ccf6b72738da66f3017a5f79449#GTGCACGGTTCGCTCA-1,at10_1,0.1764553651293908,OPC-NPC-like
4048,cellranger-arc201_count_877c4ccf6b72738da66f3017a5f79449#TCTACCTCAAACCTTG-1,at10_1,0.11135943990277465,OPC-NPC-like
4049,cellranger-arc201_count_651c086adc1acf13d5493f979b7a6fc4#CGTGCTGCACATAGCC-1,at10_1,0.1475862138666904,OPC-NPC-like
4050,cellranger-arc201_count_651c086adc1acf13d5493f979b7a6fc4#TCTAGCCTCCTGATGG-1,at10_1,0.09698943718183077,OPC-NPC-like
4051,cellranger-arc201_count_2f9565d51b615c158b1a36debec1ec4b#AGAGGAACAACTGGCT-1,at10_1,0.10871393432942668,OPC-NPC-like
4052,cellranger-arc201_count_2f9565d51b615c158b1a36debec1ec4b#CATTTGTTCTACCTCA-1,at10_1,0.13989559903075066,OPC-NPC-like
4053,cellranger-arc201_count_2f9565d51b615c158b1a36debec1ec4b#CGCAATGTCACTTCAT-1,at10_1,0.1315342110752641,OPC-NPC-like
4054,cellranger-arc201_count_2f9565d51b615c158b1a36debec1ec4b#GTGCTGATCCGGGACT-1,at10_1,0.4500576983351166,OPC-NPC-like
4055,cellranger-arc201_count_a166708bcbeb284b79da9df9facb9573#GATGAGGGTAGGATCC-1,at10_1,0.15609048774486972,OPC-NPC-like
4056,cellranger-arc201_count_2f9d72acefae69161ec2c2137f20c0cd#ACCAATATCATTCATC-1,at10_1,0.06483090274480947,OPC-NPC-like
4057,cellranger-arc201_count_2f9d72acefae69161ec2c2137f20c0cd#CACTTTGTCCAACTGG-1,at10_1,0.1336297227832822,OPC-NPC-like
4058,cellranger-arc201_count_2f9d72acefae69161ec2c2137f20c0cd#CAGCCTTTCTTGACCC-1,at10_1,0.09397005327393879,OPC-NPC-like
4059,cellranger-arc201_count_2f9d72acefae69161ec2c2137f20c0cd#GGGTTTGTCCTAGTCC-1,at10_1,0.13666799759112488,OPC-NPC-like
4060,cellranger-arc201_count_1243e22655c16468279dae921b0de74a#ACAGGTAAGGCATGAA-1,at10_1,0.12826892528326797,OPC-NPC-like
4061,cellranger-arc201_count_dae7bef086560538e47878293f38b2c6#AGGCCCAGTAATGGCC-1,at10_1,0.35254223242005994,OPC-NPC-like
4062,cellranger-arc201_count_e639e4f2fc11914d67363348c4a30ad1#AGGTCTTAGACACCGC-1,at10_1,0.1117625524966381,OPC-NPC-like
4063,cellranger-arc201_count_9b9f744826edc64cc288193e1d52754e#AAACATGCAGTTAAAG-1,at10_1,0.1778745352875155,OPC-NPC-like
4064,cellranger-arc201_count_9b9f744826edc64cc288193e1d52754e#AAAGCCCGTGAATCGC-1,at10_1,0.0748763371689308,OPC-NPC-like
4065,cellranger-arc201_count_9b9f744826edc64cc288193e1d52754e#AAAGGTTAGGACCTGC-1,at10_1,0.06916398377952435,OPC-NPC-like
4066,cellranger-arc201_count_9b9f744826edc64cc288193e1d52754e#AAATCCGGTACCTTAC-1,at10_1,0.07243420459291514,OPC-NPC-like
4067,cellranger-arc201_count_9b9f744826edc64cc288193e1d52754e#AAATGGCCACAATACT-1,at10_1,0.05249754646258258,OPC-NPC-like
4068,cellranger-arc201_count_9b9f744826edc64cc288193e1d52754e#AACCCGCAGAACCTAC-1,at10_1,0.09274250672511514,OPC-NPC-like
4069,cellranger-arc201_count_9b9f744826edc64cc288193e1d52754e#AACCCGCAGGCGAAAC-1,at10_1,0.09936357922331492,OPC-NPC-like
4070,cellranger-arc201_count_9b9f744826edc64cc288193e1d52754e#AACTACTCATTAAGTC-1,at10_1,0.035341310012357255,OPC-NPC-like
4071,cellranger-arc201_count_9b9f744826edc64cc288193e1d52754e#AAGCTATGTTTGGGTA-1,at10_1,0.057370549464237995,OPC-NPC-like
4072,cellranger-arc201_count_9b9f744826edc64cc288193e1d52754e#AAGGATCCAGGCTAGA-1,at10_1,0.1674564475835264,OPC-NPC-like
4073,cellranger-arc201_count_9b9f744826edc64cc288193e1d52754e#AAGGATGTCCTCACTA-1,at10_1,0.1698637217855726,OPC-NPC-like
4074,cellranger-arc201_count_9b9f744826edc64cc288193e1d52754e#AAGGTGCAGGTGCGGA-1,at10_1,0.07918577325628658,OPC-NPC-like
4075,cellranger-arc201_count_9b9f744826edc64cc288193e1d52754e#AAGTAGCCAGGCATGA-1,at10_1,0.04900997589168963,OPC-NPC-like
4076,cellranger-arc201_count_9b9f744826edc64cc288193e1d52754e#AATCCTAAGTGAGCGG-1,at10_1,0.09354610082950332,OPC-NPC-like
4077,cellranger-arc201_count_9b9f744826edc64cc288193e1d52754e#AATTCGTCACAGAACG-1,at10_1,0.10821697976314779,OPC-NPC-like
4078,cellranger-arc201_count_9b9f744826edc64cc288193e1d52754e#AATTGCTCACTATGGC-1,at10_1,0.1931953057269072,OPC-NPC-like
4079,cellranger-arc201_count_9b9f744826edc64cc288193e1d52754e#AATTGGACAGGAACAT-1,at10_1,0.1711288691603114,OPC-NPC-like
4080,cellranger-arc201_count_9b9f744826edc64cc288193e1d52754e#ACACTTAAGCTGCACA-1,at10_1,0.19939837008006644,OPC-NPC-like
4081,cellranger-arc201_count_9b9f744826edc64cc288193e1d52754e#ACCACACCACCTAATG-1,at10_1,0.03743069644699411,OPC-NPC-like
4082,cellranger-arc201_count_9b9f744826edc64cc288193e1d52754e#ACCTTCCAGGCATTAC-1,at10_1,0.10587809980683324,OPC-NPC-like
4083,cellranger-arc201_count_9b9f744826edc64cc288193e1d52754e#ACTAACCAGTAACGAG-1,at10_1,0.07287512682883175,OPC-NPC-like
4084,cellranger-arc201_count_9b9f744826edc64cc288193e1d52754e#ACTCACTGTGTCCAAA-1,at10_1,0.17578417437756796,OPC-NPC-like
4085,cellranger-arc201_count_9b9f744826edc64cc288193e1d52754e#ACTCGCTTCAGCCAAT-1,at10_1,0.1518993668813025,OPC-NPC-like
4086,cellranger-arc201_count_9b9f744826edc64cc288193e1d52754e#ACTTGCACAGGGAGCT-1,at10_1,0.16757389970061126,OPC-NPC-like
4087,cellranger-arc201_count_9b9f744826edc64cc288193e1d52754e#AGACAATAGCTCATAA-1,at10_1,0.17438651228165689,OPC-NPC-like
4088,cellranger-arc201_count_9b9f744826edc64cc288193e1d52754e#AGACAATAGTTTGCGG-1,at10_1,0.17975415895099736,OPC-NPC-like
4089,cellranger-arc201_count_9b9f744826edc64cc288193e1d52754e#AGCATCCCATTGTCCT-1,at10_1,0.05488560957993314,OPC-NPC-like
4090,cellranger-arc201_count_9b9f744826edc64cc288193e1d52754e#AGCGATTTCTTAGCCC-1,at10_1,0.04249331842302582,OPC-NPC-like
4091,cellranger-arc201_count_9b9f744826edc64cc288193e1d52754e#AGCGGACCATAATCAC-1,at10_1,0.15406820089590892,OPC-NPC-like
4092,cellranger-arc201_count_9b9f744826edc64cc288193e1d52754e#AGCTAGTTCTCCATGC-1,at10_1,0.20449724253765428,OPC-NPC-like
4093,cellranger-arc201_count_9b9f744826edc64cc288193e1d52754e#AGCTTCCTCCTAAGTA-1,at10_1,0.19384138285786698,OPC-NPC-like
4094,cellranger-arc201_count_9b9f744826edc64cc288193e1d52754e#AGGATGCAGGGTGAAC-1,at10_1,0.03967801052679738,OPC-NPC-like
4095,cellranger-arc201_count_9b9f744826edc64cc288193e1d52754e#AGGTAACCAGGCATCT-1,at10_1,0.43838186926874967,OPC-NPC-like
4096,cellranger-arc201_count_9b9f744826edc64cc288193e1d52754e#AGTGAACCAATAATCC-1,at10_1,0.18305501309183217,OPC-NPC-like
4097,cellranger-arc201_count_9b9f744826edc64cc288193e1d52754e#AGTTATGTCCTTAGGG-1,at10_1,0.16820721120500157,OPC-NPC-like
4098,cellranger-arc201_count_9b9f744826edc64cc288193e1d52754e#ATAGCATGTTCCAGGG-1,at10_1,0.19497077190075662,OPC-NPC-like
4099,cellranger-arc201_count_9b9f744826edc64cc288193e1d52754e#ATATGCATCTCCATAT-1,at10_1,0.3859867262402403,OPC-NPC-like
4100,cellranger-arc201_count_9b9f744826edc64cc288193e1d52754e#ATATGTCCAGAACCGA-1,at10_1,0.17135990333539025,OPC-NPC-like
4101,cellranger-arc201_count_9b9f744826edc64cc288193e1d52754e#ATCACAATCTCCTCAA-1,at10_1,0.06751905553407418,OPC-NPC-like
4102,cellranger-arc201_count_9b9f744826edc64cc288193e1d52754e#ATCACTAAGGCGAATA-1,at10_1,0.15801990709672573,OPC-NPC-like
4103,cellranger-arc201_count_9b9f744826edc64cc288193e1d52754e#ATCCATAAGTTTCCTG-1,at10_1,0.12921626841705264,OPC-NPC-like
4104,cellranger-arc201_count_9b9f744826edc64cc288193e1d52754e#ATCTATGAGCCACATG-1,at10_1,0.17150497486699404,OPC-NPC-like
4105,cellranger-arc201_count_9b9f744826edc64cc288193e1d52754e#ATGAATGCAATATGGA-1,at10_1,0.08263215832422878,OPC-NPC-like
4106,cellranger-arc201_count_9b9f744826edc64cc288193e1d52754e#ATGACTCAGGCTTAGT-1,at10_1,0.15974023188906836,OPC-NPC-like
4107,cellranger-arc201_count_9b9f744826edc64cc288193e1d52754e#ATGCAGGCAGTAAGTA-1,at10_1,0.06449209160037293,OPC-NPC-like
4108,cellranger-arc201_count_9b9f744826edc64cc288193e1d52754e#ATGCCTGAGGTTACGT-1,at10_1,0.16455106336590442,OPC-NPC-like
4109,cellranger-arc201_count_9b9f744826edc64cc288193e1d52754e#ATGCGATTCTCACTAT-1,at10_1,0.06281224929664982,OPC-NPC-like
4110,cellranger-arc201_count_9b9f744826edc64cc288193e1d52754e#ATGGTGCGTTCTTTAG-1,at10_1,0.0760639789537834,OPC-NPC-like
4111,cellranger-arc201_count_9b9f744826edc64cc288193e1d52754e#ATGTAACGTATTGTGG-1,at10_1,0.23712960863394034,OPC-NPC-like
4112,cellranger-arc201_count_9b9f744826edc64cc288193e1d52754e#ATGTCAATCATGGTTA-1,at10_1,0.12922715469838017,OPC-NPC-like
4113,cellranger-arc201_count_9b9f744826edc64cc288193e1d52754e#ATTACCGCAGCTTAAT-1,at10_1,0.13642874998128485,OPC-NPC-like
4114,cellranger-arc201_count_9b9f744826edc64cc288193e1d52754e#ATTCCTCCATCACAGC-1,at10_1,0.17458086442182774,OPC-NPC-like
4115,cellranger-arc201_count_9b9f744826edc64cc288193e1d52754e#ATTGCTCGTTACATCC-1,at10_1,0.17092363073881303,OPC-NPC-like
4116,cellranger-arc201_count_9b9f744826edc64cc288193e1d52754e#CAAGTATGTACCGAAC-1,at10_1,0.15878193286857684,OPC-NPC-like
4117,cellranger-arc201_count_9b9f744826edc64cc288193e1d52754e#CACCTGTTCAATTGGC-1,at10_1,0.06371080602006067,OPC-NPC-like
4118,cellranger-arc201_count_9b9f744826edc64cc288193e1d52754e#CAGCTAAGTTGTTGGA-1,at10_1,0.05117888647221332,OPC-NPC-like
4119,cellranger-arc201_count_9b9f744826edc64cc288193e1d52754e#CAGGAAGGTTAATGAC-1,at10_1,0.06790290831947647,OPC-NPC-like
4120,cellranger-arc201_count_9b9f744826edc64cc288193e1d52754e#CAGGACCTCAGGTCCA-1,at10_1,0.17756397000601187,OPC-NPC-like
4121,cellranger-arc201_count_9b9f744826edc64cc288193e1d52754e#CAGTACCCACCTGGTG-1,at10_1,0.08223561647817426,OPC-NPC-like
4122,cellranger-arc201_count_9b9f744826edc64cc288193e1d52754e#CATAGCTAGGTGAGAC-1,at10_1,0.4556748524472106,OPC-NPC-like
4123,cellranger-arc201_count_9b9f744826edc64cc288193e1d52754e#CATAGTCAGCCTGGTA-1,at10_1,0.14968516408044746,OPC-NPC-like
4124,cellranger-arc201_count_9b9f744826edc64cc288193e1d52754e#CATCCTCAGCTATATG-1,at10_1,0.16036897728057448,OPC-NPC-like
4125,cellranger-arc201_count_9b9f744826edc64cc288193e1d52754e#CATCCTGGTTTAAAGC-1,at10_1,0.19980091190981938,OPC-NPC-like
4126,cellranger-arc201_count_9b9f744826edc64cc288193e1d52754e#CATGCGGGTAACGTGC-1,at10_1,0.1612707288908967,OPC-NPC-like
4127,cellranger-arc201_count_9b9f744826edc64cc288193e1d52754e#CATTGTGCACCACAAC-1,at10_1,0.11235508916981574,OPC-NPC-like
4128,cellranger-arc201_count_9b9f744826edc64cc288193e1d52754e#CCAAACCCAGCTTAAT-1,at10_1,0.19654983953628283,OPC-NPC-like
4129,cellranger-arc201_count_9b9f744826edc64cc288193e1d52754e#CCAAGTTAGATAAAGC-1,at10_1,0.13934705295731087,OPC-NPC-like
4130,cellranger-arc201_count_9b9f744826edc64cc288193e1d52754e#CCAATATCATCGTTCT-1,at10_1,0.1440465575904433,OPC-NPC-like
4131,cellranger-arc201_count_9b9f744826edc64cc288193e1d52754e#CCACACAAGGTAGCTT-1,at10_1,0.18323701723770955,OPC-NPC-like
4132,cellranger-arc201_count_9b9f744826edc64cc288193e1d52754e#CCAGCTAAGTAACGGA-1,at10_1,0.19152806199684314,OPC-NPC-like
4133,cellranger-arc201_count_9b9f744826edc64cc288193e1d52754e#CCATATTTCATGCTTT-1,at10_1,0.0649871320187202,OPC-NPC-like
4134,cellranger-arc201_count_9b9f744826edc64cc288193e1d52754e#CCCTCAGTCGGGACTC-1,at10_1,0.1938480232110553,OPC-NPC-like
4135,cellranger-arc201_count_9b9f744826edc64cc288193e1d52754e#CCTAAATCATAATGAG-1,at10_1,0.05469382587825962,OPC-NPC-like
4136,cellranger-arc201_count_9b9f744826edc64cc288193e1d52754e#CCTAAATCATTATGCG-1,at10_1,0.17821611672604948,OPC-NPC-like
4137,cellranger-arc201_count_9b9f744826edc64cc288193e1d52754e#CCTAAGTAGCCACATG-1,at10_1,0.06819317667236686,OPC-NPC-like
4138,cellranger-arc201_count_9b9f744826edc64cc288193e1d52754e#CCTAATCGTCAAAGAA-1,at10_1,0.12024171275395444,OPC-NPC-like
4139,cellranger-arc201_count_9b9f744826edc64cc288193e1d52754e#CCTACTTCAAAGCTCC-1,at10_1,0.1802132621119955,OPC-NPC-like
4140,cellranger-arc201_count_9b9f744826edc64cc288193e1d52754e#CCTATAGCAGCAAGAT-1,at10_1,0.05964630430203634,OPC-NPC-like
4141,cellranger-arc201_count_9b9f744826edc64cc288193e1d52754e#CCTATTTAGGTAACGA-1,at10_1,0.16438037705470643,OPC-NPC-like
4142,cellranger-arc201_count_9b9f744826edc64cc288193e1d52754e#CCTGGATCAATCCTAG-1,at10_1,0.06144599314789333,OPC-NPC-like
4143,cellranger-arc201_count_9b9f744826edc64cc288193e1d52754e#CCTGTTGGTACCGTTT-1,at10_1,0.1876071770579946,OPC-NPC-like
4144,cellranger-arc201_count_9b9f744826edc64cc288193e1d52754e#CGAAGAATCATCACTT-1,at10_1,0.17440866071336034,OPC-NPC-like
4145,cellranger-arc201_count_9b9f744826edc64cc288193e1d52754e#CGAAGAATCCGCCTAT-1,at10_1,0.052020728732544444,OPC-NPC-like
4146,cellranger-arc201_count_9b9f744826edc64cc288193e1d52754e#CGACCTGCAGAACCGA-1,at10_1,0.10200959987646994,OPC-NPC-like
4147,cellranger-arc201_count_9b9f744826edc64cc288193e1d52754e#CGAGCTGGTTCCGCAC-1,at10_1,0.1610147203057135,OPC-NPC-like
4148,cellranger-arc201_count_9b9f744826edc64cc288193e1d52754e#CGATTATCATCTAGCA-1,at10_1,0.3651685368622815,OPC-NPC-like
4149,cellranger-arc201_count_9b9f744826edc64cc288193e1d52754e#CGATTCCTCCGTTAAA-1,at10_1,0.11660966229718202,OPC-NPC-like
4150,cellranger-arc201_count_9b9f744826edc64cc288193e1d52754e#CGCAATCCATTTAAGC-1,at10_1,0.23543571996466803,OPC-NPC-like
4151,cellranger-arc201_count_9b9f744826edc64cc288193e1d52754e#CGCTAACCAAGGTATA-1,at10_1,0.1911693993982211,OPC-NPC-like
4152,cellranger-arc201_count_9b9f744826edc64cc288193e1d52754e#CGCTATGAGCCTGACA-1,at10_1,0.1557593331921597,OPC-NPC-like
4153,cellranger-arc201_count_9b9f744826edc64cc288193e1d52754e#CGCTTACTCAGCAAGA-1,at10_1,0.1732202323877213,OPC-NPC-like
4154,cellranger-arc201_count_9b9f744826edc64cc288193e1d52754e#CGCTTCTAGCGCCTTT-1,at10_1,0.1896117006141498,OPC-NPC-like
4155,cellranger-arc201_count_9b9f744826edc64cc288193e1d52754e#CGCTTCTAGGCAACAA-1,at10_1,0.11853636703924407,OPC-NPC-like
4156,cellranger-arc201_count_9b9f744826edc64cc288193e1d52754e#CGGATAAAGGTCTTGG-1,at10_1,0.11385076956090219,OPC-NPC-like
4157,cellranger-arc201_count_9b9f744826edc64cc288193e1d52754e#CGGGTATGTTAATCGG-1,at10_1,0.06647229503698959,OPC-NPC-like
4158,cellranger-arc201_count_9b9f744826edc64cc288193e1d52754e#CGTAACCCATGAATAG-1,at10_1,0.0769332178914196,OPC-NPC-like
4159,cellranger-arc201_count_9b9f744826edc64cc288193e1d52754e#CGTATTGCACGAATTT-1,at10_1,0.18880848237881004,OPC-NPC-like
4160,cellranger-arc201_count_9b9f744826edc64cc288193e1d52754e#CGTGTTACAAAGCTAA-1,at10_1,0.18213162812961362,OPC-NPC-like
4161,cellranger-arc201_count_9b9f744826edc64cc288193e1d52754e#CGTTAAATCCCTCAGT-1,at10_1,0.06441100829398906,OPC-NPC-like
4162,cellranger-arc201_count_9b9f744826edc64cc288193e1d52754e#CGTTATTTCATGGTGT-1,at10_1,0.14420606527772054,OPC-NPC-like
4163,cellranger-arc201_count_9b9f744826edc64cc288193e1d52754e#CTAACCTGTTTATCGC-1,at10_1,0.13111475513833348,OPC-NPC-like
4164,cellranger-arc201_count_9b9f744826edc64cc288193e1d52754e#CTATGTTTCACTCAAA-1,at10_1,0.12651757041281914,OPC-NPC-like
4165,cellranger-arc201_count_9b9f744826edc64cc288193e1d52754e#CTCACTCAGCGGTTAT-1,at10_1,0.1070344122104485,OPC-NPC-like
4166,cellranger-arc201_count_9b9f744826edc64cc288193e1d52754e#CTCACTCAGCTTACTT-1,at10_1,0.15981245443066325,OPC-NPC-like
4167,cellranger-arc201_count_9b9f744826edc64cc288193e1d52754e#CTCCATCAGCTTTGTT-1,at10_1,0.1138772474472001,OPC-NPC-like
4168,cellranger-arc201_count_9b9f744826edc64cc288193e1d52754e#CTCCGTCCACTGGCTG-1,at10_1,0.06269018930345319,OPC-NPC-like
4169,cellranger-arc201_count_9b9f744826edc64cc288193e1d52754e#CTCTAGCTCTGGCTTC-1,at10_1,0.19255462997338355,OPC-NPC-like
4170,cellranger-arc201_count_9b9f744826edc64cc288193e1d52754e#CTCTATGTCTATTGTC-1,at10_1,0.18154400559621683,OPC-NPC-like
4171,cellranger-arc201_count_9b9f744826edc64cc288193e1d52754e#CTGCTCCCAGTTTACG-1,at10_1,0.17653736026624392,OPC-NPC-like
4172,cellranger-arc201_count_9b9f744826edc64cc288193e1d52754e#CTGGACCAGTGGCGGA-1,at10_1,0.18901120108557662,OPC-NPC-like
4173,cellranger-arc201_count_9b9f744826edc64cc288193e1d52754e#CTGGTAAGTTCATTTG-1,at10_1,0.13848056343215825,OPC-NPC-like
4174,cellranger-arc201_count_9b9f744826edc64cc288193e1d52754e#CTTAAGATCCCGTTAC-1,at10_1,0.10914788210633423,OPC-NPC-like
4175,cellranger-arc201_count_9b9f744826edc64cc288193e1d52754e#CTTACCTCACCTGCCT-1,at10_1,0.18674125829695254,OPC-NPC-like
4176,cellranger-arc201_count_9b9f744826edc64cc288193e1d52754e#CTTATTGGTCAGGAAG-1,at10_1,0.1920567844582492,OPC-NPC-like
4177,cellranger-arc201_count_9b9f744826edc64cc288193e1d52754e#CTTGACGAGCTCCTTA-1,at10_1,0.04295871391031557,OPC-NPC-like
4178,cellranger-arc201_count_9b9f744826edc64cc288193e1d52754e#CTTGTCCAGGAACACA-1,at10_1,0.09177528429499325,OPC-NPC-like
4179,cellranger-arc201_count_9b9f744826edc64cc288193e1d52754e#CTTTATCAGGGCCACT-1,at10_1,0.02552033901550583,OPC-NPC-like
4180,cellranger-arc201_count_9b9f744826edc64cc288193e1d52754e#CTTTCTTGTCATTGTC-1,at10_1,0.17435876757745514,OPC-NPC-like
4181,cellranger-arc201_count_9b9f744826edc64cc288193e1d52754e#CTTTGAGCAAACCTAT-1,at10_1,0.1422699916516004,OPC-NPC-like
4182,cellranger-arc201_count_9b9f744826edc64cc288193e1d52754e#GAAACCCGTATACTGG-1,at10_1,0.06087470003648784,OPC-NPC-like
4183,cellranger-arc201_count_9b9f744826edc64cc288193e1d52754e#GAAACCCGTGAGCAAG-1,at10_1,0.07100986971564399,OPC-NPC-like
4184,cellranger-arc201_count_9b9f744826edc64cc288193e1d52754e#GAACCTTAGGGCCATC-1,at10_1,0.10830177303625005,OPC-NPC-like
4185,cellranger-arc201_count_9b9f744826edc64cc288193e1d52754e#GAAGTATAGGTGCTGC-1,at10_1,0.08079223060857994,OPC-NPC-like
4186,cellranger-arc201_count_9b9f744826edc64cc288193e1d52754e#GAAGTGATCGGCCAGT-1,at10_1,0.3836958183113614,OPC-NPC-like
4187,cellranger-arc201_count_9b9f744826edc64cc288193e1d52754e#GACAATACAGGGAGCT-1,at10_1,0.12866570378761222,OPC-NPC-like
4188,cellranger-arc201_count_9b9f744826edc64cc288193e1d52754e#GACGCCTAGGCCTGGT-1,at10_1,0.15640770730063747,OPC-NPC-like
4189,cellranger-arc201_count_9b9f744826edc64cc288193e1d52754e#GACTTACAGCAACAAG-1,at10_1,0.1090167873349003,OPC-NPC-like
4190,cellranger-arc201_count_9b9f744826edc64cc288193e1d52754e#GATCAGGCACGCAACT-1,at10_1,0.4076238089849645,OPC-NPC-like
4191,cellranger-arc201_count_9b9f744826edc64cc288193e1d52754e#GATCGAGCATTTAAGC-1,at10_1,0.12706553180107252,OPC-NPC-like
4192,cellranger-arc201_count_9b9f744826edc64cc288193e1d52754e#GATTAAGCAAGGTATA-1,at10_1,0.45721290859323444,OPC-NPC-like
4193,cellranger-arc201_count_9b9f744826edc64cc288193e1d52754e#GCAATGAAGAATCTCA-1,at10_1,0.17803902671995295,OPC-NPC-like
4194,cellranger-arc201_count_9b9f744826edc64cc288193e1d52754e#GCATTGCCAACAGGAT-1,at10_1,0.18353945261090718,OPC-NPC-like
4195,cellranger-arc201_count_9b9f744826edc64cc288193e1d52754e#GCATTGCCATGCTTAG-1,at10_1,0.14988387351736454,OPC-NPC-like
4196,cellranger-arc201_count_9b9f744826edc64cc288193e1d52754e#GCCATGATCAAGCTTA-1,at10_1,0.1923962777354032,OPC-NPC-like
4197,cellranger-arc201_count_9b9f744826edc64cc288193e1d52754e#GCCTACTTCTCTAGCC-1,at10_1,0.0652661869450002,OPC-NPC-like
4198,cellranger-arc201_count_9b9f744826edc64cc288193e1d52754e#GCCTTAACAATGCCCG-1,at10_1,0.08034734086604141,OPC-NPC-like
4199,cellranger-arc201_count_9b9f744826edc64cc288193e1d52754e#GCGATATTCCCTGTTA-1,at10_1,0.07816471106525137,OPC-NPC-like
4200,cellranger-arc201_count_9b9f744826edc64cc288193e1d52754e#GCGATATTCCTCCCTC-1,at10_1,0.18171199121869672,OPC-NPC-like
4201,cellranger-arc201_count_9b9f744826edc64cc288193e1d52754e#GCGCTAGGTGCTCCGT-1,at10_1,0.05517294754635366,OPC-NPC-like
4202,cellranger-arc201_count_9b9f744826edc64cc288193e1d52754e#GCTAAGAAGTTCCTGC-1,at10_1,0.056353928096404174,OPC-NPC-like
4203,cellranger-arc201_count_9b9f744826edc64cc288193e1d52754e#GCTCATTGTCAAGTAT-1,at10_1,0.17104427078227127,OPC-NPC-like
4204,cellranger-arc201_count_9b9f744826edc64cc288193e1d52754e#GCTCTGTTCCCATAGG-1,at10_1,0.180915747442366,OPC-NPC-like
4205,cellranger-arc201_count_9b9f744826edc64cc288193e1d52754e#GCTCTGTTCCTAAGGT-1,at10_1,0.05304663545798116,OPC-NPC-like
4206,cellranger-arc201_count_9b9f744826edc64cc288193e1d52754e#GCTGACATCACTTCAT-1,at10_1,0.15833385519966486,OPC-NPC-like
4207,cellranger-arc201_count_9b9f744826edc64cc288193e1d52754e#GCTGACCAGTGTGATC-1,at10_1,0.11428322778269204,OPC-NPC-like
4208,cellranger-arc201_count_9b9f744826edc64cc288193e1d52754e#GCTGCAATCATTGACA-1,at10_1,0.4263970758446037,OPC-NPC-like
4209,cellranger-arc201_count_9b9f744826edc64cc288193e1d52754e#GCTTACCTCACGCCAA-1,at10_1,0.0943808920649081,OPC-NPC-like
4210,cellranger-arc201_count_9b9f744826edc64cc288193e1d52754e#GCTTGTTGTTGCCTCA-1,at10_1,0.20127554363419584,OPC-NPC-like
4211,cellranger-arc201_count_9b9f744826edc64cc288193e1d52754e#GGACATAAGGCTACAT-1,at10_1,0.4451359854890046,OPC-NPC-like
4212,cellranger-arc201_count_9b9f744826edc64cc288193e1d52754e#GGATAACCAATGAATG-1,at10_1,0.20274176702874896,OPC-NPC-like
4213,cellranger-arc201_count_9b9f744826edc64cc288193e1d52754e#GGATGTAAGCTAAGTC-1,at10_1,0.11432251305878703,OPC-NPC-like
4214,cellranger-arc201_count_9b9f744826edc64cc288193e1d52754e#GGCATGGAGTAACGAG-1,at10_1,0.19535872444300156,OPC-NPC-like
4215,cellranger-arc201_count_9b9f744826edc64cc288193e1d52754e#GGCCTCTGTGGGAACA-1,at10_1,0.14761323467494708,OPC-NPC-like
4216,cellranger-arc201_count_9b9f744826edc64cc288193e1d52754e#GGCCTTAAGGTCCAAT-1,at10_1,0.0758274598748132,OPC-NPC-like
4217,cellranger-arc201_count_9b9f744826edc64cc288193e1d52754e#GGCGGTTTCGCAGGCT-1,at10_1,0.17989271541909568,OPC-NPC-like
4218,cellranger-arc201_count_9b9f744826edc64cc288193e1d52754e#GGGTTATTCCAGCACA-1,at10_1,0.12893490955271675,OPC-NPC-like
4219,cellranger-arc201_count_9b9f744826edc64cc288193e1d52754e#GGTGCTGGTTCCTCCT-1,at10_1,0.10008819906431299,OPC-NPC-like
4220,cellranger-arc201_count_9b9f744826edc64cc288193e1d52754e#GGTTAATGTTCCTCCT-1,at10_1,0.043345998240918934,OPC-NPC-like
4221,cellranger-arc201_count_9b9f744826edc64cc288193e1d52754e#GGTTCTTGTTATCCGT-1,at10_1,0.05032965212059714,OPC-NPC-like
4222,cellranger-arc201_count_9b9f744826edc64cc288193e1d52754e#GGTTGCTCATGCATAT-1,at10_1,0.1440223627605875,OPC-NPC-like
4223,cellranger-arc201_count_9b9f744826edc64cc288193e1d52754e#GTAAGCAAGTCATGCG-1,at10_1,0.05505159752802621,OPC-NPC-like
4224,cellranger-arc201_count_9b9f744826edc64cc288193e1d52754e#GTAAGCGCATAGACTT-1,at10_1,0.043114142722363975,OPC-NPC-like
4225,cellranger-arc201_count_9b9f744826edc64cc288193e1d52754e#GTAGTTATCATAAGCC-1,at10_1,0.18896271397833395,OPC-NPC-like
4226,cellranger-arc201_count_9b9f744826edc64cc288193e1d52754e#GTAGTTATCCTCCCTC-1,at10_1,0.06000670007460374,OPC-NPC-like
4227,cellranger-arc201_count_9b9f744826edc64cc288193e1d52754e#GTCATCCTCCTCCCTC-1,at10_1,0.06660563806217594,OPC-NPC-like
4228,cellranger-arc201_count_9b9f744826edc64cc288193e1d52754e#GTCATTAAGACTTATG-1,at10_1,0.2082230235982352,OPC-NPC-like
4229,cellranger-arc201_count_9b9f744826edc64cc288193e1d52754e#GTCCTCAGTTGGGTTA-1,at10_1,0.19563370745459063,OPC-NPC-like
4230,cellranger-arc201_count_9b9f744826edc64cc288193e1d52754e#GTCTATCGTTTGGGTA-1,at10_1,0.06604650501053975,OPC-NPC-like
4231,cellranger-arc201_count_9b9f744826edc64cc288193e1d52754e#GTCTTTGTCAAGCCTG-1,at10_1,0.15817227327208352,OPC-NPC-like
4232,cellranger-arc201_count_9b9f744826edc64cc288193e1d52754e#GTGAATCTCAAGGACA-1,at10_1,0.15502846278809762,OPC-NPC-like
4233,cellranger-arc201_count_9b9f744826edc64cc288193e1d52754e#GTGCAAGCACCAGCAT-1,at10_1,0.05778418639145647,OPC-NPC-like
4234,cellranger-arc201_count_9b9f744826edc64cc288193e1d52754e#GTGCGGTTCTGCAAAC-1,at10_1,0.06237833632243194,OPC-NPC-like
4235,cellranger-arc201_count_9b9f744826edc64cc288193e1d52754e#GTGCTGATCATTTGTC-1,at10_1,0.06828522282599553,OPC-NPC-like
4236,cellranger-arc201_count_9b9f744826edc64cc288193e1d52754e#GTGCTGGGTTCCGGGA-1,at10_1,0.18173890065834647,OPC-NPC-like
4237,cellranger-arc201_count_9b9f744826edc64cc288193e1d52754e#GTTAAACGTAAAGCAA-1,at10_1,0.11711313192696639,OPC-NPC-like
4238,cellranger-arc201_count_9b9f744826edc64cc288193e1d52754e#GTTACCTGTTATCGAG-1,at10_1,0.13868124966184836,OPC-NPC-like
4239,cellranger-arc201_count_9b9f744826edc64cc288193e1d52754e#GTTCACCTCATTGTTC-1,at10_1,0.09430961615647211,OPC-NPC-like
4240,cellranger-arc201_count_9b9f744826edc64cc288193e1d52754e#GTTGCCCGTAAAGCAA-1,at10_1,0.17587406276443737,OPC-NPC-like
4241,cellranger-arc201_count_9b9f744826edc64cc288193e1d52754e#GTTTCCTCAGGATTAA-1,at10_1,0.42386633562069836,OPC-NPC-like
4242,cellranger-arc201_count_9b9f744826edc64cc288193e1d52754e#TAACCAGGTTTACGTC-1,at10_1,0.08249000325801899,OPC-NPC-like
4243,cellranger-arc201_count_9b9f744826edc64cc288193e1d52754e#TACCAGGTCATTGCGG-1,at10_1,0.11817909654820868,OPC-NPC-like
4244,cellranger-arc201_count_9b9f744826edc64cc288193e1d52754e#TACGCTTGTGTTAGCA-1,at10_1,0.07723785279460413,OPC-NPC-like
4245,cellranger-arc201_count_9b9f744826edc64cc288193e1d52754e#TACTGGCCATTATGAC-1,at10_1,0.062665409788411,OPC-NPC-like
4246,cellranger-arc201_count_9b9f744826edc64cc288193e1d52754e#TACTTGTTCCCAGTAG-1,at10_1,0.20322622046889982,OPC-NPC-like
4247,cellranger-arc201_count_9b9f744826edc64cc288193e1d52754e#TAGCCGGGTTGTTGTC-1,at10_1,0.20595441723289426,OPC-NPC-like
4248,cellranger-arc201_count_9b9f744826edc64cc288193e1d52754e#TAGCCTCTCCTTGCGT-1,at10_1,0.11976018273973553,OPC-NPC-like
4249,cellranger-arc201_count_9b9f744826edc64cc288193e1d52754e#TAGTAGGAGTGAACAG-1,at10_1,0.13760005538360823,OPC-NPC-like
4250,cellranger-arc201_count_9b9f744826edc64cc288193e1d52754e#TAGTGTGGTCAGGCCA-1,at10_1,0.18844408429693107,OPC-NPC-like
4251,cellranger-arc201_count_9b9f744826edc64cc288193e1d52754e#TATATCCTCCTTAGGG-1,at10_1,0.06075265396436707,OPC-NPC-like
4252,cellranger-arc201_count_9b9f744826edc64cc288193e1d52754e#TATGCATCAGACAAAC-1,at10_1,0.12763745136089202,OPC-NPC-like
4253,cellranger-arc201_count_9b9f744826edc64cc288193e1d52754e#TATGCATCATAGCGGA-1,at10_1,0.1749737032617018,OPC-NPC-like
4254,cellranger-arc201_count_9b9f744826edc64cc288193e1d52754e#TATTAGGTCCCTCAAC-1,at10_1,0.19865572244582141,OPC-NPC-like
4255,cellranger-arc201_count_9b9f744826edc64cc288193e1d52754e#TCACCGGCACAATGCC-1,at10_1,0.05819973050606862,OPC-NPC-like
4256,cellranger-arc201_count_9b9f744826edc64cc288193e1d52754e#TCATTGTTCAGCATTA-1,at10_1,0.25051967898249633,OPC-NPC-like
4257,cellranger-arc201_count_9b9f744826edc64cc288193e1d52754e#TCATTTGGTATTGGTG-1,at10_1,0.16266055342109503,OPC-NPC-like
4258,cellranger-arc201_count_9b9f744826edc64cc288193e1d52754e#TCCTTCAAGAATGACG-1,at10_1,0.20114167856866447,OPC-NPC-like
4259,cellranger-arc201_count_9b9f744826edc64cc288193e1d52754e#TCCTTCAAGTGATTCA-1,at10_1,0.19514053942094742,OPC-NPC-like
4260,cellranger-arc201_count_9b9f744826edc64cc288193e1d52754e#TCGTCAACAAGCGAGC-1,at10_1,0.18179036687582456,OPC-NPC-like
4261,cellranger-arc201_count_9b9f744826edc64cc288193e1d52754e#TCTACCTCAACACTTG-1,at10_1,0.1357812389795108,OPC-NPC-like
4262,cellranger-arc201_count_9b9f744826edc64cc288193e1d52754e#TCTATGTTCCCGCAAA-1,at10_1,0.05564157272324441,OPC-NPC-like
4263,cellranger-arc201_count_9b9f744826edc64cc288193e1d52754e#TCTTAGTTCATTAGGC-1,at10_1,0.07012238720808488,OPC-NPC-like
4264,cellranger-arc201_count_9b9f744826edc64cc288193e1d52754e#TGACCAAGTCTTGCAT-1,at10_1,0.13211323038377545,OPC-NPC-like
4265,cellranger-arc201_count_9b9f744826edc64cc288193e1d52754e#TGAGCAAAGCGCAATT-1,at10_1,0.07233194036960054,OPC-NPC-like
4266,cellranger-arc201_count_9b9f744826edc64cc288193e1d52754e#TGAGGGCCACTGACTA-1,at10_1,0.18432422542072396,OPC-NPC-like
4267,cellranger-arc201_count_9b9f744826edc64cc288193e1d52754e#TGATGACTCAGTATTG-1,at10_1,0.16039577535161734,OPC-NPC-like
4268,cellranger-arc201_count_9b9f744826edc64cc288193e1d52754e#TGATTCAAGCCGCAGT-1,at10_1,0.08758655785647505,OPC-NPC-like
4269,cellranger-arc201_count_9b9f744826edc64cc288193e1d52754e#TGCAATATCTACCTGC-1,at10_1,0.18060934456254646,OPC-NPC-like
4270,cellranger-arc201_count_9b9f744826edc64cc288193e1d52754e#TGCATCCTCGCTTCTA-1,at10_1,0.19460819747981614,OPC-NPC-like
4271,cellranger-arc201_count_9b9f744826edc64cc288193e1d52754e#TGCGATTAGCCACAAT-1,at10_1,0.13989010020578346,OPC-NPC-like
4272,cellranger-arc201_count_9b9f744826edc64cc288193e1d52754e#TGCTATGCAGTTTCTC-1,at10_1,0.1964734545930039,OPC-NPC-like
4273,cellranger-arc201_count_9b9f744826edc64cc288193e1d52754e#TGCTGGATCAGGGCCT-1,at10_1,0.048815087790097904,OPC-NPC-like
4274,cellranger-arc201_count_9b9f744826edc64cc288193e1d52754e#TGCTTCATCAATGTCA-1,at10_1,0.15082978278033496,OPC-NPC-like
4275,cellranger-arc201_count_9b9f744826edc64cc288193e1d52754e#TGCTTCATCCTGATTT-1,at10_1,0.07445770257547629,OPC-NPC-like
4276,cellranger-arc201_count_9b9f744826edc64cc288193e1d52754e#TGGTCCTTCCGCAAAT-1,at10_1,0.6463576197569078,OPC-NPC-like
4277,cellranger-arc201_count_9b9f744826edc64cc288193e1d52754e#TGTAAGCTCCCTCATA-1,at10_1,0.18128448889991527,OPC-NPC-like
4278,cellranger-arc201_count_9b9f744826edc64cc288193e1d52754e#TGTAATGTCTGTTCAT-1,at10_1,0.17232623481665668,OPC-NPC-like
4279,cellranger-arc201_count_9b9f744826edc64cc288193e1d52754e#TGTGAAACACGAACAG-1,at10_1,0.15537487483995718,OPC-NPC-like
4280,cellranger-arc201_count_9b9f744826edc64cc288193e1d52754e#TGTTCATTCATGGCCA-1,at10_1,0.06861373237429093,OPC-NPC-like
4281,cellranger-arc201_count_9b9f744826edc64cc288193e1d52754e#TGTTGCACAGCAAATA-1,at10_1,0.10602229431065745,OPC-NPC-like
4282,cellranger-arc201_count_9b9f744826edc64cc288193e1d52754e#TGTTGCACATTGTCCT-1,at10_1,0.05204259874273056,OPC-NPC-like
4283,cellranger-arc201_count_9b9f744826edc64cc288193e1d52754e#TTAAGCCAGGGTTATC-1,at10_1,0.11151848819454832,OPC-NPC-like
4284,cellranger-arc201_count_9b9f744826edc64cc288193e1d52754e#TTAAGGTGTGCAACTA-1,at10_1,0.16948069730418439,OPC-NPC-like
4285,cellranger-arc201_count_9b9f744826edc64cc288193e1d52754e#TTAGCAGGTTGAATCG-1,at10_1,0.6665986970137489,OPC-NPC-like
4286,cellranger-arc201_count_9b9f744826edc64cc288193e1d52754e#TTCAACCGTAGGTTAT-1,at10_1,0.10310651104936325,OPC-NPC-like
4287,cellranger-arc201_count_9b9f744826edc64cc288193e1d52754e#TTCCTCAAGACACTTA-1,at10_1,0.17419747799246696,OPC-NPC-like
4288,cellranger-arc201_count_9b9f744826edc64cc288193e1d52754e#TTCCTTGAGGTAGCTT-1,at10_1,0.1967723261707797,OPC-NPC-like
4289,cellranger-arc201_count_9b9f744826edc64cc288193e1d52754e#TTCGCAACATATAACC-1,at10_1,0.1505541315571043,OPC-NPC-like
4290,cellranger-arc201_count_9b9f744826edc64cc288193e1d52754e#TTGCAACAGGCATGAA-1,at10_1,0.11529767050215277,OPC-NPC-like
4291,cellranger-arc201_count_9b9f744826edc64cc288193e1d52754e#TTGCACACAATCTCTC-1,at10_1,0.18658474364098654,OPC-NPC-like
4292,cellranger-arc201_count_9b9f744826edc64cc288193e1d52754e#TTGCACACATAATCAC-1,at10_1,0.16104566685736452,OPC-NPC-like
4293,cellranger-arc201_count_9b9f744826edc64cc288193e1d52754e#TTGGATATCCTTCTAG-1,at10_1,0.052954958212862946,OPC-NPC-like
4294,cellranger-arc201_count_9b9f744826edc64cc288193e1d52754e#TTGGCGGGTTTATTCG-1,at10_1,0.07486111447247089,OPC-NPC-like
4295,cellranger-arc201_count_9b9f744826edc64cc288193e1d52754e#TTGGGCGGTATTTGCC-1,at10_1,0.4611745683632957,OPC-NPC-like
4296,cellranger-arc201_count_9b9f744826edc64cc288193e1d52754e#TTGGTGAGTTGCACGG-1,at10_1,0.17094367708806063,OPC-NPC-like
4297,cellranger-arc201_count_9b9f744826edc64cc288193e1d52754e#TTGTCAAAGATAACCC-1,at10_1,0.18527271008272972,OPC-NPC-like
4298,cellranger-arc201_count_9b9f744826edc64cc288193e1d52754e#TTGTTGTTCACTAGGT-1,at10_1,0.03877050951214237,OPC-NPC-like
4299,cellranger-arc201_count_9b9f744826edc64cc288193e1d52754e#TTTAAGCCATGGTTAT-1,at10_1,0.16881998912248894,OPC-NPC-like
4300,cellranger-arc201_count_9b9f744826edc64cc288193e1d52754e#TTTCATCAGTTGGGCC-1,at10_1,0.07121545616403906,OPC-NPC-like
4301,cellranger-arc201_count_9b9f744826edc64cc288193e1d52754e#TTTGGTGCACTTCATC-1,at10_1,0.10873730781580636,OPC-NPC-like
4302,cellranger-arc201_count_877c4ccf6b72738da66f3017a5f79449#AACAGATAGTCCTTCA-1,at10_1,0.060185126503983444,OPC-NPC-like
4303,cellranger-arc201_count_877c4ccf6b72738da66f3017a5f79449#AACCTCACAGCTCAAC-1,at10_1,0.18570682491254764,OPC-NPC-like
4304,cellranger-arc201_count_877c4ccf6b72738da66f3017a5f79449#AACCTCCTCCAACTGG-1,at10_1,0.15794129478130814,OPC-NPC-like
4305,cellranger-arc201_count_877c4ccf6b72738da66f3017a5f79449#AACCTCCTCTCACATT-1,at10_1,0.05929770664126571,OPC-NPC-like
4306,cellranger-arc201_count_877c4ccf6b72738da66f3017a5f79449#AACTAGCTCAAGCTTA-1,at10_1,0.08488932156520754,OPC-NPC-like
4307,cellranger-arc201_count_877c4ccf6b72738da66f3017a5f79449#AAGCTCCCAAAGCTCC-1,at10_1,0.17883145612149626,OPC-NPC-like
4308,cellranger-arc201_count_877c4ccf6b72738da66f3017a5f79449#AAGCTTGGTTGCAATG-1,at10_1,0.07992582460988255,OPC-NPC-like
4309,cellranger-arc201_count_877c4ccf6b72738da66f3017a5f79449#AAGTTTGTCCCTGACT-1,at10_1,0.061521403615861635,OPC-NPC-like
4310,cellranger-arc201_count_877c4ccf6b72738da66f3017a5f79449#AATAACCGTCTATCGT-1,at10_1,0.05822984875370559,OPC-NPC-like
4311,cellranger-arc201_count_877c4ccf6b72738da66f3017a5f79449#AATAGCTGTTAATGCG-1,at10_1,0.0737116930014095,OPC-NPC-like
4312,cellranger-arc201_count_877c4ccf6b72738da66f3017a5f79449#AATCTTGAGCACTAAC-1,at10_1,0.10483429753837026,OPC-NPC-like
4313,cellranger-arc201_count_877c4ccf6b72738da66f3017a5f79449#AATGAAGGTCCGCTGT-1,at10_1,0.3732449882369346,OPC-NPC-like
4314,cellranger-arc201_count_877c4ccf6b72738da66f3017a5f79449#AATTAGGCATCCATCT-1,at10_1,0.4402117668492367,OPC-NPC-like
4315,cellranger-arc201_count_877c4ccf6b72738da66f3017a5f79449#ACAAAGGTCCGCCAAA-1,at10_1,0.07849157792659454,OPC-NPC-like
4316,cellranger-arc201_count_877c4ccf6b72738da66f3017a5f79449#ACAGGTAAGAAACTGG-1,at10_1,0.16227894888944513,OPC-NPC-like
4317,cellranger-arc201_count_877c4ccf6b72738da66f3017a5f79449#ACATTAGTCTAATCAG-1,at10_1,0.453322747468823,OPC-NPC-like
4318,cellranger-arc201_count_877c4ccf6b72738da66f3017a5f79449#ACCAAGTTCTTGCAAA-1,at10_1,0.18680265024152337,OPC-NPC-like
4319,cellranger-arc201_count_877c4ccf6b72738da66f3017a5f79449#ACCAATATCACCATTT-1,at10_1,0.05233529632335964,OPC-NPC-like
4320,cellranger-arc201_count_877c4ccf6b72738da66f3017a5f79449#ACCCAGGGTTTGAGGC-1,at10_1,0.10680289079771432,OPC-NPC-like
4321,cellranger-arc201_count_877c4ccf6b72738da66f3017a5f79449#ACCCGCTGTAAGTCGC-1,at10_1,0.15210262851002784,OPC-NPC-like
4322,cellranger-arc201_count_877c4ccf6b72738da66f3017a5f79449#ACCGAAGCAGAACCGA-1,at10_1,0.14739886402768032,OPC-NPC-like
4323,cellranger-arc201_count_877c4ccf6b72738da66f3017a5f79449#ACCGAAGCATGTTGGC-1,at10_1,0.1619971027874539,OPC-NPC-like
4324,cellranger-arc201_count_877c4ccf6b72738da66f3017a5f79449#ACCTTCCAGTCTCACC-1,at10_1,0.06906454553461062,OPC-NPC-like
4325,cellranger-arc201_count_877c4ccf6b72738da66f3017a5f79449#ACGCCACAGCATTATG-1,at10_1,0.09735794198109035,OPC-NPC-like
4326,cellranger-arc201_count_877c4ccf6b72738da66f3017a5f79449#ACGCCTTTCACAGACT-1,at10_1,0.11497898923341902,OPC-NPC-like
4327,cellranger-arc201_count_877c4ccf6b72738da66f3017a5f79449#ACTATCCGTGGTTCTT-1,at10_1,0.07407785905992353,OPC-NPC-like
4328,cellranger-arc201_count_877c4ccf6b72738da66f3017a5f79449#ACTCGCTTCTCCTCAA-1,at10_1,0.11226648152192607,OPC-NPC-like
4329,cellranger-arc201_count_877c4ccf6b72738da66f3017a5f79449#ACTTATCTCATGTGGT-1,at10_1,0.18549850993328276,OPC-NPC-like
4330,cellranger-arc201_count_877c4ccf6b72738da66f3017a5f79449#ACTTTGTTCACACAGT-1,at10_1,0.04926882437634955,OPC-NPC-like
4331,cellranger-arc201_count_877c4ccf6b72738da66f3017a5f79449#AGAAACCCAGGAACAT-1,at10_1,0.10406848523388351,OPC-NPC-like
4332,cellranger-arc201_count_877c4ccf6b72738da66f3017a5f79449#AGAAAGGCACCCACCT-1,at10_1,0.19375672879552341,OPC-NPC-like
4333,cellranger-arc201_count_877c4ccf6b72738da66f3017a5f79449#AGAATCTGTGACATAT-1,at10_1,0.05614346231091794,OPC-NPC-like
4334,cellranger-arc201_count_877c4ccf6b72738da66f3017a5f79449#AGCTAGTTCAGCATTA-1,at10_1,0.06335258193532843,OPC-NPC-like
4335,cellranger-arc201_count_877c4ccf6b72738da66f3017a5f79449#AGCTAGTTCATCCTCA-1,at10_1,0.07372689481625562,OPC-NPC-like
4336,cellranger-arc201_count_877c4ccf6b72738da66f3017a5f79449#AGCTATATCCTACCTA-1,at10_1,0.07524773755197059,OPC-NPC-like
4337,cellranger-arc201_count_877c4ccf6b72738da66f3017a5f79449#AGCTTCCTCAAACACC-1,at10_1,0.18997821469956053,OPC-NPC-like
4338,cellranger-arc201_count_877c4ccf6b72738da66f3017a5f79449#AGGAAACGTGGAAACG-1,at10_1,0.16223912069139135,OPC-NPC-like
4339,cellranger-arc201_count_877c4ccf6b72738da66f3017a5f79449#AGGCCCAGTGGGTGAA-1,at10_1,0.4240513745611146,OPC-NPC-like
4340,cellranger-arc201_count_877c4ccf6b72738da66f3017a5f79449#AGGGCTACAGCAACCT-1,at10_1,0.04213401545491393,OPC-NPC-like
4341,cellranger-arc201_count_877c4ccf6b72738da66f3017a5f79449#AGGTAACCACACTAAT-1,at10_1,0.17184785096558358,OPC-NPC-like
4342,cellranger-arc201_count_877c4ccf6b72738da66f3017a5f79449#AGGTAACCACCTATAG-1,at10_1,0.16754930115955532,OPC-NPC-like
4343,cellranger-arc201_count_877c4ccf6b72738da66f3017a5f79449#AGGTCATTCCTCCCTC-1,at10_1,0.06331465396413041,OPC-NPC-like
4344,cellranger-arc201_count_877c4ccf6b72738da66f3017a5f79449#AGGTTACTCAAGACTC-1,at10_1,0.10492570332250907,OPC-NPC-like
4345,cellranger-arc201_count_877c4ccf6b72738da66f3017a5f79449#AGTCAGGCATTATGCG-1,at10_1,0.09696627251158907,OPC-NPC-like
4346,cellranger-arc201_count_877c4ccf6b72738da66f3017a5f79449#ATGAAGCCAAGGTCGA-1,at10_1,0.15828089942706908,OPC-NPC-like
4347,cellranger-arc201_count_877c4ccf6b72738da66f3017a5f79449#ATGACAACATAATGAG-1,at10_1,0.07000205342829567,OPC-NPC-like
4348,cellranger-arc201_count_877c4ccf6b72738da66f3017a5f79449#ATGGACAAGTCATTAG-1,at10_1,0.035499717934641066,OPC-NPC-like
4349,cellranger-arc201_count_877c4ccf6b72738da66f3017a5f79449#ATGGTGCGTCACTCGC-1,at10_1,0.19033996777702492,OPC-NPC-like
4350,cellranger-arc201_count_877c4ccf6b72738da66f3017a5f79449#ATGTCAATCGCTAGAT-1,at10_1,0.09522668095024735,OPC-NPC-like
4351,cellranger-arc201_count_877c4ccf6b72738da66f3017a5f79449#ATGTCAATCTAACCTT-1,at10_1,0.10221538121992713,OPC-NPC-like
4352,cellranger-arc201_count_877c4ccf6b72738da66f3017a5f79449#ATTAGGTGTGAGGTAG-1,at10_1,0.067966938307924,OPC-NPC-like
4353,cellranger-arc201_count_877c4ccf6b72738da66f3017a5f79449#ATTATCCTCCGTTATT-1,at10_1,0.14722874848059286,OPC-NPC-like
4354,cellranger-arc201_count_877c4ccf6b72738da66f3017a5f79449#ATTCACTTCCAGGTCA-1,at10_1,0.17969950480714586,OPC-NPC-like
4355,cellranger-arc201_count_877c4ccf6b72738da66f3017a5f79449#ATTCGTTTCGCAACAT-1,at10_1,0.05856664134214152,OPC-NPC-like
4356,cellranger-arc201_count_877c4ccf6b72738da66f3017a5f79449#ATTGGCTAGTTTGAGC-1,at10_1,0.04684089825825554,OPC-NPC-like
4357,cellranger-arc201_count_877c4ccf6b72738da66f3017a5f79449#ATTGTCCGTCACTCGC-1,at10_1,0.05512841402465702,OPC-NPC-like
4358,cellranger-arc201_count_877c4ccf6b72738da66f3017a5f79449#CAAACACTCACCAATA-1,at10_1,0.06991907685559397,OPC-NPC-like
4359,cellranger-arc201_count_877c4ccf6b72738da66f3017a5f79449#CAAACTGGTTACAAAC-1,at10_1,0.18495109146698813,OPC-NPC-like
4360,cellranger-arc201_count_877c4ccf6b72738da66f3017a5f79449#CAAAGTGAGCATGACT-1,at10_1,0.16439369952431057,OPC-NPC-like
4361,cellranger-arc201_count_877c4ccf6b72738da66f3017a5f79449#CAAGTAACATTGTCCT-1,at10_1,0.0525266275900675,OPC-NPC-like
4362,cellranger-arc201_count_877c4ccf6b72738da66f3017a5f79449#CAAGTGAAGTATTGCA-1,at10_1,0.18852882188572986,OPC-NPC-like
4363,cellranger-arc201_count_877c4ccf6b72738da66f3017a5f79449#CAAGTTATCATAACTG-1,at10_1,0.0788933471366369,OPC-NPC-like
4364,cellranger-arc201_count_877c4ccf6b72738da66f3017a5f79449#CAATGCCCACTGACCG-1,at10_1,0.10780499944395741,OPC-NPC-like
4365,cellranger-arc201_count_877c4ccf6b72738da66f3017a5f79449#CACAATATCCCTGACT-1,at10_1,0.19596405458490043,OPC-NPC-like
4366,cellranger-arc201_count_877c4ccf6b72738da66f3017a5f79449#CACAATATCCTCATGC-1,at10_1,0.0526504834020509,OPC-NPC-like
4367,cellranger-arc201_count_877c4ccf6b72738da66f3017a5f79449#CACATACAGCCATCAG-1,at10_1,0.06035822812184424,OPC-NPC-like
4368,cellranger-arc201_count_877c4ccf6b72738da66f3017a5f79449#CACTAGCCACATTGCA-1,at10_1,0.11471496210853682,OPC-NPC-like
4369,cellranger-arc201_count_877c4ccf6b72738da66f3017a5f79449#CAGCATTAGACAACAG-1,at10_1,0.10545331209784578,OPC-NPC-like
4370,cellranger-arc201_count_877c4ccf6b72738da66f3017a5f79449#CAGCCAATCATCCTGC-1,at10_1,0.20912669631702696,OPC-NPC-like
4371,cellranger-arc201_count_877c4ccf6b72738da66f3017a5f79449#CAGGTCCAGGAGGTTA-1,at10_1,0.08130803431158196,OPC-NPC-like
4372,cellranger-arc201_count_877c4ccf6b72738da66f3017a5f79449#CATAACGGTCCGGTTC-1,at10_1,0.10529330325183733,OPC-NPC-like
4373,cellranger-arc201_count_877c4ccf6b72738da66f3017a5f79449#CATAATGTCACCGGTA-1,at10_1,0.1009370227441911,OPC-NPC-like
4374,cellranger-arc201_count_877c4ccf6b72738da66f3017a5f79449#CATAGACTCTAAGTCA-1,at10_1,0.14979838419046895,OPC-NPC-like
4375,cellranger-arc201_count_877c4ccf6b72738da66f3017a5f79449#CATATCGCAAGTTATC-1,at10_1,0.1538159788433614,OPC-NPC-like
4376,cellranger-arc201_count_877c4ccf6b72738da66f3017a5f79449#CATGGATTCATTCATC-1,at10_1,0.1944056179838082,OPC-NPC-like
4377,cellranger-arc201_count_877c4ccf6b72738da66f3017a5f79449#CATTCCTCAAACAACA-1,at10_1,0.17254511589250415,OPC-NPC-like
4378,cellranger-arc201_count_877c4ccf6b72738da66f3017a5f79449#CATTTGTTCCTGGTGA-1,at10_1,0.1482524765576565,OPC-NPC-like
4379,cellranger-arc201_count_877c4ccf6b72738da66f3017a5f79449#CCAGACTCAGGACCTT-1,at10_1,0.05602216797689397,OPC-NPC-like
4380,cellranger-arc201_count_877c4ccf6b72738da66f3017a5f79449#CCAGCTAAGGACCTGC-1,at10_1,0.174779030936786,OPC-NPC-like
4381,cellranger-arc201_count_877c4ccf6b72738da66f3017a5f79449#CCATTGTGTGTTTGAG-1,at10_1,0.1446904491124921,OPC-NPC-like
4382,cellranger-arc201_count_877c4ccf6b72738da66f3017a5f79449#CCGTTACTCTTGACCC-1,at10_1,0.055929439690547846,OPC-NPC-like
4383,cellranger-arc201_count_877c4ccf6b72738da66f3017a5f79449#CCGTTTGGTATTGTGG-1,at10_1,0.06004619416683673,OPC-NPC-like
4384,cellranger-arc201_count_877c4ccf6b72738da66f3017a5f79449#CCTAAAGGTGATGAAA-1,at10_1,0.04608597919563425,OPC-NPC-like
4385,cellranger-arc201_count_877c4ccf6b72738da66f3017a5f79449#CCTATAGCATAGTCAT-1,at10_1,0.06270629598823062,OPC-NPC-like
4386,cellranger-arc201_count_877c4ccf6b72738da66f3017a5f79449#CCTATTGTCATCACTT-1,at10_1,0.18787088399813187,OPC-NPC-like
4387,cellranger-arc201_count_877c4ccf6b72738da66f3017a5f79449#CCTGACTTCTTGCATT-1,at10_1,0.12753259781746626,OPC-NPC-like
4388,cellranger-arc201_count_877c4ccf6b72738da66f3017a5f79449#CCTGAGTCAAACCTTG-1,at10_1,0.055157787494735135,OPC-NPC-like
4389,cellranger-arc201_count_877c4ccf6b72738da66f3017a5f79449#CCTGCTCCAATCATGT-1,at10_1,0.056330206583127825,OPC-NPC-like
4390,cellranger-arc201_count_877c4ccf6b72738da66f3017a5f79449#CCTGTTGGTACCTTAC-1,at10_1,0.06263664884567101,OPC-NPC-like
4391,cellranger-arc201_count_877c4ccf6b72738da66f3017a5f79449#CCTTAGTGTCATGAGC-1,at10_1,0.1010682149631561,OPC-NPC-like
4392,cellranger-arc201_count_877c4ccf6b72738da66f3017a5f79449#CGAAGCGAGCACAGCC-1,at10_1,0.074674370200261,OPC-NPC-like
4393,cellranger-arc201_count_877c4ccf6b72738da66f3017a5f79449#CGATATTCACCAAAGG-1,at10_1,0.05163375066561014,OPC-NPC-like
4394,cellranger-arc201_count_877c4ccf6b72738da66f3017a5f79449#CGATGTCCAATGCCTA-1,at10_1,0.09988333651186299,OPC-NPC-like
4395,cellranger-arc201_count_877c4ccf6b72738da66f3017a5f79449#CGATTCCTCACCATTT-1,at10_1,0.10049842532794417,OPC-NPC-like
4396,cellranger-arc201_count_877c4ccf6b72738da66f3017a5f79449#CGCACACAGCTTGCTC-1,at10_1,0.4614600617871639,OPC-NPC-like
4397,cellranger-arc201_count_877c4ccf6b72738da66f3017a5f79449#CGCATTACAGGACCAA-1,at10_1,0.17853270983340322,OPC-NPC-like
4398,cellranger-arc201_count_877c4ccf6b72738da66f3017a5f79449#CGCTACTTCCGCAACA-1,at10_1,0.06521749102161953,OPC-NPC-like
4399,cellranger-arc201_count_877c4ccf6b72738da66f3017a5f79449#CGCTCCATCTAGCTAA-1,at10_1,0.20422912261646733,OPC-NPC-like
4400,cellranger-arc201_count_877c4ccf6b72738da66f3017a5f79449#CGGCCATAGCCATCAG-1,at10_1,0.18698093746014438,OPC-NPC-like
4401,cellranger-arc201_count_877c4ccf6b72738da66f3017a5f79449#CGTAACCCAGCAACAG-1,at10_1,0.06108017511627596,OPC-NPC-like
4402,cellranger-arc201_count_877c4ccf6b72738da66f3017a5f79449#CGTAACCCAGTTTGGC-1,at10_1,0.07144017713121248,OPC-NPC-like
4403,cellranger-arc201_count_877c4ccf6b72738da66f3017a5f79449#CGTTTGTGTGGTTCTT-1,at10_1,0.09388432728875347,OPC-NPC-like
4404,cellranger-arc201_count_877c4ccf6b72738da66f3017a5f79449#CTAAGGTTCATAGACC-1,at10_1,0.10927741771727112,OPC-NPC-like
4405,cellranger-arc201_count_877c4ccf6b72738da66f3017a5f79449#CTACCTCAGGTAAGCA-1,at10_1,0.18599855497840398,OPC-NPC-like
4406,cellranger-arc201_count_877c4ccf6b72738da66f3017a5f79449#CTAGATTCAACACTTG-1,at10_1,0.18976966306200593,OPC-NPC-like
4407,cellranger-arc201_count_877c4ccf6b72738da66f3017a5f79449#CTAGATTCATAGCTGC-1,at10_1,0.11917814255776117,OPC-NPC-like
4408,cellranger-arc201_count_877c4ccf6b72738da66f3017a5f79449#CTATAACCAATGCGCT-1,at10_1,0.1842268335739626,OPC-NPC-like
4409,cellranger-arc201_count_877c4ccf6b72738da66f3017a5f79449#CTCATCATCCTCACTA-1,at10_1,0.1646793182378616,OPC-NPC-like
4410,cellranger-arc201_count_877c4ccf6b72738da66f3017a5f79449#CTCATGACATCCGTAA-1,at10_1,0.18658910093773273,OPC-NPC-like
4411,cellranger-arc201_count_877c4ccf6b72738da66f3017a5f79449#CTCATGCTCGCATCCT-1,at10_1,0.06284253459719719,OPC-NPC-like
4412,cellranger-arc201_count_877c4ccf6b72738da66f3017a5f79449#CTCCCTGAGTTATCCT-1,at10_1,0.19079773451473986,OPC-NPC-like
4413,cellranger-arc201_count_877c4ccf6b72738da66f3017a5f79449#CTCCGTCCAACAACAA-1,at10_1,0.06980184747572299,OPC-NPC-like
4414,cellranger-arc201_count_877c4ccf6b72738da66f3017a5f79449#CTCTAAGCAGCAATAA-1,at10_1,0.20617242128096214,OPC-NPC-like
4415,cellranger-arc201_count_877c4ccf6b72738da66f3017a5f79449#CTGGATGTCTACCTAT-1,at10_1,0.06897282652626482,OPC-NPC-like
4416,cellranger-arc201_count_877c4ccf6b72738da66f3017a5f79449#CTGGCTAAGACTTACA-1,at10_1,0.14185979323012096,OPC-NPC-like
4417,cellranger-arc201_count_877c4ccf6b72738da66f3017a5f79449#CTGTTAAAGGCCATCA-1,at10_1,0.18761015616822999,OPC-NPC-like
4418,cellranger-arc201_count_877c4ccf6b72738da66f3017a5f79449#CTGTTAAAGTTTGGGT-1,at10_1,0.0632293247296073,OPC-NPC-like
4419,cellranger-arc201_count_877c4ccf6b72738da66f3017a5f79449#CTTACTAGTTAGCGTA-1,at10_1,0.05746641695319198,OPC-NPC-like
4420,cellranger-arc201_count_877c4ccf6b72738da66f3017a5f79449#CTTGAATCACTCGCTC-1,at10_1,0.0528462902946498,OPC-NPC-like
4421,cellranger-arc201_count_877c4ccf6b72738da66f3017a5f79449#CTTTCTTGTTCCGCAC-1,at10_1,0.03814977569979734,OPC-NPC-like
4422,cellranger-arc201_count_877c4ccf6b72738da66f3017a5f79449#CTTTCTTGTTGTTGCT-1,at10_1,0.11370803677004394,OPC-NPC-like
4423,cellranger-arc201_count_877c4ccf6b72738da66f3017a5f79449#GAAACTGAGCAAGGGT-1,at10_1,0.1806989127646709,OPC-NPC-like
4424,cellranger-arc201_count_877c4ccf6b72738da66f3017a5f79449#GAACCGCTCATTACAG-1,at10_1,0.09523251388103537,OPC-NPC-like
4425,cellranger-arc201_count_877c4ccf6b72738da66f3017a5f79449#GAACTTATCAATAGCC-1,at10_1,0.17409996085602283,OPC-NPC-like
4426,cellranger-arc201_count_877c4ccf6b72738da66f3017a5f79449#GACCGAACACACAATT-1,at10_1,0.0633290553171142,OPC-NPC-like
4427,cellranger-arc201_count_877c4ccf6b72738da66f3017a5f79449#GAGAACCAGGTGTTAC-1,at10_1,0.09824127600804129,OPC-NPC-like
4428,cellranger-arc201_count_877c4ccf6b72738da66f3017a5f79449#GAGCCTTCAATCCTGA-1,at10_1,0.05493691570503877,OPC-NPC-like
4429,cellranger-arc201_count_877c4ccf6b72738da66f3017a5f79449#GAGTAACCAGGAAGCC-1,at10_1,0.07147113064340144,OPC-NPC-like
4430,cellranger-arc201_count_877c4ccf6b72738da66f3017a5f79449#GAGTATCTCCACCTTA-1,at10_1,0.11583968759101121,OPC-NPC-like
4431,cellranger-arc201_count_877c4ccf6b72738da66f3017a5f79449#GAGTCATTCACCGGTA-1,at10_1,0.16396686541717076,OPC-NPC-like
4432,cellranger-arc201_count_877c4ccf6b72738da66f3017a5f79449#GAGTTTGGTCTAACAG-1,at10_1,0.12394062613811321,OPC-NPC-like
4433,cellranger-arc201_count_877c4ccf6b72738da66f3017a5f79449#GAGTTTGGTGCCGCAA-1,at10_1,0.08003332315772294,OPC-NPC-like
4434,cellranger-arc201_count_877c4ccf6b72738da66f3017a5f79449#GATAATCGTGAGGTGA-1,at10_1,0.12911162368976487,OPC-NPC-like
4435,cellranger-arc201_count_877c4ccf6b72738da66f3017a5f79449#GATAGACCAATAGCAA-1,at10_1,0.0967067836574393,OPC-NPC-like
4436,cellranger-arc201_count_877c4ccf6b72738da66f3017a5f79449#GATCAGTTCCCTCGCA-1,at10_1,0.07802403163308343,OPC-NPC-like
4437,cellranger-arc201_count_877c4ccf6b72738da66f3017a5f79449#GATCCGTCAATGCGCT-1,at10_1,0.17975809861546757,OPC-NPC-like
4438,cellranger-arc201_count_877c4ccf6b72738da66f3017a5f79449#GATGCTTAGTTATCTC-1,at10_1,0.06988302822963793,OPC-NPC-like
4439,cellranger-arc201_count_877c4ccf6b72738da66f3017a5f79449#GATTAAGCAAGATTCT-1,at10_1,0.12127028536541958,OPC-NPC-like
4440,cellranger-arc201_count_877c4ccf6b72738da66f3017a5f79449#GATTGGTTCAAGCTAC-1,at10_1,0.07048590130164635,OPC-NPC-like
4441,cellranger-arc201_count_877c4ccf6b72738da66f3017a5f79449#GCAACAGCATCACTTC-1,at10_1,0.11329921653507526,OPC-NPC-like
4442,cellranger-arc201_count_877c4ccf6b72738da66f3017a5f79449#GCAGGAAGTGTAACCA-1,at10_1,0.07763749208003892,OPC-NPC-like
4443,cellranger-arc201_count_877c4ccf6b72738da66f3017a5f79449#GCATATATCTTGGACG-1,at10_1,0.1011986554440243,OPC-NPC-like
4444,cellranger-arc201_count_877c4ccf6b72738da66f3017a5f79449#GCATCCTTCGATTATG-1,at10_1,0.10689131747161773,OPC-NPC-like
4445,cellranger-arc201_count_877c4ccf6b72738da66f3017a5f79449#GCATTAGGTCAGTAAT-1,at10_1,0.17941058679861452,OPC-NPC-like
4446,cellranger-arc201_count_877c4ccf6b72738da66f3017a5f79449#GCATTGCCATGTTGTG-1,at10_1,0.3609387293288816,OPC-NPC-like
4447,cellranger-arc201_count_877c4ccf6b72738da66f3017a5f79449#GCCAATTAGGTTAGCT-1,at10_1,0.07346410666712551,OPC-NPC-like
4448,cellranger-arc201_count_877c4ccf6b72738da66f3017a5f79449#GCCACAATCCAGGTTG-1,at10_1,0.14842055962766745,OPC-NPC-like
4449,cellranger-arc201_count_877c4ccf6b72738da66f3017a5f79449#GCCTGCTGTACGCGCA-1,at10_1,0.07025298082078762,OPC-NPC-like
4450,cellranger-arc201_count_877c4ccf6b72738da66f3017a5f79449#GCGGGTTTCTCACTAT-1,at10_1,0.045664261083875335,OPC-NPC-like
4451,cellranger-arc201_count_877c4ccf6b72738da66f3017a5f79449#GCTGTGATCACAGACT-1,at10_1,0.1898554447314947,OPC-NPC-like
4452,cellranger-arc201_count_877c4ccf6b72738da66f3017a5f79449#GCTTAAATCGACCTGA-1,at10_1,0.06247554719520704,OPC-NPC-like
4453,cellranger-arc201_count_877c4ccf6b72738da66f3017a5f79449#GCTTACCTCTTAGGAC-1,at10_1,0.1090436410902466,OPC-NPC-like
4454,cellranger-arc201_count_877c4ccf6b72738da66f3017a5f79449#GCTTTACGTTAGTTGG-1,at10_1,0.16344976705411318,OPC-NPC-like
4455,cellranger-arc201_count_877c4ccf6b72738da66f3017a5f79449#GGAGCAAGTTACTTCA-1,at10_1,0.08700455943772831,OPC-NPC-like
4456,cellranger-arc201_count_877c4ccf6b72738da66f3017a5f79449#GGTACTTAGGTCTTGG-1,at10_1,0.07944308346206326,OPC-NPC-like
4457,cellranger-arc201_count_877c4ccf6b72738da66f3017a5f79449#GGTATGTTCATTGCGG-1,at10_1,0.0820799231656844,OPC-NPC-like
4458,cellranger-arc201_count_877c4ccf6b72738da66f3017a5f79449#GGTCCATCAATTGAAG-1,at10_1,0.10320075673297881,OPC-NPC-like
4459,cellranger-arc201_count_877c4ccf6b72738da66f3017a5f79449#GGTTACCCAAACGGGC-1,at10_1,0.20388894720659584,OPC-NPC-like
4460,cellranger-arc201_count_877c4ccf6b72738da66f3017a5f79449#GGTTACCCATAATCAC-1,at10_1,0.44597486952071413,OPC-NPC-like
4461,cellranger-arc201_count_877c4ccf6b72738da66f3017a5f79449#GGTTCCCGTCGCAATA-1,at10_1,0.11803143569649373,OPC-NPC-like
4462,cellranger-arc201_count_877c4ccf6b72738da66f3017a5f79449#GGTTGCGGTTACAAAC-1,at10_1,0.19271625366419248,OPC-NPC-like
4463,cellranger-arc201_count_877c4ccf6b72738da66f3017a5f79449#GGTTTAATCGTAACGT-1,at10_1,0.04559991787122082,OPC-NPC-like
4464,cellranger-arc201_count_877c4ccf6b72738da66f3017a5f79449#GGTTTCTGTGATTACG-1,at10_1,0.09019728858230874,OPC-NPC-like
4465,cellranger-arc201_count_877c4ccf6b72738da66f3017a5f79449#GTAGCCATCCTCATGC-1,at10_1,0.13561926726180518,OPC-NPC-like
4466,cellranger-arc201_count_877c4ccf6b72738da66f3017a5f79449#GTCGCAATCACTTTAC-1,at10_1,0.17178844973486163,OPC-NPC-like
4467,cellranger-arc201_count_877c4ccf6b72738da66f3017a5f79449#GTTACCTGTCACGAAC-1,at10_1,0.058887410772255185,OPC-NPC-like
4468,cellranger-arc201_count_877c4ccf6b72738da66f3017a5f79449#GTTCATTTCGATAACC-1,at10_1,0.05150126378658957,OPC-NPC-like
4469,cellranger-arc201_count_877c4ccf6b72738da66f3017a5f79449#GTTCTCATCCTAGTCC-1,at10_1,0.17589931559605898,OPC-NPC-like
4470,cellranger-arc201_count_877c4ccf6b72738da66f3017a5f79449#TAACCGGTCGGTTTCC-1,at10_1,0.1201751421691613,OPC-NPC-like
4471,cellranger-arc201_count_877c4ccf6b72738da66f3017a5f79449#TAAGCTATCGGTTACG-1,at10_1,0.18122368164053085,OPC-NPC-like
4472,cellranger-arc201_count_877c4ccf6b72738da66f3017a5f79449#TAATGCATCTTAGCCC-1,at10_1,0.06321660782680333,OPC-NPC-like
4473,cellranger-arc201_count_877c4ccf6b72738da66f3017a5f79449#TACAGGTTCTCCATGC-1,at10_1,0.19541322545501855,OPC-NPC-like
4474,cellranger-arc201_count_877c4ccf6b72738da66f3017a5f79449#TACCTTTAGCTACTGG-1,at10_1,0.07465642593346922,OPC-NPC-like
4475,cellranger-arc201_count_877c4ccf6b72738da66f3017a5f79449#TACGTAATCCCTCACG-1,at10_1,0.17940913900672442,OPC-NPC-like
4476,cellranger-arc201_count_877c4ccf6b72738da66f3017a5f79449#TACGTACAGGAACACA-1,at10_1,0.13066730391783551,OPC-NPC-like
4477,cellranger-arc201_count_877c4ccf6b72738da66f3017a5f79449#TAGCATATCTAACCTT-1,at10_1,0.19006786642814014,OPC-NPC-like
4478,cellranger-arc201_count_877c4ccf6b72738da66f3017a5f79449#TAGGCTTAGGAGCAAC-1,at10_1,0.10172960527756895,OPC-NPC-like
4479,cellranger-arc201_count_877c4ccf6b72738da66f3017a5f79449#TAGTAACGTAGCTAAT-1,at10_1,0.0598199627629318,OPC-NPC-like
4480,cellranger-arc201_count_877c4ccf6b72738da66f3017a5f79449#TAGTAAGCATCGCTCC-1,at10_1,0.05678097798021992,OPC-NPC-like
4481,cellranger-arc201_count_877c4ccf6b72738da66f3017a5f79449#TAGTGAGAGGAACCAA-1,at10_1,0.06543898229919194,OPC-NPC-like
4482,cellranger-arc201_count_877c4ccf6b72738da66f3017a5f79449#TATGGATGTTAAATGC-1,at10_1,0.1787164123505363,OPC-NPC-like
4483,cellranger-arc201_count_877c4ccf6b72738da66f3017a5f79449#TCACCTGGTGCATCGG-1,at10_1,0.11910824483583596,OPC-NPC-like
4484,cellranger-arc201_count_877c4ccf6b72738da66f3017a5f79449#TCAGCAAGTTAGGTTG-1,at10_1,0.19569068641811185,OPC-NPC-like
4485,cellranger-arc201_count_877c4ccf6b72738da66f3017a5f79449#TCAGCCTTCTCGCCTG-1,at10_1,0.12195269650439071,OPC-NPC-like
4486,cellranger-arc201_count_877c4ccf6b72738da66f3017a5f79449#TCATGCCTCATCAGTA-1,at10_1,0.22966145259034573,OPC-NPC-like
4487,cellranger-arc201_count_877c4ccf6b72738da66f3017a5f79449#TCCAGGTCAAGCGAGC-1,at10_1,0.12508450702097976,OPC-NPC-like
4488,cellranger-arc201_count_877c4ccf6b72738da66f3017a5f79449#TCCATATTCAATGAGG-1,at10_1,0.05762781790678708,OPC-NPC-like
4489,cellranger-arc201_count_877c4ccf6b72738da66f3017a5f79449#TCCTCAATCCCGAACA-1,at10_1,0.07419343183176641,OPC-NPC-like
4490,cellranger-arc201_count_877c4ccf6b72738da66f3017a5f79449#TCCTCAATCCTAAGGT-1,at10_1,0.18559448183030572,OPC-NPC-like
4491,cellranger-arc201_count_877c4ccf6b72738da66f3017a5f79449#TCCTCACAGGCTAGAA-1,at10_1,0.12042481666482525,OPC-NPC-like
4492,cellranger-arc201_count_877c4ccf6b72738da66f3017a5f79449#TCCTCACAGTCATTTC-1,at10_1,0.17604983026832657,OPC-NPC-like
4493,cellranger-arc201_count_877c4ccf6b72738da66f3017a5f79449#TCCTCTAAGCCGCAAC-1,at10_1,0.16623401006954572,OPC-NPC-like
4494,cellranger-arc201_count_877c4ccf6b72738da66f3017a5f79449#TCCTGTTCACTTACAG-1,at10_1,0.045182870280415094,OPC-NPC-like
4495,cellranger-arc201_count_877c4ccf6b72738da66f3017a5f79449#TCGCCCATCTGTTGCC-1,at10_1,0.08156252549949568,OPC-NPC-like
4496,cellranger-arc201_count_877c4ccf6b72738da66f3017a5f79449#TCGGTTCTCGTTTCTG-1,at10_1,0.11493959258871712,OPC-NPC-like
4497,cellranger-arc201_count_877c4ccf6b72738da66f3017a5f79449#TCTATGTTCCCTCTAA-1,at10_1,0.17279850731542443,OPC-NPC-like
4498,cellranger-arc201_count_877c4ccf6b72738da66f3017a5f79449#TCTCACCAGTTGTCCC-1,at10_1,0.1208551171198558,OPC-NPC-like
4499,cellranger-arc201_count_877c4ccf6b72738da66f3017a5f79449#TCTCCTCGTTACTTCA-1,at10_1,0.18823192710072706,OPC-NPC-like
4500,cellranger-arc201_count_877c4ccf6b72738da66f3017a5f79449#TGAAGCAAGGTTTGCG-1,at10_1,0.07175928995329806,OPC-NPC-like
4501,cellranger-arc201_count_877c4ccf6b72738da66f3017a5f79449#TGACCTTGTTCCGCAC-1,at10_1,0.20133456899586938,OPC-NPC-like
4502,cellranger-arc201_count_877c4ccf6b72738da66f3017a5f79449#TGACCTTGTTGTCATC-1,at10_1,0.1735649460683252,OPC-NPC-like
4503,cellranger-arc201_count_877c4ccf6b72738da66f3017a5f79449#TGAGGGCCAATTAAGG-1,at10_1,0.1719390757757361,OPC-NPC-like
4504,cellranger-arc201_count_877c4ccf6b72738da66f3017a5f79449#TGATCGAGTTCGCGCT-1,at10_1,0.06173498076180401,OPC-NPC-like
4505,cellranger-arc201_count_877c4ccf6b72738da66f3017a5f79449#TGATGACTCTGTTCAT-1,at10_1,0.06793679917867324,OPC-NPC-like
4506,cellranger-arc201_count_877c4ccf6b72738da66f3017a5f79449#TGATTAGTCCAAGTGT-1,at10_1,0.1994031589301645,OPC-NPC-like
4507,cellranger-arc201_count_877c4ccf6b72738da66f3017a5f79449#TGCACACCACTTCATC-1,at10_1,0.16723407231763646,OPC-NPC-like
4508,cellranger-arc201_count_877c4ccf6b72738da66f3017a5f79449#TGCGGTTCAGGAACCA-1,at10_1,0.18939336246026114,OPC-NPC-like
4509,cellranger-arc201_count_877c4ccf6b72738da66f3017a5f79449#TGCTAGCCAACGTGCT-1,at10_1,0.17781452152945543,OPC-NPC-like
4510,cellranger-arc201_count_877c4ccf6b72738da66f3017a5f79449#TGGCCATCACAGAACG-1,at10_1,0.190427071948721,OPC-NPC-like
4511,cellranger-arc201_count_877c4ccf6b72738da66f3017a5f79449#TGGTCCTTCGGTTAGT-1,at10_1,0.45127974605897303,OPC-NPC-like
4512,cellranger-arc201_count_877c4ccf6b72738da66f3017a5f79449#TGTAAGCTCGAGCAAA-1,at10_1,0.0870153343504489,OPC-NPC-like
4513,cellranger-arc201_count_877c4ccf6b72738da66f3017a5f79449#TGTTGGCCAGTGAACG-1,at10_1,0.06098258837445248,OPC-NPC-like
4514,cellranger-arc201_count_877c4ccf6b72738da66f3017a5f79449#TTAAAGGCAACAACAA-1,at10_1,0.12039540143151954,OPC-NPC-like
4515,cellranger-arc201_count_877c4ccf6b72738da66f3017a5f79449#TTACACCGTCCAAATG-1,at10_1,0.06716877342312372,OPC-NPC-like
4516,cellranger-arc201_count_877c4ccf6b72738da66f3017a5f79449#TTCCACGGTATTGGAT-1,at10_1,0.06921844998885165,OPC-NPC-like
4517,cellranger-arc201_count_877c4ccf6b72738da66f3017a5f79449#TTCCACGGTGGTGAGA-1,at10_1,0.1434382204961573,OPC-NPC-like
4518,cellranger-arc201_count_877c4ccf6b72738da66f3017a5f79449#TTCTTAGGTTTGGTTC-1,at10_1,0.18766507481252295,OPC-NPC-like
4519,cellranger-arc201_count_877c4ccf6b72738da66f3017a5f79449#TTGCAGCCATAGTCAT-1,at10_1,0.062293668339012474,OPC-NPC-like
4520,cellranger-arc201_count_877c4ccf6b72738da66f3017a5f79449#TTGTGTGCAATAATGG-1,at10_1,0.06512966991451631,OPC-NPC-like
4521,cellranger-arc201_count_877c4ccf6b72738da66f3017a5f79449#TTTAGCAAGCATGTCG-1,at10_1,0.08362035981568133,OPC-NPC-like
4522,cellranger-arc201_count_877c4ccf6b72738da66f3017a5f79449#TTTAGCAAGTAACAGG-1,at10_1,0.07368721278949843,OPC-NPC-like
4523,cellranger-arc201_count_877c4ccf6b72738da66f3017a5f79449#TTTCCTGAGGACCGCT-1,at10_1,0.08362339461022021,OPC-NPC-like
4524,cellranger-arc201_count_877c4ccf6b72738da66f3017a5f79449#TTTCGTCCAGAAATGC-1,at10_1,0.12304388611510292,OPC-NPC-like
4525,cellranger-arc201_count_877c4ccf6b72738da66f3017a5f79449#TTTGACCGTTGCCTCA-1,at10_1,0.162780594858291,OPC-NPC-like
4526,cellranger-arc201_count_877c4ccf6b72738da66f3017a5f79449#TTTGTCCCACGTTACA-1,at10_1,0.05707889596429891,OPC-NPC-like
4527,cellranger-arc201_count_877c4ccf6b72738da66f3017a5f79449#TTTGTGGCAAGTCGCT-1,at10_1,0.07582157822025964,OPC-NPC-like
4528,cellranger-arc201_count_877c4ccf6b72738da66f3017a5f79449#TTTGTGGCACAAACTT-1,at10_1,0.15161140942700593,OPC-NPC-like
4529,cellranger-arc201_count_651c086adc1acf13d5493f979b7a6fc4#AAACCGAAGCACTAAC-1,at10_1,0.08858496349653769,OPC-NPC-like
4530,cellranger-arc201_count_651c086adc1acf13d5493f979b7a6fc4#AAACGGATCTTTAAGG-1,at10_1,0.18289121771318803,OPC-NPC-like
4531,cellranger-arc201_count_651c086adc1acf13d5493f979b7a6fc4#AACATAGCAATGAATG-1,at10_1,0.16530934436834743,OPC-NPC-like
4532,cellranger-arc201_count_651c086adc1acf13d5493f979b7a6fc4#AACCGCTCAATTGAGA-1,at10_1,0.07562113560939722,OPC-NPC-like
4533,cellranger-arc201_count_651c086adc1acf13d5493f979b7a6fc4#AAGACAAGTCATAGAT-1,at10_1,0.14119858388969436,OPC-NPC-like
4534,cellranger-arc201_count_651c086adc1acf13d5493f979b7a6fc4#AAGCCTTAGTTACCGG-1,at10_1,0.1914210924498857,OPC-NPC-like
4535,cellranger-arc201_count_651c086adc1acf13d5493f979b7a6fc4#AATCTCAAGGAAGCAC-1,at10_1,0.18861905829949588,OPC-NPC-like
4536,cellranger-arc201_count_651c086adc1acf13d5493f979b7a6fc4#AATTCGTCAGAACCGA-1,at10_1,0.06487959866819017,OPC-NPC-like
4537,cellranger-arc201_count_651c086adc1acf13d5493f979b7a6fc4#ACAAACTGTCTTTGAC-1,at10_1,0.06780351879832827,OPC-NPC-like
4538,cellranger-arc201_count_651c086adc1acf13d5493f979b7a6fc4#ACAAACTGTGCTCCAC-1,at10_1,0.0902512605934428,OPC-NPC-like
4539,cellranger-arc201_count_651c086adc1acf13d5493f979b7a6fc4#ACAACACTCTCAATAG-1,at10_1,0.17396455055107032,OPC-NPC-like
4540,cellranger-arc201_count_651c086adc1acf13d5493f979b7a6fc4#ACAGCCGGTAAGGTTT-1,at10_1,0.051668128762462226,OPC-NPC-like
4541,cellranger-arc201_count_651c086adc1acf13d5493f979b7a6fc4#ACCAGCTCACACAATT-1,at10_1,0.05883731578074993,OPC-NPC-like
4542,cellranger-arc201_count_651c086adc1acf13d5493f979b7a6fc4#ACCAGGACACGCAACT-1,at10_1,0.11255784963980991,OPC-NPC-like
4543,cellranger-arc201_count_651c086adc1acf13d5493f979b7a6fc4#ACCCAACCAGTAGCCT-1,at10_1,0.19516820059869397,OPC-NPC-like
4544,cellranger-arc201_count_651c086adc1acf13d5493f979b7a6fc4#ACCCTCCCAGAAATTG-1,at10_1,0.11472288320070481,OPC-NPC-like
4545,cellranger-arc201_count_651c086adc1acf13d5493f979b7a6fc4#ACCTTGTGTCATTACC-1,at10_1,0.23522186439720832,OPC-NPC-like
4546,cellranger-arc201_count_651c086adc1acf13d5493f979b7a6fc4#AGAACCAAGTCATTAG-1,at10_1,0.1672093624079736,OPC-NPC-like
4547,cellranger-arc201_count_651c086adc1acf13d5493f979b7a6fc4#AGCAATACAATTAGCT-1,at10_1,0.19036008373165186,OPC-NPC-like
4548,cellranger-arc201_count_651c086adc1acf13d5493f979b7a6fc4#AGCACTAGTTAAGCTG-1,at10_1,0.053372945476289665,OPC-NPC-like
4549,cellranger-arc201_count_651c086adc1acf13d5493f979b7a6fc4#AGCGCCTAGCTATATG-1,at10_1,0.10685765631017276,OPC-NPC-like
4550,cellranger-arc201_count_651c086adc1acf13d5493f979b7a6fc4#AGGCAATCATATAACC-1,at10_1,0.03610901558316184,OPC-NPC-like
4551,cellranger-arc201_count_651c086adc1acf13d5493f979b7a6fc4#AGGTTTATCTTTGACT-1,at10_1,0.11681890998852994,OPC-NPC-like
4552,cellranger-arc201_count_651c086adc1acf13d5493f979b7a6fc4#AGTCCTTGTTGTGATG-1,at10_1,0.14668433696668542,OPC-NPC-like
4553,cellranger-arc201_count_651c086adc1acf13d5493f979b7a6fc4#ATACCTGCAATGCCTA-1,at10_1,0.11320179684616216,OPC-NPC-like
4554,cellranger-arc201_count_651c086adc1acf13d5493f979b7a6fc4#ATGACGAAGAAAGGAA-1,at10_1,0.07519309036865703,OPC-NPC-like
4555,cellranger-arc201_count_651c086adc1acf13d5493f979b7a6fc4#ATTACGTCATCATGTG-1,at10_1,0.10397570126323394,OPC-NPC-like
4556,cellranger-arc201_count_651c086adc1acf13d5493f979b7a6fc4#ATTAGCTCATTGCGAC-1,at10_1,0.10039701029025742,OPC-NPC-like
4557,cellranger-arc201_count_651c086adc1acf13d5493f979b7a6fc4#ATTGGTTCATAATTGC-1,at10_1,0.10469556009628568,OPC-NPC-like
4558,cellranger-arc201_count_651c086adc1acf13d5493f979b7a6fc4#CAAACAACAGATTCAT-1,at10_1,0.1854985656175862,OPC-NPC-like
4559,cellranger-arc201_count_651c086adc1acf13d5493f979b7a6fc4#CAAACTGGTAACCACA-1,at10_1,0.15796884459044777,OPC-NPC-like
4560,cellranger-arc201_count_651c086adc1acf13d5493f979b7a6fc4#CAAGGTAAGGTACCGC-1,at10_1,0.09016695455799587,OPC-NPC-like
4561,cellranger-arc201_count_651c086adc1acf13d5493f979b7a6fc4#CAAGTTATCAAGCGCC-1,at10_1,0.09694509855519627,OPC-NPC-like
4562,cellranger-arc201_count_651c086adc1acf13d5493f979b7a6fc4#CACAGGCTCCCTCACG-1,at10_1,0.17941086522013186,OPC-NPC-like
4563,cellranger-arc201_count_651c086adc1acf13d5493f979b7a6fc4#CACATACAGCCTGAGC-1,at10_1,0.06584625729473946,OPC-NPC-like
4564,cellranger-arc201_count_651c086adc1acf13d5493f979b7a6fc4#CATAGGTTCCTAAATG-1,at10_1,0.19163086914211652,OPC-NPC-like
4565,cellranger-arc201_count_651c086adc1acf13d5493f979b7a6fc4#CATGAGGCACCCTCAC-1,at10_1,0.17640870168308662,OPC-NPC-like
4566,cellranger-arc201_count_651c086adc1acf13d5493f979b7a6fc4#CATTTGTTCGTGCTTC-1,at10_1,0.05211767510487809,OPC-NPC-like
4567,cellranger-arc201_count_651c086adc1acf13d5493f979b7a6fc4#CCAAACTAGCATTTCT-1,at10_1,0.02856733537737883,OPC-NPC-like
4568,cellranger-arc201_count_651c086adc1acf13d5493f979b7a6fc4#CCACTTGGTTTGACCT-1,at10_1,0.05475347768834716,OPC-NPC-like
4569,cellranger-arc201_count_651c086adc1acf13d5493f979b7a6fc4#CCATAGCCACAGGAAT-1,at10_1,0.1825527824377999,OPC-NPC-like
4570,cellranger-arc201_count_651c086adc1acf13d5493f979b7a6fc4#CCCGCAACACTAGGTC-1,at10_1,0.09821907189203437,OPC-NPC-like
4571,cellranger-arc201_count_651c086adc1acf13d5493f979b7a6fc4#CCCTGGACAAGACTCC-1,at10_1,0.10099448894536762,OPC-NPC-like
4572,cellranger-arc201_count_651c086adc1acf13d5493f979b7a6fc4#CCGTGCTGTCATAGAT-1,at10_1,0.19277199365196157,OPC-NPC-like
4573,cellranger-arc201_count_651c086adc1acf13d5493f979b7a6fc4#CCTCCTCTCGTTTCTG-1,at10_1,0.19473270758236524,OPC-NPC-like
4574,cellranger-arc201_count_651c086adc1acf13d5493f979b7a6fc4#CCTGACTTCCTAACGG-1,at10_1,0.10007093693023864,OPC-NPC-like
4575,cellranger-arc201_count_651c086adc1acf13d5493f979b7a6fc4#CCTGTTGGTCAATACG-1,at10_1,0.1956356285630602,OPC-NPC-like
4576,cellranger-arc201_count_651c086adc1acf13d5493f979b7a6fc4#CCTTCGGTCTGCAAAC-1,at10_1,0.17854430608959992,OPC-NPC-like
4577,cellranger-arc201_count_651c086adc1acf13d5493f979b7a6fc4#CGATATTCAGTAAAGC-1,at10_1,0.1362708571388081,OPC-NPC-like
4578,cellranger-arc201_count_651c086adc1acf13d5493f979b7a6fc4#CGATTCCTCGCTTCTA-1,at10_1,0.0343613915610452,OPC-NPC-like
4579,cellranger-arc201_count_651c086adc1acf13d5493f979b7a6fc4#CGCACCACAGCAACCT-1,at10_1,0.06672001362149431,OPC-NPC-like
4580,cellranger-arc201_count_651c086adc1acf13d5493f979b7a6fc4#CGCTCCATCTGGCTTC-1,at10_1,0.17857188374089125,OPC-NPC-like
4581,cellranger-arc201_count_651c086adc1acf13d5493f979b7a6fc4#CGCTTACTCACAGACT-1,at10_1,0.13981367349927687,OPC-NPC-like
4582,cellranger-arc201_count_651c086adc1acf13d5493f979b7a6fc4#CGGTTCCGTAGTTAAC-1,at10_1,0.18845288241687863,OPC-NPC-like
4583,cellranger-arc201_count_651c086adc1acf13d5493f979b7a6fc4#CGTAACTAGCGATACT-1,at10_1,0.13495477254747412,OPC-NPC-like
4584,cellranger-arc201_count_651c086adc1acf13d5493f979b7a6fc4#CGTTGCGCACTAAATC-1,at10_1,0.06805021418375683,OPC-NPC-like
4585,cellranger-arc201_count_651c086adc1acf13d5493f979b7a6fc4#CGTTTGGAGTCCTTTG-1,at10_1,0.16914192792297542,OPC-NPC-like
4586,cellranger-arc201_count_651c086adc1acf13d5493f979b7a6fc4#CTAATAGTCCCTGACT-1,at10_1,0.14366346350367573,OPC-NPC-like
4587,cellranger-arc201_count_651c086adc1acf13d5493f979b7a6fc4#CTAATGTCAAGCTACC-1,at10_1,0.1691116774251177,OPC-NPC-like
4588,cellranger-arc201_count_651c086adc1acf13d5493f979b7a6fc4#CTGGTAAGTCATTAGG-1,at10_1,0.15612151782297592,OPC-NPC-like
4589,cellranger-arc201_count_651c086adc1acf13d5493f979b7a6fc4#CTGTAACAGGCCCAGT-1,at10_1,0.05517104035895996,OPC-NPC-like
4590,cellranger-arc201_count_651c086adc1acf13d5493f979b7a6fc4#CTGTATTTCATAATCG-1,at10_1,0.2032586008913651,OPC-NPC-like
4591,cellranger-arc201_count_651c086adc1acf13d5493f979b7a6fc4#CTTAGTTTCCAAGTGT-1,at10_1,0.024842368699736085,OPC-NPC-like
4592,cellranger-arc201_count_651c086adc1acf13d5493f979b7a6fc4#CTTCATCCAATGAATG-1,at10_1,0.17902118646447945,OPC-NPC-like
4593,cellranger-arc201_count_651c086adc1acf13d5493f979b7a6fc4#CTTGAACAGTCAATCA-1,at10_1,0.18318908697350153,OPC-NPC-like
4594,cellranger-arc201_count_651c086adc1acf13d5493f979b7a6fc4#CTTTATCAGCACAGAA-1,at10_1,0.08925032131757248,OPC-NPC-like
4595,cellranger-arc201_count_651c086adc1acf13d5493f979b7a6fc4#GACCTCAAGAGCCGGA-1,at10_1,0.3732473269776801,OPC-NPC-like
4596,cellranger-arc201_count_651c086adc1acf13d5493f979b7a6fc4#GATAATCGTCTAACCT-1,at10_1,0.1299977836951167,OPC-NPC-like
4597,cellranger-arc201_count_651c086adc1acf13d5493f979b7a6fc4#GATGCGACAGATTCAT-1,at10_1,0.1824407456192271,OPC-NPC-like
4598,cellranger-arc201_count_651c086adc1acf13d5493f979b7a6fc4#GATGCTTAGGCTACTG-1,at10_1,0.19921303879705704,OPC-NPC-like
4599,cellranger-arc201_count_651c086adc1acf13d5493f979b7a6fc4#GCAATATGTAAAGCAA-1,at10_1,0.06172247267513804,OPC-NPC-like
4600,cellranger-arc201_count_651c086adc1acf13d5493f979b7a6fc4#GCCACTAAGTGAACGA-1,at10_1,0.17260376538512928,OPC-NPC-like
4601,cellranger-arc201_count_651c086adc1acf13d5493f979b7a6fc4#GCCATGATCCTCGATC-1,at10_1,0.0738001196753129,OPC-NPC-like
4602,cellranger-arc201_count_651c086adc1acf13d5493f979b7a6fc4#GCCTCCATCTGTGCCT-1,at10_1,0.0647873019351959,OPC-NPC-like
4603,cellranger-arc201_count_651c086adc1acf13d5493f979b7a6fc4#GCGATTTAGTGCACGC-1,at10_1,0.13261987401885736,OPC-NPC-like
4604,cellranger-arc201_count_651c086adc1acf13d5493f979b7a6fc4#GCGGTTATCAAACTCA-1,at10_1,0.16715924653485453,OPC-NPC-like
4605,cellranger-arc201_count_651c086adc1acf13d5493f979b7a6fc4#GCTGAGGAGAAACTGG-1,at10_1,0.03607482542083395,OPC-NPC-like
4606,cellranger-arc201_count_651c086adc1acf13d5493f979b7a6fc4#GCTTATCGTTTGGCTT-1,at10_1,0.09895551072644301,OPC-NPC-like
4607,cellranger-arc201_count_651c086adc1acf13d5493f979b7a6fc4#GCTTTCATCCTGGTCT-1,at10_1,0.17095763992715463,OPC-NPC-like
4608,cellranger-arc201_count_651c086adc1acf13d5493f979b7a6fc4#GGAAGTATCTAGCTTT-1,at10_1,0.15542421113282773,OPC-NPC-like
4609,cellranger-arc201_count_651c086adc1acf13d5493f979b7a6fc4#GGGAATATCATGCGTG-1,at10_1,0.06276540487635937,OPC-NPC-like
4610,cellranger-arc201_count_651c086adc1acf13d5493f979b7a6fc4#GGTTGCTCATAAGTCT-1,at10_1,0.1801946217914104,OPC-NPC-like
4611,cellranger-arc201_count_651c086adc1acf13d5493f979b7a6fc4#GGTTTCCTCAATGACC-1,at10_1,0.07071373362927591,OPC-NPC-like
4612,cellranger-arc201_count_651c086adc1acf13d5493f979b7a6fc4#GTAGCTGTCAAATCGC-1,at10_1,0.035899914063110515,OPC-NPC-like
4613,cellranger-arc201_count_651c086adc1acf13d5493f979b7a6fc4#GTAGGAGGTATTGAGT-1,at10_1,0.13197271104398,OPC-NPC-like
4614,cellranger-arc201_count_651c086adc1acf13d5493f979b7a6fc4#GTAGGAGGTATTGTGG-1,at10_1,0.16150096956465113,OPC-NPC-like
4615,cellranger-arc201_count_651c086adc1acf13d5493f979b7a6fc4#GTGCTGGGTATTGGTG-1,at10_1,0.04739980857267787,OPC-NPC-like
4616,cellranger-arc201_count_651c086adc1acf13d5493f979b7a6fc4#GTTAATGTCGACCTGA-1,at10_1,0.19782155765883058,OPC-NPC-like
4617,cellranger-arc201_count_651c086adc1acf13d5493f979b7a6fc4#GTTCCTGGTTACAACG-1,at10_1,0.13260861186848144,OPC-NPC-like
4618,cellranger-arc201_count_651c086adc1acf13d5493f979b7a6fc4#GTTCGCGCATTAGGTT-1,at10_1,0.16718782650360828,OPC-NPC-like
4619,cellranger-arc201_count_651c086adc1acf13d5493f979b7a6fc4#GTTGTTGCAGGCTTCG-1,at10_1,0.1919703067349671,OPC-NPC-like
4620,cellranger-arc201_count_651c086adc1acf13d5493f979b7a6fc4#TAAGGCTTCGGTTTGG-1,at10_1,0.053715376100451476,OPC-NPC-like
4621,cellranger-arc201_count_651c086adc1acf13d5493f979b7a6fc4#TAATGGTGTGCTAGAC-1,at10_1,0.06092375790784104,OPC-NPC-like
4622,cellranger-arc201_count_651c086adc1acf13d5493f979b7a6fc4#TACTGAGGTTAAGGTT-1,at10_1,0.16207316754598794,OPC-NPC-like
4623,cellranger-arc201_count_651c086adc1acf13d5493f979b7a6fc4#TATGACTCAGGACCTT-1,at10_1,0.10733764108497051,OPC-NPC-like
4624,cellranger-arc201_count_651c086adc1acf13d5493f979b7a6fc4#TCACCTCAGCGGATTT-1,at10_1,0.06090999692434711,OPC-NPC-like
4625,cellranger-arc201_count_651c086adc1acf13d5493f979b7a6fc4#TCAGTAATCTTGAGGT-1,at10_1,0.11493520744981921,OPC-NPC-like
4626,cellranger-arc201_count_651c086adc1acf13d5493f979b7a6fc4#TCATTGCGTAGCTAGC-1,at10_1,0.173842351347115,OPC-NPC-like
4627,cellranger-arc201_count_651c086adc1acf13d5493f979b7a6fc4#TCCATATTCTTGCATT-1,at10_1,0.13292448107989016,OPC-NPC-like
4628,cellranger-arc201_count_651c086adc1acf13d5493f979b7a6fc4#TCCGGTTTCTCGCCTG-1,at10_1,0.09438917510504861,OPC-NPC-like
4629,cellranger-arc201_count_651c086adc1acf13d5493f979b7a6fc4#TCTCGCCCAGTATGTT-1,at10_1,0.19076745617473043,OPC-NPC-like
4630,cellranger-arc201_count_651c086adc1acf13d5493f979b7a6fc4#TCTTAGTTCCTTCGTA-1,at10_1,0.17039617509531083,OPC-NPC-like
4631,cellranger-arc201_count_651c086adc1acf13d5493f979b7a6fc4#TGAAGGATCACATTGA-1,at10_1,0.10731528383712906,OPC-NPC-like
4632,cellranger-arc201_count_651c086adc1acf13d5493f979b7a6fc4#TGCTTAAAGCGATAGA-1,at10_1,0.0778506515937053,OPC-NPC-like
4633,cellranger-arc201_count_651c086adc1acf13d5493f979b7a6fc4#TGTTGTGCAAGGTATA-1,at10_1,0.08747172290165309,OPC-NPC-like
4634,cellranger-arc201_count_651c086adc1acf13d5493f979b7a6fc4#TTCCACGGTTCTTTAG-1,at10_1,0.18368691856756,OPC-NPC-like
4635,cellranger-arc201_count_651c086adc1acf13d5493f979b7a6fc4#TTGTCCCAGGATTGCT-1,at10_1,0.18864524384320058,OPC-NPC-like
4636,cellranger-arc201_count_651c086adc1acf13d5493f979b7a6fc4#TTGTGAGGTAATCGTG-1,at10_1,0.19995131521348,OPC-NPC-like
4637,cellranger-arc201_count_651c086adc1acf13d5493f979b7a6fc4#TTTAGCAAGTCACTAA-1,at10_1,0.1694508087542992,OPC-NPC-like
4638,cellranger-arc201_count_651c086adc1acf13d5493f979b7a6fc4#TTTGTGAAGGAACACA-1,at10_1,0.18228828199633823,OPC-NPC-like
4639,cellranger-arc201_count_651c086adc1acf13d5493f979b7a6fc4#TTTGTGGCAATCGCAC-1,at10_1,0.15315273702585833,OPC-NPC-like
4640,cellranger-arc201_count_651c086adc1acf13d5493f979b7a6fc4#TTTGTTGGTAGTCAAT-1,at10_1,0.06998080290598561,OPC-NPC-like
4641,cellranger-arc201_count_2f9565d51b615c158b1a36debec1ec4b#AACATTGTCCAAGTGT-1,at10_1,0.05887457554030636,OPC-NPC-like
4642,cellranger-arc201_count_2f9565d51b615c158b1a36debec1ec4b#AACCTCCTCGGGCCAT-1,at10_1,0.1938594802564933,OPC-NPC-like
4643,cellranger-arc201_count_2f9565d51b615c158b1a36debec1ec4b#AAGGATCCAATGCGCT-1,at10_1,0.10873896442383447,OPC-NPC-like
4644,cellranger-arc201_count_2f9565d51b615c158b1a36debec1ec4b#AATCCTAAGCTCCCTG-1,at10_1,0.0731552815201052,OPC-NPC-like
4645,cellranger-arc201_count_2f9565d51b615c158b1a36debec1ec4b#ACTAATCCAAACTGTT-1,at10_1,0.10195539120704616,OPC-NPC-like
4646,cellranger-arc201_count_2f9565d51b615c158b1a36debec1ec4b#ACTTACAAGGTTACGT-1,at10_1,0.1913584058452593,OPC-NPC-like
4647,cellranger-arc201_count_2f9565d51b615c158b1a36debec1ec4b#ACTTAGTCACCAACCG-1,at10_1,0.047065946370711834,OPC-NPC-like
4648,cellranger-arc201_count_2f9565d51b615c158b1a36debec1ec4b#AGAGAGGAGGAGGGTT-1,at10_1,0.06681075119399153,OPC-NPC-like
4649,cellranger-arc201_count_2f9565d51b615c158b1a36debec1ec4b#AGCCTAAGTCGACTAA-1,at10_1,0.127749989338196,OPC-NPC-like
4650,cellranger-arc201_count_2f9565d51b615c158b1a36debec1ec4b#AGCTACTAGATAAAGC-1,at10_1,0.19369803753967063,OPC-NPC-like
4651,cellranger-arc201_count_2f9565d51b615c158b1a36debec1ec4b#AGGATCCGTCATCAAG-1,at10_1,0.06691637735712788,OPC-NPC-like
4652,cellranger-arc201_count_2f9565d51b615c158b1a36debec1ec4b#AGGCTAAAGCTAAAGG-1,at10_1,0.147856561160016,OPC-NPC-like
4653,cellranger-arc201_count_2f9565d51b615c158b1a36debec1ec4b#AGGGCTACAAGGCCAA-1,at10_1,0.09700294062542118,OPC-NPC-like
4654,cellranger-arc201_count_2f9565d51b615c158b1a36debec1ec4b#AGTGATGAGGCCTGGT-1,at10_1,0.18217151201197088,OPC-NPC-like
4655,cellranger-arc201_count_2f9565d51b615c158b1a36debec1ec4b#ATATAGGCAACTGGGA-1,at10_1,0.06303710251404399,OPC-NPC-like
4656,cellranger-arc201_count_2f9565d51b615c158b1a36debec1ec4b#ATCCTTAGTTGTGATG-1,at10_1,0.06246420847891385,OPC-NPC-like
4657,cellranger-arc201_count_2f9565d51b615c158b1a36debec1ec4b#ATTAGCTCAGTTATCG-1,at10_1,0.1832399824268691,OPC-NPC-like
4658,cellranger-arc201_count_2f9565d51b615c158b1a36debec1ec4b#CAAGTTATCCTAGTTT-1,at10_1,0.18568824027626596,OPC-NPC-like
4659,cellranger-arc201_count_2f9565d51b615c158b1a36debec1ec4b#CAATCTAAGTACTGGT-1,at10_1,0.07251807211447228,OPC-NPC-like
4660,cellranger-arc201_count_2f9565d51b615c158b1a36debec1ec4b#CACATAATCCCTGATC-1,at10_1,0.18897737287122127,OPC-NPC-like
4661,cellranger-arc201_count_2f9565d51b615c158b1a36debec1ec4b#CACGCTAAGGATAAAC-1,at10_1,0.13978867124702082,OPC-NPC-like
4662,cellranger-arc201_count_2f9565d51b615c158b1a36debec1ec4b#CATAGACTCTAGCTAA-1,at10_1,0.18923996612528923,OPC-NPC-like
4663,cellranger-arc201_count_2f9565d51b615c158b1a36debec1ec4b#CATCATAAGGAAGCTA-1,at10_1,0.1847400340357776,OPC-NPC-like
4664,cellranger-arc201_count_2f9565d51b615c158b1a36debec1ec4b#CATTATCTCCTAGTAA-1,at10_1,0.05755595035262677,OPC-NPC-like
4665,cellranger-arc201_count_2f9565d51b615c158b1a36debec1ec4b#CCCGTAAAGGGTGGAT-1,at10_1,0.06286150902360309,OPC-NPC-like
4666,cellranger-arc201_count_2f9565d51b615c158b1a36debec1ec4b#CCCTCATAGCTGGCTA-1,at10_1,0.1535374459574264,OPC-NPC-like
4667,cellranger-arc201_count_2f9565d51b615c158b1a36debec1ec4b#CCGCACACAGTAATAG-1,at10_1,0.06267462554063455,OPC-NPC-like
4668,cellranger-arc201_count_2f9565d51b615c158b1a36debec1ec4b#CGCCTGTGTTTAGCGA-1,at10_1,0.17668942017793265,OPC-NPC-like
4669,cellranger-arc201_count_2f9565d51b615c158b1a36debec1ec4b#CTAATCTTCATGGTTA-1,at10_1,0.12680971811095149,OPC-NPC-like
4670,cellranger-arc201_count_2f9565d51b615c158b1a36debec1ec4b#CTCATCATCATAGACC-1,at10_1,0.18313025650689008,OPC-NPC-like
4671,cellranger-arc201_count_2f9565d51b615c158b1a36debec1ec4b#CTTAAGGGTTAAGCGC-1,at10_1,0.15685802626276393,OPC-NPC-like
4672,cellranger-arc201_count_2f9565d51b615c158b1a36debec1ec4b#CTTCACTCACCCACCT-1,at10_1,0.14871404374908298,OPC-NPC-like
4673,cellranger-arc201_count_2f9565d51b615c158b1a36debec1ec4b#CTTGAATCAAAGCGGC-1,at10_1,0.05658341007152391,OPC-NPC-like
4674,cellranger-arc201_count_2f9565d51b615c158b1a36debec1ec4b#CTTGTTCCAAGGTCGA-1,at10_1,0.16453733718510014,OPC-NPC-like
4675,cellranger-arc201_count_2f9565d51b615c158b1a36debec1ec4b#CTTTGGTGTCAGTAAT-1,at10_1,0.07371084381578165,OPC-NPC-like
4676,cellranger-arc201_count_2f9565d51b615c158b1a36debec1ec4b#GACCGAACACTTCACT-1,at10_1,0.18651600136835822,OPC-NPC-like
4677,cellranger-arc201_count_2f9565d51b615c158b1a36debec1ec4b#GAGATAAGTATGTGGC-1,at10_1,0.16454624667365464,OPC-NPC-like
4678,cellranger-arc201_count_2f9565d51b615c158b1a36debec1ec4b#GATAATCGTGCATTAG-1,at10_1,0.07130616589438454,OPC-NPC-like
4679,cellranger-arc201_count_2f9565d51b615c158b1a36debec1ec4b#GATTCCTGTTCCGCAC-1,at10_1,0.061674361436943756,OPC-NPC-like
4680,cellranger-arc201_count_2f9565d51b615c158b1a36debec1ec4b#GCAATAGAGCCGCTTT-1,at10_1,0.16310304873858453,OPC-NPC-like
4681,cellranger-arc201_count_2f9565d51b615c158b1a36debec1ec4b#GCAATATGTTTAACCC-1,at10_1,0.07209508718480953,OPC-NPC-like
4682,cellranger-arc201_count_2f9565d51b615c158b1a36debec1ec4b#GCACTTACATAAACCT-1,at10_1,0.171849785995129,OPC-NPC-like
4683,cellranger-arc201_count_2f9565d51b615c158b1a36debec1ec4b#GCATGAAAGAAAGGAA-1,at10_1,0.042735113589749386,OPC-NPC-like
4684,cellranger-arc201_count_2f9565d51b615c158b1a36debec1ec4b#GCGCTAGGTAGGATCC-1,at10_1,0.06643501439581935,OPC-NPC-like
4685,cellranger-arc201_count_2f9565d51b615c158b1a36debec1ec4b#GGACGGATCACAGACT-1,at10_1,0.17195952583618387,OPC-NPC-like
4686,cellranger-arc201_count_2f9565d51b615c158b1a36debec1ec4b#GGTGAGTAGTAGCCAT-1,at10_1,0.052457008289659615,OPC-NPC-like
4687,cellranger-arc201_count_2f9565d51b615c158b1a36debec1ec4b#GTCATCACAACTAGGG-1,at10_1,0.20845973757226752,OPC-NPC-like
4688,cellranger-arc201_count_2f9565d51b615c158b1a36debec1ec4b#GTCTAATCATTAGCGC-1,at10_1,0.16311620415527828,OPC-NPC-like
4689,cellranger-arc201_count_2f9565d51b615c158b1a36debec1ec4b#GTGCATTAGTTTGTCT-1,at10_1,0.0680846966886779,OPC-NPC-like
4690,cellranger-arc201_count_2f9565d51b615c158b1a36debec1ec4b#GTTGCCCGTTTCCACG-1,at10_1,0.16942987145619612,OPC-NPC-like
4691,cellranger-arc201_count_2f9565d51b615c158b1a36debec1ec4b#GTTGTGAGTTTCGCCA-1,at10_1,0.10135686847124599,OPC-NPC-like
4692,cellranger-arc201_count_2f9565d51b615c158b1a36debec1ec4b#GTTTAACCAGGCCAAA-1,at10_1,0.0594873882604834,OPC-NPC-like
4693,cellranger-arc201_count_2f9565d51b615c158b1a36debec1ec4b#TAATTGCCAGGGAGGA-1,at10_1,0.07701370259154122,OPC-NPC-like
4694,cellranger-arc201_count_2f9565d51b615c158b1a36debec1ec4b#TACAGGTTCTTTGACT-1,at10_1,0.17183419439015862,OPC-NPC-like
4695,cellranger-arc201_count_2f9565d51b615c158b1a36debec1ec4b#TACCGCAAGCTATGAC-1,at10_1,0.1857557435731422,OPC-NPC-like
4696,cellranger-arc201_count_2f9565d51b615c158b1a36debec1ec4b#TACTGGCCATAATGTC-1,at10_1,0.09660096955977876,OPC-NPC-like
4697,cellranger-arc201_count_2f9565d51b615c158b1a36debec1ec4b#TATAGCTCAACATAAG-1,at10_1,0.1565082870737722,OPC-NPC-like
4698,cellranger-arc201_count_2f9565d51b615c158b1a36debec1ec4b#TATCCGGAGGCTTAAC-1,at10_1,0.1031039217292521,OPC-NPC-like
4699,cellranger-arc201_count_2f9565d51b615c158b1a36debec1ec4b#TATTCGTTCGGTTACG-1,at10_1,0.14729041884668104,OPC-NPC-like
4700,cellranger-arc201_count_2f9565d51b615c158b1a36debec1ec4b#TCAAACCAGACACCGC-1,at10_1,0.17676020884871332,OPC-NPC-like
4701,cellranger-arc201_count_2f9565d51b615c158b1a36debec1ec4b#TCGTTAAAGTTTGAGC-1,at10_1,0.06787762068516515,OPC-NPC-like
4702,cellranger-arc201_count_2f9565d51b615c158b1a36debec1ec4b#TCGTTAGCACCTATAG-1,at10_1,0.15011822090849958,OPC-NPC-like
4703,cellranger-arc201_count_2f9565d51b615c158b1a36debec1ec4b#TCTAACTTCCTGGTCT-1,at10_1,0.13936391138018508,OPC-NPC-like
4704,cellranger-arc201_count_2f9565d51b615c158b1a36debec1ec4b#TCTTGACGTCAAGTAT-1,at10_1,0.10253725041503425,OPC-NPC-like
4705,cellranger-arc201_count_2f9565d51b615c158b1a36debec1ec4b#TGCAATATCTAAGTCA-1,at10_1,0.06656773793312966,OPC-NPC-like
4706,cellranger-arc201_count_2f9565d51b615c158b1a36debec1ec4b#TGGATTGGTTGCTGGG-1,at10_1,0.06090925214678825,OPC-NPC-like
4707,cellranger-arc201_count_2f9565d51b615c158b1a36debec1ec4b#TGTGGCCAGAGGCTAA-1,at10_1,0.16120219543440636,OPC-NPC-like
4708,cellranger-arc201_count_2f9565d51b615c158b1a36debec1ec4b#TTACGTTTCTCCATAT-1,at10_1,0.05894995120558501,OPC-NPC-like
4709,cellranger-arc201_count_2f9565d51b615c158b1a36debec1ec4b#TTAGCCTGTTGAATCG-1,at10_1,0.1620931999741597,OPC-NPC-like
4710,cellranger-arc201_count_2f9565d51b615c158b1a36debec1ec4b#TTCAGTTTCATTTGTC-1,at10_1,0.1796370966240368,OPC-NPC-like
4711,cellranger-arc201_count_2f9565d51b615c158b1a36debec1ec4b#TTGCAAGGTACAATGT-1,at10_1,0.12718899782293167,OPC-NPC-like
4712,cellranger-arc201_count_2f9565d51b615c158b1a36debec1ec4b#TTGCGTCTCATAGACC-1,at10_1,0.16996240829238954,OPC-NPC-like
4713,cellranger-arc201_count_2f9565d51b615c158b1a36debec1ec4b#TTGCGTCTCGTCAAGT-1,at10_1,0.1686095163764648,OPC-NPC-like
4714,cellranger-arc201_count_a166708bcbeb284b79da9df9facb9573#AACTTAGTCTAAGTGC-1,at10_1,0.06107956258893784,OPC-NPC-like
4715,cellranger-arc201_count_a166708bcbeb284b79da9df9facb9573#AATAACCGTAATTAGC-1,at10_1,0.11036852380152815,OPC-NPC-like
4716,cellranger-arc201_count_a166708bcbeb284b79da9df9facb9573#ACACTTAAGTCACCAG-1,at10_1,0.06155358914326477,OPC-NPC-like
4717,cellranger-arc201_count_a166708bcbeb284b79da9df9facb9573#ACGAACAAGGCATGAA-1,at10_1,0.1957866304729831,OPC-NPC-like
4718,cellranger-arc201_count_a166708bcbeb284b79da9df9facb9573#ACGGGAAGTTTGACCT-1,at10_1,0.19096807279904118,OPC-NPC-like
4719,cellranger-arc201_count_a166708bcbeb284b79da9df9facb9573#ACGGTACGTTCATTTG-1,at10_1,0.18500734653456433,OPC-NPC-like
4720,cellranger-arc201_count_a166708bcbeb284b79da9df9facb9573#ACGTCAAGTCTCAGCC-1,at10_1,0.04488617039047441,OPC-NPC-like
4721,cellranger-arc201_count_a166708bcbeb284b79da9df9facb9573#ACTTACTTCCTGATGG-1,at10_1,0.11202859817752096,OPC-NPC-like
4722,cellranger-arc201_count_a166708bcbeb284b79da9df9facb9573#AGCGCTCAGTCATTGA-1,at10_1,0.15835515444574047,OPC-NPC-like
4723,cellranger-arc201_count_a166708bcbeb284b79da9df9facb9573#AGCTCATAGTCCTTCA-1,at10_1,0.19848079020648415,OPC-NPC-like
4724,cellranger-arc201_count_a166708bcbeb284b79da9df9facb9573#AGCTTCCTCCTCCTAA-1,at10_1,0.1869841253865178,OPC-NPC-like
4725,cellranger-arc201_count_a166708bcbeb284b79da9df9facb9573#AGGTAACCACTTCATC-1,at10_1,0.18121876750075003,OPC-NPC-like
4726,cellranger-arc201_count_a166708bcbeb284b79da9df9facb9573#AGGTCAAAGGCTTAAC-1,at10_1,0.14317715856043467,OPC-NPC-like
4727,cellranger-arc201_count_a166708bcbeb284b79da9df9facb9573#AGGTTAACAGCTTAAT-1,at10_1,0.04722399930556105,OPC-NPC-like
4728,cellranger-arc201_count_a166708bcbeb284b79da9df9facb9573#AGTAGGATCAGGCCTA-1,at10_1,0.0429819690675504,OPC-NPC-like
4729,cellranger-arc201_count_a166708bcbeb284b79da9df9facb9573#AGTCAATGTAATGGAA-1,at10_1,0.1818202693467856,OPC-NPC-like
4730,cellranger-arc201_count_a166708bcbeb284b79da9df9facb9573#AGTGGACAGCAGCTCA-1,at10_1,0.11369763772637174,OPC-NPC-like
4731,cellranger-arc201_count_a166708bcbeb284b79da9df9facb9573#AGTTTGATCCCTTGCG-1,at10_1,0.19935323795210755,OPC-NPC-like
4732,cellranger-arc201_count_a166708bcbeb284b79da9df9facb9573#ATGACCAGTAACAGGG-1,at10_1,0.05811580033967007,OPC-NPC-like
4733,cellranger-arc201_count_a166708bcbeb284b79da9df9facb9573#ATGCAAACAGCTCATA-1,at10_1,0.18357747106909833,OPC-NPC-like
4734,cellranger-arc201_count_a166708bcbeb284b79da9df9facb9573#ATTCCGGAGAAACTGG-1,at10_1,0.1201275738529258,OPC-NPC-like
4735,cellranger-arc201_count_a166708bcbeb284b79da9df9facb9573#ATTCCTCCAAATACCT-1,at10_1,0.17816775490848957,OPC-NPC-like
4736,cellranger-arc201_count_a166708bcbeb284b79da9df9facb9573#CAAGTAACATTGGGAG-1,at10_1,0.05885152919920953,OPC-NPC-like
4737,cellranger-arc201_count_a166708bcbeb284b79da9df9facb9573#CAATAGCTCATCCTCA-1,at10_1,0.1267229480450762,OPC-NPC-like
4738,cellranger-arc201_count_a166708bcbeb284b79da9df9facb9573#CAGGCTATCAGGGCCT-1,at10_1,0.05724100689276317,OPC-NPC-like
4739,cellranger-arc201_count_a166708bcbeb284b79da9df9facb9573#CAGGCTGGTCCTTCAG-1,at10_1,0.04005825775355028,OPC-NPC-like
4740,cellranger-arc201_count_a166708bcbeb284b79da9df9facb9573#CATGCGGGTTTACCGT-1,at10_1,0.20653102819528074,OPC-NPC-like
4741,cellranger-arc201_count_a166708bcbeb284b79da9df9facb9573#CATTGTGCATTTGCTC-1,at10_1,0.09225787231097801,OPC-NPC-like
4742,cellranger-arc201_count_a166708bcbeb284b79da9df9facb9573#CCAGACTCATCAGCAC-1,at10_1,0.16625099378210273,OPC-NPC-like
4743,cellranger-arc201_count_a166708bcbeb284b79da9df9facb9573#CCATTGTGTACTGATG-1,at10_1,0.14435332241823537,OPC-NPC-like
4744,cellranger-arc201_count_a166708bcbeb284b79da9df9facb9573#CCGTGCTGTTAATGAC-1,at10_1,0.18221546084848106,OPC-NPC-like
4745,cellranger-arc201_count_a166708bcbeb284b79da9df9facb9573#CCTGTTGGTAGCTGCG-1,at10_1,0.046160164608926316,OPC-NPC-like
4746,cellranger-arc201_count_a166708bcbeb284b79da9df9facb9573#CGAATATGTCTTTGAC-1,at10_1,0.19216838972347014,OPC-NPC-like
4747,cellranger-arc201_count_a166708bcbeb284b79da9df9facb9573#CGCAATCCAGCACGTT-1,at10_1,0.04802998783499825,OPC-NPC-like
4748,cellranger-arc201_count_a166708bcbeb284b79da9df9facb9573#CGCTTACTCCTTGCAC-1,at10_1,0.16426474859856008,OPC-NPC-like
4749,cellranger-arc201_count_a166708bcbeb284b79da9df9facb9573#CGGTGAACAGTTAAAG-1,at10_1,0.06666518546419448,OPC-NPC-like
4750,cellranger-arc201_count_a166708bcbeb284b79da9df9facb9573#CGTCAATAGGCGCACT-1,at10_1,0.09073469779505541,OPC-NPC-like
4751,cellranger-arc201_count_a166708bcbeb284b79da9df9facb9573#CTAGGCGGTCTTTATG-1,at10_1,0.11415356688207234,OPC-NPC-like
4752,cellranger-arc201_count_a166708bcbeb284b79da9df9facb9573#CTCCTAATCCAATAGC-1,at10_1,0.053746858613523345,OPC-NPC-like
4753,cellranger-arc201_count_a166708bcbeb284b79da9df9facb9573#CTGGTAAGTAATCCCT-1,at10_1,0.10058245294187379,OPC-NPC-like
4754,cellranger-arc201_count_a166708bcbeb284b79da9df9facb9573#CTTGAACAGCTCGCTT-1,at10_1,0.17613846575836797,OPC-NPC-like
4755,cellranger-arc201_count_a166708bcbeb284b79da9df9facb9573#CTTTAGTTCTGTGAGT-1,at10_1,0.06831465894091504,OPC-NPC-like
4756,cellranger-arc201_count_a166708bcbeb284b79da9df9facb9573#GAAAGGCTCTCCATAT-1,at10_1,0.1615479671167761,OPC-NPC-like
4757,cellranger-arc201_count_a166708bcbeb284b79da9df9facb9573#GAAGTGATCCTAAGTA-1,at10_1,0.4295272297531647,OPC-NPC-like
4758,cellranger-arc201_count_a166708bcbeb284b79da9df9facb9573#GACTAATGTCTCACTG-1,at10_1,0.07668206776171382,OPC-NPC-like
4759,cellranger-arc201_count_a166708bcbeb284b79da9df9facb9573#GAGCATGCACAACAAA-1,at10_1,0.06536664142845218,OPC-NPC-like
4760,cellranger-arc201_count_a166708bcbeb284b79da9df9facb9573#GAGGTGAGTCCGTGAG-1,at10_1,0.11914153012823253,OPC-NPC-like
4761,cellranger-arc201_count_a166708bcbeb284b79da9df9facb9573#GAGTATCTCCTTGCGT-1,at10_1,0.17943411341682874,OPC-NPC-like
4762,cellranger-arc201_count_a166708bcbeb284b79da9df9facb9573#GATGGCTGTTCAAGAT-1,at10_1,0.1761633984052447,OPC-NPC-like
4763,cellranger-arc201_count_a166708bcbeb284b79da9df9facb9573#GCAAACAAGGGCCACT-1,at10_1,0.13058926236652846,OPC-NPC-like
4764,cellranger-arc201_count_a166708bcbeb284b79da9df9facb9573#GCACTAAGTAAAGCAA-1,at10_1,0.15410464627252715,OPC-NPC-like
4765,cellranger-arc201_count_a166708bcbeb284b79da9df9facb9573#GCATATATCTGGCATG-1,at10_1,0.18611909757433118,OPC-NPC-like
4766,cellranger-arc201_count_a166708bcbeb284b79da9df9facb9573#GCCACAATCATTGCAA-1,at10_1,0.0496989160152421,OPC-NPC-like
4767,cellranger-arc201_count_a166708bcbeb284b79da9df9facb9573#GCCTTTATCGAGCTAT-1,at10_1,0.06732214191594389,OPC-NPC-like
4768,cellranger-arc201_count_a166708bcbeb284b79da9df9facb9573#GCTGACCAGGCTAGAA-1,at10_1,0.0649131066978006,OPC-NPC-like
4769,cellranger-arc201_count_a166708bcbeb284b79da9df9facb9573#GGACAGCCACACCAAC-1,at10_1,0.06475989133681495,OPC-NPC-like
4770,cellranger-arc201_count_a166708bcbeb284b79da9df9facb9573#GGACATAAGGATCCGC-1,at10_1,0.18148503591884674,OPC-NPC-like
4771,cellranger-arc201_count_a166708bcbeb284b79da9df9facb9573#GGCCTAATCTCATCAT-1,at10_1,0.18990305481095782,OPC-NPC-like
4772,cellranger-arc201_count_a166708bcbeb284b79da9df9facb9573#GGTCAATTCAAACTCA-1,at10_1,0.03366356283055203,OPC-NPC-like
4773,cellranger-arc201_count_a166708bcbeb284b79da9df9facb9573#GTATTCAAGGCGGATG-1,at10_1,0.0697747013777835,OPC-NPC-like
4774,cellranger-arc201_count_a166708bcbeb284b79da9df9facb9573#GTCGCAATCTTTAGGA-1,at10_1,0.161086051898453,OPC-NPC-like
4775,cellranger-arc201_count_a166708bcbeb284b79da9df9facb9573#GTCTATGCACAACCTA-1,at10_1,0.14197913861352363,OPC-NPC-like
4776,cellranger-arc201_count_a166708bcbeb284b79da9df9facb9573#GTTGGAGCACCTGCCT-1,at10_1,0.07474745584855963,OPC-NPC-like
4777,cellranger-arc201_count_a166708bcbeb284b79da9df9facb9573#TACGTAATCATTTGTC-1,at10_1,0.182544332344749,OPC-NPC-like
4778,cellranger-arc201_count_a166708bcbeb284b79da9df9facb9573#TACTAAGTCATTACAG-1,at10_1,0.20126515851159948,OPC-NPC-like
4779,cellranger-arc201_count_a166708bcbeb284b79da9df9facb9573#TCAAACCAGCTCCCTG-1,at10_1,0.1677521451560047,OPC-NPC-like
4780,cellranger-arc201_count_a166708bcbeb284b79da9df9facb9573#TCAGGTCCAGTAAGTA-1,at10_1,0.17309552739011003,OPC-NPC-like
4781,cellranger-arc201_count_a166708bcbeb284b79da9df9facb9573#TCAGGTTAGCTTACTT-1,at10_1,0.06710924690271897,OPC-NPC-like
4782,cellranger-arc201_count_a166708bcbeb284b79da9df9facb9573#TCCGGTAAGTTGGATC-1,at10_1,0.05091828393199423,OPC-NPC-like
4783,cellranger-arc201_count_a166708bcbeb284b79da9df9facb9573#TCTAACTTCACGTTAA-1,at10_1,0.1866304465330559,OPC-NPC-like
4784,cellranger-arc201_count_a166708bcbeb284b79da9df9facb9573#TCTTGACGTTGGCCGA-1,at10_1,0.18309690160911418,OPC-NPC-like
4785,cellranger-arc201_count_a166708bcbeb284b79da9df9facb9573#TGAAGTGAGCTAAAGG-1,at10_1,0.17122878072180459,OPC-NPC-like
4786,cellranger-arc201_count_a166708bcbeb284b79da9df9facb9573#TGGCTATAGGGATTAG-1,at10_1,0.07313758087214106,OPC-NPC-like
4787,cellranger-arc201_count_a166708bcbeb284b79da9df9facb9573#TGGTCAGTCATGCTCC-1,at10_1,0.14886841455936556,OPC-NPC-like
4788,cellranger-arc201_count_a166708bcbeb284b79da9df9facb9573#TGGTCAGTCATGTTTC-1,at10_1,0.19135133393871917,OPC-NPC-like
4789,cellranger-arc201_count_a166708bcbeb284b79da9df9facb9573#TGTAACTCACTATGGC-1,at10_1,0.054476309067847055,OPC-NPC-like
4790,cellranger-arc201_count_a166708bcbeb284b79da9df9facb9573#TGTGCGCAGTCGCAAT-1,at10_1,0.044492628536269105,OPC-NPC-like
4791,cellranger-arc201_count_a166708bcbeb284b79da9df9facb9573#TTAGGCGTCGATAACC-1,at10_1,0.1487254451102176,OPC-NPC-like
4792,cellranger-arc201_count_a166708bcbeb284b79da9df9facb9573#TTCAGTTTCCATTACT-1,at10_1,0.17723605906397874,OPC-NPC-like
4793,cellranger-arc201_count_a166708bcbeb284b79da9df9facb9573#TTCCCGCCATTGTGTG-1,at10_1,0.14704568633294965,OPC-NPC-like
4794,cellranger-arc201_count_a166708bcbeb284b79da9df9facb9573#TTGCTCTCATAAACCT-1,at10_1,0.1708158537694553,OPC-NPC-like
4795,cellranger-arc201_count_a166708bcbeb284b79da9df9facb9573#TTGTGCGAGCATGAAG-1,at10_1,0.19133886065474287,OPC-NPC-like
4796,cellranger-arc201_count_a166708bcbeb284b79da9df9facb9573#TTTCCACCATCTTGAG-1,at10_1,0.19446340436972964,OPC-NPC-like
4797,cellranger-arc201_count_2f9d72acefae69161ec2c2137f20c0cd#AACCGCTCAATTGAGA-1,at10_1,0.16256420565502364,OPC-NPC-like
4798,cellranger-arc201_count_2f9d72acefae69161ec2c2137f20c0cd#AAGACCAAGACAACAG-1,at10_1,0.18048142379641005,OPC-NPC-like
4799,cellranger-arc201_count_2f9d72acefae69161ec2c2137f20c0cd#AAGGCCCTCACCTGCT-1,at10_1,0.17306551355054206,OPC-NPC-like
4800,cellranger-arc201_count_2f9d72acefae69161ec2c2137f20c0cd#AATTCGTCAAGCCAGA-1,at10_1,0.11191433398680951,OPC-NPC-like
4801,cellranger-arc201_count_2f9d72acefae69161ec2c2137f20c0cd#AATTGGGAGTAACTCA-1,at10_1,0.1923927139399814,OPC-NPC-like
4802,cellranger-arc201_count_2f9d72acefae69161ec2c2137f20c0cd#ACACTTGCAAGCGAGC-1,at10_1,0.06522904551458863,OPC-NPC-like
4803,cellranger-arc201_count_2f9d72acefae69161ec2c2137f20c0cd#ACATAGCTCCTTAATC-1,at10_1,0.08273972647744848,OPC-NPC-like
4804,cellranger-arc201_count_2f9d72acefae69161ec2c2137f20c0cd#ACCAGGGAGTTTCCTG-1,at10_1,0.10814697067261564,OPC-NPC-like
4805,cellranger-arc201_count_2f9d72acefae69161ec2c2137f20c0cd#ACGTCCAAGGCTGTCA-1,at10_1,0.1677535929478948,OPC-NPC-like
4806,cellranger-arc201_count_2f9d72acefae69161ec2c2137f20c0cd#ACTATGTCATAGCGGA-1,at10_1,0.057165798280394926,OPC-NPC-like
4807,cellranger-arc201_count_2f9d72acefae69161ec2c2137f20c0cd#ACTTAGTCATTAAAGG-1,at10_1,0.1932782892601468,OPC-NPC-like
4808,cellranger-arc201_count_2f9d72acefae69161ec2c2137f20c0cd#ACTTTGTTCGTTAGTA-1,at10_1,0.10062565004028724,OPC-NPC-like
4809,cellranger-arc201_count_2f9d72acefae69161ec2c2137f20c0cd#AGCGGATAGTGAACGA-1,at10_1,0.13857738451480917,OPC-NPC-like
4810,cellranger-arc201_count_2f9d72acefae69161ec2c2137f20c0cd#AGGCCCAGTATTCGCT-1,at10_1,0.06686513387686364,OPC-NPC-like
4811,cellranger-arc201_count_2f9d72acefae69161ec2c2137f20c0cd#AGGTTACTCGTCAAGT-1,at10_1,0.05303787214072325,OPC-NPC-like
4812,cellranger-arc201_count_2f9d72acefae69161ec2c2137f20c0cd#ATGGCTGTCAAGGACA-1,at10_1,0.10515158669951734,OPC-NPC-like
4813,cellranger-arc201_count_2f9d72acefae69161ec2c2137f20c0cd#ATGTCCACATCCTGAA-1,at10_1,0.16065352407128378,OPC-NPC-like
4814,cellranger-arc201_count_2f9d72acefae69161ec2c2137f20c0cd#ATGTTGTCACCTACGG-1,at10_1,0.051543138382795714,OPC-NPC-like
4815,cellranger-arc201_count_2f9d72acefae69161ec2c2137f20c0cd#ATTATGGTCAAACTCA-1,at10_1,0.1740303554766908,OPC-NPC-like
4816,cellranger-arc201_count_2f9d72acefae69161ec2c2137f20c0cd#ATTATGGTCCTAACGG-1,at10_1,0.15707703262829417,OPC-NPC-like
4817,cellranger-arc201_count_2f9d72acefae69161ec2c2137f20c0cd#CAATAGCTCATGCTTT-1,at10_1,0.05431134431883017,OPC-NPC-like
4818,cellranger-arc201_count_2f9d72acefae69161ec2c2137f20c0cd#CAGCATGTCCATTACT-1,at10_1,0.11864833425243757,OPC-NPC-like
4819,cellranger-arc201_count_2f9d72acefae69161ec2c2137f20c0cd#CATCAATCAATAAGCA-1,at10_1,0.18998326805010002,OPC-NPC-like
4820,cellranger-arc201_count_2f9d72acefae69161ec2c2137f20c0cd#CATCATAAGGTCCTAG-1,at10_1,0.14354396498843852,OPC-NPC-like
4821,cellranger-arc201_count_2f9d72acefae69161ec2c2137f20c0cd#CATGGCGGTAGGATCC-1,at10_1,0.18761956681551567,OPC-NPC-like
4822,cellranger-arc201_count_2f9d72acefae69161ec2c2137f20c0cd#CCAAACCCAAACAACA-1,at10_1,0.1880781409756309,OPC-NPC-like
4823,cellranger-arc201_count_2f9d72acefae69161ec2c2137f20c0cd#CCAAGGCTCGCATTAA-1,at10_1,0.07396091506210781,OPC-NPC-like
4824,cellranger-arc201_count_2f9d72acefae69161ec2c2137f20c0cd#CCAGGAACATGAGCAG-1,at10_1,0.18649273925058546,OPC-NPC-like
4825,cellranger-arc201_count_2f9d72acefae69161ec2c2137f20c0cd#CCATCACTCCTTTACG-1,at10_1,0.11641015935894057,OPC-NPC-like
4826,cellranger-arc201_count_2f9d72acefae69161ec2c2137f20c0cd#CCCTGGACACCAGCAT-1,at10_1,0.10015326617291255,OPC-NPC-like
4827,cellranger-arc201_count_2f9d72acefae69161ec2c2137f20c0cd#CCTTATGTCAGCACCA-1,at10_1,0.05026769637245371,OPC-NPC-like
4828,cellranger-arc201_count_2f9d72acefae69161ec2c2137f20c0cd#CGGCTCACAATTAACC-1,at10_1,0.1220019214286543,OPC-NPC-like
4829,cellranger-arc201_count_2f9d72acefae69161ec2c2137f20c0cd#CGGTGAACAGGAACCA-1,at10_1,0.04820899894956434,OPC-NPC-like
4830,cellranger-arc201_count_2f9d72acefae69161ec2c2137f20c0cd#CTAAGGTTCATTGTCT-1,at10_1,0.056380419903777935,OPC-NPC-like
4831,cellranger-arc201_count_2f9d72acefae69161ec2c2137f20c0cd#CTCCGTCCACATAACT-1,at10_1,0.15956220917088879,OPC-NPC-like
4832,cellranger-arc201_count_2f9d72acefae69161ec2c2137f20c0cd#CTCCTCACATAACGGG-1,at10_1,0.05418389686927324,OPC-NPC-like
4833,cellranger-arc201_count_2f9d72acefae69161ec2c2137f20c0cd#CTCTCACAGAGAAGGG-1,at10_1,0.04909655802304073,OPC-NPC-like
4834,cellranger-arc201_count_2f9d72acefae69161ec2c2137f20c0cd#CTGGCTAAGCTAATTG-1,at10_1,0.10116328199024777,OPC-NPC-like
4835,cellranger-arc201_count_2f9d72acefae69161ec2c2137f20c0cd#CTGGTTTGTAACGAGG-1,at10_1,0.1476593551992925,OPC-NPC-like
4836,cellranger-arc201_count_2f9d72acefae69161ec2c2137f20c0cd#CTTAACAAGGCATTAC-1,at10_1,0.06304588671291568,OPC-NPC-like
4837,cellranger-arc201_count_2f9d72acefae69161ec2c2137f20c0cd#GATCAGTTCCTTCTAG-1,at10_1,0.136145929403983,OPC-NPC-like
4838,cellranger-arc201_count_2f9d72acefae69161ec2c2137f20c0cd#GCAATGTTCGAAGCGG-1,at10_1,0.1071284629990019,OPC-NPC-like
4839,cellranger-arc201_count_2f9d72acefae69161ec2c2137f20c0cd#GCTCTGGCAGTTATGT-1,at10_1,0.05404506197965759,OPC-NPC-like
4840,cellranger-arc201_count_2f9d72acefae69161ec2c2137f20c0cd#GCTTAGTAGCGCTCAA-1,at10_1,0.13804765973594071,OPC-NPC-like
4841,cellranger-arc201_count_2f9d72acefae69161ec2c2137f20c0cd#GGCAAATCATCGCTCC-1,at10_1,0.198013348321042,OPC-NPC-like
4842,cellranger-arc201_count_2f9d72acefae69161ec2c2137f20c0cd#GGTCAGGAGGAAACTG-1,at10_1,0.057865408908598995,OPC-NPC-like
4843,cellranger-arc201_count_2f9d72acefae69161ec2c2137f20c0cd#GGTCCATCACTCAACA-1,at10_1,0.16874605428856249,OPC-NPC-like
4844,cellranger-arc201_count_2f9d72acefae69161ec2c2137f20c0cd#GGTTAATGTTAAGTGT-1,at10_1,0.1467511302886924,OPC-NPC-like
4845,cellranger-arc201_count_2f9d72acefae69161ec2c2137f20c0cd#GTAAAGCCAATAACCT-1,at10_1,0.10739388223147078,OPC-NPC-like
4846,cellranger-arc201_count_2f9d72acefae69161ec2c2137f20c0cd#GTCATCACATGAATCT-1,at10_1,0.1756908614060355,OPC-NPC-like
4847,cellranger-arc201_count_2f9d72acefae69161ec2c2137f20c0cd#GTCATGAGTCTAGCTT-1,at10_1,0.12845950481187904,OPC-NPC-like
4848,cellranger-arc201_count_2f9d72acefae69161ec2c2137f20c0cd#GTGAGGAGTGCATCGG-1,at10_1,0.08615793528783708,OPC-NPC-like
4849,cellranger-arc201_count_2f9d72acefae69161ec2c2137f20c0cd#GTTAACGGTTAACGGC-1,at10_1,0.06725955971938646,OPC-NPC-like
4850,cellranger-arc201_count_2f9d72acefae69161ec2c2137f20c0cd#GTTACTAAGGCGCACT-1,at10_1,0.15761605668584136,OPC-NPC-like
4851,cellranger-arc201_count_2f9d72acefae69161ec2c2137f20c0cd#GTTCCCAGTGTGTCCC-1,at10_1,0.08921820539554869,OPC-NPC-like
4852,cellranger-arc201_count_2f9d72acefae69161ec2c2137f20c0cd#TAAAGCCTCGCCTGTT-1,at10_1,0.15751419617372686,OPC-NPC-like
4853,cellranger-arc201_count_2f9d72acefae69161ec2c2137f20c0cd#TAAGCCTAGGTTTGAC-1,at10_1,0.17655616763973944,OPC-NPC-like
4854,cellranger-arc201_count_2f9d72acefae69161ec2c2137f20c0cd#TACGTACAGCAGCTAT-1,at10_1,0.20346844718897528,OPC-NPC-like
4855,cellranger-arc201_count_2f9d72acefae69161ec2c2137f20c0cd#TAGCTAGGTGTTTGAG-1,at10_1,0.04433579369555819,OPC-NPC-like
4856,cellranger-arc201_count_2f9d72acefae69161ec2c2137f20c0cd#TATCACGCAAATGCCC-1,at10_1,0.062004395343046526,OPC-NPC-like
4857,cellranger-arc201_count_2f9d72acefae69161ec2c2137f20c0cd#TATGGCCCAGCTACGT-1,at10_1,0.1559919126066597,OPC-NPC-like
4858,cellranger-arc201_count_2f9d72acefae69161ec2c2137f20c0cd#TATTTGGAGCACTAAC-1,at10_1,0.16462364785547184,OPC-NPC-like
4859,cellranger-arc201_count_2f9d72acefae69161ec2c2137f20c0cd#TCAACAATCATCCTGC-1,at10_1,0.07043739331278986,OPC-NPC-like
4860,cellranger-arc201_count_2f9d72acefae69161ec2c2137f20c0cd#TCAAGGTTCATGTGGT-1,at10_1,0.18328155075940616,OPC-NPC-like
4861,cellranger-arc201_count_2f9d72acefae69161ec2c2137f20c0cd#TCGTTATTCCTTGTTG-1,at10_1,0.1861347866268326,OPC-NPC-like
4862,cellranger-arc201_count_2f9d72acefae69161ec2c2137f20c0cd#TGATTGCAGGCTATGT-1,at10_1,0.12031985175279257,OPC-NPC-like
4863,cellranger-arc201_count_2f9d72acefae69161ec2c2137f20c0cd#TGCTTGTGTCAATAGT-1,at10_1,0.13963075056239233,OPC-NPC-like
4864,cellranger-arc201_count_2f9d72acefae69161ec2c2137f20c0cd#TTAACCAAGTAGGATG-1,at10_1,0.06378046708369615,OPC-NPC-like
4865,cellranger-arc201_count_2f9d72acefae69161ec2c2137f20c0cd#TTATCCGTCACACAGT-1,at10_1,0.1951678108085697,OPC-NPC-like
4866,cellranger-arc201_count_2f9d72acefae69161ec2c2137f20c0cd#TTGATGTCATTTAAGC-1,at10_1,0.19081558133400056,OPC-NPC-like
4867,cellranger-arc201_count_2f9d72acefae69161ec2c2137f20c0cd#TTGGATCAGTTACCGG-1,at10_1,0.1354753094162707,OPC-NPC-like
4868,cellranger-arc201_count_2f9d72acefae69161ec2c2137f20c0cd#TTGTCCATCATAACCA-1,at10_1,0.1869465802449061,OPC-NPC-like
4869,cellranger-arc201_count_0fb30af0fe36506de6b8a3b7f8b6b155#AAGACAAGTAGGTGTC-1,at10_1,0.19426153484859093,OPC-NPC-like
4870,cellranger-arc201_count_0fb30af0fe36506de6b8a3b7f8b6b155#AAGCAAGTCCTGCGAA-1,at10_1,0.09037972428153797,OPC-NPC-like
4871,cellranger-arc201_count_0fb30af0fe36506de6b8a3b7f8b6b155#AATACCGGTCATTACC-1,at10_1,0.1785659533625722,OPC-NPC-like
4872,cellranger-arc201_count_0fb30af0fe36506de6b8a3b7f8b6b155#ACTCAGTAGACAAAGT-1,at10_1,0.0697591028122752,OPC-NPC-like
4873,cellranger-arc201_count_0fb30af0fe36506de6b8a3b7f8b6b155#AGGACGTAGGCTTAAC-1,at10_1,0.05983437803699146,OPC-NPC-like
4874,cellranger-arc201_count_0fb30af0fe36506de6b8a3b7f8b6b155#AGGATGCAGCGATAAG-1,at10_1,0.06416501592289177,OPC-NPC-like
4875,cellranger-arc201_count_0fb30af0fe36506de6b8a3b7f8b6b155#ATATGGTGTAAGGTCC-1,at10_1,0.19870404250015364,OPC-NPC-like
4876,cellranger-arc201_count_0fb30af0fe36506de6b8a3b7f8b6b155#ATTACGTCAATAACGA-1,at10_1,0.06176296212429548,OPC-NPC-like
4877,cellranger-arc201_count_0fb30af0fe36506de6b8a3b7f8b6b155#ATTCAACCAGGAACCA-1,at10_1,0.1747282746941771,OPC-NPC-like
4878,cellranger-arc201_count_0fb30af0fe36506de6b8a3b7f8b6b155#ATTCCTCCACATGCTA-1,at10_1,0.10410291205450112,OPC-NPC-like
4879,cellranger-arc201_count_0fb30af0fe36506de6b8a3b7f8b6b155#CAACAGGCATTAAGTC-1,at10_1,0.19037797231414022,OPC-NPC-like
4880,cellranger-arc201_count_0fb30af0fe36506de6b8a3b7f8b6b155#CCATATTTCTTGTCCA-1,at10_1,0.09386589578430635,OPC-NPC-like
4881,cellranger-arc201_count_0fb30af0fe36506de6b8a3b7f8b6b155#CGGTTATAGAGGAGTC-1,at10_1,0.19816533862735145,OPC-NPC-like
4882,cellranger-arc201_count_0fb30af0fe36506de6b8a3b7f8b6b155#CTAGCGGGTCCTCCAA-1,at10_1,0.16918280020171914,OPC-NPC-like
4883,cellranger-arc201_count_0fb30af0fe36506de6b8a3b7f8b6b155#CTTGCATGTTTACGTC-1,at10_1,0.06811726504566736,OPC-NPC-like
4884,cellranger-arc201_count_0fb30af0fe36506de6b8a3b7f8b6b155#GCCCGTTGTTCCTCCT-1,at10_1,0.0615496355577187,OPC-NPC-like
4885,cellranger-arc201_count_0fb30af0fe36506de6b8a3b7f8b6b155#GCTAACAGTTAACGAT-1,at10_1,0.06759949847096819,OPC-NPC-like
4886,cellranger-arc201_count_0fb30af0fe36506de6b8a3b7f8b6b155#GGCTATGTCTAACTGA-1,at10_1,0.08882085612709391,OPC-NPC-like
4887,cellranger-arc201_count_0fb30af0fe36506de6b8a3b7f8b6b155#GTTCTTGTCTGTTCAT-1,at10_1,0.1032327056020922,OPC-NPC-like
4888,cellranger-arc201_count_0fb30af0fe36506de6b8a3b7f8b6b155#GTTGGCCAGTGGACAA-1,at10_1,0.14291908965602323,OPC-NPC-like
4889,cellranger-arc201_count_0fb30af0fe36506de6b8a3b7f8b6b155#TCACCTCAGCAAGACA-1,at10_1,0.07125561846791363,OPC-NPC-like
4890,cellranger-arc201_count_0fb30af0fe36506de6b8a3b7f8b6b155#TCCTCAATCTCTAGCC-1,at10_1,0.09381335764398654,OPC-NPC-like
4891,cellranger-arc201_count_0fb30af0fe36506de6b8a3b7f8b6b155#TCGTTTCCAACACCTA-1,at10_1,0.07203407110928708,OPC-NPC-like
4892,cellranger-arc201_count_0fb30af0fe36506de6b8a3b7f8b6b155#TCTAGCGAGCAGCTAT-1,at10_1,0.09761307353849394,OPC-NPC-like
4893,cellranger-arc201_count_0fb30af0fe36506de6b8a3b7f8b6b155#TTAGCAATCATTGTTC-1,at10_1,0.06456173874293256,OPC-NPC-like
4894,cellranger-arc201_count_1243e22655c16468279dae921b0de74a#AAACCGCGTCACCTAT-1,at10_1,0.0636946018877522,OPC-NPC-like
4895,cellranger-arc201_count_1243e22655c16468279dae921b0de74a#ACGCAAGCAAACAACA-1,at10_1,0.19437946028225525,OPC-NPC-like
4896,cellranger-arc201_count_1243e22655c16468279dae921b0de74a#AGAATCTGTCCTCCAA-1,at10_1,0.11236593368791567,OPC-NPC-like
4897,cellranger-arc201_count_1243e22655c16468279dae921b0de74a#AGTAACGAGGCAAGTA-1,at10_1,0.03331625982983698,OPC-NPC-like
4898,cellranger-arc201_count_1243e22655c16468279dae921b0de74a#CAATGTCAGCCGGTAC-1,at10_1,0.1639722389524552,OPC-NPC-like
4899,cellranger-arc201_count_1243e22655c16468279dae921b0de74a#CAGGTTAGTTTGAGCA-1,at10_1,0.18181222296493482,OPC-NPC-like
4900,cellranger-arc201_count_1243e22655c16468279dae921b0de74a#CATGGATTCGTGCTAG-1,at10_1,0.18523320206942082,OPC-NPC-like
4901,cellranger-arc201_count_1243e22655c16468279dae921b0de74a#CCATCATGTTCATTTG-1,at10_1,0.05938281313857498,OPC-NPC-like
4902,cellranger-arc201_count_1243e22655c16468279dae921b0de74a#CCGCACACATGGCCCA-1,at10_1,0.18599059212300842,OPC-NPC-like
4903,cellranger-arc201_count_1243e22655c16468279dae921b0de74a#CCTGATGAGAGAGGCT-1,at10_1,0.16053018333910743,OPC-NPC-like
4904,cellranger-arc201_count_1243e22655c16468279dae921b0de74a#CGAACCGGTTCACTGT-1,at10_1,0.13367195932746084,OPC-NPC-like
4905,cellranger-arc201_count_1243e22655c16468279dae921b0de74a#CGCGATTCACTTAACG-1,at10_1,0.06143767530506315,OPC-NPC-like
4906,cellranger-arc201_count_1243e22655c16468279dae921b0de74a#CTAATTGAGCATTATG-1,at10_1,0.17175235238514003,OPC-NPC-like
4907,cellranger-arc201_count_1243e22655c16468279dae921b0de74a#CTCACTCAGCCGCAAC-1,at10_1,0.09320684421063904,OPC-NPC-like
4908,cellranger-arc201_count_1243e22655c16468279dae921b0de74a#CTCCGGACATGAAATG-1,at10_1,0.11657112875918381,OPC-NPC-like
4909,cellranger-arc201_count_1243e22655c16468279dae921b0de74a#CTCTTGATCATTGACA-1,at10_1,0.16975772671392583,OPC-NPC-like
4910,cellranger-arc201_count_1243e22655c16468279dae921b0de74a#GAGGCAAGTGTTAGCA-1,at10_1,0.04122137060272628,OPC-NPC-like
4911,cellranger-arc201_count_1243e22655c16468279dae921b0de74a#GGACATAAGTTGGGCC-1,at10_1,0.17616144945462342,OPC-NPC-like
4912,cellranger-arc201_count_1243e22655c16468279dae921b0de74a#GGTACAAAGTTCCTGC-1,at10_1,0.12379790726833083,OPC-NPC-like
4913,cellranger-arc201_count_1243e22655c16468279dae921b0de74a#GTGCTTCTCTCACATT-1,at10_1,0.07618995076929849,OPC-NPC-like
4914,cellranger-arc201_count_1243e22655c16468279dae921b0de74a#GTTAACCAGCCTCTGT-1,at10_1,0.11442646173228146,OPC-NPC-like
4915,cellranger-arc201_count_1243e22655c16468279dae921b0de74a#TATGTGATCAGTTCCC-1,at10_1,0.1690645267411582,OPC-NPC-like
4916,cellranger-arc201_count_1243e22655c16468279dae921b0de74a#TCATAACCAAACGGGC-1,at10_1,0.06344581834094368,OPC-NPC-like
4917,cellranger-arc201_count_1243e22655c16468279dae921b0de74a#TCCCTCACAACTAGGG-1,at10_1,0.16180723323371202,OPC-NPC-like
4918,cellranger-arc201_count_1243e22655c16468279dae921b0de74a#TCCTTAGTCGCTCACT-1,at10_1,0.1536472554038606,OPC-NPC-like
4919,cellranger-arc201_count_1243e22655c16468279dae921b0de74a#TCTACCTCACTAAGCC-1,at10_1,0.2026057581175342,OPC-NPC-like
4920,cellranger-arc201_count_1243e22655c16468279dae921b0de74a#TCTTAGTTCGTTTCCA-1,at10_1,0.08172792876240237,OPC-NPC-like
4921,cellranger-arc201_count_1243e22655c16468279dae921b0de74a#TCTTCAAGTCCACAAA-1,at10_1,0.16734197457667696,OPC-NPC-like
4922,cellranger-arc201_count_1243e22655c16468279dae921b0de74a#TGATGAACACCGGCTA-1,at10_1,0.07375608731234747,OPC-NPC-like
4923,cellranger-arc201_count_1243e22655c16468279dae921b0de74a#TGCTTTAGTTTAACCC-1,at10_1,0.10259893470219829,OPC-NPC-like
4924,cellranger-arc201_count_1243e22655c16468279dae921b0de74a#TGTGCAAGTTTCCACG-1,at10_1,0.201212592529128,OPC-NPC-like
4925,cellranger-arc201_count_1243e22655c16468279dae921b0de74a#TTAAAGGCAGGATTAA-1,at10_1,0.06150082826573109,OPC-NPC-like
4926,cellranger-arc201_count_dae7bef086560538e47878293f38b2c6#AAGTTTGTCATGAAGG-1,at10_1,0.20093851438747018,OPC-NPC-like
4927,cellranger-arc201_count_dae7bef086560538e47878293f38b2c6#ACTAACTCAGTAAAGC-1,at10_1,0.14256041313632534,OPC-NPC-like
4928,cellranger-arc201_count_dae7bef086560538e47878293f38b2c6#AGTCTTGCACCTACTT-1,at10_1,0.17917650390792092,OPC-NPC-like
4929,cellranger-arc201_count_dae7bef086560538e47878293f38b2c6#ATGAAGTAGCAGGTGG-1,at10_1,0.18763383591827876,OPC-NPC-like
4930,cellranger-arc201_count_dae7bef086560538e47878293f38b2c6#ATTATGGTCATGGTGT-1,at10_1,0.18995101291731759,OPC-NPC-like
4931,cellranger-arc201_count_dae7bef086560538e47878293f38b2c6#CAACTAATCTTGTCTG-1,at10_1,0.11960009036727189,OPC-NPC-like
4932,cellranger-arc201_count_dae7bef086560538e47878293f38b2c6#CTCATTAGTCAAGTAT-1,at10_1,0.06613980406099638,OPC-NPC-like
4933,cellranger-arc201_count_dae7bef086560538e47878293f38b2c6#GAACGAATCTAACTGA-1,at10_1,0.06833670992508742,OPC-NPC-like
4934,cellranger-arc201_count_dae7bef086560538e47878293f38b2c6#GAGAACCAGTCACCAG-1,at10_1,0.1549712889295143,OPC-NPC-like
4935,cellranger-arc201_count_dae7bef086560538e47878293f38b2c6#GCTCATTGTAATCACG-1,at10_1,0.16974806548727447,OPC-NPC-like
4936,cellranger-arc201_count_dae7bef086560538e47878293f38b2c6#GGTAACTTCCCTCAGT-1,at10_1,0.19940480161711674,OPC-NPC-like
4937,cellranger-arc201_count_dae7bef086560538e47878293f38b2c6#GTCAATATCATTACTC-1,at10_1,0.18222895037099565,OPC-NPC-like
4938,cellranger-arc201_count_dae7bef086560538e47878293f38b2c6#TCACCTCAGGATCCGC-1,at10_1,0.12036517877581358,OPC-NPC-like
4939,cellranger-arc201_count_dae7bef086560538e47878293f38b2c6#TCCCTGGTCCTCATGC-1,at10_1,0.14687694897237297,OPC-NPC-like
4940,cellranger-arc201_count_dae7bef086560538e47878293f38b2c6#TTGCTTAGTTCCTGTG-1,at10_1,0.06915939678502638,OPC-NPC-like
4941,cellranger-arc201_count_e639e4f2fc11914d67363348c4a30ad1#AAACCAACAAATTCGT-1,at10_1,0.17472050673384365,OPC-NPC-like
4942,cellranger-arc201_count_e639e4f2fc11914d67363348c4a30ad1#AACCTAATCAGGAACA-1,at10_1,0.16254553749228676,OPC-NPC-like
4943,cellranger-arc201_count_e639e4f2fc11914d67363348c4a30ad1#ACCTAAATCAGTATTG-1,at10_1,0.1809610327021594,OPC-NPC-like
4944,cellranger-arc201_count_e639e4f2fc11914d67363348c4a30ad1#ACCTCACTCGATCAGT-1,at10_1,0.05464867286868694,OPC-NPC-like
4945,cellranger-arc201_count_e639e4f2fc11914d67363348c4a30ad1#ACTTGTAAGGCTGGCT-1,at10_1,0.05643570745658137,OPC-NPC-like
4946,cellranger-arc201_count_e639e4f2fc11914d67363348c4a30ad1#AGGAAACGTGCTCCAC-1,at10_1,0.05563537784448386,OPC-NPC-like
4947,cellranger-arc201_count_e639e4f2fc11914d67363348c4a30ad1#AGGATGTCAACCCTCC-1,at10_1,0.193764691650919,OPC-NPC-like
4948,cellranger-arc201_count_e639e4f2fc11914d67363348c4a30ad1#ATGGCCGGTATTGGTG-1,at10_1,0.10006688589716152,OPC-NPC-like
4949,cellranger-arc201_count_e639e4f2fc11914d67363348c4a30ad1#ATGTAACGTTGCATCT-1,at10_1,0.13552339281231326,OPC-NPC-like
4950,cellranger-arc201_count_e639e4f2fc11914d67363348c4a30ad1#CAGATTCAGCACTAGT-1,at10_1,0.16082533798962698,OPC-NPC-like
4951,cellranger-arc201_count_e639e4f2fc11914d67363348c4a30ad1#CAGCTAAGTTAACACG-1,at10_1,0.1059715519891244,OPC-NPC-like
4952,cellranger-arc201_count_e639e4f2fc11914d67363348c4a30ad1#CAGTATGGTGCATTAG-1,at10_1,0.19120400719282502,OPC-NPC-like
4953,cellranger-arc201_count_e639e4f2fc11914d67363348c4a30ad1#CATTTGTTCCTTGCAC-1,at10_1,0.16077183929507236,OPC-NPC-like
4954,cellranger-arc201_count_e639e4f2fc11914d67363348c4a30ad1#CCTCCTCTCCTTAGGG-1,at10_1,0.18307975084364678,OPC-NPC-like
4955,cellranger-arc201_count_e639e4f2fc11914d67363348c4a30ad1#CGCTAACCACAATGTT-1,at10_1,0.06673678851791333,OPC-NPC-like
4956,cellranger-arc201_count_e639e4f2fc11914d67363348c4a30ad1#CTCAATAAGCATGACT-1,at10_1,0.17937855440304593,OPC-NPC-like
4957,cellranger-arc201_count_e639e4f2fc11914d67363348c4a30ad1#CTCAATAAGGTCATTA-1,at10_1,0.056758878272282,OPC-NPC-like
4958,cellranger-arc201_count_e639e4f2fc11914d67363348c4a30ad1#GATCGATTCCTCAGTC-1,at10_1,0.055036562766090494,OPC-NPC-like
4959,cellranger-arc201_count_e639e4f2fc11914d67363348c4a30ad1#GCGCTAGGTTCATCTA-1,at10_1,0.1755659197501345,OPC-NPC-like
4960,cellranger-arc201_count_e639e4f2fc11914d67363348c4a30ad1#GCTCATTGTTCCTCCT-1,at10_1,0.18378866771106755,OPC-NPC-like
4961,cellranger-arc201_count_e639e4f2fc11914d67363348c4a30ad1#GCTTTCATCACATTGA-1,at10_1,0.17437199259952824,OPC-NPC-like
4962,cellranger-arc201_count_e639e4f2fc11914d67363348c4a30ad1#GGACAGCCACTTACAG-1,at10_1,0.052885262346537794,OPC-NPC-like
4963,cellranger-arc201_count_e639e4f2fc11914d67363348c4a30ad1#GGTACCGGTAGCTAAT-1,at10_1,0.052952153116075866,OPC-NPC-like
4964,cellranger-arc201_count_e639e4f2fc11914d67363348c4a30ad1#GTGCATTAGCACTAAC-1,at10_1,0.19025225107799068,OPC-NPC-like
4965,cellranger-arc201_count_e639e4f2fc11914d67363348c4a30ad1#GTTAAGTGTACCAGGT-1,at10_1,0.07116988552219038,OPC-NPC-like
4966,cellranger-arc201_count_e639e4f2fc11914d67363348c4a30ad1#GTTCATTTCCGTTAAA-1,at10_1,0.1655227126981518,OPC-NPC-like
4967,cellranger-arc201_count_e639e4f2fc11914d67363348c4a30ad1#TAAGCCTAGTATTGTG-1,at10_1,0.19248559535816204,OPC-NPC-like
4968,cellranger-arc201_count_e639e4f2fc11914d67363348c4a30ad1#TAGCCTGAGACTAAGG-1,at10_1,0.15213271195497519,OPC-NPC-like
4969,cellranger-arc201_count_e639e4f2fc11914d67363348c4a30ad1#TCACCGGCATGAAATG-1,at10_1,0.06830645246669179,OPC-NPC-like
4970,cellranger-arc201_count_e639e4f2fc11914d67363348c4a30ad1#TCATCCATCAGGCTAT-1,at10_1,0.08322807781884194,OPC-NPC-like
4971,cellranger-arc201_count_e639e4f2fc11914d67363348c4a30ad1#TCCGGTAAGTTATTCC-1,at10_1,0.06739155936075172,OPC-NPC-like
4972,cellranger-arc201_count_e639e4f2fc11914d67363348c4a30ad1#TGACTTCGTTGTAACG-1,at10_1,0.11936755271599947,OPC-NPC-like
4973,cellranger-arc201_count_e639e4f2fc11914d67363348c4a30ad1#TGATGATGTTAGCAGC-1,at10_1,0.15753550934087834,OPC-NPC-like
4974,cellranger-arc201_count_e639e4f2fc11914d67363348c4a30ad1#TGGTGATTCCTGAGTG-1,at10_1,0.18251195192228373,OPC-NPC-like
4975,cellranger-arc201_count_e639e4f2fc11914d67363348c4a30ad1#TTAGTCAAGCCTCTGT-1,at10_1,0.168406922959381,OPC-NPC-like
4976,cellranger-arc201_count_cc6a172022bb6226a2cf33e34090eaca#AACCTTAAGGAACCGG-1,at10_1,0.08415369015319914,OPC-NPC-like
4977,cellranger-arc201_count_cc6a172022bb6226a2cf33e34090eaca#AAGGATCCAGGCCATT-1,at10_1,0.16090197351227153,OPC-NPC-like
4978,cellranger-arc201_count_cc6a172022bb6226a2cf33e34090eaca#AATTTCCTCGGTTTGG-1,at10_1,0.458488914407149,OPC-NPC-like
4979,cellranger-arc201_count_cc6a172022bb6226a2cf33e34090eaca#ACCAATATCATGGCTG-1,at10_1,0.055048221667128604,OPC-NPC-like
4980,cellranger-arc201_count_cc6a172022bb6226a2cf33e34090eaca#ACCCTGTTCTTGCATT-1,at10_1,0.19129665195271592,OPC-NPC-like
4981,cellranger-arc201_count_cc6a172022bb6226a2cf33e34090eaca#ACGCCACAGGTGAAGC-1,at10_1,0.052470616141319024,OPC-NPC-like
4982,cellranger-arc201_count_cc6a172022bb6226a2cf33e34090eaca#ACTCCTCAGCATTATG-1,at10_1,0.17899901019062428,OPC-NPC-like
4983,cellranger-arc201_count_cc6a172022bb6226a2cf33e34090eaca#AGCTATATCATGCCTC-1,at10_1,0.10068130650160113,OPC-NPC-like
4984,cellranger-arc201_count_cc6a172022bb6226a2cf33e34090eaca#AGTAAGTAGGTCAAAG-1,at10_1,0.19404017582123925,OPC-NPC-like
4985,cellranger-arc201_count_cc6a172022bb6226a2cf33e34090eaca#AGTAATGCATGACTAT-1,at10_1,0.11774017894721683,OPC-NPC-like
4986,cellranger-arc201_count_cc6a172022bb6226a2cf33e34090eaca#CTACTTAGTATTACCC-1,at10_1,0.09593513842216451,OPC-NPC-like
4987,cellranger-arc201_count_cc6a172022bb6226a2cf33e34090eaca#CTCCAACTCGAAGCGG-1,at10_1,0.18668380601685186,OPC-NPC-like
4988,cellranger-arc201_count_cc6a172022bb6226a2cf33e34090eaca#CTTACTAGTTTACGTC-1,at10_1,0.06320742687726943,OPC-NPC-like
4989,cellranger-arc201_count_cc6a172022bb6226a2cf33e34090eaca#CTTATGTTCATAACGC-1,at10_1,0.1690999558792382,OPC-NPC-like
4990,cellranger-arc201_count_cc6a172022bb6226a2cf33e34090eaca#GAAGTAAGTCTTTGAC-1,at10_1,0.08086154364531878,OPC-NPC-like
4991,cellranger-arc201_count_cc6a172022bb6226a2cf33e34090eaca#GATCCGTCAGAAACGT-1,at10_1,0.045462725668557406,OPC-NPC-like
4992,cellranger-arc201_count_cc6a172022bb6226a2cf33e34090eaca#GTAATAGCACACTAAT-1,at10_1,0.07052032116172603,OPC-NPC-like
4993,cellranger-arc201_count_cc6a172022bb6226a2cf33e34090eaca#GTACAATGTAAGCTTG-1,at10_1,0.17641175039870136,OPC-NPC-like
4994,cellranger-arc201_count_cc6a172022bb6226a2cf33e34090eaca#GTACTTCGTACGCGCA-1,at10_1,0.17729761806145997,OPC-NPC-like
4995,cellranger-arc201_count_cc6a172022bb6226a2cf33e34090eaca#GTGTGCGGTTACGCAA-1,at10_1,0.094538562170171,OPC-NPC-like
4996,cellranger-arc201_count_cc6a172022bb6226a2cf33e34090eaca#TAAAGCCTCTTGCTAT-1,at10_1,0.0629951165492309,OPC-NPC-like
4997,cellranger-arc201_count_cc6a172022bb6226a2cf33e34090eaca#TAATGCATCACTCGCT-1,at10_1,0.16514584133229648,OPC-NPC-like
4998,cellranger-arc201_count_cc6a172022bb6226a2cf33e34090eaca#TACAAGCTCCAATTAG-1,at10_1,0.17192419414563492,OPC-NPC-like
4999,cellranger-arc201_count_cc6a172022bb6226a2cf33e34090eaca#TATTTGCTCGATTATG-1,at10_1,0.10376577143916856,OPC-NPC-like
5000,cellranger-arc201_count_cc6a172022bb6226a2cf33e34090eaca#TCACCTGGTAAGCTTG-1,at10_1,0.17962976021705518,OPC-NPC-like
5001,cellranger-arc201_count_cc6a172022bb6226a2cf33e34090eaca#TCCATGCTCAGTATTG-1,at10_1,0.07755163384463289,OPC-NPC-like
5002,cellranger-arc201_count_cc6a172022bb6226a2cf33e34090eaca#TTAAAGGCAAGGACCA-1,at10_1,0.18504788470748726,OPC-NPC-like
5003,cellranger-arc201_count_cc6a172022bb6226a2cf33e34090eaca#TTCAGGTAGTATTGGC-1,at10_1,0.244491992343102,OPC-NPC-like
5004,cellranger-arc201_count_cc6a172022bb6226a2cf33e34090eaca#TTTGTCCCATATTGAC-1,at10_1,0.15740895284017686,OPC-NPC-like
5005,cellranger-arc201_count_3c475e5faf73bf8c98e14aeb2ca0ed42#AACAAGCCAATTAGGA-1,at10_1,0.16197931165249665,OPC-NPC-like
5006,cellranger-arc201_count_3c475e5faf73bf8c98e14aeb2ca0ed42#AACCTCCTCGCGCTAA-1,at10_1,0.18744631902635828,OPC-NPC-like
5007,cellranger-arc201_count_3c475e5faf73bf8c98e14aeb2ca0ed42#ACAGCGCTCTAATCAG-1,at10_1,0.22802079811518655,OPC-NPC-like
5008,cellranger-arc201_count_3c475e5faf73bf8c98e14aeb2ca0ed42#ACCAGGCTCTCACACC-1,at10_1,0.1677623771467665,OPC-NPC-like
5009,cellranger-arc201_count_3c475e5faf73bf8c98e14aeb2ca0ed42#ACCTCACTCGTCAAGT-1,at10_1,0.05861455072473573,OPC-NPC-like
5010,cellranger-arc201_count_3c475e5faf73bf8c98e14aeb2ca0ed42#ACGCAAGCAGGAATCG-1,at10_1,0.11113252636615226,OPC-NPC-like
5011,cellranger-arc201_count_3c475e5faf73bf8c98e14aeb2ca0ed42#AGCACTTAGCGCAATT-1,at10_1,0.1664806915338984,OPC-NPC-like
5012,cellranger-arc201_count_3c475e5faf73bf8c98e14aeb2ca0ed42#AGGAAACGTGCTCCAC-1,at10_1,0.1786039857418392,OPC-NPC-like
5013,cellranger-arc201_count_3c475e5faf73bf8c98e14aeb2ca0ed42#AGTACGCGTCATGAGC-1,at10_1,0.044204859016496734,OPC-NPC-like
5014,cellranger-arc201_count_3c475e5faf73bf8c98e14aeb2ca0ed42#ATCAAGACAAACCTTG-1,at10_1,0.18442944091212227,OPC-NPC-like
5015,cellranger-arc201_count_3c475e5faf73bf8c98e14aeb2ca0ed42#ATCCAACAGAATCGCT-1,at10_1,0.06503114350007183,OPC-NPC-like
5016,cellranger-arc201_count_3c475e5faf73bf8c98e14aeb2ca0ed42#ATTCCTAGTTGTTGCT-1,at10_1,0.06788131673080768,OPC-NPC-like
5017,cellranger-arc201_count_3c475e5faf73bf8c98e14aeb2ca0ed42#ATTGGCTAGGTTAGCT-1,at10_1,0.19025783342941313,OPC-NPC-like
5018,cellranger-arc201_count_3c475e5faf73bf8c98e14aeb2ca0ed42#ATTGTCCGTAAACAAG-1,at10_1,0.15071227497894663,OPC-NPC-like
5019,cellranger-arc201_count_3c475e5faf73bf8c98e14aeb2ca0ed42#CACTTAAAGTTTCCTG-1,at10_1,0.18966338956884177,OPC-NPC-like
5020,cellranger-arc201_count_3c475e5faf73bf8c98e14aeb2ca0ed42#CAGCCTTTCCACCTGT-1,at10_1,0.10700015244274128,OPC-NPC-like
5021,cellranger-arc201_count_3c475e5faf73bf8c98e14aeb2ca0ed42#CCACACAAGCTGTCAG-1,at10_1,0.06543459716029403,OPC-NPC-like
5022,cellranger-arc201_count_3c475e5faf73bf8c98e14aeb2ca0ed42#CTAATGTCAGATAGAC-1,at10_1,0.06637279414723447,OPC-NPC-like
5023,cellranger-arc201_count_3c475e5faf73bf8c98e14aeb2ca0ed42#CTTACTAGTTCAAGCA-1,at10_1,0.17293554638625333,OPC-NPC-like
5024,cellranger-arc201_count_3c475e5faf73bf8c98e14aeb2ca0ed42#GAGGTGAGTCACCAAA-1,at10_1,0.45631065582418107,OPC-NPC-like
5025,cellranger-arc201_count_3c475e5faf73bf8c98e14aeb2ca0ed42#GGCCTTAAGCTTATGA-1,at10_1,0.04579887092696553,OPC-NPC-like
5026,cellranger-arc201_count_3c475e5faf73bf8c98e14aeb2ca0ed42#TAAGTGCTCACAGGAA-1,at10_1,0.05343467152668129,OPC-NPC-like
5027,cellranger-arc201_count_3c475e5faf73bf8c98e14aeb2ca0ed42#TACCGCAAGCGTGCAC-1,at10_1,0.06554746924341882,OPC-NPC-like
5028,cellranger-arc201_count_3c475e5faf73bf8c98e14aeb2ca0ed42#TACCTGCTCATTACTC-1,at10_1,0.05974992583024792,OPC-NPC-like
5029,cellranger-arc201_count_3c475e5faf73bf8c98e14aeb2ca0ed42#TACGTTAAGCACGATT-1,at10_1,0.1726774914029178,OPC-NPC-like
5030,cellranger-arc201_count_3c475e5faf73bf8c98e14aeb2ca0ed42#TACTTCGTCAATCATG-1,at10_1,0.18838291508957408,OPC-NPC-like
5031,cellranger-arc201_count_3c475e5faf73bf8c98e14aeb2ca0ed42#TAGTTTGAGGACCGCT-1,at10_1,0.10989785222648502,OPC-NPC-like
5032,cellranger-arc201_count_3c475e5faf73bf8c98e14aeb2ca0ed42#TTATTGCTCGCAAACT-1,at10_1,0.059749215855378734,OPC-NPC-like
5033,cellranger-arc201_count_3c475e5faf73bf8c98e14aeb2ca0ed42#TTCCACGGTCATGCAA-1,at10_1,0.25385661655197683,OPC-NPC-like
5034,cellranger-arc201_count_3c475e5faf73bf8c98e14aeb2ca0ed42#TTCCCGCCAGTAGGTG-1,at10_1,0.09852200842396319,OPC-NPC-like
5035,cellranger-arc201_count_3c475e5faf73bf8c98e14aeb2ca0ed42#TTGTGAGGTTAAATGC-1,at10_1,0.05665385071540792,OPC-NPC-like
5036,cellranger-arc201_count_3c475e5faf73bf8c98e14aeb2ca0ed42#TTTGCATTCATTAGTG-1,at10_1,0.15105011164807253,OPC-NPC-like
5037,cellranger-arc201_count_9b9f744826edc64cc288193e1d52754e#CTCCGTCCATCACAGC-1,at10_1,0.09715423487793726,OPC-NPC-like
5038,cellranger-arc201_count_9b9f744826edc64cc288193e1d52754e#GTTACAGGTGAATCGC-1,at10_1,0.0711493032115219,OPC-NPC-like
5039,cellranger-arc201_count_877c4ccf6b72738da66f3017a5f79449#GAAACTGAGGAACGCG-1,at10_1,0.07200234497738754,OPC-NPC-like
5040,cellranger-arc201_count_877c4ccf6b72738da66f3017a5f79449#GTTACCTGTCCTTAGT-1,at10_1,0.043747844016878555,OPC-NPC-like
5041,cellranger-arc201_count_9b9f744826edc64cc288193e1d52754e#GGATTTATCTCTAGCC-1,at10_1,0.17983964827789295,OPC-NPC-like
5042,cellranger-arc201_count_877c4ccf6b72738da66f3017a5f79449#AGCGGACCATGGAGGC-1,at10_1,0.10087915283181446,OPC-NPC-like
5043,cellranger-arc201_count_877c4ccf6b72738da66f3017a5f79449#ATTGACTCAACCCTAA-1,at10_1,0.17970730060963108,OPC-NPC-like
5044,cellranger-arc201_count_877c4ccf6b72738da66f3017a5f79449#CGTGACATCCTGGTCT-1,at10_1,0.17659184735718506,OPC-NPC-like
5045,cellranger-arc201_count_877c4ccf6b72738da66f3017a5f79449#GAGTATCTCATTTGTC-1,at10_1,0.166130506870479,OPC-NPC-like
5046,cellranger-arc201_count_877c4ccf6b72738da66f3017a5f79449#GCGCTTAAGATAACCC-1,at10_1,0.1220223575680262,OPC-NPC-like
5047,cellranger-arc201_count_651c086adc1acf13d5493f979b7a6fc4#ACTTACTTCGTTACAA-1,at10_1,0.449618961708111,OPC-NPC-like
5048,cellranger-arc201_count_2f9565d51b615c158b1a36debec1ec4b#GCTATCCTCGTTATCT-1,at10_1,0.1510909421635887,OPC-NPC-like
5049,cellranger-arc201_count_a166708bcbeb284b79da9df9facb9573#ATGATGACAGTATGTT-1,at10_1,0.15849095454081724,OPC-NPC-like
5050,cellranger-arc201_count_a166708bcbeb284b79da9df9facb9573#GTGTTCCTCAGCATTA-1,at10_1,0.07571499846342644,OPC-NPC-like
5051,cellranger-arc201_count_2f9d72acefae69161ec2c2137f20c0cd#TGCCATTGTTGTTGGA-1,at10_1,0.1021957107397279,OPC-NPC-like
5052,cellranger-arc201_count_dae7bef086560538e47878293f38b2c6#ACACTAGGTGCATTTC-1,at10_1,0.07285576261230158,OPC-NPC-like
5053,cellranger-arc201_count_e639e4f2fc11914d67363348c4a30ad1#ATTGCAGGTCAGTAAT-1,at10_1,0.0669634236330184,OPC-NPC-like
5054,cellranger-arc201_count_cc6a172022bb6226a2cf33e34090eaca#CCCTTAATCCTAAGTA-1,at10_1,0.06307228107275839,OPC-NPC-like
5055,cellranger-arc201_count_9b9f744826edc64cc288193e1d52754e#AATCATCCAGGACACA-1,at10_1,0.18877704858950373,OPC-NPC-like
5056,cellranger-arc201_count_9b9f744826edc64cc288193e1d52754e#GTATTGTCAGGCTGTT-1,at10_1,0.15857730697441655,OPC-NPC-like
5057,cellranger-arc201_count_9b9f744826edc64cc288193e1d52754e#TGGCGGTTCCTGAATA-1,at10_1,0.14881388570519685,OPC-NPC-like
5058,cellranger-arc201_count_2f9565d51b615c158b1a36debec1ec4b#GGCGCTAGTGCTTTAC-1,at10_1,0.251180985770454,OPC-NPC-like
5059,cellranger-arc201_count_2f9d72acefae69161ec2c2137f20c0cd#GGCTATTAGAAAGGAA-1,at10_1,0.36552040597588076,OPC-NPC-like
5060,cellranger-arc201_count_1243e22655c16468279dae921b0de74a#ATCACAATCTATGACA-1,at10_1,0.18398407785300425,OPC-NPC-like
5061,cellranger-arc201_count_877c4ccf6b72738da66f3017a5f79449#CAACAATGTTCCGCAC-1,at10_1,0.16015478760729399,OPC-NPC-like
5062,cellranger-arc201_count_9b9f744826edc64cc288193e1d52754e#CAATGTCAGTTAACCA-1,at10_1,0.19201078922358658,Neuron-like
5063,cellranger-arc201_count_877c4ccf6b72738da66f3017a5f79449#CAAACAACAATAATCC-1,at10_1,0.10964848399449012,Neuron-like
5064,cellranger-arc201_count_2f9d72acefae69161ec2c2137f20c0cd#CGCACACAGGCCCAGT-1,at10_1,0.20875230290267588,Neuron-like
5065,cellranger-arc201_count_1243e22655c16468279dae921b0de74a#TTTCCACCATAGACTT-1,at10_1,0.17072226237640548,Neuron-like
5066,cellranger-arc201_count_9b9f744826edc64cc288193e1d52754e#AAGACCAAGAACCTGT-1,at10_1,0.19896479817220727,Neuron-like
5067,cellranger-arc201_count_9b9f744826edc64cc288193e1d52754e#ATTATGGTCAGCACCA-1,at10_1,0.0688114603753594,Neuron-like
5068,cellranger-arc201_count_9b9f744826edc64cc288193e1d52754e#CAAGGTTTCCCTTGCG-1,at10_1,0.24311717473268768,Neuron-like
5069,cellranger-arc201_count_9b9f744826edc64cc288193e1d52754e#CCCTCATAGGAGGACT-1,at10_1,0.19499002474867982,Neuron-like
5070,cellranger-arc201_count_9b9f744826edc64cc288193e1d52754e#CTATGATCAATTAACC-1,at10_1,0.20652841103301783,Neuron-like
5071,cellranger-arc201_count_9b9f744826edc64cc288193e1d52754e#CTGTATTTCATAACCA-1,at10_1,0.18696458019600137,Neuron-like
5072,cellranger-arc201_count_9b9f744826edc64cc288193e1d52754e#GCAGGATAGTGTGATC-1,at10_1,0.16148107634723807,Neuron-like
5073,cellranger-arc201_count_877c4ccf6b72738da66f3017a5f79449#AAATCCGGTCCAAATG-1,at10_1,0.09867981773998474,Neuron-like
5074,cellranger-arc201_count_877c4ccf6b72738da66f3017a5f79449#AACCTTGCATGAAGTA-1,at10_1,0.21226612166211492,Neuron-like
5075,cellranger-arc201_count_877c4ccf6b72738da66f3017a5f79449#ACATTGCAGCACCACA-1,at10_1,0.18479459073209803,Neuron-like
5076,cellranger-arc201_count_877c4ccf6b72738da66f3017a5f79449#ATATGTCCAGCAAGTG-1,at10_1,0.18811386245630413,Neuron-like
5077,cellranger-arc201_count_877c4ccf6b72738da66f3017a5f79449#CATTATCTCGAGGTGG-1,at10_1,0.1796349388572775,Neuron-like
5078,cellranger-arc201_count_877c4ccf6b72738da66f3017a5f79449#CTTACCGGTCACAGAC-1,at10_1,0.1923970990788793,Neuron-like
5079,cellranger-arc201_count_877c4ccf6b72738da66f3017a5f79449#GTAGGATCACGTTACA-1,at10_1,0.18940384503038857,Neuron-like
5080,cellranger-arc201_count_651c086adc1acf13d5493f979b7a6fc4#CAATCCCTCTATGACA-1,at10_1,0.19582068142455233,Neuron-like
5081,cellranger-arc201_count_651c086adc1acf13d5493f979b7a6fc4#CCCTCAGTCGCACACA-1,at10_1,0.1776920995882863,Neuron-like
5082,cellranger-arc201_count_651c086adc1acf13d5493f979b7a6fc4#GACCTGCAGGTAAGCA-1,at10_1,0.1943542352927853,Neuron-like
5083,cellranger-arc201_count_651c086adc1acf13d5493f979b7a6fc4#GGCTATTAGCACTAGT-1,at10_1,0.20107633303854758,Neuron-like
5084,cellranger-arc201_count_651c086adc1acf13d5493f979b7a6fc4#TAGCGCGGTGGATTCA-1,at10_1,0.19136628517419968,Neuron-like
5085,cellranger-arc201_count_651c086adc1acf13d5493f979b7a6fc4#TTGCAGCCATACTCCT-1,at10_1,0.19542143888977975,Neuron-like
5086,cellranger-arc201_count_651c086adc1acf13d5493f979b7a6fc4#TTGGATATCACTAGGT-1,at10_1,0.18329736510159042,Neuron-like
5087,cellranger-arc201_count_a166708bcbeb284b79da9df9facb9573#GAACCAAAGGGCCACT-1,at10_1,0.11299257699696598,Neuron-like
5088,cellranger-arc201_count_a166708bcbeb284b79da9df9facb9573#GTTCCCAGTAACAGGG-1,at10_1,0.19125637828023442,Neuron-like
5089,cellranger-arc201_count_2f9d72acefae69161ec2c2137f20c0cd#GTCCTCCCAGATTCAT-1,at10_1,0.20660687021660087,Neuron-like
5090,cellranger-arc201_count_2f9d72acefae69161ec2c2137f20c0cd#TTTGACCGTCTAACCT-1,at10_1,0.1988596801283401,Neuron-like
5091,cellranger-arc201_count_0fb30af0fe36506de6b8a3b7f8b6b155#CGTTGCGCACATTAAC-1,at10_1,0.12150337985972665,Neuron-like
5092,cellranger-arc201_count_9b9f744826edc64cc288193e1d52754e#AAACGTACAACTAGCC-1,at10_1,0.1379774418292706,Neuron-like
5093,cellranger-arc201_count_9b9f744826edc64cc288193e1d52754e#AAAGGCTCAAACATAG-1,at10_1,0.19971323697401278,Neuron-like
5094,cellranger-arc201_count_9b9f744826edc64cc288193e1d52754e#AACAAAGGTAGCCTAA-1,at10_1,0.20416489077241973,Neuron-like
5095,cellranger-arc201_count_9b9f744826edc64cc288193e1d52754e#AACCTTGCATTATGAC-1,at10_1,0.1906561014888751,Neuron-like
5096,cellranger-arc201_count_9b9f744826edc64cc288193e1d52754e#AACTCACAGCTGTACG-1,at10_1,0.2444251154946398,Neuron-like
5097,cellranger-arc201_count_9b9f744826edc64cc288193e1d52754e#AAGCCTGTCATGGCCA-1,at10_1,0.18377619442709128,Neuron-like
5098,cellranger-arc201_count_9b9f744826edc64cc288193e1d52754e#AAGGTATAGCTGGCTA-1,at10_1,0.19948189653526485,Neuron-like
5099,cellranger-arc201_count_9b9f744826edc64cc288193e1d52754e#AATTTGCCACCTCACC-1,at10_1,0.6223930444959278,Neuron-like
5100,cellranger-arc201_count_9b9f744826edc64cc288193e1d52754e#ACAACACTCGCATTAA-1,at10_1,0.19407999009821716,Neuron-like
5101,cellranger-arc201_count_9b9f744826edc64cc288193e1d52754e#ACACAATGTGGATTCA-1,at10_1,0.15646765145331823,Neuron-like
5102,cellranger-arc201_count_9b9f744826edc64cc288193e1d52754e#ACAGCCGGTACCAGGT-1,at10_1,0.20220238102322932,Neuron-like
5103,cellranger-arc201_count_9b9f744826edc64cc288193e1d52754e#ACCAGGACAGCATTAT-1,at10_1,0.17791242845602384,Neuron-like
5104,cellranger-arc201_count_9b9f744826edc64cc288193e1d52754e#ACCTCACTCGATTCTT-1,at10_1,0.06489234341314586,Neuron-like
5105,cellranger-arc201_count_9b9f744826edc64cc288193e1d52754e#ACCTTGCTCTAGCTTT-1,at10_1,0.19751586475388022,Neuron-like
5106,cellranger-arc201_count_9b9f744826edc64cc288193e1d52754e#ACTTAGTCATCATGTG-1,at10_1,0.19619208180759212,Neuron-like
5107,cellranger-arc201_count_9b9f744826edc64cc288193e1d52754e#AGCTTTAAGTAAGTCC-1,at10_1,0.19777035594179396,Neuron-like
5108,cellranger-arc201_count_9b9f744826edc64cc288193e1d52754e#AGGAACCAGGCAATAG-1,at10_1,0.12357295660340561,Neuron-like
5109,cellranger-arc201_count_9b9f744826edc64cc288193e1d52754e#AGTCAATGTAATCGCA-1,at10_1,0.13954991087483612,Neuron-like
5110,cellranger-arc201_count_9b9f744826edc64cc288193e1d52754e#ATCAAGACAAGCTTTG-1,at10_1,0.188723981448301,Neuron-like
5111,cellranger-arc201_count_9b9f744826edc64cc288193e1d52754e#ATCATGTCAGGTCCTG-1,at10_1,0.1819481761918461,Neuron-like
5112,cellranger-arc201_count_9b9f744826edc64cc288193e1d52754e#CAGGCTGGTACCGGAT-1,at10_1,0.17261731059194732,Neuron-like
5113,cellranger-arc201_count_9b9f744826edc64cc288193e1d52754e#CATAGGTTCCTGCGAA-1,at10_1,0.1674982108111256,Neuron-like
5114,cellranger-arc201_count_9b9f744826edc64cc288193e1d52754e#CCACTTGGTCATTGTC-1,at10_1,0.16746815520833006,Neuron-like
5115,cellranger-arc201_count_9b9f744826edc64cc288193e1d52754e#CCAGGATGTAATCGCA-1,at10_1,0.06068504625942188,Neuron-like
5116,cellranger-arc201_count_9b9f744826edc64cc288193e1d52754e#CCTTTAGTCACAGACT-1,at10_1,0.4176893036794092,Neuron-like
5117,cellranger-arc201_count_9b9f744826edc64cc288193e1d52754e#CGAGCTGGTACGCGCA-1,at10_1,0.17072706514757938,Neuron-like
5118,cellranger-arc201_count_9b9f744826edc64cc288193e1d52754e#CGGTTTCTCCTAATTC-1,at10_1,0.1860880535751491,Neuron-like
5119,cellranger-arc201_count_9b9f744826edc64cc288193e1d52754e#CGTAGCGGTAATCGCA-1,at10_1,0.17453138891819855,Neuron-like
5120,cellranger-arc201_count_9b9f744826edc64cc288193e1d52754e#CGTAGTTAGTTGCCTC-1,at10_1,0.07393411003052704,Neuron-like
5121,cellranger-arc201_count_9b9f744826edc64cc288193e1d52754e#CGTATTGCAATATAGG-1,at10_1,0.1940149229896176,Neuron-like
5122,cellranger-arc201_count_9b9f744826edc64cc288193e1d52754e#CTAATTGAGAGGAAGG-1,at10_1,0.1876641560215158,Neuron-like
5123,cellranger-arc201_count_9b9f744826edc64cc288193e1d52754e#CTCATTAGTTTGCAGA-1,at10_1,0.20171043804426234,Neuron-like
5124,cellranger-arc201_count_9b9f744826edc64cc288193e1d52754e#CTCCTGAGTGCACGCA-1,at10_1,0.5759273888376512,Neuron-like
5125,cellranger-arc201_count_9b9f744826edc64cc288193e1d52754e#CTTAACAAGGCTGGCT-1,at10_1,0.45077953396094145,Neuron-like
5126,cellranger-arc201_count_9b9f744826edc64cc288193e1d52754e#CTTTCTTGTAGCTAAT-1,at10_1,0.20739335531874925,Neuron-like
5127,cellranger-arc201_count_9b9f744826edc64cc288193e1d52754e#CTTTCTTGTTTCCGGC-1,at10_1,0.11971162602711351,Neuron-like
5128,cellranger-arc201_count_9b9f744826edc64cc288193e1d52754e#GAACCTTAGTCGCTAG-1,at10_1,0.3717148392620028,Neuron-like
5129,cellranger-arc201_count_9b9f744826edc64cc288193e1d52754e#GATCAGGCAATTATGC-1,at10_1,0.1846112501629375,Neuron-like
5130,cellranger-arc201_count_9b9f744826edc64cc288193e1d52754e#GATGCATTCACCTGTC-1,at10_1,0.2012727315768708,Neuron-like
5131,cellranger-arc201_count_9b9f744826edc64cc288193e1d52754e#GCAAGCCTCCTTCGTA-1,at10_1,0.19446212363074994,Neuron-like
5132,cellranger-arc201_count_9b9f744826edc64cc288193e1d52754e#GCCAATTAGCAACAAG-1,at10_1,0.18918902890869407,Neuron-like
5133,cellranger-arc201_count_9b9f744826edc64cc288193e1d52754e#GCCAGGAAGGAACGCG-1,at10_1,0.1935172584484695,Neuron-like
5134,cellranger-arc201_count_9b9f744826edc64cc288193e1d52754e#GCCTTTATCTCACAAA-1,at10_1,0.15422268307479842,Neuron-like
5135,cellranger-arc201_count_9b9f744826edc64cc288193e1d52754e#GCGAAGTAGAGGCTAA-1,at10_1,0.13507454948422867,Neuron-like
5136,cellranger-arc201_count_9b9f744826edc64cc288193e1d52754e#GCGCAAACACTTGTTC-1,at10_1,0.19084210098352614,Neuron-like
5137,cellranger-arc201_count_9b9f744826edc64cc288193e1d52754e#GCTAAGCGTGATTTGG-1,at10_1,0.17182779069526008,Neuron-like
5138,cellranger-arc201_count_9b9f744826edc64cc288193e1d52754e#GCTCACAAGGATCCGC-1,at10_1,0.18917520528035878,Neuron-like
5139,cellranger-arc201_count_9b9f744826edc64cc288193e1d52754e#GCTGTGCAGTTCCCGT-1,at10_1,0.2043832289263084,Neuron-like
5140,cellranger-arc201_count_9b9f744826edc64cc288193e1d52754e#GGAACAATCCTAATTC-1,at10_1,0.6697847301208375,Neuron-like
5141,cellranger-arc201_count_9b9f744826edc64cc288193e1d52754e#GGCTGGTTCCGCAACA-1,at10_1,0.1974178743008566,Neuron-like
5142,cellranger-arc201_count_9b9f744826edc64cc288193e1d52754e#GGGCATGAGGGCTAAA-1,at10_1,0.19528730932380692,Neuron-like
5143,cellranger-arc201_count_9b9f744826edc64cc288193e1d52754e#GGTATTGGTTAACGAT-1,at10_1,0.1987376897405228,Neuron-like
5144,cellranger-arc201_count_9b9f744826edc64cc288193e1d52754e#GGTATTTCAACAACAA-1,at10_1,0.1780660196860579,Neuron-like
5145,cellranger-arc201_count_9b9f744826edc64cc288193e1d52754e#GGTCTTGAGCACCACA-1,at10_1,0.15471521073895184,Neuron-like
5146,cellranger-arc201_count_9b9f744826edc64cc288193e1d52754e#GGTTAATGTCCTCCAA-1,at10_1,0.17683933624393794,Neuron-like
5147,cellranger-arc201_count_9b9f744826edc64cc288193e1d52754e#GGTTACCCAAGACTCC-1,at10_1,0.18950594220079275,Neuron-like
5148,cellranger-arc201_count_9b9f744826edc64cc288193e1d52754e#TAACAAGCAGGAACTG-1,at10_1,0.17698986483728138,Neuron-like
5149,cellranger-arc201_count_9b9f744826edc64cc288193e1d52754e#TACAACATCTGTGCAG-1,at10_1,0.21101581415424972,Neuron-like
5150,cellranger-arc201_count_9b9f744826edc64cc288193e1d52754e#TACCCGGCAGGTCCTG-1,at10_1,0.12866503557597062,Neuron-like
5151,cellranger-arc201_count_9b9f744826edc64cc288193e1d52754e#TACGGATTCACCTGCT-1,at10_1,0.4102477647328712,Neuron-like
5152,cellranger-arc201_count_9b9f744826edc64cc288193e1d52754e#TACGGATTCCTGATTT-1,at10_1,0.3740024061326738,Neuron-like
5153,cellranger-arc201_count_9b9f744826edc64cc288193e1d52754e#TAGCATATCATGCCTC-1,at10_1,0.5632047505504342,Neuron-like
5154,cellranger-arc201_count_9b9f744826edc64cc288193e1d52754e#TAGGCTGTCATTGCGG-1,at10_1,0.1890997669702387,Neuron-like
5155,cellranger-arc201_count_9b9f744826edc64cc288193e1d52754e#TCAAGACTCACGCCAA-1,at10_1,0.162681602087805,Neuron-like
5156,cellranger-arc201_count_9b9f744826edc64cc288193e1d52754e#TCAAGGTTCCTCGATC-1,at10_1,0.18086290303837713,Neuron-like
5157,cellranger-arc201_count_9b9f744826edc64cc288193e1d52754e#TCACATAAGTTGTCCC-1,at10_1,0.20095421736104752,Neuron-like
5158,cellranger-arc201_count_9b9f744826edc64cc288193e1d52754e#TCACCGGCATAGGCGA-1,at10_1,0.21335697716700636,Neuron-like
5159,cellranger-arc201_count_9b9f744826edc64cc288193e1d52754e#TCCATATTCAGCCAAT-1,at10_1,0.19420683894151183,Neuron-like
5160,cellranger-arc201_count_9b9f744826edc64cc288193e1d52754e#TCCCGGACAAGTAAGC-1,at10_1,0.17700814320989397,Neuron-like
5161,cellranger-arc201_count_9b9f744826edc64cc288193e1d52754e#TCTAGCCTCGCACAAT-1,at10_1,0.19269818410771788,Neuron-like
5162,cellranger-arc201_count_9b9f744826edc64cc288193e1d52754e#TGAGCCGGTTAAGTGT-1,at10_1,0.0704621589067562,Neuron-like
5163,cellranger-arc201_count_9b9f744826edc64cc288193e1d52754e#TGAGCCGGTTTGTCTA-1,at10_1,0.24103486020459094,Neuron-like
5164,cellranger-arc201_count_9b9f744826edc64cc288193e1d52754e#TGATCGAGTAATAACC-1,at10_1,0.18057721471944677,Neuron-like
5165,cellranger-arc201_count_9b9f744826edc64cc288193e1d52754e#TGATGAACATACCCGG-1,at10_1,0.1862280299929858,Neuron-like
5166,cellranger-arc201_count_9b9f744826edc64cc288193e1d52754e#TGCACACCAGGCGATA-1,at10_1,0.1443452481942329,Neuron-like
5167,cellranger-arc201_count_9b9f744826edc64cc288193e1d52754e#TGTAACTCAATACTGT-1,at10_1,0.18618987232403597,Neuron-like
5168,cellranger-arc201_count_9b9f744826edc64cc288193e1d52754e#TTGGGTTAGGCCAATT-1,at10_1,0.20203001026185147,Neuron-like
5169,cellranger-arc201_count_9b9f744826edc64cc288193e1d52754e#TTGTAAGTCGTACCGA-1,at10_1,0.42996557659004603,Neuron-like
5170,cellranger-arc201_count_9b9f744826edc64cc288193e1d52754e#TTTCATCAGCTTCCCG-1,at10_1,0.19019967117444328,Neuron-like
5171,cellranger-arc201_count_9b9f744826edc64cc288193e1d52754e#TTTCTCACATTAAAGG-1,at10_1,0.2148289917291199,Neuron-like
5172,cellranger-arc201_count_877c4ccf6b72738da66f3017a5f79449#AAGGATTAGTTACCGG-1,at10_1,0.07644478998410888,Neuron-like
5173,cellranger-arc201_count_877c4ccf6b72738da66f3017a5f79449#AATCCCTGTACAAAGA-1,at10_1,0.19175285952993382,Neuron-like
5174,cellranger-arc201_count_877c4ccf6b72738da66f3017a5f79449#AATCCCTGTCATTAGG-1,at10_1,0.196843462868457,Neuron-like
5175,cellranger-arc201_count_877c4ccf6b72738da66f3017a5f79449#AATCTTGAGCGAGTAA-1,at10_1,0.1294454232468895,Neuron-like
5176,cellranger-arc201_count_877c4ccf6b72738da66f3017a5f79449#ACCACATAGGACTTAC-1,at10_1,0.17063506075717833,Neuron-like
5177,cellranger-arc201_count_877c4ccf6b72738da66f3017a5f79449#AGAAACCCATTGCGTA-1,at10_1,0.18029314124531695,Neuron-like
5178,cellranger-arc201_count_877c4ccf6b72738da66f3017a5f79449#AGTTACATCTTAGGAC-1,at10_1,0.15353647148211577,Neuron-like
5179,cellranger-arc201_count_877c4ccf6b72738da66f3017a5f79449#ATACCTGCAAACTCAT-1,at10_1,0.19306769122443987,Neuron-like
5180,cellranger-arc201_count_877c4ccf6b72738da66f3017a5f79449#ATATGTCCAATCCCTT-1,at10_1,0.1964886424867741,Neuron-like
5181,cellranger-arc201_count_877c4ccf6b72738da66f3017a5f79449#ATCAGGTTCAAACACC-1,at10_1,0.1768575032479436,Neuron-like
5182,cellranger-arc201_count_877c4ccf6b72738da66f3017a5f79449#ATCTATGAGGTAACGA-1,at10_1,0.19345418205371884,Neuron-like
5183,cellranger-arc201_count_877c4ccf6b72738da66f3017a5f79449#ATGACCAGTTGTAAAC-1,at10_1,0.05091291735724774,Neuron-like
5184,cellranger-arc201_count_877c4ccf6b72738da66f3017a5f79449#ATTTAGCCATCACTTC-1,at10_1,0.19345956951007914,Neuron-like
5185,cellranger-arc201_count_877c4ccf6b72738da66f3017a5f79449#CAATGTGGTCTCAGCC-1,at10_1,0.19695811684929276,Neuron-like
5186,cellranger-arc201_count_877c4ccf6b72738da66f3017a5f79449#CACAATATCATCCACC-1,at10_1,0.17831465010103187,Neuron-like
5187,cellranger-arc201_count_877c4ccf6b72738da66f3017a5f79449#CACCTCAGTTCATCTA-1,at10_1,0.19273570140717788,Neuron-like
5188,cellranger-arc201_count_877c4ccf6b72738da66f3017a5f79449#CAGCTATAGGTCATTA-1,at10_1,0.35049146304987644,Neuron-like
5189,cellranger-arc201_count_877c4ccf6b72738da66f3017a5f79449#CATAGTCAGCGCCTAA-1,at10_1,0.20589519697615857,Neuron-like
5190,cellranger-arc201_count_877c4ccf6b72738da66f3017a5f79449#CATCAGCCAAGCCACT-1,at10_1,0.1710614076266628,Neuron-like
5191,cellranger-arc201_count_877c4ccf6b72738da66f3017a5f79449#CATCCCAGTTAAGTGT-1,at10_1,0.1967901869111163,Neuron-like
5192,cellranger-arc201_count_877c4ccf6b72738da66f3017a5f79449#CCAACCAAGGTCCAAT-1,at10_1,0.15635412507962768,Neuron-like
5193,cellranger-arc201_count_877c4ccf6b72738da66f3017a5f79449#CCCAGTTTCCTACCTA-1,at10_1,0.23675265374162985,Neuron-like
5194,cellranger-arc201_count_877c4ccf6b72738da66f3017a5f79449#CCGTGCTGTGCCTCAC-1,at10_1,0.18062886191091115,Neuron-like
5195,cellranger-arc201_count_877c4ccf6b72738da66f3017a5f79449#CCTGCTCCAGTTAGCC-1,at10_1,0.18375728960606466,Neuron-like
5196,cellranger-arc201_count_877c4ccf6b72738da66f3017a5f79449#CCTGTATGTTGTAACG-1,at10_1,0.22870448999313736,Neuron-like
5197,cellranger-arc201_count_877c4ccf6b72738da66f3017a5f79449#CCTTACTCAACCTAAT-1,at10_1,0.18988202006532368,Neuron-like
5198,cellranger-arc201_count_877c4ccf6b72738da66f3017a5f79449#CGACTAAGTTATCCGT-1,at10_1,0.11078768739586557,Neuron-like
5199,cellranger-arc201_count_877c4ccf6b72738da66f3017a5f79449#CGATATTCACACCAAC-1,at10_1,0.2098907684870304,Neuron-like
5200,cellranger-arc201_count_877c4ccf6b72738da66f3017a5f79449#CGCAATGTCTAACCTT-1,at10_1,0.18292664685126805,Neuron-like
5201,cellranger-arc201_count_877c4ccf6b72738da66f3017a5f79449#CGCACCACAGCTCAAC-1,at10_1,0.19278939499679457,Neuron-like
5202,cellranger-arc201_count_877c4ccf6b72738da66f3017a5f79449#CGCATTTGTAATAACC-1,at10_1,0.18643285078220823,Neuron-like
5203,cellranger-arc201_count_877c4ccf6b72738da66f3017a5f79449#CTAGGACGTTCGCTCA-1,at10_1,0.4731701367001622,Neuron-like
5204,cellranger-arc201_count_877c4ccf6b72738da66f3017a5f79449#CTATGACAGGTTACAC-1,at10_1,0.2032008005843678,Neuron-like
5205,cellranger-arc201_count_877c4ccf6b72738da66f3017a5f79449#CTATGACAGTCCTTTG-1,at10_1,0.20372253466568888,Neuron-like
5206,cellranger-arc201_count_877c4ccf6b72738da66f3017a5f79449#CTATGTTTCACGTTAA-1,at10_1,0.20167452166852698,Neuron-like
5207,cellranger-arc201_count_877c4ccf6b72738da66f3017a5f79449#CTATTACTCCGGAACC-1,at10_1,0.16035326038592132,Neuron-like
5208,cellranger-arc201_count_877c4ccf6b72738da66f3017a5f79449#CTTACCTCAATGAGGT-1,at10_1,0.17298003814472235,Neuron-like
5209,cellranger-arc201_count_877c4ccf6b72738da66f3017a5f79449#CTTTATGGTGGATTAT-1,at10_1,0.05509851851423391,Neuron-like
5210,cellranger-arc201_count_877c4ccf6b72738da66f3017a5f79449#GACCGTTCACCTACTT-1,at10_1,0.1957733358455307,Neuron-like
5211,cellranger-arc201_count_877c4ccf6b72738da66f3017a5f79449#GATTGGCGTTGCGCGA-1,at10_1,0.20018488302436654,Neuron-like
5212,cellranger-arc201_count_877c4ccf6b72738da66f3017a5f79449#GCAAGCCTCGTCAAGT-1,at10_1,0.19069328468251423,Neuron-like
5213,cellranger-arc201_count_877c4ccf6b72738da66f3017a5f79449#GCAATCTAGCATTAGC-1,at10_1,0.19033634829729965,Neuron-like
5214,cellranger-arc201_count_877c4ccf6b72738da66f3017a5f79449#GCAGGACCAGGCCATT-1,at10_1,0.167628637370918,Neuron-like
5215,cellranger-arc201_count_877c4ccf6b72738da66f3017a5f79449#GCCACTAAGCATGGTT-1,at10_1,0.16517550714496784,Neuron-like
5216,cellranger-arc201_count_877c4ccf6b72738da66f3017a5f79449#GCCTAATAGTCACTCC-1,at10_1,0.34190845156659677,Neuron-like
5217,cellranger-arc201_count_877c4ccf6b72738da66f3017a5f79449#GGAGGTTAGGAGTCTT-1,at10_1,0.04377361192830727,Neuron-like
5218,cellranger-arc201_count_877c4ccf6b72738da66f3017a5f79449#GGATGAATCCTACCTA-1,at10_1,0.11203301115857062,Neuron-like
5219,cellranger-arc201_count_877c4ccf6b72738da66f3017a5f79449#GGCATTAGTTGAGGTC-1,at10_1,0.12928132160457634,Neuron-like
5220,cellranger-arc201_count_877c4ccf6b72738da66f3017a5f79449#GGTCAGGAGTTATGGC-1,at10_1,0.18061494083504473,Neuron-like
5221,cellranger-arc201_count_877c4ccf6b72738da66f3017a5f79449#GGTGTTGTCCTCACAC-1,at10_1,0.1936528497274083,Neuron-like
5222,cellranger-arc201_count_877c4ccf6b72738da66f3017a5f79449#GGTTGGTGTCATTACC-1,at10_1,0.1860210096737765,Neuron-like
5223,cellranger-arc201_count_877c4ccf6b72738da66f3017a5f79449#GTAAGGTCAGGTTAAA-1,at10_1,0.20823427182753523,Neuron-like
5224,cellranger-arc201_count_877c4ccf6b72738da66f3017a5f79449#GTCGCAATCCGTTATT-1,at10_1,0.19428275056821134,Neuron-like
5225,cellranger-arc201_count_877c4ccf6b72738da66f3017a5f79449#GTCTAATCAGCCTGCA-1,at10_1,0.41596559606563116,Neuron-like
5226,cellranger-arc201_count_877c4ccf6b72738da66f3017a5f79449#GTCTTTAGTTCGCTTG-1,at10_1,0.1930280996846758,Neuron-like
5227,cellranger-arc201_count_877c4ccf6b72738da66f3017a5f79449#GTTCGCTTCAGGTCCA-1,at10_1,0.05386806246055419,Neuron-like
5228,cellranger-arc201_count_877c4ccf6b72738da66f3017a5f79449#GTTCTTGTCATTATGG-1,at10_1,0.2290512639929695,Neuron-like
5229,cellranger-arc201_count_877c4ccf6b72738da66f3017a5f79449#TACATCAAGGCGTAAA-1,at10_1,0.20551545786867478,Neuron-like
5230,cellranger-arc201_count_877c4ccf6b72738da66f3017a5f79449#TACTGCACAAGGTAAC-1,at10_1,0.06816273127944704,Neuron-like
5231,cellranger-arc201_count_877c4ccf6b72738da66f3017a5f79449#TAGCCGGGTTGGATAT-1,at10_1,0.1973852572201016,Neuron-like
5232,cellranger-arc201_count_877c4ccf6b72738da66f3017a5f79449#TCACGGATCTCCTCTT-1,at10_1,0.2003690031737756,Neuron-like
5233,cellranger-arc201_count_877c4ccf6b72738da66f3017a5f79449#TCATGAGGTGCCTCAC-1,at10_1,0.19948874570459113,Neuron-like
5234,cellranger-arc201_count_877c4ccf6b72738da66f3017a5f79449#TCCGGTTTCCGGGACT-1,at10_1,0.19847641898866208,Neuron-like
5235,cellranger-arc201_count_877c4ccf6b72738da66f3017a5f79449#TCCTTAGTCAGCATTA-1,at10_1,0.11366769349218311,Neuron-like
5236,cellranger-arc201_count_877c4ccf6b72738da66f3017a5f79449#TCGACAAGTTTCCGGC-1,at10_1,0.6793916645762431,Neuron-like
5237,cellranger-arc201_count_877c4ccf6b72738da66f3017a5f79449#TGAGAACCATCAGCAC-1,at10_1,0.17551925630383033,Neuron-like
5238,cellranger-arc201_count_877c4ccf6b72738da66f3017a5f79449#TGCATCCTCATTTGTC-1,at10_1,0.24856666340704675,Neuron-like
5239,cellranger-arc201_count_877c4ccf6b72738da66f3017a5f79449#TGCCATTGTAATGGCC-1,at10_1,0.1259907133755792,Neuron-like
5240,cellranger-arc201_count_877c4ccf6b72738da66f3017a5f79449#TGGATTCAGACTCGCA-1,at10_1,0.09826877013287744,Neuron-like
5241,cellranger-arc201_count_877c4ccf6b72738da66f3017a5f79449#TGTGATCAGCTAATCA-1,at10_1,0.18367915060722656,Neuron-like
5242,cellranger-arc201_count_877c4ccf6b72738da66f3017a5f79449#TTCATCCCAAGCTTTG-1,at10_1,0.19769426334110815,Neuron-like
5243,cellranger-arc201_count_877c4ccf6b72738da66f3017a5f79449#TTCTTAGGTATACTGG-1,at10_1,0.10524655627907795,Neuron-like
5244,cellranger-arc201_count_877c4ccf6b72738da66f3017a5f79449#TTGACTAAGTCGCAAT-1,at10_1,0.08227895278734637,Neuron-like
5245,cellranger-arc201_count_877c4ccf6b72738da66f3017a5f79449#TTGCAATCAGGAACAT-1,at10_1,0.24403384973633865,Neuron-like
5246,cellranger-arc201_count_877c4ccf6b72738da66f3017a5f79449#TTGCAGCCAAAGGCCA-1,at10_1,0.20702976465927048,Neuron-like
5247,cellranger-arc201_count_877c4ccf6b72738da66f3017a5f79449#TTGGATATCCTCCTAA-1,at10_1,0.18948724619590415,Neuron-like
5248,cellranger-arc201_count_877c4ccf6b72738da66f3017a5f79449#TTTAGGATCCGTTAAA-1,at10_1,0.029021677530430657,Neuron-like
5249,cellranger-arc201_count_651c086adc1acf13d5493f979b7a6fc4#AAACAGCCACGGTACT-1,at10_1,0.03245078654322264,Neuron-like
5250,cellranger-arc201_count_651c086adc1acf13d5493f979b7a6fc4#AAGCTCCCACAAACTT-1,at10_1,0.20321689334806936,Neuron-like
5251,cellranger-arc201_count_651c086adc1acf13d5493f979b7a6fc4#AGAAGGTGTTGCTGGG-1,at10_1,0.16677134967691304,Neuron-like
5252,cellranger-arc201_count_651c086adc1acf13d5493f979b7a6fc4#AGGAACGGTGAAGCCT-1,at10_1,0.19960710269160734,Neuron-like
5253,cellranger-arc201_count_651c086adc1acf13d5493f979b7a6fc4#ATCGCTTGTTACTTCA-1,at10_1,0.16580973744036534,Neuron-like
5254,cellranger-arc201_count_651c086adc1acf13d5493f979b7a6fc4#ATGATGGAGCATTAGC-1,at10_1,0.154343392723636,Neuron-like
5255,cellranger-arc201_count_651c086adc1acf13d5493f979b7a6fc4#ATTACTGAGGTCATTA-1,at10_1,0.8037439021250362,Neuron-like
5256,cellranger-arc201_count_651c086adc1acf13d5493f979b7a6fc4#ATTGTGATCGCTATGG-1,at10_1,0.16193086630848155,Neuron-like
5257,cellranger-arc201_count_651c086adc1acf13d5493f979b7a6fc4#CAAGGTAAGGTCATTA-1,at10_1,0.10062850386083985,Neuron-like
5258,cellranger-arc201_count_651c086adc1acf13d5493f979b7a6fc4#CAATATGTCCTCCATA-1,at10_1,0.18982016872524923,Neuron-like
5259,cellranger-arc201_count_651c086adc1acf13d5493f979b7a6fc4#CAATCCTGTTAGAGCC-1,at10_1,0.19337254886483823,Neuron-like
5260,cellranger-arc201_count_651c086adc1acf13d5493f979b7a6fc4#CAATGTCAGGCTAAGA-1,at10_1,0.1941707972760937,Neuron-like
5261,cellranger-arc201_count_651c086adc1acf13d5493f979b7a6fc4#CACCTGTTCCTGGTGA-1,at10_1,0.23653757311949392,Neuron-like
5262,cellranger-arc201_count_651c086adc1acf13d5493f979b7a6fc4#CACGCAATCCGGTATG-1,at10_1,0.19186001005087758,Neuron-like
5263,cellranger-arc201_count_651c086adc1acf13d5493f979b7a6fc4#CAGCCAATCGTCCTTA-1,at10_1,0.19957210510687914,Neuron-like
5264,cellranger-arc201_count_651c086adc1acf13d5493f979b7a6fc4#CATAACGGTAACGGGA-1,at10_1,0.18120633598000133,Neuron-like
5265,cellranger-arc201_count_651c086adc1acf13d5493f979b7a6fc4#CATGAGGCACCCACCT-1,at10_1,0.11116338939134808,Neuron-like
5266,cellranger-arc201_count_651c086adc1acf13d5493f979b7a6fc4#CCGGTTAAGACAAACG-1,at10_1,0.15109767996430803,Neuron-like
5267,cellranger-arc201_count_651c086adc1acf13d5493f979b7a6fc4#CCGTTTGGTAACGTGC-1,at10_1,0.20782226366619314,Neuron-like
5268,cellranger-arc201_count_651c086adc1acf13d5493f979b7a6fc4#CCTAGTTGTCTCACTG-1,at10_1,0.1896374824466544,Neuron-like
5269,cellranger-arc201_count_651c086adc1acf13d5493f979b7a6fc4#CGTTTCTCAAACCTAT-1,at10_1,0.07400114001082378,Neuron-like
5270,cellranger-arc201_count_651c086adc1acf13d5493f979b7a6fc4#CTAATCGCAATGAATG-1,at10_1,0.1889609181595472,Neuron-like
5271,cellranger-arc201_count_651c086adc1acf13d5493f979b7a6fc4#CTAATGTCAGCTAACC-1,at10_1,0.19830802965498207,Neuron-like
5272,cellranger-arc201_count_651c086adc1acf13d5493f979b7a6fc4#GATAAGCCACAACAGG-1,at10_1,0.3745535415262248,Neuron-like
5273,cellranger-arc201_count_651c086adc1acf13d5493f979b7a6fc4#GATCAAGAGTCTTGAA-1,at10_1,0.1935594949926482,Neuron-like
5274,cellranger-arc201_count_651c086adc1acf13d5493f979b7a6fc4#GATCCGTCATCCGTAA-1,at10_1,0.18859643655121297,Neuron-like
5275,cellranger-arc201_count_651c086adc1acf13d5493f979b7a6fc4#GCACGGTTCTTGCAAA-1,at10_1,0.18413587326425152,Neuron-like
5276,cellranger-arc201_count_651c086adc1acf13d5493f979b7a6fc4#GCTTAAATCCCTCAGT-1,at10_1,0.15440738790939387,Neuron-like
5277,cellranger-arc201_count_651c086adc1acf13d5493f979b7a6fc4#GGACGGATCAGCCAAT-1,at10_1,0.18656762071767086,Neuron-like
5278,cellranger-arc201_count_651c086adc1acf13d5493f979b7a6fc4#GGATACTTCTGCAACG-1,at10_1,0.1468186335855686,Neuron-like
5279,cellranger-arc201_count_651c086adc1acf13d5493f979b7a6fc4#GTACACCCATAAAGCA-1,at10_1,0.06253567928241198,Neuron-like
5280,cellranger-arc201_count_651c086adc1acf13d5493f979b7a6fc4#GTACTAGGTTTATTCG-1,at10_1,0.20185279496607214,Neuron-like
5281,cellranger-arc201_count_651c086adc1acf13d5493f979b7a6fc4#GTGCGGTTCTGTAAGC-1,at10_1,0.18672267366067086,Neuron-like
5282,cellranger-arc201_count_651c086adc1acf13d5493f979b7a6fc4#GTGCTTACATTTAAGC-1,at10_1,0.21309058345922685,Neuron-like
5283,cellranger-arc201_count_651c086adc1acf13d5493f979b7a6fc4#GTTTATCTCACTTTAC-1,at10_1,0.17330190733982948,Neuron-like
5284,cellranger-arc201_count_651c086adc1acf13d5493f979b7a6fc4#TAACCGGTCCTAATAG-1,at10_1,0.1422834950951908,Neuron-like
5285,cellranger-arc201_count_651c086adc1acf13d5493f979b7a6fc4#TACAAGCTCTACCTGC-1,at10_1,0.046751859057014025,Neuron-like
5286,cellranger-arc201_count_651c086adc1acf13d5493f979b7a6fc4#TAGCTAATCATTAGCA-1,at10_1,0.1933035838549961,Neuron-like
5287,cellranger-arc201_count_651c086adc1acf13d5493f979b7a6fc4#TAGGAGTCAGTTTGGC-1,at10_1,0.1219337220779848,Neuron-like
5288,cellranger-arc201_count_651c086adc1acf13d5493f979b7a6fc4#TATCACAAGGACAACA-1,at10_1,0.17026086223788936,Neuron-like
5289,cellranger-arc201_count_651c086adc1acf13d5493f979b7a6fc4#TCAGCCTTCGGTTACG-1,at10_1,0.1860057660957028,Neuron-like
5290,cellranger-arc201_count_651c086adc1acf13d5493f979b7a6fc4#TCATGAGGTTGCATCT-1,at10_1,0.189352114312469,Neuron-like
5291,cellranger-arc201_count_651c086adc1acf13d5493f979b7a6fc4#TCCTGTTCAGAAATGC-1,at10_1,0.19051739188894223,Neuron-like
5292,cellranger-arc201_count_651c086adc1acf13d5493f979b7a6fc4#TCGGTAAGTTGCACAA-1,at10_1,0.15795372630205684,Neuron-like
5293,cellranger-arc201_count_651c086adc1acf13d5493f979b7a6fc4#TTACGTTTCTAGCTTT-1,at10_1,0.5803208803810883,Neuron-like
5294,cellranger-arc201_count_651c086adc1acf13d5493f979b7a6fc4#TTGTCCATCTCCATAT-1,at10_1,0.19904104390472757,Neuron-like
5295,cellranger-arc201_count_651c086adc1acf13d5493f979b7a6fc4#TTTGGCTGTAACAGGG-1,at10_1,0.20951102937954666,Neuron-like
5296,cellranger-arc201_count_2f9565d51b615c158b1a36debec1ec4b#AACAGATAGTATTGTG-1,at10_1,0.19342459976750273,Neuron-like
5297,cellranger-arc201_count_2f9565d51b615c158b1a36debec1ec4b#AGGGCCTTCACCAATA-1,at10_1,0.18858330897667097,Neuron-like
5298,cellranger-arc201_count_2f9565d51b615c158b1a36debec1ec4b#AGGTCCGGTGAGGTAG-1,at10_1,0.5563541334322732,Neuron-like
5299,cellranger-arc201_count_2f9565d51b615c158b1a36debec1ec4b#AGTTTGCAGAAGGTGC-1,at10_1,0.21393748603063537,Neuron-like
5300,cellranger-arc201_count_2f9565d51b615c158b1a36debec1ec4b#ATTAGCTCAATTGCGC-1,at10_1,0.18526098853685014,Neuron-like
5301,cellranger-arc201_count_2f9565d51b615c158b1a36debec1ec4b#CACAGGGAGGCTAATC-1,at10_1,0.21278303905118626,Neuron-like
5302,cellranger-arc201_count_2f9565d51b615c158b1a36debec1ec4b#CATCATAAGGGATTAG-1,at10_1,0.15241084112971007,Neuron-like
5303,cellranger-arc201_count_2f9565d51b615c158b1a36debec1ec4b#CATTTGTTCTATGACA-1,at10_1,0.1531327463609142,Neuron-like
5304,cellranger-arc201_count_2f9565d51b615c158b1a36debec1ec4b#CCGATGCAGTGCTGTG-1,at10_1,0.17577818831494543,Neuron-like
5305,cellranger-arc201_count_2f9565d51b615c158b1a36debec1ec4b#CGTGCTTTCTTAGGGT-1,at10_1,0.1821474563928737,Neuron-like
5306,cellranger-arc201_count_2f9565d51b615c158b1a36debec1ec4b#CTGTTCATCCTCACTA-1,at10_1,0.17940493484181277,Neuron-like
5307,cellranger-arc201_count_2f9565d51b615c158b1a36debec1ec4b#CTTGACGAGCTGTCAG-1,at10_1,0.17836632513464795,Neuron-like
5308,cellranger-arc201_count_2f9565d51b615c158b1a36debec1ec4b#GATAAAGGTAGTTAAC-1,at10_1,0.24667122540138064,Neuron-like
5309,cellranger-arc201_count_2f9565d51b615c158b1a36debec1ec4b#GGCAATCGTAACCACA-1,at10_1,0.20124831400980112,Neuron-like
5310,cellranger-arc201_count_2f9565d51b615c158b1a36debec1ec4b#GGTACTTAGTTATCCT-1,at10_1,0.09915609950860203,Neuron-like
5311,cellranger-arc201_count_2f9565d51b615c158b1a36debec1ec4b#GGTCCGTAGGTCGATT-1,at10_1,0.19124493515587226,Neuron-like
5312,cellranger-arc201_count_2f9565d51b615c158b1a36debec1ec4b#GGTTAATGTAGGATTT-1,at10_1,0.2002828038720108,Neuron-like
5313,cellranger-arc201_count_2f9565d51b615c158b1a36debec1ec4b#TTAGCGGTCTACTAAG-1,at10_1,0.18606241095340317,Neuron-like
5314,cellranger-arc201_count_a166708bcbeb284b79da9df9facb9573#ATCCGTGAGATGCCTG-1,at10_1,0.21182629919119175,Neuron-like
5315,cellranger-arc201_count_a166708bcbeb284b79da9df9facb9573#CCAGGAACAGCAACCT-1,at10_1,0.5876369625919182,Neuron-like
5316,cellranger-arc201_count_a166708bcbeb284b79da9df9facb9573#CGCCACACATCGTTCT-1,at10_1,0.1539198718325524,Neuron-like
5317,cellranger-arc201_count_a166708bcbeb284b79da9df9facb9573#CTATGATCAAAGGTAC-1,at10_1,0.20882137928112493,Neuron-like
5318,cellranger-arc201_count_a166708bcbeb284b79da9df9facb9573#GTTGCATAGGTTACGT-1,at10_1,0.19385278421900157,Neuron-like
5319,cellranger-arc201_count_a166708bcbeb284b79da9df9facb9573#TAGCATATCTTGGATA-1,at10_1,0.23753373746634207,Neuron-like
5320,cellranger-arc201_count_a166708bcbeb284b79da9df9facb9573#TAGCCTCTCTTCAATC-1,at10_1,0.21259393515661698,Neuron-like
5321,cellranger-arc201_count_a166708bcbeb284b79da9df9facb9573#TGCTCTCAGTTATCTC-1,at10_1,0.23633181961818847,Neuron-like
5322,cellranger-arc201_count_a166708bcbeb284b79da9df9facb9573#TTTGTGTTCATGCATA-1,at10_1,0.19585396671694888,Neuron-like
5323,cellranger-arc201_count_2f9d72acefae69161ec2c2137f20c0cd#AACTCACAGCACTTGG-1,at10_1,0.1707130466241819,Neuron-like
5324,cellranger-arc201_count_2f9d72acefae69161ec2c2137f20c0cd#AATACCGGTAATGGAA-1,at10_1,0.181600984559738,Neuron-like
5325,cellranger-arc201_count_2f9d72acefae69161ec2c2137f20c0cd#AGCAACAAGGTAACGA-1,at10_1,0.17779288817755903,Neuron-like
5326,cellranger-arc201_count_2f9d72acefae69161ec2c2137f20c0cd#CCCGTAAAGTTAGTTG-1,at10_1,0.2813697575777584,Neuron-like
5327,cellranger-arc201_count_2f9d72acefae69161ec2c2137f20c0cd#CCTAAAGGTTAGCCAA-1,at10_1,0.17602495330575332,Neuron-like
5328,cellranger-arc201_count_2f9d72acefae69161ec2c2137f20c0cd#CTTGACGAGGACCGCT-1,at10_1,0.18728704799737075,Neuron-like
5329,cellranger-arc201_count_2f9d72acefae69161ec2c2137f20c0cd#GCAATGTTCGCTCACT-1,at10_1,0.19949055544445374,Neuron-like
5330,cellranger-arc201_count_2f9d72acefae69161ec2c2137f20c0cd#GTTTGTTTCCCTCACG-1,at10_1,0.20074451027419601,Neuron-like
5331,cellranger-arc201_count_2f9d72acefae69161ec2c2137f20c0cd#TAGGTTATCAGGCCTA-1,at10_1,0.23692510802946287,Neuron-like
5332,cellranger-arc201_count_2f9d72acefae69161ec2c2137f20c0cd#TCCTTCAAGCATGCAT-1,at10_1,0.20373665063661742,Neuron-like
5333,cellranger-arc201_count_2f9d72acefae69161ec2c2137f20c0cd#TGCTTGCTCATTATGG-1,at10_1,0.17499155008096254,Neuron-like
5334,cellranger-arc201_count_2f9d72acefae69161ec2c2137f20c0cd#TGTTGTGCAGAGGCTA-1,at10_1,0.19652957044982136,Neuron-like
5335,cellranger-arc201_count_0fb30af0fe36506de6b8a3b7f8b6b155#AACCTCACAAAGGTAC-1,at10_1,0.16833147072818508,Neuron-like
5336,cellranger-arc201_count_0fb30af0fe36506de6b8a3b7f8b6b155#GTTGGAGCAGGATGGC-1,at10_1,0.19447049019734566,Neuron-like
5337,cellranger-arc201_count_0fb30af0fe36506de6b8a3b7f8b6b155#TGCTATGCATATAACC-1,at10_1,0.16875309835295088,Neuron-like
5338,cellranger-arc201_count_e639e4f2fc11914d67363348c4a30ad1#CCTTCGTAGATTCCTT-1,at10_1,0.13175250746592518,Neuron-like
5339,cellranger-arc201_count_e639e4f2fc11914d67363348c4a30ad1#CGCTGTGCAATAGCCC-1,at10_1,0.1783877635914822,Neuron-like
5340,cellranger-arc201_count_cc6a172022bb6226a2cf33e34090eaca#GCCACAATCATGCTTT-1,at10_1,0.19335573220519162,Neuron-like
5341,cellranger-arc201_count_cc6a172022bb6226a2cf33e34090eaca#TTGGGCGGTTGCACGG-1,at10_1,0.15125345680325308,Neuron-like
5342,cellranger-arc201_count_3c475e5faf73bf8c98e14aeb2ca0ed42#GTTTAACCAATCCCTT-1,at10_1,0.16620685005053037,Neuron-like
5343,cellranger-arc201_count_9b9f744826edc64cc288193e1d52754e#ACCACATAGCACGATT-1,at10_1,0.27403326706970826,Neuron-like
5344,cellranger-arc201_count_9b9f744826edc64cc288193e1d52754e#AGAGATTAGGGTGAGT-1,at10_1,0.052226746734291354,Neuron-like
5345,cellranger-arc201_count_9b9f744826edc64cc288193e1d52754e#GTGCTCAAGTGTGATC-1,at10_1,0.2073542092534129,Neuron-like
5346,cellranger-arc201_count_877c4ccf6b72738da66f3017a5f79449#ACAGCGCTCTAGCGAT-1,at10_1,0.0385286099373498,Neuron-like
5347,cellranger-arc201_count_877c4ccf6b72738da66f3017a5f79449#ATTGTCCGTGCACGCA-1,at10_1,0.16259814523798588,Neuron-like
5348,cellranger-arc201_count_877c4ccf6b72738da66f3017a5f79449#GCCACAATCTTTGACT-1,at10_1,0.1994180266391898,Neuron-like
5349,cellranger-arc201_count_651c086adc1acf13d5493f979b7a6fc4#AACCTAATCTGGTCCT-1,at10_1,0.10165766115749138,Neuron-like
5350,cellranger-arc201_count_651c086adc1acf13d5493f979b7a6fc4#CATAAGCTCCTCCCTC-1,at10_1,0.4545485260410116,Neuron-like
5351,cellranger-arc201_count_651c086adc1acf13d5493f979b7a6fc4#GGATATTGTGTAATAC-1,at10_1,0.19895762881813606,Neuron-like
5352,cellranger-arc201_count_651c086adc1acf13d5493f979b7a6fc4#GTTGCCCGTACAATGT-1,at10_1,0.299338330568016,Neuron-like
5353,cellranger-arc201_count_a166708bcbeb284b79da9df9facb9573#GTTAATGTCATCGTTT-1,at10_1,0.17323873349754776,Neuron-like
5354,cellranger-arc201_count_2f9d72acefae69161ec2c2137f20c0cd#GGCTATGTCCTCCCTC-1,at10_1,0.29587794089775227,Neuron-like
5355,cellranger-arc201_count_1243e22655c16468279dae921b0de74a#TAGCATATCGTTCACC-1,at10_1,0.07363209925014334,Neuron-like
5356,cellranger-arc201_count_9b9f744826edc64cc288193e1d52754e#AACCGCTCACATACTG-1,at10_1,0.0831837531132833,Neuron-like
5357,cellranger-arc201_count_9b9f744826edc64cc288193e1d52754e#ACTCCTCAGTACTGGT-1,at10_1,0.2110754798854131,Neuron-like
5358,cellranger-arc201_count_9b9f744826edc64cc288193e1d52754e#AGTAATCGTTGTTCAC-1,at10_1,0.1829032176805849,Neuron-like
5359,cellranger-arc201_count_9b9f744826edc64cc288193e1d52754e#ATATGCTCACTGACTA-1,at10_1,0.18256897264903252,Neuron-like
5360,cellranger-arc201_count_9b9f744826edc64cc288193e1d52754e#ATGGTCTAGGGATGAC-1,at10_1,0.1579425198359844,Neuron-like
5361,cellranger-arc201_count_9b9f744826edc64cc288193e1d52754e#CCCTGTTAGCTTCCCG-1,at10_1,0.18729295053353812,Neuron-like
5362,cellranger-arc201_count_9b9f744826edc64cc288193e1d52754e#CCGATGCAGTAAGGGC-1,at10_1,0.19154489257756563,Neuron-like
5363,cellranger-arc201_count_9b9f744826edc64cc288193e1d52754e#CTTGTTTAGCTGTAAC-1,at10_1,0.19158714304282015,Neuron-like
5364,cellranger-arc201_count_9b9f744826edc64cc288193e1d52754e#GACGCAACAAAGGTAC-1,at10_1,0.19584097835316555,Neuron-like
5365,cellranger-arc201_count_9b9f744826edc64cc288193e1d52754e#GATTTGCAGCCTGTGA-1,at10_1,0.21154810041107755,Neuron-like
5366,cellranger-arc201_count_9b9f744826edc64cc288193e1d52754e#GCTTTATTCTCAATTC-1,at10_1,0.20069823661801606,Neuron-like
5367,cellranger-arc201_count_9b9f744826edc64cc288193e1d52754e#GGACCTCAGCCGCTTT-1,at10_1,0.18885980938552951,Neuron-like
5368,cellranger-arc201_count_9b9f744826edc64cc288193e1d52754e#GGATTTATCATGCTCC-1,at10_1,0.1772237667539887,Neuron-like
5369,cellranger-arc201_count_9b9f744826edc64cc288193e1d52754e#GGCCGTTAGTAACCAC-1,at10_1,0.19002664612249975,Neuron-like
5370,cellranger-arc201_count_9b9f744826edc64cc288193e1d52754e#GGTTGCTCATGCTCCC-1,at10_1,0.10086209951387812,Neuron-like
5371,cellranger-arc201_count_9b9f744826edc64cc288193e1d52754e#TATGCATCACTAAGTT-1,at10_1,0.21760151319867296,Neuron-like
5372,cellranger-arc201_count_9b9f744826edc64cc288193e1d52754e#TATTAGGTCAGGCCTA-1,at10_1,0.2001868876592913,Neuron-like
5373,cellranger-arc201_count_9b9f744826edc64cc288193e1d52754e#TGATCGAGTTGTAACG-1,at10_1,0.20705317990887778,Neuron-like
5374,cellranger-arc201_count_9b9f744826edc64cc288193e1d52754e#TTAGGATGTTGACTTC-1,at10_1,0.1538521179563106,Neuron-like
5375,cellranger-arc201_count_9b9f744826edc64cc288193e1d52754e#TTGACATCAACAACAA-1,at10_1,0.1988056385118267,Neuron-like
5376,cellranger-arc201_count_877c4ccf6b72738da66f3017a5f79449#AGTTACTCATGCAACC-1,at10_1,0.20061214868485822,Neuron-like
5377,cellranger-arc201_count_877c4ccf6b72738da66f3017a5f79449#ATCGGCCAGCTTTGTT-1,at10_1,0.2084595426772054,Neuron-like
5378,cellranger-arc201_count_877c4ccf6b72738da66f3017a5f79449#ATGACTCAGGTAAGCA-1,at10_1,0.16390114401800546,Neuron-like
5379,cellranger-arc201_count_877c4ccf6b72738da66f3017a5f79449#ATGGTTATCTGCAAGT-1,at10_1,0.18657012651132682,Neuron-like
5380,cellranger-arc201_count_877c4ccf6b72738da66f3017a5f79449#ATGTTCAAGTCAGTAC-1,at10_1,0.04367633841069077,Neuron-like
5381,cellranger-arc201_count_877c4ccf6b72738da66f3017a5f79449#CAATAGCTCTGGTCCT-1,at10_1,0.21511398399425694,Neuron-like
5382,cellranger-arc201_count_877c4ccf6b72738da66f3017a5f79449#CCATCATGTGATTTGG-1,at10_1,0.19730557298184231,Neuron-like
5383,cellranger-arc201_count_877c4ccf6b72738da66f3017a5f79449#CGACTAAGTCGCAATA-1,at10_1,0.19274781274318162,Neuron-like
5384,cellranger-arc201_count_877c4ccf6b72738da66f3017a5f79449#CTCTTGATCACGAATC-1,at10_1,0.19918384630096517,Neuron-like
5385,cellranger-arc201_count_877c4ccf6b72738da66f3017a5f79449#CTTATTGGTTGCCTCA-1,at10_1,0.2364146778617453,Neuron-like
5386,cellranger-arc201_count_877c4ccf6b72738da66f3017a5f79449#CTTATTGGTTTAACCC-1,at10_1,0.19160501770423263,Neuron-like
5387,cellranger-arc201_count_877c4ccf6b72738da66f3017a5f79449#GAACTTATCTACCTAT-1,at10_1,0.030978597967660743,Neuron-like
5388,cellranger-arc201_count_877c4ccf6b72738da66f3017a5f79449#GTAATAGCATGCTTAG-1,at10_1,0.21198920362098042,Neuron-like
5389,cellranger-arc201_count_877c4ccf6b72738da66f3017a5f79449#GTTTAACCAAGCTTTG-1,at10_1,0.1636827641008892,Neuron-like
5390,cellranger-arc201_count_877c4ccf6b72738da66f3017a5f79449#TGGAACAAGGAGGCAT-1,at10_1,0.0,Neuron-like
5391,cellranger-arc201_count_651c086adc1acf13d5493f979b7a6fc4#ATCAATCCACATGCTA-1,at10_1,0.2361436901989299,Neuron-like
5392,cellranger-arc201_count_651c086adc1acf13d5493f979b7a6fc4#ATTACGTCAGCTTAGC-1,at10_1,0.19802573807856313,Neuron-like
5393,cellranger-arc201_count_651c086adc1acf13d5493f979b7a6fc4#CCTATATTCTCAATTC-1,at10_1,0.19762300135374805,Neuron-like
5394,cellranger-arc201_count_651c086adc1acf13d5493f979b7a6fc4#CGGGACAAGTCACTAA-1,at10_1,0.05436918638905509,Neuron-like
5395,cellranger-arc201_count_651c086adc1acf13d5493f979b7a6fc4#GCCACAATCGTGCCTT-1,at10_1,0.19507357904603,Neuron-like
5396,cellranger-arc201_count_651c086adc1acf13d5493f979b7a6fc4#GCTGACATCAGCAAAG-1,at10_1,0.20479732524903047,Neuron-like
5397,cellranger-arc201_count_651c086adc1acf13d5493f979b7a6fc4#GGTGCTTCACAGGGAC-1,at10_1,0.24111156533261485,Neuron-like
5398,cellranger-arc201_count_2f9565d51b615c158b1a36debec1ec4b#AAGTGTTGTAAGTCGC-1,at10_1,0.1685391035747325,Neuron-like
5399,cellranger-arc201_count_2f9565d51b615c158b1a36debec1ec4b#AATACCGGTAGGTTGC-1,at10_1,0.1880505354821878,Neuron-like
5400,cellranger-arc201_count_2f9565d51b615c158b1a36debec1ec4b#ACACAATGTAGCCTCC-1,at10_1,0.19120594222237045,Neuron-like
5401,cellranger-arc201_count_2f9565d51b615c158b1a36debec1ec4b#AGTAGCTTCTTAGCGG-1,at10_1,0.18066147899166612,Neuron-like
5402,cellranger-arc201_count_2f9565d51b615c158b1a36debec1ec4b#AGTGATGAGAAAGCAT-1,at10_1,0.1958956046548653,Neuron-like
5403,cellranger-arc201_count_2f9565d51b615c158b1a36debec1ec4b#CTAATGTCAAACTAAG-1,at10_1,0.20647539957611855,Neuron-like
5404,cellranger-arc201_count_2f9565d51b615c158b1a36debec1ec4b#CTCACACTCATTAGCA-1,at10_1,0.18745624475345102,Neuron-like
5405,cellranger-arc201_count_2f9565d51b615c158b1a36debec1ec4b#GCAGGACCATTCAGCA-1,at10_1,0.19629069870902974,Neuron-like
5406,cellranger-arc201_count_2f9565d51b615c158b1a36debec1ec4b#GCCCAAATCCCGTTGT-1,at10_1,0.19911282097189476,Neuron-like
5407,cellranger-arc201_count_2f9565d51b615c158b1a36debec1ec4b#GCGGATACATGAAGTA-1,at10_1,0.2066712969557106,Neuron-like
5408,cellranger-arc201_count_2f9565d51b615c158b1a36debec1ec4b#GGAACCTGTATTTGGG-1,at10_1,0.20354932863975908,Neuron-like
5409,cellranger-arc201_count_2f9565d51b615c158b1a36debec1ec4b#GTGCATTAGGCCTTAG-1,at10_1,0.1873392937950974,Neuron-like
5410,cellranger-arc201_count_2f9565d51b615c158b1a36debec1ec4b#TAACAAGCATAGCGAG-1,at10_1,0.19809808590984082,Neuron-like
5411,cellranger-arc201_count_2f9565d51b615c158b1a36debec1ec4b#TACTCGCTCCGGTTAG-1,at10_1,0.17112341209857174,Neuron-like
5412,cellranger-arc201_count_2f9565d51b615c158b1a36debec1ec4b#TACTGCACATTTGCTC-1,at10_1,0.20277445371488326,Neuron-like
5413,cellranger-arc201_count_2f9565d51b615c158b1a36debec1ec4b#TCACATAAGTAACGAG-1,at10_1,0.20377209369577332,Neuron-like
5414,cellranger-arc201_count_2f9565d51b615c158b1a36debec1ec4b#TCACCTCAGCGGTTAT-1,at10_1,0.2011976969779509,Neuron-like
5415,cellranger-arc201_count_2f9565d51b615c158b1a36debec1ec4b#TCGGTTACACATAACT-1,at10_1,0.1815929103357355,Neuron-like
5416,cellranger-arc201_count_2f9565d51b615c158b1a36debec1ec4b#TGGACTAGTTTATTCG-1,at10_1,0.18773468019185496,Neuron-like
5417,cellranger-arc201_count_2f9565d51b615c158b1a36debec1ec4b#TTATGACCAACCTAAT-1,at10_1,0.20136711647124503,Neuron-like
5418,cellranger-arc201_count_2f9565d51b615c158b1a36debec1ec4b#TTGTTTGGTACGGGTT-1,at10_1,0.19207539693668255,Neuron-like
5419,cellranger-arc201_count_a166708bcbeb284b79da9df9facb9573#AAGCGAGGTTTGGCTT-1,at10_1,0.19268782682727328,Neuron-like
5420,cellranger-arc201_count_a166708bcbeb284b79da9df9facb9573#AAGTCTATCCCGTTTA-1,at10_1,0.19732747083418017,Neuron-like
5421,cellranger-arc201_count_a166708bcbeb284b79da9df9facb9573#ACCTGGATCTTAGCCC-1,at10_1,0.1989471880112363,Neuron-like
5422,cellranger-arc201_count_a166708bcbeb284b79da9df9facb9573#ACTTCGCTCCTAACGG-1,at10_1,0.20511720373028872,Neuron-like
5423,cellranger-arc201_count_a166708bcbeb284b79da9df9facb9573#AGCTTCCTCCCAGTAG-1,at10_1,0.1797725904554445,Neuron-like
5424,cellranger-arc201_count_a166708bcbeb284b79da9df9facb9573#ATCACACAGGACTTAC-1,at10_1,0.1995765320090047,Neuron-like
5425,cellranger-arc201_count_a166708bcbeb284b79da9df9facb9573#ATTTAGCCATGAAATG-1,at10_1,0.1689473948088183,Neuron-like
5426,cellranger-arc201_count_a166708bcbeb284b79da9df9facb9573#CAATAGCTCATGCTTT-1,at10_1,0.19607702411555628,Neuron-like
5427,cellranger-arc201_count_a166708bcbeb284b79da9df9facb9573#CATCATGCACCAGGTT-1,at10_1,0.17749329270383812,Neuron-like
5428,cellranger-arc201_count_a166708bcbeb284b79da9df9facb9573#CGCAATAGTAATCGCA-1,at10_1,0.18868858015237272,Neuron-like
5429,cellranger-arc201_count_a166708bcbeb284b79da9df9facb9573#CTGGTCAAGGACCTGC-1,at10_1,0.18152771793745312,Neuron-like
5430,cellranger-arc201_count_a166708bcbeb284b79da9df9facb9573#CTTCACTCATTCCTGT-1,at10_1,0.10608807139412621,Neuron-like
5431,cellranger-arc201_count_a166708bcbeb284b79da9df9facb9573#GACATTATCGTACCGA-1,at10_1,0.18640812695146944,Neuron-like
5432,cellranger-arc201_count_a166708bcbeb284b79da9df9facb9573#GATGCTTAGAGGATAT-1,at10_1,0.19203267315484857,Neuron-like
5433,cellranger-arc201_count_a166708bcbeb284b79da9df9facb9573#GCAGCAACAAGCGAGC-1,at10_1,0.19317218281989307,Neuron-like
5434,cellranger-arc201_count_a166708bcbeb284b79da9df9facb9573#GGGCTAACATGTGGGA-1,at10_1,0.20470828604778896,Neuron-like
5435,cellranger-arc201_count_a166708bcbeb284b79da9df9facb9573#GGTAAACCATAAACCT-1,at10_1,0.18705620871735404,Neuron-like
5436,cellranger-arc201_count_a166708bcbeb284b79da9df9facb9573#GTGCTGATCTATCGCC-1,at10_1,0.16656086300981304,Neuron-like
5437,cellranger-arc201_count_a166708bcbeb284b79da9df9facb9573#TACAATGTCCAAGTTA-1,at10_1,0.20043072922416724,Neuron-like
5438,cellranger-arc201_count_a166708bcbeb284b79da9df9facb9573#TACCAGGTCCCGAACA-1,at10_1,0.19901907644701042,Neuron-like
5439,cellranger-arc201_count_a166708bcbeb284b79da9df9facb9573#TAGCATATCTTTGTAC-1,at10_1,0.17680007880999468,Neuron-like
5440,cellranger-arc201_count_a166708bcbeb284b79da9df9facb9573#TCAGCGATCCTCAGTC-1,at10_1,0.18254267573672092,Neuron-like
5441,cellranger-arc201_count_a166708bcbeb284b79da9df9facb9573#TCTATGTTCATGTCAA-1,at10_1,0.19854667865855985,Neuron-like
5442,cellranger-arc201_count_a166708bcbeb284b79da9df9facb9573#TTTGCGGAGGATAAAC-1,at10_1,0.17959545868612037,Neuron-like
5443,cellranger-arc201_count_2f9d72acefae69161ec2c2137f20c0cd#AAGAATCAGACAGGTA-1,at10_1,0.17520345669780094,Neuron-like
5444,cellranger-arc201_count_2f9d72acefae69161ec2c2137f20c0cd#AAGCGAATCACACAGT-1,at10_1,0.19471576563303583,Neuron-like
5445,cellranger-arc201_count_2f9d72acefae69161ec2c2137f20c0cd#ACGAACAAGTAACTCA-1,at10_1,0.20884785716742288,Neuron-like
5446,cellranger-arc201_count_2f9d72acefae69161ec2c2137f20c0cd#ACGCCTTTCGCTTCTA-1,at10_1,0.20748420425985342,Neuron-like
5447,cellranger-arc201_count_2f9d72acefae69161ec2c2137f20c0cd#AGCTGCTCAACAGGTG-1,at10_1,0.2046720077240811,Neuron-like
5448,cellranger-arc201_count_2f9d72acefae69161ec2c2137f20c0cd#ATGCCTGAGTCACTCC-1,at10_1,0.202236487659102,Neuron-like
5449,cellranger-arc201_count_2f9d72acefae69161ec2c2137f20c0cd#CATCCTGGTCCTTCAG-1,at10_1,0.19174424238397256,Neuron-like
5450,cellranger-arc201_count_2f9d72acefae69161ec2c2137f20c0cd#CCTGAATAGAGGGACT-1,at10_1,0.2044207044625408,Neuron-like
5451,cellranger-arc201_count_2f9d72acefae69161ec2c2137f20c0cd#CCTTAACGTTCCGCAC-1,at10_1,0.19808802097198944,Neuron-like
5452,cellranger-arc201_count_2f9d72acefae69161ec2c2137f20c0cd#CGAAGCCTCTAATTGG-1,at10_1,0.20533476230392883,Neuron-like
5453,cellranger-arc201_count_2f9d72acefae69161ec2c2137f20c0cd#CGGTTTCTCAAACTCA-1,at10_1,0.2111098371006514,Neuron-like
5454,cellranger-arc201_count_2f9d72acefae69161ec2c2137f20c0cd#CGTTATCGTAACTACG-1,at10_1,0.17060428125843768,Neuron-like
5455,cellranger-arc201_count_2f9d72acefae69161ec2c2137f20c0cd#GGCTCAATCGTAACGT-1,at10_1,0.2103787300382996,Neuron-like
5456,cellranger-arc201_count_2f9d72acefae69161ec2c2137f20c0cd#GGGTCACTCTTTGTAC-1,at10_1,0.16372611433113718,Neuron-like
5457,cellranger-arc201_count_2f9d72acefae69161ec2c2137f20c0cd#GTGTGAGCACCTCACC-1,at10_1,0.18881924337045478,Neuron-like
5458,cellranger-arc201_count_2f9d72acefae69161ec2c2137f20c0cd#TACGGTTAGGTTACAC-1,at10_1,0.2098357802373581,Neuron-like
5459,cellranger-arc201_count_2f9d72acefae69161ec2c2137f20c0cd#TCCCTGGTCGCTTCTA-1,at10_1,0.18445280047742607,Neuron-like
5460,cellranger-arc201_count_2f9d72acefae69161ec2c2137f20c0cd#TCGTTAGCACAAACTT-1,at10_1,0.20473248087764473,Neuron-like
5461,cellranger-arc201_count_2f9d72acefae69161ec2c2137f20c0cd#TGGTCCTTCGCTATAA-1,at10_1,0.20520663272165449,Neuron-like
5462,cellranger-arc201_count_2f9d72acefae69161ec2c2137f20c0cd#TTGTCAAAGCCTCTGT-1,at10_1,0.20251719223287215,Neuron-like
5463,cellranger-arc201_count_2f9d72acefae69161ec2c2137f20c0cd#TTTACGAAGCTTAACA-1,at10_1,0.19587774391452875,Neuron-like
5464,cellranger-arc201_count_0fb30af0fe36506de6b8a3b7f8b6b155#GCAAACAAGGATGATG-1,at10_1,0.20513070717387913,Neuron-like
5465,cellranger-arc201_count_1243e22655c16468279dae921b0de74a#CTTATTGGTTGTTCAC-1,at10_1,0.2030825271238068,Neuron-like
5466,cellranger-arc201_count_1243e22655c16468279dae921b0de74a#TCTTGTCCATTATGGT-1,at10_1,0.2081161097355812,Neuron-like
5467,cellranger-arc201_count_e639e4f2fc11914d67363348c4a30ad1#AATCATCCAGCCTTGG-1,at10_1,0.17611479992939505,Neuron-like
5468,cellranger-arc201_count_e639e4f2fc11914d67363348c4a30ad1#TGCCGGTAGGCTACTG-1,at10_1,0.20160310654933236,Neuron-like
5469,cellranger-arc201_count_a166708bcbeb284b79da9df9facb9573#GGATGGCCACTGACCG-1,at10_1,0.20935912259969242,Neuron-like
5470,cellranger-arc201_count_9b9f744826edc64cc288193e1d52754e#ACCAGCTCAAAGCCTC-1,at10_1,0.19800335298856994,OPC-NPC-like
5471,cellranger-arc201_count_9b9f744826edc64cc288193e1d52754e#ACGACTTAGGTCCACA-1,at10_1,0.18600533454235096,OPC-NPC-like
5472,cellranger-arc201_count_9b9f744826edc64cc288193e1d52754e#CAATCCTGTTAGGATT-1,at10_1,0.1173387508035332,OPC-NPC-like
5473,cellranger-arc201_count_9b9f744826edc64cc288193e1d52754e#CAATGCCCAGGAATCG-1,at10_1,0.19180503572228114,OPC-NPC-like
5474,cellranger-arc201_count_9b9f744826edc64cc288193e1d52754e#CAGAATCTCATGTTTC-1,at10_1,0.18729902012261587,OPC-NPC-like
5475,cellranger-arc201_count_9b9f744826edc64cc288193e1d52754e#CATGCATAGGGCTTAT-1,at10_1,0.2098041237108379,OPC-NPC-like
5476,cellranger-arc201_count_9b9f744826edc64cc288193e1d52754e#CCAGCCTGTCCTTCTC-1,at10_1,0.13667981658453549,OPC-NPC-like
5477,cellranger-arc201_count_9b9f744826edc64cc288193e1d52754e#CGGCTCACACTTAACG-1,at10_1,0.1877690234860174,OPC-NPC-like
5478,cellranger-arc201_count_9b9f744826edc64cc288193e1d52754e#GCGGTTGGTCCTCCAA-1,at10_1,0.19183859943619502,OPC-NPC-like
5479,cellranger-arc201_count_9b9f744826edc64cc288193e1d52754e#TATGAAGCATCAGTAT-1,at10_1,0.20305379402321855,OPC-NPC-like
5480,cellranger-arc201_count_9b9f744826edc64cc288193e1d52754e#TCAGCCTTCATCCTAT-1,at10_1,0.19533423727055257,OPC-NPC-like
5481,cellranger-arc201_count_9b9f744826edc64cc288193e1d52754e#TCCTCAATCCGCCTCA-1,at10_1,0.1859240911435946,OPC-NPC-like
5482,cellranger-arc201_count_9b9f744826edc64cc288193e1d52754e#TGAGCCGGTCAACAAT-1,at10_1,0.20022550472374467,OPC-NPC-like
5483,cellranger-arc201_count_9b9f744826edc64cc288193e1d52754e#TTGTAAGTCCAAATCA-1,at10_1,0.21311945577057373,OPC-NPC-like
5484,cellranger-arc201_count_877c4ccf6b72738da66f3017a5f79449#AAGCGAATCGATTTGA-1,at10_1,0.20287546504136988,OPC-NPC-like
5485,cellranger-arc201_count_877c4ccf6b72738da66f3017a5f79449#ACCAGCTCATCACTTC-1,at10_1,0.23494642199011567,OPC-NPC-like
5486,cellranger-arc201_count_877c4ccf6b72738da66f3017a5f79449#CGTAGCGGTATTTGCC-1,at10_1,0.21168661511594825,OPC-NPC-like
5487,cellranger-arc201_count_877c4ccf6b72738da66f3017a5f79449#CTAGTAATCGATCAGT-1,at10_1,0.20439659315914016,OPC-NPC-like
5488,cellranger-arc201_count_877c4ccf6b72738da66f3017a5f79449#GGTTTAATCAGTGAAG-1,at10_1,0.2103506373072012,OPC-NPC-like
5489,cellranger-arc201_count_877c4ccf6b72738da66f3017a5f79449#GGTTTGTAGCCGCTAA-1,at10_1,0.18745553477858187,OPC-NPC-like
5490,cellranger-arc201_count_877c4ccf6b72738da66f3017a5f79449#GTTAAACGTCTTTATG-1,at10_1,0.19612345090357075,OPC-NPC-like
5491,cellranger-arc201_count_877c4ccf6b72738da66f3017a5f79449#GTTAGACTCTAGCTAA-1,at10_1,0.1930699464387302,OPC-NPC-like
5492,cellranger-arc201_count_877c4ccf6b72738da66f3017a5f79449#GTTCTTAGTTAGCGTA-1,at10_1,0.20420679321077762,OPC-NPC-like
5493,cellranger-arc201_count_877c4ccf6b72738da66f3017a5f79449#TCCATCATCCAATAGC-1,at10_1,0.18663797783509967,OPC-NPC-like
5494,cellranger-arc201_count_877c4ccf6b72738da66f3017a5f79449#TTGTGCCTCCCAGTAG-1,at10_1,0.20103660228802486,OPC-NPC-like
5495,cellranger-arc201_count_877c4ccf6b72738da66f3017a5f79449#TTTAACGAGTCGCTAG-1,at10_1,0.18918327950436128,OPC-NPC-like
5496,cellranger-arc201_count_651c086adc1acf13d5493f979b7a6fc4#AGGATATAGAGGATAT-1,at10_1,0.17825430223715097,OPC-NPC-like
5497,cellranger-arc201_count_651c086adc1acf13d5493f979b7a6fc4#CCTATATTCGGTACGC-1,at10_1,0.18682864089016593,OPC-NPC-like
5498,cellranger-arc201_count_651c086adc1acf13d5493f979b7a6fc4#GAGCTTGTCTAGCGAT-1,at10_1,0.20595505760238414,OPC-NPC-like
5499,cellranger-arc201_count_651c086adc1acf13d5493f979b7a6fc4#GATTCCTGTGATGATT-1,at10_1,0.17676949420631624,OPC-NPC-like
5500,cellranger-arc201_count_651c086adc1acf13d5493f979b7a6fc4#GCTCATTGTAGCTAAT-1,at10_1,0.15965187482054427,OPC-NPC-like
5501,cellranger-arc201_count_651c086adc1acf13d5493f979b7a6fc4#TATGAAGCAAGGAATC-1,at10_1,0.19483195093221684,OPC-NPC-like
5502,cellranger-arc201_count_651c086adc1acf13d5493f979b7a6fc4#TCCTGGTTCAAAGGCA-1,at10_1,0.1589331435946377,OPC-NPC-like
5503,cellranger-arc201_count_651c086adc1acf13d5493f979b7a6fc4#TTGCTCTCATTAAGTC-1,at10_1,0.17879697361657515,OPC-NPC-like
5504,cellranger-arc201_count_0fb30af0fe36506de6b8a3b7f8b6b155#AACGCCCAGTGTGATC-1,at10_1,0.17414225308450496,OPC-NPC-like
5505,cellranger-arc201_count_0fb30af0fe36506de6b8a3b7f8b6b155#AATGGCGCACTTCACT-1,at10_1,0.08424476183151716,OPC-NPC-like
5506,cellranger-arc201_count_0fb30af0fe36506de6b8a3b7f8b6b155#AGGGTTGCACAGCCAT-1,at10_1,0.06418125485788993,OPC-NPC-like
5507,cellranger-arc201_count_0fb30af0fe36506de6b8a3b7f8b6b155#ATACCGGTCGATTATG-1,at10_1,0.1774424250926223,OPC-NPC-like
5508,cellranger-arc201_count_0fb30af0fe36506de6b8a3b7f8b6b155#ATTCAACCAAATTCGT-1,at10_1,0.1329237154207175,OPC-NPC-like
5509,cellranger-arc201_count_0fb30af0fe36506de6b8a3b7f8b6b155#CCTGTTGGTGGGTGAA-1,at10_1,0.057734968427730786,OPC-NPC-like
5510,cellranger-arc201_count_0fb30af0fe36506de6b8a3b7f8b6b155#CGCTAACCAGGAACCA-1,at10_1,0.22182864788550655,OPC-NPC-like
5511,cellranger-arc201_count_0fb30af0fe36506de6b8a3b7f8b6b155#CTAATCCGTTAGACCA-1,at10_1,0.1961355343974228,OPC-NPC-like
5512,cellranger-arc201_count_0fb30af0fe36506de6b8a3b7f8b6b155#CTTATGTTCCCGCATT-1,at10_1,0.21413739268007698,OPC-NPC-like
5513,cellranger-arc201_count_0fb30af0fe36506de6b8a3b7f8b6b155#GGGATAATCCTGAGTG-1,at10_1,0.1936857869929082,OPC-NPC-like
5514,cellranger-arc201_count_0fb30af0fe36506de6b8a3b7f8b6b155#GTCGAAGCACTTCACT-1,at10_1,0.15413219608166676,OPC-NPC-like
5515,cellranger-arc201_count_0fb30af0fe36506de6b8a3b7f8b6b155#GTGCAAGCACAATGCC-1,at10_1,0.2123309381913489,OPC-NPC-like
5516,cellranger-arc201_count_0fb30af0fe36506de6b8a3b7f8b6b155#TAAGCCTAGCAAGGTA-1,at10_1,0.18697585626745317,OPC-NPC-like
5517,cellranger-arc201_count_0fb30af0fe36506de6b8a3b7f8b6b155#TCAGCAAGTTCATTTG-1,at10_1,0.11163098440862473,OPC-NPC-like
5518,cellranger-arc201_count_0fb30af0fe36506de6b8a3b7f8b6b155#TGAAGGATCTTGCTAT-1,at10_1,0.1817426175856028,OPC-NPC-like
5519,cellranger-arc201_count_0fb30af0fe36506de6b8a3b7f8b6b155#TGCAATATCCATCAGG-1,at10_1,0.1995933486686513,OPC-NPC-like
5520,cellranger-arc201_count_0fb30af0fe36506de6b8a3b7f8b6b155#TTAGGATGTAAGCACC-1,at10_1,0.2511905077863466,OPC-NPC-like
5521,cellranger-arc201_count_0fb30af0fe36506de6b8a3b7f8b6b155#TTTGGTGCAAATTCGT-1,at10_1,0.16286648789638672,OPC-NPC-like
5522,cellranger-arc201_count_1243e22655c16468279dae921b0de74a#AAACCGCGTACTTCAC-1,at10_1,0.20231745263634096,OPC-NPC-like
5523,cellranger-arc201_count_1243e22655c16468279dae921b0de74a#AAACGGATCACTTTAC-1,at10_1,0.20001610390056226,OPC-NPC-like
5524,cellranger-arc201_count_1243e22655c16468279dae921b0de74a#AATGAAGGTTTCCGGC-1,at10_1,0.19046592567146411,OPC-NPC-like
5525,cellranger-arc201_count_1243e22655c16468279dae921b0de74a#ACCAAACTCAATAGCC-1,at10_1,0.19573970252623749,OPC-NPC-like
5526,cellranger-arc201_count_1243e22655c16468279dae921b0de74a#AGCACTAGTTCCTCCT-1,at10_1,0.11764096343951697,OPC-NPC-like
5527,cellranger-arc201_count_1243e22655c16468279dae921b0de74a#AGCACTAGTTTACTTG-1,at10_1,0.19262149290076988,OPC-NPC-like
5528,cellranger-arc201_count_1243e22655c16468279dae921b0de74a#ATGCATTCAACTGGCT-1,at10_1,0.18760450421142824,OPC-NPC-like
5529,cellranger-arc201_count_1243e22655c16468279dae921b0de74a#ATGCGATTCGGGATTT-1,at10_1,0.2017312361316067,OPC-NPC-like
5530,cellranger-arc201_count_1243e22655c16468279dae921b0de74a#ATTAGTCCAGCTTACA-1,at10_1,0.13097142374121298,OPC-NPC-like
5531,cellranger-arc201_count_1243e22655c16468279dae921b0de74a#CGAAGAATCTCAATTC-1,at10_1,0.20329563095316977,OPC-NPC-like
5532,cellranger-arc201_count_1243e22655c16468279dae921b0de74a#CGACAAGCAACAGCCT-1,at10_1,0.045428779125057175,OPC-NPC-like
5533,cellranger-arc201_count_1243e22655c16468279dae921b0de74a#CGCAATGTCTCAATTC-1,at10_1,0.20652587739721012,OPC-NPC-like
5534,cellranger-arc201_count_1243e22655c16468279dae921b0de74a#CGGGTATGTGATCAGC-1,at10_1,0.19421824030264645,OPC-NPC-like
5535,cellranger-arc201_count_1243e22655c16468279dae921b0de74a#CGTTAAATCTCAATTC-1,at10_1,0.19777752529586518,OPC-NPC-like
5536,cellranger-arc201_count_1243e22655c16468279dae921b0de74a#CGTTTCTCAATTGACT-1,at10_1,0.068001845405659,OPC-NPC-like
5537,cellranger-arc201_count_1243e22655c16468279dae921b0de74a#CTAACCACATAATTGC-1,at10_1,0.1818436567542412,OPC-NPC-like
5538,cellranger-arc201_count_1243e22655c16468279dae921b0de74a#CTACAACAGATTCCTT-1,at10_1,0.1617499619275976,OPC-NPC-like
5539,cellranger-arc201_count_1243e22655c16468279dae921b0de74a#GAGCTGCTCAAGCTTA-1,at10_1,0.16725622074933993,OPC-NPC-like
5540,cellranger-arc201_count_1243e22655c16468279dae921b0de74a#GCGAAGTAGGGCCATC-1,at10_1,0.1248287072519346,OPC-NPC-like
5541,cellranger-arc201_count_1243e22655c16468279dae921b0de74a#TAGAGCCGTTCGCTCA-1,at10_1,0.19523459020950085,OPC-NPC-like
5542,cellranger-arc201_count_1243e22655c16468279dae921b0de74a#TCAGGAGCATGTCAAT-1,at10_1,0.20558016302930188,OPC-NPC-like
5543,cellranger-arc201_count_1243e22655c16468279dae921b0de74a#TTCTTAGGTAGCCTCC-1,at10_1,0.20534339337096602,OPC-NPC-like
5544,cellranger-arc201_count_1243e22655c16468279dae921b0de74a#TTTAACCTCCTTCGTA-1,at10_1,0.182368439551177,OPC-NPC-like
5545,cellranger-arc201_count_dae7bef086560538e47878293f38b2c6#AACTCACAGGGCTTAT-1,at10_1,0.20373812627065926,OPC-NPC-like
5546,cellranger-arc201_count_dae7bef086560538e47878293f38b2c6#ATACCGGTCGAAGCGG-1,at10_1,0.1973060045351942,OPC-NPC-like
5547,cellranger-arc201_count_dae7bef086560538e47878293f38b2c6#GCCTTTATCATGCTCC-1,at10_1,0.18634886493150618,OPC-NPC-like
5548,cellranger-arc201_count_dae7bef086560538e47878293f38b2c6#TGGCTATAGACTTACA-1,at10_1,0.19647168661636885,OPC-NPC-like
5549,cellranger-arc201_count_9b9f744826edc64cc288193e1d52754e#GACTCACCAATAAGCA-1,at10_1,0.18198031995602165,OPC-NPC-like
5550,cellranger-arc201_count_651c086adc1acf13d5493f979b7a6fc4#TGTAAAGCACGAATCC-1,at10_1,0.0985209225800456,OPC-NPC-like
5551,cellranger-arc201_count_9b9f744826edc64cc288193e1d52754e#AACCGGCTCTAGCTTT-1,at10_1,0.13142821600361732,OPC-NPC-like
5552,cellranger-arc201_count_9b9f744826edc64cc288193e1d52754e#ACTTGTAAGATGCCTG-1,at10_1,0.10050683365776748,OPC-NPC-like
5553,cellranger-arc201_count_9b9f744826edc64cc288193e1d52754e#AGAACAAGTAGCAGCT-1,at10_1,0.08371278183835841,OPC-NPC-like
5554,cellranger-arc201_count_9b9f744826edc64cc288193e1d52754e#AGGTTGCGTTCTTTAG-1,at10_1,0.1280719977440618,OPC-NPC-like
5555,cellranger-arc201_count_9b9f744826edc64cc288193e1d52754e#ATCATCAAGTTGGCCA-1,at10_1,0.1176020818746221,OPC-NPC-like
5556,cellranger-arc201_count_9b9f744826edc64cc288193e1d52754e#ATGCGATTCGCTAAAC-1,at10_1,0.20107137713553916,OPC-NPC-like
5557,cellranger-arc201_count_9b9f744826edc64cc288193e1d52754e#ATGGCCGGTTCGGGAT-1,at10_1,0.17652875704135848,OPC-NPC-like
5558,cellranger-arc201_count_9b9f744826edc64cc288193e1d52754e#CATTCCTCACATAACT-1,at10_1,0.42154324216441635,OPC-NPC-like
5559,cellranger-arc201_count_9b9f744826edc64cc288193e1d52754e#CCTATTTAGTTAACCA-1,at10_1,0.07978076699935463,OPC-NPC-like
5560,cellranger-arc201_count_9b9f744826edc64cc288193e1d52754e#CTAGCTGAGCGAGTAA-1,at10_1,0.26076578571523185,OPC-NPC-like
5561,cellranger-arc201_count_9b9f744826edc64cc288193e1d52754e#CTCAATAAGCTGAGGG-1,at10_1,0.42481065788102,OPC-NPC-like
5562,cellranger-arc201_count_9b9f744826edc64cc288193e1d52754e#GACAATACAGCTTAGC-1,at10_1,0.10863937304708621,OPC-NPC-like
5563,cellranger-arc201_count_9b9f744826edc64cc288193e1d52754e#GACTTACAGGCATTGT-1,at10_1,0.4003463716807396,OPC-NPC-like
5564,cellranger-arc201_count_9b9f744826edc64cc288193e1d52754e#GCACATTAGTTGGATC-1,at10_1,0.029841454885513524,OPC-NPC-like
5565,cellranger-arc201_count_9b9f744826edc64cc288193e1d52754e#GCCAACATCATCCTGC-1,at10_1,0.32901076967143555,OPC-NPC-like
5566,cellranger-arc201_count_9b9f744826edc64cc288193e1d52754e#GCCTCGACAGTCTAGC-1,at10_1,0.4307069295642354,OPC-NPC-like
5567,cellranger-arc201_count_9b9f744826edc64cc288193e1d52754e#GGCCTAATCCGTTAAA-1,at10_1,0.23879763194425288,OPC-NPC-like
5568,cellranger-arc201_count_9b9f744826edc64cc288193e1d52754e#GTTCCCAGTACCCACC-1,at10_1,0.04996647909339439,OPC-NPC-like
5569,cellranger-arc201_count_9b9f744826edc64cc288193e1d52754e#TACCGAAGTGGATTCA-1,at10_1,0.14815745129379243,OPC-NPC-like
5570,cellranger-arc201_count_9b9f744826edc64cc288193e1d52754e#TATCGCGAGCATGCAT-1,at10_1,0.245330096794563,OPC-NPC-like
5571,cellranger-arc201_count_9b9f744826edc64cc288193e1d52754e#TCCACAACACGCAACT-1,at10_1,0.4073880694862428,OPC-NPC-like
5572,cellranger-arc201_count_9b9f744826edc64cc288193e1d52754e#TTGTGCGAGCGCTAAT-1,at10_1,0.25236923312210674,OPC-NPC-like
5573,cellranger-arc201_count_9b9f744826edc64cc288193e1d52754e#TTTAACCTCTACTAAG-1,at10_1,0.15020693992499617,OPC-NPC-like
5574,cellranger-arc201_count_877c4ccf6b72738da66f3017a5f79449#AACCTTGCATTGTTGG-1,at10_1,0.051173074423039096,OPC-NPC-like
5575,cellranger-arc201_count_877c4ccf6b72738da66f3017a5f79449#AAGTGAAGTCGCATAA-1,at10_1,0.06429680674811902,OPC-NPC-like
5576,cellranger-arc201_count_877c4ccf6b72738da66f3017a5f79449#AATGTCCAGTAACAGG-1,at10_1,0.15051108759052537,OPC-NPC-like
5577,cellranger-arc201_count_877c4ccf6b72738da66f3017a5f79449#ACAAAGGTCCTAAATG-1,at10_1,0.44990774050588367,OPC-NPC-like
5578,cellranger-arc201_count_877c4ccf6b72738da66f3017a5f79449#ACCATTAAGGCTAAGA-1,at10_1,0.08132671639539467,OPC-NPC-like
5579,cellranger-arc201_count_877c4ccf6b72738da66f3017a5f79449#ACCGAAGCAACTCGCG-1,at10_1,0.15756282249172823,OPC-NPC-like
5580,cellranger-arc201_count_877c4ccf6b72738da66f3017a5f79449#ACCTTGTGTTAACGGC-1,at10_1,0.34447638890521715,OPC-NPC-like
5581,cellranger-arc201_count_877c4ccf6b72738da66f3017a5f79449#ACTCGCGCAAGGTAAC-1,at10_1,0.16575893943452882,OPC-NPC-like
5582,cellranger-arc201_count_877c4ccf6b72738da66f3017a5f79449#ATGCGATTCCTGATGG-1,at10_1,0.23283406578029925,OPC-NPC-like
5583,cellranger-arc201_count_877c4ccf6b72738da66f3017a5f79449#CATCACACAGCATTAT-1,at10_1,0.24550561371908663,OPC-NPC-like
5584,cellranger-arc201_count_877c4ccf6b72738da66f3017a5f79449#CATGCGGGTGGAAACG-1,at10_1,0.4102967669199209,OPC-NPC-like
5585,cellranger-arc201_count_877c4ccf6b72738da66f3017a5f79449#CCTGATGAGCACTAAC-1,at10_1,0.3578792666435702,OPC-NPC-like
5586,cellranger-arc201_count_877c4ccf6b72738da66f3017a5f79449#CGCAATGTCGTTTCGC-1,at10_1,0.4401968434559079,OPC-NPC-like
5587,cellranger-arc201_count_877c4ccf6b72738da66f3017a5f79449#CTACTTAGTCATGCCC-1,at10_1,0.43803350826626875,OPC-NPC-like
5588,cellranger-arc201_count_877c4ccf6b72738da66f3017a5f79449#CTGTTGGAGACAACGA-1,at10_1,0.05868252733819138,OPC-NPC-like
5589,cellranger-arc201_count_877c4ccf6b72738da66f3017a5f79449#GAGTTACTCGATTTGA-1,at10_1,0.24879045862267507,OPC-NPC-like
5590,cellranger-arc201_count_877c4ccf6b72738da66f3017a5f79449#GATGCGACATGAATAG-1,at10_1,0.14586034848615295,OPC-NPC-like
5591,cellranger-arc201_count_877c4ccf6b72738da66f3017a5f79449#GATTGCAGTCATTACC-1,at10_1,0.05265502863332128,OPC-NPC-like
5592,cellranger-arc201_count_877c4ccf6b72738da66f3017a5f79449#GCTTGTTGTCGCGCAA-1,at10_1,0.13050100274553547,OPC-NPC-like
5593,cellranger-arc201_count_877c4ccf6b72738da66f3017a5f79449#GGTATTGGTTAAGCGC-1,at10_1,0.07957589748636669,OPC-NPC-like
5594,cellranger-arc201_count_877c4ccf6b72738da66f3017a5f79449#GGTGAGTAGCATTAGC-1,at10_1,0.2506253399483223,OPC-NPC-like
5595,cellranger-arc201_count_877c4ccf6b72738da66f3017a5f79449#GGTTGCGGTGGATTAT-1,at10_1,0.25191270536014393,OPC-NPC-like
5596,cellranger-arc201_count_877c4ccf6b72738da66f3017a5f79449#GTGGACACAATTAGCT-1,at10_1,0.3475230720428832,OPC-NPC-like
5597,cellranger-arc201_count_877c4ccf6b72738da66f3017a5f79449#GTTTGTTTCAAGCTAC-1,at10_1,0.18173892850049822,OPC-NPC-like
5598,cellranger-arc201_count_877c4ccf6b72738da66f3017a5f79449#TGAGCAAAGGAACGCG-1,at10_1,0.11197284426867601,OPC-NPC-like
5599,cellranger-arc201_count_877c4ccf6b72738da66f3017a5f79449#TGTGCTGAGCATGAAG-1,at10_1,0.11655815431647633,OPC-NPC-like
5600,cellranger-arc201_count_877c4ccf6b72738da66f3017a5f79449#TTTAACCTCGTCATTT-1,at10_1,0.11319952771079594,OPC-NPC-like
5601,cellranger-arc201_count_877c4ccf6b72738da66f3017a5f79449#TTTAGCTTCCGTCCAT-1,at10_1,0.3117613037761329,OPC-NPC-like
5602,cellranger-arc201_count_877c4ccf6b72738da66f3017a5f79449#TTTCACCCAAGATTCT-1,at10_1,0.33563104866831095,OPC-NPC-like
5603,cellranger-arc201_count_877c4ccf6b72738da66f3017a5f79449#TTTGAGTCACAATACT-1,at10_1,0.1885995409511312,OPC-NPC-like
5604,cellranger-arc201_count_651c086adc1acf13d5493f979b7a6fc4#AAGGTGCAGCTCAAAC-1,at10_1,0.37037911203262136,OPC-NPC-like
5605,cellranger-arc201_count_651c086adc1acf13d5493f979b7a6fc4#AAGTAGCCAATGCCCG-1,at10_1,0.4021350628766621,OPC-NPC-like
5606,cellranger-arc201_count_651c086adc1acf13d5493f979b7a6fc4#ACGTTACAGGCTACTG-1,at10_1,0.09513708490597117,OPC-NPC-like
5607,cellranger-arc201_count_651c086adc1acf13d5493f979b7a6fc4#ACTTGTAAGGAACGGT-1,at10_1,0.34405535988671365,OPC-NPC-like
5608,cellranger-arc201_count_651c086adc1acf13d5493f979b7a6fc4#AGGATGTCAGGACACA-1,at10_1,0.42666814703387435,OPC-NPC-like
5609,cellranger-arc201_count_651c086adc1acf13d5493f979b7a6fc4#ATACCGGTCGTCAAGT-1,at10_1,0.44484754079705274,OPC-NPC-like
5610,cellranger-arc201_count_651c086adc1acf13d5493f979b7a6fc4#ATTATGGTCCTAACGG-1,at10_1,0.4084263311665109,OPC-NPC-like
5611,cellranger-arc201_count_651c086adc1acf13d5493f979b7a6fc4#CGATTTGCATGAATCT-1,at10_1,0.30633943451629275,OPC-NPC-like
5612,cellranger-arc201_count_651c086adc1acf13d5493f979b7a6fc4#GAACCTGTCGGCTATG-1,at10_1,0.387554907594439,OPC-NPC-like
5613,cellranger-arc201_count_651c086adc1acf13d5493f979b7a6fc4#GACAATACAACCGCCA-1,at10_1,0.2412789801909842,OPC-NPC-like
5614,cellranger-arc201_count_651c086adc1acf13d5493f979b7a6fc4#GATCGCTCACCAGCAT-1,at10_1,0.44209211440866364,OPC-NPC-like
5615,cellranger-arc201_count_651c086adc1acf13d5493f979b7a6fc4#GCTAACAGTCCGCTGT-1,at10_1,0.4518326355080831,OPC-NPC-like
5616,cellranger-arc201_count_651c086adc1acf13d5493f979b7a6fc4#GGCGGTAAGTTTGCGG-1,at10_1,0.2290706699727273,OPC-NPC-like
5617,cellranger-arc201_count_651c086adc1acf13d5493f979b7a6fc4#GGGCAATAGCACTAGT-1,at10_1,0.07278031038110568,OPC-NPC-like
5618,cellranger-arc201_count_651c086adc1acf13d5493f979b7a6fc4#GTCAAACTCACGCGGT-1,at10_1,0.1659578994508115,OPC-NPC-like
5619,cellranger-arc201_count_651c086adc1acf13d5493f979b7a6fc4#TGAACAACACTGACTA-1,at10_1,0.15056732873702564,OPC-NPC-like
5620,cellranger-arc201_count_651c086adc1acf13d5493f979b7a6fc4#TGCAGGCTCACAGCCA-1,at10_1,0.10907586838087731,OPC-NPC-like
5621,cellranger-arc201_count_651c086adc1acf13d5493f979b7a6fc4#TGCTTCATCATAATCG-1,at10_1,0.2622075637005636,OPC-NPC-like
5622,cellranger-arc201_count_651c086adc1acf13d5493f979b7a6fc4#TGGCGGTTCCCTGACT-1,at10_1,0.4857814063804481,OPC-NPC-like
5623,cellranger-arc201_count_651c086adc1acf13d5493f979b7a6fc4#TGTTGCACAACATAAG-1,at10_1,0.1625296953079508,OPC-NPC-like
5624,cellranger-arc201_count_651c086adc1acf13d5493f979b7a6fc4#TTAACTGAGCATCCAG-1,at10_1,0.07865590230612157,OPC-NPC-like
5625,cellranger-arc201_count_651c086adc1acf13d5493f979b7a6fc4#TTCCTTCTCAAATCGC-1,at10_1,0.16613018668573412,OPC-NPC-like
5626,cellranger-arc201_count_651c086adc1acf13d5493f979b7a6fc4#TTGTGCGAGAGGGACT-1,at10_1,0.33384503031895474,OPC-NPC-like
5627,cellranger-arc201_count_2f9565d51b615c158b1a36debec1ec4b#ACATCATCATGGAGGC-1,at10_1,0.27508993241227175,OPC-NPC-like
5628,cellranger-arc201_count_2f9565d51b615c158b1a36debec1ec4b#ACCTAAATCAGGGCCT-1,at10_1,0.1744466791715515,OPC-NPC-like
5629,cellranger-arc201_count_2f9565d51b615c158b1a36debec1ec4b#CGCTCAGCAGGTTATT-1,at10_1,0.15006569668925565,OPC-NPC-like
5630,cellranger-arc201_count_2f9565d51b615c158b1a36debec1ec4b#GCCTATTGTTTATCTG-1,at10_1,0.06482738071261528,OPC-NPC-like
5631,cellranger-arc201_count_2f9565d51b615c158b1a36debec1ec4b#GCTGCACAGCCTGATG-1,at10_1,0.3698473826188282,OPC-NPC-like
5632,cellranger-arc201_count_2f9565d51b615c158b1a36debec1ec4b#GGATTATGTTGGATAT-1,at10_1,0.37844342422911886,OPC-NPC-like
5633,cellranger-arc201_count_2f9565d51b615c158b1a36debec1ec4b#GGGCCTAGTGCAATAT-1,at10_1,0.1756164393344537,OPC-NPC-like
5634,cellranger-arc201_count_2f9565d51b615c158b1a36debec1ec4b#GGTAACTTCCGCCTAT-1,at10_1,0.23890604928310044,OPC-NPC-like
5635,cellranger-arc201_count_2f9565d51b615c158b1a36debec1ec4b#GTTCATTTCTCAATTC-1,at10_1,0.15969379117997803,OPC-NPC-like
5636,cellranger-arc201_count_a166708bcbeb284b79da9df9facb9573#ACATCAATCTTGGATA-1,at10_1,0.3497259152458312,OPC-NPC-like
5637,cellranger-arc201_count_a166708bcbeb284b79da9df9facb9573#AGGCCCAGTCACCAAA-1,at10_1,0.4105258521443786,OPC-NPC-like
5638,cellranger-arc201_count_a166708bcbeb284b79da9df9facb9573#AGTCTTGCATGCTTAG-1,at10_1,0.3276117572311653,OPC-NPC-like
5639,cellranger-arc201_count_a166708bcbeb284b79da9df9facb9573#ATCACACAGAGCAAGC-1,at10_1,0.169745197745646,OPC-NPC-like
5640,cellranger-arc201_count_a166708bcbeb284b79da9df9facb9573#CTTCAATTCGTTTCTG-1,at10_1,0.26898289564043903,OPC-NPC-like
5641,cellranger-arc201_count_a166708bcbeb284b79da9df9facb9573#GTTCGCGCAGGCCTTG-1,at10_1,0.09662918758055997,OPC-NPC-like
5642,cellranger-arc201_count_a166708bcbeb284b79da9df9facb9573#GTTTGTAAGGAACACA-1,at10_1,0.23654857076942837,OPC-NPC-like
5643,cellranger-arc201_count_a166708bcbeb284b79da9df9facb9573#TTGCTCTCAGGATGGC-1,at10_1,0.24110148647368757,OPC-NPC-like
5644,cellranger-arc201_count_a166708bcbeb284b79da9df9facb9573#TTTAACGAGCAAGATG-1,at10_1,0.2559697523420418,OPC-NPC-like
5645,cellranger-arc201_count_2f9d72acefae69161ec2c2137f20c0cd#CAAGTGAAGGCCTGGT-1,at10_1,0.03942063071564137,OPC-NPC-like
5646,cellranger-arc201_count_2f9d72acefae69161ec2c2137f20c0cd#CAGGGTGAGTTCCCAC-1,at10_1,0.18513713272486676,OPC-NPC-like
5647,cellranger-arc201_count_2f9d72acefae69161ec2c2137f20c0cd#CCTATAGCAGGTTTGC-1,at10_1,0.25116536632333186,OPC-NPC-like
5648,cellranger-arc201_count_2f9d72acefae69161ec2c2137f20c0cd#CCTGAATAGACTTACA-1,at10_1,0.19997459125232864,OPC-NPC-like
5649,cellranger-arc201_count_2f9d72acefae69161ec2c2137f20c0cd#CGAAGCGAGCACTAAC-1,at10_1,0.17352353086762262,OPC-NPC-like
5650,cellranger-arc201_count_2f9d72acefae69161ec2c2137f20c0cd#CTCATGACAGGGAGGA-1,at10_1,0.3647084731470486,OPC-NPC-like
5651,cellranger-arc201_count_2f9d72acefae69161ec2c2137f20c0cd#CTCCTGAGTCAGGCAT-1,at10_1,0.14352034092269322,OPC-NPC-like
5652,cellranger-arc201_count_2f9d72acefae69161ec2c2137f20c0cd#CTTGGACCATTATGCG-1,at10_1,0.09669465840035966,OPC-NPC-like
5653,cellranger-arc201_count_2f9d72acefae69161ec2c2137f20c0cd#GCAAGTCGTTCAAGCA-1,at10_1,0.16711678725346202,OPC-NPC-like
5654,cellranger-arc201_count_2f9d72acefae69161ec2c2137f20c0cd#GTGATGAAGGTGAAAT-1,at10_1,0.17842423681025218,OPC-NPC-like
5655,cellranger-arc201_count_2f9d72acefae69161ec2c2137f20c0cd#TACCAGGTCAGCACCA-1,at10_1,0.1588084664391782,OPC-NPC-like
5656,cellranger-arc201_count_2f9d72acefae69161ec2c2137f20c0cd#TAGGAGGGTTCCGGGA-1,at10_1,0.18018922041397425,OPC-NPC-like
5657,cellranger-arc201_count_2f9d72acefae69161ec2c2137f20c0cd#TCGTTAAAGTTGCCTC-1,at10_1,0.23531148828363624,OPC-NPC-like
5658,cellranger-arc201_count_2f9d72acefae69161ec2c2137f20c0cd#TCTATGTTCGTTAGCG-1,at10_1,0.19700659003545953,OPC-NPC-like
5659,cellranger-arc201_count_2f9d72acefae69161ec2c2137f20c0cd#TTTGTGGCATTAAAGG-1,at10_1,0.37729610484051335,OPC-NPC-like
5660,cellranger-arc201_count_0fb30af0fe36506de6b8a3b7f8b6b155#CATAGGCGTTCCTCCT-1,at10_1,0.3680005013257841,OPC-NPC-like
5661,cellranger-arc201_count_0fb30af0fe36506de6b8a3b7f8b6b155#CTCGACAAGTGGACAA-1,at10_1,0.6858426911327349,OPC-NPC-like
5662,cellranger-arc201_count_0fb30af0fe36506de6b8a3b7f8b6b155#TATTCGTTCGCATCCT-1,at10_1,0.2867831071391683,OPC-NPC-like
5663,cellranger-arc201_count_0fb30af0fe36506de6b8a3b7f8b6b155#TCTCAAGCATTAAAGG-1,at10_1,0.285816761736826,OPC-NPC-like
5664,cellranger-arc201_count_1243e22655c16468279dae921b0de74a#CTAACCCTCTAAGGTC-1,at10_1,0.14757478466340407,OPC-NPC-like
5665,cellranger-arc201_count_1243e22655c16468279dae921b0de74a#TCTCAAGCAAGACTCC-1,at10_1,0.41324519510412194,OPC-NPC-like
5666,cellranger-arc201_count_dae7bef086560538e47878293f38b2c6#GCGATTTAGTTATGGC-1,at10_1,0.14104173512790757,OPC-NPC-like
5667,cellranger-arc201_count_e639e4f2fc11914d67363348c4a30ad1#CTGTTAAAGCCAGGTC-1,at10_1,0.4272649157141153,OPC-NPC-like
5668,cellranger-arc201_count_e639e4f2fc11914d67363348c4a30ad1#GGTTTAATCGACCTGA-1,at10_1,0.358687273729008,OPC-NPC-like
5669,cellranger-arc201_count_e639e4f2fc11914d67363348c4a30ad1#TGTCCTGGTACCGTTT-1,at10_1,0.41031411258045053,OPC-NPC-like
5670,cellranger-arc201_count_e639e4f2fc11914d67363348c4a30ad1#TTAAGCCAGTCCTGAG-1,at10_1,0.13670568194349522,OPC-NPC-like
5671,cellranger-arc201_count_cc6a172022bb6226a2cf33e34090eaca#CAATGCCCAACACTTG-1,at10_1,0.34361166735669957,OPC-NPC-like
5672,cellranger-arc201_count_3c475e5faf73bf8c98e14aeb2ca0ed42#CAATGTCAGAAAGCAT-1,at10_1,0.34592253810837087,OPC-NPC-like
5673,cellranger-arc201_count_3c475e5faf73bf8c98e14aeb2ca0ed42#GAAAGGCTCCTAATAG-1,at10_1,0.40060847769715224,OPC-NPC-like
5674,cellranger-arc201_count_3c475e5faf73bf8c98e14aeb2ca0ed42#GATCGAGCAAATTCGT-1,at10_1,0.33404677455041065,OPC-NPC-like
5675,cellranger-arc201_count_3c475e5faf73bf8c98e14aeb2ca0ed42#GCGCGATTCGGCCAGT-1,at10_1,0.18098103728817944,OPC-NPC-like
5676,cellranger-arc201_count_3c475e5faf73bf8c98e14aeb2ca0ed42#GCTTGTTGTAAACAAG-1,at10_1,0.4145399386861527,OPC-NPC-like
5677,cellranger-arc201_count_9b9f744826edc64cc288193e1d52754e#AACTGTTCACAAACTT-1,at10_1,0.16427195971585887,OPC-NPC-like
5678,cellranger-arc201_count_9b9f744826edc64cc288193e1d52754e#AAGTGTTGTATTTGGG-1,at10_1,0.20491000243709315,OPC-NPC-like
5679,cellranger-arc201_count_9b9f744826edc64cc288193e1d52754e#ACAGGATCATGGTTAT-1,at10_1,0.2664299652216026,OPC-NPC-like
5680,cellranger-arc201_count_9b9f744826edc64cc288193e1d52754e#ACGAGTAAGGTCCAAT-1,at10_1,0.17487242743477371,OPC-NPC-like
5681,cellranger-arc201_count_9b9f744826edc64cc288193e1d52754e#ACTTAGTCACGAATCC-1,at10_1,0.1979052511669394,OPC-NPC-like
5682,cellranger-arc201_count_9b9f744826edc64cc288193e1d52754e#AGTGGACAGCTTGCTC-1,at10_1,0.1786816792662496,OPC-NPC-like
5683,cellranger-arc201_count_9b9f744826edc64cc288193e1d52754e#ATCGCTTGTCCTTAGT-1,at10_1,0.19096313081710864,OPC-NPC-like
5684,cellranger-arc201_count_9b9f744826edc64cc288193e1d52754e#ATGACCAGTTCTTTAG-1,at10_1,0.462318992168121,OPC-NPC-like
5685,cellranger-arc201_count_9b9f744826edc64cc288193e1d52754e#ATGCAAACAAGATTCT-1,at10_1,0.21066753667822402,OPC-NPC-like
5686,cellranger-arc201_count_9b9f744826edc64cc288193e1d52754e#ATTGACTCAGCACCAT-1,at10_1,0.12268143698384522,OPC-NPC-like
5687,cellranger-arc201_count_9b9f744826edc64cc288193e1d52754e#CCATTGTGTTCCAGGG-1,at10_1,0.19919850519385252,OPC-NPC-like
5688,cellranger-arc201_count_9b9f744826edc64cc288193e1d52754e#CCTAAAGGTGCCTCAC-1,at10_1,0.13693834488445045,OPC-NPC-like
5689,cellranger-arc201_count_9b9f744826edc64cc288193e1d52754e#CGAAGCCTCAGCACGC-1,at10_1,0.17876854677965598,OPC-NPC-like
5690,cellranger-arc201_count_9b9f744826edc64cc288193e1d52754e#CGACCTGCACTGGCCA-1,at10_1,0.17767822027564747,OPC-NPC-like
5691,cellranger-arc201_count_9b9f744826edc64cc288193e1d52754e#CGCCACACAAGTTATC-1,at10_1,0.4251065364274846,OPC-NPC-like
5692,cellranger-arc201_count_9b9f744826edc64cc288193e1d52754e#CTATAACCAATAATCC-1,at10_1,0.08273451999507446,OPC-NPC-like
5693,cellranger-arc201_count_9b9f744826edc64cc288193e1d52754e#CTATGGCCAGATAGAC-1,at10_1,0.1120915632036647,OPC-NPC-like
5694,cellranger-arc201_count_9b9f744826edc64cc288193e1d52754e#CTCACACTCTACCTGC-1,at10_1,0.17469125855344836,OPC-NPC-like
5695,cellranger-arc201_count_9b9f744826edc64cc288193e1d52754e#CTCAGGATCGCATCCT-1,at10_1,0.1915736395992298,OPC-NPC-like
5696,cellranger-arc201_count_9b9f744826edc64cc288193e1d52754e#GAGGTACAGTCAGTAC-1,at10_1,0.1332041694151221,OPC-NPC-like
5697,cellranger-arc201_count_9b9f744826edc64cc288193e1d52754e#GATCGCTCACCAGGTT-1,at10_1,0.09065023862777394,OPC-NPC-like
5698,cellranger-arc201_count_9b9f744826edc64cc288193e1d52754e#GCAATCTAGCATGCAT-1,at10_1,0.18710983270159143,OPC-NPC-like
5699,cellranger-arc201_count_9b9f744826edc64cc288193e1d52754e#GCGTAACGTATGTGGC-1,at10_1,0.11497386627750021,OPC-NPC-like
5700,cellranger-arc201_count_9b9f744826edc64cc288193e1d52754e#GGTTAATGTGATGATT-1,at10_1,0.17789291110765917,OPC-NPC-like
5701,cellranger-arc201_count_9b9f744826edc64cc288193e1d52754e#GGTTGACGTAATAACC-1,at10_1,0.117518833840941,OPC-NPC-like
5702,cellranger-arc201_count_9b9f744826edc64cc288193e1d52754e#GTCTCACTCTATTGTC-1,at10_1,0.0715096989840893,OPC-NPC-like
5703,cellranger-arc201_count_9b9f744826edc64cc288193e1d52754e#GTGAATCTCAGCTAAC-1,at10_1,0.24931673097472862,OPC-NPC-like
5704,cellranger-arc201_count_9b9f744826edc64cc288193e1d52754e#TACAGGTTCATTGTTC-1,at10_1,0.1832906551430228,OPC-NPC-like
5705,cellranger-arc201_count_9b9f744826edc64cc288193e1d52754e#TATCGAGGTCATTGAG-1,at10_1,0.09806665003237311,OPC-NPC-like
5706,cellranger-arc201_count_9b9f744826edc64cc288193e1d52754e#TCCACAACACCTAATG-1,at10_1,0.18575318209518274,OPC-NPC-like
5707,cellranger-arc201_count_9b9f744826edc64cc288193e1d52754e#TGAGTGAAGACACTTA-1,at10_1,0.10822023729490053,OPC-NPC-like
5708,cellranger-arc201_count_9b9f744826edc64cc288193e1d52754e#TTACCGTGTTTATCGC-1,at10_1,0.05799526470428081,OPC-NPC-like
5709,cellranger-arc201_count_9b9f744826edc64cc288193e1d52754e#TTCAACCGTAAACAAG-1,at10_1,0.17753072647684293,OPC-NPC-like
5710,cellranger-arc201_count_9b9f744826edc64cc288193e1d52754e#TTGTTTGGTGATTACG-1,at10_1,0.17405424404287756,OPC-NPC-like
5711,cellranger-arc201_count_9b9f744826edc64cc288193e1d52754e#TTTAGCTTCCGCTAGA-1,at10_1,0.18546277453153368,OPC-NPC-like
5712,cellranger-arc201_count_9b9f744826edc64cc288193e1d52754e#TTTCAGTTCATTCATC-1,at10_1,0.17167199993523916,OPC-NPC-like
5713,cellranger-arc201_count_877c4ccf6b72738da66f3017a5f79449#ACAGTATGTTCCTGTG-1,at10_1,0.1767335778305809,OPC-NPC-like
5714,cellranger-arc201_count_877c4ccf6b72738da66f3017a5f79449#ACCAATATCAGCCAAT-1,at10_1,0.0808351771276278,OPC-NPC-like
5715,cellranger-arc201_count_877c4ccf6b72738da66f3017a5f79449#ACTGAAACACTTGTTC-1,at10_1,0.1741883318456228,OPC-NPC-like
5716,cellranger-arc201_count_877c4ccf6b72738da66f3017a5f79449#AGAATCTGTTTGACCT-1,at10_1,0.14605250109633694,OPC-NPC-like
5717,cellranger-arc201_count_877c4ccf6b72738da66f3017a5f79449#AGTCGCATCCCTGGAA-1,at10_1,0.20906510947739398,OPC-NPC-like
5718,cellranger-arc201_count_877c4ccf6b72738da66f3017a5f79449#ATTGGTTCATCACAGC-1,at10_1,0.19803211393130996,OPC-NPC-like
5719,cellranger-arc201_count_877c4ccf6b72738da66f3017a5f79449#CAGCTATAGGCCGGAA-1,at10_1,0.07155499120442065,OPC-NPC-like
5720,cellranger-arc201_count_877c4ccf6b72738da66f3017a5f79449#CCAAATCAGGCCAATT-1,at10_1,0.19685524009864,OPC-NPC-like
5721,cellranger-arc201_count_877c4ccf6b72738da66f3017a5f79449#CCTAAGTAGCTCCTAC-1,at10_1,0.11385830086294592,OPC-NPC-like
5722,cellranger-arc201_count_877c4ccf6b72738da66f3017a5f79449#CCTGCTCCAAGACTCC-1,at10_1,0.20495134803241638,OPC-NPC-like
5723,cellranger-arc201_count_877c4ccf6b72738da66f3017a5f79449#CTAGCGGGTTTGCTGT-1,at10_1,0.1217263676529547,OPC-NPC-like
5724,cellranger-arc201_count_877c4ccf6b72738da66f3017a5f79449#CTGGTTACAATCCCTT-1,at10_1,0.18471593665345287,OPC-NPC-like
5725,cellranger-arc201_count_877c4ccf6b72738da66f3017a5f79449#GATCAAGAGATAGACG-1,at10_1,0.18077447636447372,OPC-NPC-like
5726,cellranger-arc201_count_877c4ccf6b72738da66f3017a5f79449#GGAACCTGTATTGTCC-1,at10_1,0.1752308672961819,OPC-NPC-like
5727,cellranger-arc201_count_877c4ccf6b72738da66f3017a5f79449#GGTTATATCCGTTAAA-1,at10_1,0.05965819986136418,OPC-NPC-like
5728,cellranger-arc201_count_877c4ccf6b72738da66f3017a5f79449#GGTTGCATCTTGACCC-1,at10_1,0.19091149754672013,OPC-NPC-like
5729,cellranger-arc201_count_877c4ccf6b72738da66f3017a5f79449#GTTCATTTCCTAAATG-1,at10_1,0.09098653005747866,OPC-NPC-like
5730,cellranger-arc201_count_877c4ccf6b72738da66f3017a5f79449#GTTTCTAGTACCGTTT-1,at10_1,0.11752440227128756,OPC-NPC-like
5731,cellranger-arc201_count_877c4ccf6b72738da66f3017a5f79449#TACCTGCTCACCAATA-1,at10_1,0.19818663787342702,OPC-NPC-like
5732,cellranger-arc201_count_877c4ccf6b72738da66f3017a5f79449#TACTGCACATTCAGCA-1,at10_1,0.06653272642732565,OPC-NPC-like
5733,cellranger-arc201_count_877c4ccf6b72738da66f3017a5f79449#TCGCATTGTGATTTGG-1,at10_1,0.08134536367651772,OPC-NPC-like
5734,cellranger-arc201_count_877c4ccf6b72738da66f3017a5f79449#TCTCGCCCACGTTACA-1,at10_1,0.17331115093420477,OPC-NPC-like
5735,cellranger-arc201_count_877c4ccf6b72738da66f3017a5f79449#TGCTTTAGTTGTCATC-1,at10_1,0.1951961541190337,OPC-NPC-like
5736,cellranger-arc201_count_877c4ccf6b72738da66f3017a5f79449#TTCACTGTCACACAGT-1,at10_1,0.04941304672232549,OPC-NPC-like
5737,cellranger-arc201_count_877c4ccf6b72738da66f3017a5f79449#TTCCTTCTCCAGCACA-1,at10_1,0.19617882894336727,OPC-NPC-like
5738,cellranger-arc201_count_877c4ccf6b72738da66f3017a5f79449#TTCGTTAGTTAACGAT-1,at10_1,0.06565434134284522,OPC-NPC-like
5739,cellranger-arc201_count_651c086adc1acf13d5493f979b7a6fc4#AACATAGCAGCACGAA-1,at10_1,0.1893297431435517,OPC-NPC-like
5740,cellranger-arc201_count_651c086adc1acf13d5493f979b7a6fc4#AATCCCTGTGAGGTGA-1,at10_1,0.1699529698029521,OPC-NPC-like
5741,cellranger-arc201_count_651c086adc1acf13d5493f979b7a6fc4#ACAACACTCTTGTCCA-1,at10_1,0.13588504844224658,OPC-NPC-like
5742,cellranger-arc201_count_651c086adc1acf13d5493f979b7a6fc4#ACGGGAAGTCAAAGAA-1,at10_1,0.18440159876038945,OPC-NPC-like
5743,cellranger-arc201_count_651c086adc1acf13d5493f979b7a6fc4#AGTTGTCAGGATTGCT-1,at10_1,0.17270878598146547,OPC-NPC-like
5744,cellranger-arc201_count_651c086adc1acf13d5493f979b7a6fc4#ATCAAGACATCCTAGA-1,at10_1,0.06694231232146698,OPC-NPC-like
5745,cellranger-arc201_count_651c086adc1acf13d5493f979b7a6fc4#ATCCTCATCCCTGACT-1,at10_1,0.1889407743627685,OPC-NPC-like
5746,cellranger-arc201_count_651c086adc1acf13d5493f979b7a6fc4#ATCGCCCGTAGTTAAC-1,at10_1,0.0703897275490233,OPC-NPC-like
5747,cellranger-arc201_count_651c086adc1acf13d5493f979b7a6fc4#CAACTAATCAGCACGC-1,at10_1,0.15869982636311677,OPC-NPC-like
5748,cellranger-arc201_count_651c086adc1acf13d5493f979b7a6fc4#CCGTTATGTAATTAGC-1,at10_1,0.12413436575094595,OPC-NPC-like
5749,cellranger-arc201_count_651c086adc1acf13d5493f979b7a6fc4#CCTGTTGGTATTGTGG-1,at10_1,0.1551629682231188,OPC-NPC-like
5750,cellranger-arc201_count_651c086adc1acf13d5493f979b7a6fc4#CTAAAGCTCAGCACCA-1,at10_1,0.17411126476962635,OPC-NPC-like
5751,cellranger-arc201_count_651c086adc1acf13d5493f979b7a6fc4#CTCAATAAGGATAAAC-1,at10_1,0.18634491134596012,OPC-NPC-like
5752,cellranger-arc201_count_651c086adc1acf13d5493f979b7a6fc4#CTCCTAATCGGGCCAT-1,at10_1,0.07620119899859855,OPC-NPC-like
5753,cellranger-arc201_count_651c086adc1acf13d5493f979b7a6fc4#CTGCAATAGGCTTAAC-1,at10_1,0.36613864095510773,OPC-NPC-like
5754,cellranger-arc201_count_651c086adc1acf13d5493f979b7a6fc4#CTGCTACTCTCAATAG-1,at10_1,0.17356309456523494,OPC-NPC-like
5755,cellranger-arc201_count_651c086adc1acf13d5493f979b7a6fc4#CTGGACCAGTGAACCT-1,at10_1,0.1542725066053243,OPC-NPC-like
5756,cellranger-arc201_count_651c086adc1acf13d5493f979b7a6fc4#GACTTGGTCCTCGATC-1,at10_1,0.13892513298995193,OPC-NPC-like
5757,cellranger-arc201_count_651c086adc1acf13d5493f979b7a6fc4#GATTCGCCACACAATT-1,at10_1,0.15453010219315622,OPC-NPC-like
5758,cellranger-arc201_count_651c086adc1acf13d5493f979b7a6fc4#GCTTTCATCACTTCAT-1,at10_1,0.1978780772268482,OPC-NPC-like
5759,cellranger-arc201_count_651c086adc1acf13d5493f979b7a6fc4#GGGTTACGTTAAGGTT-1,at10_1,0.0954787220288086,OPC-NPC-like
5760,cellranger-arc201_count_651c086adc1acf13d5493f979b7a6fc4#GGTCTTGAGGTAGCTT-1,at10_1,0.07325892392993058,OPC-NPC-like
5761,cellranger-arc201_count_651c086adc1acf13d5493f979b7a6fc4#GTGCAAGCATTAAAGG-1,at10_1,0.06987854564320893,OPC-NPC-like
5762,cellranger-arc201_count_651c086adc1acf13d5493f979b7a6fc4#TACCTGCTCTGGCTTC-1,at10_1,0.1639538770533874,OPC-NPC-like
5763,cellranger-arc201_count_651c086adc1acf13d5493f979b7a6fc4#TCACCTGGTAGCCTCC-1,at10_1,0.17340279337663334,OPC-NPC-like
5764,cellranger-arc201_count_651c086adc1acf13d5493f979b7a6fc4#TCTCAATTCCATTACT-1,at10_1,0.17651301230455357,OPC-NPC-like
5765,cellranger-arc201_count_651c086adc1acf13d5493f979b7a6fc4#TTGTTGTTCTACCTGC-1,at10_1,0.055640528642554435,OPC-NPC-like
5766,cellranger-arc201_count_651c086adc1acf13d5493f979b7a6fc4#TTTCTCACATGGCCCA-1,at10_1,0.1921605799999091,OPC-NPC-like
5767,cellranger-arc201_count_2f9565d51b615c158b1a36debec1ec4b#ACAGGCTGTCAATAGT-1,at10_1,0.1213924288850714,OPC-NPC-like
5768,cellranger-arc201_count_2f9565d51b615c158b1a36debec1ec4b#AGCAAATAGGCGCACT-1,at10_1,0.1204013457309145,OPC-NPC-like
5769,cellranger-arc201_count_2f9565d51b615c158b1a36debec1ec4b#AGTCGCATCAGCATTA-1,at10_1,0.18858742961512742,OPC-NPC-like
5770,cellranger-arc201_count_2f9565d51b615c158b1a36debec1ec4b#ATTAGCTCACGAATTT-1,at10_1,0.203132420259712,OPC-NPC-like
5771,cellranger-arc201_count_2f9565d51b615c158b1a36debec1ec4b#ATTGTCCGTTCACCCA-1,at10_1,0.18719791134859814,OPC-NPC-like
5772,cellranger-arc201_count_2f9565d51b615c158b1a36debec1ec4b#CGTAACTAGGAGCACG-1,at10_1,0.15890879563294733,OPC-NPC-like
5773,cellranger-arc201_count_2f9565d51b615c158b1a36debec1ec4b#CGTCCTAGTGCACGCA-1,at10_1,0.4514173419728365,OPC-NPC-like
5774,cellranger-arc201_count_2f9565d51b615c158b1a36debec1ec4b#CTGTAACAGCACTTGG-1,at10_1,0.17412384942220957,OPC-NPC-like
5775,cellranger-arc201_count_2f9565d51b615c158b1a36debec1ec4b#CTTTATGGTCAAGTGC-1,at10_1,0.19060104363382344,OPC-NPC-like
5776,cellranger-arc201_count_2f9565d51b615c158b1a36debec1ec4b#GATTGGTTCCAAACAC-1,at10_1,0.18923427240525992,OPC-NPC-like
5777,cellranger-arc201_count_2f9565d51b615c158b1a36debec1ec4b#GCCTCGACATAATTGC-1,at10_1,0.18433533443926536,OPC-NPC-like
5778,cellranger-arc201_count_2f9565d51b615c158b1a36debec1ec4b#GCTTTACGTTTGGCTT-1,at10_1,0.12515210776538702,OPC-NPC-like
5779,cellranger-arc201_count_2f9565d51b615c158b1a36debec1ec4b#TACCTGCTCCCTGGTT-1,at10_1,0.1954471371958291,OPC-NPC-like
5780,cellranger-arc201_count_2f9565d51b615c158b1a36debec1ec4b#TAGGTTGGTGTAATAC-1,at10_1,0.17547789678743125,OPC-NPC-like
5781,cellranger-arc201_count_2f9565d51b615c158b1a36debec1ec4b#TATCACAAGTTTCCGC-1,at10_1,0.11361883051589203,OPC-NPC-like
5782,cellranger-arc201_count_2f9565d51b615c158b1a36debec1ec4b#TGCATGAGTTCATCTA-1,at10_1,0.1883417226260854,OPC-NPC-like
5783,cellranger-arc201_count_a166708bcbeb284b79da9df9facb9573#CATCCTTCATTCAGCA-1,at10_1,0.049239945104464694,OPC-NPC-like
5784,cellranger-arc201_count_a166708bcbeb284b79da9df9facb9573#GGAGCATAGTTTGGTA-1,at10_1,0.19829825705972387,OPC-NPC-like
5785,cellranger-arc201_count_a166708bcbeb284b79da9df9facb9573#TAATTGCCAACCTGGT-1,at10_1,0.15628748488945518,OPC-NPC-like
5786,cellranger-arc201_count_2f9d72acefae69161ec2c2137f20c0cd#ACTTAGGGTGAGGTGA-1,at10_1,0.10938540350276682,OPC-NPC-like
5787,cellranger-arc201_count_2f9d72acefae69161ec2c2137f20c0cd#AGCAAATAGTCATGCG-1,at10_1,0.1681806080290209,OPC-NPC-like
5788,cellranger-arc201_count_2f9d72acefae69161ec2c2137f20c0cd#ATTAGCGGTTAACGGC-1,at10_1,0.17331074722300466,OPC-NPC-like
5789,cellranger-arc201_count_2f9d72acefae69161ec2c2137f20c0cd#CGGCCATAGTTAGTGC-1,at10_1,0.1963037705992683,OPC-NPC-like
5790,cellranger-arc201_count_2f9d72acefae69161ec2c2137f20c0cd#CTACAACAGTCATTAG-1,at10_1,0.17585515794341078,OPC-NPC-like
5791,cellranger-arc201_count_2f9d72acefae69161ec2c2137f20c0cd#CTTGAACAGGCTGTCA-1,at10_1,0.17727570628804626,OPC-NPC-like
5792,cellranger-arc201_count_2f9d72acefae69161ec2c2137f20c0cd#TCAGGTTAGCTCCTTA-1,at10_1,0.15620721596600956,OPC-NPC-like
5793,cellranger-arc201_count_2f9d72acefae69161ec2c2137f20c0cd#TGCTATGCACATGCTA-1,at10_1,0.07779665174041951,OPC-NPC-like
5794,cellranger-arc201_count_0fb30af0fe36506de6b8a3b7f8b6b155#CGATATTCAGTAAGTA-1,at10_1,0.1578531743710738,OPC-NPC-like
5795,cellranger-arc201_count_1243e22655c16468279dae921b0de74a#CTCTATGTCGCAACAT-1,at10_1,0.09948112878793083,OPC-NPC-like
5796,cellranger-arc201_count_1243e22655c16468279dae921b0de74a#GGCCTAATCCAAATCA-1,at10_1,0.09987704418557136,OPC-NPC-like
5797,cellranger-arc201_count_dae7bef086560538e47878293f38b2c6#CCAGCTGCATCCCGCT-1,at10_1,0.203440131720663,OPC-NPC-like
5798,cellranger-arc201_count_e639e4f2fc11914d67363348c4a30ad1#AATCATCCAGCTCATA-1,at10_1,0.0601888295101639,OPC-NPC-like
5799,cellranger-arc201_count_e639e4f2fc11914d67363348c4a30ad1#GTAGTTTCAGGATAAC-1,at10_1,0.20148196534714288,OPC-NPC-like
5800,cellranger-arc201_count_cc6a172022bb6226a2cf33e34090eaca#ACCATAATCTTTGTAC-1,at10_1,0.4486301198471686,OPC-NPC-like
5801,cellranger-arc201_count_cc6a172022bb6226a2cf33e34090eaca#GGCAAATCAATAACCT-1,at10_1,0.1786221805879966,OPC-NPC-like
5802,cellranger-arc201_count_9b9f744826edc64cc288193e1d52754e#AAAGGACGTTACTAGG-1,at10_1,0.10359238443925249,OPC-NPC-like
5803,cellranger-arc201_count_9b9f744826edc64cc288193e1d52754e#AATTGCTCACAGGATG-1,at10_1,0.10747192378277783,OPC-NPC-like
5804,cellranger-arc201_count_9b9f744826edc64cc288193e1d52754e#ACCTGGTCAGCATTAT-1,at10_1,0.1418804521067067,OPC-NPC-like
5805,cellranger-arc201_count_9b9f744826edc64cc288193e1d52754e#ACTTACTTCTAGCTTT-1,at10_1,0.18349633903894894,OPC-NPC-like
5806,cellranger-arc201_count_9b9f744826edc64cc288193e1d52754e#AGCAATACACAAACTT-1,at10_1,0.17326835754699144,OPC-NPC-like
5807,cellranger-arc201_count_9b9f744826edc64cc288193e1d52754e#AGCCTAGTCTCGCCCA-1,at10_1,0.062321461766979745,OPC-NPC-like
5808,cellranger-arc201_count_9b9f744826edc64cc288193e1d52754e#AGCTACGTCTGGCATG-1,at10_1,0.16459103077471687,OPC-NPC-like
5809,cellranger-arc201_count_9b9f744826edc64cc288193e1d52754e#AGGCTAGCACGGTTTA-1,at10_1,0.055240478685381574,OPC-NPC-like
5810,cellranger-arc201_count_9b9f744826edc64cc288193e1d52754e#ATGTCAATCCCTCTAA-1,at10_1,0.1400384571112917,OPC-NPC-like
5811,cellranger-arc201_count_9b9f744826edc64cc288193e1d52754e#CAGGATGCACATAACT-1,at10_1,0.05009155996005403,OPC-NPC-like
5812,cellranger-arc201_count_9b9f744826edc64cc288193e1d52754e#CAGGCTATCTGGCTTC-1,at10_1,0.06988343890137598,OPC-NPC-like
5813,cellranger-arc201_count_9b9f744826edc64cc288193e1d52754e#CATAATCCATGACTAT-1,at10_1,0.04204537996487253,OPC-NPC-like
5814,cellranger-arc201_count_9b9f744826edc64cc288193e1d52754e#CATAGTCAGGCAACAA-1,at10_1,0.14098575848184877,OPC-NPC-like
5815,cellranger-arc201_count_9b9f744826edc64cc288193e1d52754e#CCAGCCTGTAACGAGG-1,at10_1,0.039933712848311494,OPC-NPC-like
5816,cellranger-arc201_count_9b9f744826edc64cc288193e1d52754e#CCCAATTGTGGGAACA-1,at10_1,0.048216418883001134,OPC-NPC-like
5817,cellranger-arc201_count_9b9f744826edc64cc288193e1d52754e#CCGCCAACATTGTGCA-1,at10_1,0.15640046834118695,OPC-NPC-like
5818,cellranger-arc201_count_9b9f744826edc64cc288193e1d52754e#CGAATCTAGGTGTCCA-1,at10_1,0.10078937581355202,OPC-NPC-like
5819,cellranger-arc201_count_9b9f744826edc64cc288193e1d52754e#CTCCTCACATCATGGC-1,at10_1,0.15833192017011946,OPC-NPC-like
5820,cellranger-arc201_count_9b9f744826edc64cc288193e1d52754e#CTCCTGAGTCACAGAC-1,at10_1,0.16755720833064747,OPC-NPC-like
5821,cellranger-arc201_count_9b9f744826edc64cc288193e1d52754e#CTTATGTTCGGGATTT-1,at10_1,0.13055724389203574,OPC-NPC-like
5822,cellranger-arc201_count_9b9f744826edc64cc288193e1d52754e#GATAACGAGTTATTCC-1,at10_1,0.060155613823146666,OPC-NPC-like
5823,cellranger-arc201_count_9b9f744826edc64cc288193e1d52754e#GCCTGACAGTAACTCA-1,at10_1,0.1908309223596054,OPC-NPC-like
5824,cellranger-arc201_count_9b9f744826edc64cc288193e1d52754e#GGAGGTTAGCTAAAGG-1,at10_1,0.11386325676595435,OPC-NPC-like
5825,cellranger-arc201_count_9b9f744826edc64cc288193e1d52754e#GGTTTCTGTCCGGTTC-1,at10_1,0.05453934369937013,OPC-NPC-like
5826,cellranger-arc201_count_9b9f744826edc64cc288193e1d52754e#GGTTTGTAGTGAACCT-1,at10_1,0.15830893647386401,OPC-NPC-like
5827,cellranger-arc201_count_9b9f744826edc64cc288193e1d52754e#GTACACCCAAAGCCTC-1,at10_1,0.06134007464216379,OPC-NPC-like
5828,cellranger-arc201_count_9b9f744826edc64cc288193e1d52754e#GTAGTTATCATGTTTC-1,at10_1,0.05577664892237613,OPC-NPC-like
5829,cellranger-arc201_count_9b9f744826edc64cc288193e1d52754e#GTCATGCCACCTCGCT-1,at10_1,0.20026531900072264,OPC-NPC-like
5830,cellranger-arc201_count_9b9f744826edc64cc288193e1d52754e#TACCTGCTCCTTGAGG-1,at10_1,0.14491315848420283,OPC-NPC-like
5831,cellranger-arc201_count_9b9f744826edc64cc288193e1d52754e#TATGCATCAATCCTAG-1,at10_1,0.10679882584356135,OPC-NPC-like
5832,cellranger-arc201_count_9b9f744826edc64cc288193e1d52754e#TCCTGTTCATTGTCAG-1,at10_1,0.17329192592843326,OPC-NPC-like
5833,cellranger-arc201_count_9b9f744826edc64cc288193e1d52754e#TGCACACCACCGTTCC-1,at10_1,0.0733793690783267,OPC-NPC-like
5834,cellranger-arc201_count_9b9f744826edc64cc288193e1d52754e#TGGACCGGTTCAAGAT-1,at10_1,0.10677187464068398,OPC-NPC-like
5835,cellranger-arc201_count_9b9f744826edc64cc288193e1d52754e#TTAAAGGCACCATATG-1,at10_1,0.04901620557313985,OPC-NPC-like
5836,cellranger-arc201_count_9b9f744826edc64cc288193e1d52754e#TTCCTTCTCCCTGGTT-1,at10_1,0.1924703378590125,OPC-NPC-like
5837,cellranger-arc201_count_9b9f744826edc64cc288193e1d52754e#TTCGCAACAGTTATGT-1,at10_1,0.19233143336401745,OPC-NPC-like
5838,cellranger-arc201_count_9b9f744826edc64cc288193e1d52754e#TTGACTAAGTAACGAG-1,at10_1,0.16984182393323471,OPC-NPC-like
5839,cellranger-arc201_count_9b9f744826edc64cc288193e1d52754e#TTGGCTACATCCCTCA-1,at10_1,0.07490466655831893,OPC-NPC-like
5840,cellranger-arc201_count_9b9f744826edc64cc288193e1d52754e#TTTGTCCCATCCAGGT-1,at10_1,0.1500930237611814,OPC-NPC-like
5841,cellranger-arc201_count_877c4ccf6b72738da66f3017a5f79449#AAAGCTTGTCAAAGAA-1,at10_1,0.04803742168951091,OPC-NPC-like
5842,cellranger-arc201_count_877c4ccf6b72738da66f3017a5f79449#AACATTGTCTCTAGCC-1,at10_1,0.11262249911613349,OPC-NPC-like
5843,cellranger-arc201_count_877c4ccf6b72738da66f3017a5f79449#AACCCGCAGTTTAACG-1,at10_1,0.052528966330813054,OPC-NPC-like
5844,cellranger-arc201_count_877c4ccf6b72738da66f3017a5f79449#ACACTAATCTAGCTTT-1,at10_1,0.11293660035090716,OPC-NPC-like
5845,cellranger-arc201_count_877c4ccf6b72738da66f3017a5f79449#ACTTCGCTCCTCATCA-1,at10_1,0.1680880189534334,OPC-NPC-like
5846,cellranger-arc201_count_877c4ccf6b72738da66f3017a5f79449#AGCTAACTCTTGCTAT-1,at10_1,0.17034697801319895,OPC-NPC-like
5847,cellranger-arc201_count_877c4ccf6b72738da66f3017a5f79449#AGGCTAGCAGGACACA-1,at10_1,0.0837758860752608,OPC-NPC-like
5848,cellranger-arc201_count_877c4ccf6b72738da66f3017a5f79449#AGGTACGCACCGTTCC-1,at10_1,0.057501337972002874,OPC-NPC-like
5849,cellranger-arc201_count_877c4ccf6b72738da66f3017a5f79449#AGTTACTCAGCATGGA-1,at10_1,0.06375307040639108,OPC-NPC-like
5850,cellranger-arc201_count_877c4ccf6b72738da66f3017a5f79449#CCACAATAGATAAAGC-1,at10_1,0.1603770097413494,OPC-NPC-like
5851,cellranger-arc201_count_877c4ccf6b72738da66f3017a5f79449#CCGCTAGCACAAGCCT-1,at10_1,0.15532752926093557,OPC-NPC-like
5852,cellranger-arc201_count_877c4ccf6b72738da66f3017a5f79449#CCTGTTGGTGGTGAGA-1,at10_1,0.18120142184022045,OPC-NPC-like
5853,cellranger-arc201_count_877c4ccf6b72738da66f3017a5f79449#CGTGCACAGATAACCC-1,at10_1,0.11667685933038915,OPC-NPC-like
5854,cellranger-arc201_count_877c4ccf6b72738da66f3017a5f79449#CGTTTCTCATGTGGGA-1,at10_1,0.2360543447340193,OPC-NPC-like
5855,cellranger-arc201_count_877c4ccf6b72738da66f3017a5f79449#CTAGTAGGTTGTTGCT-1,at10_1,0.09155821295900841,OPC-NPC-like
5856,cellranger-arc201_count_877c4ccf6b72738da66f3017a5f79449#CTCCCTGAGGTAAGCA-1,at10_1,0.18941457817988155,OPC-NPC-like
5857,cellranger-arc201_count_877c4ccf6b72738da66f3017a5f79449#CTCTCACAGCTTACTT-1,at10_1,0.17755987720970717,OPC-NPC-like
5858,cellranger-arc201_count_877c4ccf6b72738da66f3017a5f79449#CTGTTTAGTTAGGACC-1,at10_1,0.1645815783642036,OPC-NPC-like
5859,cellranger-arc201_count_877c4ccf6b72738da66f3017a5f79449#CTTAGGAGTAATCGCA-1,at10_1,0.1529432526762207,OPC-NPC-like
5860,cellranger-arc201_count_877c4ccf6b72738da66f3017a5f79449#GACGCCTAGGCTGTGC-1,at10_1,0.054706709833973986,OPC-NPC-like
5861,cellranger-arc201_count_877c4ccf6b72738da66f3017a5f79449#GATGCATTCATGAGCT-1,at10_1,0.05775960177147639,OPC-NPC-like
5862,cellranger-arc201_count_877c4ccf6b72738da66f3017a5f79449#GCCACACAGTTATCCT-1,at10_1,0.07194837992679143,OPC-NPC-like
5863,cellranger-arc201_count_877c4ccf6b72738da66f3017a5f79449#GCGAAGTAGGATAAAC-1,at10_1,0.11124322676144191,OPC-NPC-like
5864,cellranger-arc201_count_877c4ccf6b72738da66f3017a5f79449#GCTAACCCATCTAGCA-1,at10_1,0.03143910019678345,OPC-NPC-like
5865,cellranger-arc201_count_877c4ccf6b72738da66f3017a5f79449#GGCAATCGTTAACAGT-1,at10_1,0.15449478442368317,OPC-NPC-like
5866,cellranger-arc201_count_877c4ccf6b72738da66f3017a5f79449#GGTTTCTGTAGCAGCT-1,at10_1,0.17716174836100387,OPC-NPC-like
5867,cellranger-arc201_count_877c4ccf6b72738da66f3017a5f79449#GTGCTTACAATCCTAG-1,at10_1,0.10468034436036369,OPC-NPC-like
5868,cellranger-arc201_count_877c4ccf6b72738da66f3017a5f79449#GTTAAGCTCGCACAAT-1,at10_1,0.09590884150985288,OPC-NPC-like
5869,cellranger-arc201_count_877c4ccf6b72738da66f3017a5f79449#TAAGCTGGTTTGTCTA-1,at10_1,0.16200932549206462,OPC-NPC-like
5870,cellranger-arc201_count_877c4ccf6b72738da66f3017a5f79449#TACAGCTAGGCCTAAT-1,at10_1,0.055892263457446606,OPC-NPC-like
5871,cellranger-arc201_count_877c4ccf6b72738da66f3017a5f79449#TACTTGTTCAACCAAC-1,at10_1,0.17689316904431335,OPC-NPC-like
5872,cellranger-arc201_count_877c4ccf6b72738da66f3017a5f79449#TAGCGGCTCATGCTAA-1,at10_1,0.18077297288828015,OPC-NPC-like
5873,cellranger-arc201_count_877c4ccf6b72738da66f3017a5f79449#TAGTTTGAGGGCCACT-1,at10_1,0.10221702390687937,OPC-NPC-like
5874,cellranger-arc201_count_877c4ccf6b72738da66f3017a5f79449#TCCATAAAGTTTGGGT-1,at10_1,0.18025516455035343,OPC-NPC-like
5875,cellranger-arc201_count_877c4ccf6b72738da66f3017a5f79449#TCCATCATCATTGTCT-1,at10_1,0.1511940416514553,OPC-NPC-like
5876,cellranger-arc201_count_877c4ccf6b72738da66f3017a5f79449#TCGACAAGTGCTCACC-1,at10_1,0.05514953925728428,OPC-NPC-like
5877,cellranger-arc201_count_877c4ccf6b72738da66f3017a5f79449#TCTACCTCATTCAGCA-1,at10_1,0.07975521486460184,OPC-NPC-like
5878,cellranger-arc201_count_877c4ccf6b72738da66f3017a5f79449#TGATGAACAATTGACT-1,at10_1,0.1991597071554128,OPC-NPC-like
5879,cellranger-arc201_count_877c4ccf6b72738da66f3017a5f79449#TGCACCTTCGGCTATG-1,at10_1,0.06800533959570147,OPC-NPC-like
5880,cellranger-arc201_count_877c4ccf6b72738da66f3017a5f79449#TGGTGATTCGATTTAG-1,at10_1,0.16747856817307813,OPC-NPC-like
5881,cellranger-arc201_count_877c4ccf6b72738da66f3017a5f79449#TTAACTGAGGGCCATC-1,at10_1,0.1814188272820261,OPC-NPC-like
5882,cellranger-arc201_count_877c4ccf6b72738da66f3017a5f79449#TTACGTTTCTTGTCCA-1,at10_1,0.07078747356814026,OPC-NPC-like
5883,cellranger-arc201_count_877c4ccf6b72738da66f3017a5f79449#TTTACGAAGACTATTG-1,at10_1,0.12815498127730146,OPC-NPC-like
5884,cellranger-arc201_count_651c086adc1acf13d5493f979b7a6fc4#AACCGCTCAATATACC-1,at10_1,0.05938575744612072,OPC-NPC-like
5885,cellranger-arc201_count_651c086adc1acf13d5493f979b7a6fc4#AACCTCCTCGAGGAAC-1,at10_1,0.19537897960838718,OPC-NPC-like
5886,cellranger-arc201_count_651c086adc1acf13d5493f979b7a6fc4#AATCATGTCTTGCAAA-1,at10_1,0.15573881352633262,OPC-NPC-like
5887,cellranger-arc201_count_651c086adc1acf13d5493f979b7a6fc4#AATGCATGTCAATACG-1,at10_1,0.18583325612356627,OPC-NPC-like
5888,cellranger-arc201_count_651c086adc1acf13d5493f979b7a6fc4#ATCCACCTCGGGACCT-1,at10_1,0.17101076275266083,OPC-NPC-like
5889,cellranger-arc201_count_651c086adc1acf13d5493f979b7a6fc4#ATGGCTTAGTTCCTGC-1,at10_1,0.11934981726534567,OPC-NPC-like
5890,cellranger-arc201_count_651c086adc1acf13d5493f979b7a6fc4#ATTCACTTCGGTTCCT-1,at10_1,0.1192149220402002,OPC-NPC-like
5891,cellranger-arc201_count_651c086adc1acf13d5493f979b7a6fc4#ATTGAAGCAAGCTTTG-1,at10_1,0.1015103483326731,OPC-NPC-like
5892,cellranger-arc201_count_651c086adc1acf13d5493f979b7a6fc4#CACAGGCTCCGTTATT-1,at10_1,0.18461221071717226,OPC-NPC-like
5893,cellranger-arc201_count_651c086adc1acf13d5493f979b7a6fc4#CAGCTCAAGGCCCAGT-1,at10_1,0.10583281454703981,OPC-NPC-like
5894,cellranger-arc201_count_651c086adc1acf13d5493f979b7a6fc4#CATAATGTCCCATAAA-1,at10_1,0.05165988748554932,OPC-NPC-like
5895,cellranger-arc201_count_651c086adc1acf13d5493f979b7a6fc4#CATAGTCAGGACCTTG-1,at10_1,0.049677742058849304,OPC-NPC-like
5896,cellranger-arc201_count_651c086adc1acf13d5493f979b7a6fc4#CTCAATAAGGCTGTCA-1,at10_1,0.11617560315166754,OPC-NPC-like
5897,cellranger-arc201_count_651c086adc1acf13d5493f979b7a6fc4#CTGAATATCACCAATA-1,at10_1,0.18440297694690022,OPC-NPC-like
5898,cellranger-arc201_count_651c086adc1acf13d5493f979b7a6fc4#CTTTCTTGTCATGCCC-1,at10_1,0.043832699934822215,OPC-NPC-like
5899,cellranger-arc201_count_651c086adc1acf13d5493f979b7a6fc4#GCAAGTCGTTCCAGGG-1,at10_1,0.16915832695034605,OPC-NPC-like
5900,cellranger-arc201_count_651c086adc1acf13d5493f979b7a6fc4#GCCTTTGGTTTGGGTA-1,at10_1,0.1771339758146504,OPC-NPC-like
5901,cellranger-arc201_count_651c086adc1acf13d5493f979b7a6fc4#GCGGAACCACAGACTC-1,at10_1,0.10707830536265527,OPC-NPC-like
5902,cellranger-arc201_count_651c086adc1acf13d5493f979b7a6fc4#GCTCTGTTCTGCAAAC-1,at10_1,0.04757871527917497,OPC-NPC-like
5903,cellranger-arc201_count_651c086adc1acf13d5493f979b7a6fc4#GCTGATCCAAACAACA-1,at10_1,0.15353569190186725,OPC-NPC-like
5904,cellranger-arc201_count_651c086adc1acf13d5493f979b7a6fc4#GGGAGTAGTGGTTATG-1,at10_1,0.05143410851661004,OPC-NPC-like
5905,cellranger-arc201_count_651c086adc1acf13d5493f979b7a6fc4#GTATTGATCATAACCA-1,at10_1,0.15831969746550875,OPC-NPC-like
5906,cellranger-arc201_count_651c086adc1acf13d5493f979b7a6fc4#GTCCAGGGTCCTTTAA-1,at10_1,0.06457449740896412,OPC-NPC-like
5907,cellranger-arc201_count_651c086adc1acf13d5493f979b7a6fc4#GTTTCTAGTTGCATCT-1,at10_1,0.15963816256081587,OPC-NPC-like
5908,cellranger-arc201_count_651c086adc1acf13d5493f979b7a6fc4#TCCTGTTCAAGTTATC-1,at10_1,0.12249364167040744,OPC-NPC-like
5909,cellranger-arc201_count_651c086adc1acf13d5493f979b7a6fc4#TCTACTAGTTTGGCTT-1,at10_1,0.14217457659761204,OPC-NPC-like
5910,cellranger-arc201_count_651c086adc1acf13d5493f979b7a6fc4#TGAGGCACACACCAAC-1,at10_1,0.07258606960954174,OPC-NPC-like
5911,cellranger-arc201_count_651c086adc1acf13d5493f979b7a6fc4#TGGCCTTTCACTTTAC-1,at10_1,0.06995417188785318,OPC-NPC-like
5912,cellranger-arc201_count_651c086adc1acf13d5493f979b7a6fc4#TGGGCATGTTTAAAGC-1,at10_1,0.06302971042275893,OPC-NPC-like
5913,cellranger-arc201_count_651c086adc1acf13d5493f979b7a6fc4#TTGCAACAGGTGTTAC-1,at10_1,0.17675909516264401,OPC-NPC-like
5914,cellranger-arc201_count_651c086adc1acf13d5493f979b7a6fc4#TTTCAGTTCCTTAGTT-1,at10_1,0.19261801263180325,OPC-NPC-like
5915,cellranger-arc201_count_651c086adc1acf13d5493f979b7a6fc4#TTTGTCTAGCCAGTAT-1,at10_1,0.0637094278335499,OPC-NPC-like
5916,cellranger-arc201_count_2f9565d51b615c158b1a36debec1ec4b#AACCTTGCAATGCCTA-1,at10_1,0.1073130703860663,OPC-NPC-like
5917,cellranger-arc201_count_2f9565d51b615c158b1a36debec1ec4b#AAGACCAAGTTTGGGT-1,at10_1,0.1672309539966424,OPC-NPC-like
5918,cellranger-arc201_count_2f9565d51b615c158b1a36debec1ec4b#AAGCATGAGTTGGCCA-1,at10_1,0.1950688458802354,OPC-NPC-like
5919,cellranger-arc201_count_2f9565d51b615c158b1a36debec1ec4b#AAGCCTCCACCAGCAT-1,at10_1,0.19536362466170654,OPC-NPC-like
5920,cellranger-arc201_count_2f9565d51b615c158b1a36debec1ec4b#AAGTCTATCATTGCAA-1,at10_1,0.1701597117006441,OPC-NPC-like
5921,cellranger-arc201_count_2f9565d51b615c158b1a36debec1ec4b#AATTGGACAACCTAAT-1,at10_1,0.19925069530727563,OPC-NPC-like
5922,cellranger-arc201_count_2f9565d51b615c158b1a36debec1ec4b#AATTTGCCAGGACCAA-1,at10_1,0.18275495822260768,OPC-NPC-like
5923,cellranger-arc201_count_2f9565d51b615c158b1a36debec1ec4b#ACAAAGGTCAAACTCA-1,at10_1,0.10167827827084952,OPC-NPC-like
5924,cellranger-arc201_count_2f9565d51b615c158b1a36debec1ec4b#ACGGTTAGTAATAGCT-1,at10_1,0.179306958309865,OPC-NPC-like
5925,cellranger-arc201_count_2f9565d51b615c158b1a36debec1ec4b#ACTAACCAGCCTTAAA-1,at10_1,0.0531697673740195,OPC-NPC-like
5926,cellranger-arc201_count_2f9565d51b615c158b1a36debec1ec4b#AGAATCGAGGATCACT-1,at10_1,0.20165698111293534,OPC-NPC-like
5927,cellranger-arc201_count_2f9565d51b615c158b1a36debec1ec4b#AGCAACAAGGCCATCA-1,at10_1,0.040879434176757726,OPC-NPC-like
5928,cellranger-arc201_count_2f9565d51b615c158b1a36debec1ec4b#AGGCAGGTCTACCTGC-1,at10_1,0.1798879544111494,OPC-NPC-like
5929,cellranger-arc201_count_2f9565d51b615c158b1a36debec1ec4b#AGGTCATTCCACCTTA-1,at10_1,0.05778098454400719,OPC-NPC-like
5930,cellranger-arc201_count_2f9565d51b615c158b1a36debec1ec4b#AGTAATGCAGCTAACC-1,at10_1,0.09426587613609987,OPC-NPC-like
5931,cellranger-arc201_count_2f9565d51b615c158b1a36debec1ec4b#AGTGCGGAGCACAGAA-1,at10_1,0.16976665012355616,OPC-NPC-like
5932,cellranger-arc201_count_2f9565d51b615c158b1a36debec1ec4b#AGTTATGTCATAGACC-1,at10_1,0.18535299292725124,OPC-NPC-like
5933,cellranger-arc201_count_2f9565d51b615c158b1a36debec1ec4b#ATATAGGCACCCTCAC-1,at10_1,0.12020621401049511,OPC-NPC-like
5934,cellranger-arc201_count_2f9565d51b615c158b1a36debec1ec4b#ATCCGTGAGCTAATCA-1,at10_1,0.18087655961380206,OPC-NPC-like
5935,cellranger-arc201_count_2f9565d51b615c158b1a36debec1ec4b#ATCGCTTGTGGATTAT-1,at10_1,0.14725636789511182,OPC-NPC-like
5936,cellranger-arc201_count_2f9565d51b615c158b1a36debec1ec4b#ATGGCCCAGCATCCAG-1,at10_1,0.114016680943078,OPC-NPC-like
5937,cellranger-arc201_count_2f9565d51b615c158b1a36debec1ec4b#ATGTCATCACATTGCA-1,at10_1,0.04861341316402131,OPC-NPC-like
5938,cellranger-arc201_count_2f9565d51b615c158b1a36debec1ec4b#ATGTCATCACCAACCG-1,at10_1,0.1814581960845763,OPC-NPC-like
5939,cellranger-arc201_count_2f9565d51b615c158b1a36debec1ec4b#ATGTTTGAGGCTAAGA-1,at10_1,0.16353152553267658,OPC-NPC-like
5940,cellranger-arc201_count_2f9565d51b615c158b1a36debec1ec4b#ATTAACCCAGTAAGTA-1,at10_1,0.11036280223934705,OPC-NPC-like
5941,cellranger-arc201_count_2f9565d51b615c158b1a36debec1ec4b#ATTACCGCAGTTTCTC-1,at10_1,0.1893107130328423,OPC-NPC-like
5942,cellranger-arc201_count_2f9565d51b615c158b1a36debec1ec4b#CAAACACTCCCTGTTA-1,at10_1,0.17549989208730013,OPC-NPC-like
5943,cellranger-arc201_count_2f9565d51b615c158b1a36debec1ec4b#CAAACCGTCAGCACCA-1,at10_1,0.1162399324432462,OPC-NPC-like
5944,cellranger-arc201_count_2f9565d51b615c158b1a36debec1ec4b#CACAATATCATTGCGG-1,at10_1,0.1739984066075774,OPC-NPC-like
5945,cellranger-arc201_count_2f9565d51b615c158b1a36debec1ec4b#CACATAATCACCTGTC-1,at10_1,0.1656921043492942,OPC-NPC-like
5946,cellranger-arc201_count_2f9565d51b615c158b1a36debec1ec4b#CATAGGTTCACATTGA-1,at10_1,0.1413608340289173,OPC-NPC-like
5947,cellranger-arc201_count_2f9565d51b615c158b1a36debec1ec4b#CATTGCGAGTTATTCC-1,at10_1,0.16098027956402003,OPC-NPC-like
5948,cellranger-arc201_count_2f9565d51b615c158b1a36debec1ec4b#CCCAGTTTCCCTGATC-1,at10_1,0.17296202427255122,OPC-NPC-like
5949,cellranger-arc201_count_2f9565d51b615c158b1a36debec1ec4b#CCCTCACCAGCAGGTA-1,at10_1,0.052719455372430994,OPC-NPC-like
5950,cellranger-arc201_count_2f9565d51b615c158b1a36debec1ec4b#CCCTCAGTCCAATTAG-1,at10_1,0.2024087748940246,OPC-NPC-like
5951,cellranger-arc201_count_2f9565d51b615c158b1a36debec1ec4b#CCCTCATAGCTAAAGG-1,at10_1,0.19112680090606993,OPC-NPC-like
5952,cellranger-arc201_count_2f9565d51b615c158b1a36debec1ec4b#CCCTGTTAGAATCGCT-1,at10_1,0.051673112507622396,OPC-NPC-like
5953,cellranger-arc201_count_2f9565d51b615c158b1a36debec1ec4b#CCTATAGCAACAGGAT-1,at10_1,0.19729255677590726,OPC-NPC-like
5954,cellranger-arc201_count_2f9565d51b615c158b1a36debec1ec4b#CCTGACTTCATGAGCT-1,at10_1,0.18755323288901227,OPC-NPC-like
5955,cellranger-arc201_count_2f9565d51b615c158b1a36debec1ec4b#CGATATTCATTATGCG-1,at10_1,0.11661170869533438,OPC-NPC-like
5956,cellranger-arc201_count_2f9565d51b615c158b1a36debec1ec4b#CGATTGAGTTTGACCT-1,at10_1,0.16956485020779677,OPC-NPC-like
5957,cellranger-arc201_count_2f9565d51b615c158b1a36debec1ec4b#CGCAATAGTAGACAAA-1,at10_1,0.18941358978349504,OPC-NPC-like
5958,cellranger-arc201_count_2f9565d51b615c158b1a36debec1ec4b#CGTAACTAGGATCCGC-1,at10_1,0.1858998823926629,OPC-NPC-like
5959,cellranger-arc201_count_2f9565d51b615c158b1a36debec1ec4b#CGTACGGGTGCTAGCG-1,at10_1,0.13223147600218468,OPC-NPC-like
5960,cellranger-arc201_count_2f9565d51b615c158b1a36debec1ec4b#CGTGCTTTCGCTAGAT-1,at10_1,0.06469315369911141,OPC-NPC-like
5961,cellranger-arc201_count_2f9565d51b615c158b1a36debec1ec4b#CGTTAAATCATGGTGT-1,at10_1,0.06164926869769456,OPC-NPC-like
5962,cellranger-arc201_count_2f9565d51b615c158b1a36debec1ec4b#CTACCTCAGGCCTTAG-1,at10_1,0.16751861910834576,OPC-NPC-like
5963,cellranger-arc201_count_2f9565d51b615c158b1a36debec1ec4b#CTACGAAGTCCAAGAC-1,at10_1,0.16043093998925584,OPC-NPC-like
5964,cellranger-arc201_count_2f9565d51b615c158b1a36debec1ec4b#CTATTGAAGTAACTCA-1,at10_1,0.04176037377865964,OPC-NPC-like
5965,cellranger-arc201_count_2f9565d51b615c158b1a36debec1ec4b#CTCCCTGAGGCCAATT-1,at10_1,0.05622391916888782,OPC-NPC-like
5966,cellranger-arc201_count_2f9565d51b615c158b1a36debec1ec4b#CTCCGTCCAGTCTATG-1,at10_1,0.18761857841912913,OPC-NPC-like
5967,cellranger-arc201_count_2f9565d51b615c158b1a36debec1ec4b#CTGATCACAATATGGA-1,at10_1,0.041404662448121285,OPC-NPC-like
5968,cellranger-arc201_count_2f9565d51b615c158b1a36debec1ec4b#CTGCTATGTTCGCTTG-1,at10_1,0.1352009946163232,OPC-NPC-like
5969,cellranger-arc201_count_2f9565d51b615c158b1a36debec1ec4b#GAACCAAAGGAAGCAC-1,at10_1,0.38246775668273064,OPC-NPC-like
5970,cellranger-arc201_count_2f9565d51b615c158b1a36debec1ec4b#GAACCTGTCCACCTGT-1,at10_1,0.1105150570460979,OPC-NPC-like
5971,cellranger-arc201_count_2f9565d51b615c158b1a36debec1ec4b#GAGAAACGTCAAACTG-1,at10_1,0.08695855028198984,OPC-NPC-like
5972,cellranger-arc201_count_2f9565d51b615c158b1a36debec1ec4b#GATCAGGCATTATGCG-1,at10_1,0.15840185965527226,OPC-NPC-like
5973,cellranger-arc201_count_2f9565d51b615c158b1a36debec1ec4b#GATCGATTCTGGCAAT-1,at10_1,0.20606202714934155,OPC-NPC-like
5974,cellranger-arc201_count_2f9565d51b615c158b1a36debec1ec4b#GATCGCTCATTCCTGT-1,at10_1,0.08817239849216094,OPC-NPC-like
5975,cellranger-arc201_count_2f9565d51b615c158b1a36debec1ec4b#GATTAGTGTAAGTCGC-1,at10_1,0.1980042021741978,OPC-NPC-like
5976,cellranger-arc201_count_2f9565d51b615c158b1a36debec1ec4b#GATTATGTCGTTACTT-1,at10_1,0.08769948562390333,OPC-NPC-like
5977,cellranger-arc201_count_2f9565d51b615c158b1a36debec1ec4b#GCAAACAAGTCAATCA-1,at10_1,0.17351295084996415,OPC-NPC-like
5978,cellranger-arc201_count_2f9565d51b615c158b1a36debec1ec4b#GCACGCTAGTCATTAG-1,at10_1,0.06212037182608954,OPC-NPC-like
5979,cellranger-arc201_count_2f9565d51b615c158b1a36debec1ec4b#GCGCAATGTCCTTCTC-1,at10_1,0.19712916510846323,OPC-NPC-like
5980,cellranger-arc201_count_2f9565d51b615c158b1a36debec1ec4b#GCTATTGCATCTAGCA-1,at10_1,0.10078469833206093,OPC-NPC-like
5981,cellranger-arc201_count_2f9565d51b615c158b1a36debec1ec4b#GCTCAACCATGATTGT-1,at10_1,0.06512323141692809,OPC-NPC-like
5982,cellranger-arc201_count_2f9565d51b615c158b1a36debec1ec4b#GCTTAACAGCTTTGTT-1,at10_1,0.1821357766102218,OPC-NPC-like
5983,cellranger-arc201_count_2f9565d51b615c158b1a36debec1ec4b#GGAGTCTGTTGTGATG-1,at10_1,0.1926956087086826,OPC-NPC-like
5984,cellranger-arc201_count_2f9565d51b615c158b1a36debec1ec4b#GGATGTAAGAACCTAC-1,at10_1,0.16649962419707673,OPC-NPC-like
5985,cellranger-arc201_count_2f9565d51b615c158b1a36debec1ec4b#GGATTATGTGGATTCA-1,at10_1,0.2007082876347916,OPC-NPC-like
5986,cellranger-arc201_count_2f9565d51b615c158b1a36debec1ec4b#GGCCTAATCATTTGTC-1,at10_1,0.18036497399678758,OPC-NPC-like
5987,cellranger-arc201_count_2f9565d51b615c158b1a36debec1ec4b#GGTAAACCATGTTGCA-1,at10_1,0.0496042387782747,OPC-NPC-like
5988,cellranger-arc201_count_2f9565d51b615c158b1a36debec1ec4b#GGTAAGGGTAGCCTAA-1,at10_1,0.16071178377378467,OPC-NPC-like
5989,cellranger-arc201_count_2f9565d51b615c158b1a36debec1ec4b#GGTATTGGTTCTTTAG-1,at10_1,0.029675084107834128,OPC-NPC-like
5990,cellranger-arc201_count_2f9565d51b615c158b1a36debec1ec4b#GGTCATTAGTGAACAG-1,at10_1,0.13193239560827086,OPC-NPC-like
5991,cellranger-arc201_count_2f9565d51b615c158b1a36debec1ec4b#GGTCGGTTCCGTTATT-1,at10_1,0.05586101760266447,OPC-NPC-like
5992,cellranger-arc201_count_2f9565d51b615c158b1a36debec1ec4b#GTAGGAGGTAATGACT-1,at10_1,0.07302351853702968,OPC-NPC-like
5993,cellranger-arc201_count_2f9565d51b615c158b1a36debec1ec4b#GTATGTGGTTCGCTCA-1,at10_1,0.09898500948620392,OPC-NPC-like
5994,cellranger-arc201_count_2f9565d51b615c158b1a36debec1ec4b#GTCCTCCCAATCTCTC-1,at10_1,0.09959084078683396,OPC-NPC-like
5995,cellranger-arc201_count_2f9565d51b615c158b1a36debec1ec4b#GTCTATGCATCTAGCA-1,at10_1,0.15635995801041572,OPC-NPC-like
5996,cellranger-arc201_count_2f9565d51b615c158b1a36debec1ec4b#GTGCCTTTCCTAGTAA-1,at10_1,0.18993043756718703,OPC-NPC-like
5997,cellranger-arc201_count_2f9565d51b615c158b1a36debec1ec4b#GTGCTTCTCTCAATTC-1,at10_1,0.13118914936776355,OPC-NPC-like
5998,cellranger-arc201_count_2f9565d51b615c158b1a36debec1ec4b#GTTCTCATCACGCGGT-1,at10_1,0.05004337911648041,OPC-NPC-like
5999,cellranger-arc201_count_2f9565d51b615c158b1a36debec1ec4b#GTTCTTAGTGTGCAAC-1,at10_1,0.09457375464996126,OPC-NPC-like
6000,cellranger-arc201_count_2f9565d51b615c158b1a36debec1ec4b#TAACCTAAGAGGCTAA-1,at10_1,0.1836125382592058,OPC-NPC-like
6001,cellranger-arc201_count_2f9565d51b615c158b1a36debec1ec4b#TAAGGACCAAGCCACT-1,at10_1,0.14971924287416843,OPC-NPC-like
6002,cellranger-arc201_count_2f9565d51b615c158b1a36debec1ec4b#TAAGGACCATTCCTGT-1,at10_1,0.18593713519168142,OPC-NPC-like
6003,cellranger-arc201_count_2f9565d51b615c158b1a36debec1ec4b#TAATCCGCAAGCGAGC-1,at10_1,0.19821197423150386,OPC-NPC-like
6004,cellranger-arc201_count_2f9565d51b615c158b1a36debec1ec4b#TACCCGGCACCTATAG-1,at10_1,0.17221226296853842,OPC-NPC-like
6005,cellranger-arc201_count_2f9565d51b615c158b1a36debec1ec4b#TAGCCTGAGTTAGACC-1,at10_1,0.1995863881307181,OPC-NPC-like
6006,cellranger-arc201_count_2f9565d51b615c158b1a36debec1ec4b#TAGGAACCATTGTGTG-1,at10_1,0.187549404593149,OPC-NPC-like
6007,cellranger-arc201_count_2f9565d51b615c158b1a36debec1ec4b#TAGTACGGTGAATCGC-1,at10_1,0.13258018503156224,OPC-NPC-like
6008,cellranger-arc201_count_2f9565d51b615c158b1a36debec1ec4b#TATAACCCATCGTTCT-1,at10_1,0.06709710076402554,OPC-NPC-like
6009,cellranger-arc201_count_2f9565d51b615c158b1a36debec1ec4b#TCCATGCTCGTAATCA-1,at10_1,0.10449381586482975,OPC-NPC-like
6010,cellranger-arc201_count_2f9565d51b615c158b1a36debec1ec4b#TCCGGTAAGCTCCCTG-1,at10_1,0.18924103804813097,OPC-NPC-like
6011,cellranger-arc201_count_2f9565d51b615c158b1a36debec1ec4b#TCCGGTAAGTAGCGGG-1,at10_1,0.1329938637220083,OPC-NPC-like
6012,cellranger-arc201_count_2f9565d51b615c158b1a36debec1ec4b#TCCTCTAAGCTAAGTC-1,at10_1,0.11070332567611514,OPC-NPC-like
6013,cellranger-arc201_count_2f9565d51b615c158b1a36debec1ec4b#TCGGTTACAGTTAGCC-1,at10_1,0.051167944506582325,OPC-NPC-like
6014,cellranger-arc201_count_2f9565d51b615c158b1a36debec1ec4b#TCTTAGTTCAGCTAAC-1,at10_1,0.047459836251813804,OPC-NPC-like
6015,cellranger-arc201_count_2f9565d51b615c158b1a36debec1ec4b#TGAGCACGTCCGCTGT-1,at10_1,0.20267761871115658,OPC-NPC-like
6016,cellranger-arc201_count_2f9565d51b615c158b1a36debec1ec4b#TGAGGCACAGTCTATG-1,at10_1,0.1790293024517096,OPC-NPC-like
6017,cellranger-arc201_count_2f9565d51b615c158b1a36debec1ec4b#TGAGGTGCATAGCTGC-1,at10_1,0.12644910656170816,OPC-NPC-like
6018,cellranger-arc201_count_2f9565d51b615c158b1a36debec1ec4b#TGATCACAGGCTCATG-1,at10_1,0.037336673500592416,OPC-NPC-like
6019,cellranger-arc201_count_2f9565d51b615c158b1a36debec1ec4b#TGCCTGTTCCTGGCTT-1,at10_1,0.039618832033289295,OPC-NPC-like
6020,cellranger-arc201_count_2f9565d51b615c158b1a36debec1ec4b#TGCTTGCTCACCATTT-1,at10_1,0.1685973215140058,OPC-NPC-like
6021,cellranger-arc201_count_2f9565d51b615c158b1a36debec1ec4b#TGCTTGCTCACTTCAT-1,at10_1,0.07386137936966301,OPC-NPC-like
6022,cellranger-arc201_count_2f9565d51b615c158b1a36debec1ec4b#TGGACTAGTTAACGAT-1,at10_1,0.06427405971015333,OPC-NPC-like
6023,cellranger-arc201_count_2f9565d51b615c158b1a36debec1ec4b#TGGGCCTAGGTCTTGG-1,at10_1,0.19512244202232107,OPC-NPC-like
6024,cellranger-arc201_count_2f9565d51b615c158b1a36debec1ec4b#TGGTGATTCTTTAAGG-1,at10_1,0.021419548532966747,OPC-NPC-like
6025,cellranger-arc201_count_2f9565d51b615c158b1a36debec1ec4b#TGTGTGAGTTTCCGGC-1,at10_1,0.07070347379636238,OPC-NPC-like
6026,cellranger-arc201_count_2f9565d51b615c158b1a36debec1ec4b#TGTTAGCAGATTCCTT-1,at10_1,0.06252573963424336,OPC-NPC-like
6027,cellranger-arc201_count_2f9565d51b615c158b1a36debec1ec4b#TTAAAGGCACAAACTT-1,at10_1,0.0897775124606332,OPC-NPC-like
6028,cellranger-arc201_count_2f9565d51b615c158b1a36debec1ec4b#TTACACCGTTTAACGG-1,at10_1,0.04737003139139963,OPC-NPC-like
6029,cellranger-arc201_count_2f9565d51b615c158b1a36debec1ec4b#TTATCCGTCCATCAGG-1,at10_1,0.06293426056608092,OPC-NPC-like
6030,cellranger-arc201_count_2f9565d51b615c158b1a36debec1ec4b#TTCCACGGTTCCATTA-1,at10_1,0.060618169410959676,OPC-NPC-like
6031,cellranger-arc201_count_2f9565d51b615c158b1a36debec1ec4b#TTCCTTCTCCGCACAA-1,at10_1,0.10764553351990777,OPC-NPC-like
6032,cellranger-arc201_count_2f9565d51b615c158b1a36debec1ec4b#TTGCACACACAAAGAC-1,at10_1,0.1776565312394476,OPC-NPC-like
6033,cellranger-arc201_count_2f9565d51b615c158b1a36debec1ec4b#TTGCCCGTCATTGCGG-1,at10_1,0.16916080490185026,OPC-NPC-like
6034,cellranger-arc201_count_2f9565d51b615c158b1a36debec1ec4b#TTGTTCCCATTATGAC-1,at10_1,0.1939404869969599,OPC-NPC-like
6035,cellranger-arc201_count_a166708bcbeb284b79da9df9facb9573#AAAGCGGGTGTTAAAC-1,at10_1,0.07745609350096175,OPC-NPC-like
6036,cellranger-arc201_count_a166708bcbeb284b79da9df9facb9573#AACATAGCAATCCTAG-1,at10_1,0.18548578606994084,OPC-NPC-like
6037,cellranger-arc201_count_a166708bcbeb284b79da9df9facb9573#AACCTTGCATGCAACC-1,at10_1,0.10333462179851015,OPC-NPC-like
6038,cellranger-arc201_count_a166708bcbeb284b79da9df9facb9573#AAGCTATGTTTACGTC-1,at10_1,0.05045319470837354,OPC-NPC-like
6039,cellranger-arc201_count_a166708bcbeb284b79da9df9facb9573#AATGTCCAGCCTGACA-1,at10_1,0.19004889200173425,OPC-NPC-like
6040,cellranger-arc201_count_a166708bcbeb284b79da9df9facb9573#AATTCGTCATTCCTCG-1,at10_1,0.10409234595791854,OPC-NPC-like
6041,cellranger-arc201_count_a166708bcbeb284b79da9df9facb9573#ACACTAATCTAACCAA-1,at10_1,0.13255805052093467,OPC-NPC-like
6042,cellranger-arc201_count_a166708bcbeb284b79da9df9facb9573#ACACTAGGTTAGTGAT-1,at10_1,0.16270365307197737,OPC-NPC-like
6043,cellranger-arc201_count_a166708bcbeb284b79da9df9facb9573#ACTAATCCATCATGTG-1,at10_1,0.10563385453075717,OPC-NPC-like
6044,cellranger-arc201_count_a166708bcbeb284b79da9df9facb9573#ACTGAATGTAGCAGCT-1,at10_1,0.18042118730113613,OPC-NPC-like
6045,cellranger-arc201_count_a166708bcbeb284b79da9df9facb9573#ACTTAGGGTTACGCAA-1,at10_1,0.20154296750158945,OPC-NPC-like
6046,cellranger-arc201_count_a166708bcbeb284b79da9df9facb9573#ACTTCGCTCGCTAGCA-1,at10_1,0.1937255595066585,OPC-NPC-like
6047,cellranger-arc201_count_a166708bcbeb284b79da9df9facb9573#AGACACGCAGTACCGT-1,at10_1,0.17248377963223677,OPC-NPC-like
6048,cellranger-arc201_count_a166708bcbeb284b79da9df9facb9573#AGCTAGTTCCGCCTAT-1,at10_1,0.2124515225505037,OPC-NPC-like
6049,cellranger-arc201_count_a166708bcbeb284b79da9df9facb9573#AGCTTCCTCCCTCATA-1,at10_1,0.19441690797633587,OPC-NPC-like
6050,cellranger-arc201_count_a166708bcbeb284b79da9df9facb9573#AGCTTTAAGTGAAGTG-1,at10_1,0.07305866925359235,OPC-NPC-like
6051,cellranger-arc201_count_a166708bcbeb284b79da9df9facb9573#AGGATCCGTGAGACTC-1,at10_1,0.025371738491169905,OPC-NPC-like
6052,cellranger-arc201_count_a166708bcbeb284b79da9df9facb9573#AGGATTGAGTTGTCCC-1,at10_1,0.17497588887061283,OPC-NPC-like
6053,cellranger-arc201_count_a166708bcbeb284b79da9df9facb9573#AGGTCTTAGTTCCTGC-1,at10_1,0.16681628690980982,OPC-NPC-like
6054,cellranger-arc201_count_a166708bcbeb284b79da9df9facb9573#AGTACGCGTGCTCACC-1,at10_1,0.10482488689108457,OPC-NPC-like
6055,cellranger-arc201_count_a166708bcbeb284b79da9df9facb9573#AGTCAAGAGATGGAGC-1,at10_1,0.19199285887787065,OPC-NPC-like
6056,cellranger-arc201_count_a166708bcbeb284b79da9df9facb9573#AGTGCCGGTCGCGCAA-1,at10_1,0.10439543562168187,OPC-NPC-like
6057,cellranger-arc201_count_a166708bcbeb284b79da9df9facb9573#AGTTGCAGTTAATGCG-1,at10_1,0.12064128939454784,OPC-NPC-like
6058,cellranger-arc201_count_a166708bcbeb284b79da9df9facb9573#AGTTGCAGTTAGTGAT-1,at10_1,0.20231079836207685,OPC-NPC-like
6059,cellranger-arc201_count_a166708bcbeb284b79da9df9facb9573#ATAGATGCATAGCTGC-1,at10_1,0.023156122701114425,OPC-NPC-like
6060,cellranger-arc201_count_a166708bcbeb284b79da9df9facb9573#ATCAGGTTCTTGATGA-1,at10_1,0.18000180096958482,OPC-NPC-like
6061,cellranger-arc201_count_a166708bcbeb284b79da9df9facb9573#ATCCGTGAGGGTGAAC-1,at10_1,0.17422956607233905,OPC-NPC-like
6062,cellranger-arc201_count_a166708bcbeb284b79da9df9facb9573#ATCTATGAGGCTTAGT-1,at10_1,0.17985724451778812,OPC-NPC-like
6063,cellranger-arc201_count_a166708bcbeb284b79da9df9facb9573#ATCTTTGGTGCTCCAC-1,at10_1,0.10367726123880995,OPC-NPC-like
6064,cellranger-arc201_count_a166708bcbeb284b79da9df9facb9573#ATGGTGCGTTCACTGT-1,at10_1,0.19823253566055854,OPC-NPC-like
6065,cellranger-arc201_count_a166708bcbeb284b79da9df9facb9573#ATGTAAGCAAACTCAT-1,at10_1,0.11806412238262805,OPC-NPC-like
6066,cellranger-arc201_count_a166708bcbeb284b79da9df9facb9573#ATTACGTCACCAGGTT-1,at10_1,0.034186076492121645,OPC-NPC-like
6067,cellranger-arc201_count_a166708bcbeb284b79da9df9facb9573#ATTCACTTCTACCTCA-1,at10_1,0.0678340894809309,OPC-NPC-like
6068,cellranger-arc201_count_a166708bcbeb284b79da9df9facb9573#CAACTAGGTCACTCGC-1,at10_1,0.16694630975840202,OPC-NPC-like
6069,cellranger-arc201_count_a166708bcbeb284b79da9df9facb9573#CAGCTATAGTTACCGG-1,at10_1,0.025913254421297154,OPC-NPC-like
6070,cellranger-arc201_count_a166708bcbeb284b79da9df9facb9573#CATAAGCTCCTTAAGA-1,at10_1,0.12019179177589752,OPC-NPC-like
6071,cellranger-arc201_count_a166708bcbeb284b79da9df9facb9573#CATAGCTAGTAGCGGG-1,at10_1,0.15673805443094724,OPC-NPC-like
6072,cellranger-arc201_count_a166708bcbeb284b79da9df9facb9573#CATATCGCAGTTTCTC-1,at10_1,0.11905353500768098,OPC-NPC-like
6073,cellranger-arc201_count_a166708bcbeb284b79da9df9facb9573#CATCAATCAAACCTAT-1,at10_1,0.11739255576175685,OPC-NPC-like
6074,cellranger-arc201_count_a166708bcbeb284b79da9df9facb9573#CATGAGGCACCTGGTG-1,at10_1,0.15059209433099197,OPC-NPC-like
6075,cellranger-arc201_count_a166708bcbeb284b79da9df9facb9573#CATTCATTCATGGCCA-1,at10_1,0.1992462266419225,OPC-NPC-like
6076,cellranger-arc201_count_a166708bcbeb284b79da9df9facb9573#CCACATTGTTAAGCTG-1,at10_1,0.17972637248356804,OPC-NPC-like
6077,cellranger-arc201_count_a166708bcbeb284b79da9df9facb9573#CCACTTGGTTGCAATG-1,at10_1,0.05624257341054881,OPC-NPC-like
6078,cellranger-arc201_count_a166708bcbeb284b79da9df9facb9573#CCCAAACCAACAACAA-1,at10_1,0.15408427973853467,OPC-NPC-like
6079,cellranger-arc201_count_a166708bcbeb284b79da9df9facb9573#CCCGCTTCAGCATGTC-1,at10_1,0.11131181590223568,OPC-NPC-like
6080,cellranger-arc201_count_a166708bcbeb284b79da9df9facb9573#CCGCACACAAGGTATA-1,at10_1,0.13285001724508075,OPC-NPC-like
6081,cellranger-arc201_count_a166708bcbeb284b79da9df9facb9573#CCGGTAGGTAATCCCT-1,at10_1,0.16831047774577856,OPC-NPC-like
6082,cellranger-arc201_count_a166708bcbeb284b79da9df9facb9573#CCGGTTAAGGATTGCT-1,at10_1,0.1996460538618815,OPC-NPC-like
6083,cellranger-arc201_count_a166708bcbeb284b79da9df9facb9573#CCTATATTCATTGACA-1,at10_1,0.049816813606754676,OPC-NPC-like
6084,cellranger-arc201_count_a166708bcbeb284b79da9df9facb9573#CCTATTGTCCTGAATA-1,at10_1,0.061644514650286183,OPC-NPC-like
6085,cellranger-arc201_count_a166708bcbeb284b79da9df9facb9573#CCTGTAACAGATTCAT-1,at10_1,0.08331875970703569,OPC-NPC-like
6086,cellranger-arc201_count_a166708bcbeb284b79da9df9facb9573#CGACTAAGTGTAACCA-1,at10_1,0.05451396557806568,OPC-NPC-like
6087,cellranger-arc201_count_a166708bcbeb284b79da9df9facb9573#CGATGTCCAGCTTAAT-1,at10_1,0.039668391063373706,OPC-NPC-like
6088,cellranger-arc201_count_a166708bcbeb284b79da9df9facb9573#CGCAATAGTTTAACCC-1,at10_1,0.07409799589616428,OPC-NPC-like
6089,cellranger-arc201_count_a166708bcbeb284b79da9df9facb9573#CGCACACAGGCCTGGT-1,at10_1,0.18078136729702762,OPC-NPC-like
6090,cellranger-arc201_count_a166708bcbeb284b79da9df9facb9573#CGCATTTGTTCCTCCT-1,at10_1,0.17725570170202623,OPC-NPC-like
6091,cellranger-arc201_count_a166708bcbeb284b79da9df9facb9573#CGCTTAACAAACGGGC-1,at10_1,0.18145965779754225,OPC-NPC-like
6092,cellranger-arc201_count_a166708bcbeb284b79da9df9facb9573#CGGACCTAGCAAGACA-1,at10_1,0.18536360078706143,OPC-NPC-like
6093,cellranger-arc201_count_a166708bcbeb284b79da9df9facb9573#CTAATAGTCCTAGTAA-1,at10_1,0.13363934224670587,OPC-NPC-like
6094,cellranger-arc201_count_a166708bcbeb284b79da9df9facb9573#CTACAACAGACAGGCG-1,at10_1,0.08598233483685826,OPC-NPC-like
6095,cellranger-arc201_count_a166708bcbeb284b79da9df9facb9573#CTATGACAGCGGGCAA-1,at10_1,0.15995433803589365,OPC-NPC-like
6096,cellranger-arc201_count_a166708bcbeb284b79da9df9facb9573#CTATGATCATTTAAGC-1,at10_1,0.04895207117662331,OPC-NPC-like
6097,cellranger-arc201_count_a166708bcbeb284b79da9df9facb9573#CTCATGACAAATGCCC-1,at10_1,0.1392745659152745,OPC-NPC-like
6098,cellranger-arc201_count_a166708bcbeb284b79da9df9facb9573#CTCATGCTCAATGTGC-1,at10_1,0.20139944120940684,OPC-NPC-like
6099,cellranger-arc201_count_a166708bcbeb284b79da9df9facb9573#CTGACATAGGATTGAG-1,at10_1,0.2075301159680608,OPC-NPC-like
6100,cellranger-arc201_count_a166708bcbeb284b79da9df9facb9573#CTGATCACACTTAGGC-1,at10_1,0.17001337335113645,OPC-NPC-like
6101,cellranger-arc201_count_a166708bcbeb284b79da9df9facb9573#CTGGTTTGTTAGAGCC-1,at10_1,0.19135241978263673,OPC-NPC-like
6102,cellranger-arc201_count_a166708bcbeb284b79da9df9facb9573#CTGTATTTCAGGCTAT-1,at10_1,0.19621204463038458,OPC-NPC-like
6103,cellranger-arc201_count_a166708bcbeb284b79da9df9facb9573#CTGTTCATCTAATCAG-1,at10_1,0.27312992845673734,OPC-NPC-like
6104,cellranger-arc201_count_a166708bcbeb284b79da9df9facb9573#CTTCACTCAGGAACCA-1,at10_1,0.17168593493218143,OPC-NPC-like
6105,cellranger-arc201_count_a166708bcbeb284b79da9df9facb9573#CTTGTTTAGTCATGCG-1,at10_1,0.10791446086349496,OPC-NPC-like
6106,cellranger-arc201_count_a166708bcbeb284b79da9df9facb9573#GATAATCGTTTAGTCC-1,at10_1,0.11553006894266651,OPC-NPC-like
6107,cellranger-arc201_count_a166708bcbeb284b79da9df9facb9573#GATCGAGCAATAGTCT-1,at10_1,0.09077022438066647,OPC-NPC-like
6108,cellranger-arc201_count_a166708bcbeb284b79da9df9facb9573#GATGCATTCGCACAAT-1,at10_1,0.18860757341190612,OPC-NPC-like
6109,cellranger-arc201_count_a166708bcbeb284b79da9df9facb9573#GCAATCTAGCCTGTTC-1,at10_1,0.06092701543959378,OPC-NPC-like
6110,cellranger-arc201_count_a166708bcbeb284b79da9df9facb9573#GCACCTAAGGGATGCG-1,at10_1,0.18972429427575735,OPC-NPC-like
6111,cellranger-arc201_count_a166708bcbeb284b79da9df9facb9573#GCCAATAGTAATTAGC-1,at10_1,0.11646375550102624,OPC-NPC-like
6112,cellranger-arc201_count_a166708bcbeb284b79da9df9facb9573#GCCACTAAGGACCTGC-1,at10_1,0.1799958009858864,OPC-NPC-like
6113,cellranger-arc201_count_a166708bcbeb284b79da9df9facb9573#GCGGATACATACTCCT-1,at10_1,0.42705222951702837,OPC-NPC-like
6114,cellranger-arc201_count_a166708bcbeb284b79da9df9facb9573#GCGTAACGTCACAGCG-1,at10_1,0.19970182169180234,OPC-NPC-like
6115,cellranger-arc201_count_a166708bcbeb284b79da9df9facb9573#GGATTCAGTTTAAAGC-1,at10_1,0.08980827803829795,OPC-NPC-like
6116,cellranger-arc201_count_a166708bcbeb284b79da9df9facb9573#GGCAAGCCACCTGCTC-1,at10_1,0.14469539109442467,OPC-NPC-like
6117,cellranger-arc201_count_a166708bcbeb284b79da9df9facb9573#GGCATTGTCTGCAAGT-1,at10_1,0.10799250241480203,OPC-NPC-like
6118,cellranger-arc201_count_a166708bcbeb284b79da9df9facb9573#GGCCTTAAGTGACCTG-1,at10_1,0.2068968462268981,OPC-NPC-like
6119,cellranger-arc201_count_a166708bcbeb284b79da9df9facb9573#GGCGGTTTCCTAATTC-1,at10_1,0.1328357899055453,OPC-NPC-like
6120,cellranger-arc201_count_a166708bcbeb284b79da9df9facb9573#GGCTAGTGTCACCTAT-1,at10_1,0.2000992127234847,OPC-NPC-like
6121,cellranger-arc201_count_a166708bcbeb284b79da9df9facb9573#GGCTGAGAGTCCTTCA-1,at10_1,0.07963873026228971,OPC-NPC-like
6122,cellranger-arc201_count_a166708bcbeb284b79da9df9facb9573#GGGTGAAGTCAATGTG-1,at10_1,0.18354116490323874,OPC-NPC-like
6123,cellranger-arc201_count_a166708bcbeb284b79da9df9facb9573#GGTAACCGTACTTCAC-1,at10_1,0.1069229461559862,OPC-NPC-like
6124,cellranger-arc201_count_a166708bcbeb284b79da9df9facb9573#GGTCAATTCCCAGTAG-1,at10_1,0.17410015575108492,OPC-NPC-like
6125,cellranger-arc201_count_a166708bcbeb284b79da9df9facb9573#GGTTAGCGTTTATTCG-1,at10_1,0.16817126698711451,OPC-NPC-like
6126,cellranger-arc201_count_a166708bcbeb284b79da9df9facb9573#GGTTCCCGTTACTTCA-1,at10_1,0.17723689432853074,OPC-NPC-like
6127,cellranger-arc201_count_a166708bcbeb284b79da9df9facb9573#GTAATAGCACAGAAAC-1,at10_1,0.1734493732964823,OPC-NPC-like
6128,cellranger-arc201_count_a166708bcbeb284b79da9df9facb9573#GTACCTTGTTGCACAA-1,at10_1,0.0955848841533658,OPC-NPC-like
6129,cellranger-arc201_count_a166708bcbeb284b79da9df9facb9573#GTATCGCCACTTAACG-1,at10_1,0.17510436647978392,OPC-NPC-like
6130,cellranger-arc201_count_a166708bcbeb284b79da9df9facb9573#GTATTGTCATGAATCT-1,at10_1,0.1980226058364932,OPC-NPC-like
6131,cellranger-arc201_count_a166708bcbeb284b79da9df9facb9573#GTCAGGCTCTGGCAAT-1,at10_1,0.04777720197887815,OPC-NPC-like
6132,cellranger-arc201_count_a166708bcbeb284b79da9df9facb9573#GTCCGTAAGACAAGTG-1,at10_1,0.046442129040062397,OPC-NPC-like
6133,cellranger-arc201_count_a166708bcbeb284b79da9df9facb9573#GTCTAGCCATGTCGCG-1,at10_1,0.11164906788617518,OPC-NPC-like
6134,cellranger-arc201_count_a166708bcbeb284b79da9df9facb9573#GTGAATCTCCCTTGCG-1,at10_1,0.44663662178309954,OPC-NPC-like
6135,cellranger-arc201_count_a166708bcbeb284b79da9df9facb9573#GTGCCTTTCACTAATG-1,at10_1,0.07560177139286706,OPC-NPC-like
6136,cellranger-arc201_count_a166708bcbeb284b79da9df9facb9573#GTGCGCAGTATGTGGC-1,at10_1,0.04909694781316499,OPC-NPC-like
6137,cellranger-arc201_count_a166708bcbeb284b79da9df9facb9573#GTGTTCCTCATTGACA-1,at10_1,0.11396742817666265,OPC-NPC-like
6138,cellranger-arc201_count_a166708bcbeb284b79da9df9facb9573#GTTAAGTGTTAAGGCC-1,at10_1,0.13020690609678182,OPC-NPC-like
6139,cellranger-arc201_count_a166708bcbeb284b79da9df9facb9573#GTTTCTAGTTGCATCT-1,at10_1,0.1560090076878237,OPC-NPC-like
6140,cellranger-arc201_count_a166708bcbeb284b79da9df9facb9573#GTTTGCTGTTCATCTA-1,at10_1,0.17965754668448453,OPC-NPC-like
6141,cellranger-arc201_count_a166708bcbeb284b79da9df9facb9573#GTTTGTTTCGCTAAAC-1,at10_1,0.08634490925779874,OPC-NPC-like
6142,cellranger-arc201_count_a166708bcbeb284b79da9df9facb9573#TAAAGCCTCGGTTAGT-1,at10_1,0.12360327670664263,OPC-NPC-like
6143,cellranger-arc201_count_a166708bcbeb284b79da9df9facb9573#TAATCCGCAGGCCTTG-1,at10_1,0.18706109501498314,OPC-NPC-like
6144,cellranger-arc201_count_a166708bcbeb284b79da9df9facb9573#TAATGGACACACAATT-1,at10_1,0.07267712040624595,OPC-NPC-like
6145,cellranger-arc201_count_a166708bcbeb284b79da9df9facb9573#TAGCCTCTCCAAGTTA-1,at10_1,0.10315094712352882,OPC-NPC-like
6146,cellranger-arc201_count_a166708bcbeb284b79da9df9facb9573#TAGGTTATCTAAGTCA-1,at10_1,0.042592833233856806,OPC-NPC-like
6147,cellranger-arc201_count_a166708bcbeb284b79da9df9facb9573#TATTGACCATTAAACC-1,at10_1,0.17053790556870668,OPC-NPC-like
6148,cellranger-arc201_count_a166708bcbeb284b79da9df9facb9573#TATTTGCTCTAAATCG-1,at10_1,0.17201759064362263,OPC-NPC-like
6149,cellranger-arc201_count_a166708bcbeb284b79da9df9facb9573#TCAAGGTTCACAGCGC-1,at10_1,0.16504941003976997,OPC-NPC-like
6150,cellranger-arc201_count_a166708bcbeb284b79da9df9facb9573#TCAATCGCACTAAGTT-1,at10_1,0.188025199124111,OPC-NPC-like
6151,cellranger-arc201_count_a166708bcbeb284b79da9df9facb9573#TCATGAGGTGGGTGAA-1,at10_1,0.18778031347854504,OPC-NPC-like
6152,cellranger-arc201_count_a166708bcbeb284b79da9df9facb9573#TCCGGTTTCATTGACA-1,at10_1,0.14365884170648807,OPC-NPC-like
6153,cellranger-arc201_count_a166708bcbeb284b79da9df9facb9573#TCGCATTGTAGGTTTG-1,at10_1,0.1637955526575588,OPC-NPC-like
6154,cellranger-arc201_count_a166708bcbeb284b79da9df9facb9573#TCGTGCTTCTAGCTAA-1,at10_1,0.07837131375218467,OPC-NPC-like
6155,cellranger-arc201_count_a166708bcbeb284b79da9df9facb9573#TCTCGCCCAGCTCAAC-1,at10_1,0.19505269743223042,OPC-NPC-like
6156,cellranger-arc201_count_a166708bcbeb284b79da9df9facb9573#TGCAATATCAATGACC-1,at10_1,0.14290555837028107,OPC-NPC-like
6157,cellranger-arc201_count_a166708bcbeb284b79da9df9facb9573#TGCATCCTCCACAATA-1,at10_1,0.2085282849498337,OPC-NPC-like
6158,cellranger-arc201_count_a166708bcbeb284b79da9df9facb9573#TGCTCCGTCATGAGCT-1,at10_1,0.14163913025656258,OPC-NPC-like
6159,cellranger-arc201_count_a166708bcbeb284b79da9df9facb9573#TGCTGGATCATTAGTG-1,at10_1,0.062105552840829754,OPC-NPC-like
6160,cellranger-arc201_count_a166708bcbeb284b79da9df9facb9573#TGGCTTTGTACCCACC-1,at10_1,0.04427039944167576,OPC-NPC-like
6161,cellranger-arc201_count_a166708bcbeb284b79da9df9facb9573#TGGTCCTTCATTATGG-1,at10_1,0.024027279266951227,OPC-NPC-like
6162,cellranger-arc201_count_a166708bcbeb284b79da9df9facb9573#TGTTGTGCACTAGCGT-1,at10_1,0.188680213585777,OPC-NPC-like
6163,cellranger-arc201_count_a166708bcbeb284b79da9df9facb9573#TGTTGTGCATTAGGTT-1,at10_1,0.15064463247131177,OPC-NPC-like
6164,cellranger-arc201_count_a166708bcbeb284b79da9df9facb9573#TTAGGCTAGTAACGAG-1,at10_1,0.14662829071524727,OPC-NPC-like
6165,cellranger-arc201_count_a166708bcbeb284b79da9df9facb9573#TTAGTCAAGCAGCTCA-1,at10_1,0.16147492323170512,OPC-NPC-like
6166,cellranger-arc201_count_a166708bcbeb284b79da9df9facb9573#TTATAGCCACTGACCG-1,at10_1,0.18710998583342597,OPC-NPC-like
6167,cellranger-arc201_count_a166708bcbeb284b79da9df9facb9573#TTATTGCTCTTGATGA-1,at10_1,0.17296512867246944,OPC-NPC-like
6168,cellranger-arc201_count_a166708bcbeb284b79da9df9facb9573#TTCAGCACAATTTAGC-1,at10_1,0.0794584592903577,OPC-NPC-like
6169,cellranger-arc201_count_a166708bcbeb284b79da9df9facb9573#TTCATTCAGCGATACT-1,at10_1,0.18831695703211906,OPC-NPC-like
6170,cellranger-arc201_count_a166708bcbeb284b79da9df9facb9573#TTCCCGCCATGAATAG-1,at10_1,0.20150059174665214,OPC-NPC-like
6171,cellranger-arc201_count_a166708bcbeb284b79da9df9facb9573#TTCCTTCTCCGCCTCA-1,at10_1,0.10148932750811482,OPC-NPC-like
6172,cellranger-arc201_count_a166708bcbeb284b79da9df9facb9573#TTCGGTACATGTTGTG-1,at10_1,0.17426165415221112,OPC-NPC-like
6173,cellranger-arc201_count_a166708bcbeb284b79da9df9facb9573#TTGGATATCCATCAGG-1,at10_1,0.03284842815427061,OPC-NPC-like
6174,cellranger-arc201_count_a166708bcbeb284b79da9df9facb9573#TTGTTGTTCTTGGATA-1,at10_1,0.031005437801931168,OPC-NPC-like
6175,cellranger-arc201_count_a166708bcbeb284b79da9df9facb9573#TTTGCGACACCTCACC-1,at10_1,0.05263178739716231,OPC-NPC-like
6176,cellranger-arc201_count_2f9d72acefae69161ec2c2137f20c0cd#AAACAGCCAGGTATTT-1,at10_1,0.17041236530654344,OPC-NPC-like
6177,cellranger-arc201_count_2f9d72acefae69161ec2c2137f20c0cd#AAATGCCTCAAGCCTG-1,at10_1,0.1355982882004745,OPC-NPC-like
6178,cellranger-arc201_count_2f9d72acefae69161ec2c2137f20c0cd#AAATGGCCAATTGACT-1,at10_1,0.09229349634412014,OPC-NPC-like
6179,cellranger-arc201_count_2f9d72acefae69161ec2c2137f20c0cd#AACCTCCTCAGGCTAT-1,at10_1,0.1913823918589771,OPC-NPC-like
6180,cellranger-arc201_count_2f9d72acefae69161ec2c2137f20c0cd#AATAACCGTGTGTGGT-1,at10_1,0.19435398471341972,OPC-NPC-like
6181,cellranger-arc201_count_2f9d72acefae69161ec2c2137f20c0cd#ACAGCGCTCAATTGGC-1,at10_1,0.1535571303587015,OPC-NPC-like
6182,cellranger-arc201_count_2f9d72acefae69161ec2c2137f20c0cd#ACCACACCATAATGAG-1,at10_1,0.08028095125523453,OPC-NPC-like
6183,cellranger-arc201_count_2f9d72acefae69161ec2c2137f20c0cd#ACCTACCTCCTTGTTG-1,at10_1,0.16671474658244026,OPC-NPC-like
6184,cellranger-arc201_count_2f9d72acefae69161ec2c2137f20c0cd#ACGCCACAGGATAAAC-1,at10_1,0.18046079276197605,OPC-NPC-like
6185,cellranger-arc201_count_2f9d72acefae69161ec2c2137f20c0cd#ACGCCTTTCGGTCATG-1,at10_1,0.18238947429681113,OPC-NPC-like
6186,cellranger-arc201_count_2f9d72acefae69161ec2c2137f20c0cd#ACGGGAAGTTGTAAAC-1,at10_1,0.18883551710814261,OPC-NPC-like
6187,cellranger-arc201_count_2f9d72acefae69161ec2c2137f20c0cd#ACGGTTTAGGACACTT-1,at10_1,0.1108940026522573,OPC-NPC-like
6188,cellranger-arc201_count_2f9d72acefae69161ec2c2137f20c0cd#AGCACAGCAAGGTCCT-1,at10_1,0.18520623694546762,OPC-NPC-like
6189,cellranger-arc201_count_2f9d72acefae69161ec2c2137f20c0cd#AGCACTTAGAACCTAC-1,at10_1,0.08019183548807574,OPC-NPC-like
6190,cellranger-arc201_count_2f9d72acefae69161ec2c2137f20c0cd#AGGAACCAGCTTCCCG-1,at10_1,0.17897676431138976,OPC-NPC-like
6191,cellranger-arc201_count_2f9d72acefae69161ec2c2137f20c0cd#AGTCAAGAGCCTGGTA-1,at10_1,0.12654830814833215,OPC-NPC-like
6192,cellranger-arc201_count_2f9d72acefae69161ec2c2137f20c0cd#AGTCCTTGTGTTCCCA-1,at10_1,0.06938819662742865,OPC-NPC-like
6193,cellranger-arc201_count_2f9d72acefae69161ec2c2137f20c0cd#ATACCTGCACAGCCTG-1,at10_1,0.1875452143493132,OPC-NPC-like
6194,cellranger-arc201_count_2f9d72acefae69161ec2c2137f20c0cd#ATAGATGCATCGTTCT-1,at10_1,0.07154165481374064,OPC-NPC-like
6195,cellranger-arc201_count_2f9d72acefae69161ec2c2137f20c0cd#ATATGCTCAGAAACGT-1,at10_1,0.16278418649586457,OPC-NPC-like
6196,cellranger-arc201_count_2f9d72acefae69161ec2c2137f20c0cd#ATCAATCCAGGCAAGC-1,at10_1,0.05419877153883649,OPC-NPC-like
6197,cellranger-arc201_count_2f9d72acefae69161ec2c2137f20c0cd#ATCCTCATCGCAGGCT-1,at10_1,0.06051790982256983,OPC-NPC-like
6198,cellranger-arc201_count_2f9d72acefae69161ec2c2137f20c0cd#ATGACAACACTAGGTC-1,at10_1,0.050220844991625324,OPC-NPC-like
6199,cellranger-arc201_count_2f9d72acefae69161ec2c2137f20c0cd#ATTATCCTCTCAATAG-1,at10_1,0.05914840310259853,OPC-NPC-like
6200,cellranger-arc201_count_2f9d72acefae69161ec2c2137f20c0cd#ATTATGGTCTCAATTC-1,at10_1,0.09938840050158472,OPC-NPC-like
6201,cellranger-arc201_count_2f9d72acefae69161ec2c2137f20c0cd#ATTGCGCCAGCACCAT-1,at10_1,0.1786972151869165,OPC-NPC-like
6202,cellranger-arc201_count_2f9d72acefae69161ec2c2137f20c0cd#CAATAAGCACCTGTAA-1,at10_1,0.10605105525339745,OPC-NPC-like
6203,cellranger-arc201_count_2f9d72acefae69161ec2c2137f20c0cd#CAATGTGGTGTCACGG-1,at10_1,0.04286311092180304,OPC-NPC-like
6204,cellranger-arc201_count_2f9d72acefae69161ec2c2137f20c0cd#CACCGGTAGGCCTGGT-1,at10_1,0.0553292881888713,OPC-NPC-like
6205,cellranger-arc201_count_2f9d72acefae69161ec2c2137f20c0cd#CACTAGCCAGCCAGAA-1,at10_1,0.1294725275816014,OPC-NPC-like
6206,cellranger-arc201_count_2f9d72acefae69161ec2c2137f20c0cd#CACTTAAAGTCTCACC-1,at10_1,0.18343123016712176,OPC-NPC-like
6207,cellranger-arc201_count_2f9d72acefae69161ec2c2137f20c0cd#CACTTTGTCATTGTTC-1,at10_1,0.1953008962938525,OPC-NPC-like
6208,cellranger-arc201_count_2f9d72acefae69161ec2c2137f20c0cd#CAGGTTAGTTGACTTC-1,at10_1,0.09613160656586708,OPC-NPC-like
6209,cellranger-arc201_count_2f9d72acefae69161ec2c2137f20c0cd#CATCACACACTTAGGC-1,at10_1,0.06180131468830743,OPC-NPC-like
6210,cellranger-arc201_count_2f9d72acefae69161ec2c2137f20c0cd#CCCGCTTCACCGGCTA-1,at10_1,0.18163535569605216,OPC-NPC-like
6211,cellranger-arc201_count_2f9d72acefae69161ec2c2137f20c0cd#CCCTCATAGGATAAAC-1,at10_1,0.19477758913095852,OPC-NPC-like
6212,cellranger-arc201_count_2f9d72acefae69161ec2c2137f20c0cd#CCTATTGTCTTGGACG-1,at10_1,0.18498201017648744,OPC-NPC-like
6213,cellranger-arc201_count_2f9d72acefae69161ec2c2137f20c0cd#CCTTGCGTCAGCACGC-1,at10_1,0.07497014433865656,OPC-NPC-like
6214,cellranger-arc201_count_2f9d72acefae69161ec2c2137f20c0cd#CGAAGTAAGGAAGCAC-1,at10_1,0.19590455590664738,OPC-NPC-like
6215,cellranger-arc201_count_2f9d72acefae69161ec2c2137f20c0cd#CGATTTGCACCTCACC-1,at10_1,0.18622457756617092,OPC-NPC-like
6216,cellranger-arc201_count_2f9d72acefae69161ec2c2137f20c0cd#CGCAATTAGCTTTGGG-1,at10_1,0.09786940230842203,OPC-NPC-like
6217,cellranger-arc201_count_2f9d72acefae69161ec2c2137f20c0cd#CGCATTACAGCCTAAC-1,at10_1,0.17344820392610952,OPC-NPC-like
6218,cellranger-arc201_count_2f9d72acefae69161ec2c2137f20c0cd#CGGTTCCGTGAGCAAG-1,at10_1,0.0751092298076378,OPC-NPC-like
6219,cellranger-arc201_count_2f9d72acefae69161ec2c2137f20c0cd#CGTAGTTAGCTAATTG-1,at10_1,0.1838366675806549,OPC-NPC-like
6220,cellranger-arc201_count_2f9d72acefae69161ec2c2137f20c0cd#CGTTATTTCCCTGGAA-1,at10_1,0.17758599314803253,OPC-NPC-like
6221,cellranger-arc201_count_2f9d72acefae69161ec2c2137f20c0cd#CTAGGACGTCATCAAG-1,at10_1,0.18666938378225426,OPC-NPC-like
6222,cellranger-arc201_count_2f9d72acefae69161ec2c2137f20c0cd#CTCCATCAGTAAGAAC-1,at10_1,0.04260280768471508,OPC-NPC-like
6223,cellranger-arc201_count_2f9d72acefae69161ec2c2137f20c0cd#CTCGCTCCATCCGTAA-1,at10_1,0.17465013569533902,OPC-NPC-like
6224,cellranger-arc201_count_2f9d72acefae69161ec2c2137f20c0cd#CTGCAATAGAGAGGCT-1,at10_1,0.17946991842395713,OPC-NPC-like
6225,cellranger-arc201_count_2f9d72acefae69161ec2c2137f20c0cd#CTGTTAAAGGAGCACG-1,at10_1,0.14213559758518615,OPC-NPC-like
6226,cellranger-arc201_count_2f9d72acefae69161ec2c2137f20c0cd#CTGTTAAAGTATTGTG-1,at10_1,0.18225450946628635,OPC-NPC-like
6227,cellranger-arc201_count_2f9d72acefae69161ec2c2137f20c0cd#CTTCTCAAGTTGCCTC-1,at10_1,0.19010243245951644,OPC-NPC-like
6228,cellranger-arc201_count_2f9d72acefae69161ec2c2137f20c0cd#CTTGAACAGGAAGCTA-1,at10_1,0.1448542723332879,OPC-NPC-like
6229,cellranger-arc201_count_2f9d72acefae69161ec2c2137f20c0cd#CTTTCTTGTGTCCAGG-1,at10_1,0.2139796668905106,OPC-NPC-like
6230,cellranger-arc201_count_2f9d72acefae69161ec2c2137f20c0cd#GAAAGCCAGATGGACA-1,at10_1,0.17525219438440923,OPC-NPC-like
6231,cellranger-arc201_count_2f9d72acefae69161ec2c2137f20c0cd#GACTATTCAAGGACCA-1,at10_1,0.05707478924691832,OPC-NPC-like
6232,cellranger-arc201_count_2f9d72acefae69161ec2c2137f20c0cd#GAGCTGCTCCCGCCTA-1,at10_1,0.0749349518588663,OPC-NPC-like
6233,cellranger-arc201_count_2f9d72acefae69161ec2c2137f20c0cd#GAGGACTAGTGACCTG-1,at10_1,0.13859585778248384,OPC-NPC-like
6234,cellranger-arc201_count_2f9d72acefae69161ec2c2137f20c0cd#GATTGTTCATCCGTAA-1,at10_1,0.13564865465295917,OPC-NPC-like
6235,cellranger-arc201_count_2f9d72acefae69161ec2c2137f20c0cd#GCATGAGCATCCCGCT-1,at10_1,0.20646275923923188,OPC-NPC-like
6236,cellranger-arc201_count_2f9d72acefae69161ec2c2137f20c0cd#GCGCGATTCAATGACC-1,at10_1,0.044311174272888464,OPC-NPC-like
6237,cellranger-arc201_count_2f9d72acefae69161ec2c2137f20c0cd#GCGCGATTCCCTCGCA-1,at10_1,0.08304806438681346,OPC-NPC-like
6238,cellranger-arc201_count_2f9d72acefae69161ec2c2137f20c0cd#GCTATCCTCTATCGCC-1,at10_1,0.11050578560957089,OPC-NPC-like
6239,cellranger-arc201_count_2f9d72acefae69161ec2c2137f20c0cd#GCTCAACCACAATGCC-1,at10_1,0.060858001705986084,OPC-NPC-like
6240,cellranger-arc201_count_2f9d72acefae69161ec2c2137f20c0cd#GCTTGTTGTCCCGGAA-1,at10_1,0.10002835235916331,OPC-NPC-like
6241,cellranger-arc201_count_2f9d72acefae69161ec2c2137f20c0cd#GGATACTTCTTAGTCT-1,at10_1,0.0740899286326997,OPC-NPC-like
6242,cellranger-arc201_count_2f9d72acefae69161ec2c2137f20c0cd#GGATGGCCAGCAACCT-1,at10_1,0.11056332141612674,OPC-NPC-like
6243,cellranger-arc201_count_2f9d72acefae69161ec2c2137f20c0cd#GGCAAATCAATTATGC-1,at10_1,0.2059364868871783,OPC-NPC-like
6244,cellranger-arc201_count_2f9d72acefae69161ec2c2137f20c0cd#GGCGTTATCGCTCCAT-1,at10_1,0.1656282205321433,OPC-NPC-like
6245,cellranger-arc201_count_2f9d72acefae69161ec2c2137f20c0cd#GGCTATTAGGCCATCA-1,at10_1,0.20205632109523897,OPC-NPC-like
6246,cellranger-arc201_count_2f9d72acefae69161ec2c2137f20c0cd#GGTCAAGCAGCTAATT-1,at10_1,0.08683590560360682,OPC-NPC-like
6247,cellranger-arc201_count_2f9d72acefae69161ec2c2137f20c0cd#GGTGCTGGTGCTCACC-1,at10_1,0.12302556597926273,OPC-NPC-like
6248,cellranger-arc201_count_2f9d72acefae69161ec2c2137f20c0cd#GGTTACCCAATGCCTA-1,at10_1,0.19687620523889482,OPC-NPC-like
6249,cellranger-arc201_count_2f9d72acefae69161ec2c2137f20c0cd#GGTTACTAGTTGTCCC-1,at10_1,0.18913355342136645,OPC-NPC-like
6250,cellranger-arc201_count_2f9d72acefae69161ec2c2137f20c0cd#GTACCTTGTCATAACG-1,at10_1,0.14552209418475107,OPC-NPC-like
6251,cellranger-arc201_count_2f9d72acefae69161ec2c2137f20c0cd#GTGAACAAGATTCCTT-1,at10_1,0.10894954853846557,OPC-NPC-like
6252,cellranger-arc201_count_2f9d72acefae69161ec2c2137f20c0cd#GTTAACCAGCTAGAAG-1,at10_1,0.12869511902091793,OPC-NPC-like
6253,cellranger-arc201_count_2f9d72acefae69161ec2c2137f20c0cd#GTTACTCGTTTGTCTA-1,at10_1,0.1489120571322067,OPC-NPC-like
6254,cellranger-arc201_count_2f9d72acefae69161ec2c2137f20c0cd#GTTCACCTCGTGCTTC-1,at10_1,0.19210660798877505,OPC-NPC-like
6255,cellranger-arc201_count_2f9d72acefae69161ec2c2137f20c0cd#GTTGCCCGTATTGTCC-1,at10_1,0.1807696875143757,OPC-NPC-like
6256,cellranger-arc201_count_2f9d72acefae69161ec2c2137f20c0cd#TAAGTAGCAATTAGCT-1,at10_1,0.18824192243319915,OPC-NPC-like
6257,cellranger-arc201_count_2f9d72acefae69161ec2c2137f20c0cd#TACCGCAAGGACTAAG-1,at10_1,0.1635090569162282,OPC-NPC-like
6258,cellranger-arc201_count_2f9d72acefae69161ec2c2137f20c0cd#TACCTTTAGCATGAAG-1,at10_1,0.07077103973807997,OPC-NPC-like
6259,cellranger-arc201_count_2f9d72acefae69161ec2c2137f20c0cd#TAGGAACCATGTTTGG-1,at10_1,0.18639520819306543,OPC-NPC-like
6260,cellranger-arc201_count_2f9d72acefae69161ec2c2137f20c0cd#TAGTACGGTACGGTAC-1,at10_1,0.11204061206599367,OPC-NPC-like
6261,cellranger-arc201_count_2f9d72acefae69161ec2c2137f20c0cd#TAGTCAATCGATATTG-1,at10_1,0.1986112167662765,OPC-NPC-like
6262,cellranger-arc201_count_2f9d72acefae69161ec2c2137f20c0cd#TATGACTCAACATAAG-1,at10_1,0.19539690995410314,OPC-NPC-like
6263,cellranger-arc201_count_2f9d72acefae69161ec2c2137f20c0cd#TCAATCGCAAACGCGA-1,at10_1,0.11215473704594645,OPC-NPC-like
6264,cellranger-arc201_count_2f9d72acefae69161ec2c2137f20c0cd#TCAGCGATCGAGGTGG-1,at10_1,0.20221176382836323,OPC-NPC-like
6265,cellranger-arc201_count_2f9d72acefae69161ec2c2137f20c0cd#TCAGGTCCATTGTGTG-1,at10_1,0.16519024956431036,OPC-NPC-like
6266,cellranger-arc201_count_2f9d72acefae69161ec2c2137f20c0cd#TCGCATTGTCAGTAAT-1,at10_1,0.18297928243911893,OPC-NPC-like
6267,cellranger-arc201_count_2f9d72acefae69161ec2c2137f20c0cd#TCTAGCACAAATTGCT-1,at10_1,0.19901328527944998,OPC-NPC-like
6268,cellranger-arc201_count_2f9d72acefae69161ec2c2137f20c0cd#TCTAGCCTCTCCATAT-1,at10_1,0.17202289457352773,OPC-NPC-like
6269,cellranger-arc201_count_2f9d72acefae69161ec2c2137f20c0cd#TCTAGCGAGGAACGGT-1,at10_1,0.06892651806739523,OPC-NPC-like
6270,cellranger-arc201_count_2f9d72acefae69161ec2c2137f20c0cd#TGATCACAGCGCTCAA-1,at10_1,0.043411872771918755,OPC-NPC-like
6271,cellranger-arc201_count_2f9d72acefae69161ec2c2137f20c0cd#TGCTCCGTCTAGCTAA-1,at10_1,0.056081812826443575,OPC-NPC-like
6272,cellranger-arc201_count_2f9d72acefae69161ec2c2137f20c0cd#TGCTTCATCAATCTAG-1,at10_1,0.19359340673345873,OPC-NPC-like
6273,cellranger-arc201_count_2f9d72acefae69161ec2c2137f20c0cd#TGCTTCATCACGTTAA-1,at10_1,0.056545196718270636,OPC-NPC-like
6274,cellranger-arc201_count_2f9d72acefae69161ec2c2137f20c0cd#TGGACAAAGTTAACCA-1,at10_1,0.19064463052236116,OPC-NPC-like
6275,cellranger-arc201_count_2f9d72acefae69161ec2c2137f20c0cd#TGGACCGGTAAAGCGG-1,at10_1,0.10457116136234348,OPC-NPC-like
6276,cellranger-arc201_count_2f9d72acefae69161ec2c2137f20c0cd#TGGGCATGTTGGATCA-1,at10_1,0.12777151132148548,OPC-NPC-like
6277,cellranger-arc201_count_2f9d72acefae69161ec2c2137f20c0cd#TGGTTGAGTACGGTAC-1,at10_1,0.1854856050959546,OPC-NPC-like
6278,cellranger-arc201_count_2f9d72acefae69161ec2c2137f20c0cd#TGTAATGTCGAAGCGG-1,at10_1,0.0548558950434963,OPC-NPC-like
6279,cellranger-arc201_count_2f9d72acefae69161ec2c2137f20c0cd#TTAAGCCAGTTATCTC-1,at10_1,0.07212406390422545,OPC-NPC-like
6280,cellranger-arc201_count_2f9d72acefae69161ec2c2137f20c0cd#TTAAGGTGTACGGGTT-1,at10_1,0.12687989425439403,OPC-NPC-like
6281,cellranger-arc201_count_2f9d72acefae69161ec2c2137f20c0cd#TTATCCTAGCTCCTAC-1,at10_1,0.1870389883465073,OPC-NPC-like
6282,cellranger-arc201_count_2f9d72acefae69161ec2c2137f20c0cd#TTATTGCTCTTGCAAA-1,at10_1,0.16411547290204462,OPC-NPC-like
6283,cellranger-arc201_count_2f9d72acefae69161ec2c2137f20c0cd#TTCCTCAAGGCCTAAT-1,at10_1,0.15862686600450096,OPC-NPC-like
6284,cellranger-arc201_count_2f9d72acefae69161ec2c2137f20c0cd#TTGCGTCTCAATCTAG-1,at10_1,0.09450282676842194,OPC-NPC-like
6285,cellranger-arc201_count_2f9d72acefae69161ec2c2137f20c0cd#TTTCTTGCAGCAAGAT-1,at10_1,0.0824168828070307,OPC-NPC-like
6286,cellranger-arc201_count_2f9d72acefae69161ec2c2137f20c0cd#TTTGACCGTTTAGTCC-1,at10_1,0.13977481977653378,OPC-NPC-like
6287,cellranger-arc201_count_0fb30af0fe36506de6b8a3b7f8b6b155#ATGACGAAGTTTGGTA-1,at10_1,0.07595176116122432,OPC-NPC-like
6288,cellranger-arc201_count_0fb30af0fe36506de6b8a3b7f8b6b155#CCCAAATAGTCCTTCA-1,at10_1,0.38728291761416117,OPC-NPC-like
6289,cellranger-arc201_count_0fb30af0fe36506de6b8a3b7f8b6b155#CCGCTAAAGGGTGAGT-1,at10_1,0.05007197300631,OPC-NPC-like
6290,cellranger-arc201_count_0fb30af0fe36506de6b8a3b7f8b6b155#CGGGCTTAGGGATGAC-1,at10_1,0.05643406476962913,OPC-NPC-like
6291,cellranger-arc201_count_0fb30af0fe36506de6b8a3b7f8b6b155#GAGTTTGGTTTCGCCA-1,at10_1,0.19952716787398242,OPC-NPC-like
6292,cellranger-arc201_count_0fb30af0fe36506de6b8a3b7f8b6b155#GGTTCCCGTTTGTCTA-1,at10_1,0.0996825249924901,OPC-NPC-like
6293,cellranger-arc201_count_0fb30af0fe36506de6b8a3b7f8b6b155#GTACACCCACTTAACG-1,at10_1,0.054912846164865754,OPC-NPC-like
6294,cellranger-arc201_count_1243e22655c16468279dae921b0de74a#ATGCAAACAGGCATGA-1,at10_1,0.0685394912766954,OPC-NPC-like
6295,cellranger-arc201_count_1243e22655c16468279dae921b0de74a#CCGCTAGCATCGCTCC-1,at10_1,0.37837161931979996,OPC-NPC-like
6296,cellranger-arc201_count_1243e22655c16468279dae921b0de74a#TGACCTTGTACCGTAA-1,at10_1,0.07743132094645748,OPC-NPC-like
6297,cellranger-arc201_count_1243e22655c16468279dae921b0de74a#TTAGCTGCAGCAAGAT-1,at10_1,0.15466146146503162,OPC-NPC-like
6298,cellranger-arc201_count_1243e22655c16468279dae921b0de74a#TTTCATCAGTAAACCC-1,at10_1,0.06888742768636238,OPC-NPC-like
6299,cellranger-arc201_count_dae7bef086560538e47878293f38b2c6#CTGACCAAGTCATTGA-1,at10_1,0.08038551245606708,OPC-NPC-like
6300,cellranger-arc201_count_dae7bef086560538e47878293f38b2c6#TATGGATGTACTTCAC-1,at10_1,0.16357049062402662,OPC-NPC-like
6301,cellranger-arc201_count_651c086adc1acf13d5493f979b7a6fc4#ACAACATGTATTTGGG-1,at10_1,0.1019516464376381,OPC-NPC-like
6302,cellranger-arc201_count_9b9f744826edc64cc288193e1d52754e#ACTAACTCATCTAGCA-1,at10_1,0.18984224755157333,OPC-NPC-like
6303,cellranger-arc201_count_9b9f744826edc64cc288193e1d52754e#ACTTGTCGTTACAACG-1,at10_1,0.2056316988521593,OPC-NPC-like
6304,cellranger-arc201_count_9b9f744826edc64cc288193e1d52754e#AGTCAAGAGTCTTGAA-1,at10_1,0.19934755815315405,OPC-NPC-like
6305,cellranger-arc201_count_9b9f744826edc64cc288193e1d52754e#CATGGATTCGGGATTT-1,at10_1,0.14381104082893548,OPC-NPC-like
6306,cellranger-arc201_count_9b9f744826edc64cc288193e1d52754e#CGCGGATTCCTGATGG-1,at10_1,0.21838707950981417,OPC-NPC-like
6307,cellranger-arc201_count_9b9f744826edc64cc288193e1d52754e#CGCTGTGCAGGTTCAC-1,at10_1,0.20151476340188412,OPC-NPC-like
6308,cellranger-arc201_count_9b9f744826edc64cc288193e1d52754e#GGGATTAAGTGACCTG-1,at10_1,0.1519579606896242,OPC-NPC-like
6309,cellranger-arc201_count_9b9f744826edc64cc288193e1d52754e#GTTAGACTCAAACACC-1,at10_1,0.18374239405488763,OPC-NPC-like
6310,cellranger-arc201_count_9b9f744826edc64cc288193e1d52754e#TGCAATATCTTGGATA-1,at10_1,0.1271483761235535,OPC-NPC-like
6311,cellranger-arc201_count_9b9f744826edc64cc288193e1d52754e#TTAGCAATCAATCATG-1,at10_1,0.19063995304087006,OPC-NPC-like
6312,cellranger-arc201_count_9b9f744826edc64cc288193e1d52754e#TTATCCTAGCATTAGC-1,at10_1,0.06574654758884634,OPC-NPC-like
6313,cellranger-arc201_count_877c4ccf6b72738da66f3017a5f79449#AACCTCCTCAAGCTAC-1,at10_1,0.189333460070808,OPC-NPC-like
6314,cellranger-arc201_count_877c4ccf6b72738da66f3017a5f79449#AAGCCTCCAGCTAATT-1,at10_1,0.2052998204035042,OPC-NPC-like
6315,cellranger-arc201_count_877c4ccf6b72738da66f3017a5f79449#AAGGATCCACTTGTTC-1,at10_1,0.15161664375153172,OPC-NPC-like
6316,cellranger-arc201_count_877c4ccf6b72738da66f3017a5f79449#AATGAAGGTTCACCCA-1,at10_1,0.2473689497238048,OPC-NPC-like
6317,cellranger-arc201_count_877c4ccf6b72738da66f3017a5f79449#ACTTATCTCTGTGAGT-1,at10_1,0.1466247547619772,OPC-NPC-like
6318,cellranger-arc201_count_877c4ccf6b72738da66f3017a5f79449#AGCTACTAGCTTCTCA-1,at10_1,0.19019137421322688,OPC-NPC-like
6319,cellranger-arc201_count_877c4ccf6b72738da66f3017a5f79449#CAAGGTAAGCAATAGG-1,at10_1,0.20863692502589512,OPC-NPC-like
6320,cellranger-arc201_count_877c4ccf6b72738da66f3017a5f79449#CACGCAATCCCTCATA-1,at10_1,0.10988228846366638,OPC-NPC-like
6321,cellranger-arc201_count_877c4ccf6b72738da66f3017a5f79449#GCAAGCCTCCACCTTA-1,at10_1,0.24360934044886853,OPC-NPC-like
6322,cellranger-arc201_count_877c4ccf6b72738da66f3017a5f79449#GCACTAAGTTACTAGG-1,at10_1,0.3664798465245933,OPC-NPC-like
6323,cellranger-arc201_count_877c4ccf6b72738da66f3017a5f79449#TCAGTAGGTTGCAATG-1,at10_1,0.18296415022965215,OPC-NPC-like
6324,cellranger-arc201_count_877c4ccf6b72738da66f3017a5f79449#TTAAGGACACCGTTCC-1,at10_1,0.1753142684616975,OPC-NPC-like
6325,cellranger-arc201_count_877c4ccf6b72738da66f3017a5f79449#TTGCTTTAGGGACCTC-1,at10_1,0.17949366777938522,OPC-NPC-like
6326,cellranger-arc201_count_651c086adc1acf13d5493f979b7a6fc4#ACCAAGTTCGCTAAAC-1,at10_1,0.19657869792655389,OPC-NPC-like
6327,cellranger-arc201_count_651c086adc1acf13d5493f979b7a6fc4#CCAACCCGTGCTAGCG-1,at10_1,0.1811595611650902,OPC-NPC-like
6328,cellranger-arc201_count_651c086adc1acf13d5493f979b7a6fc4#CGACAAGCAGGTTACC-1,at10_1,0.38284150972759196,OPC-NPC-like
6329,cellranger-arc201_count_651c086adc1acf13d5493f979b7a6fc4#GTTACCTGTCGACTAA-1,at10_1,0.17281576944949878,OPC-NPC-like
6330,cellranger-arc201_count_2f9565d51b615c158b1a36debec1ec4b#AAAGGAGCAAGATTCT-1,at10_1,0.18875785142588394,OPC-NPC-like
6331,cellranger-arc201_count_2f9565d51b615c158b1a36debec1ec4b#AAGCAAGTCACTCGCT-1,at10_1,0.197488690813789,OPC-NPC-like
6332,cellranger-arc201_count_2f9565d51b615c158b1a36debec1ec4b#AATACCGGTCTATCGT-1,at10_1,0.193213667625975,OPC-NPC-like
6333,cellranger-arc201_count_2f9565d51b615c158b1a36debec1ec4b#AATTAGCGTATTGAGT-1,at10_1,0.1483801885076549,OPC-NPC-like
6334,cellranger-arc201_count_2f9565d51b615c158b1a36debec1ec4b#ACACTTAAGTACCGCA-1,at10_1,0.07478144415528745,OPC-NPC-like
6335,cellranger-arc201_count_2f9565d51b615c158b1a36debec1ec4b#AGCTAAACATCCAGGT-1,at10_1,0.38680664976661977,OPC-NPC-like
6336,cellranger-arc201_count_2f9565d51b615c158b1a36debec1ec4b#AGTCAGGCACTTGTTC-1,at10_1,0.20404402799174765,OPC-NPC-like
6337,cellranger-arc201_count_2f9565d51b615c158b1a36debec1ec4b#ATACCTGCATGCAACC-1,at10_1,0.1331943411355604,OPC-NPC-like
6338,cellranger-arc201_count_2f9565d51b615c158b1a36debec1ec4b#ATCACCCTCATTAGGC-1,at10_1,0.3834082367261132,OPC-NPC-like
6339,cellranger-arc201_count_2f9565d51b615c158b1a36debec1ec4b#ATGACCAGTAGGATCC-1,at10_1,0.20524430315294895,OPC-NPC-like
6340,cellranger-arc201_count_2f9565d51b615c158b1a36debec1ec4b#ATGGCCGGTGATTACG-1,at10_1,0.24162639456030618,OPC-NPC-like
6341,cellranger-arc201_count_2f9565d51b615c158b1a36debec1ec4b#ATTAACCCAGTTAAAG-1,at10_1,0.1661354766945633,OPC-NPC-like
6342,cellranger-arc201_count_2f9565d51b615c158b1a36debec1ec4b#ATTCATGAGTCCTTTG-1,at10_1,0.39979946829425206,OPC-NPC-like
6343,cellranger-arc201_count_2f9565d51b615c158b1a36debec1ec4b#CATAATCCATAACGGG-1,at10_1,0.1783567474344519,OPC-NPC-like
6344,cellranger-arc201_count_2f9565d51b615c158b1a36debec1ec4b#CATTATCTCGTTTCTG-1,at10_1,0.10980662741633247,OPC-NPC-like
6345,cellranger-arc201_count_2f9565d51b615c158b1a36debec1ec4b#CATTCCTCATTATCCC-1,at10_1,0.19170686429527128,OPC-NPC-like
6346,cellranger-arc201_count_2f9565d51b615c158b1a36debec1ec4b#CCCGCTTCAATCGCAC-1,at10_1,0.18840078975098654,OPC-NPC-like
6347,cellranger-arc201_count_2f9565d51b615c158b1a36debec1ec4b#CCGCCAACAATCCTAG-1,at10_1,0.20705766249530677,OPC-NPC-like
6348,cellranger-arc201_count_2f9565d51b615c158b1a36debec1ec4b#CCGCTAGCACCTGCTC-1,at10_1,0.20586657524417723,OPC-NPC-like
6349,cellranger-arc201_count_2f9565d51b615c158b1a36debec1ec4b#CGAAGAATCCCTCACG-1,at10_1,0.20907499344125913,OPC-NPC-like
6350,cellranger-arc201_count_2f9565d51b615c158b1a36debec1ec4b#CGTTGCGCACCTCGCT-1,at10_1,0.1899336394146363,OPC-NPC-like
6351,cellranger-arc201_count_2f9565d51b615c158b1a36debec1ec4b#CTACTTAGTTGAGCCG-1,at10_1,0.07765093983932586,OPC-NPC-like
6352,cellranger-arc201_count_2f9565d51b615c158b1a36debec1ec4b#CTATGGCCATAACGGG-1,at10_1,0.19102146012498883,OPC-NPC-like
6353,cellranger-arc201_count_2f9565d51b615c158b1a36debec1ec4b#CTCCAAACAGTTTGGC-1,at10_1,0.19221828285937534,OPC-NPC-like
6354,cellranger-arc201_count_2f9565d51b615c158b1a36debec1ec4b#CTCCTCACATTAAGTC-1,at10_1,0.1572005821766085,OPC-NPC-like
6355,cellranger-arc201_count_2f9565d51b615c158b1a36debec1ec4b#CTTGAATCAGCAAATA-1,at10_1,0.18792562166843854,OPC-NPC-like
6356,cellranger-arc201_count_2f9565d51b615c158b1a36debec1ec4b#CTTGACGAGAATCGCT-1,at10_1,0.1824671399790698,OPC-NPC-like
6357,cellranger-arc201_count_2f9565d51b615c158b1a36debec1ec4b#CTTTAGTTCCCTGACT-1,at10_1,0.18643322665125658,OPC-NPC-like
6358,cellranger-arc201_count_2f9565d51b615c158b1a36debec1ec4b#GAAGTATAGCGCTAAT-1,at10_1,0.036045431069142035,OPC-NPC-like
6359,cellranger-arc201_count_2f9565d51b615c158b1a36debec1ec4b#GACTAATGTTTGTGGA-1,at10_1,0.19126787708890006,OPC-NPC-like
6360,cellranger-arc201_count_2f9565d51b615c158b1a36debec1ec4b#GACTCACCATGAAATG-1,at10_1,0.17962104562356282,OPC-NPC-like
6361,cellranger-arc201_count_2f9565d51b615c158b1a36debec1ec4b#GAGCGGTCAATGCGCT-1,at10_1,0.16515025431334618,OPC-NPC-like
6362,cellranger-arc201_count_2f9565d51b615c158b1a36debec1ec4b#GATAGACCATTGTGAT-1,at10_1,0.1955656055514522,OPC-NPC-like
6363,cellranger-arc201_count_2f9565d51b615c158b1a36debec1ec4b#GATGCAGCATTGGGAG-1,at10_1,0.16883221182709965,OPC-NPC-like
6364,cellranger-arc201_count_2f9565d51b615c158b1a36debec1ec4b#GCAATATGTGCAATAT-1,at10_1,0.18450409964199374,OPC-NPC-like
6365,cellranger-arc201_count_2f9565d51b615c158b1a36debec1ec4b#GCACGAACACCTGTAA-1,at10_1,0.2100507216487354,OPC-NPC-like
6366,cellranger-arc201_count_2f9565d51b615c158b1a36debec1ec4b#GCATATATCGATCAGT-1,at10_1,0.3603406242253574,OPC-NPC-like
6367,cellranger-arc201_count_2f9565d51b615c158b1a36debec1ec4b#GCATCCTTCTGTGAGT-1,at10_1,0.26484026188411447,OPC-NPC-like
6368,cellranger-arc201_count_2f9565d51b615c158b1a36debec1ec4b#GCCAATTAGACACTTA-1,at10_1,0.19196564317455186,OPC-NPC-like
6369,cellranger-arc201_count_2f9565d51b615c158b1a36debec1ec4b#GCCAATTAGGTTTACA-1,at10_1,0.40229482114330495,OPC-NPC-like
6370,cellranger-arc201_count_2f9565d51b615c158b1a36debec1ec4b#GCCGTGAGTGCAATGC-1,at10_1,0.1063662423320887,OPC-NPC-like
6371,cellranger-arc201_count_2f9565d51b615c158b1a36debec1ec4b#GCTAATATCAAGGACA-1,at10_1,0.198907721761155,OPC-NPC-like
6372,cellranger-arc201_count_2f9565d51b615c158b1a36debec1ec4b#GCTGTAAGTCGCAAAC-1,at10_1,0.17476687783755465,OPC-NPC-like
6373,cellranger-arc201_count_2f9565d51b615c158b1a36debec1ec4b#GGCTCACAGCCACAAT-1,at10_1,0.15504466692040608,OPC-NPC-like
6374,cellranger-arc201_count_2f9565d51b615c158b1a36debec1ec4b#GGTTGCTCATGTCAGC-1,at10_1,0.058306184973219016,OPC-NPC-like
6375,cellranger-arc201_count_2f9565d51b615c158b1a36debec1ec4b#GTTTGTCGTCATCCTG-1,at10_1,0.4439388843331008,OPC-NPC-like
6376,cellranger-arc201_count_2f9565d51b615c158b1a36debec1ec4b#TAATCCGCAGACAAAC-1,at10_1,0.20428881618978245,OPC-NPC-like
6377,cellranger-arc201_count_2f9565d51b615c158b1a36debec1ec4b#TACAGGTTCTTAGGAC-1,at10_1,0.2455514975851423,OPC-NPC-like
6378,cellranger-arc201_count_2f9565d51b615c158b1a36debec1ec4b#TACCTGCTCTAAGTCA-1,at10_1,0.19089097788089301,OPC-NPC-like
6379,cellranger-arc201_count_2f9565d51b615c158b1a36debec1ec4b#TACTGGCCAATTTGGT-1,at10_1,0.17624705015012593,OPC-NPC-like
6380,cellranger-arc201_count_2f9565d51b615c158b1a36debec1ec4b#TCAAGGAAGTCATTTC-1,at10_1,0.14621940087489926,OPC-NPC-like
6381,cellranger-arc201_count_2f9565d51b615c158b1a36debec1ec4b#TCCAGGATCACTCGCT-1,at10_1,0.1869164550367312,OPC-NPC-like
6382,cellranger-arc201_count_2f9565d51b615c158b1a36debec1ec4b#TCTAACTTCACCATTT-1,at10_1,0.17669795379743874,OPC-NPC-like
6383,cellranger-arc201_count_2f9565d51b615c158b1a36debec1ec4b#TGAACAACATGCTTAG-1,at10_1,0.11041848654281267,OPC-NPC-like
6384,cellranger-arc201_count_2f9565d51b615c158b1a36debec1ec4b#TGTGATCAGGCTACAT-1,at10_1,0.06462739053671854,OPC-NPC-like
6385,cellranger-arc201_count_2f9565d51b615c158b1a36debec1ec4b#TTAGAAGCAAGCTTTG-1,at10_1,0.17051918172166636,OPC-NPC-like
6386,cellranger-arc201_count_2f9565d51b615c158b1a36debec1ec4b#TTCCTTCTCTCACTAT-1,at10_1,0.159203101097839,OPC-NPC-like
6387,cellranger-arc201_count_2f9565d51b615c158b1a36debec1ec4b#TTCCTTGAGCGCTAAT-1,at10_1,0.21222998254916575,OPC-NPC-like
6388,cellranger-arc201_count_2f9565d51b615c158b1a36debec1ec4b#TTGCAACAGGCTGTGC-1,at10_1,0.2586797960231064,OPC-NPC-like
6389,cellranger-arc201_count_2f9565d51b615c158b1a36debec1ec4b#TTGGATATCCGTTATT-1,at10_1,0.17313362937475638,OPC-NPC-like
6390,cellranger-arc201_count_2f9565d51b615c158b1a36debec1ec4b#TTGGGCCAGGTGAAGC-1,at10_1,0.1879547027959235,OPC-NPC-like
6391,cellranger-arc201_count_2f9565d51b615c158b1a36debec1ec4b#TTGTGCGAGGTGAGAC-1,at10_1,0.07187673510984499,OPC-NPC-like
6392,cellranger-arc201_count_a166708bcbeb284b79da9df9facb9573#AACATCATCCGGCTAA-1,at10_1,0.19064928016170055,OPC-NPC-like
6393,cellranger-arc201_count_a166708bcbeb284b79da9df9facb9573#AACGACAAGCTTAACA-1,at10_1,0.18417479659237398,OPC-NPC-like
6394,cellranger-arc201_count_a166708bcbeb284b79da9df9facb9573#AAGACATAGGTTTGAC-1,at10_1,0.2015964801172199,OPC-NPC-like
6395,cellranger-arc201_count_a166708bcbeb284b79da9df9facb9573#AAGGTGCAGCATGGTT-1,at10_1,0.0980798750544462,OPC-NPC-like
6396,cellranger-arc201_count_a166708bcbeb284b79da9df9facb9573#ACCAGGACAAACCTAT-1,at10_1,0.18887256109102313,OPC-NPC-like
6397,cellranger-arc201_count_a166708bcbeb284b79da9df9facb9573#ACGATTCAGTCTTGAA-1,at10_1,0.19156187629012267,OPC-NPC-like
6398,cellranger-arc201_count_a166708bcbeb284b79da9df9facb9573#ACGCCTAAGTTCCCAC-1,at10_1,0.15430012601984322,OPC-NPC-like
6399,cellranger-arc201_count_a166708bcbeb284b79da9df9facb9573#AGAGGATGTTAAGGTT-1,at10_1,0.14276609703225146,OPC-NPC-like
6400,cellranger-arc201_count_a166708bcbeb284b79da9df9facb9573#AGCGCCTAGCACTTGG-1,at10_1,0.18246729311090434,OPC-NPC-like
6401,cellranger-arc201_count_a166708bcbeb284b79da9df9facb9573#AGGATCCGTTCCTGTG-1,at10_1,0.11406115878047116,OPC-NPC-like
6402,cellranger-arc201_count_a166708bcbeb284b79da9df9facb9573#AGTCTTGCACGCAACT-1,at10_1,0.36897274926429374,OPC-NPC-like
6403,cellranger-arc201_count_a166708bcbeb284b79da9df9facb9573#ATACCGGTCCCGCAAA-1,at10_1,0.11141313349239138,OPC-NPC-like
6404,cellranger-arc201_count_a166708bcbeb284b79da9df9facb9573#ATACCTGCACATGCTA-1,at10_1,0.1498240546543666,OPC-NPC-like
6405,cellranger-arc201_count_a166708bcbeb284b79da9df9facb9573#ATGCCTGAGGGCTAAA-1,at10_1,0.18136854435599667,OPC-NPC-like
6406,cellranger-arc201_count_a166708bcbeb284b79da9df9facb9573#ATGTCAATCGAGCTAT-1,at10_1,0.16071918978614558,OPC-NPC-like
6407,cellranger-arc201_count_a166708bcbeb284b79da9df9facb9573#CAAGACAAGGATAAAC-1,at10_1,0.19612719567297884,OPC-NPC-like
6408,cellranger-arc201_count_a166708bcbeb284b79da9df9facb9573#CACAGGGAGCTCGCTT-1,at10_1,0.15325050474166813,OPC-NPC-like
6409,cellranger-arc201_count_a166708bcbeb284b79da9df9facb9573#CAGCATTAGGACCTGC-1,at10_1,0.17632953252463437,OPC-NPC-like
6410,cellranger-arc201_count_a166708bcbeb284b79da9df9facb9573#CATAATGTCCCGTTTA-1,at10_1,0.058175507834061085,OPC-NPC-like
6411,cellranger-arc201_count_a166708bcbeb284b79da9df9facb9573#CATCCTCAGCCTGATG-1,at10_1,0.20383841370120082,OPC-NPC-like
6412,cellranger-arc201_count_a166708bcbeb284b79da9df9facb9573#CCAAGGCTCCCGTTAC-1,at10_1,0.19719309068884178,OPC-NPC-like
6413,cellranger-arc201_count_a166708bcbeb284b79da9df9facb9573#CCAGACTCATAGCTGC-1,at10_1,0.17550713104675067,OPC-NPC-like
6414,cellranger-arc201_count_a166708bcbeb284b79da9df9facb9573#CCTAAAGGTATGTGGC-1,at10_1,0.13036271077787862,OPC-NPC-like
6415,cellranger-arc201_count_a166708bcbeb284b79da9df9facb9573#CCTAAATCAAAGGCCA-1,at10_1,0.1258077347543912,OPC-NPC-like
6416,cellranger-arc201_count_a166708bcbeb284b79da9df9facb9573#CCTCAATGTCTAGCTT-1,at10_1,0.1890403518184409,OPC-NPC-like
6417,cellranger-arc201_count_a166708bcbeb284b79da9df9facb9573#CCTGTAACACCTCACC-1,at10_1,0.11327046951341113,OPC-NPC-like
6418,cellranger-arc201_count_a166708bcbeb284b79da9df9facb9573#CGAGGCAAGGAGGACT-1,at10_1,0.24420816944833776,OPC-NPC-like
6419,cellranger-arc201_count_a166708bcbeb284b79da9df9facb9573#CGATTATCACAAAGCG-1,at10_1,0.06532345129057665,OPC-NPC-like
6420,cellranger-arc201_count_a166708bcbeb284b79da9df9facb9573#CGCAATAGTAGCTGGT-1,at10_1,0.17424925047361414,OPC-NPC-like
6421,cellranger-arc201_count_a166708bcbeb284b79da9df9facb9573#CGCAATGTCTTTAAGG-1,at10_1,0.189791644440799,OPC-NPC-like
6422,cellranger-arc201_count_a166708bcbeb284b79da9df9facb9573#CTAGATTCATCCAGGT-1,at10_1,0.21090313696618704,OPC-NPC-like
6423,cellranger-arc201_count_a166708bcbeb284b79da9df9facb9573#CTCCAAACAACACTTG-1,at10_1,0.13113652770098855,OPC-NPC-like
6424,cellranger-arc201_count_a166708bcbeb284b79da9df9facb9573#CTCTAGCTCCTGATTT-1,at10_1,0.16445300330750146,OPC-NPC-like
6425,cellranger-arc201_count_a166708bcbeb284b79da9df9facb9573#CTGACCAAGTCACCTC-1,at10_1,0.19933021249262453,OPC-NPC-like
6426,cellranger-arc201_count_a166708bcbeb284b79da9df9facb9573#CTGCTCCCATAACGGG-1,at10_1,0.05652728029363057,OPC-NPC-like
6427,cellranger-arc201_count_a166708bcbeb284b79da9df9facb9573#GAAACCCGTAGGTGTC-1,at10_1,0.19163666030967696,OPC-NPC-like
6428,cellranger-arc201_count_a166708bcbeb284b79da9df9facb9573#GACCGAACAGCAACAG-1,at10_1,0.11826170421239993,OPC-NPC-like
6429,cellranger-arc201_count_a166708bcbeb284b79da9df9facb9573#GATAAAGGTCCGTGAG-1,at10_1,0.2782611813367904,OPC-NPC-like
6430,cellranger-arc201_count_a166708bcbeb284b79da9df9facb9573#GATCGCTCACGAATCC-1,at10_1,0.18702762874860032,OPC-NPC-like
6431,cellranger-arc201_count_a166708bcbeb284b79da9df9facb9573#GATTCAATCCCTGACT-1,at10_1,0.19615722343362263,OPC-NPC-like
6432,cellranger-arc201_count_a166708bcbeb284b79da9df9facb9573#GCACCTAAGGCAGGTG-1,at10_1,0.20177288799059895,OPC-NPC-like
6433,cellranger-arc201_count_a166708bcbeb284b79da9df9facb9573#GCGGAACCATTGTCCT-1,at10_1,0.18673887779297935,OPC-NPC-like
6434,cellranger-arc201_count_a166708bcbeb284b79da9df9facb9573#GCTAATATCATTGACA-1,at10_1,0.20037599155386054,OPC-NPC-like
6435,cellranger-arc201_count_a166708bcbeb284b79da9df9facb9573#GCTTAGTAGGCGCTTA-1,at10_1,0.1922432155062521,OPC-NPC-like
6436,cellranger-arc201_count_a166708bcbeb284b79da9df9facb9573#GGCTCACAGCAGGTTT-1,at10_1,0.17098328254890055,OPC-NPC-like
6437,cellranger-arc201_count_a166708bcbeb284b79da9df9facb9573#GGTCAATTCCCGCCTA-1,at10_1,0.24005804615319712,OPC-NPC-like
6438,cellranger-arc201_count_a166708bcbeb284b79da9df9facb9573#GGTTCCCGTGATGATT-1,at10_1,0.16214268939886475,OPC-NPC-like
6439,cellranger-arc201_count_a166708bcbeb284b79da9df9facb9573#GTTAACCAGCAAGGAC-1,at10_1,0.20665456382251918,OPC-NPC-like
6440,cellranger-arc201_count_a166708bcbeb284b79da9df9facb9573#GTTAAGCTCCTCACTA-1,at10_1,0.11854483105337085,OPC-NPC-like
6441,cellranger-arc201_count_a166708bcbeb284b79da9df9facb9573#GTTCTTAGTATTTGGG-1,at10_1,0.11608235978551436,OPC-NPC-like
6442,cellranger-arc201_count_a166708bcbeb284b79da9df9facb9573#GTTGCTGAGGATGATG-1,at10_1,0.19416137270773215,OPC-NPC-like
6443,cellranger-arc201_count_a166708bcbeb284b79da9df9facb9573#GTTGGCGGTAGCCTCC-1,at10_1,0.2142323065753341,OPC-NPC-like
6444,cellranger-arc201_count_a166708bcbeb284b79da9df9facb9573#TACCTTTAGACTCGCA-1,at10_1,0.14293944226893993,OPC-NPC-like
6445,cellranger-arc201_count_a166708bcbeb284b79da9df9facb9573#TATTGACCAGTTTACG-1,at10_1,0.11021234325138295,OPC-NPC-like
6446,cellranger-arc201_count_a166708bcbeb284b79da9df9facb9573#TCAAACCAGTGGACAA-1,at10_1,0.15759472959761403,OPC-NPC-like
6447,cellranger-arc201_count_a166708bcbeb284b79da9df9facb9573#TCACTGACACCAAAGG-1,at10_1,0.12972998395867466,OPC-NPC-like
6448,cellranger-arc201_count_a166708bcbeb284b79da9df9facb9573#TCATAACCACCTACTT-1,at10_1,0.20533008482243775,OPC-NPC-like
6449,cellranger-arc201_count_a166708bcbeb284b79da9df9facb9573#TCCCTGGTCCTGATTT-1,at10_1,0.1107625598539267,OPC-NPC-like
6450,cellranger-arc201_count_a166708bcbeb284b79da9df9facb9573#TCCGGTAAGGTTTGAC-1,at10_1,0.09735938977298045,OPC-NPC-like
6451,cellranger-arc201_count_a166708bcbeb284b79da9df9facb9573#TCCGGTAAGTCATTGA-1,at10_1,0.09373686133210064,OPC-NPC-like
6452,cellranger-arc201_count_a166708bcbeb284b79da9df9facb9573#TCTCAAGCATAAACCT-1,at10_1,0.06662835029745198,OPC-NPC-like
6453,cellranger-arc201_count_a166708bcbeb284b79da9df9facb9573#TGGTAAACAATTGAAG-1,at10_1,0.17166534566097502,OPC-NPC-like
6454,cellranger-arc201_count_a166708bcbeb284b79da9df9facb9573#TGGTCAAGTCAAGTGC-1,at10_1,0.1461609462773362,OPC-NPC-like
6455,cellranger-arc201_count_a166708bcbeb284b79da9df9facb9573#TGTTGCACAACCTAAT-1,at10_1,0.20152929700508865,OPC-NPC-like
6456,cellranger-arc201_count_a166708bcbeb284b79da9df9facb9573#TTAGCAATCCTCACAC-1,at10_1,0.18511352258019734,OPC-NPC-like
6457,cellranger-arc201_count_a166708bcbeb284b79da9df9facb9573#TTGCAATCAAGCGATG-1,at10_1,0.1942009224842686,OPC-NPC-like
6458,cellranger-arc201_count_a166708bcbeb284b79da9df9facb9573#TTTCTCACACCAACCG-1,at10_1,0.05226056798810879,OPC-NPC-like
6459,cellranger-arc201_count_a166708bcbeb284b79da9df9facb9573#TTTGACCGTTCCGGGA-1,at10_1,0.11271841532885302,OPC-NPC-like
6460,cellranger-arc201_count_a166708bcbeb284b79da9df9facb9573#TTTGTTGGTGGACATC-1,at10_1,0.1758327728534176,OPC-NPC-like
6461,cellranger-arc201_count_2f9d72acefae69161ec2c2137f20c0cd#AACCTCACACGGTACT-1,at10_1,0.20743901644759105,OPC-NPC-like
6462,cellranger-arc201_count_2f9d72acefae69161ec2c2137f20c0cd#AATATCCCAAATACCT-1,at10_1,0.053091600533029644,OPC-NPC-like
6463,cellranger-arc201_count_2f9d72acefae69161ec2c2137f20c0cd#ACGATTCAGTTATCCT-1,at10_1,0.1772482956896653,OPC-NPC-like
6464,cellranger-arc201_count_2f9d72acefae69161ec2c2137f20c0cd#ACGTCAAGTCTATCGT-1,at10_1,0.1556149716354251,OPC-NPC-like
6465,cellranger-arc201_count_2f9d72acefae69161ec2c2137f20c0cd#ACGTCAAGTGACCTGG-1,at10_1,0.16796707264630611,OPC-NPC-like
6466,cellranger-arc201_count_2f9d72acefae69161ec2c2137f20c0cd#ACTTGCACAGCATGGA-1,at10_1,0.21070668274356036,OPC-NPC-like
6467,cellranger-arc201_count_2f9d72acefae69161ec2c2137f20c0cd#AGCGCCTAGCATTTCT-1,at10_1,0.057922220819209794,OPC-NPC-like
6468,cellranger-arc201_count_2f9d72acefae69161ec2c2137f20c0cd#AGCTGCTCAACCGCCA-1,at10_1,0.1935656202660294,OPC-NPC-like
6469,cellranger-arc201_count_2f9d72acefae69161ec2c2137f20c0cd#AGGTCAAAGGGCTTAT-1,at10_1,0.06458708206154734,OPC-NPC-like
6470,cellranger-arc201_count_2f9d72acefae69161ec2c2137f20c0cd#AGGTTTATCTCGCCCA-1,at10_1,0.0643455026714997,OPC-NPC-like
6471,cellranger-arc201_count_2f9d72acefae69161ec2c2137f20c0cd#ATCCACCTCATTGTCT-1,at10_1,0.18455956120824554,OPC-NPC-like
6472,cellranger-arc201_count_2f9d72acefae69161ec2c2137f20c0cd#CAAGACAAGACTATTG-1,at10_1,0.20411583290106652,OPC-NPC-like
6473,cellranger-arc201_count_2f9d72acefae69161ec2c2137f20c0cd#CAAGACAAGGTTACGT-1,at10_1,0.1842384715933869,OPC-NPC-like
6474,cellranger-arc201_count_2f9d72acefae69161ec2c2137f20c0cd#CATATCGCATCCCGCT-1,at10_1,0.2023077078832345,OPC-NPC-like
6475,cellranger-arc201_count_2f9d72acefae69161ec2c2137f20c0cd#CCACTTGGTCACGAAC-1,at10_1,0.17223218402810322,OPC-NPC-like
6476,cellranger-arc201_count_2f9d72acefae69161ec2c2137f20c0cd#CCATCACTCTCTAGCC-1,at10_1,0.077784721378402,OPC-NPC-like
6477,cellranger-arc201_count_2f9d72acefae69161ec2c2137f20c0cd#CCGGTTAAGTAACCCG-1,at10_1,0.061515570685073614,OPC-NPC-like
6478,cellranger-arc201_count_2f9d72acefae69161ec2c2137f20c0cd#CGCATGATCCTTAAGA-1,at10_1,0.20454813799102184,OPC-NPC-like
6479,cellranger-arc201_count_2f9d72acefae69161ec2c2137f20c0cd#CGCATTTGTAATAACC-1,at10_1,0.19495692043026955,OPC-NPC-like
6480,cellranger-arc201_count_2f9d72acefae69161ec2c2137f20c0cd#CGCGATTCACTTAGGC-1,at10_1,0.39250103800762065,OPC-NPC-like
6481,cellranger-arc201_count_2f9d72acefae69161ec2c2137f20c0cd#CGCTAATAGTAACGGA-1,at10_1,0.19622263856911887,OPC-NPC-like
6482,cellranger-arc201_count_2f9d72acefae69161ec2c2137f20c0cd#CGGAGCAAGTCATGCG-1,at10_1,0.19733053347087082,OPC-NPC-like
6483,cellranger-arc201_count_2f9d72acefae69161ec2c2137f20c0cd#CTAATTGAGGAGGTTA-1,at10_1,0.06728993550692697,OPC-NPC-like
6484,cellranger-arc201_count_2f9d72acefae69161ec2c2137f20c0cd#CTCCTCACATCGCTCC-1,at10_1,0.06097757678714056,OPC-NPC-like
6485,cellranger-arc201_count_2f9d72acefae69161ec2c2137f20c0cd#CTTAACAAGCCTGACA-1,at10_1,0.1882008691804691,OPC-NPC-like
6486,cellranger-arc201_count_2f9d72acefae69161ec2c2137f20c0cd#CTTGGACCAAACATAG-1,at10_1,0.17989615392483468,OPC-NPC-like
6487,cellranger-arc201_count_2f9d72acefae69161ec2c2137f20c0cd#CTTGTTCCATATTGAC-1,at10_1,0.1893949216207582,OPC-NPC-like
6488,cellranger-arc201_count_2f9d72acefae69161ec2c2137f20c0cd#GGCATTGTCTCCATAT-1,at10_1,0.20730604233091515,OPC-NPC-like
6489,cellranger-arc201_count_2f9d72acefae69161ec2c2137f20c0cd#GGCTAGACACTTAACG-1,at10_1,0.10925817879042375,OPC-NPC-like
6490,cellranger-arc201_count_2f9d72acefae69161ec2c2137f20c0cd#GGGAATATCATGCTCC-1,at10_1,0.24746283345944783,OPC-NPC-like
6491,cellranger-arc201_count_2f9d72acefae69161ec2c2137f20c0cd#GGTCCATCATGTTTGG-1,at10_1,0.07343925058616604,OPC-NPC-like
6492,cellranger-arc201_count_2f9d72acefae69161ec2c2137f20c0cd#GGTTTCTGTTTACTTG-1,at10_1,0.07881553528308163,OPC-NPC-like
6493,cellranger-arc201_count_2f9d72acefae69161ec2c2137f20c0cd#GTCGAAGCATAGTCAT-1,at10_1,0.3743493750275681,OPC-NPC-like
6494,cellranger-arc201_count_2f9d72acefae69161ec2c2137f20c0cd#GTCTTTGTCCGGTATG-1,at10_1,0.21626311312272514,OPC-NPC-like
6495,cellranger-arc201_count_2f9d72acefae69161ec2c2137f20c0cd#GTGCTTCTCTGTTGCC-1,at10_1,0.08461408797425286,OPC-NPC-like
6496,cellranger-arc201_count_2f9d72acefae69161ec2c2137f20c0cd#GTTACTCGTAGCCTCC-1,at10_1,0.1643623214193077,OPC-NPC-like
6497,cellranger-arc201_count_2f9d72acefae69161ec2c2137f20c0cd#GTTTCAGCACGAATTT-1,at10_1,0.06029279906527214,OPC-NPC-like
6498,cellranger-arc201_count_2f9d72acefae69161ec2c2137f20c0cd#TACGCACCATAGACCC-1,at10_1,0.07791457021354589,OPC-NPC-like
6499,cellranger-arc201_count_2f9d72acefae69161ec2c2137f20c0cd#TACTCAAAGTCACCAG-1,at10_1,0.06366563212887419,OPC-NPC-like
6500,cellranger-arc201_count_2f9d72acefae69161ec2c2137f20c0cd#TATTAGGTCTCACTAT-1,at10_1,0.09521317750665693,OPC-NPC-like
6501,cellranger-arc201_count_2f9d72acefae69161ec2c2137f20c0cd#TCACGGATCCAATAGC-1,at10_1,0.10556656005001896,OPC-NPC-like
6502,cellranger-arc201_count_2f9d72acefae69161ec2c2137f20c0cd#TCGCCCATCCTCATCA-1,at10_1,0.1219813739206755,OPC-NPC-like
6503,cellranger-arc201_count_2f9d72acefae69161ec2c2137f20c0cd#TCTGGCTTCATGACCG-1,at10_1,0.24267136619914195,OPC-NPC-like
6504,cellranger-arc201_count_2f9d72acefae69161ec2c2137f20c0cd#TCTTCAAGTGCAATGC-1,at10_1,0.11036697856210696,OPC-NPC-like
6505,cellranger-arc201_count_2f9d72acefae69161ec2c2137f20c0cd#TCTTGACGTTAATGCG-1,at10_1,0.37423499946824973,OPC-NPC-like
6506,cellranger-arc201_count_2f9d72acefae69161ec2c2137f20c0cd#TCTTGACGTTGGATCA-1,at10_1,0.05669951184424972,OPC-NPC-like
6507,cellranger-arc201_count_2f9d72acefae69161ec2c2137f20c0cd#TGCTCAACAACCCTCC-1,at10_1,0.19725180978684623,OPC-NPC-like
6508,cellranger-arc201_count_2f9d72acefae69161ec2c2137f20c0cd#TGTATCGCAGGCTTGT-1,at10_1,0.11726886700268385,OPC-NPC-like
6509,cellranger-arc201_count_2f9d72acefae69161ec2c2137f20c0cd#TTGACTAAGGAGTCTT-1,at10_1,0.13957624955037534,OPC-NPC-like
6510,cellranger-arc201_count_2f9d72acefae69161ec2c2137f20c0cd#TTTAACGAGGACCTTG-1,at10_1,0.06435526134568205,OPC-NPC-like
6511,cellranger-arc201_count_2f9d72acefae69161ec2c2137f20c0cd#TTTGACCGTCATTACC-1,at10_1,0.11785282829312776,OPC-NPC-like
6512,cellranger-arc201_count_2f9565d51b615c158b1a36debec1ec4b#CCTCAAACAGATAGAC-1,at10_1,0.19306192789903118,OPC-NPC-like
6513,cellranger-arc201_count_2f9d72acefae69161ec2c2137f20c0cd#GCTGCACAGCTAGAAG-1,at10_1,0.21615569810133997,OPC-NPC-like
6514,cellranger-arc201_count_9b9f744826edc64cc288193e1d52754e#GGCATTAGTATTGCAG-1,at10_1,0.1364430190840479,OPC-NPC-like
6515,cellranger-arc201_count_651c086adc1acf13d5493f979b7a6fc4#AAGAACAGTACGGGTT-1,at10_1,0.1747338848877513,OPC-NPC-like
6516,cellranger-arc201_count_651c086adc1acf13d5493f979b7a6fc4#TTCGTTAGTGATGATT-1,at10_1,0.11651625187811844,OPC-NPC-like
6517,cellranger-arc201_count_2f9565d51b615c158b1a36debec1ec4b#GGTAATTGTTTGGCGG-1,at10_1,0.365547162283696,OPC-NPC-like
6518,cellranger-arc201_count_1243e22655c16468279dae921b0de74a#TAGCAGGCACACTAAT-1,at10_1,0.10018741457201284,OPC-NPC-like
