index,variable,value,stateA,stateB,ID_col,classA,classB
at6_0,"('OPC-NPC-like 1', 'AC progenitor-like 2')",0.9375,OPC-NPC-like 1,AC progenitor-like 2,OPC-NPC-like 1 > AC progenitor-like 2,OPC-NPC-like,AC-gliosis-hypoxia
at4_1,"('OPC-NPC-like 1', 'AC progenitor-like 2')",0.9723756906077348,OPC-NPC-like 1,AC progenitor-like 2,OPC-NPC-like 1 > AC progenitor-like 2,OPC-NPC-like,AC-gliosis-hypoxia
at5_4,"('OPC-NPC-like 1', 'AC progenitor-like 2')",0.8695652173913043,OPC-NPC-like 1,AC progenitor-like 2,OPC-NPC-like 1 > AC progenitor-like 2,OPC-NPC-like,AC-gliosis-hypoxia
at15_3,"('OPC-NPC-like 1', 'AC progenitor-like 2')",0.9017094017094016,OPC-NPC-like 1,AC progenitor-like 2,OPC-NPC-like 1 > AC progenitor-like 2,OPC-NPC-like,AC-gliosis-hypoxia
at15_0,"('OPC-NPC-like 1', 'AC progenitor-like 2')",0.978021978021978,OPC-NPC-like 1,AC progenitor-like 2,OPC-NPC-like 1 > AC progenitor-like 2,OPC-NPC-like,AC-gliosis-hypoxia
at15_2,"('OPC-NPC-like 1', 'AC progenitor-like 2')",0.9829545454545454,OPC-NPC-like 1,AC progenitor-like 2,OPC-NPC-like 1 > AC progenitor-like 2,OPC-NPC-like,AC-gliosis-hypoxia
at15_6,"('OPC-NPC-like 1', 'AC progenitor-like 2')",0.974921630094044,OPC-NPC-like 1,AC progenitor-like 2,OPC-NPC-like 1 > AC progenitor-like 2,OPC-NPC-like,AC-gliosis-hypoxia
at4_0,"('OPC-NPC-like 1', 'AC progenitor-like 2')",0.9635284139100933,OPC-NPC-like 1,AC progenitor-like 2,OPC-NPC-like 1 > AC progenitor-like 2,OPC-NPC-like,AC-gliosis-hypoxia
at10_0,"('OPC-NPC-like 1', 'AC progenitor-like 2')",1.0,OPC-NPC-like 1,AC progenitor-like 2,OPC-NPC-like 1 > AC progenitor-like 2,OPC-NPC-like,AC-gliosis-hypoxia
at7_0,"('OPC-NPC-like 1', 'AC progenitor-like 2')",1.0,OPC-NPC-like 1,AC progenitor-like 2,OPC-NPC-like 1 > AC progenitor-like 2,OPC-NPC-like,AC-gliosis-hypoxia
at10_2,"('OPC-NPC-like 1', 'AC progenitor-like 2')",0.9517884914463453,OPC-NPC-like 1,AC progenitor-like 2,OPC-NPC-like 1 > AC progenitor-like 2,OPC-NPC-like,AC-gliosis-hypoxia
at13_0,"('OPC-NPC-like 1', 'AC progenitor-like 2')",0.072289156626506,OPC-NPC-like 1,AC progenitor-like 2,OPC-NPC-like 1 > AC progenitor-like 2,OPC-NPC-like,AC-gliosis-hypoxia
at15_4,"('OPC-NPC-like 1', 'AC progenitor-like 2')",0.95873786407767,OPC-NPC-like 1,AC progenitor-like 2,OPC-NPC-like 1 > AC progenitor-like 2,OPC-NPC-like,AC-gliosis-hypoxia
at10_1,"('OPC-NPC-like 1', 'AC progenitor-like 2')",0.987624750499002,OPC-NPC-like 1,AC progenitor-like 2,OPC-NPC-like 1 > AC progenitor-like 2,OPC-NPC-like,AC-gliosis-hypoxia
at3_3,"('OPC-NPC-like 1', 'AC progenitor-like 2')",0.8285714285714286,OPC-NPC-like 1,AC progenitor-like 2,OPC-NPC-like 1 > AC progenitor-like 2,OPC-NPC-like,AC-gliosis-hypoxia
at9_2,"('OPC-NPC-like 1', 'AC progenitor-like 2')",0.980319803198032,OPC-NPC-like 1,AC progenitor-like 2,OPC-NPC-like 1 > AC progenitor-like 2,OPC-NPC-like,AC-gliosis-hypoxia
at9_0,"('OPC-NPC-like 1', 'AC progenitor-like 2')",0.0764063811922754,OPC-NPC-like 1,AC progenitor-like 2,OPC-NPC-like 1 > AC progenitor-like 2,OPC-NPC-like,AC-gliosis-hypoxia
at6_0,"('OPC-NPC-like 1', 'AC progenitor-like 2')",0.9375,OPC-NPC-like 1,AC progenitor-like 2,OPC-NPC-like 1 > AC progenitor-like 2,OPC-NPC-like,AC-gliosis-hypoxia
at4_1,"('OPC-NPC-like 1', 'AC progenitor-like 2')",0.9723756906077348,OPC-NPC-like 1,AC progenitor-like 2,OPC-NPC-like 1 > AC progenitor-like 2,OPC-NPC-like,AC-gliosis-hypoxia
at5_4,"('OPC-NPC-like 1', 'AC progenitor-like 2')",0.8695652173913043,OPC-NPC-like 1,AC progenitor-like 2,OPC-NPC-like 1 > AC progenitor-like 2,OPC-NPC-like,AC-gliosis-hypoxia
at15_3,"('OPC-NPC-like 1', 'AC progenitor-like 2')",0.9017094017094016,OPC-NPC-like 1,AC progenitor-like 2,OPC-NPC-like 1 > AC progenitor-like 2,OPC-NPC-like,AC-gliosis-hypoxia
at15_0,"('OPC-NPC-like 1', 'AC progenitor-like 2')",0.978021978021978,OPC-NPC-like 1,AC progenitor-like 2,OPC-NPC-like 1 > AC progenitor-like 2,OPC-NPC-like,AC-gliosis-hypoxia
at15_2,"('OPC-NPC-like 1', 'AC progenitor-like 2')",0.9829545454545454,OPC-NPC-like 1,AC progenitor-like 2,OPC-NPC-like 1 > AC progenitor-like 2,OPC-NPC-like,AC-gliosis-hypoxia
at15_6,"('OPC-NPC-like 1', 'AC progenitor-like 2')",0.974921630094044,OPC-NPC-like 1,AC progenitor-like 2,OPC-NPC-like 1 > AC progenitor-like 2,OPC-NPC-like,AC-gliosis-hypoxia
at4_0,"('OPC-NPC-like 1', 'AC progenitor-like 2')",0.9635284139100933,OPC-NPC-like 1,AC progenitor-like 2,OPC-NPC-like 1 > AC progenitor-like 2,OPC-NPC-like,AC-gliosis-hypoxia
at10_0,"('OPC-NPC-like 1', 'AC progenitor-like 2')",1.0,OPC-NPC-like 1,AC progenitor-like 2,OPC-NPC-like 1 > AC progenitor-like 2,OPC-NPC-like,AC-gliosis-hypoxia
at7_0,"('OPC-NPC-like 1', 'AC progenitor-like 2')",1.0,OPC-NPC-like 1,AC progenitor-like 2,OPC-NPC-like 1 > AC progenitor-like 2,OPC-NPC-like,AC-gliosis-hypoxia
at10_2,"('OPC-NPC-like 1', 'AC progenitor-like 2')",0.9517884914463453,OPC-NPC-like 1,AC progenitor-like 2,OPC-NPC-like 1 > AC progenitor-like 2,OPC-NPC-like,AC-gliosis-hypoxia
at13_0,"('OPC-NPC-like 1', 'AC progenitor-like 2')",0.072289156626506,OPC-NPC-like 1,AC progenitor-like 2,OPC-NPC-like 1 > AC progenitor-like 2,OPC-NPC-like,AC-gliosis-hypoxia
at15_4,"('OPC-NPC-like 1', 'AC progenitor-like 2')",0.95873786407767,OPC-NPC-like 1,AC progenitor-like 2,OPC-NPC-like 1 > AC progenitor-like 2,OPC-NPC-like,AC-gliosis-hypoxia
at10_1,"('OPC-NPC-like 1', 'AC progenitor-like 2')",0.987624750499002,OPC-NPC-like 1,AC progenitor-like 2,OPC-NPC-like 1 > AC progenitor-like 2,OPC-NPC-like,AC-gliosis-hypoxia
at3_3,"('OPC-NPC-like 1', 'AC progenitor-like 2')",0.8285714285714286,OPC-NPC-like 1,AC progenitor-like 2,OPC-NPC-like 1 > AC progenitor-like 2,OPC-NPC-like,AC-gliosis-hypoxia
at9_2,"('OPC-NPC-like 1', 'AC progenitor-like 2')",0.980319803198032,OPC-NPC-like 1,AC progenitor-like 2,OPC-NPC-like 1 > AC progenitor-like 2,OPC-NPC-like,AC-gliosis-hypoxia
at9_0,"('OPC-NPC-like 1', 'AC progenitor-like 2')",0.0764063811922754,OPC-NPC-like 1,AC progenitor-like 2,OPC-NPC-like 1 > AC progenitor-like 2,OPC-NPC-like,AC-gliosis-hypoxia
at6_0,"('OPC-NPC-like 1', 'AC progenitor-like 2')",0.9375,OPC-NPC-like 1,AC progenitor-like 2,OPC-NPC-like 1 > AC progenitor-like 2,OPC-NPC-like,AC-gliosis-hypoxia
at4_1,"('OPC-NPC-like 1', 'AC progenitor-like 2')",0.9723756906077348,OPC-NPC-like 1,AC progenitor-like 2,OPC-NPC-like 1 > AC progenitor-like 2,OPC-NPC-like,AC-gliosis-hypoxia
at5_4,"('OPC-NPC-like 1', 'AC progenitor-like 2')",0.8695652173913043,OPC-NPC-like 1,AC progenitor-like 2,OPC-NPC-like 1 > AC progenitor-like 2,OPC-NPC-like,AC-gliosis-hypoxia
at15_3,"('OPC-NPC-like 1', 'AC progenitor-like 2')",0.9017094017094016,OPC-NPC-like 1,AC progenitor-like 2,OPC-NPC-like 1 > AC progenitor-like 2,OPC-NPC-like,AC-gliosis-hypoxia
at15_0,"('OPC-NPC-like 1', 'AC progenitor-like 2')",0.978021978021978,OPC-NPC-like 1,AC progenitor-like 2,OPC-NPC-like 1 > AC progenitor-like 2,OPC-NPC-like,AC-gliosis-hypoxia
at15_2,"('OPC-NPC-like 1', 'AC progenitor-like 2')",0.9829545454545454,OPC-NPC-like 1,AC progenitor-like 2,OPC-NPC-like 1 > AC progenitor-like 2,OPC-NPC-like,AC-gliosis-hypoxia
at15_6,"('OPC-NPC-like 1', 'AC progenitor-like 2')",0.974921630094044,OPC-NPC-like 1,AC progenitor-like 2,OPC-NPC-like 1 > AC progenitor-like 2,OPC-NPC-like,AC-gliosis-hypoxia
at4_0,"('OPC-NPC-like 1', 'AC progenitor-like 2')",0.9635284139100933,OPC-NPC-like 1,AC progenitor-like 2,OPC-NPC-like 1 > AC progenitor-like 2,OPC-NPC-like,AC-gliosis-hypoxia
at10_0,"('OPC-NPC-like 1', 'AC progenitor-like 2')",1.0,OPC-NPC-like 1,AC progenitor-like 2,OPC-NPC-like 1 > AC progenitor-like 2,OPC-NPC-like,AC-gliosis-hypoxia
at7_0,"('OPC-NPC-like 1', 'AC progenitor-like 2')",1.0,OPC-NPC-like 1,AC progenitor-like 2,OPC-NPC-like 1 > AC progenitor-like 2,OPC-NPC-like,AC-gliosis-hypoxia
at10_2,"('OPC-NPC-like 1', 'AC progenitor-like 2')",0.9517884914463453,OPC-NPC-like 1,AC progenitor-like 2,OPC-NPC-like 1 > AC progenitor-like 2,OPC-NPC-like,AC-gliosis-hypoxia
at13_0,"('OPC-NPC-like 1', 'AC progenitor-like 2')",0.072289156626506,OPC-NPC-like 1,AC progenitor-like 2,OPC-NPC-like 1 > AC progenitor-like 2,OPC-NPC-like,AC-gliosis-hypoxia
at15_4,"('OPC-NPC-like 1', 'AC progenitor-like 2')",0.95873786407767,OPC-NPC-like 1,AC progenitor-like 2,OPC-NPC-like 1 > AC progenitor-like 2,OPC-NPC-like,AC-gliosis-hypoxia
at10_1,"('OPC-NPC-like 1', 'AC progenitor-like 2')",0.987624750499002,OPC-NPC-like 1,AC progenitor-like 2,OPC-NPC-like 1 > AC progenitor-like 2,OPC-NPC-like,AC-gliosis-hypoxia
at3_3,"('OPC-NPC-like 1', 'AC progenitor-like 2')",0.8285714285714286,OPC-NPC-like 1,AC progenitor-like 2,OPC-NPC-like 1 > AC progenitor-like 2,OPC-NPC-like,AC-gliosis-hypoxia
at9_2,"('OPC-NPC-like 1', 'AC progenitor-like 2')",0.980319803198032,OPC-NPC-like 1,AC progenitor-like 2,OPC-NPC-like 1 > AC progenitor-like 2,OPC-NPC-like,AC-gliosis-hypoxia
at9_0,"('OPC-NPC-like 1', 'AC progenitor-like 2')",0.0764063811922754,OPC-NPC-like 1,AC progenitor-like 2,OPC-NPC-like 1 > AC progenitor-like 2,OPC-NPC-like,AC-gliosis-hypoxia
at6_0,"('OPC-NPC-like 1', 'AC progenitor-like 2')",0.9375,OPC-NPC-like 1,AC progenitor-like 2,OPC-NPC-like 1 > AC progenitor-like 2,OPC-NPC-like,AC-gliosis-hypoxia
at4_1,"('OPC-NPC-like 1', 'AC progenitor-like 2')",0.9723756906077348,OPC-NPC-like 1,AC progenitor-like 2,OPC-NPC-like 1 > AC progenitor-like 2,OPC-NPC-like,AC-gliosis-hypoxia
at5_4,"('OPC-NPC-like 1', 'AC progenitor-like 2')",0.8695652173913043,OPC-NPC-like 1,AC progenitor-like 2,OPC-NPC-like 1 > AC progenitor-like 2,OPC-NPC-like,AC-gliosis-hypoxia
at15_3,"('OPC-NPC-like 1', 'AC progenitor-like 2')",0.9017094017094016,OPC-NPC-like 1,AC progenitor-like 2,OPC-NPC-like 1 > AC progenitor-like 2,OPC-NPC-like,AC-gliosis-hypoxia
at15_0,"('OPC-NPC-like 1', 'AC progenitor-like 2')",0.978021978021978,OPC-NPC-like 1,AC progenitor-like 2,OPC-NPC-like 1 > AC progenitor-like 2,OPC-NPC-like,AC-gliosis-hypoxia
at15_2,"('OPC-NPC-like 1', 'AC progenitor-like 2')",0.9829545454545454,OPC-NPC-like 1,AC progenitor-like 2,OPC-NPC-like 1 > AC progenitor-like 2,OPC-NPC-like,AC-gliosis-hypoxia
at15_6,"('OPC-NPC-like 1', 'AC progenitor-like 2')",0.974921630094044,OPC-NPC-like 1,AC progenitor-like 2,OPC-NPC-like 1 > AC progenitor-like 2,OPC-NPC-like,AC-gliosis-hypoxia
at4_0,"('OPC-NPC-like 1', 'AC progenitor-like 2')",0.9635284139100933,OPC-NPC-like 1,AC progenitor-like 2,OPC-NPC-like 1 > AC progenitor-like 2,OPC-NPC-like,AC-gliosis-hypoxia
at10_0,"('OPC-NPC-like 1', 'AC progenitor-like 2')",1.0,OPC-NPC-like 1,AC progenitor-like 2,OPC-NPC-like 1 > AC progenitor-like 2,OPC-NPC-like,AC-gliosis-hypoxia
at7_0,"('OPC-NPC-like 1', 'AC progenitor-like 2')",1.0,OPC-NPC-like 1,AC progenitor-like 2,OPC-NPC-like 1 > AC progenitor-like 2,OPC-NPC-like,AC-gliosis-hypoxia
at10_2,"('OPC-NPC-like 1', 'AC progenitor-like 2')",0.9517884914463453,OPC-NPC-like 1,AC progenitor-like 2,OPC-NPC-like 1 > AC progenitor-like 2,OPC-NPC-like,AC-gliosis-hypoxia
at13_0,"('OPC-NPC-like 1', 'AC progenitor-like 2')",0.072289156626506,OPC-NPC-like 1,AC progenitor-like 2,OPC-NPC-like 1 > AC progenitor-like 2,OPC-NPC-like,AC-gliosis-hypoxia
at15_4,"('OPC-NPC-like 1', 'AC progenitor-like 2')",0.95873786407767,OPC-NPC-like 1,AC progenitor-like 2,OPC-NPC-like 1 > AC progenitor-like 2,OPC-NPC-like,AC-gliosis-hypoxia
at10_1,"('OPC-NPC-like 1', 'AC progenitor-like 2')",0.987624750499002,OPC-NPC-like 1,AC progenitor-like 2,OPC-NPC-like 1 > AC progenitor-like 2,OPC-NPC-like,AC-gliosis-hypoxia
at3_3,"('OPC-NPC-like 1', 'AC progenitor-like 2')",0.8285714285714286,OPC-NPC-like 1,AC progenitor-like 2,OPC-NPC-like 1 > AC progenitor-like 2,OPC-NPC-like,AC-gliosis-hypoxia
at9_2,"('OPC-NPC-like 1', 'AC progenitor-like 2')",0.980319803198032,OPC-NPC-like 1,AC progenitor-like 2,OPC-NPC-like 1 > AC progenitor-like 2,OPC-NPC-like,AC-gliosis-hypoxia
at9_0,"('OPC-NPC-like 1', 'AC progenitor-like 2')",0.0764063811922754,OPC-NPC-like 1,AC progenitor-like 2,OPC-NPC-like 1 > AC progenitor-like 2,OPC-NPC-like,AC-gliosis-hypoxia
at6_0,"('OPC-NPC-like 1', 'AC progenitor-like 2')",0.9375,OPC-NPC-like 1,AC progenitor-like 2,OPC-NPC-like 1 > AC progenitor-like 2,OPC-NPC-like,AC-gliosis-hypoxia
at4_1,"('OPC-NPC-like 1', 'AC progenitor-like 2')",0.9723756906077348,OPC-NPC-like 1,AC progenitor-like 2,OPC-NPC-like 1 > AC progenitor-like 2,OPC-NPC-like,AC-gliosis-hypoxia
at5_4,"('OPC-NPC-like 1', 'AC progenitor-like 2')",0.8695652173913043,OPC-NPC-like 1,AC progenitor-like 2,OPC-NPC-like 1 > AC progenitor-like 2,OPC-NPC-like,AC-gliosis-hypoxia
at15_3,"('OPC-NPC-like 1', 'AC progenitor-like 2')",0.9017094017094016,OPC-NPC-like 1,AC progenitor-like 2,OPC-NPC-like 1 > AC progenitor-like 2,OPC-NPC-like,AC-gliosis-hypoxia
at15_0,"('OPC-NPC-like 1', 'AC progenitor-like 2')",0.978021978021978,OPC-NPC-like 1,AC progenitor-like 2,OPC-NPC-like 1 > AC progenitor-like 2,OPC-NPC-like,AC-gliosis-hypoxia
at15_2,"('OPC-NPC-like 1', 'AC progenitor-like 2')",0.9829545454545454,OPC-NPC-like 1,AC progenitor-like 2,OPC-NPC-like 1 > AC progenitor-like 2,OPC-NPC-like,AC-gliosis-hypoxia
at15_6,"('OPC-NPC-like 1', 'AC progenitor-like 2')",0.974921630094044,OPC-NPC-like 1,AC progenitor-like 2,OPC-NPC-like 1 > AC progenitor-like 2,OPC-NPC-like,AC-gliosis-hypoxia
at4_0,"('OPC-NPC-like 1', 'AC progenitor-like 2')",0.9635284139100933,OPC-NPC-like 1,AC progenitor-like 2,OPC-NPC-like 1 > AC progenitor-like 2,OPC-NPC-like,AC-gliosis-hypoxia
at10_0,"('OPC-NPC-like 1', 'AC progenitor-like 2')",1.0,OPC-NPC-like 1,AC progenitor-like 2,OPC-NPC-like 1 > AC progenitor-like 2,OPC-NPC-like,AC-gliosis-hypoxia
at7_0,"('OPC-NPC-like 1', 'AC progenitor-like 2')",1.0,OPC-NPC-like 1,AC progenitor-like 2,OPC-NPC-like 1 > AC progenitor-like 2,OPC-NPC-like,AC-gliosis-hypoxia
at10_2,"('OPC-NPC-like 1', 'AC progenitor-like 2')",0.9517884914463453,OPC-NPC-like 1,AC progenitor-like 2,OPC-NPC-like 1 > AC progenitor-like 2,OPC-NPC-like,AC-gliosis-hypoxia
at13_0,"('OPC-NPC-like 1', 'AC progenitor-like 2')",0.072289156626506,OPC-NPC-like 1,AC progenitor-like 2,OPC-NPC-like 1 > AC progenitor-like 2,OPC-NPC-like,AC-gliosis-hypoxia
at15_4,"('OPC-NPC-like 1', 'AC progenitor-like 2')",0.95873786407767,OPC-NPC-like 1,AC progenitor-like 2,OPC-NPC-like 1 > AC progenitor-like 2,OPC-NPC-like,AC-gliosis-hypoxia
at10_1,"('OPC-NPC-like 1', 'AC progenitor-like 2')",0.987624750499002,OPC-NPC-like 1,AC progenitor-like 2,OPC-NPC-like 1 > AC progenitor-like 2,OPC-NPC-like,AC-gliosis-hypoxia
at3_3,"('OPC-NPC-like 1', 'AC progenitor-like 2')",0.8285714285714286,OPC-NPC-like 1,AC progenitor-like 2,OPC-NPC-like 1 > AC progenitor-like 2,OPC-NPC-like,AC-gliosis-hypoxia
at9_2,"('OPC-NPC-like 1', 'AC progenitor-like 2')",0.980319803198032,OPC-NPC-like 1,AC progenitor-like 2,OPC-NPC-like 1 > AC progenitor-like 2,OPC-NPC-like,AC-gliosis-hypoxia
at9_0,"('OPC-NPC-like 1', 'AC progenitor-like 2')",0.0764063811922754,OPC-NPC-like 1,AC progenitor-like 2,OPC-NPC-like 1 > AC progenitor-like 2,OPC-NPC-like,AC-gliosis-hypoxia
at6_0,"('OPC-NPC-like 1', 'AC progenitor-like 2')",0.9375,OPC-NPC-like 1,AC progenitor-like 2,OPC-NPC-like 1 > AC progenitor-like 2,OPC-NPC-like,AC-gliosis-hypoxia
at4_1,"('OPC-NPC-like 1', 'AC progenitor-like 2')",0.9723756906077348,OPC-NPC-like 1,AC progenitor-like 2,OPC-NPC-like 1 > AC progenitor-like 2,OPC-NPC-like,AC-gliosis-hypoxia
at5_4,"('OPC-NPC-like 1', 'AC progenitor-like 2')",0.8695652173913043,OPC-NPC-like 1,AC progenitor-like 2,OPC-NPC-like 1 > AC progenitor-like 2,OPC-NPC-like,AC-gliosis-hypoxia
at15_3,"('OPC-NPC-like 1', 'AC progenitor-like 2')",0.9017094017094016,OPC-NPC-like 1,AC progenitor-like 2,OPC-NPC-like 1 > AC progenitor-like 2,OPC-NPC-like,AC-gliosis-hypoxia
at15_0,"('OPC-NPC-like 1', 'AC progenitor-like 2')",0.978021978021978,OPC-NPC-like 1,AC progenitor-like 2,OPC-NPC-like 1 > AC progenitor-like 2,OPC-NPC-like,AC-gliosis-hypoxia
at15_2,"('OPC-NPC-like 1', 'AC progenitor-like 2')",0.9829545454545454,OPC-NPC-like 1,AC progenitor-like 2,OPC-NPC-like 1 > AC progenitor-like 2,OPC-NPC-like,AC-gliosis-hypoxia
at15_6,"('OPC-NPC-like 1', 'AC progenitor-like 2')",0.974921630094044,OPC-NPC-like 1,AC progenitor-like 2,OPC-NPC-like 1 > AC progenitor-like 2,OPC-NPC-like,AC-gliosis-hypoxia
at4_0,"('OPC-NPC-like 1', 'AC progenitor-like 2')",0.9635284139100933,OPC-NPC-like 1,AC progenitor-like 2,OPC-NPC-like 1 > AC progenitor-like 2,OPC-NPC-like,AC-gliosis-hypoxia
at10_0,"('OPC-NPC-like 1', 'AC progenitor-like 2')",1.0,OPC-NPC-like 1,AC progenitor-like 2,OPC-NPC-like 1 > AC progenitor-like 2,OPC-NPC-like,AC-gliosis-hypoxia
at7_0,"('OPC-NPC-like 1', 'AC progenitor-like 2')",1.0,OPC-NPC-like 1,AC progenitor-like 2,OPC-NPC-like 1 > AC progenitor-like 2,OPC-NPC-like,AC-gliosis-hypoxia
at10_2,"('OPC-NPC-like 1', 'AC progenitor-like 2')",0.9517884914463453,OPC-NPC-like 1,AC progenitor-like 2,OPC-NPC-like 1 > AC progenitor-like 2,OPC-NPC-like,AC-gliosis-hypoxia
at13_0,"('OPC-NPC-like 1', 'AC progenitor-like 2')",0.072289156626506,OPC-NPC-like 1,AC progenitor-like 2,OPC-NPC-like 1 > AC progenitor-like 2,OPC-NPC-like,AC-gliosis-hypoxia
at15_4,"('OPC-NPC-like 1', 'AC progenitor-like 2')",0.95873786407767,OPC-NPC-like 1,AC progenitor-like 2,OPC-NPC-like 1 > AC progenitor-like 2,OPC-NPC-like,AC-gliosis-hypoxia
at10_1,"('OPC-NPC-like 1', 'AC progenitor-like 2')",0.987624750499002,OPC-NPC-like 1,AC progenitor-like 2,OPC-NPC-like 1 > AC progenitor-like 2,OPC-NPC-like,AC-gliosis-hypoxia
at3_3,"('OPC-NPC-like 1', 'AC progenitor-like 2')",0.8285714285714286,OPC-NPC-like 1,AC progenitor-like 2,OPC-NPC-like 1 > AC progenitor-like 2,OPC-NPC-like,AC-gliosis-hypoxia
at9_2,"('OPC-NPC-like 1', 'AC progenitor-like 2')",0.980319803198032,OPC-NPC-like 1,AC progenitor-like 2,OPC-NPC-like 1 > AC progenitor-like 2,OPC-NPC-like,AC-gliosis-hypoxia
at9_0,"('OPC-NPC-like 1', 'AC progenitor-like 2')",0.0764063811922754,OPC-NPC-like 1,AC progenitor-like 2,OPC-NPC-like 1 > AC progenitor-like 2,OPC-NPC-like,AC-gliosis-hypoxia
at6_0,"('OPC-NPC-like 1', 'AC progenitor-like 2')",0.9375,OPC-NPC-like 1,AC progenitor-like 2,OPC-NPC-like 1 > AC progenitor-like 2,OPC-NPC-like,AC-gliosis-hypoxia
at4_1,"('OPC-NPC-like 1', 'AC progenitor-like 2')",0.9723756906077348,OPC-NPC-like 1,AC progenitor-like 2,OPC-NPC-like 1 > AC progenitor-like 2,OPC-NPC-like,AC-gliosis-hypoxia
at5_4,"('OPC-NPC-like 1', 'AC progenitor-like 2')",0.8695652173913043,OPC-NPC-like 1,AC progenitor-like 2,OPC-NPC-like 1 > AC progenitor-like 2,OPC-NPC-like,AC-gliosis-hypoxia
at15_3,"('OPC-NPC-like 1', 'AC progenitor-like 2')",0.9017094017094016,OPC-NPC-like 1,AC progenitor-like 2,OPC-NPC-like 1 > AC progenitor-like 2,OPC-NPC-like,AC-gliosis-hypoxia
at15_0,"('OPC-NPC-like 1', 'AC progenitor-like 2')",0.978021978021978,OPC-NPC-like 1,AC progenitor-like 2,OPC-NPC-like 1 > AC progenitor-like 2,OPC-NPC-like,AC-gliosis-hypoxia
at15_2,"('OPC-NPC-like 1', 'AC progenitor-like 2')",0.9829545454545454,OPC-NPC-like 1,AC progenitor-like 2,OPC-NPC-like 1 > AC progenitor-like 2,OPC-NPC-like,AC-gliosis-hypoxia
at15_6,"('OPC-NPC-like 1', 'AC progenitor-like 2')",0.974921630094044,OPC-NPC-like 1,AC progenitor-like 2,OPC-NPC-like 1 > AC progenitor-like 2,OPC-NPC-like,AC-gliosis-hypoxia
at4_0,"('OPC-NPC-like 1', 'AC progenitor-like 2')",0.9635284139100933,OPC-NPC-like 1,AC progenitor-like 2,OPC-NPC-like 1 > AC progenitor-like 2,OPC-NPC-like,AC-gliosis-hypoxia
at10_0,"('OPC-NPC-like 1', 'AC progenitor-like 2')",1.0,OPC-NPC-like 1,AC progenitor-like 2,OPC-NPC-like 1 > AC progenitor-like 2,OPC-NPC-like,AC-gliosis-hypoxia
at7_0,"('OPC-NPC-like 1', 'AC progenitor-like 2')",1.0,OPC-NPC-like 1,AC progenitor-like 2,OPC-NPC-like 1 > AC progenitor-like 2,OPC-NPC-like,AC-gliosis-hypoxia
at10_2,"('OPC-NPC-like 1', 'AC progenitor-like 2')",0.9517884914463453,OPC-NPC-like 1,AC progenitor-like 2,OPC-NPC-like 1 > AC progenitor-like 2,OPC-NPC-like,AC-gliosis-hypoxia
at13_0,"('OPC-NPC-like 1', 'AC progenitor-like 2')",0.072289156626506,OPC-NPC-like 1,AC progenitor-like 2,OPC-NPC-like 1 > AC progenitor-like 2,OPC-NPC-like,AC-gliosis-hypoxia
at15_4,"('OPC-NPC-like 1', 'AC progenitor-like 2')",0.95873786407767,OPC-NPC-like 1,AC progenitor-like 2,OPC-NPC-like 1 > AC progenitor-like 2,OPC-NPC-like,AC-gliosis-hypoxia
at10_1,"('OPC-NPC-like 1', 'AC progenitor-like 2')",0.987624750499002,OPC-NPC-like 1,AC progenitor-like 2,OPC-NPC-like 1 > AC progenitor-like 2,OPC-NPC-like,AC-gliosis-hypoxia
at3_3,"('OPC-NPC-like 1', 'AC progenitor-like 2')",0.8285714285714286,OPC-NPC-like 1,AC progenitor-like 2,OPC-NPC-like 1 > AC progenitor-like 2,OPC-NPC-like,AC-gliosis-hypoxia
at9_2,"('OPC-NPC-like 1', 'AC progenitor-like 2')",0.980319803198032,OPC-NPC-like 1,AC progenitor-like 2,OPC-NPC-like 1 > AC progenitor-like 2,OPC-NPC-like,AC-gliosis-hypoxia
at9_0,"('OPC-NPC-like 1', 'AC progenitor-like 2')",0.0764063811922754,OPC-NPC-like 1,AC progenitor-like 2,OPC-NPC-like 1 > AC progenitor-like 2,OPC-NPC-like,AC-gliosis-hypoxia
at6_0,"('OPC-NPC-like 1', 'AC progenitor-like 2')",0.9375,OPC-NPC-like 1,AC progenitor-like 2,OPC-NPC-like 1 > AC progenitor-like 2,OPC-NPC-like,AC-gliosis-hypoxia
at4_1,"('OPC-NPC-like 1', 'AC progenitor-like 2')",0.9723756906077348,OPC-NPC-like 1,AC progenitor-like 2,OPC-NPC-like 1 > AC progenitor-like 2,OPC-NPC-like,AC-gliosis-hypoxia
at5_4,"('OPC-NPC-like 1', 'AC progenitor-like 2')",0.8695652173913043,OPC-NPC-like 1,AC progenitor-like 2,OPC-NPC-like 1 > AC progenitor-like 2,OPC-NPC-like,AC-gliosis-hypoxia
at15_3,"('OPC-NPC-like 1', 'AC progenitor-like 2')",0.9017094017094016,OPC-NPC-like 1,AC progenitor-like 2,OPC-NPC-like 1 > AC progenitor-like 2,OPC-NPC-like,AC-gliosis-hypoxia
at15_0,"('OPC-NPC-like 1', 'AC progenitor-like 2')",0.978021978021978,OPC-NPC-like 1,AC progenitor-like 2,OPC-NPC-like 1 > AC progenitor-like 2,OPC-NPC-like,AC-gliosis-hypoxia
at15_2,"('OPC-NPC-like 1', 'AC progenitor-like 2')",0.9829545454545454,OPC-NPC-like 1,AC progenitor-like 2,OPC-NPC-like 1 > AC progenitor-like 2,OPC-NPC-like,AC-gliosis-hypoxia
at15_6,"('OPC-NPC-like 1', 'AC progenitor-like 2')",0.974921630094044,OPC-NPC-like 1,AC progenitor-like 2,OPC-NPC-like 1 > AC progenitor-like 2,OPC-NPC-like,AC-gliosis-hypoxia
at4_0,"('OPC-NPC-like 1', 'AC progenitor-like 2')",0.9635284139100933,OPC-NPC-like 1,AC progenitor-like 2,OPC-NPC-like 1 > AC progenitor-like 2,OPC-NPC-like,AC-gliosis-hypoxia
at10_0,"('OPC-NPC-like 1', 'AC progenitor-like 2')",1.0,OPC-NPC-like 1,AC progenitor-like 2,OPC-NPC-like 1 > AC progenitor-like 2,OPC-NPC-like,AC-gliosis-hypoxia
at7_0,"('OPC-NPC-like 1', 'AC progenitor-like 2')",1.0,OPC-NPC-like 1,AC progenitor-like 2,OPC-NPC-like 1 > AC progenitor-like 2,OPC-NPC-like,AC-gliosis-hypoxia
at10_2,"('OPC-NPC-like 1', 'AC progenitor-like 2')",0.9517884914463453,OPC-NPC-like 1,AC progenitor-like 2,OPC-NPC-like 1 > AC progenitor-like 2,OPC-NPC-like,AC-gliosis-hypoxia
at13_0,"('OPC-NPC-like 1', 'AC progenitor-like 2')",0.072289156626506,OPC-NPC-like 1,AC progenitor-like 2,OPC-NPC-like 1 > AC progenitor-like 2,OPC-NPC-like,AC-gliosis-hypoxia
at15_4,"('OPC-NPC-like 1', 'AC progenitor-like 2')",0.95873786407767,OPC-NPC-like 1,AC progenitor-like 2,OPC-NPC-like 1 > AC progenitor-like 2,OPC-NPC-like,AC-gliosis-hypoxia
at10_1,"('OPC-NPC-like 1', 'AC progenitor-like 2')",0.987624750499002,OPC-NPC-like 1,AC progenitor-like 2,OPC-NPC-like 1 > AC progenitor-like 2,OPC-NPC-like,AC-gliosis-hypoxia
at3_3,"('OPC-NPC-like 1', 'AC progenitor-like 2')",0.8285714285714286,OPC-NPC-like 1,AC progenitor-like 2,OPC-NPC-like 1 > AC progenitor-like 2,OPC-NPC-like,AC-gliosis-hypoxia
at9_2,"('OPC-NPC-like 1', 'AC progenitor-like 2')",0.980319803198032,OPC-NPC-like 1,AC progenitor-like 2,OPC-NPC-like 1 > AC progenitor-like 2,OPC-NPC-like,AC-gliosis-hypoxia
at9_0,"('OPC-NPC-like 1', 'AC progenitor-like 2')",0.0764063811922754,OPC-NPC-like 1,AC progenitor-like 2,OPC-NPC-like 1 > AC progenitor-like 2,OPC-NPC-like,AC-gliosis-hypoxia
at6_0,"('OPC-NPC-like 1', 'AC progenitor-like 2')",0.9375,OPC-NPC-like 1,AC progenitor-like 2,OPC-NPC-like 1 > AC progenitor-like 2,OPC-NPC-like,AC-gliosis-hypoxia
at4_1,"('OPC-NPC-like 1', 'AC progenitor-like 2')",0.9723756906077348,OPC-NPC-like 1,AC progenitor-like 2,OPC-NPC-like 1 > AC progenitor-like 2,OPC-NPC-like,AC-gliosis-hypoxia
at5_4,"('OPC-NPC-like 1', 'AC progenitor-like 2')",0.8695652173913043,OPC-NPC-like 1,AC progenitor-like 2,OPC-NPC-like 1 > AC progenitor-like 2,OPC-NPC-like,AC-gliosis-hypoxia
at15_3,"('OPC-NPC-like 1', 'AC progenitor-like 2')",0.9017094017094016,OPC-NPC-like 1,AC progenitor-like 2,OPC-NPC-like 1 > AC progenitor-like 2,OPC-NPC-like,AC-gliosis-hypoxia
at15_0,"('OPC-NPC-like 1', 'AC progenitor-like 2')",0.978021978021978,OPC-NPC-like 1,AC progenitor-like 2,OPC-NPC-like 1 > AC progenitor-like 2,OPC-NPC-like,AC-gliosis-hypoxia
at15_2,"('OPC-NPC-like 1', 'AC progenitor-like 2')",0.9829545454545454,OPC-NPC-like 1,AC progenitor-like 2,OPC-NPC-like 1 > AC progenitor-like 2,OPC-NPC-like,AC-gliosis-hypoxia
at15_6,"('OPC-NPC-like 1', 'AC progenitor-like 2')",0.974921630094044,OPC-NPC-like 1,AC progenitor-like 2,OPC-NPC-like 1 > AC progenitor-like 2,OPC-NPC-like,AC-gliosis-hypoxia
at4_0,"('OPC-NPC-like 1', 'AC progenitor-like 2')",0.9635284139100933,OPC-NPC-like 1,AC progenitor-like 2,OPC-NPC-like 1 > AC progenitor-like 2,OPC-NPC-like,AC-gliosis-hypoxia
at10_0,"('OPC-NPC-like 1', 'AC progenitor-like 2')",1.0,OPC-NPC-like 1,AC progenitor-like 2,OPC-NPC-like 1 > AC progenitor-like 2,OPC-NPC-like,AC-gliosis-hypoxia
at7_0,"('OPC-NPC-like 1', 'AC progenitor-like 2')",1.0,OPC-NPC-like 1,AC progenitor-like 2,OPC-NPC-like 1 > AC progenitor-like 2,OPC-NPC-like,AC-gliosis-hypoxia
at10_2,"('OPC-NPC-like 1', 'AC progenitor-like 2')",0.9517884914463453,OPC-NPC-like 1,AC progenitor-like 2,OPC-NPC-like 1 > AC progenitor-like 2,OPC-NPC-like,AC-gliosis-hypoxia
at13_0,"('OPC-NPC-like 1', 'AC progenitor-like 2')",0.072289156626506,OPC-NPC-like 1,AC progenitor-like 2,OPC-NPC-like 1 > AC progenitor-like 2,OPC-NPC-like,AC-gliosis-hypoxia
at15_4,"('OPC-NPC-like 1', 'AC progenitor-like 2')",0.95873786407767,OPC-NPC-like 1,AC progenitor-like 2,OPC-NPC-like 1 > AC progenitor-like 2,OPC-NPC-like,AC-gliosis-hypoxia
at10_1,"('OPC-NPC-like 1', 'AC progenitor-like 2')",0.987624750499002,OPC-NPC-like 1,AC progenitor-like 2,OPC-NPC-like 1 > AC progenitor-like 2,OPC-NPC-like,AC-gliosis-hypoxia
at3_3,"('OPC-NPC-like 1', 'AC progenitor-like 2')",0.8285714285714286,OPC-NPC-like 1,AC progenitor-like 2,OPC-NPC-like 1 > AC progenitor-like 2,OPC-NPC-like,AC-gliosis-hypoxia
at9_2,"('OPC-NPC-like 1', 'AC progenitor-like 2')",0.980319803198032,OPC-NPC-like 1,AC progenitor-like 2,OPC-NPC-like 1 > AC progenitor-like 2,OPC-NPC-like,AC-gliosis-hypoxia
at9_0,"('OPC-NPC-like 1', 'AC progenitor-like 2')",0.0764063811922754,OPC-NPC-like 1,AC progenitor-like 2,OPC-NPC-like 1 > AC progenitor-like 2,OPC-NPC-like,AC-gliosis-hypoxia
at6_0,"('OPC-NPC-like 1', 'AC progenitor-like 2')",0.9375,OPC-NPC-like 1,AC progenitor-like 2,OPC-NPC-like 1 > AC progenitor-like 2,OPC-NPC-like,AC-gliosis-hypoxia
at4_1,"('OPC-NPC-like 1', 'AC progenitor-like 2')",0.9723756906077348,OPC-NPC-like 1,AC progenitor-like 2,OPC-NPC-like 1 > AC progenitor-like 2,OPC-NPC-like,AC-gliosis-hypoxia
at5_4,"('OPC-NPC-like 1', 'AC progenitor-like 2')",0.8695652173913043,OPC-NPC-like 1,AC progenitor-like 2,OPC-NPC-like 1 > AC progenitor-like 2,OPC-NPC-like,AC-gliosis-hypoxia
at15_3,"('OPC-NPC-like 1', 'AC progenitor-like 2')",0.9017094017094016,OPC-NPC-like 1,AC progenitor-like 2,OPC-NPC-like 1 > AC progenitor-like 2,OPC-NPC-like,AC-gliosis-hypoxia
at15_0,"('OPC-NPC-like 1', 'AC progenitor-like 2')",0.978021978021978,OPC-NPC-like 1,AC progenitor-like 2,OPC-NPC-like 1 > AC progenitor-like 2,OPC-NPC-like,AC-gliosis-hypoxia
at15_2,"('OPC-NPC-like 1', 'AC progenitor-like 2')",0.9829545454545454,OPC-NPC-like 1,AC progenitor-like 2,OPC-NPC-like 1 > AC progenitor-like 2,OPC-NPC-like,AC-gliosis-hypoxia
at15_6,"('OPC-NPC-like 1', 'AC progenitor-like 2')",0.974921630094044,OPC-NPC-like 1,AC progenitor-like 2,OPC-NPC-like 1 > AC progenitor-like 2,OPC-NPC-like,AC-gliosis-hypoxia
at4_0,"('OPC-NPC-like 1', 'AC progenitor-like 2')",0.9635284139100933,OPC-NPC-like 1,AC progenitor-like 2,OPC-NPC-like 1 > AC progenitor-like 2,OPC-NPC-like,AC-gliosis-hypoxia
at10_0,"('OPC-NPC-like 1', 'AC progenitor-like 2')",1.0,OPC-NPC-like 1,AC progenitor-like 2,OPC-NPC-like 1 > AC progenitor-like 2,OPC-NPC-like,AC-gliosis-hypoxia
at7_0,"('OPC-NPC-like 1', 'AC progenitor-like 2')",1.0,OPC-NPC-like 1,AC progenitor-like 2,OPC-NPC-like 1 > AC progenitor-like 2,OPC-NPC-like,AC-gliosis-hypoxia
at10_2,"('OPC-NPC-like 1', 'AC progenitor-like 2')",0.9517884914463453,OPC-NPC-like 1,AC progenitor-like 2,OPC-NPC-like 1 > AC progenitor-like 2,OPC-NPC-like,AC-gliosis-hypoxia
at13_0,"('OPC-NPC-like 1', 'AC progenitor-like 2')",0.072289156626506,OPC-NPC-like 1,AC progenitor-like 2,OPC-NPC-like 1 > AC progenitor-like 2,OPC-NPC-like,AC-gliosis-hypoxia
at15_4,"('OPC-NPC-like 1', 'AC progenitor-like 2')",0.95873786407767,OPC-NPC-like 1,AC progenitor-like 2,OPC-NPC-like 1 > AC progenitor-like 2,OPC-NPC-like,AC-gliosis-hypoxia
at10_1,"('OPC-NPC-like 1', 'AC progenitor-like 2')",0.987624750499002,OPC-NPC-like 1,AC progenitor-like 2,OPC-NPC-like 1 > AC progenitor-like 2,OPC-NPC-like,AC-gliosis-hypoxia
at3_3,"('OPC-NPC-like 1', 'AC progenitor-like 2')",0.8285714285714286,OPC-NPC-like 1,AC progenitor-like 2,OPC-NPC-like 1 > AC progenitor-like 2,OPC-NPC-like,AC-gliosis-hypoxia
at9_2,"('OPC-NPC-like 1', 'AC progenitor-like 2')",0.980319803198032,OPC-NPC-like 1,AC progenitor-like 2,OPC-NPC-like 1 > AC progenitor-like 2,OPC-NPC-like,AC-gliosis-hypoxia
at9_0,"('OPC-NPC-like 1', 'AC progenitor-like 2')",0.0764063811922754,OPC-NPC-like 1,AC progenitor-like 2,OPC-NPC-like 1 > AC progenitor-like 2,OPC-NPC-like,AC-gliosis-hypoxia
at6_0,"('OPC-NPC-like 1', 'AC progenitor-like 2')",0.9375,OPC-NPC-like 1,AC progenitor-like 2,OPC-NPC-like 1 > AC progenitor-like 2,OPC-NPC-like,AC-gliosis-hypoxia
at4_1,"('OPC-NPC-like 1', 'AC progenitor-like 2')",0.9723756906077348,OPC-NPC-like 1,AC progenitor-like 2,OPC-NPC-like 1 > AC progenitor-like 2,OPC-NPC-like,AC-gliosis-hypoxia
at5_4,"('OPC-NPC-like 1', 'AC progenitor-like 2')",0.8695652173913043,OPC-NPC-like 1,AC progenitor-like 2,OPC-NPC-like 1 > AC progenitor-like 2,OPC-NPC-like,AC-gliosis-hypoxia
at15_3,"('OPC-NPC-like 1', 'AC progenitor-like 2')",0.9017094017094016,OPC-NPC-like 1,AC progenitor-like 2,OPC-NPC-like 1 > AC progenitor-like 2,OPC-NPC-like,AC-gliosis-hypoxia
at15_0,"('OPC-NPC-like 1', 'AC progenitor-like 2')",0.978021978021978,OPC-NPC-like 1,AC progenitor-like 2,OPC-NPC-like 1 > AC progenitor-like 2,OPC-NPC-like,AC-gliosis-hypoxia
at15_2,"('OPC-NPC-like 1', 'AC progenitor-like 2')",0.9829545454545454,OPC-NPC-like 1,AC progenitor-like 2,OPC-NPC-like 1 > AC progenitor-like 2,OPC-NPC-like,AC-gliosis-hypoxia
at15_6,"('OPC-NPC-like 1', 'AC progenitor-like 2')",0.974921630094044,OPC-NPC-like 1,AC progenitor-like 2,OPC-NPC-like 1 > AC progenitor-like 2,OPC-NPC-like,AC-gliosis-hypoxia
at4_0,"('OPC-NPC-like 1', 'AC progenitor-like 2')",0.9635284139100933,OPC-NPC-like 1,AC progenitor-like 2,OPC-NPC-like 1 > AC progenitor-like 2,OPC-NPC-like,AC-gliosis-hypoxia
at10_0,"('OPC-NPC-like 1', 'AC progenitor-like 2')",1.0,OPC-NPC-like 1,AC progenitor-like 2,OPC-NPC-like 1 > AC progenitor-like 2,OPC-NPC-like,AC-gliosis-hypoxia
at7_0,"('OPC-NPC-like 1', 'AC progenitor-like 2')",1.0,OPC-NPC-like 1,AC progenitor-like 2,OPC-NPC-like 1 > AC progenitor-like 2,OPC-NPC-like,AC-gliosis-hypoxia
at10_2,"('OPC-NPC-like 1', 'AC progenitor-like 2')",0.9517884914463453,OPC-NPC-like 1,AC progenitor-like 2,OPC-NPC-like 1 > AC progenitor-like 2,OPC-NPC-like,AC-gliosis-hypoxia
at13_0,"('OPC-NPC-like 1', 'AC progenitor-like 2')",0.072289156626506,OPC-NPC-like 1,AC progenitor-like 2,OPC-NPC-like 1 > AC progenitor-like 2,OPC-NPC-like,AC-gliosis-hypoxia
at15_4,"('OPC-NPC-like 1', 'AC progenitor-like 2')",0.95873786407767,OPC-NPC-like 1,AC progenitor-like 2,OPC-NPC-like 1 > AC progenitor-like 2,OPC-NPC-like,AC-gliosis-hypoxia
at10_1,"('OPC-NPC-like 1', 'AC progenitor-like 2')",0.987624750499002,OPC-NPC-like 1,AC progenitor-like 2,OPC-NPC-like 1 > AC progenitor-like 2,OPC-NPC-like,AC-gliosis-hypoxia
at3_3,"('OPC-NPC-like 1', 'AC progenitor-like 2')",0.8285714285714286,OPC-NPC-like 1,AC progenitor-like 2,OPC-NPC-like 1 > AC progenitor-like 2,OPC-NPC-like,AC-gliosis-hypoxia
at9_2,"('OPC-NPC-like 1', 'AC progenitor-like 2')",0.980319803198032,OPC-NPC-like 1,AC progenitor-like 2,OPC-NPC-like 1 > AC progenitor-like 2,OPC-NPC-like,AC-gliosis-hypoxia
at9_0,"('OPC-NPC-like 1', 'AC progenitor-like 2')",0.0764063811922754,OPC-NPC-like 1,AC progenitor-like 2,OPC-NPC-like 1 > AC progenitor-like 2,OPC-NPC-like,AC-gliosis-hypoxia
at6_0,"('OPC-NPC-like 1', 'AC progenitor-like 2')",0.9375,OPC-NPC-like 1,AC progenitor-like 2,OPC-NPC-like 1 > AC progenitor-like 2,OPC-NPC-like,AC-gliosis-hypoxia
at4_1,"('OPC-NPC-like 1', 'AC progenitor-like 2')",0.9723756906077348,OPC-NPC-like 1,AC progenitor-like 2,OPC-NPC-like 1 > AC progenitor-like 2,OPC-NPC-like,AC-gliosis-hypoxia
at5_4,"('OPC-NPC-like 1', 'AC progenitor-like 2')",0.8695652173913043,OPC-NPC-like 1,AC progenitor-like 2,OPC-NPC-like 1 > AC progenitor-like 2,OPC-NPC-like,AC-gliosis-hypoxia
at15_3,"('OPC-NPC-like 1', 'AC progenitor-like 2')",0.9017094017094016,OPC-NPC-like 1,AC progenitor-like 2,OPC-NPC-like 1 > AC progenitor-like 2,OPC-NPC-like,AC-gliosis-hypoxia
at15_0,"('OPC-NPC-like 1', 'AC progenitor-like 2')",0.978021978021978,OPC-NPC-like 1,AC progenitor-like 2,OPC-NPC-like 1 > AC progenitor-like 2,OPC-NPC-like,AC-gliosis-hypoxia
at15_2,"('OPC-NPC-like 1', 'AC progenitor-like 2')",0.9829545454545454,OPC-NPC-like 1,AC progenitor-like 2,OPC-NPC-like 1 > AC progenitor-like 2,OPC-NPC-like,AC-gliosis-hypoxia
at15_6,"('OPC-NPC-like 1', 'AC progenitor-like 2')",0.974921630094044,OPC-NPC-like 1,AC progenitor-like 2,OPC-NPC-like 1 > AC progenitor-like 2,OPC-NPC-like,AC-gliosis-hypoxia
at4_0,"('OPC-NPC-like 1', 'AC progenitor-like 2')",0.9635284139100933,OPC-NPC-like 1,AC progenitor-like 2,OPC-NPC-like 1 > AC progenitor-like 2,OPC-NPC-like,AC-gliosis-hypoxia
at10_0,"('OPC-NPC-like 1', 'AC progenitor-like 2')",1.0,OPC-NPC-like 1,AC progenitor-like 2,OPC-NPC-like 1 > AC progenitor-like 2,OPC-NPC-like,AC-gliosis-hypoxia
at7_0,"('OPC-NPC-like 1', 'AC progenitor-like 2')",1.0,OPC-NPC-like 1,AC progenitor-like 2,OPC-NPC-like 1 > AC progenitor-like 2,OPC-NPC-like,AC-gliosis-hypoxia
at10_2,"('OPC-NPC-like 1', 'AC progenitor-like 2')",0.9517884914463453,OPC-NPC-like 1,AC progenitor-like 2,OPC-NPC-like 1 > AC progenitor-like 2,OPC-NPC-like,AC-gliosis-hypoxia
at13_0,"('OPC-NPC-like 1', 'AC progenitor-like 2')",0.072289156626506,OPC-NPC-like 1,AC progenitor-like 2,OPC-NPC-like 1 > AC progenitor-like 2,OPC-NPC-like,AC-gliosis-hypoxia
at15_4,"('OPC-NPC-like 1', 'AC progenitor-like 2')",0.95873786407767,OPC-NPC-like 1,AC progenitor-like 2,OPC-NPC-like 1 > AC progenitor-like 2,OPC-NPC-like,AC-gliosis-hypoxia
at10_1,"('OPC-NPC-like 1', 'AC progenitor-like 2')",0.987624750499002,OPC-NPC-like 1,AC progenitor-like 2,OPC-NPC-like 1 > AC progenitor-like 2,OPC-NPC-like,AC-gliosis-hypoxia
at3_3,"('OPC-NPC-like 1', 'AC progenitor-like 2')",0.8285714285714286,OPC-NPC-like 1,AC progenitor-like 2,OPC-NPC-like 1 > AC progenitor-like 2,OPC-NPC-like,AC-gliosis-hypoxia
at9_2,"('OPC-NPC-like 1', 'AC progenitor-like 2')",0.980319803198032,OPC-NPC-like 1,AC progenitor-like 2,OPC-NPC-like 1 > AC progenitor-like 2,OPC-NPC-like,AC-gliosis-hypoxia
at9_0,"('OPC-NPC-like 1', 'AC progenitor-like 2')",0.0764063811922754,OPC-NPC-like 1,AC progenitor-like 2,OPC-NPC-like 1 > AC progenitor-like 2,OPC-NPC-like,AC-gliosis-hypoxia
at6_0,"('OPC-NPC-like 1', 'AC progenitor-like 2')",0.9375,OPC-NPC-like 1,AC progenitor-like 2,OPC-NPC-like 1 > AC progenitor-like 2,OPC-NPC-like,AC-gliosis-hypoxia
at4_1,"('OPC-NPC-like 1', 'AC progenitor-like 2')",0.9723756906077348,OPC-NPC-like 1,AC progenitor-like 2,OPC-NPC-like 1 > AC progenitor-like 2,OPC-NPC-like,AC-gliosis-hypoxia
at5_4,"('OPC-NPC-like 1', 'AC progenitor-like 2')",0.8695652173913043,OPC-NPC-like 1,AC progenitor-like 2,OPC-NPC-like 1 > AC progenitor-like 2,OPC-NPC-like,AC-gliosis-hypoxia
at15_3,"('OPC-NPC-like 1', 'AC progenitor-like 2')",0.9017094017094016,OPC-NPC-like 1,AC progenitor-like 2,OPC-NPC-like 1 > AC progenitor-like 2,OPC-NPC-like,AC-gliosis-hypoxia
at15_0,"('OPC-NPC-like 1', 'AC progenitor-like 2')",0.978021978021978,OPC-NPC-like 1,AC progenitor-like 2,OPC-NPC-like 1 > AC progenitor-like 2,OPC-NPC-like,AC-gliosis-hypoxia
at15_2,"('OPC-NPC-like 1', 'AC progenitor-like 2')",0.9829545454545454,OPC-NPC-like 1,AC progenitor-like 2,OPC-NPC-like 1 > AC progenitor-like 2,OPC-NPC-like,AC-gliosis-hypoxia
at15_6,"('OPC-NPC-like 1', 'AC progenitor-like 2')",0.974921630094044,OPC-NPC-like 1,AC progenitor-like 2,OPC-NPC-like 1 > AC progenitor-like 2,OPC-NPC-like,AC-gliosis-hypoxia
at4_0,"('OPC-NPC-like 1', 'AC progenitor-like 2')",0.9635284139100933,OPC-NPC-like 1,AC progenitor-like 2,OPC-NPC-like 1 > AC progenitor-like 2,OPC-NPC-like,AC-gliosis-hypoxia
at10_0,"('OPC-NPC-like 1', 'AC progenitor-like 2')",1.0,OPC-NPC-like 1,AC progenitor-like 2,OPC-NPC-like 1 > AC progenitor-like 2,OPC-NPC-like,AC-gliosis-hypoxia
at7_0,"('OPC-NPC-like 1', 'AC progenitor-like 2')",1.0,OPC-NPC-like 1,AC progenitor-like 2,OPC-NPC-like 1 > AC progenitor-like 2,OPC-NPC-like,AC-gliosis-hypoxia
at10_2,"('OPC-NPC-like 1', 'AC progenitor-like 2')",0.9517884914463453,OPC-NPC-like 1,AC progenitor-like 2,OPC-NPC-like 1 > AC progenitor-like 2,OPC-NPC-like,AC-gliosis-hypoxia
at13_0,"('OPC-NPC-like 1', 'AC progenitor-like 2')",0.072289156626506,OPC-NPC-like 1,AC progenitor-like 2,OPC-NPC-like 1 > AC progenitor-like 2,OPC-NPC-like,AC-gliosis-hypoxia
at15_4,"('OPC-NPC-like 1', 'AC progenitor-like 2')",0.95873786407767,OPC-NPC-like 1,AC progenitor-like 2,OPC-NPC-like 1 > AC progenitor-like 2,OPC-NPC-like,AC-gliosis-hypoxia
at10_1,"('OPC-NPC-like 1', 'AC progenitor-like 2')",0.987624750499002,OPC-NPC-like 1,AC progenitor-like 2,OPC-NPC-like 1 > AC progenitor-like 2,OPC-NPC-like,AC-gliosis-hypoxia
at3_3,"('OPC-NPC-like 1', 'AC progenitor-like 2')",0.8285714285714286,OPC-NPC-like 1,AC progenitor-like 2,OPC-NPC-like 1 > AC progenitor-like 2,OPC-NPC-like,AC-gliosis-hypoxia
at9_2,"('OPC-NPC-like 1', 'AC progenitor-like 2')",0.980319803198032,OPC-NPC-like 1,AC progenitor-like 2,OPC-NPC-like 1 > AC progenitor-like 2,OPC-NPC-like,AC-gliosis-hypoxia
at9_0,"('OPC-NPC-like 1', 'AC progenitor-like 2')",0.0764063811922754,OPC-NPC-like 1,AC progenitor-like 2,OPC-NPC-like 1 > AC progenitor-like 2,OPC-NPC-like,AC-gliosis-hypoxia
at6_0,"('OPC-NPC-like 1', 'AC progenitor-like 2')",0.9375,OPC-NPC-like 1,AC progenitor-like 2,OPC-NPC-like 1 > AC progenitor-like 2,OPC-NPC-like,AC-gliosis-hypoxia
at4_1,"('OPC-NPC-like 1', 'AC progenitor-like 2')",0.9723756906077348,OPC-NPC-like 1,AC progenitor-like 2,OPC-NPC-like 1 > AC progenitor-like 2,OPC-NPC-like,AC-gliosis-hypoxia
at5_4,"('OPC-NPC-like 1', 'AC progenitor-like 2')",0.8695652173913043,OPC-NPC-like 1,AC progenitor-like 2,OPC-NPC-like 1 > AC progenitor-like 2,OPC-NPC-like,AC-gliosis-hypoxia
at15_3,"('OPC-NPC-like 1', 'AC progenitor-like 2')",0.9017094017094016,OPC-NPC-like 1,AC progenitor-like 2,OPC-NPC-like 1 > AC progenitor-like 2,OPC-NPC-like,AC-gliosis-hypoxia
at15_0,"('OPC-NPC-like 1', 'AC progenitor-like 2')",0.978021978021978,OPC-NPC-like 1,AC progenitor-like 2,OPC-NPC-like 1 > AC progenitor-like 2,OPC-NPC-like,AC-gliosis-hypoxia
at15_2,"('OPC-NPC-like 1', 'AC progenitor-like 2')",0.9829545454545454,OPC-NPC-like 1,AC progenitor-like 2,OPC-NPC-like 1 > AC progenitor-like 2,OPC-NPC-like,AC-gliosis-hypoxia
at15_6,"('OPC-NPC-like 1', 'AC progenitor-like 2')",0.974921630094044,OPC-NPC-like 1,AC progenitor-like 2,OPC-NPC-like 1 > AC progenitor-like 2,OPC-NPC-like,AC-gliosis-hypoxia
at4_0,"('OPC-NPC-like 1', 'AC progenitor-like 2')",0.9635284139100933,OPC-NPC-like 1,AC progenitor-like 2,OPC-NPC-like 1 > AC progenitor-like 2,OPC-NPC-like,AC-gliosis-hypoxia
at10_0,"('OPC-NPC-like 1', 'AC progenitor-like 2')",1.0,OPC-NPC-like 1,AC progenitor-like 2,OPC-NPC-like 1 > AC progenitor-like 2,OPC-NPC-like,AC-gliosis-hypoxia
at7_0,"('OPC-NPC-like 1', 'AC progenitor-like 2')",1.0,OPC-NPC-like 1,AC progenitor-like 2,OPC-NPC-like 1 > AC progenitor-like 2,OPC-NPC-like,AC-gliosis-hypoxia
at10_2,"('OPC-NPC-like 1', 'AC progenitor-like 2')",0.9517884914463453,OPC-NPC-like 1,AC progenitor-like 2,OPC-NPC-like 1 > AC progenitor-like 2,OPC-NPC-like,AC-gliosis-hypoxia
at13_0,"('OPC-NPC-like 1', 'AC progenitor-like 2')",0.072289156626506,OPC-NPC-like 1,AC progenitor-like 2,OPC-NPC-like 1 > AC progenitor-like 2,OPC-NPC-like,AC-gliosis-hypoxia
at15_4,"('OPC-NPC-like 1', 'AC progenitor-like 2')",0.95873786407767,OPC-NPC-like 1,AC progenitor-like 2,OPC-NPC-like 1 > AC progenitor-like 2,OPC-NPC-like,AC-gliosis-hypoxia
at10_1,"('OPC-NPC-like 1', 'AC progenitor-like 2')",0.987624750499002,OPC-NPC-like 1,AC progenitor-like 2,OPC-NPC-like 1 > AC progenitor-like 2,OPC-NPC-like,AC-gliosis-hypoxia
at3_3,"('OPC-NPC-like 1', 'AC progenitor-like 2')",0.8285714285714286,OPC-NPC-like 1,AC progenitor-like 2,OPC-NPC-like 1 > AC progenitor-like 2,OPC-NPC-like,AC-gliosis-hypoxia
at9_2,"('OPC-NPC-like 1', 'AC progenitor-like 2')",0.980319803198032,OPC-NPC-like 1,AC progenitor-like 2,OPC-NPC-like 1 > AC progenitor-like 2,OPC-NPC-like,AC-gliosis-hypoxia
at9_0,"('OPC-NPC-like 1', 'AC progenitor-like 2')",0.0764063811922754,OPC-NPC-like 1,AC progenitor-like 2,OPC-NPC-like 1 > AC progenitor-like 2,OPC-NPC-like,AC-gliosis-hypoxia
at6_0,"('OPC-NPC-like 1', 'AC progenitor-like 2')",0.9375,OPC-NPC-like 1,AC progenitor-like 2,OPC-NPC-like 1 > AC progenitor-like 2,OPC-NPC-like,AC-gliosis-hypoxia
at4_1,"('OPC-NPC-like 1', 'AC progenitor-like 2')",0.9723756906077348,OPC-NPC-like 1,AC progenitor-like 2,OPC-NPC-like 1 > AC progenitor-like 2,OPC-NPC-like,AC-gliosis-hypoxia
at5_4,"('OPC-NPC-like 1', 'AC progenitor-like 2')",0.8695652173913043,OPC-NPC-like 1,AC progenitor-like 2,OPC-NPC-like 1 > AC progenitor-like 2,OPC-NPC-like,AC-gliosis-hypoxia
at15_3,"('OPC-NPC-like 1', 'AC progenitor-like 2')",0.9017094017094016,OPC-NPC-like 1,AC progenitor-like 2,OPC-NPC-like 1 > AC progenitor-like 2,OPC-NPC-like,AC-gliosis-hypoxia
at15_0,"('OPC-NPC-like 1', 'AC progenitor-like 2')",0.978021978021978,OPC-NPC-like 1,AC progenitor-like 2,OPC-NPC-like 1 > AC progenitor-like 2,OPC-NPC-like,AC-gliosis-hypoxia
at15_2,"('OPC-NPC-like 1', 'AC progenitor-like 2')",0.9829545454545454,OPC-NPC-like 1,AC progenitor-like 2,OPC-NPC-like 1 > AC progenitor-like 2,OPC-NPC-like,AC-gliosis-hypoxia
at15_6,"('OPC-NPC-like 1', 'AC progenitor-like 2')",0.974921630094044,OPC-NPC-like 1,AC progenitor-like 2,OPC-NPC-like 1 > AC progenitor-like 2,OPC-NPC-like,AC-gliosis-hypoxia
at4_0,"('OPC-NPC-like 1', 'AC progenitor-like 2')",0.9635284139100933,OPC-NPC-like 1,AC progenitor-like 2,OPC-NPC-like 1 > AC progenitor-like 2,OPC-NPC-like,AC-gliosis-hypoxia
at10_0,"('OPC-NPC-like 1', 'AC progenitor-like 2')",1.0,OPC-NPC-like 1,AC progenitor-like 2,OPC-NPC-like 1 > AC progenitor-like 2,OPC-NPC-like,AC-gliosis-hypoxia
at7_0,"('OPC-NPC-like 1', 'AC progenitor-like 2')",1.0,OPC-NPC-like 1,AC progenitor-like 2,OPC-NPC-like 1 > AC progenitor-like 2,OPC-NPC-like,AC-gliosis-hypoxia
at10_2,"('OPC-NPC-like 1', 'AC progenitor-like 2')",0.9517884914463453,OPC-NPC-like 1,AC progenitor-like 2,OPC-NPC-like 1 > AC progenitor-like 2,OPC-NPC-like,AC-gliosis-hypoxia
at13_0,"('OPC-NPC-like 1', 'AC progenitor-like 2')",0.072289156626506,OPC-NPC-like 1,AC progenitor-like 2,OPC-NPC-like 1 > AC progenitor-like 2,OPC-NPC-like,AC-gliosis-hypoxia
at15_4,"('OPC-NPC-like 1', 'AC progenitor-like 2')",0.95873786407767,OPC-NPC-like 1,AC progenitor-like 2,OPC-NPC-like 1 > AC progenitor-like 2,OPC-NPC-like,AC-gliosis-hypoxia
at10_1,"('OPC-NPC-like 1', 'AC progenitor-like 2')",0.987624750499002,OPC-NPC-like 1,AC progenitor-like 2,OPC-NPC-like 1 > AC progenitor-like 2,OPC-NPC-like,AC-gliosis-hypoxia
at3_3,"('OPC-NPC-like 1', 'AC progenitor-like 2')",0.8285714285714286,OPC-NPC-like 1,AC progenitor-like 2,OPC-NPC-like 1 > AC progenitor-like 2,OPC-NPC-like,AC-gliosis-hypoxia
at9_2,"('OPC-NPC-like 1', 'AC progenitor-like 2')",0.980319803198032,OPC-NPC-like 1,AC progenitor-like 2,OPC-NPC-like 1 > AC progenitor-like 2,OPC-NPC-like,AC-gliosis-hypoxia
at9_0,"('OPC-NPC-like 1', 'AC progenitor-like 2')",0.0764063811922754,OPC-NPC-like 1,AC progenitor-like 2,OPC-NPC-like 1 > AC progenitor-like 2,OPC-NPC-like,AC-gliosis-hypoxia
at6_0,"('OPC-NPC-like 1', 'AC progenitor-like 2')",0.9375,OPC-NPC-like 1,AC progenitor-like 2,OPC-NPC-like 1 > AC progenitor-like 2,OPC-NPC-like,AC-gliosis-hypoxia
at4_1,"('OPC-NPC-like 1', 'AC progenitor-like 2')",0.9723756906077348,OPC-NPC-like 1,AC progenitor-like 2,OPC-NPC-like 1 > AC progenitor-like 2,OPC-NPC-like,AC-gliosis-hypoxia
at5_4,"('OPC-NPC-like 1', 'AC progenitor-like 2')",0.8695652173913043,OPC-NPC-like 1,AC progenitor-like 2,OPC-NPC-like 1 > AC progenitor-like 2,OPC-NPC-like,AC-gliosis-hypoxia
at15_3,"('OPC-NPC-like 1', 'AC progenitor-like 2')",0.9017094017094016,OPC-NPC-like 1,AC progenitor-like 2,OPC-NPC-like 1 > AC progenitor-like 2,OPC-NPC-like,AC-gliosis-hypoxia
at15_0,"('OPC-NPC-like 1', 'AC progenitor-like 2')",0.978021978021978,OPC-NPC-like 1,AC progenitor-like 2,OPC-NPC-like 1 > AC progenitor-like 2,OPC-NPC-like,AC-gliosis-hypoxia
at15_2,"('OPC-NPC-like 1', 'AC progenitor-like 2')",0.9829545454545454,OPC-NPC-like 1,AC progenitor-like 2,OPC-NPC-like 1 > AC progenitor-like 2,OPC-NPC-like,AC-gliosis-hypoxia
at15_6,"('OPC-NPC-like 1', 'AC progenitor-like 2')",0.974921630094044,OPC-NPC-like 1,AC progenitor-like 2,OPC-NPC-like 1 > AC progenitor-like 2,OPC-NPC-like,AC-gliosis-hypoxia
at4_0,"('OPC-NPC-like 1', 'AC progenitor-like 2')",0.9635284139100933,OPC-NPC-like 1,AC progenitor-like 2,OPC-NPC-like 1 > AC progenitor-like 2,OPC-NPC-like,AC-gliosis-hypoxia
at10_0,"('OPC-NPC-like 1', 'AC progenitor-like 2')",1.0,OPC-NPC-like 1,AC progenitor-like 2,OPC-NPC-like 1 > AC progenitor-like 2,OPC-NPC-like,AC-gliosis-hypoxia
at7_0,"('OPC-NPC-like 1', 'AC progenitor-like 2')",1.0,OPC-NPC-like 1,AC progenitor-like 2,OPC-NPC-like 1 > AC progenitor-like 2,OPC-NPC-like,AC-gliosis-hypoxia
at10_2,"('OPC-NPC-like 1', 'AC progenitor-like 2')",0.9517884914463453,OPC-NPC-like 1,AC progenitor-like 2,OPC-NPC-like 1 > AC progenitor-like 2,OPC-NPC-like,AC-gliosis-hypoxia
at13_0,"('OPC-NPC-like 1', 'AC progenitor-like 2')",0.072289156626506,OPC-NPC-like 1,AC progenitor-like 2,OPC-NPC-like 1 > AC progenitor-like 2,OPC-NPC-like,AC-gliosis-hypoxia
at15_4,"('OPC-NPC-like 1', 'AC progenitor-like 2')",0.95873786407767,OPC-NPC-like 1,AC progenitor-like 2,OPC-NPC-like 1 > AC progenitor-like 2,OPC-NPC-like,AC-gliosis-hypoxia
at10_1,"('OPC-NPC-like 1', 'AC progenitor-like 2')",0.987624750499002,OPC-NPC-like 1,AC progenitor-like 2,OPC-NPC-like 1 > AC progenitor-like 2,OPC-NPC-like,AC-gliosis-hypoxia
at3_3,"('OPC-NPC-like 1', 'AC progenitor-like 2')",0.8285714285714286,OPC-NPC-like 1,AC progenitor-like 2,OPC-NPC-like 1 > AC progenitor-like 2,OPC-NPC-like,AC-gliosis-hypoxia
at9_2,"('OPC-NPC-like 1', 'AC progenitor-like 2')",0.980319803198032,OPC-NPC-like 1,AC progenitor-like 2,OPC-NPC-like 1 > AC progenitor-like 2,OPC-NPC-like,AC-gliosis-hypoxia
at9_0,"('OPC-NPC-like 1', 'AC progenitor-like 2')",0.0764063811922754,OPC-NPC-like 1,AC progenitor-like 2,OPC-NPC-like 1 > AC progenitor-like 2,OPC-NPC-like,AC-gliosis-hypoxia
at6_0,"('OPC-NPC-like 1', 'AC progenitor-like 2')",0.9375,OPC-NPC-like 1,AC progenitor-like 2,OPC-NPC-like 1 > AC progenitor-like 2,OPC-NPC-like,AC-gliosis-hypoxia
at4_1,"('OPC-NPC-like 1', 'AC progenitor-like 2')",0.9723756906077348,OPC-NPC-like 1,AC progenitor-like 2,OPC-NPC-like 1 > AC progenitor-like 2,OPC-NPC-like,AC-gliosis-hypoxia
at5_4,"('OPC-NPC-like 1', 'AC progenitor-like 2')",0.8695652173913043,OPC-NPC-like 1,AC progenitor-like 2,OPC-NPC-like 1 > AC progenitor-like 2,OPC-NPC-like,AC-gliosis-hypoxia
at15_3,"('OPC-NPC-like 1', 'AC progenitor-like 2')",0.9017094017094016,OPC-NPC-like 1,AC progenitor-like 2,OPC-NPC-like 1 > AC progenitor-like 2,OPC-NPC-like,AC-gliosis-hypoxia
at15_0,"('OPC-NPC-like 1', 'AC progenitor-like 2')",0.978021978021978,OPC-NPC-like 1,AC progenitor-like 2,OPC-NPC-like 1 > AC progenitor-like 2,OPC-NPC-like,AC-gliosis-hypoxia
at15_2,"('OPC-NPC-like 1', 'AC progenitor-like 2')",0.9829545454545454,OPC-NPC-like 1,AC progenitor-like 2,OPC-NPC-like 1 > AC progenitor-like 2,OPC-NPC-like,AC-gliosis-hypoxia
at15_6,"('OPC-NPC-like 1', 'AC progenitor-like 2')",0.974921630094044,OPC-NPC-like 1,AC progenitor-like 2,OPC-NPC-like 1 > AC progenitor-like 2,OPC-NPC-like,AC-gliosis-hypoxia
at4_0,"('OPC-NPC-like 1', 'AC progenitor-like 2')",0.9635284139100933,OPC-NPC-like 1,AC progenitor-like 2,OPC-NPC-like 1 > AC progenitor-like 2,OPC-NPC-like,AC-gliosis-hypoxia
at10_0,"('OPC-NPC-like 1', 'AC progenitor-like 2')",1.0,OPC-NPC-like 1,AC progenitor-like 2,OPC-NPC-like 1 > AC progenitor-like 2,OPC-NPC-like,AC-gliosis-hypoxia
at7_0,"('OPC-NPC-like 1', 'AC progenitor-like 2')",1.0,OPC-NPC-like 1,AC progenitor-like 2,OPC-NPC-like 1 > AC progenitor-like 2,OPC-NPC-like,AC-gliosis-hypoxia
at10_2,"('OPC-NPC-like 1', 'AC progenitor-like 2')",0.9517884914463453,OPC-NPC-like 1,AC progenitor-like 2,OPC-NPC-like 1 > AC progenitor-like 2,OPC-NPC-like,AC-gliosis-hypoxia
at13_0,"('OPC-NPC-like 1', 'AC progenitor-like 2')",0.072289156626506,OPC-NPC-like 1,AC progenitor-like 2,OPC-NPC-like 1 > AC progenitor-like 2,OPC-NPC-like,AC-gliosis-hypoxia
at15_4,"('OPC-NPC-like 1', 'AC progenitor-like 2')",0.95873786407767,OPC-NPC-like 1,AC progenitor-like 2,OPC-NPC-like 1 > AC progenitor-like 2,OPC-NPC-like,AC-gliosis-hypoxia
at10_1,"('OPC-NPC-like 1', 'AC progenitor-like 2')",0.987624750499002,OPC-NPC-like 1,AC progenitor-like 2,OPC-NPC-like 1 > AC progenitor-like 2,OPC-NPC-like,AC-gliosis-hypoxia
at3_3,"('OPC-NPC-like 1', 'AC progenitor-like 2')",0.8285714285714286,OPC-NPC-like 1,AC progenitor-like 2,OPC-NPC-like 1 > AC progenitor-like 2,OPC-NPC-like,AC-gliosis-hypoxia
at9_2,"('OPC-NPC-like 1', 'AC progenitor-like 2')",0.980319803198032,OPC-NPC-like 1,AC progenitor-like 2,OPC-NPC-like 1 > AC progenitor-like 2,OPC-NPC-like,AC-gliosis-hypoxia
at9_0,"('OPC-NPC-like 1', 'AC progenitor-like 2')",0.0764063811922754,OPC-NPC-like 1,AC progenitor-like 2,OPC-NPC-like 1 > AC progenitor-like 2,OPC-NPC-like,AC-gliosis-hypoxia
at6_0,"('NPC-neuronal-like 4', 'AC progenitor-like 2')",1.0,NPC-neuronal-like 4,AC progenitor-like 2,NPC-neuronal-like 4 > AC progenitor-like 2,Neuron-like,AC-gliosis-hypoxia
at4_1,"('NPC-neuronal-like 4', 'AC progenitor-like 2')",0.9116022099447514,NPC-neuronal-like 4,AC progenitor-like 2,NPC-neuronal-like 4 > AC progenitor-like 2,Neuron-like,AC-gliosis-hypoxia
at15_3,"('NPC-neuronal-like 4', 'AC progenitor-like 2')",0.0427350427350427,NPC-neuronal-like 4,AC progenitor-like 2,NPC-neuronal-like 4 > AC progenitor-like 2,Neuron-like,AC-gliosis-hypoxia
at15_0,"('NPC-neuronal-like 4', 'AC progenitor-like 2')",0.978021978021978,NPC-neuronal-like 4,AC progenitor-like 2,NPC-neuronal-like 4 > AC progenitor-like 2,Neuron-like,AC-gliosis-hypoxia
at15_2,"('NPC-neuronal-like 4', 'AC progenitor-like 2')",1.0,NPC-neuronal-like 4,AC progenitor-like 2,NPC-neuronal-like 4 > AC progenitor-like 2,Neuron-like,AC-gliosis-hypoxia
at15_6,"('NPC-neuronal-like 4', 'AC progenitor-like 2')",0.9780564263322884,NPC-neuronal-like 4,AC progenitor-like 2,NPC-neuronal-like 4 > AC progenitor-like 2,Neuron-like,AC-gliosis-hypoxia
at4_0,"('NPC-neuronal-like 4', 'AC progenitor-like 2')",0.8379983036471587,NPC-neuronal-like 4,AC progenitor-like 2,NPC-neuronal-like 4 > AC progenitor-like 2,Neuron-like,AC-gliosis-hypoxia
at10_0,"('NPC-neuronal-like 4', 'AC progenitor-like 2')",1.0,NPC-neuronal-like 4,AC progenitor-like 2,NPC-neuronal-like 4 > AC progenitor-like 2,Neuron-like,AC-gliosis-hypoxia
at10_2,"('NPC-neuronal-like 4', 'AC progenitor-like 2')",0.9191290824261276,NPC-neuronal-like 4,AC progenitor-like 2,NPC-neuronal-like 4 > AC progenitor-like 2,Neuron-like,AC-gliosis-hypoxia
at13_0,"('NPC-neuronal-like 4', 'AC progenitor-like 2')",0.072289156626506,NPC-neuronal-like 4,AC progenitor-like 2,NPC-neuronal-like 4 > AC progenitor-like 2,Neuron-like,AC-gliosis-hypoxia
at15_4,"('NPC-neuronal-like 4', 'AC progenitor-like 2')",0.9878640776699028,NPC-neuronal-like 4,AC progenitor-like 2,NPC-neuronal-like 4 > AC progenitor-like 2,Neuron-like,AC-gliosis-hypoxia
at10_1,"('NPC-neuronal-like 4', 'AC progenitor-like 2')",0.981636726546906,NPC-neuronal-like 4,AC progenitor-like 2,NPC-neuronal-like 4 > AC progenitor-like 2,Neuron-like,AC-gliosis-hypoxia
at3_3,"('NPC-neuronal-like 4', 'AC progenitor-like 2')",0.5714285714285714,NPC-neuronal-like 4,AC progenitor-like 2,NPC-neuronal-like 4 > AC progenitor-like 2,Neuron-like,AC-gliosis-hypoxia
at4_2,"('NPC-neuronal-like 4', 'AC progenitor-like 2')",0.966789667896679,NPC-neuronal-like 4,AC progenitor-like 2,NPC-neuronal-like 4 > AC progenitor-like 2,Neuron-like,AC-gliosis-hypoxia
at9_2,"('NPC-neuronal-like 4', 'AC progenitor-like 2')",0.4341943419434194,NPC-neuronal-like 4,AC progenitor-like 2,NPC-neuronal-like 4 > AC progenitor-like 2,Neuron-like,AC-gliosis-hypoxia
at9_0,"('NPC-neuronal-like 4', 'AC progenitor-like 2')",0.0764063811922754,NPC-neuronal-like 4,AC progenitor-like 2,NPC-neuronal-like 4 > AC progenitor-like 2,Neuron-like,AC-gliosis-hypoxia
at6_0,"('NPC-neuronal-like 4', 'AC progenitor-like 2')",1.0,NPC-neuronal-like 4,AC progenitor-like 2,NPC-neuronal-like 4 > AC progenitor-like 2,Neuron-like,AC-gliosis-hypoxia
at4_1,"('NPC-neuronal-like 4', 'AC progenitor-like 2')",0.9116022099447514,NPC-neuronal-like 4,AC progenitor-like 2,NPC-neuronal-like 4 > AC progenitor-like 2,Neuron-like,AC-gliosis-hypoxia
at15_3,"('NPC-neuronal-like 4', 'AC progenitor-like 2')",0.0427350427350427,NPC-neuronal-like 4,AC progenitor-like 2,NPC-neuronal-like 4 > AC progenitor-like 2,Neuron-like,AC-gliosis-hypoxia
at15_0,"('NPC-neuronal-like 4', 'AC progenitor-like 2')",0.978021978021978,NPC-neuronal-like 4,AC progenitor-like 2,NPC-neuronal-like 4 > AC progenitor-like 2,Neuron-like,AC-gliosis-hypoxia
at15_2,"('NPC-neuronal-like 4', 'AC progenitor-like 2')",1.0,NPC-neuronal-like 4,AC progenitor-like 2,NPC-neuronal-like 4 > AC progenitor-like 2,Neuron-like,AC-gliosis-hypoxia
at15_6,"('NPC-neuronal-like 4', 'AC progenitor-like 2')",0.9780564263322884,NPC-neuronal-like 4,AC progenitor-like 2,NPC-neuronal-like 4 > AC progenitor-like 2,Neuron-like,AC-gliosis-hypoxia
at4_0,"('NPC-neuronal-like 4', 'AC progenitor-like 2')",0.8379983036471587,NPC-neuronal-like 4,AC progenitor-like 2,NPC-neuronal-like 4 > AC progenitor-like 2,Neuron-like,AC-gliosis-hypoxia
at10_0,"('NPC-neuronal-like 4', 'AC progenitor-like 2')",1.0,NPC-neuronal-like 4,AC progenitor-like 2,NPC-neuronal-like 4 > AC progenitor-like 2,Neuron-like,AC-gliosis-hypoxia
at10_2,"('NPC-neuronal-like 4', 'AC progenitor-like 2')",0.9191290824261276,NPC-neuronal-like 4,AC progenitor-like 2,NPC-neuronal-like 4 > AC progenitor-like 2,Neuron-like,AC-gliosis-hypoxia
at13_0,"('NPC-neuronal-like 4', 'AC progenitor-like 2')",0.072289156626506,NPC-neuronal-like 4,AC progenitor-like 2,NPC-neuronal-like 4 > AC progenitor-like 2,Neuron-like,AC-gliosis-hypoxia
at15_4,"('NPC-neuronal-like 4', 'AC progenitor-like 2')",0.9878640776699028,NPC-neuronal-like 4,AC progenitor-like 2,NPC-neuronal-like 4 > AC progenitor-like 2,Neuron-like,AC-gliosis-hypoxia
at10_1,"('NPC-neuronal-like 4', 'AC progenitor-like 2')",0.981636726546906,NPC-neuronal-like 4,AC progenitor-like 2,NPC-neuronal-like 4 > AC progenitor-like 2,Neuron-like,AC-gliosis-hypoxia
at3_3,"('NPC-neuronal-like 4', 'AC progenitor-like 2')",0.5714285714285714,NPC-neuronal-like 4,AC progenitor-like 2,NPC-neuronal-like 4 > AC progenitor-like 2,Neuron-like,AC-gliosis-hypoxia
at4_2,"('NPC-neuronal-like 4', 'AC progenitor-like 2')",0.966789667896679,NPC-neuronal-like 4,AC progenitor-like 2,NPC-neuronal-like 4 > AC progenitor-like 2,Neuron-like,AC-gliosis-hypoxia
at9_2,"('NPC-neuronal-like 4', 'AC progenitor-like 2')",0.4341943419434194,NPC-neuronal-like 4,AC progenitor-like 2,NPC-neuronal-like 4 > AC progenitor-like 2,Neuron-like,AC-gliosis-hypoxia
at9_0,"('NPC-neuronal-like 4', 'AC progenitor-like 2')",0.0764063811922754,NPC-neuronal-like 4,AC progenitor-like 2,NPC-neuronal-like 4 > AC progenitor-like 2,Neuron-like,AC-gliosis-hypoxia
at6_0,"('NPC-neuronal-like 4', 'AC progenitor-like 2')",1.0,NPC-neuronal-like 4,AC progenitor-like 2,NPC-neuronal-like 4 > AC progenitor-like 2,Neuron-like,AC-gliosis-hypoxia
at4_1,"('NPC-neuronal-like 4', 'AC progenitor-like 2')",0.9116022099447514,NPC-neuronal-like 4,AC progenitor-like 2,NPC-neuronal-like 4 > AC progenitor-like 2,Neuron-like,AC-gliosis-hypoxia
at15_3,"('NPC-neuronal-like 4', 'AC progenitor-like 2')",0.0427350427350427,NPC-neuronal-like 4,AC progenitor-like 2,NPC-neuronal-like 4 > AC progenitor-like 2,Neuron-like,AC-gliosis-hypoxia
at15_0,"('NPC-neuronal-like 4', 'AC progenitor-like 2')",0.978021978021978,NPC-neuronal-like 4,AC progenitor-like 2,NPC-neuronal-like 4 > AC progenitor-like 2,Neuron-like,AC-gliosis-hypoxia
at15_2,"('NPC-neuronal-like 4', 'AC progenitor-like 2')",1.0,NPC-neuronal-like 4,AC progenitor-like 2,NPC-neuronal-like 4 > AC progenitor-like 2,Neuron-like,AC-gliosis-hypoxia
at15_6,"('NPC-neuronal-like 4', 'AC progenitor-like 2')",0.9780564263322884,NPC-neuronal-like 4,AC progenitor-like 2,NPC-neuronal-like 4 > AC progenitor-like 2,Neuron-like,AC-gliosis-hypoxia
at4_0,"('NPC-neuronal-like 4', 'AC progenitor-like 2')",0.8379983036471587,NPC-neuronal-like 4,AC progenitor-like 2,NPC-neuronal-like 4 > AC progenitor-like 2,Neuron-like,AC-gliosis-hypoxia
at10_0,"('NPC-neuronal-like 4', 'AC progenitor-like 2')",1.0,NPC-neuronal-like 4,AC progenitor-like 2,NPC-neuronal-like 4 > AC progenitor-like 2,Neuron-like,AC-gliosis-hypoxia
at10_2,"('NPC-neuronal-like 4', 'AC progenitor-like 2')",0.9191290824261276,NPC-neuronal-like 4,AC progenitor-like 2,NPC-neuronal-like 4 > AC progenitor-like 2,Neuron-like,AC-gliosis-hypoxia
at13_0,"('NPC-neuronal-like 4', 'AC progenitor-like 2')",0.072289156626506,NPC-neuronal-like 4,AC progenitor-like 2,NPC-neuronal-like 4 > AC progenitor-like 2,Neuron-like,AC-gliosis-hypoxia
at15_4,"('NPC-neuronal-like 4', 'AC progenitor-like 2')",0.9878640776699028,NPC-neuronal-like 4,AC progenitor-like 2,NPC-neuronal-like 4 > AC progenitor-like 2,Neuron-like,AC-gliosis-hypoxia
at10_1,"('NPC-neuronal-like 4', 'AC progenitor-like 2')",0.981636726546906,NPC-neuronal-like 4,AC progenitor-like 2,NPC-neuronal-like 4 > AC progenitor-like 2,Neuron-like,AC-gliosis-hypoxia
at3_3,"('NPC-neuronal-like 4', 'AC progenitor-like 2')",0.5714285714285714,NPC-neuronal-like 4,AC progenitor-like 2,NPC-neuronal-like 4 > AC progenitor-like 2,Neuron-like,AC-gliosis-hypoxia
at4_2,"('NPC-neuronal-like 4', 'AC progenitor-like 2')",0.966789667896679,NPC-neuronal-like 4,AC progenitor-like 2,NPC-neuronal-like 4 > AC progenitor-like 2,Neuron-like,AC-gliosis-hypoxia
at9_2,"('NPC-neuronal-like 4', 'AC progenitor-like 2')",0.4341943419434194,NPC-neuronal-like 4,AC progenitor-like 2,NPC-neuronal-like 4 > AC progenitor-like 2,Neuron-like,AC-gliosis-hypoxia
at9_0,"('NPC-neuronal-like 4', 'AC progenitor-like 2')",0.0764063811922754,NPC-neuronal-like 4,AC progenitor-like 2,NPC-neuronal-like 4 > AC progenitor-like 2,Neuron-like,AC-gliosis-hypoxia
at4_1,"('Hypoxic 1', 'AC progenitor-like 2')",0.8895027624309392,Hypoxic 1,AC progenitor-like 2,Hypoxic 1 > AC progenitor-like 2,AC-gliosis-hypoxia,AC-gliosis-hypoxia
at15_2,"('Hypoxic 1', 'AC progenitor-like 2')",0.1761363636363636,Hypoxic 1,AC progenitor-like 2,Hypoxic 1 > AC progenitor-like 2,AC-gliosis-hypoxia,AC-gliosis-hypoxia
at4_0,"('Hypoxic 1', 'AC progenitor-like 2')",0.8363019508057676,Hypoxic 1,AC progenitor-like 2,Hypoxic 1 > AC progenitor-like 2,AC-gliosis-hypoxia,AC-gliosis-hypoxia
at10_0,"('Hypoxic 1', 'AC progenitor-like 2')",0.986842105263158,Hypoxic 1,AC progenitor-like 2,Hypoxic 1 > AC progenitor-like 2,AC-gliosis-hypoxia,AC-gliosis-hypoxia
at7_0,"('Hypoxic 1', 'AC progenitor-like 2')",0.9158576051779936,Hypoxic 1,AC progenitor-like 2,Hypoxic 1 > AC progenitor-like 2,AC-gliosis-hypoxia,AC-gliosis-hypoxia
at10_2,"('Hypoxic 1', 'AC progenitor-like 2')",0.9393468118195956,Hypoxic 1,AC progenitor-like 2,Hypoxic 1 > AC progenitor-like 2,AC-gliosis-hypoxia,AC-gliosis-hypoxia
at13_0,"('Hypoxic 1', 'AC progenitor-like 2')",0.003012048192771,Hypoxic 1,AC progenitor-like 2,Hypoxic 1 > AC progenitor-like 2,AC-gliosis-hypoxia,AC-gliosis-hypoxia
at15_4,"('Hypoxic 1', 'AC progenitor-like 2')",0.0024271844660194,Hypoxic 1,AC progenitor-like 2,Hypoxic 1 > AC progenitor-like 2,AC-gliosis-hypoxia,AC-gliosis-hypoxia
at6_4,"('Hypoxic 1', 'AC progenitor-like 2')",1.0,Hypoxic 1,AC progenitor-like 2,Hypoxic 1 > AC progenitor-like 2,AC-gliosis-hypoxia,AC-gliosis-hypoxia
at10_1,"('Hypoxic 1', 'AC progenitor-like 2')",0.9760479041916168,Hypoxic 1,AC progenitor-like 2,Hypoxic 1 > AC progenitor-like 2,AC-gliosis-hypoxia,AC-gliosis-hypoxia
at6_5,"('Hypoxic 1', 'AC progenitor-like 2')",0.898989898989899,Hypoxic 1,AC progenitor-like 2,Hypoxic 1 > AC progenitor-like 2,AC-gliosis-hypoxia,AC-gliosis-hypoxia
at3_3,"('Hypoxic 1', 'AC progenitor-like 2')",0.9428571428571428,Hypoxic 1,AC progenitor-like 2,Hypoxic 1 > AC progenitor-like 2,AC-gliosis-hypoxia,AC-gliosis-hypoxia
at4_2,"('Hypoxic 1', 'AC progenitor-like 2')",0.918819188191882,Hypoxic 1,AC progenitor-like 2,Hypoxic 1 > AC progenitor-like 2,AC-gliosis-hypoxia,AC-gliosis-hypoxia
at9_2,"('Hypoxic 1', 'AC progenitor-like 2')",0.976629766297663,Hypoxic 1,AC progenitor-like 2,Hypoxic 1 > AC progenitor-like 2,AC-gliosis-hypoxia,AC-gliosis-hypoxia
at9_4,"('Hypoxic 1', 'AC progenitor-like 2')",0.0084033613445378,Hypoxic 1,AC progenitor-like 2,Hypoxic 1 > AC progenitor-like 2,AC-gliosis-hypoxia,AC-gliosis-hypoxia
at9_0,"('Hypoxic 1', 'AC progenitor-like 2')",0.0789252728799328,Hypoxic 1,AC progenitor-like 2,Hypoxic 1 > AC progenitor-like 2,AC-gliosis-hypoxia,AC-gliosis-hypoxia
at4_1,"('Hypoxic 1', 'AC progenitor-like 2')",0.8895027624309392,Hypoxic 1,AC progenitor-like 2,Hypoxic 1 > AC progenitor-like 2,AC-gliosis-hypoxia,AC-gliosis-hypoxia
at15_2,"('Hypoxic 1', 'AC progenitor-like 2')",0.1761363636363636,Hypoxic 1,AC progenitor-like 2,Hypoxic 1 > AC progenitor-like 2,AC-gliosis-hypoxia,AC-gliosis-hypoxia
at4_0,"('Hypoxic 1', 'AC progenitor-like 2')",0.8363019508057676,Hypoxic 1,AC progenitor-like 2,Hypoxic 1 > AC progenitor-like 2,AC-gliosis-hypoxia,AC-gliosis-hypoxia
at10_0,"('Hypoxic 1', 'AC progenitor-like 2')",0.986842105263158,Hypoxic 1,AC progenitor-like 2,Hypoxic 1 > AC progenitor-like 2,AC-gliosis-hypoxia,AC-gliosis-hypoxia
at7_0,"('Hypoxic 1', 'AC progenitor-like 2')",0.9158576051779936,Hypoxic 1,AC progenitor-like 2,Hypoxic 1 > AC progenitor-like 2,AC-gliosis-hypoxia,AC-gliosis-hypoxia
at10_2,"('Hypoxic 1', 'AC progenitor-like 2')",0.9393468118195956,Hypoxic 1,AC progenitor-like 2,Hypoxic 1 > AC progenitor-like 2,AC-gliosis-hypoxia,AC-gliosis-hypoxia
at13_0,"('Hypoxic 1', 'AC progenitor-like 2')",0.003012048192771,Hypoxic 1,AC progenitor-like 2,Hypoxic 1 > AC progenitor-like 2,AC-gliosis-hypoxia,AC-gliosis-hypoxia
at15_4,"('Hypoxic 1', 'AC progenitor-like 2')",0.0024271844660194,Hypoxic 1,AC progenitor-like 2,Hypoxic 1 > AC progenitor-like 2,AC-gliosis-hypoxia,AC-gliosis-hypoxia
at6_4,"('Hypoxic 1', 'AC progenitor-like 2')",1.0,Hypoxic 1,AC progenitor-like 2,Hypoxic 1 > AC progenitor-like 2,AC-gliosis-hypoxia,AC-gliosis-hypoxia
at10_1,"('Hypoxic 1', 'AC progenitor-like 2')",0.9760479041916168,Hypoxic 1,AC progenitor-like 2,Hypoxic 1 > AC progenitor-like 2,AC-gliosis-hypoxia,AC-gliosis-hypoxia
at6_5,"('Hypoxic 1', 'AC progenitor-like 2')",0.898989898989899,Hypoxic 1,AC progenitor-like 2,Hypoxic 1 > AC progenitor-like 2,AC-gliosis-hypoxia,AC-gliosis-hypoxia
at3_3,"('Hypoxic 1', 'AC progenitor-like 2')",0.9428571428571428,Hypoxic 1,AC progenitor-like 2,Hypoxic 1 > AC progenitor-like 2,AC-gliosis-hypoxia,AC-gliosis-hypoxia
at4_2,"('Hypoxic 1', 'AC progenitor-like 2')",0.918819188191882,Hypoxic 1,AC progenitor-like 2,Hypoxic 1 > AC progenitor-like 2,AC-gliosis-hypoxia,AC-gliosis-hypoxia
at9_2,"('Hypoxic 1', 'AC progenitor-like 2')",0.976629766297663,Hypoxic 1,AC progenitor-like 2,Hypoxic 1 > AC progenitor-like 2,AC-gliosis-hypoxia,AC-gliosis-hypoxia
at9_4,"('Hypoxic 1', 'AC progenitor-like 2')",0.0084033613445378,Hypoxic 1,AC progenitor-like 2,Hypoxic 1 > AC progenitor-like 2,AC-gliosis-hypoxia,AC-gliosis-hypoxia
at9_0,"('Hypoxic 1', 'AC progenitor-like 2')",0.0789252728799328,Hypoxic 1,AC progenitor-like 2,Hypoxic 1 > AC progenitor-like 2,AC-gliosis-hypoxia,AC-gliosis-hypoxia
at4_1,"('Hypoxic 1', 'AC progenitor-like 2')",0.8895027624309392,Hypoxic 1,AC progenitor-like 2,Hypoxic 1 > AC progenitor-like 2,AC-gliosis-hypoxia,AC-gliosis-hypoxia
at15_2,"('Hypoxic 1', 'AC progenitor-like 2')",0.1761363636363636,Hypoxic 1,AC progenitor-like 2,Hypoxic 1 > AC progenitor-like 2,AC-gliosis-hypoxia,AC-gliosis-hypoxia
at4_0,"('Hypoxic 1', 'AC progenitor-like 2')",0.8363019508057676,Hypoxic 1,AC progenitor-like 2,Hypoxic 1 > AC progenitor-like 2,AC-gliosis-hypoxia,AC-gliosis-hypoxia
at10_0,"('Hypoxic 1', 'AC progenitor-like 2')",0.986842105263158,Hypoxic 1,AC progenitor-like 2,Hypoxic 1 > AC progenitor-like 2,AC-gliosis-hypoxia,AC-gliosis-hypoxia
at7_0,"('Hypoxic 1', 'AC progenitor-like 2')",0.9158576051779936,Hypoxic 1,AC progenitor-like 2,Hypoxic 1 > AC progenitor-like 2,AC-gliosis-hypoxia,AC-gliosis-hypoxia
at10_2,"('Hypoxic 1', 'AC progenitor-like 2')",0.9393468118195956,Hypoxic 1,AC progenitor-like 2,Hypoxic 1 > AC progenitor-like 2,AC-gliosis-hypoxia,AC-gliosis-hypoxia
at13_0,"('Hypoxic 1', 'AC progenitor-like 2')",0.003012048192771,Hypoxic 1,AC progenitor-like 2,Hypoxic 1 > AC progenitor-like 2,AC-gliosis-hypoxia,AC-gliosis-hypoxia
at15_4,"('Hypoxic 1', 'AC progenitor-like 2')",0.0024271844660194,Hypoxic 1,AC progenitor-like 2,Hypoxic 1 > AC progenitor-like 2,AC-gliosis-hypoxia,AC-gliosis-hypoxia
at6_4,"('Hypoxic 1', 'AC progenitor-like 2')",1.0,Hypoxic 1,AC progenitor-like 2,Hypoxic 1 > AC progenitor-like 2,AC-gliosis-hypoxia,AC-gliosis-hypoxia
at10_1,"('Hypoxic 1', 'AC progenitor-like 2')",0.9760479041916168,Hypoxic 1,AC progenitor-like 2,Hypoxic 1 > AC progenitor-like 2,AC-gliosis-hypoxia,AC-gliosis-hypoxia
at6_5,"('Hypoxic 1', 'AC progenitor-like 2')",0.898989898989899,Hypoxic 1,AC progenitor-like 2,Hypoxic 1 > AC progenitor-like 2,AC-gliosis-hypoxia,AC-gliosis-hypoxia
at3_3,"('Hypoxic 1', 'AC progenitor-like 2')",0.9428571428571428,Hypoxic 1,AC progenitor-like 2,Hypoxic 1 > AC progenitor-like 2,AC-gliosis-hypoxia,AC-gliosis-hypoxia
at4_2,"('Hypoxic 1', 'AC progenitor-like 2')",0.918819188191882,Hypoxic 1,AC progenitor-like 2,Hypoxic 1 > AC progenitor-like 2,AC-gliosis-hypoxia,AC-gliosis-hypoxia
at9_2,"('Hypoxic 1', 'AC progenitor-like 2')",0.976629766297663,Hypoxic 1,AC progenitor-like 2,Hypoxic 1 > AC progenitor-like 2,AC-gliosis-hypoxia,AC-gliosis-hypoxia
at9_4,"('Hypoxic 1', 'AC progenitor-like 2')",0.0084033613445378,Hypoxic 1,AC progenitor-like 2,Hypoxic 1 > AC progenitor-like 2,AC-gliosis-hypoxia,AC-gliosis-hypoxia
at9_0,"('Hypoxic 1', 'AC progenitor-like 2')",0.0789252728799328,Hypoxic 1,AC progenitor-like 2,Hypoxic 1 > AC progenitor-like 2,AC-gliosis-hypoxia,AC-gliosis-hypoxia
at4_1,"('Hypoxic 1', 'AC progenitor-like 2')",0.8895027624309392,Hypoxic 1,AC progenitor-like 2,Hypoxic 1 > AC progenitor-like 2,AC-gliosis-hypoxia,AC-gliosis-hypoxia
at15_2,"('Hypoxic 1', 'AC progenitor-like 2')",0.1761363636363636,Hypoxic 1,AC progenitor-like 2,Hypoxic 1 > AC progenitor-like 2,AC-gliosis-hypoxia,AC-gliosis-hypoxia
at4_0,"('Hypoxic 1', 'AC progenitor-like 2')",0.8363019508057676,Hypoxic 1,AC progenitor-like 2,Hypoxic 1 > AC progenitor-like 2,AC-gliosis-hypoxia,AC-gliosis-hypoxia
at10_0,"('Hypoxic 1', 'AC progenitor-like 2')",0.986842105263158,Hypoxic 1,AC progenitor-like 2,Hypoxic 1 > AC progenitor-like 2,AC-gliosis-hypoxia,AC-gliosis-hypoxia
at7_0,"('Hypoxic 1', 'AC progenitor-like 2')",0.9158576051779936,Hypoxic 1,AC progenitor-like 2,Hypoxic 1 > AC progenitor-like 2,AC-gliosis-hypoxia,AC-gliosis-hypoxia
at10_2,"('Hypoxic 1', 'AC progenitor-like 2')",0.9393468118195956,Hypoxic 1,AC progenitor-like 2,Hypoxic 1 > AC progenitor-like 2,AC-gliosis-hypoxia,AC-gliosis-hypoxia
at13_0,"('Hypoxic 1', 'AC progenitor-like 2')",0.003012048192771,Hypoxic 1,AC progenitor-like 2,Hypoxic 1 > AC progenitor-like 2,AC-gliosis-hypoxia,AC-gliosis-hypoxia
at15_4,"('Hypoxic 1', 'AC progenitor-like 2')",0.0024271844660194,Hypoxic 1,AC progenitor-like 2,Hypoxic 1 > AC progenitor-like 2,AC-gliosis-hypoxia,AC-gliosis-hypoxia
at6_4,"('Hypoxic 1', 'AC progenitor-like 2')",1.0,Hypoxic 1,AC progenitor-like 2,Hypoxic 1 > AC progenitor-like 2,AC-gliosis-hypoxia,AC-gliosis-hypoxia
at10_1,"('Hypoxic 1', 'AC progenitor-like 2')",0.9760479041916168,Hypoxic 1,AC progenitor-like 2,Hypoxic 1 > AC progenitor-like 2,AC-gliosis-hypoxia,AC-gliosis-hypoxia
at6_5,"('Hypoxic 1', 'AC progenitor-like 2')",0.898989898989899,Hypoxic 1,AC progenitor-like 2,Hypoxic 1 > AC progenitor-like 2,AC-gliosis-hypoxia,AC-gliosis-hypoxia
at3_3,"('Hypoxic 1', 'AC progenitor-like 2')",0.9428571428571428,Hypoxic 1,AC progenitor-like 2,Hypoxic 1 > AC progenitor-like 2,AC-gliosis-hypoxia,AC-gliosis-hypoxia
at4_2,"('Hypoxic 1', 'AC progenitor-like 2')",0.918819188191882,Hypoxic 1,AC progenitor-like 2,Hypoxic 1 > AC progenitor-like 2,AC-gliosis-hypoxia,AC-gliosis-hypoxia
at9_2,"('Hypoxic 1', 'AC progenitor-like 2')",0.976629766297663,Hypoxic 1,AC progenitor-like 2,Hypoxic 1 > AC progenitor-like 2,AC-gliosis-hypoxia,AC-gliosis-hypoxia
at9_4,"('Hypoxic 1', 'AC progenitor-like 2')",0.0084033613445378,Hypoxic 1,AC progenitor-like 2,Hypoxic 1 > AC progenitor-like 2,AC-gliosis-hypoxia,AC-gliosis-hypoxia
at9_0,"('Hypoxic 1', 'AC progenitor-like 2')",0.0789252728799328,Hypoxic 1,AC progenitor-like 2,Hypoxic 1 > AC progenitor-like 2,AC-gliosis-hypoxia,AC-gliosis-hypoxia
at4_1,"('Hypoxic 1', 'AC progenitor-like 2')",0.8895027624309392,Hypoxic 1,AC progenitor-like 2,Hypoxic 1 > AC progenitor-like 2,AC-gliosis-hypoxia,AC-gliosis-hypoxia
at15_2,"('Hypoxic 1', 'AC progenitor-like 2')",0.1761363636363636,Hypoxic 1,AC progenitor-like 2,Hypoxic 1 > AC progenitor-like 2,AC-gliosis-hypoxia,AC-gliosis-hypoxia
at4_0,"('Hypoxic 1', 'AC progenitor-like 2')",0.8363019508057676,Hypoxic 1,AC progenitor-like 2,Hypoxic 1 > AC progenitor-like 2,AC-gliosis-hypoxia,AC-gliosis-hypoxia
at10_0,"('Hypoxic 1', 'AC progenitor-like 2')",0.986842105263158,Hypoxic 1,AC progenitor-like 2,Hypoxic 1 > AC progenitor-like 2,AC-gliosis-hypoxia,AC-gliosis-hypoxia
at7_0,"('Hypoxic 1', 'AC progenitor-like 2')",0.9158576051779936,Hypoxic 1,AC progenitor-like 2,Hypoxic 1 > AC progenitor-like 2,AC-gliosis-hypoxia,AC-gliosis-hypoxia
at10_2,"('Hypoxic 1', 'AC progenitor-like 2')",0.9393468118195956,Hypoxic 1,AC progenitor-like 2,Hypoxic 1 > AC progenitor-like 2,AC-gliosis-hypoxia,AC-gliosis-hypoxia
at13_0,"('Hypoxic 1', 'AC progenitor-like 2')",0.003012048192771,Hypoxic 1,AC progenitor-like 2,Hypoxic 1 > AC progenitor-like 2,AC-gliosis-hypoxia,AC-gliosis-hypoxia
at15_4,"('Hypoxic 1', 'AC progenitor-like 2')",0.0024271844660194,Hypoxic 1,AC progenitor-like 2,Hypoxic 1 > AC progenitor-like 2,AC-gliosis-hypoxia,AC-gliosis-hypoxia
at6_4,"('Hypoxic 1', 'AC progenitor-like 2')",1.0,Hypoxic 1,AC progenitor-like 2,Hypoxic 1 > AC progenitor-like 2,AC-gliosis-hypoxia,AC-gliosis-hypoxia
at10_1,"('Hypoxic 1', 'AC progenitor-like 2')",0.9760479041916168,Hypoxic 1,AC progenitor-like 2,Hypoxic 1 > AC progenitor-like 2,AC-gliosis-hypoxia,AC-gliosis-hypoxia
at6_5,"('Hypoxic 1', 'AC progenitor-like 2')",0.898989898989899,Hypoxic 1,AC progenitor-like 2,Hypoxic 1 > AC progenitor-like 2,AC-gliosis-hypoxia,AC-gliosis-hypoxia
at3_3,"('Hypoxic 1', 'AC progenitor-like 2')",0.9428571428571428,Hypoxic 1,AC progenitor-like 2,Hypoxic 1 > AC progenitor-like 2,AC-gliosis-hypoxia,AC-gliosis-hypoxia
at4_2,"('Hypoxic 1', 'AC progenitor-like 2')",0.918819188191882,Hypoxic 1,AC progenitor-like 2,Hypoxic 1 > AC progenitor-like 2,AC-gliosis-hypoxia,AC-gliosis-hypoxia
at9_2,"('Hypoxic 1', 'AC progenitor-like 2')",0.976629766297663,Hypoxic 1,AC progenitor-like 2,Hypoxic 1 > AC progenitor-like 2,AC-gliosis-hypoxia,AC-gliosis-hypoxia
at9_4,"('Hypoxic 1', 'AC progenitor-like 2')",0.0084033613445378,Hypoxic 1,AC progenitor-like 2,Hypoxic 1 > AC progenitor-like 2,AC-gliosis-hypoxia,AC-gliosis-hypoxia
at9_0,"('Hypoxic 1', 'AC progenitor-like 2')",0.0789252728799328,Hypoxic 1,AC progenitor-like 2,Hypoxic 1 > AC progenitor-like 2,AC-gliosis-hypoxia,AC-gliosis-hypoxia
at4_1,"('Hypoxic 1', 'AC progenitor-like 2')",0.8895027624309392,Hypoxic 1,AC progenitor-like 2,Hypoxic 1 > AC progenitor-like 2,AC-gliosis-hypoxia,AC-gliosis-hypoxia
at15_2,"('Hypoxic 1', 'AC progenitor-like 2')",0.1761363636363636,Hypoxic 1,AC progenitor-like 2,Hypoxic 1 > AC progenitor-like 2,AC-gliosis-hypoxia,AC-gliosis-hypoxia
at4_0,"('Hypoxic 1', 'AC progenitor-like 2')",0.8363019508057676,Hypoxic 1,AC progenitor-like 2,Hypoxic 1 > AC progenitor-like 2,AC-gliosis-hypoxia,AC-gliosis-hypoxia
at10_0,"('Hypoxic 1', 'AC progenitor-like 2')",0.986842105263158,Hypoxic 1,AC progenitor-like 2,Hypoxic 1 > AC progenitor-like 2,AC-gliosis-hypoxia,AC-gliosis-hypoxia
at7_0,"('Hypoxic 1', 'AC progenitor-like 2')",0.9158576051779936,Hypoxic 1,AC progenitor-like 2,Hypoxic 1 > AC progenitor-like 2,AC-gliosis-hypoxia,AC-gliosis-hypoxia
at10_2,"('Hypoxic 1', 'AC progenitor-like 2')",0.9393468118195956,Hypoxic 1,AC progenitor-like 2,Hypoxic 1 > AC progenitor-like 2,AC-gliosis-hypoxia,AC-gliosis-hypoxia
at13_0,"('Hypoxic 1', 'AC progenitor-like 2')",0.003012048192771,Hypoxic 1,AC progenitor-like 2,Hypoxic 1 > AC progenitor-like 2,AC-gliosis-hypoxia,AC-gliosis-hypoxia
at15_4,"('Hypoxic 1', 'AC progenitor-like 2')",0.0024271844660194,Hypoxic 1,AC progenitor-like 2,Hypoxic 1 > AC progenitor-like 2,AC-gliosis-hypoxia,AC-gliosis-hypoxia
at6_4,"('Hypoxic 1', 'AC progenitor-like 2')",1.0,Hypoxic 1,AC progenitor-like 2,Hypoxic 1 > AC progenitor-like 2,AC-gliosis-hypoxia,AC-gliosis-hypoxia
at10_1,"('Hypoxic 1', 'AC progenitor-like 2')",0.9760479041916168,Hypoxic 1,AC progenitor-like 2,Hypoxic 1 > AC progenitor-like 2,AC-gliosis-hypoxia,AC-gliosis-hypoxia
at6_5,"('Hypoxic 1', 'AC progenitor-like 2')",0.898989898989899,Hypoxic 1,AC progenitor-like 2,Hypoxic 1 > AC progenitor-like 2,AC-gliosis-hypoxia,AC-gliosis-hypoxia
at3_3,"('Hypoxic 1', 'AC progenitor-like 2')",0.9428571428571428,Hypoxic 1,AC progenitor-like 2,Hypoxic 1 > AC progenitor-like 2,AC-gliosis-hypoxia,AC-gliosis-hypoxia
at4_2,"('Hypoxic 1', 'AC progenitor-like 2')",0.918819188191882,Hypoxic 1,AC progenitor-like 2,Hypoxic 1 > AC progenitor-like 2,AC-gliosis-hypoxia,AC-gliosis-hypoxia
at9_2,"('Hypoxic 1', 'AC progenitor-like 2')",0.976629766297663,Hypoxic 1,AC progenitor-like 2,Hypoxic 1 > AC progenitor-like 2,AC-gliosis-hypoxia,AC-gliosis-hypoxia
at9_4,"('Hypoxic 1', 'AC progenitor-like 2')",0.0084033613445378,Hypoxic 1,AC progenitor-like 2,Hypoxic 1 > AC progenitor-like 2,AC-gliosis-hypoxia,AC-gliosis-hypoxia
at9_0,"('Hypoxic 1', 'AC progenitor-like 2')",0.0789252728799328,Hypoxic 1,AC progenitor-like 2,Hypoxic 1 > AC progenitor-like 2,AC-gliosis-hypoxia,AC-gliosis-hypoxia
at4_1,"('Hypoxic 1', 'AC progenitor-like 2')",0.8895027624309392,Hypoxic 1,AC progenitor-like 2,Hypoxic 1 > AC progenitor-like 2,AC-gliosis-hypoxia,AC-gliosis-hypoxia
at15_2,"('Hypoxic 1', 'AC progenitor-like 2')",0.1761363636363636,Hypoxic 1,AC progenitor-like 2,Hypoxic 1 > AC progenitor-like 2,AC-gliosis-hypoxia,AC-gliosis-hypoxia
at4_0,"('Hypoxic 1', 'AC progenitor-like 2')",0.8363019508057676,Hypoxic 1,AC progenitor-like 2,Hypoxic 1 > AC progenitor-like 2,AC-gliosis-hypoxia,AC-gliosis-hypoxia
at10_0,"('Hypoxic 1', 'AC progenitor-like 2')",0.986842105263158,Hypoxic 1,AC progenitor-like 2,Hypoxic 1 > AC progenitor-like 2,AC-gliosis-hypoxia,AC-gliosis-hypoxia
at7_0,"('Hypoxic 1', 'AC progenitor-like 2')",0.9158576051779936,Hypoxic 1,AC progenitor-like 2,Hypoxic 1 > AC progenitor-like 2,AC-gliosis-hypoxia,AC-gliosis-hypoxia
at10_2,"('Hypoxic 1', 'AC progenitor-like 2')",0.9393468118195956,Hypoxic 1,AC progenitor-like 2,Hypoxic 1 > AC progenitor-like 2,AC-gliosis-hypoxia,AC-gliosis-hypoxia
at13_0,"('Hypoxic 1', 'AC progenitor-like 2')",0.003012048192771,Hypoxic 1,AC progenitor-like 2,Hypoxic 1 > AC progenitor-like 2,AC-gliosis-hypoxia,AC-gliosis-hypoxia
at15_4,"('Hypoxic 1', 'AC progenitor-like 2')",0.0024271844660194,Hypoxic 1,AC progenitor-like 2,Hypoxic 1 > AC progenitor-like 2,AC-gliosis-hypoxia,AC-gliosis-hypoxia
at6_4,"('Hypoxic 1', 'AC progenitor-like 2')",1.0,Hypoxic 1,AC progenitor-like 2,Hypoxic 1 > AC progenitor-like 2,AC-gliosis-hypoxia,AC-gliosis-hypoxia
at10_1,"('Hypoxic 1', 'AC progenitor-like 2')",0.9760479041916168,Hypoxic 1,AC progenitor-like 2,Hypoxic 1 > AC progenitor-like 2,AC-gliosis-hypoxia,AC-gliosis-hypoxia
at6_5,"('Hypoxic 1', 'AC progenitor-like 2')",0.898989898989899,Hypoxic 1,AC progenitor-like 2,Hypoxic 1 > AC progenitor-like 2,AC-gliosis-hypoxia,AC-gliosis-hypoxia
at3_3,"('Hypoxic 1', 'AC progenitor-like 2')",0.9428571428571428,Hypoxic 1,AC progenitor-like 2,Hypoxic 1 > AC progenitor-like 2,AC-gliosis-hypoxia,AC-gliosis-hypoxia
at4_2,"('Hypoxic 1', 'AC progenitor-like 2')",0.918819188191882,Hypoxic 1,AC progenitor-like 2,Hypoxic 1 > AC progenitor-like 2,AC-gliosis-hypoxia,AC-gliosis-hypoxia
at9_2,"('Hypoxic 1', 'AC progenitor-like 2')",0.976629766297663,Hypoxic 1,AC progenitor-like 2,Hypoxic 1 > AC progenitor-like 2,AC-gliosis-hypoxia,AC-gliosis-hypoxia
at9_4,"('Hypoxic 1', 'AC progenitor-like 2')",0.0084033613445378,Hypoxic 1,AC progenitor-like 2,Hypoxic 1 > AC progenitor-like 2,AC-gliosis-hypoxia,AC-gliosis-hypoxia
at9_0,"('Hypoxic 1', 'AC progenitor-like 2')",0.0789252728799328,Hypoxic 1,AC progenitor-like 2,Hypoxic 1 > AC progenitor-like 2,AC-gliosis-hypoxia,AC-gliosis-hypoxia
at4_1,"('Hypoxic 1', 'AC progenitor-like 2')",0.8895027624309392,Hypoxic 1,AC progenitor-like 2,Hypoxic 1 > AC progenitor-like 2,AC-gliosis-hypoxia,AC-gliosis-hypoxia
at15_2,"('Hypoxic 1', 'AC progenitor-like 2')",0.1761363636363636,Hypoxic 1,AC progenitor-like 2,Hypoxic 1 > AC progenitor-like 2,AC-gliosis-hypoxia,AC-gliosis-hypoxia
at4_0,"('Hypoxic 1', 'AC progenitor-like 2')",0.8363019508057676,Hypoxic 1,AC progenitor-like 2,Hypoxic 1 > AC progenitor-like 2,AC-gliosis-hypoxia,AC-gliosis-hypoxia
at10_0,"('Hypoxic 1', 'AC progenitor-like 2')",0.986842105263158,Hypoxic 1,AC progenitor-like 2,Hypoxic 1 > AC progenitor-like 2,AC-gliosis-hypoxia,AC-gliosis-hypoxia
at7_0,"('Hypoxic 1', 'AC progenitor-like 2')",0.9158576051779936,Hypoxic 1,AC progenitor-like 2,Hypoxic 1 > AC progenitor-like 2,AC-gliosis-hypoxia,AC-gliosis-hypoxia
at10_2,"('Hypoxic 1', 'AC progenitor-like 2')",0.9393468118195956,Hypoxic 1,AC progenitor-like 2,Hypoxic 1 > AC progenitor-like 2,AC-gliosis-hypoxia,AC-gliosis-hypoxia
at13_0,"('Hypoxic 1', 'AC progenitor-like 2')",0.003012048192771,Hypoxic 1,AC progenitor-like 2,Hypoxic 1 > AC progenitor-like 2,AC-gliosis-hypoxia,AC-gliosis-hypoxia
at15_4,"('Hypoxic 1', 'AC progenitor-like 2')",0.0024271844660194,Hypoxic 1,AC progenitor-like 2,Hypoxic 1 > AC progenitor-like 2,AC-gliosis-hypoxia,AC-gliosis-hypoxia
at6_4,"('Hypoxic 1', 'AC progenitor-like 2')",1.0,Hypoxic 1,AC progenitor-like 2,Hypoxic 1 > AC progenitor-like 2,AC-gliosis-hypoxia,AC-gliosis-hypoxia
at10_1,"('Hypoxic 1', 'AC progenitor-like 2')",0.9760479041916168,Hypoxic 1,AC progenitor-like 2,Hypoxic 1 > AC progenitor-like 2,AC-gliosis-hypoxia,AC-gliosis-hypoxia
at6_5,"('Hypoxic 1', 'AC progenitor-like 2')",0.898989898989899,Hypoxic 1,AC progenitor-like 2,Hypoxic 1 > AC progenitor-like 2,AC-gliosis-hypoxia,AC-gliosis-hypoxia
at3_3,"('Hypoxic 1', 'AC progenitor-like 2')",0.9428571428571428,Hypoxic 1,AC progenitor-like 2,Hypoxic 1 > AC progenitor-like 2,AC-gliosis-hypoxia,AC-gliosis-hypoxia
at4_2,"('Hypoxic 1', 'AC progenitor-like 2')",0.918819188191882,Hypoxic 1,AC progenitor-like 2,Hypoxic 1 > AC progenitor-like 2,AC-gliosis-hypoxia,AC-gliosis-hypoxia
at9_2,"('Hypoxic 1', 'AC progenitor-like 2')",0.976629766297663,Hypoxic 1,AC progenitor-like 2,Hypoxic 1 > AC progenitor-like 2,AC-gliosis-hypoxia,AC-gliosis-hypoxia
at9_4,"('Hypoxic 1', 'AC progenitor-like 2')",0.0084033613445378,Hypoxic 1,AC progenitor-like 2,Hypoxic 1 > AC progenitor-like 2,AC-gliosis-hypoxia,AC-gliosis-hypoxia
at9_0,"('Hypoxic 1', 'AC progenitor-like 2')",0.0789252728799328,Hypoxic 1,AC progenitor-like 2,Hypoxic 1 > AC progenitor-like 2,AC-gliosis-hypoxia,AC-gliosis-hypoxia
at4_1,"('Hypoxic 1', 'AC progenitor-like 2')",0.8895027624309392,Hypoxic 1,AC progenitor-like 2,Hypoxic 1 > AC progenitor-like 2,AC-gliosis-hypoxia,AC-gliosis-hypoxia
at15_2,"('Hypoxic 1', 'AC progenitor-like 2')",0.1761363636363636,Hypoxic 1,AC progenitor-like 2,Hypoxic 1 > AC progenitor-like 2,AC-gliosis-hypoxia,AC-gliosis-hypoxia
at4_0,"('Hypoxic 1', 'AC progenitor-like 2')",0.8363019508057676,Hypoxic 1,AC progenitor-like 2,Hypoxic 1 > AC progenitor-like 2,AC-gliosis-hypoxia,AC-gliosis-hypoxia
at10_0,"('Hypoxic 1', 'AC progenitor-like 2')",0.986842105263158,Hypoxic 1,AC progenitor-like 2,Hypoxic 1 > AC progenitor-like 2,AC-gliosis-hypoxia,AC-gliosis-hypoxia
at7_0,"('Hypoxic 1', 'AC progenitor-like 2')",0.9158576051779936,Hypoxic 1,AC progenitor-like 2,Hypoxic 1 > AC progenitor-like 2,AC-gliosis-hypoxia,AC-gliosis-hypoxia
at10_2,"('Hypoxic 1', 'AC progenitor-like 2')",0.9393468118195956,Hypoxic 1,AC progenitor-like 2,Hypoxic 1 > AC progenitor-like 2,AC-gliosis-hypoxia,AC-gliosis-hypoxia
at13_0,"('Hypoxic 1', 'AC progenitor-like 2')",0.003012048192771,Hypoxic 1,AC progenitor-like 2,Hypoxic 1 > AC progenitor-like 2,AC-gliosis-hypoxia,AC-gliosis-hypoxia
at15_4,"('Hypoxic 1', 'AC progenitor-like 2')",0.0024271844660194,Hypoxic 1,AC progenitor-like 2,Hypoxic 1 > AC progenitor-like 2,AC-gliosis-hypoxia,AC-gliosis-hypoxia
at6_4,"('Hypoxic 1', 'AC progenitor-like 2')",1.0,Hypoxic 1,AC progenitor-like 2,Hypoxic 1 > AC progenitor-like 2,AC-gliosis-hypoxia,AC-gliosis-hypoxia
at10_1,"('Hypoxic 1', 'AC progenitor-like 2')",0.9760479041916168,Hypoxic 1,AC progenitor-like 2,Hypoxic 1 > AC progenitor-like 2,AC-gliosis-hypoxia,AC-gliosis-hypoxia
at6_5,"('Hypoxic 1', 'AC progenitor-like 2')",0.898989898989899,Hypoxic 1,AC progenitor-like 2,Hypoxic 1 > AC progenitor-like 2,AC-gliosis-hypoxia,AC-gliosis-hypoxia
at3_3,"('Hypoxic 1', 'AC progenitor-like 2')",0.9428571428571428,Hypoxic 1,AC progenitor-like 2,Hypoxic 1 > AC progenitor-like 2,AC-gliosis-hypoxia,AC-gliosis-hypoxia
at4_2,"('Hypoxic 1', 'AC progenitor-like 2')",0.918819188191882,Hypoxic 1,AC progenitor-like 2,Hypoxic 1 > AC progenitor-like 2,AC-gliosis-hypoxia,AC-gliosis-hypoxia
at9_2,"('Hypoxic 1', 'AC progenitor-like 2')",0.976629766297663,Hypoxic 1,AC progenitor-like 2,Hypoxic 1 > AC progenitor-like 2,AC-gliosis-hypoxia,AC-gliosis-hypoxia
at9_4,"('Hypoxic 1', 'AC progenitor-like 2')",0.0084033613445378,Hypoxic 1,AC progenitor-like 2,Hypoxic 1 > AC progenitor-like 2,AC-gliosis-hypoxia,AC-gliosis-hypoxia
at9_0,"('Hypoxic 1', 'AC progenitor-like 2')",0.0789252728799328,Hypoxic 1,AC progenitor-like 2,Hypoxic 1 > AC progenitor-like 2,AC-gliosis-hypoxia,AC-gliosis-hypoxia
at4_1,"('Hypoxic 1', 'AC progenitor-like 2')",0.8895027624309392,Hypoxic 1,AC progenitor-like 2,Hypoxic 1 > AC progenitor-like 2,AC-gliosis-hypoxia,AC-gliosis-hypoxia
at15_2,"('Hypoxic 1', 'AC progenitor-like 2')",0.1761363636363636,Hypoxic 1,AC progenitor-like 2,Hypoxic 1 > AC progenitor-like 2,AC-gliosis-hypoxia,AC-gliosis-hypoxia
at4_0,"('Hypoxic 1', 'AC progenitor-like 2')",0.8363019508057676,Hypoxic 1,AC progenitor-like 2,Hypoxic 1 > AC progenitor-like 2,AC-gliosis-hypoxia,AC-gliosis-hypoxia
at10_0,"('Hypoxic 1', 'AC progenitor-like 2')",0.986842105263158,Hypoxic 1,AC progenitor-like 2,Hypoxic 1 > AC progenitor-like 2,AC-gliosis-hypoxia,AC-gliosis-hypoxia
at7_0,"('Hypoxic 1', 'AC progenitor-like 2')",0.9158576051779936,Hypoxic 1,AC progenitor-like 2,Hypoxic 1 > AC progenitor-like 2,AC-gliosis-hypoxia,AC-gliosis-hypoxia
at10_2,"('Hypoxic 1', 'AC progenitor-like 2')",0.9393468118195956,Hypoxic 1,AC progenitor-like 2,Hypoxic 1 > AC progenitor-like 2,AC-gliosis-hypoxia,AC-gliosis-hypoxia
at13_0,"('Hypoxic 1', 'AC progenitor-like 2')",0.003012048192771,Hypoxic 1,AC progenitor-like 2,Hypoxic 1 > AC progenitor-like 2,AC-gliosis-hypoxia,AC-gliosis-hypoxia
at15_4,"('Hypoxic 1', 'AC progenitor-like 2')",0.0024271844660194,Hypoxic 1,AC progenitor-like 2,Hypoxic 1 > AC progenitor-like 2,AC-gliosis-hypoxia,AC-gliosis-hypoxia
at6_4,"('Hypoxic 1', 'AC progenitor-like 2')",1.0,Hypoxic 1,AC progenitor-like 2,Hypoxic 1 > AC progenitor-like 2,AC-gliosis-hypoxia,AC-gliosis-hypoxia
at10_1,"('Hypoxic 1', 'AC progenitor-like 2')",0.9760479041916168,Hypoxic 1,AC progenitor-like 2,Hypoxic 1 > AC progenitor-like 2,AC-gliosis-hypoxia,AC-gliosis-hypoxia
at6_5,"('Hypoxic 1', 'AC progenitor-like 2')",0.898989898989899,Hypoxic 1,AC progenitor-like 2,Hypoxic 1 > AC progenitor-like 2,AC-gliosis-hypoxia,AC-gliosis-hypoxia
at3_3,"('Hypoxic 1', 'AC progenitor-like 2')",0.9428571428571428,Hypoxic 1,AC progenitor-like 2,Hypoxic 1 > AC progenitor-like 2,AC-gliosis-hypoxia,AC-gliosis-hypoxia
at4_2,"('Hypoxic 1', 'AC progenitor-like 2')",0.918819188191882,Hypoxic 1,AC progenitor-like 2,Hypoxic 1 > AC progenitor-like 2,AC-gliosis-hypoxia,AC-gliosis-hypoxia
at9_2,"('Hypoxic 1', 'AC progenitor-like 2')",0.976629766297663,Hypoxic 1,AC progenitor-like 2,Hypoxic 1 > AC progenitor-like 2,AC-gliosis-hypoxia,AC-gliosis-hypoxia
at9_4,"('Hypoxic 1', 'AC progenitor-like 2')",0.0084033613445378,Hypoxic 1,AC progenitor-like 2,Hypoxic 1 > AC progenitor-like 2,AC-gliosis-hypoxia,AC-gliosis-hypoxia
at9_0,"('Hypoxic 1', 'AC progenitor-like 2')",0.0789252728799328,Hypoxic 1,AC progenitor-like 2,Hypoxic 1 > AC progenitor-like 2,AC-gliosis-hypoxia,AC-gliosis-hypoxia
at4_1,"('Hypoxic 1', 'AC progenitor-like 2')",0.8895027624309392,Hypoxic 1,AC progenitor-like 2,Hypoxic 1 > AC progenitor-like 2,AC-gliosis-hypoxia,AC-gliosis-hypoxia
at15_2,"('Hypoxic 1', 'AC progenitor-like 2')",0.1761363636363636,Hypoxic 1,AC progenitor-like 2,Hypoxic 1 > AC progenitor-like 2,AC-gliosis-hypoxia,AC-gliosis-hypoxia
at4_0,"('Hypoxic 1', 'AC progenitor-like 2')",0.8363019508057676,Hypoxic 1,AC progenitor-like 2,Hypoxic 1 > AC progenitor-like 2,AC-gliosis-hypoxia,AC-gliosis-hypoxia
at10_0,"('Hypoxic 1', 'AC progenitor-like 2')",0.986842105263158,Hypoxic 1,AC progenitor-like 2,Hypoxic 1 > AC progenitor-like 2,AC-gliosis-hypoxia,AC-gliosis-hypoxia
at7_0,"('Hypoxic 1', 'AC progenitor-like 2')",0.9158576051779936,Hypoxic 1,AC progenitor-like 2,Hypoxic 1 > AC progenitor-like 2,AC-gliosis-hypoxia,AC-gliosis-hypoxia
at10_2,"('Hypoxic 1', 'AC progenitor-like 2')",0.9393468118195956,Hypoxic 1,AC progenitor-like 2,Hypoxic 1 > AC progenitor-like 2,AC-gliosis-hypoxia,AC-gliosis-hypoxia
at13_0,"('Hypoxic 1', 'AC progenitor-like 2')",0.003012048192771,Hypoxic 1,AC progenitor-like 2,Hypoxic 1 > AC progenitor-like 2,AC-gliosis-hypoxia,AC-gliosis-hypoxia
at15_4,"('Hypoxic 1', 'AC progenitor-like 2')",0.0024271844660194,Hypoxic 1,AC progenitor-like 2,Hypoxic 1 > AC progenitor-like 2,AC-gliosis-hypoxia,AC-gliosis-hypoxia
at6_4,"('Hypoxic 1', 'AC progenitor-like 2')",1.0,Hypoxic 1,AC progenitor-like 2,Hypoxic 1 > AC progenitor-like 2,AC-gliosis-hypoxia,AC-gliosis-hypoxia
at10_1,"('Hypoxic 1', 'AC progenitor-like 2')",0.9760479041916168,Hypoxic 1,AC progenitor-like 2,Hypoxic 1 > AC progenitor-like 2,AC-gliosis-hypoxia,AC-gliosis-hypoxia
at6_5,"('Hypoxic 1', 'AC progenitor-like 2')",0.898989898989899,Hypoxic 1,AC progenitor-like 2,Hypoxic 1 > AC progenitor-like 2,AC-gliosis-hypoxia,AC-gliosis-hypoxia
at3_3,"('Hypoxic 1', 'AC progenitor-like 2')",0.9428571428571428,Hypoxic 1,AC progenitor-like 2,Hypoxic 1 > AC progenitor-like 2,AC-gliosis-hypoxia,AC-gliosis-hypoxia
at4_2,"('Hypoxic 1', 'AC progenitor-like 2')",0.918819188191882,Hypoxic 1,AC progenitor-like 2,Hypoxic 1 > AC progenitor-like 2,AC-gliosis-hypoxia,AC-gliosis-hypoxia
at9_2,"('Hypoxic 1', 'AC progenitor-like 2')",0.976629766297663,Hypoxic 1,AC progenitor-like 2,Hypoxic 1 > AC progenitor-like 2,AC-gliosis-hypoxia,AC-gliosis-hypoxia
at9_4,"('Hypoxic 1', 'AC progenitor-like 2')",0.0084033613445378,Hypoxic 1,AC progenitor-like 2,Hypoxic 1 > AC progenitor-like 2,AC-gliosis-hypoxia,AC-gliosis-hypoxia
at9_0,"('Hypoxic 1', 'AC progenitor-like 2')",0.0789252728799328,Hypoxic 1,AC progenitor-like 2,Hypoxic 1 > AC progenitor-like 2,AC-gliosis-hypoxia,AC-gliosis-hypoxia
at4_1,"('Hypoxic 1', 'AC progenitor-like 2')",0.8895027624309392,Hypoxic 1,AC progenitor-like 2,Hypoxic 1 > AC progenitor-like 2,AC-gliosis-hypoxia,AC-gliosis-hypoxia
at15_2,"('Hypoxic 1', 'AC progenitor-like 2')",0.1761363636363636,Hypoxic 1,AC progenitor-like 2,Hypoxic 1 > AC progenitor-like 2,AC-gliosis-hypoxia,AC-gliosis-hypoxia
at4_0,"('Hypoxic 1', 'AC progenitor-like 2')",0.8363019508057676,Hypoxic 1,AC progenitor-like 2,Hypoxic 1 > AC progenitor-like 2,AC-gliosis-hypoxia,AC-gliosis-hypoxia
at10_0,"('Hypoxic 1', 'AC progenitor-like 2')",0.986842105263158,Hypoxic 1,AC progenitor-like 2,Hypoxic 1 > AC progenitor-like 2,AC-gliosis-hypoxia,AC-gliosis-hypoxia
at7_0,"('Hypoxic 1', 'AC progenitor-like 2')",0.9158576051779936,Hypoxic 1,AC progenitor-like 2,Hypoxic 1 > AC progenitor-like 2,AC-gliosis-hypoxia,AC-gliosis-hypoxia
at10_2,"('Hypoxic 1', 'AC progenitor-like 2')",0.9393468118195956,Hypoxic 1,AC progenitor-like 2,Hypoxic 1 > AC progenitor-like 2,AC-gliosis-hypoxia,AC-gliosis-hypoxia
at13_0,"('Hypoxic 1', 'AC progenitor-like 2')",0.003012048192771,Hypoxic 1,AC progenitor-like 2,Hypoxic 1 > AC progenitor-like 2,AC-gliosis-hypoxia,AC-gliosis-hypoxia
at15_4,"('Hypoxic 1', 'AC progenitor-like 2')",0.0024271844660194,Hypoxic 1,AC progenitor-like 2,Hypoxic 1 > AC progenitor-like 2,AC-gliosis-hypoxia,AC-gliosis-hypoxia
at6_4,"('Hypoxic 1', 'AC progenitor-like 2')",1.0,Hypoxic 1,AC progenitor-like 2,Hypoxic 1 > AC progenitor-like 2,AC-gliosis-hypoxia,AC-gliosis-hypoxia
at10_1,"('Hypoxic 1', 'AC progenitor-like 2')",0.9760479041916168,Hypoxic 1,AC progenitor-like 2,Hypoxic 1 > AC progenitor-like 2,AC-gliosis-hypoxia,AC-gliosis-hypoxia
at6_5,"('Hypoxic 1', 'AC progenitor-like 2')",0.898989898989899,Hypoxic 1,AC progenitor-like 2,Hypoxic 1 > AC progenitor-like 2,AC-gliosis-hypoxia,AC-gliosis-hypoxia
at3_3,"('Hypoxic 1', 'AC progenitor-like 2')",0.9428571428571428,Hypoxic 1,AC progenitor-like 2,Hypoxic 1 > AC progenitor-like 2,AC-gliosis-hypoxia,AC-gliosis-hypoxia
at4_2,"('Hypoxic 1', 'AC progenitor-like 2')",0.918819188191882,Hypoxic 1,AC progenitor-like 2,Hypoxic 1 > AC progenitor-like 2,AC-gliosis-hypoxia,AC-gliosis-hypoxia
at9_2,"('Hypoxic 1', 'AC progenitor-like 2')",0.976629766297663,Hypoxic 1,AC progenitor-like 2,Hypoxic 1 > AC progenitor-like 2,AC-gliosis-hypoxia,AC-gliosis-hypoxia
at9_4,"('Hypoxic 1', 'AC progenitor-like 2')",0.0084033613445378,Hypoxic 1,AC progenitor-like 2,Hypoxic 1 > AC progenitor-like 2,AC-gliosis-hypoxia,AC-gliosis-hypoxia
at9_0,"('Hypoxic 1', 'AC progenitor-like 2')",0.0789252728799328,Hypoxic 1,AC progenitor-like 2,Hypoxic 1 > AC progenitor-like 2,AC-gliosis-hypoxia,AC-gliosis-hypoxia
at4_1,"('Hypoxic 1', 'AC progenitor-like 2')",0.8895027624309392,Hypoxic 1,AC progenitor-like 2,Hypoxic 1 > AC progenitor-like 2,AC-gliosis-hypoxia,AC-gliosis-hypoxia
at15_2,"('Hypoxic 1', 'AC progenitor-like 2')",0.1761363636363636,Hypoxic 1,AC progenitor-like 2,Hypoxic 1 > AC progenitor-like 2,AC-gliosis-hypoxia,AC-gliosis-hypoxia
at4_0,"('Hypoxic 1', 'AC progenitor-like 2')",0.8363019508057676,Hypoxic 1,AC progenitor-like 2,Hypoxic 1 > AC progenitor-like 2,AC-gliosis-hypoxia,AC-gliosis-hypoxia
at10_0,"('Hypoxic 1', 'AC progenitor-like 2')",0.986842105263158,Hypoxic 1,AC progenitor-like 2,Hypoxic 1 > AC progenitor-like 2,AC-gliosis-hypoxia,AC-gliosis-hypoxia
at7_0,"('Hypoxic 1', 'AC progenitor-like 2')",0.9158576051779936,Hypoxic 1,AC progenitor-like 2,Hypoxic 1 > AC progenitor-like 2,AC-gliosis-hypoxia,AC-gliosis-hypoxia
at10_2,"('Hypoxic 1', 'AC progenitor-like 2')",0.9393468118195956,Hypoxic 1,AC progenitor-like 2,Hypoxic 1 > AC progenitor-like 2,AC-gliosis-hypoxia,AC-gliosis-hypoxia
at13_0,"('Hypoxic 1', 'AC progenitor-like 2')",0.003012048192771,Hypoxic 1,AC progenitor-like 2,Hypoxic 1 > AC progenitor-like 2,AC-gliosis-hypoxia,AC-gliosis-hypoxia
at15_4,"('Hypoxic 1', 'AC progenitor-like 2')",0.0024271844660194,Hypoxic 1,AC progenitor-like 2,Hypoxic 1 > AC progenitor-like 2,AC-gliosis-hypoxia,AC-gliosis-hypoxia
at6_4,"('Hypoxic 1', 'AC progenitor-like 2')",1.0,Hypoxic 1,AC progenitor-like 2,Hypoxic 1 > AC progenitor-like 2,AC-gliosis-hypoxia,AC-gliosis-hypoxia
at10_1,"('Hypoxic 1', 'AC progenitor-like 2')",0.9760479041916168,Hypoxic 1,AC progenitor-like 2,Hypoxic 1 > AC progenitor-like 2,AC-gliosis-hypoxia,AC-gliosis-hypoxia
at6_5,"('Hypoxic 1', 'AC progenitor-like 2')",0.898989898989899,Hypoxic 1,AC progenitor-like 2,Hypoxic 1 > AC progenitor-like 2,AC-gliosis-hypoxia,AC-gliosis-hypoxia
at3_3,"('Hypoxic 1', 'AC progenitor-like 2')",0.9428571428571428,Hypoxic 1,AC progenitor-like 2,Hypoxic 1 > AC progenitor-like 2,AC-gliosis-hypoxia,AC-gliosis-hypoxia
at4_2,"('Hypoxic 1', 'AC progenitor-like 2')",0.918819188191882,Hypoxic 1,AC progenitor-like 2,Hypoxic 1 > AC progenitor-like 2,AC-gliosis-hypoxia,AC-gliosis-hypoxia
at9_2,"('Hypoxic 1', 'AC progenitor-like 2')",0.976629766297663,Hypoxic 1,AC progenitor-like 2,Hypoxic 1 > AC progenitor-like 2,AC-gliosis-hypoxia,AC-gliosis-hypoxia
at9_4,"('Hypoxic 1', 'AC progenitor-like 2')",0.0084033613445378,Hypoxic 1,AC progenitor-like 2,Hypoxic 1 > AC progenitor-like 2,AC-gliosis-hypoxia,AC-gliosis-hypoxia
at9_0,"('Hypoxic 1', 'AC progenitor-like 2')",0.0789252728799328,Hypoxic 1,AC progenitor-like 2,Hypoxic 1 > AC progenitor-like 2,AC-gliosis-hypoxia,AC-gliosis-hypoxia
at4_1,"('Hypoxic 1', 'AC progenitor-like 2')",0.8895027624309392,Hypoxic 1,AC progenitor-like 2,Hypoxic 1 > AC progenitor-like 2,AC-gliosis-hypoxia,AC-gliosis-hypoxia
at15_2,"('Hypoxic 1', 'AC progenitor-like 2')",0.1761363636363636,Hypoxic 1,AC progenitor-like 2,Hypoxic 1 > AC progenitor-like 2,AC-gliosis-hypoxia,AC-gliosis-hypoxia
at4_0,"('Hypoxic 1', 'AC progenitor-like 2')",0.8363019508057676,Hypoxic 1,AC progenitor-like 2,Hypoxic 1 > AC progenitor-like 2,AC-gliosis-hypoxia,AC-gliosis-hypoxia
at10_0,"('Hypoxic 1', 'AC progenitor-like 2')",0.986842105263158,Hypoxic 1,AC progenitor-like 2,Hypoxic 1 > AC progenitor-like 2,AC-gliosis-hypoxia,AC-gliosis-hypoxia
at7_0,"('Hypoxic 1', 'AC progenitor-like 2')",0.9158576051779936,Hypoxic 1,AC progenitor-like 2,Hypoxic 1 > AC progenitor-like 2,AC-gliosis-hypoxia,AC-gliosis-hypoxia
at10_2,"('Hypoxic 1', 'AC progenitor-like 2')",0.9393468118195956,Hypoxic 1,AC progenitor-like 2,Hypoxic 1 > AC progenitor-like 2,AC-gliosis-hypoxia,AC-gliosis-hypoxia
at13_0,"('Hypoxic 1', 'AC progenitor-like 2')",0.003012048192771,Hypoxic 1,AC progenitor-like 2,Hypoxic 1 > AC progenitor-like 2,AC-gliosis-hypoxia,AC-gliosis-hypoxia
at15_4,"('Hypoxic 1', 'AC progenitor-like 2')",0.0024271844660194,Hypoxic 1,AC progenitor-like 2,Hypoxic 1 > AC progenitor-like 2,AC-gliosis-hypoxia,AC-gliosis-hypoxia
at6_4,"('Hypoxic 1', 'AC progenitor-like 2')",1.0,Hypoxic 1,AC progenitor-like 2,Hypoxic 1 > AC progenitor-like 2,AC-gliosis-hypoxia,AC-gliosis-hypoxia
at10_1,"('Hypoxic 1', 'AC progenitor-like 2')",0.9760479041916168,Hypoxic 1,AC progenitor-like 2,Hypoxic 1 > AC progenitor-like 2,AC-gliosis-hypoxia,AC-gliosis-hypoxia
at6_5,"('Hypoxic 1', 'AC progenitor-like 2')",0.898989898989899,Hypoxic 1,AC progenitor-like 2,Hypoxic 1 > AC progenitor-like 2,AC-gliosis-hypoxia,AC-gliosis-hypoxia
at3_3,"('Hypoxic 1', 'AC progenitor-like 2')",0.9428571428571428,Hypoxic 1,AC progenitor-like 2,Hypoxic 1 > AC progenitor-like 2,AC-gliosis-hypoxia,AC-gliosis-hypoxia
at4_2,"('Hypoxic 1', 'AC progenitor-like 2')",0.918819188191882,Hypoxic 1,AC progenitor-like 2,Hypoxic 1 > AC progenitor-like 2,AC-gliosis-hypoxia,AC-gliosis-hypoxia
at9_2,"('Hypoxic 1', 'AC progenitor-like 2')",0.976629766297663,Hypoxic 1,AC progenitor-like 2,Hypoxic 1 > AC progenitor-like 2,AC-gliosis-hypoxia,AC-gliosis-hypoxia
at9_4,"('Hypoxic 1', 'AC progenitor-like 2')",0.0084033613445378,Hypoxic 1,AC progenitor-like 2,Hypoxic 1 > AC progenitor-like 2,AC-gliosis-hypoxia,AC-gliosis-hypoxia
at9_0,"('Hypoxic 1', 'AC progenitor-like 2')",0.0789252728799328,Hypoxic 1,AC progenitor-like 2,Hypoxic 1 > AC progenitor-like 2,AC-gliosis-hypoxia,AC-gliosis-hypoxia
at4_1,"('Hypoxic 1', 'AC progenitor-like 2')",0.8895027624309392,Hypoxic 1,AC progenitor-like 2,Hypoxic 1 > AC progenitor-like 2,AC-gliosis-hypoxia,AC-gliosis-hypoxia
at15_2,"('Hypoxic 1', 'AC progenitor-like 2')",0.1761363636363636,Hypoxic 1,AC progenitor-like 2,Hypoxic 1 > AC progenitor-like 2,AC-gliosis-hypoxia,AC-gliosis-hypoxia
at4_0,"('Hypoxic 1', 'AC progenitor-like 2')",0.8363019508057676,Hypoxic 1,AC progenitor-like 2,Hypoxic 1 > AC progenitor-like 2,AC-gliosis-hypoxia,AC-gliosis-hypoxia
at10_0,"('Hypoxic 1', 'AC progenitor-like 2')",0.986842105263158,Hypoxic 1,AC progenitor-like 2,Hypoxic 1 > AC progenitor-like 2,AC-gliosis-hypoxia,AC-gliosis-hypoxia
at7_0,"('Hypoxic 1', 'AC progenitor-like 2')",0.9158576051779936,Hypoxic 1,AC progenitor-like 2,Hypoxic 1 > AC progenitor-like 2,AC-gliosis-hypoxia,AC-gliosis-hypoxia
at10_2,"('Hypoxic 1', 'AC progenitor-like 2')",0.9393468118195956,Hypoxic 1,AC progenitor-like 2,Hypoxic 1 > AC progenitor-like 2,AC-gliosis-hypoxia,AC-gliosis-hypoxia
at13_0,"('Hypoxic 1', 'AC progenitor-like 2')",0.003012048192771,Hypoxic 1,AC progenitor-like 2,Hypoxic 1 > AC progenitor-like 2,AC-gliosis-hypoxia,AC-gliosis-hypoxia
at15_4,"('Hypoxic 1', 'AC progenitor-like 2')",0.0024271844660194,Hypoxic 1,AC progenitor-like 2,Hypoxic 1 > AC progenitor-like 2,AC-gliosis-hypoxia,AC-gliosis-hypoxia
at6_4,"('Hypoxic 1', 'AC progenitor-like 2')",1.0,Hypoxic 1,AC progenitor-like 2,Hypoxic 1 > AC progenitor-like 2,AC-gliosis-hypoxia,AC-gliosis-hypoxia
at10_1,"('Hypoxic 1', 'AC progenitor-like 2')",0.9760479041916168,Hypoxic 1,AC progenitor-like 2,Hypoxic 1 > AC progenitor-like 2,AC-gliosis-hypoxia,AC-gliosis-hypoxia
at6_5,"('Hypoxic 1', 'AC progenitor-like 2')",0.898989898989899,Hypoxic 1,AC progenitor-like 2,Hypoxic 1 > AC progenitor-like 2,AC-gliosis-hypoxia,AC-gliosis-hypoxia
at3_3,"('Hypoxic 1', 'AC progenitor-like 2')",0.9428571428571428,Hypoxic 1,AC progenitor-like 2,Hypoxic 1 > AC progenitor-like 2,AC-gliosis-hypoxia,AC-gliosis-hypoxia
at4_2,"('Hypoxic 1', 'AC progenitor-like 2')",0.918819188191882,Hypoxic 1,AC progenitor-like 2,Hypoxic 1 > AC progenitor-like 2,AC-gliosis-hypoxia,AC-gliosis-hypoxia
at9_2,"('Hypoxic 1', 'AC progenitor-like 2')",0.976629766297663,Hypoxic 1,AC progenitor-like 2,Hypoxic 1 > AC progenitor-like 2,AC-gliosis-hypoxia,AC-gliosis-hypoxia
at9_4,"('Hypoxic 1', 'AC progenitor-like 2')",0.0084033613445378,Hypoxic 1,AC progenitor-like 2,Hypoxic 1 > AC progenitor-like 2,AC-gliosis-hypoxia,AC-gliosis-hypoxia
at9_0,"('Hypoxic 1', 'AC progenitor-like 2')",0.0789252728799328,Hypoxic 1,AC progenitor-like 2,Hypoxic 1 > AC progenitor-like 2,AC-gliosis-hypoxia,AC-gliosis-hypoxia
at4_1,"('Hypoxic 1', 'AC progenitor-like 2')",0.8895027624309392,Hypoxic 1,AC progenitor-like 2,Hypoxic 1 > AC progenitor-like 2,AC-gliosis-hypoxia,AC-gliosis-hypoxia
at15_2,"('Hypoxic 1', 'AC progenitor-like 2')",0.1761363636363636,Hypoxic 1,AC progenitor-like 2,Hypoxic 1 > AC progenitor-like 2,AC-gliosis-hypoxia,AC-gliosis-hypoxia
at4_0,"('Hypoxic 1', 'AC progenitor-like 2')",0.8363019508057676,Hypoxic 1,AC progenitor-like 2,Hypoxic 1 > AC progenitor-like 2,AC-gliosis-hypoxia,AC-gliosis-hypoxia
at10_0,"('Hypoxic 1', 'AC progenitor-like 2')",0.986842105263158,Hypoxic 1,AC progenitor-like 2,Hypoxic 1 > AC progenitor-like 2,AC-gliosis-hypoxia,AC-gliosis-hypoxia
at7_0,"('Hypoxic 1', 'AC progenitor-like 2')",0.9158576051779936,Hypoxic 1,AC progenitor-like 2,Hypoxic 1 > AC progenitor-like 2,AC-gliosis-hypoxia,AC-gliosis-hypoxia
at10_2,"('Hypoxic 1', 'AC progenitor-like 2')",0.9393468118195956,Hypoxic 1,AC progenitor-like 2,Hypoxic 1 > AC progenitor-like 2,AC-gliosis-hypoxia,AC-gliosis-hypoxia
at13_0,"('Hypoxic 1', 'AC progenitor-like 2')",0.003012048192771,Hypoxic 1,AC progenitor-like 2,Hypoxic 1 > AC progenitor-like 2,AC-gliosis-hypoxia,AC-gliosis-hypoxia
at15_4,"('Hypoxic 1', 'AC progenitor-like 2')",0.0024271844660194,Hypoxic 1,AC progenitor-like 2,Hypoxic 1 > AC progenitor-like 2,AC-gliosis-hypoxia,AC-gliosis-hypoxia
at6_4,"('Hypoxic 1', 'AC progenitor-like 2')",1.0,Hypoxic 1,AC progenitor-like 2,Hypoxic 1 > AC progenitor-like 2,AC-gliosis-hypoxia,AC-gliosis-hypoxia
at10_1,"('Hypoxic 1', 'AC progenitor-like 2')",0.9760479041916168,Hypoxic 1,AC progenitor-like 2,Hypoxic 1 > AC progenitor-like 2,AC-gliosis-hypoxia,AC-gliosis-hypoxia
at6_5,"('Hypoxic 1', 'AC progenitor-like 2')",0.898989898989899,Hypoxic 1,AC progenitor-like 2,Hypoxic 1 > AC progenitor-like 2,AC-gliosis-hypoxia,AC-gliosis-hypoxia
at3_3,"('Hypoxic 1', 'AC progenitor-like 2')",0.9428571428571428,Hypoxic 1,AC progenitor-like 2,Hypoxic 1 > AC progenitor-like 2,AC-gliosis-hypoxia,AC-gliosis-hypoxia
at4_2,"('Hypoxic 1', 'AC progenitor-like 2')",0.918819188191882,Hypoxic 1,AC progenitor-like 2,Hypoxic 1 > AC progenitor-like 2,AC-gliosis-hypoxia,AC-gliosis-hypoxia
at9_2,"('Hypoxic 1', 'AC progenitor-like 2')",0.976629766297663,Hypoxic 1,AC progenitor-like 2,Hypoxic 1 > AC progenitor-like 2,AC-gliosis-hypoxia,AC-gliosis-hypoxia
at9_4,"('Hypoxic 1', 'AC progenitor-like 2')",0.0084033613445378,Hypoxic 1,AC progenitor-like 2,Hypoxic 1 > AC progenitor-like 2,AC-gliosis-hypoxia,AC-gliosis-hypoxia
at9_0,"('Hypoxic 1', 'AC progenitor-like 2')",0.0789252728799328,Hypoxic 1,AC progenitor-like 2,Hypoxic 1 > AC progenitor-like 2,AC-gliosis-hypoxia,AC-gliosis-hypoxia
at6_0,"('OPC-like 2', 'AC progenitor-like 2')",0.9375,OPC-like 2,AC progenitor-like 2,OPC-like 2 > AC progenitor-like 2,OPC-NPC-like,AC-gliosis-hypoxia
at4_1,"('OPC-like 2', 'AC progenitor-like 2')",0.9723756906077348,OPC-like 2,AC progenitor-like 2,OPC-like 2 > AC progenitor-like 2,OPC-NPC-like,AC-gliosis-hypoxia
at5_4,"('OPC-like 2', 'AC progenitor-like 2')",0.8260869565217391,OPC-like 2,AC progenitor-like 2,OPC-like 2 > AC progenitor-like 2,OPC-NPC-like,AC-gliosis-hypoxia
at15_3,"('OPC-like 2', 'AC progenitor-like 2')",0.4230769230769231,OPC-like 2,AC progenitor-like 2,OPC-like 2 > AC progenitor-like 2,OPC-NPC-like,AC-gliosis-hypoxia
at15_0,"('OPC-like 2', 'AC progenitor-like 2')",0.8021978021978022,OPC-like 2,AC progenitor-like 2,OPC-like 2 > AC progenitor-like 2,OPC-NPC-like,AC-gliosis-hypoxia
at15_2,"('OPC-like 2', 'AC progenitor-like 2')",0.8011363636363636,OPC-like 2,AC progenitor-like 2,OPC-like 2 > AC progenitor-like 2,OPC-NPC-like,AC-gliosis-hypoxia
at15_6,"('OPC-like 2', 'AC progenitor-like 2')",0.6614420062695925,OPC-like 2,AC progenitor-like 2,OPC-like 2 > AC progenitor-like 2,OPC-NPC-like,AC-gliosis-hypoxia
at4_0,"('OPC-like 2', 'AC progenitor-like 2')",0.9635284139100933,OPC-like 2,AC progenitor-like 2,OPC-like 2 > AC progenitor-like 2,OPC-NPC-like,AC-gliosis-hypoxia
at10_0,"('OPC-like 2', 'AC progenitor-like 2')",1.0,OPC-like 2,AC progenitor-like 2,OPC-like 2 > AC progenitor-like 2,OPC-NPC-like,AC-gliosis-hypoxia
at7_0,"('OPC-like 2', 'AC progenitor-like 2')",0.9902912621359224,OPC-like 2,AC progenitor-like 2,OPC-like 2 > AC progenitor-like 2,OPC-NPC-like,AC-gliosis-hypoxia
at10_2,"('OPC-like 2', 'AC progenitor-like 2')",0.9471228615863142,OPC-like 2,AC progenitor-like 2,OPC-like 2 > AC progenitor-like 2,OPC-NPC-like,AC-gliosis-hypoxia
at13_0,"('OPC-like 2', 'AC progenitor-like 2')",0.072289156626506,OPC-like 2,AC progenitor-like 2,OPC-like 2 > AC progenitor-like 2,OPC-NPC-like,AC-gliosis-hypoxia
at15_4,"('OPC-like 2', 'AC progenitor-like 2')",0.9344660194174758,OPC-like 2,AC progenitor-like 2,OPC-like 2 > AC progenitor-like 2,OPC-NPC-like,AC-gliosis-hypoxia
at10_1,"('OPC-like 2', 'AC progenitor-like 2')",0.9860279441117764,OPC-like 2,AC progenitor-like 2,OPC-like 2 > AC progenitor-like 2,OPC-NPC-like,AC-gliosis-hypoxia
at3_3,"('OPC-like 2', 'AC progenitor-like 2')",0.8285714285714286,OPC-like 2,AC progenitor-like 2,OPC-like 2 > AC progenitor-like 2,OPC-NPC-like,AC-gliosis-hypoxia
at5_9,"('OPC-like 2', 'AC progenitor-like 2')",0.6111111111111112,OPC-like 2,AC progenitor-like 2,OPC-like 2 > AC progenitor-like 2,OPC-NPC-like,AC-gliosis-hypoxia
at9_2,"('OPC-like 2', 'AC progenitor-like 2')",0.974169741697417,OPC-like 2,AC progenitor-like 2,OPC-like 2 > AC progenitor-like 2,OPC-NPC-like,AC-gliosis-hypoxia
at9_0,"('OPC-like 2', 'AC progenitor-like 2')",0.0764063811922754,OPC-like 2,AC progenitor-like 2,OPC-like 2 > AC progenitor-like 2,OPC-NPC-like,AC-gliosis-hypoxia
at6_0,"('OPC-like 2', 'AC progenitor-like 2')",0.9375,OPC-like 2,AC progenitor-like 2,OPC-like 2 > AC progenitor-like 2,OPC-NPC-like,AC-gliosis-hypoxia
at4_1,"('OPC-like 2', 'AC progenitor-like 2')",0.9723756906077348,OPC-like 2,AC progenitor-like 2,OPC-like 2 > AC progenitor-like 2,OPC-NPC-like,AC-gliosis-hypoxia
at5_4,"('OPC-like 2', 'AC progenitor-like 2')",0.8260869565217391,OPC-like 2,AC progenitor-like 2,OPC-like 2 > AC progenitor-like 2,OPC-NPC-like,AC-gliosis-hypoxia
at15_3,"('OPC-like 2', 'AC progenitor-like 2')",0.4230769230769231,OPC-like 2,AC progenitor-like 2,OPC-like 2 > AC progenitor-like 2,OPC-NPC-like,AC-gliosis-hypoxia
at15_0,"('OPC-like 2', 'AC progenitor-like 2')",0.8021978021978022,OPC-like 2,AC progenitor-like 2,OPC-like 2 > AC progenitor-like 2,OPC-NPC-like,AC-gliosis-hypoxia
at15_2,"('OPC-like 2', 'AC progenitor-like 2')",0.8011363636363636,OPC-like 2,AC progenitor-like 2,OPC-like 2 > AC progenitor-like 2,OPC-NPC-like,AC-gliosis-hypoxia
at15_6,"('OPC-like 2', 'AC progenitor-like 2')",0.6614420062695925,OPC-like 2,AC progenitor-like 2,OPC-like 2 > AC progenitor-like 2,OPC-NPC-like,AC-gliosis-hypoxia
at4_0,"('OPC-like 2', 'AC progenitor-like 2')",0.9635284139100933,OPC-like 2,AC progenitor-like 2,OPC-like 2 > AC progenitor-like 2,OPC-NPC-like,AC-gliosis-hypoxia
at10_0,"('OPC-like 2', 'AC progenitor-like 2')",1.0,OPC-like 2,AC progenitor-like 2,OPC-like 2 > AC progenitor-like 2,OPC-NPC-like,AC-gliosis-hypoxia
at7_0,"('OPC-like 2', 'AC progenitor-like 2')",0.9902912621359224,OPC-like 2,AC progenitor-like 2,OPC-like 2 > AC progenitor-like 2,OPC-NPC-like,AC-gliosis-hypoxia
at10_2,"('OPC-like 2', 'AC progenitor-like 2')",0.9471228615863142,OPC-like 2,AC progenitor-like 2,OPC-like 2 > AC progenitor-like 2,OPC-NPC-like,AC-gliosis-hypoxia
at13_0,"('OPC-like 2', 'AC progenitor-like 2')",0.072289156626506,OPC-like 2,AC progenitor-like 2,OPC-like 2 > AC progenitor-like 2,OPC-NPC-like,AC-gliosis-hypoxia
at15_4,"('OPC-like 2', 'AC progenitor-like 2')",0.9344660194174758,OPC-like 2,AC progenitor-like 2,OPC-like 2 > AC progenitor-like 2,OPC-NPC-like,AC-gliosis-hypoxia
at10_1,"('OPC-like 2', 'AC progenitor-like 2')",0.9860279441117764,OPC-like 2,AC progenitor-like 2,OPC-like 2 > AC progenitor-like 2,OPC-NPC-like,AC-gliosis-hypoxia
at3_3,"('OPC-like 2', 'AC progenitor-like 2')",0.8285714285714286,OPC-like 2,AC progenitor-like 2,OPC-like 2 > AC progenitor-like 2,OPC-NPC-like,AC-gliosis-hypoxia
at5_9,"('OPC-like 2', 'AC progenitor-like 2')",0.6111111111111112,OPC-like 2,AC progenitor-like 2,OPC-like 2 > AC progenitor-like 2,OPC-NPC-like,AC-gliosis-hypoxia
at9_2,"('OPC-like 2', 'AC progenitor-like 2')",0.974169741697417,OPC-like 2,AC progenitor-like 2,OPC-like 2 > AC progenitor-like 2,OPC-NPC-like,AC-gliosis-hypoxia
at9_0,"('OPC-like 2', 'AC progenitor-like 2')",0.0764063811922754,OPC-like 2,AC progenitor-like 2,OPC-like 2 > AC progenitor-like 2,OPC-NPC-like,AC-gliosis-hypoxia
at6_0,"('OPC-like 2', 'AC progenitor-like 2')",0.9375,OPC-like 2,AC progenitor-like 2,OPC-like 2 > AC progenitor-like 2,OPC-NPC-like,AC-gliosis-hypoxia
at4_1,"('OPC-like 2', 'AC progenitor-like 2')",0.9723756906077348,OPC-like 2,AC progenitor-like 2,OPC-like 2 > AC progenitor-like 2,OPC-NPC-like,AC-gliosis-hypoxia
at5_4,"('OPC-like 2', 'AC progenitor-like 2')",0.8260869565217391,OPC-like 2,AC progenitor-like 2,OPC-like 2 > AC progenitor-like 2,OPC-NPC-like,AC-gliosis-hypoxia
at15_3,"('OPC-like 2', 'AC progenitor-like 2')",0.4230769230769231,OPC-like 2,AC progenitor-like 2,OPC-like 2 > AC progenitor-like 2,OPC-NPC-like,AC-gliosis-hypoxia
at15_0,"('OPC-like 2', 'AC progenitor-like 2')",0.8021978021978022,OPC-like 2,AC progenitor-like 2,OPC-like 2 > AC progenitor-like 2,OPC-NPC-like,AC-gliosis-hypoxia
at15_2,"('OPC-like 2', 'AC progenitor-like 2')",0.8011363636363636,OPC-like 2,AC progenitor-like 2,OPC-like 2 > AC progenitor-like 2,OPC-NPC-like,AC-gliosis-hypoxia
at15_6,"('OPC-like 2', 'AC progenitor-like 2')",0.6614420062695925,OPC-like 2,AC progenitor-like 2,OPC-like 2 > AC progenitor-like 2,OPC-NPC-like,AC-gliosis-hypoxia
at4_0,"('OPC-like 2', 'AC progenitor-like 2')",0.9635284139100933,OPC-like 2,AC progenitor-like 2,OPC-like 2 > AC progenitor-like 2,OPC-NPC-like,AC-gliosis-hypoxia
at10_0,"('OPC-like 2', 'AC progenitor-like 2')",1.0,OPC-like 2,AC progenitor-like 2,OPC-like 2 > AC progenitor-like 2,OPC-NPC-like,AC-gliosis-hypoxia
at7_0,"('OPC-like 2', 'AC progenitor-like 2')",0.9902912621359224,OPC-like 2,AC progenitor-like 2,OPC-like 2 > AC progenitor-like 2,OPC-NPC-like,AC-gliosis-hypoxia
at10_2,"('OPC-like 2', 'AC progenitor-like 2')",0.9471228615863142,OPC-like 2,AC progenitor-like 2,OPC-like 2 > AC progenitor-like 2,OPC-NPC-like,AC-gliosis-hypoxia
at13_0,"('OPC-like 2', 'AC progenitor-like 2')",0.072289156626506,OPC-like 2,AC progenitor-like 2,OPC-like 2 > AC progenitor-like 2,OPC-NPC-like,AC-gliosis-hypoxia
at15_4,"('OPC-like 2', 'AC progenitor-like 2')",0.9344660194174758,OPC-like 2,AC progenitor-like 2,OPC-like 2 > AC progenitor-like 2,OPC-NPC-like,AC-gliosis-hypoxia
at10_1,"('OPC-like 2', 'AC progenitor-like 2')",0.9860279441117764,OPC-like 2,AC progenitor-like 2,OPC-like 2 > AC progenitor-like 2,OPC-NPC-like,AC-gliosis-hypoxia
at3_3,"('OPC-like 2', 'AC progenitor-like 2')",0.8285714285714286,OPC-like 2,AC progenitor-like 2,OPC-like 2 > AC progenitor-like 2,OPC-NPC-like,AC-gliosis-hypoxia
at5_9,"('OPC-like 2', 'AC progenitor-like 2')",0.6111111111111112,OPC-like 2,AC progenitor-like 2,OPC-like 2 > AC progenitor-like 2,OPC-NPC-like,AC-gliosis-hypoxia
at9_2,"('OPC-like 2', 'AC progenitor-like 2')",0.974169741697417,OPC-like 2,AC progenitor-like 2,OPC-like 2 > AC progenitor-like 2,OPC-NPC-like,AC-gliosis-hypoxia
at9_0,"('OPC-like 2', 'AC progenitor-like 2')",0.0764063811922754,OPC-like 2,AC progenitor-like 2,OPC-like 2 > AC progenitor-like 2,OPC-NPC-like,AC-gliosis-hypoxia
at6_0,"('OPC-like 2', 'AC progenitor-like 2')",0.9375,OPC-like 2,AC progenitor-like 2,OPC-like 2 > AC progenitor-like 2,OPC-NPC-like,AC-gliosis-hypoxia
at4_1,"('OPC-like 2', 'AC progenitor-like 2')",0.9723756906077348,OPC-like 2,AC progenitor-like 2,OPC-like 2 > AC progenitor-like 2,OPC-NPC-like,AC-gliosis-hypoxia
at5_4,"('OPC-like 2', 'AC progenitor-like 2')",0.8260869565217391,OPC-like 2,AC progenitor-like 2,OPC-like 2 > AC progenitor-like 2,OPC-NPC-like,AC-gliosis-hypoxia
at15_3,"('OPC-like 2', 'AC progenitor-like 2')",0.4230769230769231,OPC-like 2,AC progenitor-like 2,OPC-like 2 > AC progenitor-like 2,OPC-NPC-like,AC-gliosis-hypoxia
at15_0,"('OPC-like 2', 'AC progenitor-like 2')",0.8021978021978022,OPC-like 2,AC progenitor-like 2,OPC-like 2 > AC progenitor-like 2,OPC-NPC-like,AC-gliosis-hypoxia
at15_2,"('OPC-like 2', 'AC progenitor-like 2')",0.8011363636363636,OPC-like 2,AC progenitor-like 2,OPC-like 2 > AC progenitor-like 2,OPC-NPC-like,AC-gliosis-hypoxia
at15_6,"('OPC-like 2', 'AC progenitor-like 2')",0.6614420062695925,OPC-like 2,AC progenitor-like 2,OPC-like 2 > AC progenitor-like 2,OPC-NPC-like,AC-gliosis-hypoxia
at4_0,"('OPC-like 2', 'AC progenitor-like 2')",0.9635284139100933,OPC-like 2,AC progenitor-like 2,OPC-like 2 > AC progenitor-like 2,OPC-NPC-like,AC-gliosis-hypoxia
at10_0,"('OPC-like 2', 'AC progenitor-like 2')",1.0,OPC-like 2,AC progenitor-like 2,OPC-like 2 > AC progenitor-like 2,OPC-NPC-like,AC-gliosis-hypoxia
at7_0,"('OPC-like 2', 'AC progenitor-like 2')",0.9902912621359224,OPC-like 2,AC progenitor-like 2,OPC-like 2 > AC progenitor-like 2,OPC-NPC-like,AC-gliosis-hypoxia
at10_2,"('OPC-like 2', 'AC progenitor-like 2')",0.9471228615863142,OPC-like 2,AC progenitor-like 2,OPC-like 2 > AC progenitor-like 2,OPC-NPC-like,AC-gliosis-hypoxia
at13_0,"('OPC-like 2', 'AC progenitor-like 2')",0.072289156626506,OPC-like 2,AC progenitor-like 2,OPC-like 2 > AC progenitor-like 2,OPC-NPC-like,AC-gliosis-hypoxia
at15_4,"('OPC-like 2', 'AC progenitor-like 2')",0.9344660194174758,OPC-like 2,AC progenitor-like 2,OPC-like 2 > AC progenitor-like 2,OPC-NPC-like,AC-gliosis-hypoxia
at10_1,"('OPC-like 2', 'AC progenitor-like 2')",0.9860279441117764,OPC-like 2,AC progenitor-like 2,OPC-like 2 > AC progenitor-like 2,OPC-NPC-like,AC-gliosis-hypoxia
at3_3,"('OPC-like 2', 'AC progenitor-like 2')",0.8285714285714286,OPC-like 2,AC progenitor-like 2,OPC-like 2 > AC progenitor-like 2,OPC-NPC-like,AC-gliosis-hypoxia
at5_9,"('OPC-like 2', 'AC progenitor-like 2')",0.6111111111111112,OPC-like 2,AC progenitor-like 2,OPC-like 2 > AC progenitor-like 2,OPC-NPC-like,AC-gliosis-hypoxia
at9_2,"('OPC-like 2', 'AC progenitor-like 2')",0.974169741697417,OPC-like 2,AC progenitor-like 2,OPC-like 2 > AC progenitor-like 2,OPC-NPC-like,AC-gliosis-hypoxia
at9_0,"('OPC-like 2', 'AC progenitor-like 2')",0.0764063811922754,OPC-like 2,AC progenitor-like 2,OPC-like 2 > AC progenitor-like 2,OPC-NPC-like,AC-gliosis-hypoxia
at6_0,"('OPC-like 2', 'AC progenitor-like 2')",0.9375,OPC-like 2,AC progenitor-like 2,OPC-like 2 > AC progenitor-like 2,OPC-NPC-like,AC-gliosis-hypoxia
at4_1,"('OPC-like 2', 'AC progenitor-like 2')",0.9723756906077348,OPC-like 2,AC progenitor-like 2,OPC-like 2 > AC progenitor-like 2,OPC-NPC-like,AC-gliosis-hypoxia
at5_4,"('OPC-like 2', 'AC progenitor-like 2')",0.8260869565217391,OPC-like 2,AC progenitor-like 2,OPC-like 2 > AC progenitor-like 2,OPC-NPC-like,AC-gliosis-hypoxia
at15_3,"('OPC-like 2', 'AC progenitor-like 2')",0.4230769230769231,OPC-like 2,AC progenitor-like 2,OPC-like 2 > AC progenitor-like 2,OPC-NPC-like,AC-gliosis-hypoxia
at15_0,"('OPC-like 2', 'AC progenitor-like 2')",0.8021978021978022,OPC-like 2,AC progenitor-like 2,OPC-like 2 > AC progenitor-like 2,OPC-NPC-like,AC-gliosis-hypoxia
at15_2,"('OPC-like 2', 'AC progenitor-like 2')",0.8011363636363636,OPC-like 2,AC progenitor-like 2,OPC-like 2 > AC progenitor-like 2,OPC-NPC-like,AC-gliosis-hypoxia
at15_6,"('OPC-like 2', 'AC progenitor-like 2')",0.6614420062695925,OPC-like 2,AC progenitor-like 2,OPC-like 2 > AC progenitor-like 2,OPC-NPC-like,AC-gliosis-hypoxia
at4_0,"('OPC-like 2', 'AC progenitor-like 2')",0.9635284139100933,OPC-like 2,AC progenitor-like 2,OPC-like 2 > AC progenitor-like 2,OPC-NPC-like,AC-gliosis-hypoxia
at10_0,"('OPC-like 2', 'AC progenitor-like 2')",1.0,OPC-like 2,AC progenitor-like 2,OPC-like 2 > AC progenitor-like 2,OPC-NPC-like,AC-gliosis-hypoxia
at7_0,"('OPC-like 2', 'AC progenitor-like 2')",0.9902912621359224,OPC-like 2,AC progenitor-like 2,OPC-like 2 > AC progenitor-like 2,OPC-NPC-like,AC-gliosis-hypoxia
at10_2,"('OPC-like 2', 'AC progenitor-like 2')",0.9471228615863142,OPC-like 2,AC progenitor-like 2,OPC-like 2 > AC progenitor-like 2,OPC-NPC-like,AC-gliosis-hypoxia
at13_0,"('OPC-like 2', 'AC progenitor-like 2')",0.072289156626506,OPC-like 2,AC progenitor-like 2,OPC-like 2 > AC progenitor-like 2,OPC-NPC-like,AC-gliosis-hypoxia
at15_4,"('OPC-like 2', 'AC progenitor-like 2')",0.9344660194174758,OPC-like 2,AC progenitor-like 2,OPC-like 2 > AC progenitor-like 2,OPC-NPC-like,AC-gliosis-hypoxia
at10_1,"('OPC-like 2', 'AC progenitor-like 2')",0.9860279441117764,OPC-like 2,AC progenitor-like 2,OPC-like 2 > AC progenitor-like 2,OPC-NPC-like,AC-gliosis-hypoxia
at3_3,"('OPC-like 2', 'AC progenitor-like 2')",0.8285714285714286,OPC-like 2,AC progenitor-like 2,OPC-like 2 > AC progenitor-like 2,OPC-NPC-like,AC-gliosis-hypoxia
at5_9,"('OPC-like 2', 'AC progenitor-like 2')",0.6111111111111112,OPC-like 2,AC progenitor-like 2,OPC-like 2 > AC progenitor-like 2,OPC-NPC-like,AC-gliosis-hypoxia
at9_2,"('OPC-like 2', 'AC progenitor-like 2')",0.974169741697417,OPC-like 2,AC progenitor-like 2,OPC-like 2 > AC progenitor-like 2,OPC-NPC-like,AC-gliosis-hypoxia
at9_0,"('OPC-like 2', 'AC progenitor-like 2')",0.0764063811922754,OPC-like 2,AC progenitor-like 2,OPC-like 2 > AC progenitor-like 2,OPC-NPC-like,AC-gliosis-hypoxia
at6_0,"('OPC-like 2', 'AC progenitor-like 2')",0.9375,OPC-like 2,AC progenitor-like 2,OPC-like 2 > AC progenitor-like 2,OPC-NPC-like,AC-gliosis-hypoxia
at4_1,"('OPC-like 2', 'AC progenitor-like 2')",0.9723756906077348,OPC-like 2,AC progenitor-like 2,OPC-like 2 > AC progenitor-like 2,OPC-NPC-like,AC-gliosis-hypoxia
at5_4,"('OPC-like 2', 'AC progenitor-like 2')",0.8260869565217391,OPC-like 2,AC progenitor-like 2,OPC-like 2 > AC progenitor-like 2,OPC-NPC-like,AC-gliosis-hypoxia
at15_3,"('OPC-like 2', 'AC progenitor-like 2')",0.4230769230769231,OPC-like 2,AC progenitor-like 2,OPC-like 2 > AC progenitor-like 2,OPC-NPC-like,AC-gliosis-hypoxia
at15_0,"('OPC-like 2', 'AC progenitor-like 2')",0.8021978021978022,OPC-like 2,AC progenitor-like 2,OPC-like 2 > AC progenitor-like 2,OPC-NPC-like,AC-gliosis-hypoxia
at15_2,"('OPC-like 2', 'AC progenitor-like 2')",0.8011363636363636,OPC-like 2,AC progenitor-like 2,OPC-like 2 > AC progenitor-like 2,OPC-NPC-like,AC-gliosis-hypoxia
at15_6,"('OPC-like 2', 'AC progenitor-like 2')",0.6614420062695925,OPC-like 2,AC progenitor-like 2,OPC-like 2 > AC progenitor-like 2,OPC-NPC-like,AC-gliosis-hypoxia
at4_0,"('OPC-like 2', 'AC progenitor-like 2')",0.9635284139100933,OPC-like 2,AC progenitor-like 2,OPC-like 2 > AC progenitor-like 2,OPC-NPC-like,AC-gliosis-hypoxia
at10_0,"('OPC-like 2', 'AC progenitor-like 2')",1.0,OPC-like 2,AC progenitor-like 2,OPC-like 2 > AC progenitor-like 2,OPC-NPC-like,AC-gliosis-hypoxia
at7_0,"('OPC-like 2', 'AC progenitor-like 2')",0.9902912621359224,OPC-like 2,AC progenitor-like 2,OPC-like 2 > AC progenitor-like 2,OPC-NPC-like,AC-gliosis-hypoxia
at10_2,"('OPC-like 2', 'AC progenitor-like 2')",0.9471228615863142,OPC-like 2,AC progenitor-like 2,OPC-like 2 > AC progenitor-like 2,OPC-NPC-like,AC-gliosis-hypoxia
at13_0,"('OPC-like 2', 'AC progenitor-like 2')",0.072289156626506,OPC-like 2,AC progenitor-like 2,OPC-like 2 > AC progenitor-like 2,OPC-NPC-like,AC-gliosis-hypoxia
at15_4,"('OPC-like 2', 'AC progenitor-like 2')",0.9344660194174758,OPC-like 2,AC progenitor-like 2,OPC-like 2 > AC progenitor-like 2,OPC-NPC-like,AC-gliosis-hypoxia
at10_1,"('OPC-like 2', 'AC progenitor-like 2')",0.9860279441117764,OPC-like 2,AC progenitor-like 2,OPC-like 2 > AC progenitor-like 2,OPC-NPC-like,AC-gliosis-hypoxia
at3_3,"('OPC-like 2', 'AC progenitor-like 2')",0.8285714285714286,OPC-like 2,AC progenitor-like 2,OPC-like 2 > AC progenitor-like 2,OPC-NPC-like,AC-gliosis-hypoxia
at5_9,"('OPC-like 2', 'AC progenitor-like 2')",0.6111111111111112,OPC-like 2,AC progenitor-like 2,OPC-like 2 > AC progenitor-like 2,OPC-NPC-like,AC-gliosis-hypoxia
at9_2,"('OPC-like 2', 'AC progenitor-like 2')",0.974169741697417,OPC-like 2,AC progenitor-like 2,OPC-like 2 > AC progenitor-like 2,OPC-NPC-like,AC-gliosis-hypoxia
at9_0,"('OPC-like 2', 'AC progenitor-like 2')",0.0764063811922754,OPC-like 2,AC progenitor-like 2,OPC-like 2 > AC progenitor-like 2,OPC-NPC-like,AC-gliosis-hypoxia
at6_0,"('OPC-like 2', 'AC progenitor-like 2')",0.9375,OPC-like 2,AC progenitor-like 2,OPC-like 2 > AC progenitor-like 2,OPC-NPC-like,AC-gliosis-hypoxia
at4_1,"('OPC-like 2', 'AC progenitor-like 2')",0.9723756906077348,OPC-like 2,AC progenitor-like 2,OPC-like 2 > AC progenitor-like 2,OPC-NPC-like,AC-gliosis-hypoxia
at5_4,"('OPC-like 2', 'AC progenitor-like 2')",0.8260869565217391,OPC-like 2,AC progenitor-like 2,OPC-like 2 > AC progenitor-like 2,OPC-NPC-like,AC-gliosis-hypoxia
at15_3,"('OPC-like 2', 'AC progenitor-like 2')",0.4230769230769231,OPC-like 2,AC progenitor-like 2,OPC-like 2 > AC progenitor-like 2,OPC-NPC-like,AC-gliosis-hypoxia
at15_0,"('OPC-like 2', 'AC progenitor-like 2')",0.8021978021978022,OPC-like 2,AC progenitor-like 2,OPC-like 2 > AC progenitor-like 2,OPC-NPC-like,AC-gliosis-hypoxia
at15_2,"('OPC-like 2', 'AC progenitor-like 2')",0.8011363636363636,OPC-like 2,AC progenitor-like 2,OPC-like 2 > AC progenitor-like 2,OPC-NPC-like,AC-gliosis-hypoxia
at15_6,"('OPC-like 2', 'AC progenitor-like 2')",0.6614420062695925,OPC-like 2,AC progenitor-like 2,OPC-like 2 > AC progenitor-like 2,OPC-NPC-like,AC-gliosis-hypoxia
at4_0,"('OPC-like 2', 'AC progenitor-like 2')",0.9635284139100933,OPC-like 2,AC progenitor-like 2,OPC-like 2 > AC progenitor-like 2,OPC-NPC-like,AC-gliosis-hypoxia
at10_0,"('OPC-like 2', 'AC progenitor-like 2')",1.0,OPC-like 2,AC progenitor-like 2,OPC-like 2 > AC progenitor-like 2,OPC-NPC-like,AC-gliosis-hypoxia
at7_0,"('OPC-like 2', 'AC progenitor-like 2')",0.9902912621359224,OPC-like 2,AC progenitor-like 2,OPC-like 2 > AC progenitor-like 2,OPC-NPC-like,AC-gliosis-hypoxia
at10_2,"('OPC-like 2', 'AC progenitor-like 2')",0.9471228615863142,OPC-like 2,AC progenitor-like 2,OPC-like 2 > AC progenitor-like 2,OPC-NPC-like,AC-gliosis-hypoxia
at13_0,"('OPC-like 2', 'AC progenitor-like 2')",0.072289156626506,OPC-like 2,AC progenitor-like 2,OPC-like 2 > AC progenitor-like 2,OPC-NPC-like,AC-gliosis-hypoxia
at15_4,"('OPC-like 2', 'AC progenitor-like 2')",0.9344660194174758,OPC-like 2,AC progenitor-like 2,OPC-like 2 > AC progenitor-like 2,OPC-NPC-like,AC-gliosis-hypoxia
at10_1,"('OPC-like 2', 'AC progenitor-like 2')",0.9860279441117764,OPC-like 2,AC progenitor-like 2,OPC-like 2 > AC progenitor-like 2,OPC-NPC-like,AC-gliosis-hypoxia
at3_3,"('OPC-like 2', 'AC progenitor-like 2')",0.8285714285714286,OPC-like 2,AC progenitor-like 2,OPC-like 2 > AC progenitor-like 2,OPC-NPC-like,AC-gliosis-hypoxia
at5_9,"('OPC-like 2', 'AC progenitor-like 2')",0.6111111111111112,OPC-like 2,AC progenitor-like 2,OPC-like 2 > AC progenitor-like 2,OPC-NPC-like,AC-gliosis-hypoxia
at9_2,"('OPC-like 2', 'AC progenitor-like 2')",0.974169741697417,OPC-like 2,AC progenitor-like 2,OPC-like 2 > AC progenitor-like 2,OPC-NPC-like,AC-gliosis-hypoxia
at9_0,"('OPC-like 2', 'AC progenitor-like 2')",0.0764063811922754,OPC-like 2,AC progenitor-like 2,OPC-like 2 > AC progenitor-like 2,OPC-NPC-like,AC-gliosis-hypoxia
at6_0,"('OPC-like 2', 'AC progenitor-like 2')",0.9375,OPC-like 2,AC progenitor-like 2,OPC-like 2 > AC progenitor-like 2,OPC-NPC-like,AC-gliosis-hypoxia
at4_1,"('OPC-like 2', 'AC progenitor-like 2')",0.9723756906077348,OPC-like 2,AC progenitor-like 2,OPC-like 2 > AC progenitor-like 2,OPC-NPC-like,AC-gliosis-hypoxia
at5_4,"('OPC-like 2', 'AC progenitor-like 2')",0.8260869565217391,OPC-like 2,AC progenitor-like 2,OPC-like 2 > AC progenitor-like 2,OPC-NPC-like,AC-gliosis-hypoxia
at15_3,"('OPC-like 2', 'AC progenitor-like 2')",0.4230769230769231,OPC-like 2,AC progenitor-like 2,OPC-like 2 > AC progenitor-like 2,OPC-NPC-like,AC-gliosis-hypoxia
at15_0,"('OPC-like 2', 'AC progenitor-like 2')",0.8021978021978022,OPC-like 2,AC progenitor-like 2,OPC-like 2 > AC progenitor-like 2,OPC-NPC-like,AC-gliosis-hypoxia
at15_2,"('OPC-like 2', 'AC progenitor-like 2')",0.8011363636363636,OPC-like 2,AC progenitor-like 2,OPC-like 2 > AC progenitor-like 2,OPC-NPC-like,AC-gliosis-hypoxia
at15_6,"('OPC-like 2', 'AC progenitor-like 2')",0.6614420062695925,OPC-like 2,AC progenitor-like 2,OPC-like 2 > AC progenitor-like 2,OPC-NPC-like,AC-gliosis-hypoxia
at4_0,"('OPC-like 2', 'AC progenitor-like 2')",0.9635284139100933,OPC-like 2,AC progenitor-like 2,OPC-like 2 > AC progenitor-like 2,OPC-NPC-like,AC-gliosis-hypoxia
at10_0,"('OPC-like 2', 'AC progenitor-like 2')",1.0,OPC-like 2,AC progenitor-like 2,OPC-like 2 > AC progenitor-like 2,OPC-NPC-like,AC-gliosis-hypoxia
at7_0,"('OPC-like 2', 'AC progenitor-like 2')",0.9902912621359224,OPC-like 2,AC progenitor-like 2,OPC-like 2 > AC progenitor-like 2,OPC-NPC-like,AC-gliosis-hypoxia
at10_2,"('OPC-like 2', 'AC progenitor-like 2')",0.9471228615863142,OPC-like 2,AC progenitor-like 2,OPC-like 2 > AC progenitor-like 2,OPC-NPC-like,AC-gliosis-hypoxia
at13_0,"('OPC-like 2', 'AC progenitor-like 2')",0.072289156626506,OPC-like 2,AC progenitor-like 2,OPC-like 2 > AC progenitor-like 2,OPC-NPC-like,AC-gliosis-hypoxia
at15_4,"('OPC-like 2', 'AC progenitor-like 2')",0.9344660194174758,OPC-like 2,AC progenitor-like 2,OPC-like 2 > AC progenitor-like 2,OPC-NPC-like,AC-gliosis-hypoxia
at10_1,"('OPC-like 2', 'AC progenitor-like 2')",0.9860279441117764,OPC-like 2,AC progenitor-like 2,OPC-like 2 > AC progenitor-like 2,OPC-NPC-like,AC-gliosis-hypoxia
at3_3,"('OPC-like 2', 'AC progenitor-like 2')",0.8285714285714286,OPC-like 2,AC progenitor-like 2,OPC-like 2 > AC progenitor-like 2,OPC-NPC-like,AC-gliosis-hypoxia
at5_9,"('OPC-like 2', 'AC progenitor-like 2')",0.6111111111111112,OPC-like 2,AC progenitor-like 2,OPC-like 2 > AC progenitor-like 2,OPC-NPC-like,AC-gliosis-hypoxia
at9_2,"('OPC-like 2', 'AC progenitor-like 2')",0.974169741697417,OPC-like 2,AC progenitor-like 2,OPC-like 2 > AC progenitor-like 2,OPC-NPC-like,AC-gliosis-hypoxia
at9_0,"('OPC-like 2', 'AC progenitor-like 2')",0.0764063811922754,OPC-like 2,AC progenitor-like 2,OPC-like 2 > AC progenitor-like 2,OPC-NPC-like,AC-gliosis-hypoxia
at6_0,"('OPC-like 2', 'AC progenitor-like 2')",0.9375,OPC-like 2,AC progenitor-like 2,OPC-like 2 > AC progenitor-like 2,OPC-NPC-like,AC-gliosis-hypoxia
at4_1,"('OPC-like 2', 'AC progenitor-like 2')",0.9723756906077348,OPC-like 2,AC progenitor-like 2,OPC-like 2 > AC progenitor-like 2,OPC-NPC-like,AC-gliosis-hypoxia
at5_4,"('OPC-like 2', 'AC progenitor-like 2')",0.8260869565217391,OPC-like 2,AC progenitor-like 2,OPC-like 2 > AC progenitor-like 2,OPC-NPC-like,AC-gliosis-hypoxia
at15_3,"('OPC-like 2', 'AC progenitor-like 2')",0.4230769230769231,OPC-like 2,AC progenitor-like 2,OPC-like 2 > AC progenitor-like 2,OPC-NPC-like,AC-gliosis-hypoxia
at15_0,"('OPC-like 2', 'AC progenitor-like 2')",0.8021978021978022,OPC-like 2,AC progenitor-like 2,OPC-like 2 > AC progenitor-like 2,OPC-NPC-like,AC-gliosis-hypoxia
at15_2,"('OPC-like 2', 'AC progenitor-like 2')",0.8011363636363636,OPC-like 2,AC progenitor-like 2,OPC-like 2 > AC progenitor-like 2,OPC-NPC-like,AC-gliosis-hypoxia
at15_6,"('OPC-like 2', 'AC progenitor-like 2')",0.6614420062695925,OPC-like 2,AC progenitor-like 2,OPC-like 2 > AC progenitor-like 2,OPC-NPC-like,AC-gliosis-hypoxia
at4_0,"('OPC-like 2', 'AC progenitor-like 2')",0.9635284139100933,OPC-like 2,AC progenitor-like 2,OPC-like 2 > AC progenitor-like 2,OPC-NPC-like,AC-gliosis-hypoxia
at10_0,"('OPC-like 2', 'AC progenitor-like 2')",1.0,OPC-like 2,AC progenitor-like 2,OPC-like 2 > AC progenitor-like 2,OPC-NPC-like,AC-gliosis-hypoxia
at7_0,"('OPC-like 2', 'AC progenitor-like 2')",0.9902912621359224,OPC-like 2,AC progenitor-like 2,OPC-like 2 > AC progenitor-like 2,OPC-NPC-like,AC-gliosis-hypoxia
at10_2,"('OPC-like 2', 'AC progenitor-like 2')",0.9471228615863142,OPC-like 2,AC progenitor-like 2,OPC-like 2 > AC progenitor-like 2,OPC-NPC-like,AC-gliosis-hypoxia
at13_0,"('OPC-like 2', 'AC progenitor-like 2')",0.072289156626506,OPC-like 2,AC progenitor-like 2,OPC-like 2 > AC progenitor-like 2,OPC-NPC-like,AC-gliosis-hypoxia
at15_4,"('OPC-like 2', 'AC progenitor-like 2')",0.9344660194174758,OPC-like 2,AC progenitor-like 2,OPC-like 2 > AC progenitor-like 2,OPC-NPC-like,AC-gliosis-hypoxia
at10_1,"('OPC-like 2', 'AC progenitor-like 2')",0.9860279441117764,OPC-like 2,AC progenitor-like 2,OPC-like 2 > AC progenitor-like 2,OPC-NPC-like,AC-gliosis-hypoxia
at3_3,"('OPC-like 2', 'AC progenitor-like 2')",0.8285714285714286,OPC-like 2,AC progenitor-like 2,OPC-like 2 > AC progenitor-like 2,OPC-NPC-like,AC-gliosis-hypoxia
at5_9,"('OPC-like 2', 'AC progenitor-like 2')",0.6111111111111112,OPC-like 2,AC progenitor-like 2,OPC-like 2 > AC progenitor-like 2,OPC-NPC-like,AC-gliosis-hypoxia
at9_2,"('OPC-like 2', 'AC progenitor-like 2')",0.974169741697417,OPC-like 2,AC progenitor-like 2,OPC-like 2 > AC progenitor-like 2,OPC-NPC-like,AC-gliosis-hypoxia
at9_0,"('OPC-like 2', 'AC progenitor-like 2')",0.0764063811922754,OPC-like 2,AC progenitor-like 2,OPC-like 2 > AC progenitor-like 2,OPC-NPC-like,AC-gliosis-hypoxia
at6_0,"('OPC-like 2', 'AC progenitor-like 2')",0.9375,OPC-like 2,AC progenitor-like 2,OPC-like 2 > AC progenitor-like 2,OPC-NPC-like,AC-gliosis-hypoxia
at4_1,"('OPC-like 2', 'AC progenitor-like 2')",0.9723756906077348,OPC-like 2,AC progenitor-like 2,OPC-like 2 > AC progenitor-like 2,OPC-NPC-like,AC-gliosis-hypoxia
at5_4,"('OPC-like 2', 'AC progenitor-like 2')",0.8260869565217391,OPC-like 2,AC progenitor-like 2,OPC-like 2 > AC progenitor-like 2,OPC-NPC-like,AC-gliosis-hypoxia
at15_3,"('OPC-like 2', 'AC progenitor-like 2')",0.4230769230769231,OPC-like 2,AC progenitor-like 2,OPC-like 2 > AC progenitor-like 2,OPC-NPC-like,AC-gliosis-hypoxia
at15_0,"('OPC-like 2', 'AC progenitor-like 2')",0.8021978021978022,OPC-like 2,AC progenitor-like 2,OPC-like 2 > AC progenitor-like 2,OPC-NPC-like,AC-gliosis-hypoxia
at15_2,"('OPC-like 2', 'AC progenitor-like 2')",0.8011363636363636,OPC-like 2,AC progenitor-like 2,OPC-like 2 > AC progenitor-like 2,OPC-NPC-like,AC-gliosis-hypoxia
at15_6,"('OPC-like 2', 'AC progenitor-like 2')",0.6614420062695925,OPC-like 2,AC progenitor-like 2,OPC-like 2 > AC progenitor-like 2,OPC-NPC-like,AC-gliosis-hypoxia
at4_0,"('OPC-like 2', 'AC progenitor-like 2')",0.9635284139100933,OPC-like 2,AC progenitor-like 2,OPC-like 2 > AC progenitor-like 2,OPC-NPC-like,AC-gliosis-hypoxia
at10_0,"('OPC-like 2', 'AC progenitor-like 2')",1.0,OPC-like 2,AC progenitor-like 2,OPC-like 2 > AC progenitor-like 2,OPC-NPC-like,AC-gliosis-hypoxia
at7_0,"('OPC-like 2', 'AC progenitor-like 2')",0.9902912621359224,OPC-like 2,AC progenitor-like 2,OPC-like 2 > AC progenitor-like 2,OPC-NPC-like,AC-gliosis-hypoxia
at10_2,"('OPC-like 2', 'AC progenitor-like 2')",0.9471228615863142,OPC-like 2,AC progenitor-like 2,OPC-like 2 > AC progenitor-like 2,OPC-NPC-like,AC-gliosis-hypoxia
at13_0,"('OPC-like 2', 'AC progenitor-like 2')",0.072289156626506,OPC-like 2,AC progenitor-like 2,OPC-like 2 > AC progenitor-like 2,OPC-NPC-like,AC-gliosis-hypoxia
at15_4,"('OPC-like 2', 'AC progenitor-like 2')",0.9344660194174758,OPC-like 2,AC progenitor-like 2,OPC-like 2 > AC progenitor-like 2,OPC-NPC-like,AC-gliosis-hypoxia
at10_1,"('OPC-like 2', 'AC progenitor-like 2')",0.9860279441117764,OPC-like 2,AC progenitor-like 2,OPC-like 2 > AC progenitor-like 2,OPC-NPC-like,AC-gliosis-hypoxia
at3_3,"('OPC-like 2', 'AC progenitor-like 2')",0.8285714285714286,OPC-like 2,AC progenitor-like 2,OPC-like 2 > AC progenitor-like 2,OPC-NPC-like,AC-gliosis-hypoxia
at5_9,"('OPC-like 2', 'AC progenitor-like 2')",0.6111111111111112,OPC-like 2,AC progenitor-like 2,OPC-like 2 > AC progenitor-like 2,OPC-NPC-like,AC-gliosis-hypoxia
at9_2,"('OPC-like 2', 'AC progenitor-like 2')",0.974169741697417,OPC-like 2,AC progenitor-like 2,OPC-like 2 > AC progenitor-like 2,OPC-NPC-like,AC-gliosis-hypoxia
at9_0,"('OPC-like 2', 'AC progenitor-like 2')",0.0764063811922754,OPC-like 2,AC progenitor-like 2,OPC-like 2 > AC progenitor-like 2,OPC-NPC-like,AC-gliosis-hypoxia
at6_0,"('OPC-like 2', 'AC progenitor-like 2')",0.9375,OPC-like 2,AC progenitor-like 2,OPC-like 2 > AC progenitor-like 2,OPC-NPC-like,AC-gliosis-hypoxia
at4_1,"('OPC-like 2', 'AC progenitor-like 2')",0.9723756906077348,OPC-like 2,AC progenitor-like 2,OPC-like 2 > AC progenitor-like 2,OPC-NPC-like,AC-gliosis-hypoxia
at5_4,"('OPC-like 2', 'AC progenitor-like 2')",0.8260869565217391,OPC-like 2,AC progenitor-like 2,OPC-like 2 > AC progenitor-like 2,OPC-NPC-like,AC-gliosis-hypoxia
at15_3,"('OPC-like 2', 'AC progenitor-like 2')",0.4230769230769231,OPC-like 2,AC progenitor-like 2,OPC-like 2 > AC progenitor-like 2,OPC-NPC-like,AC-gliosis-hypoxia
at15_0,"('OPC-like 2', 'AC progenitor-like 2')",0.8021978021978022,OPC-like 2,AC progenitor-like 2,OPC-like 2 > AC progenitor-like 2,OPC-NPC-like,AC-gliosis-hypoxia
at15_2,"('OPC-like 2', 'AC progenitor-like 2')",0.8011363636363636,OPC-like 2,AC progenitor-like 2,OPC-like 2 > AC progenitor-like 2,OPC-NPC-like,AC-gliosis-hypoxia
at15_6,"('OPC-like 2', 'AC progenitor-like 2')",0.6614420062695925,OPC-like 2,AC progenitor-like 2,OPC-like 2 > AC progenitor-like 2,OPC-NPC-like,AC-gliosis-hypoxia
at4_0,"('OPC-like 2', 'AC progenitor-like 2')",0.9635284139100933,OPC-like 2,AC progenitor-like 2,OPC-like 2 > AC progenitor-like 2,OPC-NPC-like,AC-gliosis-hypoxia
at10_0,"('OPC-like 2', 'AC progenitor-like 2')",1.0,OPC-like 2,AC progenitor-like 2,OPC-like 2 > AC progenitor-like 2,OPC-NPC-like,AC-gliosis-hypoxia
at7_0,"('OPC-like 2', 'AC progenitor-like 2')",0.9902912621359224,OPC-like 2,AC progenitor-like 2,OPC-like 2 > AC progenitor-like 2,OPC-NPC-like,AC-gliosis-hypoxia
at10_2,"('OPC-like 2', 'AC progenitor-like 2')",0.9471228615863142,OPC-like 2,AC progenitor-like 2,OPC-like 2 > AC progenitor-like 2,OPC-NPC-like,AC-gliosis-hypoxia
at13_0,"('OPC-like 2', 'AC progenitor-like 2')",0.072289156626506,OPC-like 2,AC progenitor-like 2,OPC-like 2 > AC progenitor-like 2,OPC-NPC-like,AC-gliosis-hypoxia
at15_4,"('OPC-like 2', 'AC progenitor-like 2')",0.9344660194174758,OPC-like 2,AC progenitor-like 2,OPC-like 2 > AC progenitor-like 2,OPC-NPC-like,AC-gliosis-hypoxia
at10_1,"('OPC-like 2', 'AC progenitor-like 2')",0.9860279441117764,OPC-like 2,AC progenitor-like 2,OPC-like 2 > AC progenitor-like 2,OPC-NPC-like,AC-gliosis-hypoxia
at3_3,"('OPC-like 2', 'AC progenitor-like 2')",0.8285714285714286,OPC-like 2,AC progenitor-like 2,OPC-like 2 > AC progenitor-like 2,OPC-NPC-like,AC-gliosis-hypoxia
at5_9,"('OPC-like 2', 'AC progenitor-like 2')",0.6111111111111112,OPC-like 2,AC progenitor-like 2,OPC-like 2 > AC progenitor-like 2,OPC-NPC-like,AC-gliosis-hypoxia
at9_2,"('OPC-like 2', 'AC progenitor-like 2')",0.974169741697417,OPC-like 2,AC progenitor-like 2,OPC-like 2 > AC progenitor-like 2,OPC-NPC-like,AC-gliosis-hypoxia
at9_0,"('OPC-like 2', 'AC progenitor-like 2')",0.0764063811922754,OPC-like 2,AC progenitor-like 2,OPC-like 2 > AC progenitor-like 2,OPC-NPC-like,AC-gliosis-hypoxia
at6_0,"('OPC-NPC-like 1', 'AC-gliosis-like 1')",0.9680851063829788,OPC-NPC-like 1,AC-gliosis-like 1,OPC-NPC-like 1 > AC-gliosis-like 1,OPC-NPC-like,AC-gliosis-hypoxia
at4_1,"('OPC-NPC-like 1', 'AC-gliosis-like 1')",0.956896551724138,OPC-NPC-like 1,AC-gliosis-like 1,OPC-NPC-like 1 > AC-gliosis-like 1,OPC-NPC-like,AC-gliosis-hypoxia
at5_4,"('OPC-NPC-like 1', 'AC-gliosis-like 1')",1.0,OPC-NPC-like 1,AC-gliosis-like 1,OPC-NPC-like 1 > AC-gliosis-like 1,OPC-NPC-like,AC-gliosis-hypoxia
at15_3,"('OPC-NPC-like 1', 'AC-gliosis-like 1')",0.7894736842105263,OPC-NPC-like 1,AC-gliosis-like 1,OPC-NPC-like 1 > AC-gliosis-like 1,OPC-NPC-like,AC-gliosis-hypoxia
at15_0,"('OPC-NPC-like 1', 'AC-gliosis-like 1')",1.0,OPC-NPC-like 1,AC-gliosis-like 1,OPC-NPC-like 1 > AC-gliosis-like 1,OPC-NPC-like,AC-gliosis-hypoxia
at15_2,"('OPC-NPC-like 1', 'AC-gliosis-like 1')",0.8888888888888888,OPC-NPC-like 1,AC-gliosis-like 1,OPC-NPC-like 1 > AC-gliosis-like 1,OPC-NPC-like,AC-gliosis-hypoxia
at15_6,"('OPC-NPC-like 1', 'AC-gliosis-like 1')",0.9555555555555556,OPC-NPC-like 1,AC-gliosis-like 1,OPC-NPC-like 1 > AC-gliosis-like 1,OPC-NPC-like,AC-gliosis-hypoxia
at4_0,"('OPC-NPC-like 1', 'AC-gliosis-like 1')",0.9848484848484848,OPC-NPC-like 1,AC-gliosis-like 1,OPC-NPC-like 1 > AC-gliosis-like 1,OPC-NPC-like,AC-gliosis-hypoxia
at10_0,"('OPC-NPC-like 1', 'AC-gliosis-like 1')",0.5,OPC-NPC-like 1,AC-gliosis-like 1,OPC-NPC-like 1 > AC-gliosis-like 1,OPC-NPC-like,AC-gliosis-hypoxia
at7_0,"('OPC-NPC-like 1', 'AC-gliosis-like 1')",0.9983193277310924,OPC-NPC-like 1,AC-gliosis-like 1,OPC-NPC-like 1 > AC-gliosis-like 1,OPC-NPC-like,AC-gliosis-hypoxia
at10_2,"('OPC-NPC-like 1', 'AC-gliosis-like 1')",0.9375,OPC-NPC-like 1,AC-gliosis-like 1,OPC-NPC-like 1 > AC-gliosis-like 1,OPC-NPC-like,AC-gliosis-hypoxia
at13_0,"('OPC-NPC-like 1', 'AC-gliosis-like 1')",0.7342657342657343,OPC-NPC-like 1,AC-gliosis-like 1,OPC-NPC-like 1 > AC-gliosis-like 1,OPC-NPC-like,AC-gliosis-hypoxia
at15_4,"('OPC-NPC-like 1', 'AC-gliosis-like 1')",0.8591549295774648,OPC-NPC-like 1,AC-gliosis-like 1,OPC-NPC-like 1 > AC-gliosis-like 1,OPC-NPC-like,AC-gliosis-hypoxia
at10_1,"('OPC-NPC-like 1', 'AC-gliosis-like 1')",1.0,OPC-NPC-like 1,AC-gliosis-like 1,OPC-NPC-like 1 > AC-gliosis-like 1,OPC-NPC-like,AC-gliosis-hypoxia
at6_5,"('OPC-NPC-like 1', 'AC-gliosis-like 1')",0.0127420998980632,OPC-NPC-like 1,AC-gliosis-like 1,OPC-NPC-like 1 > AC-gliosis-like 1,OPC-NPC-like,AC-gliosis-hypoxia
at3_3,"('OPC-NPC-like 1', 'AC-gliosis-like 1')",0.0087837837837837,OPC-NPC-like 1,AC-gliosis-like 1,OPC-NPC-like 1 > AC-gliosis-like 1,OPC-NPC-like,AC-gliosis-hypoxia
at5_9,"('OPC-NPC-like 1', 'AC-gliosis-like 1')",0.1111111111111111,OPC-NPC-like 1,AC-gliosis-like 1,OPC-NPC-like 1 > AC-gliosis-like 1,OPC-NPC-like,AC-gliosis-hypoxia
at9_2,"('OPC-NPC-like 1', 'AC-gliosis-like 1')",0.75,OPC-NPC-like 1,AC-gliosis-like 1,OPC-NPC-like 1 > AC-gliosis-like 1,OPC-NPC-like,AC-gliosis-hypoxia
at9_4,"('OPC-NPC-like 1', 'AC-gliosis-like 1')",0.0384615384615384,OPC-NPC-like 1,AC-gliosis-like 1,OPC-NPC-like 1 > AC-gliosis-like 1,OPC-NPC-like,AC-gliosis-hypoxia
at9_0,"('OPC-NPC-like 1', 'AC-gliosis-like 1')",0.1304347826086956,OPC-NPC-like 1,AC-gliosis-like 1,OPC-NPC-like 1 > AC-gliosis-like 1,OPC-NPC-like,AC-gliosis-hypoxia
at6_0,"('OPC-NPC-like 1', 'AC-gliosis-like 1')",0.9680851063829788,OPC-NPC-like 1,AC-gliosis-like 1,OPC-NPC-like 1 > AC-gliosis-like 1,OPC-NPC-like,AC-gliosis-hypoxia
at4_1,"('OPC-NPC-like 1', 'AC-gliosis-like 1')",0.956896551724138,OPC-NPC-like 1,AC-gliosis-like 1,OPC-NPC-like 1 > AC-gliosis-like 1,OPC-NPC-like,AC-gliosis-hypoxia
at5_4,"('OPC-NPC-like 1', 'AC-gliosis-like 1')",1.0,OPC-NPC-like 1,AC-gliosis-like 1,OPC-NPC-like 1 > AC-gliosis-like 1,OPC-NPC-like,AC-gliosis-hypoxia
at15_3,"('OPC-NPC-like 1', 'AC-gliosis-like 1')",0.7894736842105263,OPC-NPC-like 1,AC-gliosis-like 1,OPC-NPC-like 1 > AC-gliosis-like 1,OPC-NPC-like,AC-gliosis-hypoxia
at15_0,"('OPC-NPC-like 1', 'AC-gliosis-like 1')",1.0,OPC-NPC-like 1,AC-gliosis-like 1,OPC-NPC-like 1 > AC-gliosis-like 1,OPC-NPC-like,AC-gliosis-hypoxia
at15_2,"('OPC-NPC-like 1', 'AC-gliosis-like 1')",0.8888888888888888,OPC-NPC-like 1,AC-gliosis-like 1,OPC-NPC-like 1 > AC-gliosis-like 1,OPC-NPC-like,AC-gliosis-hypoxia
at15_6,"('OPC-NPC-like 1', 'AC-gliosis-like 1')",0.9555555555555556,OPC-NPC-like 1,AC-gliosis-like 1,OPC-NPC-like 1 > AC-gliosis-like 1,OPC-NPC-like,AC-gliosis-hypoxia
at4_0,"('OPC-NPC-like 1', 'AC-gliosis-like 1')",0.9848484848484848,OPC-NPC-like 1,AC-gliosis-like 1,OPC-NPC-like 1 > AC-gliosis-like 1,OPC-NPC-like,AC-gliosis-hypoxia
at10_0,"('OPC-NPC-like 1', 'AC-gliosis-like 1')",0.5,OPC-NPC-like 1,AC-gliosis-like 1,OPC-NPC-like 1 > AC-gliosis-like 1,OPC-NPC-like,AC-gliosis-hypoxia
at7_0,"('OPC-NPC-like 1', 'AC-gliosis-like 1')",0.9983193277310924,OPC-NPC-like 1,AC-gliosis-like 1,OPC-NPC-like 1 > AC-gliosis-like 1,OPC-NPC-like,AC-gliosis-hypoxia
at10_2,"('OPC-NPC-like 1', 'AC-gliosis-like 1')",0.9375,OPC-NPC-like 1,AC-gliosis-like 1,OPC-NPC-like 1 > AC-gliosis-like 1,OPC-NPC-like,AC-gliosis-hypoxia
at13_0,"('OPC-NPC-like 1', 'AC-gliosis-like 1')",0.7342657342657343,OPC-NPC-like 1,AC-gliosis-like 1,OPC-NPC-like 1 > AC-gliosis-like 1,OPC-NPC-like,AC-gliosis-hypoxia
at15_4,"('OPC-NPC-like 1', 'AC-gliosis-like 1')",0.8591549295774648,OPC-NPC-like 1,AC-gliosis-like 1,OPC-NPC-like 1 > AC-gliosis-like 1,OPC-NPC-like,AC-gliosis-hypoxia
at10_1,"('OPC-NPC-like 1', 'AC-gliosis-like 1')",1.0,OPC-NPC-like 1,AC-gliosis-like 1,OPC-NPC-like 1 > AC-gliosis-like 1,OPC-NPC-like,AC-gliosis-hypoxia
at6_5,"('OPC-NPC-like 1', 'AC-gliosis-like 1')",0.0127420998980632,OPC-NPC-like 1,AC-gliosis-like 1,OPC-NPC-like 1 > AC-gliosis-like 1,OPC-NPC-like,AC-gliosis-hypoxia
at3_3,"('OPC-NPC-like 1', 'AC-gliosis-like 1')",0.0087837837837837,OPC-NPC-like 1,AC-gliosis-like 1,OPC-NPC-like 1 > AC-gliosis-like 1,OPC-NPC-like,AC-gliosis-hypoxia
at5_9,"('OPC-NPC-like 1', 'AC-gliosis-like 1')",0.1111111111111111,OPC-NPC-like 1,AC-gliosis-like 1,OPC-NPC-like 1 > AC-gliosis-like 1,OPC-NPC-like,AC-gliosis-hypoxia
at9_2,"('OPC-NPC-like 1', 'AC-gliosis-like 1')",0.75,OPC-NPC-like 1,AC-gliosis-like 1,OPC-NPC-like 1 > AC-gliosis-like 1,OPC-NPC-like,AC-gliosis-hypoxia
at9_4,"('OPC-NPC-like 1', 'AC-gliosis-like 1')",0.0384615384615384,OPC-NPC-like 1,AC-gliosis-like 1,OPC-NPC-like 1 > AC-gliosis-like 1,OPC-NPC-like,AC-gliosis-hypoxia
at9_0,"('OPC-NPC-like 1', 'AC-gliosis-like 1')",0.1304347826086956,OPC-NPC-like 1,AC-gliosis-like 1,OPC-NPC-like 1 > AC-gliosis-like 1,OPC-NPC-like,AC-gliosis-hypoxia
at6_0,"('OPC-NPC-like 1', 'AC-gliosis-like 1')",0.9680851063829788,OPC-NPC-like 1,AC-gliosis-like 1,OPC-NPC-like 1 > AC-gliosis-like 1,OPC-NPC-like,AC-gliosis-hypoxia
at4_1,"('OPC-NPC-like 1', 'AC-gliosis-like 1')",0.956896551724138,OPC-NPC-like 1,AC-gliosis-like 1,OPC-NPC-like 1 > AC-gliosis-like 1,OPC-NPC-like,AC-gliosis-hypoxia
at5_4,"('OPC-NPC-like 1', 'AC-gliosis-like 1')",1.0,OPC-NPC-like 1,AC-gliosis-like 1,OPC-NPC-like 1 > AC-gliosis-like 1,OPC-NPC-like,AC-gliosis-hypoxia
at15_3,"('OPC-NPC-like 1', 'AC-gliosis-like 1')",0.7894736842105263,OPC-NPC-like 1,AC-gliosis-like 1,OPC-NPC-like 1 > AC-gliosis-like 1,OPC-NPC-like,AC-gliosis-hypoxia
at15_0,"('OPC-NPC-like 1', 'AC-gliosis-like 1')",1.0,OPC-NPC-like 1,AC-gliosis-like 1,OPC-NPC-like 1 > AC-gliosis-like 1,OPC-NPC-like,AC-gliosis-hypoxia
at15_2,"('OPC-NPC-like 1', 'AC-gliosis-like 1')",0.8888888888888888,OPC-NPC-like 1,AC-gliosis-like 1,OPC-NPC-like 1 > AC-gliosis-like 1,OPC-NPC-like,AC-gliosis-hypoxia
at15_6,"('OPC-NPC-like 1', 'AC-gliosis-like 1')",0.9555555555555556,OPC-NPC-like 1,AC-gliosis-like 1,OPC-NPC-like 1 > AC-gliosis-like 1,OPC-NPC-like,AC-gliosis-hypoxia
at4_0,"('OPC-NPC-like 1', 'AC-gliosis-like 1')",0.9848484848484848,OPC-NPC-like 1,AC-gliosis-like 1,OPC-NPC-like 1 > AC-gliosis-like 1,OPC-NPC-like,AC-gliosis-hypoxia
at10_0,"('OPC-NPC-like 1', 'AC-gliosis-like 1')",0.5,OPC-NPC-like 1,AC-gliosis-like 1,OPC-NPC-like 1 > AC-gliosis-like 1,OPC-NPC-like,AC-gliosis-hypoxia
at7_0,"('OPC-NPC-like 1', 'AC-gliosis-like 1')",0.9983193277310924,OPC-NPC-like 1,AC-gliosis-like 1,OPC-NPC-like 1 > AC-gliosis-like 1,OPC-NPC-like,AC-gliosis-hypoxia
at10_2,"('OPC-NPC-like 1', 'AC-gliosis-like 1')",0.9375,OPC-NPC-like 1,AC-gliosis-like 1,OPC-NPC-like 1 > AC-gliosis-like 1,OPC-NPC-like,AC-gliosis-hypoxia
at13_0,"('OPC-NPC-like 1', 'AC-gliosis-like 1')",0.7342657342657343,OPC-NPC-like 1,AC-gliosis-like 1,OPC-NPC-like 1 > AC-gliosis-like 1,OPC-NPC-like,AC-gliosis-hypoxia
at15_4,"('OPC-NPC-like 1', 'AC-gliosis-like 1')",0.8591549295774648,OPC-NPC-like 1,AC-gliosis-like 1,OPC-NPC-like 1 > AC-gliosis-like 1,OPC-NPC-like,AC-gliosis-hypoxia
at10_1,"('OPC-NPC-like 1', 'AC-gliosis-like 1')",1.0,OPC-NPC-like 1,AC-gliosis-like 1,OPC-NPC-like 1 > AC-gliosis-like 1,OPC-NPC-like,AC-gliosis-hypoxia
at6_5,"('OPC-NPC-like 1', 'AC-gliosis-like 1')",0.0127420998980632,OPC-NPC-like 1,AC-gliosis-like 1,OPC-NPC-like 1 > AC-gliosis-like 1,OPC-NPC-like,AC-gliosis-hypoxia
at3_3,"('OPC-NPC-like 1', 'AC-gliosis-like 1')",0.0087837837837837,OPC-NPC-like 1,AC-gliosis-like 1,OPC-NPC-like 1 > AC-gliosis-like 1,OPC-NPC-like,AC-gliosis-hypoxia
at5_9,"('OPC-NPC-like 1', 'AC-gliosis-like 1')",0.1111111111111111,OPC-NPC-like 1,AC-gliosis-like 1,OPC-NPC-like 1 > AC-gliosis-like 1,OPC-NPC-like,AC-gliosis-hypoxia
at9_2,"('OPC-NPC-like 1', 'AC-gliosis-like 1')",0.75,OPC-NPC-like 1,AC-gliosis-like 1,OPC-NPC-like 1 > AC-gliosis-like 1,OPC-NPC-like,AC-gliosis-hypoxia
at9_4,"('OPC-NPC-like 1', 'AC-gliosis-like 1')",0.0384615384615384,OPC-NPC-like 1,AC-gliosis-like 1,OPC-NPC-like 1 > AC-gliosis-like 1,OPC-NPC-like,AC-gliosis-hypoxia
at9_0,"('OPC-NPC-like 1', 'AC-gliosis-like 1')",0.1304347826086956,OPC-NPC-like 1,AC-gliosis-like 1,OPC-NPC-like 1 > AC-gliosis-like 1,OPC-NPC-like,AC-gliosis-hypoxia
at6_0,"('OPC-NPC-like 1', 'AC-gliosis-like 1')",0.9680851063829788,OPC-NPC-like 1,AC-gliosis-like 1,OPC-NPC-like 1 > AC-gliosis-like 1,OPC-NPC-like,AC-gliosis-hypoxia
at4_1,"('OPC-NPC-like 1', 'AC-gliosis-like 1')",0.956896551724138,OPC-NPC-like 1,AC-gliosis-like 1,OPC-NPC-like 1 > AC-gliosis-like 1,OPC-NPC-like,AC-gliosis-hypoxia
at5_4,"('OPC-NPC-like 1', 'AC-gliosis-like 1')",1.0,OPC-NPC-like 1,AC-gliosis-like 1,OPC-NPC-like 1 > AC-gliosis-like 1,OPC-NPC-like,AC-gliosis-hypoxia
at15_3,"('OPC-NPC-like 1', 'AC-gliosis-like 1')",0.7894736842105263,OPC-NPC-like 1,AC-gliosis-like 1,OPC-NPC-like 1 > AC-gliosis-like 1,OPC-NPC-like,AC-gliosis-hypoxia
at15_0,"('OPC-NPC-like 1', 'AC-gliosis-like 1')",1.0,OPC-NPC-like 1,AC-gliosis-like 1,OPC-NPC-like 1 > AC-gliosis-like 1,OPC-NPC-like,AC-gliosis-hypoxia
at15_2,"('OPC-NPC-like 1', 'AC-gliosis-like 1')",0.8888888888888888,OPC-NPC-like 1,AC-gliosis-like 1,OPC-NPC-like 1 > AC-gliosis-like 1,OPC-NPC-like,AC-gliosis-hypoxia
at15_6,"('OPC-NPC-like 1', 'AC-gliosis-like 1')",0.9555555555555556,OPC-NPC-like 1,AC-gliosis-like 1,OPC-NPC-like 1 > AC-gliosis-like 1,OPC-NPC-like,AC-gliosis-hypoxia
at4_0,"('OPC-NPC-like 1', 'AC-gliosis-like 1')",0.9848484848484848,OPC-NPC-like 1,AC-gliosis-like 1,OPC-NPC-like 1 > AC-gliosis-like 1,OPC-NPC-like,AC-gliosis-hypoxia
at10_0,"('OPC-NPC-like 1', 'AC-gliosis-like 1')",0.5,OPC-NPC-like 1,AC-gliosis-like 1,OPC-NPC-like 1 > AC-gliosis-like 1,OPC-NPC-like,AC-gliosis-hypoxia
at7_0,"('OPC-NPC-like 1', 'AC-gliosis-like 1')",0.9983193277310924,OPC-NPC-like 1,AC-gliosis-like 1,OPC-NPC-like 1 > AC-gliosis-like 1,OPC-NPC-like,AC-gliosis-hypoxia
at10_2,"('OPC-NPC-like 1', 'AC-gliosis-like 1')",0.9375,OPC-NPC-like 1,AC-gliosis-like 1,OPC-NPC-like 1 > AC-gliosis-like 1,OPC-NPC-like,AC-gliosis-hypoxia
at13_0,"('OPC-NPC-like 1', 'AC-gliosis-like 1')",0.7342657342657343,OPC-NPC-like 1,AC-gliosis-like 1,OPC-NPC-like 1 > AC-gliosis-like 1,OPC-NPC-like,AC-gliosis-hypoxia
at15_4,"('OPC-NPC-like 1', 'AC-gliosis-like 1')",0.8591549295774648,OPC-NPC-like 1,AC-gliosis-like 1,OPC-NPC-like 1 > AC-gliosis-like 1,OPC-NPC-like,AC-gliosis-hypoxia
at10_1,"('OPC-NPC-like 1', 'AC-gliosis-like 1')",1.0,OPC-NPC-like 1,AC-gliosis-like 1,OPC-NPC-like 1 > AC-gliosis-like 1,OPC-NPC-like,AC-gliosis-hypoxia
at6_5,"('OPC-NPC-like 1', 'AC-gliosis-like 1')",0.0127420998980632,OPC-NPC-like 1,AC-gliosis-like 1,OPC-NPC-like 1 > AC-gliosis-like 1,OPC-NPC-like,AC-gliosis-hypoxia
at3_3,"('OPC-NPC-like 1', 'AC-gliosis-like 1')",0.0087837837837837,OPC-NPC-like 1,AC-gliosis-like 1,OPC-NPC-like 1 > AC-gliosis-like 1,OPC-NPC-like,AC-gliosis-hypoxia
at5_9,"('OPC-NPC-like 1', 'AC-gliosis-like 1')",0.1111111111111111,OPC-NPC-like 1,AC-gliosis-like 1,OPC-NPC-like 1 > AC-gliosis-like 1,OPC-NPC-like,AC-gliosis-hypoxia
at9_2,"('OPC-NPC-like 1', 'AC-gliosis-like 1')",0.75,OPC-NPC-like 1,AC-gliosis-like 1,OPC-NPC-like 1 > AC-gliosis-like 1,OPC-NPC-like,AC-gliosis-hypoxia
at9_4,"('OPC-NPC-like 1', 'AC-gliosis-like 1')",0.0384615384615384,OPC-NPC-like 1,AC-gliosis-like 1,OPC-NPC-like 1 > AC-gliosis-like 1,OPC-NPC-like,AC-gliosis-hypoxia
at9_0,"('OPC-NPC-like 1', 'AC-gliosis-like 1')",0.1304347826086956,OPC-NPC-like 1,AC-gliosis-like 1,OPC-NPC-like 1 > AC-gliosis-like 1,OPC-NPC-like,AC-gliosis-hypoxia
at6_0,"('OPC-NPC-like 1', 'AC-gliosis-like 1')",0.9680851063829788,OPC-NPC-like 1,AC-gliosis-like 1,OPC-NPC-like 1 > AC-gliosis-like 1,OPC-NPC-like,AC-gliosis-hypoxia
at4_1,"('OPC-NPC-like 1', 'AC-gliosis-like 1')",0.956896551724138,OPC-NPC-like 1,AC-gliosis-like 1,OPC-NPC-like 1 > AC-gliosis-like 1,OPC-NPC-like,AC-gliosis-hypoxia
at5_4,"('OPC-NPC-like 1', 'AC-gliosis-like 1')",1.0,OPC-NPC-like 1,AC-gliosis-like 1,OPC-NPC-like 1 > AC-gliosis-like 1,OPC-NPC-like,AC-gliosis-hypoxia
at15_3,"('OPC-NPC-like 1', 'AC-gliosis-like 1')",0.7894736842105263,OPC-NPC-like 1,AC-gliosis-like 1,OPC-NPC-like 1 > AC-gliosis-like 1,OPC-NPC-like,AC-gliosis-hypoxia
at15_0,"('OPC-NPC-like 1', 'AC-gliosis-like 1')",1.0,OPC-NPC-like 1,AC-gliosis-like 1,OPC-NPC-like 1 > AC-gliosis-like 1,OPC-NPC-like,AC-gliosis-hypoxia
at15_2,"('OPC-NPC-like 1', 'AC-gliosis-like 1')",0.8888888888888888,OPC-NPC-like 1,AC-gliosis-like 1,OPC-NPC-like 1 > AC-gliosis-like 1,OPC-NPC-like,AC-gliosis-hypoxia
at15_6,"('OPC-NPC-like 1', 'AC-gliosis-like 1')",0.9555555555555556,OPC-NPC-like 1,AC-gliosis-like 1,OPC-NPC-like 1 > AC-gliosis-like 1,OPC-NPC-like,AC-gliosis-hypoxia
at4_0,"('OPC-NPC-like 1', 'AC-gliosis-like 1')",0.9848484848484848,OPC-NPC-like 1,AC-gliosis-like 1,OPC-NPC-like 1 > AC-gliosis-like 1,OPC-NPC-like,AC-gliosis-hypoxia
at10_0,"('OPC-NPC-like 1', 'AC-gliosis-like 1')",0.5,OPC-NPC-like 1,AC-gliosis-like 1,OPC-NPC-like 1 > AC-gliosis-like 1,OPC-NPC-like,AC-gliosis-hypoxia
at7_0,"('OPC-NPC-like 1', 'AC-gliosis-like 1')",0.9983193277310924,OPC-NPC-like 1,AC-gliosis-like 1,OPC-NPC-like 1 > AC-gliosis-like 1,OPC-NPC-like,AC-gliosis-hypoxia
at10_2,"('OPC-NPC-like 1', 'AC-gliosis-like 1')",0.9375,OPC-NPC-like 1,AC-gliosis-like 1,OPC-NPC-like 1 > AC-gliosis-like 1,OPC-NPC-like,AC-gliosis-hypoxia
at13_0,"('OPC-NPC-like 1', 'AC-gliosis-like 1')",0.7342657342657343,OPC-NPC-like 1,AC-gliosis-like 1,OPC-NPC-like 1 > AC-gliosis-like 1,OPC-NPC-like,AC-gliosis-hypoxia
at15_4,"('OPC-NPC-like 1', 'AC-gliosis-like 1')",0.8591549295774648,OPC-NPC-like 1,AC-gliosis-like 1,OPC-NPC-like 1 > AC-gliosis-like 1,OPC-NPC-like,AC-gliosis-hypoxia
at10_1,"('OPC-NPC-like 1', 'AC-gliosis-like 1')",1.0,OPC-NPC-like 1,AC-gliosis-like 1,OPC-NPC-like 1 > AC-gliosis-like 1,OPC-NPC-like,AC-gliosis-hypoxia
at6_5,"('OPC-NPC-like 1', 'AC-gliosis-like 1')",0.0127420998980632,OPC-NPC-like 1,AC-gliosis-like 1,OPC-NPC-like 1 > AC-gliosis-like 1,OPC-NPC-like,AC-gliosis-hypoxia
at3_3,"('OPC-NPC-like 1', 'AC-gliosis-like 1')",0.0087837837837837,OPC-NPC-like 1,AC-gliosis-like 1,OPC-NPC-like 1 > AC-gliosis-like 1,OPC-NPC-like,AC-gliosis-hypoxia
at5_9,"('OPC-NPC-like 1', 'AC-gliosis-like 1')",0.1111111111111111,OPC-NPC-like 1,AC-gliosis-like 1,OPC-NPC-like 1 > AC-gliosis-like 1,OPC-NPC-like,AC-gliosis-hypoxia
at9_2,"('OPC-NPC-like 1', 'AC-gliosis-like 1')",0.75,OPC-NPC-like 1,AC-gliosis-like 1,OPC-NPC-like 1 > AC-gliosis-like 1,OPC-NPC-like,AC-gliosis-hypoxia
at9_4,"('OPC-NPC-like 1', 'AC-gliosis-like 1')",0.0384615384615384,OPC-NPC-like 1,AC-gliosis-like 1,OPC-NPC-like 1 > AC-gliosis-like 1,OPC-NPC-like,AC-gliosis-hypoxia
at9_0,"('OPC-NPC-like 1', 'AC-gliosis-like 1')",0.1304347826086956,OPC-NPC-like 1,AC-gliosis-like 1,OPC-NPC-like 1 > AC-gliosis-like 1,OPC-NPC-like,AC-gliosis-hypoxia
at6_0,"('OPC-NPC-like 1', 'Gliosis-like')",0.8571428571428571,OPC-NPC-like 1,Gliosis-like,OPC-NPC-like 1 > Gliosis-like,OPC-NPC-like,AC-gliosis-hypoxia
at4_1,"('OPC-NPC-like 1', 'Gliosis-like')",0.9426229508196722,OPC-NPC-like 1,Gliosis-like,OPC-NPC-like 1 > Gliosis-like,OPC-NPC-like,AC-gliosis-hypoxia
at5_4,"('OPC-NPC-like 1', 'Gliosis-like')",1.0,OPC-NPC-like 1,Gliosis-like,OPC-NPC-like 1 > Gliosis-like,OPC-NPC-like,AC-gliosis-hypoxia
at15_3,"('OPC-NPC-like 1', 'Gliosis-like')",0.943089430894309,OPC-NPC-like 1,Gliosis-like,OPC-NPC-like 1 > Gliosis-like,OPC-NPC-like,AC-gliosis-hypoxia
at15_0,"('OPC-NPC-like 1', 'Gliosis-like')",0.8933333333333333,OPC-NPC-like 1,Gliosis-like,OPC-NPC-like 1 > Gliosis-like,OPC-NPC-like,AC-gliosis-hypoxia
at15_2,"('OPC-NPC-like 1', 'Gliosis-like')",0.9230769230769232,OPC-NPC-like 1,Gliosis-like,OPC-NPC-like 1 > Gliosis-like,OPC-NPC-like,AC-gliosis-hypoxia
at15_6,"('OPC-NPC-like 1', 'Gliosis-like')",0.8636363636363636,OPC-NPC-like 1,Gliosis-like,OPC-NPC-like 1 > Gliosis-like,OPC-NPC-like,AC-gliosis-hypoxia
at4_0,"('OPC-NPC-like 1', 'Gliosis-like')",0.9906976744186048,OPC-NPC-like 1,Gliosis-like,OPC-NPC-like 1 > Gliosis-like,OPC-NPC-like,AC-gliosis-hypoxia
at10_0,"('OPC-NPC-like 1', 'Gliosis-like')",0.8636363636363636,OPC-NPC-like 1,Gliosis-like,OPC-NPC-like 1 > Gliosis-like,OPC-NPC-like,AC-gliosis-hypoxia
at7_0,"('OPC-NPC-like 1', 'Gliosis-like')",1.0,OPC-NPC-like 1,Gliosis-like,OPC-NPC-like 1 > Gliosis-like,OPC-NPC-like,AC-gliosis-hypoxia
at10_2,"('OPC-NPC-like 1', 'Gliosis-like')",0.9669421487603306,OPC-NPC-like 1,Gliosis-like,OPC-NPC-like 1 > Gliosis-like,OPC-NPC-like,AC-gliosis-hypoxia
at13_0,"('OPC-NPC-like 1', 'Gliosis-like')",0.8,OPC-NPC-like 1,Gliosis-like,OPC-NPC-like 1 > Gliosis-like,OPC-NPC-like,AC-gliosis-hypoxia
at15_4,"('OPC-NPC-like 1', 'Gliosis-like')",0.8734177215189873,OPC-NPC-like 1,Gliosis-like,OPC-NPC-like 1 > Gliosis-like,OPC-NPC-like,AC-gliosis-hypoxia
at10_1,"('OPC-NPC-like 1', 'Gliosis-like')",0.9916666666666668,OPC-NPC-like 1,Gliosis-like,OPC-NPC-like 1 > Gliosis-like,OPC-NPC-like,AC-gliosis-hypoxia
at6_5,"('OPC-NPC-like 1', 'Gliosis-like')",0.0108695652173913,OPC-NPC-like 1,Gliosis-like,OPC-NPC-like 1 > Gliosis-like,OPC-NPC-like,AC-gliosis-hypoxia
at3_3,"('OPC-NPC-like 1', 'Gliosis-like')",0.0326460481099656,OPC-NPC-like 1,Gliosis-like,OPC-NPC-like 1 > Gliosis-like,OPC-NPC-like,AC-gliosis-hypoxia
at5_9,"('OPC-NPC-like 1', 'Gliosis-like')",0.1176470588235294,OPC-NPC-like 1,Gliosis-like,OPC-NPC-like 1 > Gliosis-like,OPC-NPC-like,AC-gliosis-hypoxia
at9_2,"('OPC-NPC-like 1', 'Gliosis-like')",0.3846153846153846,OPC-NPC-like 1,Gliosis-like,OPC-NPC-like 1 > Gliosis-like,OPC-NPC-like,AC-gliosis-hypoxia
at9_0,"('OPC-NPC-like 1', 'Gliosis-like')",0.0601503759398496,OPC-NPC-like 1,Gliosis-like,OPC-NPC-like 1 > Gliosis-like,OPC-NPC-like,AC-gliosis-hypoxia
at6_0,"('OPC-NPC-like 1', 'Gliosis-like')",0.8571428571428571,OPC-NPC-like 1,Gliosis-like,OPC-NPC-like 1 > Gliosis-like,OPC-NPC-like,AC-gliosis-hypoxia
at4_1,"('OPC-NPC-like 1', 'Gliosis-like')",0.9426229508196722,OPC-NPC-like 1,Gliosis-like,OPC-NPC-like 1 > Gliosis-like,OPC-NPC-like,AC-gliosis-hypoxia
at5_4,"('OPC-NPC-like 1', 'Gliosis-like')",1.0,OPC-NPC-like 1,Gliosis-like,OPC-NPC-like 1 > Gliosis-like,OPC-NPC-like,AC-gliosis-hypoxia
at15_3,"('OPC-NPC-like 1', 'Gliosis-like')",0.943089430894309,OPC-NPC-like 1,Gliosis-like,OPC-NPC-like 1 > Gliosis-like,OPC-NPC-like,AC-gliosis-hypoxia
at15_0,"('OPC-NPC-like 1', 'Gliosis-like')",0.8933333333333333,OPC-NPC-like 1,Gliosis-like,OPC-NPC-like 1 > Gliosis-like,OPC-NPC-like,AC-gliosis-hypoxia
at15_2,"('OPC-NPC-like 1', 'Gliosis-like')",0.9230769230769232,OPC-NPC-like 1,Gliosis-like,OPC-NPC-like 1 > Gliosis-like,OPC-NPC-like,AC-gliosis-hypoxia
at15_6,"('OPC-NPC-like 1', 'Gliosis-like')",0.8636363636363636,OPC-NPC-like 1,Gliosis-like,OPC-NPC-like 1 > Gliosis-like,OPC-NPC-like,AC-gliosis-hypoxia
at4_0,"('OPC-NPC-like 1', 'Gliosis-like')",0.9906976744186048,OPC-NPC-like 1,Gliosis-like,OPC-NPC-like 1 > Gliosis-like,OPC-NPC-like,AC-gliosis-hypoxia
at10_0,"('OPC-NPC-like 1', 'Gliosis-like')",0.8636363636363636,OPC-NPC-like 1,Gliosis-like,OPC-NPC-like 1 > Gliosis-like,OPC-NPC-like,AC-gliosis-hypoxia
at7_0,"('OPC-NPC-like 1', 'Gliosis-like')",1.0,OPC-NPC-like 1,Gliosis-like,OPC-NPC-like 1 > Gliosis-like,OPC-NPC-like,AC-gliosis-hypoxia
at10_2,"('OPC-NPC-like 1', 'Gliosis-like')",0.9669421487603306,OPC-NPC-like 1,Gliosis-like,OPC-NPC-like 1 > Gliosis-like,OPC-NPC-like,AC-gliosis-hypoxia
at13_0,"('OPC-NPC-like 1', 'Gliosis-like')",0.8,OPC-NPC-like 1,Gliosis-like,OPC-NPC-like 1 > Gliosis-like,OPC-NPC-like,AC-gliosis-hypoxia
at15_4,"('OPC-NPC-like 1', 'Gliosis-like')",0.8734177215189873,OPC-NPC-like 1,Gliosis-like,OPC-NPC-like 1 > Gliosis-like,OPC-NPC-like,AC-gliosis-hypoxia
at10_1,"('OPC-NPC-like 1', 'Gliosis-like')",0.9916666666666668,OPC-NPC-like 1,Gliosis-like,OPC-NPC-like 1 > Gliosis-like,OPC-NPC-like,AC-gliosis-hypoxia
at6_5,"('OPC-NPC-like 1', 'Gliosis-like')",0.0108695652173913,OPC-NPC-like 1,Gliosis-like,OPC-NPC-like 1 > Gliosis-like,OPC-NPC-like,AC-gliosis-hypoxia
at3_3,"('OPC-NPC-like 1', 'Gliosis-like')",0.0326460481099656,OPC-NPC-like 1,Gliosis-like,OPC-NPC-like 1 > Gliosis-like,OPC-NPC-like,AC-gliosis-hypoxia
at5_9,"('OPC-NPC-like 1', 'Gliosis-like')",0.1176470588235294,OPC-NPC-like 1,Gliosis-like,OPC-NPC-like 1 > Gliosis-like,OPC-NPC-like,AC-gliosis-hypoxia
at9_2,"('OPC-NPC-like 1', 'Gliosis-like')",0.3846153846153846,OPC-NPC-like 1,Gliosis-like,OPC-NPC-like 1 > Gliosis-like,OPC-NPC-like,AC-gliosis-hypoxia
at9_0,"('OPC-NPC-like 1', 'Gliosis-like')",0.0601503759398496,OPC-NPC-like 1,Gliosis-like,OPC-NPC-like 1 > Gliosis-like,OPC-NPC-like,AC-gliosis-hypoxia
at6_0,"('OPC-NPC-like 1', 'Gliosis-like')",0.8571428571428571,OPC-NPC-like 1,Gliosis-like,OPC-NPC-like 1 > Gliosis-like,OPC-NPC-like,AC-gliosis-hypoxia
at4_1,"('OPC-NPC-like 1', 'Gliosis-like')",0.9426229508196722,OPC-NPC-like 1,Gliosis-like,OPC-NPC-like 1 > Gliosis-like,OPC-NPC-like,AC-gliosis-hypoxia
at5_4,"('OPC-NPC-like 1', 'Gliosis-like')",1.0,OPC-NPC-like 1,Gliosis-like,OPC-NPC-like 1 > Gliosis-like,OPC-NPC-like,AC-gliosis-hypoxia
at15_3,"('OPC-NPC-like 1', 'Gliosis-like')",0.943089430894309,OPC-NPC-like 1,Gliosis-like,OPC-NPC-like 1 > Gliosis-like,OPC-NPC-like,AC-gliosis-hypoxia
at15_0,"('OPC-NPC-like 1', 'Gliosis-like')",0.8933333333333333,OPC-NPC-like 1,Gliosis-like,OPC-NPC-like 1 > Gliosis-like,OPC-NPC-like,AC-gliosis-hypoxia
at15_2,"('OPC-NPC-like 1', 'Gliosis-like')",0.9230769230769232,OPC-NPC-like 1,Gliosis-like,OPC-NPC-like 1 > Gliosis-like,OPC-NPC-like,AC-gliosis-hypoxia
at15_6,"('OPC-NPC-like 1', 'Gliosis-like')",0.8636363636363636,OPC-NPC-like 1,Gliosis-like,OPC-NPC-like 1 > Gliosis-like,OPC-NPC-like,AC-gliosis-hypoxia
at4_0,"('OPC-NPC-like 1', 'Gliosis-like')",0.9906976744186048,OPC-NPC-like 1,Gliosis-like,OPC-NPC-like 1 > Gliosis-like,OPC-NPC-like,AC-gliosis-hypoxia
at10_0,"('OPC-NPC-like 1', 'Gliosis-like')",0.8636363636363636,OPC-NPC-like 1,Gliosis-like,OPC-NPC-like 1 > Gliosis-like,OPC-NPC-like,AC-gliosis-hypoxia
at7_0,"('OPC-NPC-like 1', 'Gliosis-like')",1.0,OPC-NPC-like 1,Gliosis-like,OPC-NPC-like 1 > Gliosis-like,OPC-NPC-like,AC-gliosis-hypoxia
at10_2,"('OPC-NPC-like 1', 'Gliosis-like')",0.9669421487603306,OPC-NPC-like 1,Gliosis-like,OPC-NPC-like 1 > Gliosis-like,OPC-NPC-like,AC-gliosis-hypoxia
at13_0,"('OPC-NPC-like 1', 'Gliosis-like')",0.8,OPC-NPC-like 1,Gliosis-like,OPC-NPC-like 1 > Gliosis-like,OPC-NPC-like,AC-gliosis-hypoxia
at15_4,"('OPC-NPC-like 1', 'Gliosis-like')",0.8734177215189873,OPC-NPC-like 1,Gliosis-like,OPC-NPC-like 1 > Gliosis-like,OPC-NPC-like,AC-gliosis-hypoxia
at10_1,"('OPC-NPC-like 1', 'Gliosis-like')",0.9916666666666668,OPC-NPC-like 1,Gliosis-like,OPC-NPC-like 1 > Gliosis-like,OPC-NPC-like,AC-gliosis-hypoxia
at6_5,"('OPC-NPC-like 1', 'Gliosis-like')",0.0108695652173913,OPC-NPC-like 1,Gliosis-like,OPC-NPC-like 1 > Gliosis-like,OPC-NPC-like,AC-gliosis-hypoxia
at3_3,"('OPC-NPC-like 1', 'Gliosis-like')",0.0326460481099656,OPC-NPC-like 1,Gliosis-like,OPC-NPC-like 1 > Gliosis-like,OPC-NPC-like,AC-gliosis-hypoxia
at5_9,"('OPC-NPC-like 1', 'Gliosis-like')",0.1176470588235294,OPC-NPC-like 1,Gliosis-like,OPC-NPC-like 1 > Gliosis-like,OPC-NPC-like,AC-gliosis-hypoxia
at9_2,"('OPC-NPC-like 1', 'Gliosis-like')",0.3846153846153846,OPC-NPC-like 1,Gliosis-like,OPC-NPC-like 1 > Gliosis-like,OPC-NPC-like,AC-gliosis-hypoxia
at9_0,"('OPC-NPC-like 1', 'Gliosis-like')",0.0601503759398496,OPC-NPC-like 1,Gliosis-like,OPC-NPC-like 1 > Gliosis-like,OPC-NPC-like,AC-gliosis-hypoxia
at6_0,"('OPC-NPC-like 1', 'Gliosis-like')",0.8571428571428571,OPC-NPC-like 1,Gliosis-like,OPC-NPC-like 1 > Gliosis-like,OPC-NPC-like,AC-gliosis-hypoxia
at4_1,"('OPC-NPC-like 1', 'Gliosis-like')",0.9426229508196722,OPC-NPC-like 1,Gliosis-like,OPC-NPC-like 1 > Gliosis-like,OPC-NPC-like,AC-gliosis-hypoxia
at5_4,"('OPC-NPC-like 1', 'Gliosis-like')",1.0,OPC-NPC-like 1,Gliosis-like,OPC-NPC-like 1 > Gliosis-like,OPC-NPC-like,AC-gliosis-hypoxia
at15_3,"('OPC-NPC-like 1', 'Gliosis-like')",0.943089430894309,OPC-NPC-like 1,Gliosis-like,OPC-NPC-like 1 > Gliosis-like,OPC-NPC-like,AC-gliosis-hypoxia
at15_0,"('OPC-NPC-like 1', 'Gliosis-like')",0.8933333333333333,OPC-NPC-like 1,Gliosis-like,OPC-NPC-like 1 > Gliosis-like,OPC-NPC-like,AC-gliosis-hypoxia
at15_2,"('OPC-NPC-like 1', 'Gliosis-like')",0.9230769230769232,OPC-NPC-like 1,Gliosis-like,OPC-NPC-like 1 > Gliosis-like,OPC-NPC-like,AC-gliosis-hypoxia
at15_6,"('OPC-NPC-like 1', 'Gliosis-like')",0.8636363636363636,OPC-NPC-like 1,Gliosis-like,OPC-NPC-like 1 > Gliosis-like,OPC-NPC-like,AC-gliosis-hypoxia
at4_0,"('OPC-NPC-like 1', 'Gliosis-like')",0.9906976744186048,OPC-NPC-like 1,Gliosis-like,OPC-NPC-like 1 > Gliosis-like,OPC-NPC-like,AC-gliosis-hypoxia
at10_0,"('OPC-NPC-like 1', 'Gliosis-like')",0.8636363636363636,OPC-NPC-like 1,Gliosis-like,OPC-NPC-like 1 > Gliosis-like,OPC-NPC-like,AC-gliosis-hypoxia
at7_0,"('OPC-NPC-like 1', 'Gliosis-like')",1.0,OPC-NPC-like 1,Gliosis-like,OPC-NPC-like 1 > Gliosis-like,OPC-NPC-like,AC-gliosis-hypoxia
at10_2,"('OPC-NPC-like 1', 'Gliosis-like')",0.9669421487603306,OPC-NPC-like 1,Gliosis-like,OPC-NPC-like 1 > Gliosis-like,OPC-NPC-like,AC-gliosis-hypoxia
at13_0,"('OPC-NPC-like 1', 'Gliosis-like')",0.8,OPC-NPC-like 1,Gliosis-like,OPC-NPC-like 1 > Gliosis-like,OPC-NPC-like,AC-gliosis-hypoxia
at15_4,"('OPC-NPC-like 1', 'Gliosis-like')",0.8734177215189873,OPC-NPC-like 1,Gliosis-like,OPC-NPC-like 1 > Gliosis-like,OPC-NPC-like,AC-gliosis-hypoxia
at10_1,"('OPC-NPC-like 1', 'Gliosis-like')",0.9916666666666668,OPC-NPC-like 1,Gliosis-like,OPC-NPC-like 1 > Gliosis-like,OPC-NPC-like,AC-gliosis-hypoxia
at6_5,"('OPC-NPC-like 1', 'Gliosis-like')",0.0108695652173913,OPC-NPC-like 1,Gliosis-like,OPC-NPC-like 1 > Gliosis-like,OPC-NPC-like,AC-gliosis-hypoxia
at3_3,"('OPC-NPC-like 1', 'Gliosis-like')",0.0326460481099656,OPC-NPC-like 1,Gliosis-like,OPC-NPC-like 1 > Gliosis-like,OPC-NPC-like,AC-gliosis-hypoxia
at5_9,"('OPC-NPC-like 1', 'Gliosis-like')",0.1176470588235294,OPC-NPC-like 1,Gliosis-like,OPC-NPC-like 1 > Gliosis-like,OPC-NPC-like,AC-gliosis-hypoxia
at9_2,"('OPC-NPC-like 1', 'Gliosis-like')",0.3846153846153846,OPC-NPC-like 1,Gliosis-like,OPC-NPC-like 1 > Gliosis-like,OPC-NPC-like,AC-gliosis-hypoxia
at9_0,"('OPC-NPC-like 1', 'Gliosis-like')",0.0601503759398496,OPC-NPC-like 1,Gliosis-like,OPC-NPC-like 1 > Gliosis-like,OPC-NPC-like,AC-gliosis-hypoxia
at6_0,"('OPC-NPC-like 1', 'Gliosis-like')",0.8571428571428571,OPC-NPC-like 1,Gliosis-like,OPC-NPC-like 1 > Gliosis-like,OPC-NPC-like,AC-gliosis-hypoxia
at4_1,"('OPC-NPC-like 1', 'Gliosis-like')",0.9426229508196722,OPC-NPC-like 1,Gliosis-like,OPC-NPC-like 1 > Gliosis-like,OPC-NPC-like,AC-gliosis-hypoxia
at5_4,"('OPC-NPC-like 1', 'Gliosis-like')",1.0,OPC-NPC-like 1,Gliosis-like,OPC-NPC-like 1 > Gliosis-like,OPC-NPC-like,AC-gliosis-hypoxia
at15_3,"('OPC-NPC-like 1', 'Gliosis-like')",0.943089430894309,OPC-NPC-like 1,Gliosis-like,OPC-NPC-like 1 > Gliosis-like,OPC-NPC-like,AC-gliosis-hypoxia
at15_0,"('OPC-NPC-like 1', 'Gliosis-like')",0.8933333333333333,OPC-NPC-like 1,Gliosis-like,OPC-NPC-like 1 > Gliosis-like,OPC-NPC-like,AC-gliosis-hypoxia
at15_2,"('OPC-NPC-like 1', 'Gliosis-like')",0.9230769230769232,OPC-NPC-like 1,Gliosis-like,OPC-NPC-like 1 > Gliosis-like,OPC-NPC-like,AC-gliosis-hypoxia
at15_6,"('OPC-NPC-like 1', 'Gliosis-like')",0.8636363636363636,OPC-NPC-like 1,Gliosis-like,OPC-NPC-like 1 > Gliosis-like,OPC-NPC-like,AC-gliosis-hypoxia
at4_0,"('OPC-NPC-like 1', 'Gliosis-like')",0.9906976744186048,OPC-NPC-like 1,Gliosis-like,OPC-NPC-like 1 > Gliosis-like,OPC-NPC-like,AC-gliosis-hypoxia
at10_0,"('OPC-NPC-like 1', 'Gliosis-like')",0.8636363636363636,OPC-NPC-like 1,Gliosis-like,OPC-NPC-like 1 > Gliosis-like,OPC-NPC-like,AC-gliosis-hypoxia
at7_0,"('OPC-NPC-like 1', 'Gliosis-like')",1.0,OPC-NPC-like 1,Gliosis-like,OPC-NPC-like 1 > Gliosis-like,OPC-NPC-like,AC-gliosis-hypoxia
at10_2,"('OPC-NPC-like 1', 'Gliosis-like')",0.9669421487603306,OPC-NPC-like 1,Gliosis-like,OPC-NPC-like 1 > Gliosis-like,OPC-NPC-like,AC-gliosis-hypoxia
at13_0,"('OPC-NPC-like 1', 'Gliosis-like')",0.8,OPC-NPC-like 1,Gliosis-like,OPC-NPC-like 1 > Gliosis-like,OPC-NPC-like,AC-gliosis-hypoxia
at15_4,"('OPC-NPC-like 1', 'Gliosis-like')",0.8734177215189873,OPC-NPC-like 1,Gliosis-like,OPC-NPC-like 1 > Gliosis-like,OPC-NPC-like,AC-gliosis-hypoxia
at10_1,"('OPC-NPC-like 1', 'Gliosis-like')",0.9916666666666668,OPC-NPC-like 1,Gliosis-like,OPC-NPC-like 1 > Gliosis-like,OPC-NPC-like,AC-gliosis-hypoxia
at6_5,"('OPC-NPC-like 1', 'Gliosis-like')",0.0108695652173913,OPC-NPC-like 1,Gliosis-like,OPC-NPC-like 1 > Gliosis-like,OPC-NPC-like,AC-gliosis-hypoxia
at3_3,"('OPC-NPC-like 1', 'Gliosis-like')",0.0326460481099656,OPC-NPC-like 1,Gliosis-like,OPC-NPC-like 1 > Gliosis-like,OPC-NPC-like,AC-gliosis-hypoxia
at5_9,"('OPC-NPC-like 1', 'Gliosis-like')",0.1176470588235294,OPC-NPC-like 1,Gliosis-like,OPC-NPC-like 1 > Gliosis-like,OPC-NPC-like,AC-gliosis-hypoxia
at9_2,"('OPC-NPC-like 1', 'Gliosis-like')",0.3846153846153846,OPC-NPC-like 1,Gliosis-like,OPC-NPC-like 1 > Gliosis-like,OPC-NPC-like,AC-gliosis-hypoxia
at9_0,"('OPC-NPC-like 1', 'Gliosis-like')",0.0601503759398496,OPC-NPC-like 1,Gliosis-like,OPC-NPC-like 1 > Gliosis-like,OPC-NPC-like,AC-gliosis-hypoxia
at6_0,"('OPC-NPC-like 1', 'Gliosis-like')",0.8571428571428571,OPC-NPC-like 1,Gliosis-like,OPC-NPC-like 1 > Gliosis-like,OPC-NPC-like,AC-gliosis-hypoxia
at4_1,"('OPC-NPC-like 1', 'Gliosis-like')",0.9426229508196722,OPC-NPC-like 1,Gliosis-like,OPC-NPC-like 1 > Gliosis-like,OPC-NPC-like,AC-gliosis-hypoxia
at5_4,"('OPC-NPC-like 1', 'Gliosis-like')",1.0,OPC-NPC-like 1,Gliosis-like,OPC-NPC-like 1 > Gliosis-like,OPC-NPC-like,AC-gliosis-hypoxia
at15_3,"('OPC-NPC-like 1', 'Gliosis-like')",0.943089430894309,OPC-NPC-like 1,Gliosis-like,OPC-NPC-like 1 > Gliosis-like,OPC-NPC-like,AC-gliosis-hypoxia
at15_0,"('OPC-NPC-like 1', 'Gliosis-like')",0.8933333333333333,OPC-NPC-like 1,Gliosis-like,OPC-NPC-like 1 > Gliosis-like,OPC-NPC-like,AC-gliosis-hypoxia
at15_2,"('OPC-NPC-like 1', 'Gliosis-like')",0.9230769230769232,OPC-NPC-like 1,Gliosis-like,OPC-NPC-like 1 > Gliosis-like,OPC-NPC-like,AC-gliosis-hypoxia
at15_6,"('OPC-NPC-like 1', 'Gliosis-like')",0.8636363636363636,OPC-NPC-like 1,Gliosis-like,OPC-NPC-like 1 > Gliosis-like,OPC-NPC-like,AC-gliosis-hypoxia
at4_0,"('OPC-NPC-like 1', 'Gliosis-like')",0.9906976744186048,OPC-NPC-like 1,Gliosis-like,OPC-NPC-like 1 > Gliosis-like,OPC-NPC-like,AC-gliosis-hypoxia
at10_0,"('OPC-NPC-like 1', 'Gliosis-like')",0.8636363636363636,OPC-NPC-like 1,Gliosis-like,OPC-NPC-like 1 > Gliosis-like,OPC-NPC-like,AC-gliosis-hypoxia
at7_0,"('OPC-NPC-like 1', 'Gliosis-like')",1.0,OPC-NPC-like 1,Gliosis-like,OPC-NPC-like 1 > Gliosis-like,OPC-NPC-like,AC-gliosis-hypoxia
at10_2,"('OPC-NPC-like 1', 'Gliosis-like')",0.9669421487603306,OPC-NPC-like 1,Gliosis-like,OPC-NPC-like 1 > Gliosis-like,OPC-NPC-like,AC-gliosis-hypoxia
at13_0,"('OPC-NPC-like 1', 'Gliosis-like')",0.8,OPC-NPC-like 1,Gliosis-like,OPC-NPC-like 1 > Gliosis-like,OPC-NPC-like,AC-gliosis-hypoxia
at15_4,"('OPC-NPC-like 1', 'Gliosis-like')",0.8734177215189873,OPC-NPC-like 1,Gliosis-like,OPC-NPC-like 1 > Gliosis-like,OPC-NPC-like,AC-gliosis-hypoxia
at10_1,"('OPC-NPC-like 1', 'Gliosis-like')",0.9916666666666668,OPC-NPC-like 1,Gliosis-like,OPC-NPC-like 1 > Gliosis-like,OPC-NPC-like,AC-gliosis-hypoxia
at6_5,"('OPC-NPC-like 1', 'Gliosis-like')",0.0108695652173913,OPC-NPC-like 1,Gliosis-like,OPC-NPC-like 1 > Gliosis-like,OPC-NPC-like,AC-gliosis-hypoxia
at3_3,"('OPC-NPC-like 1', 'Gliosis-like')",0.0326460481099656,OPC-NPC-like 1,Gliosis-like,OPC-NPC-like 1 > Gliosis-like,OPC-NPC-like,AC-gliosis-hypoxia
at5_9,"('OPC-NPC-like 1', 'Gliosis-like')",0.1176470588235294,OPC-NPC-like 1,Gliosis-like,OPC-NPC-like 1 > Gliosis-like,OPC-NPC-like,AC-gliosis-hypoxia
at9_2,"('OPC-NPC-like 1', 'Gliosis-like')",0.3846153846153846,OPC-NPC-like 1,Gliosis-like,OPC-NPC-like 1 > Gliosis-like,OPC-NPC-like,AC-gliosis-hypoxia
at9_0,"('OPC-NPC-like 1', 'Gliosis-like')",0.0601503759398496,OPC-NPC-like 1,Gliosis-like,OPC-NPC-like 1 > Gliosis-like,OPC-NPC-like,AC-gliosis-hypoxia
at6_0,"('OPC-NPC-like 1', 'Gliosis-like')",0.8571428571428571,OPC-NPC-like 1,Gliosis-like,OPC-NPC-like 1 > Gliosis-like,OPC-NPC-like,AC-gliosis-hypoxia
at4_1,"('OPC-NPC-like 1', 'Gliosis-like')",0.9426229508196722,OPC-NPC-like 1,Gliosis-like,OPC-NPC-like 1 > Gliosis-like,OPC-NPC-like,AC-gliosis-hypoxia
at5_4,"('OPC-NPC-like 1', 'Gliosis-like')",1.0,OPC-NPC-like 1,Gliosis-like,OPC-NPC-like 1 > Gliosis-like,OPC-NPC-like,AC-gliosis-hypoxia
at15_3,"('OPC-NPC-like 1', 'Gliosis-like')",0.943089430894309,OPC-NPC-like 1,Gliosis-like,OPC-NPC-like 1 > Gliosis-like,OPC-NPC-like,AC-gliosis-hypoxia
at15_0,"('OPC-NPC-like 1', 'Gliosis-like')",0.8933333333333333,OPC-NPC-like 1,Gliosis-like,OPC-NPC-like 1 > Gliosis-like,OPC-NPC-like,AC-gliosis-hypoxia
at15_2,"('OPC-NPC-like 1', 'Gliosis-like')",0.9230769230769232,OPC-NPC-like 1,Gliosis-like,OPC-NPC-like 1 > Gliosis-like,OPC-NPC-like,AC-gliosis-hypoxia
at15_6,"('OPC-NPC-like 1', 'Gliosis-like')",0.8636363636363636,OPC-NPC-like 1,Gliosis-like,OPC-NPC-like 1 > Gliosis-like,OPC-NPC-like,AC-gliosis-hypoxia
at4_0,"('OPC-NPC-like 1', 'Gliosis-like')",0.9906976744186048,OPC-NPC-like 1,Gliosis-like,OPC-NPC-like 1 > Gliosis-like,OPC-NPC-like,AC-gliosis-hypoxia
at10_0,"('OPC-NPC-like 1', 'Gliosis-like')",0.8636363636363636,OPC-NPC-like 1,Gliosis-like,OPC-NPC-like 1 > Gliosis-like,OPC-NPC-like,AC-gliosis-hypoxia
at7_0,"('OPC-NPC-like 1', 'Gliosis-like')",1.0,OPC-NPC-like 1,Gliosis-like,OPC-NPC-like 1 > Gliosis-like,OPC-NPC-like,AC-gliosis-hypoxia
at10_2,"('OPC-NPC-like 1', 'Gliosis-like')",0.9669421487603306,OPC-NPC-like 1,Gliosis-like,OPC-NPC-like 1 > Gliosis-like,OPC-NPC-like,AC-gliosis-hypoxia
at13_0,"('OPC-NPC-like 1', 'Gliosis-like')",0.8,OPC-NPC-like 1,Gliosis-like,OPC-NPC-like 1 > Gliosis-like,OPC-NPC-like,AC-gliosis-hypoxia
at15_4,"('OPC-NPC-like 1', 'Gliosis-like')",0.8734177215189873,OPC-NPC-like 1,Gliosis-like,OPC-NPC-like 1 > Gliosis-like,OPC-NPC-like,AC-gliosis-hypoxia
at10_1,"('OPC-NPC-like 1', 'Gliosis-like')",0.9916666666666668,OPC-NPC-like 1,Gliosis-like,OPC-NPC-like 1 > Gliosis-like,OPC-NPC-like,AC-gliosis-hypoxia
at6_5,"('OPC-NPC-like 1', 'Gliosis-like')",0.0108695652173913,OPC-NPC-like 1,Gliosis-like,OPC-NPC-like 1 > Gliosis-like,OPC-NPC-like,AC-gliosis-hypoxia
at3_3,"('OPC-NPC-like 1', 'Gliosis-like')",0.0326460481099656,OPC-NPC-like 1,Gliosis-like,OPC-NPC-like 1 > Gliosis-like,OPC-NPC-like,AC-gliosis-hypoxia
at5_9,"('OPC-NPC-like 1', 'Gliosis-like')",0.1176470588235294,OPC-NPC-like 1,Gliosis-like,OPC-NPC-like 1 > Gliosis-like,OPC-NPC-like,AC-gliosis-hypoxia
at9_2,"('OPC-NPC-like 1', 'Gliosis-like')",0.3846153846153846,OPC-NPC-like 1,Gliosis-like,OPC-NPC-like 1 > Gliosis-like,OPC-NPC-like,AC-gliosis-hypoxia
at9_0,"('OPC-NPC-like 1', 'Gliosis-like')",0.0601503759398496,OPC-NPC-like 1,Gliosis-like,OPC-NPC-like 1 > Gliosis-like,OPC-NPC-like,AC-gliosis-hypoxia
at6_0,"('OPC-NPC-like 1', 'Gliosis-like')",0.8571428571428571,OPC-NPC-like 1,Gliosis-like,OPC-NPC-like 1 > Gliosis-like,OPC-NPC-like,AC-gliosis-hypoxia
at4_1,"('OPC-NPC-like 1', 'Gliosis-like')",0.9426229508196722,OPC-NPC-like 1,Gliosis-like,OPC-NPC-like 1 > Gliosis-like,OPC-NPC-like,AC-gliosis-hypoxia
at5_4,"('OPC-NPC-like 1', 'Gliosis-like')",1.0,OPC-NPC-like 1,Gliosis-like,OPC-NPC-like 1 > Gliosis-like,OPC-NPC-like,AC-gliosis-hypoxia
at15_3,"('OPC-NPC-like 1', 'Gliosis-like')",0.943089430894309,OPC-NPC-like 1,Gliosis-like,OPC-NPC-like 1 > Gliosis-like,OPC-NPC-like,AC-gliosis-hypoxia
at15_0,"('OPC-NPC-like 1', 'Gliosis-like')",0.8933333333333333,OPC-NPC-like 1,Gliosis-like,OPC-NPC-like 1 > Gliosis-like,OPC-NPC-like,AC-gliosis-hypoxia
at15_2,"('OPC-NPC-like 1', 'Gliosis-like')",0.9230769230769232,OPC-NPC-like 1,Gliosis-like,OPC-NPC-like 1 > Gliosis-like,OPC-NPC-like,AC-gliosis-hypoxia
at15_6,"('OPC-NPC-like 1', 'Gliosis-like')",0.8636363636363636,OPC-NPC-like 1,Gliosis-like,OPC-NPC-like 1 > Gliosis-like,OPC-NPC-like,AC-gliosis-hypoxia
at4_0,"('OPC-NPC-like 1', 'Gliosis-like')",0.9906976744186048,OPC-NPC-like 1,Gliosis-like,OPC-NPC-like 1 > Gliosis-like,OPC-NPC-like,AC-gliosis-hypoxia
at10_0,"('OPC-NPC-like 1', 'Gliosis-like')",0.8636363636363636,OPC-NPC-like 1,Gliosis-like,OPC-NPC-like 1 > Gliosis-like,OPC-NPC-like,AC-gliosis-hypoxia
at7_0,"('OPC-NPC-like 1', 'Gliosis-like')",1.0,OPC-NPC-like 1,Gliosis-like,OPC-NPC-like 1 > Gliosis-like,OPC-NPC-like,AC-gliosis-hypoxia
at10_2,"('OPC-NPC-like 1', 'Gliosis-like')",0.9669421487603306,OPC-NPC-like 1,Gliosis-like,OPC-NPC-like 1 > Gliosis-like,OPC-NPC-like,AC-gliosis-hypoxia
at13_0,"('OPC-NPC-like 1', 'Gliosis-like')",0.8,OPC-NPC-like 1,Gliosis-like,OPC-NPC-like 1 > Gliosis-like,OPC-NPC-like,AC-gliosis-hypoxia
at15_4,"('OPC-NPC-like 1', 'Gliosis-like')",0.8734177215189873,OPC-NPC-like 1,Gliosis-like,OPC-NPC-like 1 > Gliosis-like,OPC-NPC-like,AC-gliosis-hypoxia
at10_1,"('OPC-NPC-like 1', 'Gliosis-like')",0.9916666666666668,OPC-NPC-like 1,Gliosis-like,OPC-NPC-like 1 > Gliosis-like,OPC-NPC-like,AC-gliosis-hypoxia
at6_5,"('OPC-NPC-like 1', 'Gliosis-like')",0.0108695652173913,OPC-NPC-like 1,Gliosis-like,OPC-NPC-like 1 > Gliosis-like,OPC-NPC-like,AC-gliosis-hypoxia
at3_3,"('OPC-NPC-like 1', 'Gliosis-like')",0.0326460481099656,OPC-NPC-like 1,Gliosis-like,OPC-NPC-like 1 > Gliosis-like,OPC-NPC-like,AC-gliosis-hypoxia
at5_9,"('OPC-NPC-like 1', 'Gliosis-like')",0.1176470588235294,OPC-NPC-like 1,Gliosis-like,OPC-NPC-like 1 > Gliosis-like,OPC-NPC-like,AC-gliosis-hypoxia
at9_2,"('OPC-NPC-like 1', 'Gliosis-like')",0.3846153846153846,OPC-NPC-like 1,Gliosis-like,OPC-NPC-like 1 > Gliosis-like,OPC-NPC-like,AC-gliosis-hypoxia
at9_0,"('OPC-NPC-like 1', 'Gliosis-like')",0.0601503759398496,OPC-NPC-like 1,Gliosis-like,OPC-NPC-like 1 > Gliosis-like,OPC-NPC-like,AC-gliosis-hypoxia
at6_0,"('OPC-NPC-like 1', 'Gliosis-like')",0.8571428571428571,OPC-NPC-like 1,Gliosis-like,OPC-NPC-like 1 > Gliosis-like,OPC-NPC-like,AC-gliosis-hypoxia
at4_1,"('OPC-NPC-like 1', 'Gliosis-like')",0.9426229508196722,OPC-NPC-like 1,Gliosis-like,OPC-NPC-like 1 > Gliosis-like,OPC-NPC-like,AC-gliosis-hypoxia
at5_4,"('OPC-NPC-like 1', 'Gliosis-like')",1.0,OPC-NPC-like 1,Gliosis-like,OPC-NPC-like 1 > Gliosis-like,OPC-NPC-like,AC-gliosis-hypoxia
at15_3,"('OPC-NPC-like 1', 'Gliosis-like')",0.943089430894309,OPC-NPC-like 1,Gliosis-like,OPC-NPC-like 1 > Gliosis-like,OPC-NPC-like,AC-gliosis-hypoxia
at15_0,"('OPC-NPC-like 1', 'Gliosis-like')",0.8933333333333333,OPC-NPC-like 1,Gliosis-like,OPC-NPC-like 1 > Gliosis-like,OPC-NPC-like,AC-gliosis-hypoxia
at15_2,"('OPC-NPC-like 1', 'Gliosis-like')",0.9230769230769232,OPC-NPC-like 1,Gliosis-like,OPC-NPC-like 1 > Gliosis-like,OPC-NPC-like,AC-gliosis-hypoxia
at15_6,"('OPC-NPC-like 1', 'Gliosis-like')",0.8636363636363636,OPC-NPC-like 1,Gliosis-like,OPC-NPC-like 1 > Gliosis-like,OPC-NPC-like,AC-gliosis-hypoxia
at4_0,"('OPC-NPC-like 1', 'Gliosis-like')",0.9906976744186048,OPC-NPC-like 1,Gliosis-like,OPC-NPC-like 1 > Gliosis-like,OPC-NPC-like,AC-gliosis-hypoxia
at10_0,"('OPC-NPC-like 1', 'Gliosis-like')",0.8636363636363636,OPC-NPC-like 1,Gliosis-like,OPC-NPC-like 1 > Gliosis-like,OPC-NPC-like,AC-gliosis-hypoxia
at7_0,"('OPC-NPC-like 1', 'Gliosis-like')",1.0,OPC-NPC-like 1,Gliosis-like,OPC-NPC-like 1 > Gliosis-like,OPC-NPC-like,AC-gliosis-hypoxia
at10_2,"('OPC-NPC-like 1', 'Gliosis-like')",0.9669421487603306,OPC-NPC-like 1,Gliosis-like,OPC-NPC-like 1 > Gliosis-like,OPC-NPC-like,AC-gliosis-hypoxia
at13_0,"('OPC-NPC-like 1', 'Gliosis-like')",0.8,OPC-NPC-like 1,Gliosis-like,OPC-NPC-like 1 > Gliosis-like,OPC-NPC-like,AC-gliosis-hypoxia
at15_4,"('OPC-NPC-like 1', 'Gliosis-like')",0.8734177215189873,OPC-NPC-like 1,Gliosis-like,OPC-NPC-like 1 > Gliosis-like,OPC-NPC-like,AC-gliosis-hypoxia
at10_1,"('OPC-NPC-like 1', 'Gliosis-like')",0.9916666666666668,OPC-NPC-like 1,Gliosis-like,OPC-NPC-like 1 > Gliosis-like,OPC-NPC-like,AC-gliosis-hypoxia
at6_5,"('OPC-NPC-like 1', 'Gliosis-like')",0.0108695652173913,OPC-NPC-like 1,Gliosis-like,OPC-NPC-like 1 > Gliosis-like,OPC-NPC-like,AC-gliosis-hypoxia
at3_3,"('OPC-NPC-like 1', 'Gliosis-like')",0.0326460481099656,OPC-NPC-like 1,Gliosis-like,OPC-NPC-like 1 > Gliosis-like,OPC-NPC-like,AC-gliosis-hypoxia
at5_9,"('OPC-NPC-like 1', 'Gliosis-like')",0.1176470588235294,OPC-NPC-like 1,Gliosis-like,OPC-NPC-like 1 > Gliosis-like,OPC-NPC-like,AC-gliosis-hypoxia
at9_2,"('OPC-NPC-like 1', 'Gliosis-like')",0.3846153846153846,OPC-NPC-like 1,Gliosis-like,OPC-NPC-like 1 > Gliosis-like,OPC-NPC-like,AC-gliosis-hypoxia
at9_0,"('OPC-NPC-like 1', 'Gliosis-like')",0.0601503759398496,OPC-NPC-like 1,Gliosis-like,OPC-NPC-like 1 > Gliosis-like,OPC-NPC-like,AC-gliosis-hypoxia
at6_0,"('OPC-NPC-like 1', 'Gliosis-like')",0.8571428571428571,OPC-NPC-like 1,Gliosis-like,OPC-NPC-like 1 > Gliosis-like,OPC-NPC-like,AC-gliosis-hypoxia
at4_1,"('OPC-NPC-like 1', 'Gliosis-like')",0.9426229508196722,OPC-NPC-like 1,Gliosis-like,OPC-NPC-like 1 > Gliosis-like,OPC-NPC-like,AC-gliosis-hypoxia
at5_4,"('OPC-NPC-like 1', 'Gliosis-like')",1.0,OPC-NPC-like 1,Gliosis-like,OPC-NPC-like 1 > Gliosis-like,OPC-NPC-like,AC-gliosis-hypoxia
at15_3,"('OPC-NPC-like 1', 'Gliosis-like')",0.943089430894309,OPC-NPC-like 1,Gliosis-like,OPC-NPC-like 1 > Gliosis-like,OPC-NPC-like,AC-gliosis-hypoxia
at15_0,"('OPC-NPC-like 1', 'Gliosis-like')",0.8933333333333333,OPC-NPC-like 1,Gliosis-like,OPC-NPC-like 1 > Gliosis-like,OPC-NPC-like,AC-gliosis-hypoxia
at15_2,"('OPC-NPC-like 1', 'Gliosis-like')",0.9230769230769232,OPC-NPC-like 1,Gliosis-like,OPC-NPC-like 1 > Gliosis-like,OPC-NPC-like,AC-gliosis-hypoxia
at15_6,"('OPC-NPC-like 1', 'Gliosis-like')",0.8636363636363636,OPC-NPC-like 1,Gliosis-like,OPC-NPC-like 1 > Gliosis-like,OPC-NPC-like,AC-gliosis-hypoxia
at4_0,"('OPC-NPC-like 1', 'Gliosis-like')",0.9906976744186048,OPC-NPC-like 1,Gliosis-like,OPC-NPC-like 1 > Gliosis-like,OPC-NPC-like,AC-gliosis-hypoxia
at10_0,"('OPC-NPC-like 1', 'Gliosis-like')",0.8636363636363636,OPC-NPC-like 1,Gliosis-like,OPC-NPC-like 1 > Gliosis-like,OPC-NPC-like,AC-gliosis-hypoxia
at7_0,"('OPC-NPC-like 1', 'Gliosis-like')",1.0,OPC-NPC-like 1,Gliosis-like,OPC-NPC-like 1 > Gliosis-like,OPC-NPC-like,AC-gliosis-hypoxia
at10_2,"('OPC-NPC-like 1', 'Gliosis-like')",0.9669421487603306,OPC-NPC-like 1,Gliosis-like,OPC-NPC-like 1 > Gliosis-like,OPC-NPC-like,AC-gliosis-hypoxia
at13_0,"('OPC-NPC-like 1', 'Gliosis-like')",0.8,OPC-NPC-like 1,Gliosis-like,OPC-NPC-like 1 > Gliosis-like,OPC-NPC-like,AC-gliosis-hypoxia
at15_4,"('OPC-NPC-like 1', 'Gliosis-like')",0.8734177215189873,OPC-NPC-like 1,Gliosis-like,OPC-NPC-like 1 > Gliosis-like,OPC-NPC-like,AC-gliosis-hypoxia
at10_1,"('OPC-NPC-like 1', 'Gliosis-like')",0.9916666666666668,OPC-NPC-like 1,Gliosis-like,OPC-NPC-like 1 > Gliosis-like,OPC-NPC-like,AC-gliosis-hypoxia
at6_5,"('OPC-NPC-like 1', 'Gliosis-like')",0.0108695652173913,OPC-NPC-like 1,Gliosis-like,OPC-NPC-like 1 > Gliosis-like,OPC-NPC-like,AC-gliosis-hypoxia
at3_3,"('OPC-NPC-like 1', 'Gliosis-like')",0.0326460481099656,OPC-NPC-like 1,Gliosis-like,OPC-NPC-like 1 > Gliosis-like,OPC-NPC-like,AC-gliosis-hypoxia
at5_9,"('OPC-NPC-like 1', 'Gliosis-like')",0.1176470588235294,OPC-NPC-like 1,Gliosis-like,OPC-NPC-like 1 > Gliosis-like,OPC-NPC-like,AC-gliosis-hypoxia
at9_2,"('OPC-NPC-like 1', 'Gliosis-like')",0.3846153846153846,OPC-NPC-like 1,Gliosis-like,OPC-NPC-like 1 > Gliosis-like,OPC-NPC-like,AC-gliosis-hypoxia
at9_0,"('OPC-NPC-like 1', 'Gliosis-like')",0.0601503759398496,OPC-NPC-like 1,Gliosis-like,OPC-NPC-like 1 > Gliosis-like,OPC-NPC-like,AC-gliosis-hypoxia
at6_0,"('OPC-like 2', 'Gliosis-like')",0.8571428571428571,OPC-like 2,Gliosis-like,OPC-like 2 > Gliosis-like,OPC-NPC-like,AC-gliosis-hypoxia
at4_1,"('OPC-like 2', 'Gliosis-like')",0.9426229508196722,OPC-like 2,Gliosis-like,OPC-like 2 > Gliosis-like,OPC-NPC-like,AC-gliosis-hypoxia
at5_4,"('OPC-like 2', 'Gliosis-like')",1.0,OPC-like 2,Gliosis-like,OPC-like 2 > Gliosis-like,OPC-NPC-like,AC-gliosis-hypoxia
at15_3,"('OPC-like 2', 'Gliosis-like')",0.943089430894309,OPC-like 2,Gliosis-like,OPC-like 2 > Gliosis-like,OPC-NPC-like,AC-gliosis-hypoxia
at15_0,"('OPC-like 2', 'Gliosis-like')",0.88,OPC-like 2,Gliosis-like,OPC-like 2 > Gliosis-like,OPC-NPC-like,AC-gliosis-hypoxia
at15_2,"('OPC-like 2', 'Gliosis-like')",0.75,OPC-like 2,Gliosis-like,OPC-like 2 > Gliosis-like,OPC-NPC-like,AC-gliosis-hypoxia
at15_6,"('OPC-like 2', 'Gliosis-like')",0.7196969696969697,OPC-like 2,Gliosis-like,OPC-like 2 > Gliosis-like,OPC-NPC-like,AC-gliosis-hypoxia
at4_0,"('OPC-like 2', 'Gliosis-like')",0.9906976744186048,OPC-like 2,Gliosis-like,OPC-like 2 > Gliosis-like,OPC-NPC-like,AC-gliosis-hypoxia
at10_0,"('OPC-like 2', 'Gliosis-like')",0.8636363636363636,OPC-like 2,Gliosis-like,OPC-like 2 > Gliosis-like,OPC-NPC-like,AC-gliosis-hypoxia
at7_0,"('OPC-like 2', 'Gliosis-like')",1.0,OPC-like 2,Gliosis-like,OPC-like 2 > Gliosis-like,OPC-NPC-like,AC-gliosis-hypoxia
at10_2,"('OPC-like 2', 'Gliosis-like')",0.9669421487603306,OPC-like 2,Gliosis-like,OPC-like 2 > Gliosis-like,OPC-NPC-like,AC-gliosis-hypoxia
at13_0,"('OPC-like 2', 'Gliosis-like')",0.8,OPC-like 2,Gliosis-like,OPC-like 2 > Gliosis-like,OPC-NPC-like,AC-gliosis-hypoxia
at15_4,"('OPC-like 2', 'Gliosis-like')",0.7848101265822784,OPC-like 2,Gliosis-like,OPC-like 2 > Gliosis-like,OPC-NPC-like,AC-gliosis-hypoxia
at10_1,"('OPC-like 2', 'Gliosis-like')",0.9916666666666668,OPC-like 2,Gliosis-like,OPC-like 2 > Gliosis-like,OPC-NPC-like,AC-gliosis-hypoxia
at6_5,"('OPC-like 2', 'Gliosis-like')",0.0108695652173913,OPC-like 2,Gliosis-like,OPC-like 2 > Gliosis-like,OPC-NPC-like,AC-gliosis-hypoxia
at3_3,"('OPC-like 2', 'Gliosis-like')",0.0343642611683848,OPC-like 2,Gliosis-like,OPC-like 2 > Gliosis-like,OPC-NPC-like,AC-gliosis-hypoxia
at5_9,"('OPC-like 2', 'Gliosis-like')",1.0,OPC-like 2,Gliosis-like,OPC-like 2 > Gliosis-like,OPC-NPC-like,AC-gliosis-hypoxia
at4_2,"('OPC-like 2', 'Gliosis-like')",0.0208333333333333,OPC-like 2,Gliosis-like,OPC-like 2 > Gliosis-like,OPC-NPC-like,AC-gliosis-hypoxia
at9_2,"('OPC-like 2', 'Gliosis-like')",0.3846153846153846,OPC-like 2,Gliosis-like,OPC-like 2 > Gliosis-like,OPC-NPC-like,AC-gliosis-hypoxia
at9_0,"('OPC-like 2', 'Gliosis-like')",0.0601503759398496,OPC-like 2,Gliosis-like,OPC-like 2 > Gliosis-like,OPC-NPC-like,AC-gliosis-hypoxia
at6_0,"('OPC-like 2', 'Gliosis-like')",0.8571428571428571,OPC-like 2,Gliosis-like,OPC-like 2 > Gliosis-like,OPC-NPC-like,AC-gliosis-hypoxia
at4_1,"('OPC-like 2', 'Gliosis-like')",0.9426229508196722,OPC-like 2,Gliosis-like,OPC-like 2 > Gliosis-like,OPC-NPC-like,AC-gliosis-hypoxia
at5_4,"('OPC-like 2', 'Gliosis-like')",1.0,OPC-like 2,Gliosis-like,OPC-like 2 > Gliosis-like,OPC-NPC-like,AC-gliosis-hypoxia
at15_3,"('OPC-like 2', 'Gliosis-like')",0.943089430894309,OPC-like 2,Gliosis-like,OPC-like 2 > Gliosis-like,OPC-NPC-like,AC-gliosis-hypoxia
at15_0,"('OPC-like 2', 'Gliosis-like')",0.88,OPC-like 2,Gliosis-like,OPC-like 2 > Gliosis-like,OPC-NPC-like,AC-gliosis-hypoxia
at15_2,"('OPC-like 2', 'Gliosis-like')",0.75,OPC-like 2,Gliosis-like,OPC-like 2 > Gliosis-like,OPC-NPC-like,AC-gliosis-hypoxia
at15_6,"('OPC-like 2', 'Gliosis-like')",0.7196969696969697,OPC-like 2,Gliosis-like,OPC-like 2 > Gliosis-like,OPC-NPC-like,AC-gliosis-hypoxia
at4_0,"('OPC-like 2', 'Gliosis-like')",0.9906976744186048,OPC-like 2,Gliosis-like,OPC-like 2 > Gliosis-like,OPC-NPC-like,AC-gliosis-hypoxia
at10_0,"('OPC-like 2', 'Gliosis-like')",0.8636363636363636,OPC-like 2,Gliosis-like,OPC-like 2 > Gliosis-like,OPC-NPC-like,AC-gliosis-hypoxia
at7_0,"('OPC-like 2', 'Gliosis-like')",1.0,OPC-like 2,Gliosis-like,OPC-like 2 > Gliosis-like,OPC-NPC-like,AC-gliosis-hypoxia
at10_2,"('OPC-like 2', 'Gliosis-like')",0.9669421487603306,OPC-like 2,Gliosis-like,OPC-like 2 > Gliosis-like,OPC-NPC-like,AC-gliosis-hypoxia
at13_0,"('OPC-like 2', 'Gliosis-like')",0.8,OPC-like 2,Gliosis-like,OPC-like 2 > Gliosis-like,OPC-NPC-like,AC-gliosis-hypoxia
at15_4,"('OPC-like 2', 'Gliosis-like')",0.7848101265822784,OPC-like 2,Gliosis-like,OPC-like 2 > Gliosis-like,OPC-NPC-like,AC-gliosis-hypoxia
at10_1,"('OPC-like 2', 'Gliosis-like')",0.9916666666666668,OPC-like 2,Gliosis-like,OPC-like 2 > Gliosis-like,OPC-NPC-like,AC-gliosis-hypoxia
at6_5,"('OPC-like 2', 'Gliosis-like')",0.0108695652173913,OPC-like 2,Gliosis-like,OPC-like 2 > Gliosis-like,OPC-NPC-like,AC-gliosis-hypoxia
at3_3,"('OPC-like 2', 'Gliosis-like')",0.0343642611683848,OPC-like 2,Gliosis-like,OPC-like 2 > Gliosis-like,OPC-NPC-like,AC-gliosis-hypoxia
at5_9,"('OPC-like 2', 'Gliosis-like')",1.0,OPC-like 2,Gliosis-like,OPC-like 2 > Gliosis-like,OPC-NPC-like,AC-gliosis-hypoxia
at4_2,"('OPC-like 2', 'Gliosis-like')",0.0208333333333333,OPC-like 2,Gliosis-like,OPC-like 2 > Gliosis-like,OPC-NPC-like,AC-gliosis-hypoxia
at9_2,"('OPC-like 2', 'Gliosis-like')",0.3846153846153846,OPC-like 2,Gliosis-like,OPC-like 2 > Gliosis-like,OPC-NPC-like,AC-gliosis-hypoxia
at9_0,"('OPC-like 2', 'Gliosis-like')",0.0601503759398496,OPC-like 2,Gliosis-like,OPC-like 2 > Gliosis-like,OPC-NPC-like,AC-gliosis-hypoxia
at6_0,"('OPC-like 2', 'Gliosis-like')",0.8571428571428571,OPC-like 2,Gliosis-like,OPC-like 2 > Gliosis-like,OPC-NPC-like,AC-gliosis-hypoxia
at4_1,"('OPC-like 2', 'Gliosis-like')",0.9426229508196722,OPC-like 2,Gliosis-like,OPC-like 2 > Gliosis-like,OPC-NPC-like,AC-gliosis-hypoxia
at5_4,"('OPC-like 2', 'Gliosis-like')",1.0,OPC-like 2,Gliosis-like,OPC-like 2 > Gliosis-like,OPC-NPC-like,AC-gliosis-hypoxia
at15_3,"('OPC-like 2', 'Gliosis-like')",0.943089430894309,OPC-like 2,Gliosis-like,OPC-like 2 > Gliosis-like,OPC-NPC-like,AC-gliosis-hypoxia
at15_0,"('OPC-like 2', 'Gliosis-like')",0.88,OPC-like 2,Gliosis-like,OPC-like 2 > Gliosis-like,OPC-NPC-like,AC-gliosis-hypoxia
at15_2,"('OPC-like 2', 'Gliosis-like')",0.75,OPC-like 2,Gliosis-like,OPC-like 2 > Gliosis-like,OPC-NPC-like,AC-gliosis-hypoxia
at15_6,"('OPC-like 2', 'Gliosis-like')",0.7196969696969697,OPC-like 2,Gliosis-like,OPC-like 2 > Gliosis-like,OPC-NPC-like,AC-gliosis-hypoxia
at4_0,"('OPC-like 2', 'Gliosis-like')",0.9906976744186048,OPC-like 2,Gliosis-like,OPC-like 2 > Gliosis-like,OPC-NPC-like,AC-gliosis-hypoxia
at10_0,"('OPC-like 2', 'Gliosis-like')",0.8636363636363636,OPC-like 2,Gliosis-like,OPC-like 2 > Gliosis-like,OPC-NPC-like,AC-gliosis-hypoxia
at7_0,"('OPC-like 2', 'Gliosis-like')",1.0,OPC-like 2,Gliosis-like,OPC-like 2 > Gliosis-like,OPC-NPC-like,AC-gliosis-hypoxia
at10_2,"('OPC-like 2', 'Gliosis-like')",0.9669421487603306,OPC-like 2,Gliosis-like,OPC-like 2 > Gliosis-like,OPC-NPC-like,AC-gliosis-hypoxia
at13_0,"('OPC-like 2', 'Gliosis-like')",0.8,OPC-like 2,Gliosis-like,OPC-like 2 > Gliosis-like,OPC-NPC-like,AC-gliosis-hypoxia
at15_4,"('OPC-like 2', 'Gliosis-like')",0.7848101265822784,OPC-like 2,Gliosis-like,OPC-like 2 > Gliosis-like,OPC-NPC-like,AC-gliosis-hypoxia
at10_1,"('OPC-like 2', 'Gliosis-like')",0.9916666666666668,OPC-like 2,Gliosis-like,OPC-like 2 > Gliosis-like,OPC-NPC-like,AC-gliosis-hypoxia
at6_5,"('OPC-like 2', 'Gliosis-like')",0.0108695652173913,OPC-like 2,Gliosis-like,OPC-like 2 > Gliosis-like,OPC-NPC-like,AC-gliosis-hypoxia
at3_3,"('OPC-like 2', 'Gliosis-like')",0.0343642611683848,OPC-like 2,Gliosis-like,OPC-like 2 > Gliosis-like,OPC-NPC-like,AC-gliosis-hypoxia
at5_9,"('OPC-like 2', 'Gliosis-like')",1.0,OPC-like 2,Gliosis-like,OPC-like 2 > Gliosis-like,OPC-NPC-like,AC-gliosis-hypoxia
at4_2,"('OPC-like 2', 'Gliosis-like')",0.0208333333333333,OPC-like 2,Gliosis-like,OPC-like 2 > Gliosis-like,OPC-NPC-like,AC-gliosis-hypoxia
at9_2,"('OPC-like 2', 'Gliosis-like')",0.3846153846153846,OPC-like 2,Gliosis-like,OPC-like 2 > Gliosis-like,OPC-NPC-like,AC-gliosis-hypoxia
at9_0,"('OPC-like 2', 'Gliosis-like')",0.0601503759398496,OPC-like 2,Gliosis-like,OPC-like 2 > Gliosis-like,OPC-NPC-like,AC-gliosis-hypoxia
at6_0,"('OPC-like 2', 'Gliosis-like')",0.8571428571428571,OPC-like 2,Gliosis-like,OPC-like 2 > Gliosis-like,OPC-NPC-like,AC-gliosis-hypoxia
at4_1,"('OPC-like 2', 'Gliosis-like')",0.9426229508196722,OPC-like 2,Gliosis-like,OPC-like 2 > Gliosis-like,OPC-NPC-like,AC-gliosis-hypoxia
at5_4,"('OPC-like 2', 'Gliosis-like')",1.0,OPC-like 2,Gliosis-like,OPC-like 2 > Gliosis-like,OPC-NPC-like,AC-gliosis-hypoxia
at15_3,"('OPC-like 2', 'Gliosis-like')",0.943089430894309,OPC-like 2,Gliosis-like,OPC-like 2 > Gliosis-like,OPC-NPC-like,AC-gliosis-hypoxia
at15_0,"('OPC-like 2', 'Gliosis-like')",0.88,OPC-like 2,Gliosis-like,OPC-like 2 > Gliosis-like,OPC-NPC-like,AC-gliosis-hypoxia
at15_2,"('OPC-like 2', 'Gliosis-like')",0.75,OPC-like 2,Gliosis-like,OPC-like 2 > Gliosis-like,OPC-NPC-like,AC-gliosis-hypoxia
at15_6,"('OPC-like 2', 'Gliosis-like')",0.7196969696969697,OPC-like 2,Gliosis-like,OPC-like 2 > Gliosis-like,OPC-NPC-like,AC-gliosis-hypoxia
at4_0,"('OPC-like 2', 'Gliosis-like')",0.9906976744186048,OPC-like 2,Gliosis-like,OPC-like 2 > Gliosis-like,OPC-NPC-like,AC-gliosis-hypoxia
at10_0,"('OPC-like 2', 'Gliosis-like')",0.8636363636363636,OPC-like 2,Gliosis-like,OPC-like 2 > Gliosis-like,OPC-NPC-like,AC-gliosis-hypoxia
at7_0,"('OPC-like 2', 'Gliosis-like')",1.0,OPC-like 2,Gliosis-like,OPC-like 2 > Gliosis-like,OPC-NPC-like,AC-gliosis-hypoxia
at10_2,"('OPC-like 2', 'Gliosis-like')",0.9669421487603306,OPC-like 2,Gliosis-like,OPC-like 2 > Gliosis-like,OPC-NPC-like,AC-gliosis-hypoxia
at13_0,"('OPC-like 2', 'Gliosis-like')",0.8,OPC-like 2,Gliosis-like,OPC-like 2 > Gliosis-like,OPC-NPC-like,AC-gliosis-hypoxia
at15_4,"('OPC-like 2', 'Gliosis-like')",0.7848101265822784,OPC-like 2,Gliosis-like,OPC-like 2 > Gliosis-like,OPC-NPC-like,AC-gliosis-hypoxia
at10_1,"('OPC-like 2', 'Gliosis-like')",0.9916666666666668,OPC-like 2,Gliosis-like,OPC-like 2 > Gliosis-like,OPC-NPC-like,AC-gliosis-hypoxia
at6_5,"('OPC-like 2', 'Gliosis-like')",0.0108695652173913,OPC-like 2,Gliosis-like,OPC-like 2 > Gliosis-like,OPC-NPC-like,AC-gliosis-hypoxia
at3_3,"('OPC-like 2', 'Gliosis-like')",0.0343642611683848,OPC-like 2,Gliosis-like,OPC-like 2 > Gliosis-like,OPC-NPC-like,AC-gliosis-hypoxia
at5_9,"('OPC-like 2', 'Gliosis-like')",1.0,OPC-like 2,Gliosis-like,OPC-like 2 > Gliosis-like,OPC-NPC-like,AC-gliosis-hypoxia
at4_2,"('OPC-like 2', 'Gliosis-like')",0.0208333333333333,OPC-like 2,Gliosis-like,OPC-like 2 > Gliosis-like,OPC-NPC-like,AC-gliosis-hypoxia
at9_2,"('OPC-like 2', 'Gliosis-like')",0.3846153846153846,OPC-like 2,Gliosis-like,OPC-like 2 > Gliosis-like,OPC-NPC-like,AC-gliosis-hypoxia
at9_0,"('OPC-like 2', 'Gliosis-like')",0.0601503759398496,OPC-like 2,Gliosis-like,OPC-like 2 > Gliosis-like,OPC-NPC-like,AC-gliosis-hypoxia
at6_0,"('OPC-like 2', 'Gliosis-like')",0.8571428571428571,OPC-like 2,Gliosis-like,OPC-like 2 > Gliosis-like,OPC-NPC-like,AC-gliosis-hypoxia
at4_1,"('OPC-like 2', 'Gliosis-like')",0.9426229508196722,OPC-like 2,Gliosis-like,OPC-like 2 > Gliosis-like,OPC-NPC-like,AC-gliosis-hypoxia
at5_4,"('OPC-like 2', 'Gliosis-like')",1.0,OPC-like 2,Gliosis-like,OPC-like 2 > Gliosis-like,OPC-NPC-like,AC-gliosis-hypoxia
at15_3,"('OPC-like 2', 'Gliosis-like')",0.943089430894309,OPC-like 2,Gliosis-like,OPC-like 2 > Gliosis-like,OPC-NPC-like,AC-gliosis-hypoxia
at15_0,"('OPC-like 2', 'Gliosis-like')",0.88,OPC-like 2,Gliosis-like,OPC-like 2 > Gliosis-like,OPC-NPC-like,AC-gliosis-hypoxia
at15_2,"('OPC-like 2', 'Gliosis-like')",0.75,OPC-like 2,Gliosis-like,OPC-like 2 > Gliosis-like,OPC-NPC-like,AC-gliosis-hypoxia
at15_6,"('OPC-like 2', 'Gliosis-like')",0.7196969696969697,OPC-like 2,Gliosis-like,OPC-like 2 > Gliosis-like,OPC-NPC-like,AC-gliosis-hypoxia
at4_0,"('OPC-like 2', 'Gliosis-like')",0.9906976744186048,OPC-like 2,Gliosis-like,OPC-like 2 > Gliosis-like,OPC-NPC-like,AC-gliosis-hypoxia
at10_0,"('OPC-like 2', 'Gliosis-like')",0.8636363636363636,OPC-like 2,Gliosis-like,OPC-like 2 > Gliosis-like,OPC-NPC-like,AC-gliosis-hypoxia
at7_0,"('OPC-like 2', 'Gliosis-like')",1.0,OPC-like 2,Gliosis-like,OPC-like 2 > Gliosis-like,OPC-NPC-like,AC-gliosis-hypoxia
at10_2,"('OPC-like 2', 'Gliosis-like')",0.9669421487603306,OPC-like 2,Gliosis-like,OPC-like 2 > Gliosis-like,OPC-NPC-like,AC-gliosis-hypoxia
at13_0,"('OPC-like 2', 'Gliosis-like')",0.8,OPC-like 2,Gliosis-like,OPC-like 2 > Gliosis-like,OPC-NPC-like,AC-gliosis-hypoxia
at15_4,"('OPC-like 2', 'Gliosis-like')",0.7848101265822784,OPC-like 2,Gliosis-like,OPC-like 2 > Gliosis-like,OPC-NPC-like,AC-gliosis-hypoxia
at10_1,"('OPC-like 2', 'Gliosis-like')",0.9916666666666668,OPC-like 2,Gliosis-like,OPC-like 2 > Gliosis-like,OPC-NPC-like,AC-gliosis-hypoxia
at6_5,"('OPC-like 2', 'Gliosis-like')",0.0108695652173913,OPC-like 2,Gliosis-like,OPC-like 2 > Gliosis-like,OPC-NPC-like,AC-gliosis-hypoxia
at3_3,"('OPC-like 2', 'Gliosis-like')",0.0343642611683848,OPC-like 2,Gliosis-like,OPC-like 2 > Gliosis-like,OPC-NPC-like,AC-gliosis-hypoxia
at5_9,"('OPC-like 2', 'Gliosis-like')",1.0,OPC-like 2,Gliosis-like,OPC-like 2 > Gliosis-like,OPC-NPC-like,AC-gliosis-hypoxia
at4_2,"('OPC-like 2', 'Gliosis-like')",0.0208333333333333,OPC-like 2,Gliosis-like,OPC-like 2 > Gliosis-like,OPC-NPC-like,AC-gliosis-hypoxia
at9_2,"('OPC-like 2', 'Gliosis-like')",0.3846153846153846,OPC-like 2,Gliosis-like,OPC-like 2 > Gliosis-like,OPC-NPC-like,AC-gliosis-hypoxia
at9_0,"('OPC-like 2', 'Gliosis-like')",0.0601503759398496,OPC-like 2,Gliosis-like,OPC-like 2 > Gliosis-like,OPC-NPC-like,AC-gliosis-hypoxia
at6_0,"('OPC-like 2', 'Gliosis-like')",0.8571428571428571,OPC-like 2,Gliosis-like,OPC-like 2 > Gliosis-like,OPC-NPC-like,AC-gliosis-hypoxia
at4_1,"('OPC-like 2', 'Gliosis-like')",0.9426229508196722,OPC-like 2,Gliosis-like,OPC-like 2 > Gliosis-like,OPC-NPC-like,AC-gliosis-hypoxia
at5_4,"('OPC-like 2', 'Gliosis-like')",1.0,OPC-like 2,Gliosis-like,OPC-like 2 > Gliosis-like,OPC-NPC-like,AC-gliosis-hypoxia
at15_3,"('OPC-like 2', 'Gliosis-like')",0.943089430894309,OPC-like 2,Gliosis-like,OPC-like 2 > Gliosis-like,OPC-NPC-like,AC-gliosis-hypoxia
at15_0,"('OPC-like 2', 'Gliosis-like')",0.88,OPC-like 2,Gliosis-like,OPC-like 2 > Gliosis-like,OPC-NPC-like,AC-gliosis-hypoxia
at15_2,"('OPC-like 2', 'Gliosis-like')",0.75,OPC-like 2,Gliosis-like,OPC-like 2 > Gliosis-like,OPC-NPC-like,AC-gliosis-hypoxia
at15_6,"('OPC-like 2', 'Gliosis-like')",0.7196969696969697,OPC-like 2,Gliosis-like,OPC-like 2 > Gliosis-like,OPC-NPC-like,AC-gliosis-hypoxia
at4_0,"('OPC-like 2', 'Gliosis-like')",0.9906976744186048,OPC-like 2,Gliosis-like,OPC-like 2 > Gliosis-like,OPC-NPC-like,AC-gliosis-hypoxia
at10_0,"('OPC-like 2', 'Gliosis-like')",0.8636363636363636,OPC-like 2,Gliosis-like,OPC-like 2 > Gliosis-like,OPC-NPC-like,AC-gliosis-hypoxia
at7_0,"('OPC-like 2', 'Gliosis-like')",1.0,OPC-like 2,Gliosis-like,OPC-like 2 > Gliosis-like,OPC-NPC-like,AC-gliosis-hypoxia
at10_2,"('OPC-like 2', 'Gliosis-like')",0.9669421487603306,OPC-like 2,Gliosis-like,OPC-like 2 > Gliosis-like,OPC-NPC-like,AC-gliosis-hypoxia
at13_0,"('OPC-like 2', 'Gliosis-like')",0.8,OPC-like 2,Gliosis-like,OPC-like 2 > Gliosis-like,OPC-NPC-like,AC-gliosis-hypoxia
at15_4,"('OPC-like 2', 'Gliosis-like')",0.7848101265822784,OPC-like 2,Gliosis-like,OPC-like 2 > Gliosis-like,OPC-NPC-like,AC-gliosis-hypoxia
at10_1,"('OPC-like 2', 'Gliosis-like')",0.9916666666666668,OPC-like 2,Gliosis-like,OPC-like 2 > Gliosis-like,OPC-NPC-like,AC-gliosis-hypoxia
at6_5,"('OPC-like 2', 'Gliosis-like')",0.0108695652173913,OPC-like 2,Gliosis-like,OPC-like 2 > Gliosis-like,OPC-NPC-like,AC-gliosis-hypoxia
at3_3,"('OPC-like 2', 'Gliosis-like')",0.0343642611683848,OPC-like 2,Gliosis-like,OPC-like 2 > Gliosis-like,OPC-NPC-like,AC-gliosis-hypoxia
at5_9,"('OPC-like 2', 'Gliosis-like')",1.0,OPC-like 2,Gliosis-like,OPC-like 2 > Gliosis-like,OPC-NPC-like,AC-gliosis-hypoxia
at4_2,"('OPC-like 2', 'Gliosis-like')",0.0208333333333333,OPC-like 2,Gliosis-like,OPC-like 2 > Gliosis-like,OPC-NPC-like,AC-gliosis-hypoxia
at9_2,"('OPC-like 2', 'Gliosis-like')",0.3846153846153846,OPC-like 2,Gliosis-like,OPC-like 2 > Gliosis-like,OPC-NPC-like,AC-gliosis-hypoxia
at9_0,"('OPC-like 2', 'Gliosis-like')",0.0601503759398496,OPC-like 2,Gliosis-like,OPC-like 2 > Gliosis-like,OPC-NPC-like,AC-gliosis-hypoxia
at6_0,"('OPC-like 2', 'Gliosis-like')",0.8571428571428571,OPC-like 2,Gliosis-like,OPC-like 2 > Gliosis-like,OPC-NPC-like,AC-gliosis-hypoxia
at4_1,"('OPC-like 2', 'Gliosis-like')",0.9426229508196722,OPC-like 2,Gliosis-like,OPC-like 2 > Gliosis-like,OPC-NPC-like,AC-gliosis-hypoxia
at5_4,"('OPC-like 2', 'Gliosis-like')",1.0,OPC-like 2,Gliosis-like,OPC-like 2 > Gliosis-like,OPC-NPC-like,AC-gliosis-hypoxia
at15_3,"('OPC-like 2', 'Gliosis-like')",0.943089430894309,OPC-like 2,Gliosis-like,OPC-like 2 > Gliosis-like,OPC-NPC-like,AC-gliosis-hypoxia
at15_0,"('OPC-like 2', 'Gliosis-like')",0.88,OPC-like 2,Gliosis-like,OPC-like 2 > Gliosis-like,OPC-NPC-like,AC-gliosis-hypoxia
at15_2,"('OPC-like 2', 'Gliosis-like')",0.75,OPC-like 2,Gliosis-like,OPC-like 2 > Gliosis-like,OPC-NPC-like,AC-gliosis-hypoxia
at15_6,"('OPC-like 2', 'Gliosis-like')",0.7196969696969697,OPC-like 2,Gliosis-like,OPC-like 2 > Gliosis-like,OPC-NPC-like,AC-gliosis-hypoxia
at4_0,"('OPC-like 2', 'Gliosis-like')",0.9906976744186048,OPC-like 2,Gliosis-like,OPC-like 2 > Gliosis-like,OPC-NPC-like,AC-gliosis-hypoxia
at10_0,"('OPC-like 2', 'Gliosis-like')",0.8636363636363636,OPC-like 2,Gliosis-like,OPC-like 2 > Gliosis-like,OPC-NPC-like,AC-gliosis-hypoxia
at7_0,"('OPC-like 2', 'Gliosis-like')",1.0,OPC-like 2,Gliosis-like,OPC-like 2 > Gliosis-like,OPC-NPC-like,AC-gliosis-hypoxia
at10_2,"('OPC-like 2', 'Gliosis-like')",0.9669421487603306,OPC-like 2,Gliosis-like,OPC-like 2 > Gliosis-like,OPC-NPC-like,AC-gliosis-hypoxia
at13_0,"('OPC-like 2', 'Gliosis-like')",0.8,OPC-like 2,Gliosis-like,OPC-like 2 > Gliosis-like,OPC-NPC-like,AC-gliosis-hypoxia
at15_4,"('OPC-like 2', 'Gliosis-like')",0.7848101265822784,OPC-like 2,Gliosis-like,OPC-like 2 > Gliosis-like,OPC-NPC-like,AC-gliosis-hypoxia
at10_1,"('OPC-like 2', 'Gliosis-like')",0.9916666666666668,OPC-like 2,Gliosis-like,OPC-like 2 > Gliosis-like,OPC-NPC-like,AC-gliosis-hypoxia
at6_5,"('OPC-like 2', 'Gliosis-like')",0.0108695652173913,OPC-like 2,Gliosis-like,OPC-like 2 > Gliosis-like,OPC-NPC-like,AC-gliosis-hypoxia
at3_3,"('OPC-like 2', 'Gliosis-like')",0.0343642611683848,OPC-like 2,Gliosis-like,OPC-like 2 > Gliosis-like,OPC-NPC-like,AC-gliosis-hypoxia
at5_9,"('OPC-like 2', 'Gliosis-like')",1.0,OPC-like 2,Gliosis-like,OPC-like 2 > Gliosis-like,OPC-NPC-like,AC-gliosis-hypoxia
at4_2,"('OPC-like 2', 'Gliosis-like')",0.0208333333333333,OPC-like 2,Gliosis-like,OPC-like 2 > Gliosis-like,OPC-NPC-like,AC-gliosis-hypoxia
at9_2,"('OPC-like 2', 'Gliosis-like')",0.3846153846153846,OPC-like 2,Gliosis-like,OPC-like 2 > Gliosis-like,OPC-NPC-like,AC-gliosis-hypoxia
at9_0,"('OPC-like 2', 'Gliosis-like')",0.0601503759398496,OPC-like 2,Gliosis-like,OPC-like 2 > Gliosis-like,OPC-NPC-like,AC-gliosis-hypoxia
at6_0,"('OPC-NPC-like 1', 'Hypoxic 2')",1.0,OPC-NPC-like 1,Hypoxic 2,OPC-NPC-like 1 > Hypoxic 2,OPC-NPC-like,AC-gliosis-hypoxia
at4_1,"('OPC-NPC-like 1', 'Hypoxic 2')",0.6159052453468697,OPC-NPC-like 1,Hypoxic 2,OPC-NPC-like 1 > Hypoxic 2,OPC-NPC-like,AC-gliosis-hypoxia
at5_4,"('OPC-NPC-like 1', 'Hypoxic 2')",0.9333333333333332,OPC-NPC-like 1,Hypoxic 2,OPC-NPC-like 1 > Hypoxic 2,OPC-NPC-like,AC-gliosis-hypoxia
at15_3,"('OPC-NPC-like 1', 'Hypoxic 2')",0.7592592592592593,OPC-NPC-like 1,Hypoxic 2,OPC-NPC-like 1 > Hypoxic 2,OPC-NPC-like,AC-gliosis-hypoxia
at15_0,"('OPC-NPC-like 1', 'Hypoxic 2')",0.9629629629629628,OPC-NPC-like 1,Hypoxic 2,OPC-NPC-like 1 > Hypoxic 2,OPC-NPC-like,AC-gliosis-hypoxia
at15_2,"('OPC-NPC-like 1', 'Hypoxic 2')",0.925,OPC-NPC-like 1,Hypoxic 2,OPC-NPC-like 1 > Hypoxic 2,OPC-NPC-like,AC-gliosis-hypoxia
at15_6,"('OPC-NPC-like 1', 'Hypoxic 2')",0.8936170212765957,OPC-NPC-like 1,Hypoxic 2,OPC-NPC-like 1 > Hypoxic 2,OPC-NPC-like,AC-gliosis-hypoxia
at4_0,"('OPC-NPC-like 1', 'Hypoxic 2')",0.8595360824742269,OPC-NPC-like 1,Hypoxic 2,OPC-NPC-like 1 > Hypoxic 2,OPC-NPC-like,AC-gliosis-hypoxia
at10_0,"('OPC-NPC-like 1', 'Hypoxic 2')",0.7083333333333334,OPC-NPC-like 1,Hypoxic 2,OPC-NPC-like 1 > Hypoxic 2,OPC-NPC-like,AC-gliosis-hypoxia
at7_0,"('OPC-NPC-like 1', 'Hypoxic 2')",0.9935205183585312,OPC-NPC-like 1,Hypoxic 2,OPC-NPC-like 1 > Hypoxic 2,OPC-NPC-like,AC-gliosis-hypoxia
at10_2,"('OPC-NPC-like 1', 'Hypoxic 2')",0.8571428571428571,OPC-NPC-like 1,Hypoxic 2,OPC-NPC-like 1 > Hypoxic 2,OPC-NPC-like,AC-gliosis-hypoxia
at13_0,"('OPC-NPC-like 1', 'Hypoxic 2')",0.5176056338028169,OPC-NPC-like 1,Hypoxic 2,OPC-NPC-like 1 > Hypoxic 2,OPC-NPC-like,AC-gliosis-hypoxia
at15_4,"('OPC-NPC-like 1', 'Hypoxic 2')",0.8831168831168831,OPC-NPC-like 1,Hypoxic 2,OPC-NPC-like 1 > Hypoxic 2,OPC-NPC-like,AC-gliosis-hypoxia
at10_1,"('OPC-NPC-like 1', 'Hypoxic 2')",0.9155982905982906,OPC-NPC-like 1,Hypoxic 2,OPC-NPC-like 1 > Hypoxic 2,OPC-NPC-like,AC-gliosis-hypoxia
at6_5,"('OPC-NPC-like 1', 'Hypoxic 2')",0.0142857142857142,OPC-NPC-like 1,Hypoxic 2,OPC-NPC-like 1 > Hypoxic 2,OPC-NPC-like,AC-gliosis-hypoxia
at3_3,"('OPC-NPC-like 1', 'Hypoxic 2')",0.0158730158730158,OPC-NPC-like 1,Hypoxic 2,OPC-NPC-like 1 > Hypoxic 2,OPC-NPC-like,AC-gliosis-hypoxia
at9_2,"('OPC-NPC-like 1', 'Hypoxic 2')",0.4468085106382978,OPC-NPC-like 1,Hypoxic 2,OPC-NPC-like 1 > Hypoxic 2,OPC-NPC-like,AC-gliosis-hypoxia
at9_4,"('OPC-NPC-like 1', 'Hypoxic 2')",0.0009661835748792,OPC-NPC-like 1,Hypoxic 2,OPC-NPC-like 1 > Hypoxic 2,OPC-NPC-like,AC-gliosis-hypoxia
at9_0,"('OPC-NPC-like 1', 'Hypoxic 2')",0.0215897939156035,OPC-NPC-like 1,Hypoxic 2,OPC-NPC-like 1 > Hypoxic 2,OPC-NPC-like,AC-gliosis-hypoxia
at6_0,"('OPC-NPC-like 1', 'Hypoxic 2')",1.0,OPC-NPC-like 1,Hypoxic 2,OPC-NPC-like 1 > Hypoxic 2,OPC-NPC-like,AC-gliosis-hypoxia
at4_1,"('OPC-NPC-like 1', 'Hypoxic 2')",0.6159052453468697,OPC-NPC-like 1,Hypoxic 2,OPC-NPC-like 1 > Hypoxic 2,OPC-NPC-like,AC-gliosis-hypoxia
at5_4,"('OPC-NPC-like 1', 'Hypoxic 2')",0.9333333333333332,OPC-NPC-like 1,Hypoxic 2,OPC-NPC-like 1 > Hypoxic 2,OPC-NPC-like,AC-gliosis-hypoxia
at15_3,"('OPC-NPC-like 1', 'Hypoxic 2')",0.7592592592592593,OPC-NPC-like 1,Hypoxic 2,OPC-NPC-like 1 > Hypoxic 2,OPC-NPC-like,AC-gliosis-hypoxia
at15_0,"('OPC-NPC-like 1', 'Hypoxic 2')",0.9629629629629628,OPC-NPC-like 1,Hypoxic 2,OPC-NPC-like 1 > Hypoxic 2,OPC-NPC-like,AC-gliosis-hypoxia
at15_2,"('OPC-NPC-like 1', 'Hypoxic 2')",0.925,OPC-NPC-like 1,Hypoxic 2,OPC-NPC-like 1 > Hypoxic 2,OPC-NPC-like,AC-gliosis-hypoxia
at15_6,"('OPC-NPC-like 1', 'Hypoxic 2')",0.8936170212765957,OPC-NPC-like 1,Hypoxic 2,OPC-NPC-like 1 > Hypoxic 2,OPC-NPC-like,AC-gliosis-hypoxia
at4_0,"('OPC-NPC-like 1', 'Hypoxic 2')",0.8595360824742269,OPC-NPC-like 1,Hypoxic 2,OPC-NPC-like 1 > Hypoxic 2,OPC-NPC-like,AC-gliosis-hypoxia
at10_0,"('OPC-NPC-like 1', 'Hypoxic 2')",0.7083333333333334,OPC-NPC-like 1,Hypoxic 2,OPC-NPC-like 1 > Hypoxic 2,OPC-NPC-like,AC-gliosis-hypoxia
at7_0,"('OPC-NPC-like 1', 'Hypoxic 2')",0.9935205183585312,OPC-NPC-like 1,Hypoxic 2,OPC-NPC-like 1 > Hypoxic 2,OPC-NPC-like,AC-gliosis-hypoxia
at10_2,"('OPC-NPC-like 1', 'Hypoxic 2')",0.8571428571428571,OPC-NPC-like 1,Hypoxic 2,OPC-NPC-like 1 > Hypoxic 2,OPC-NPC-like,AC-gliosis-hypoxia
at13_0,"('OPC-NPC-like 1', 'Hypoxic 2')",0.5176056338028169,OPC-NPC-like 1,Hypoxic 2,OPC-NPC-like 1 > Hypoxic 2,OPC-NPC-like,AC-gliosis-hypoxia
at15_4,"('OPC-NPC-like 1', 'Hypoxic 2')",0.8831168831168831,OPC-NPC-like 1,Hypoxic 2,OPC-NPC-like 1 > Hypoxic 2,OPC-NPC-like,AC-gliosis-hypoxia
at10_1,"('OPC-NPC-like 1', 'Hypoxic 2')",0.9155982905982906,OPC-NPC-like 1,Hypoxic 2,OPC-NPC-like 1 > Hypoxic 2,OPC-NPC-like,AC-gliosis-hypoxia
at6_5,"('OPC-NPC-like 1', 'Hypoxic 2')",0.0142857142857142,OPC-NPC-like 1,Hypoxic 2,OPC-NPC-like 1 > Hypoxic 2,OPC-NPC-like,AC-gliosis-hypoxia
at3_3,"('OPC-NPC-like 1', 'Hypoxic 2')",0.0158730158730158,OPC-NPC-like 1,Hypoxic 2,OPC-NPC-like 1 > Hypoxic 2,OPC-NPC-like,AC-gliosis-hypoxia
at9_2,"('OPC-NPC-like 1', 'Hypoxic 2')",0.4468085106382978,OPC-NPC-like 1,Hypoxic 2,OPC-NPC-like 1 > Hypoxic 2,OPC-NPC-like,AC-gliosis-hypoxia
at9_4,"('OPC-NPC-like 1', 'Hypoxic 2')",0.0009661835748792,OPC-NPC-like 1,Hypoxic 2,OPC-NPC-like 1 > Hypoxic 2,OPC-NPC-like,AC-gliosis-hypoxia
at9_0,"('OPC-NPC-like 1', 'Hypoxic 2')",0.0215897939156035,OPC-NPC-like 1,Hypoxic 2,OPC-NPC-like 1 > Hypoxic 2,OPC-NPC-like,AC-gliosis-hypoxia
at6_0,"('OPC-NPC-like 1', 'Hypoxic 2')",1.0,OPC-NPC-like 1,Hypoxic 2,OPC-NPC-like 1 > Hypoxic 2,OPC-NPC-like,AC-gliosis-hypoxia
at4_1,"('OPC-NPC-like 1', 'Hypoxic 2')",0.6159052453468697,OPC-NPC-like 1,Hypoxic 2,OPC-NPC-like 1 > Hypoxic 2,OPC-NPC-like,AC-gliosis-hypoxia
at5_4,"('OPC-NPC-like 1', 'Hypoxic 2')",0.9333333333333332,OPC-NPC-like 1,Hypoxic 2,OPC-NPC-like 1 > Hypoxic 2,OPC-NPC-like,AC-gliosis-hypoxia
at15_3,"('OPC-NPC-like 1', 'Hypoxic 2')",0.7592592592592593,OPC-NPC-like 1,Hypoxic 2,OPC-NPC-like 1 > Hypoxic 2,OPC-NPC-like,AC-gliosis-hypoxia
at15_0,"('OPC-NPC-like 1', 'Hypoxic 2')",0.9629629629629628,OPC-NPC-like 1,Hypoxic 2,OPC-NPC-like 1 > Hypoxic 2,OPC-NPC-like,AC-gliosis-hypoxia
at15_2,"('OPC-NPC-like 1', 'Hypoxic 2')",0.925,OPC-NPC-like 1,Hypoxic 2,OPC-NPC-like 1 > Hypoxic 2,OPC-NPC-like,AC-gliosis-hypoxia
at15_6,"('OPC-NPC-like 1', 'Hypoxic 2')",0.8936170212765957,OPC-NPC-like 1,Hypoxic 2,OPC-NPC-like 1 > Hypoxic 2,OPC-NPC-like,AC-gliosis-hypoxia
at4_0,"('OPC-NPC-like 1', 'Hypoxic 2')",0.8595360824742269,OPC-NPC-like 1,Hypoxic 2,OPC-NPC-like 1 > Hypoxic 2,OPC-NPC-like,AC-gliosis-hypoxia
at10_0,"('OPC-NPC-like 1', 'Hypoxic 2')",0.7083333333333334,OPC-NPC-like 1,Hypoxic 2,OPC-NPC-like 1 > Hypoxic 2,OPC-NPC-like,AC-gliosis-hypoxia
at7_0,"('OPC-NPC-like 1', 'Hypoxic 2')",0.9935205183585312,OPC-NPC-like 1,Hypoxic 2,OPC-NPC-like 1 > Hypoxic 2,OPC-NPC-like,AC-gliosis-hypoxia
at10_2,"('OPC-NPC-like 1', 'Hypoxic 2')",0.8571428571428571,OPC-NPC-like 1,Hypoxic 2,OPC-NPC-like 1 > Hypoxic 2,OPC-NPC-like,AC-gliosis-hypoxia
at13_0,"('OPC-NPC-like 1', 'Hypoxic 2')",0.5176056338028169,OPC-NPC-like 1,Hypoxic 2,OPC-NPC-like 1 > Hypoxic 2,OPC-NPC-like,AC-gliosis-hypoxia
at15_4,"('OPC-NPC-like 1', 'Hypoxic 2')",0.8831168831168831,OPC-NPC-like 1,Hypoxic 2,OPC-NPC-like 1 > Hypoxic 2,OPC-NPC-like,AC-gliosis-hypoxia
at10_1,"('OPC-NPC-like 1', 'Hypoxic 2')",0.9155982905982906,OPC-NPC-like 1,Hypoxic 2,OPC-NPC-like 1 > Hypoxic 2,OPC-NPC-like,AC-gliosis-hypoxia
at6_5,"('OPC-NPC-like 1', 'Hypoxic 2')",0.0142857142857142,OPC-NPC-like 1,Hypoxic 2,OPC-NPC-like 1 > Hypoxic 2,OPC-NPC-like,AC-gliosis-hypoxia
at3_3,"('OPC-NPC-like 1', 'Hypoxic 2')",0.0158730158730158,OPC-NPC-like 1,Hypoxic 2,OPC-NPC-like 1 > Hypoxic 2,OPC-NPC-like,AC-gliosis-hypoxia
at9_2,"('OPC-NPC-like 1', 'Hypoxic 2')",0.4468085106382978,OPC-NPC-like 1,Hypoxic 2,OPC-NPC-like 1 > Hypoxic 2,OPC-NPC-like,AC-gliosis-hypoxia
at9_4,"('OPC-NPC-like 1', 'Hypoxic 2')",0.0009661835748792,OPC-NPC-like 1,Hypoxic 2,OPC-NPC-like 1 > Hypoxic 2,OPC-NPC-like,AC-gliosis-hypoxia
at9_0,"('OPC-NPC-like 1', 'Hypoxic 2')",0.0215897939156035,OPC-NPC-like 1,Hypoxic 2,OPC-NPC-like 1 > Hypoxic 2,OPC-NPC-like,AC-gliosis-hypoxia
at6_0,"('OPC-NPC-like 1', 'Hypoxic 2')",1.0,OPC-NPC-like 1,Hypoxic 2,OPC-NPC-like 1 > Hypoxic 2,OPC-NPC-like,AC-gliosis-hypoxia
at4_1,"('OPC-NPC-like 1', 'Hypoxic 2')",0.6159052453468697,OPC-NPC-like 1,Hypoxic 2,OPC-NPC-like 1 > Hypoxic 2,OPC-NPC-like,AC-gliosis-hypoxia
at5_4,"('OPC-NPC-like 1', 'Hypoxic 2')",0.9333333333333332,OPC-NPC-like 1,Hypoxic 2,OPC-NPC-like 1 > Hypoxic 2,OPC-NPC-like,AC-gliosis-hypoxia
at15_3,"('OPC-NPC-like 1', 'Hypoxic 2')",0.7592592592592593,OPC-NPC-like 1,Hypoxic 2,OPC-NPC-like 1 > Hypoxic 2,OPC-NPC-like,AC-gliosis-hypoxia
at15_0,"('OPC-NPC-like 1', 'Hypoxic 2')",0.9629629629629628,OPC-NPC-like 1,Hypoxic 2,OPC-NPC-like 1 > Hypoxic 2,OPC-NPC-like,AC-gliosis-hypoxia
at15_2,"('OPC-NPC-like 1', 'Hypoxic 2')",0.925,OPC-NPC-like 1,Hypoxic 2,OPC-NPC-like 1 > Hypoxic 2,OPC-NPC-like,AC-gliosis-hypoxia
at15_6,"('OPC-NPC-like 1', 'Hypoxic 2')",0.8936170212765957,OPC-NPC-like 1,Hypoxic 2,OPC-NPC-like 1 > Hypoxic 2,OPC-NPC-like,AC-gliosis-hypoxia
at4_0,"('OPC-NPC-like 1', 'Hypoxic 2')",0.8595360824742269,OPC-NPC-like 1,Hypoxic 2,OPC-NPC-like 1 > Hypoxic 2,OPC-NPC-like,AC-gliosis-hypoxia
at10_0,"('OPC-NPC-like 1', 'Hypoxic 2')",0.7083333333333334,OPC-NPC-like 1,Hypoxic 2,OPC-NPC-like 1 > Hypoxic 2,OPC-NPC-like,AC-gliosis-hypoxia
at7_0,"('OPC-NPC-like 1', 'Hypoxic 2')",0.9935205183585312,OPC-NPC-like 1,Hypoxic 2,OPC-NPC-like 1 > Hypoxic 2,OPC-NPC-like,AC-gliosis-hypoxia
at10_2,"('OPC-NPC-like 1', 'Hypoxic 2')",0.8571428571428571,OPC-NPC-like 1,Hypoxic 2,OPC-NPC-like 1 > Hypoxic 2,OPC-NPC-like,AC-gliosis-hypoxia
at13_0,"('OPC-NPC-like 1', 'Hypoxic 2')",0.5176056338028169,OPC-NPC-like 1,Hypoxic 2,OPC-NPC-like 1 > Hypoxic 2,OPC-NPC-like,AC-gliosis-hypoxia
at15_4,"('OPC-NPC-like 1', 'Hypoxic 2')",0.8831168831168831,OPC-NPC-like 1,Hypoxic 2,OPC-NPC-like 1 > Hypoxic 2,OPC-NPC-like,AC-gliosis-hypoxia
at10_1,"('OPC-NPC-like 1', 'Hypoxic 2')",0.9155982905982906,OPC-NPC-like 1,Hypoxic 2,OPC-NPC-like 1 > Hypoxic 2,OPC-NPC-like,AC-gliosis-hypoxia
at6_5,"('OPC-NPC-like 1', 'Hypoxic 2')",0.0142857142857142,OPC-NPC-like 1,Hypoxic 2,OPC-NPC-like 1 > Hypoxic 2,OPC-NPC-like,AC-gliosis-hypoxia
at3_3,"('OPC-NPC-like 1', 'Hypoxic 2')",0.0158730158730158,OPC-NPC-like 1,Hypoxic 2,OPC-NPC-like 1 > Hypoxic 2,OPC-NPC-like,AC-gliosis-hypoxia
at9_2,"('OPC-NPC-like 1', 'Hypoxic 2')",0.4468085106382978,OPC-NPC-like 1,Hypoxic 2,OPC-NPC-like 1 > Hypoxic 2,OPC-NPC-like,AC-gliosis-hypoxia
at9_4,"('OPC-NPC-like 1', 'Hypoxic 2')",0.0009661835748792,OPC-NPC-like 1,Hypoxic 2,OPC-NPC-like 1 > Hypoxic 2,OPC-NPC-like,AC-gliosis-hypoxia
at9_0,"('OPC-NPC-like 1', 'Hypoxic 2')",0.0215897939156035,OPC-NPC-like 1,Hypoxic 2,OPC-NPC-like 1 > Hypoxic 2,OPC-NPC-like,AC-gliosis-hypoxia
at6_0,"('OPC-NPC-like 1', 'Hypoxic 2')",1.0,OPC-NPC-like 1,Hypoxic 2,OPC-NPC-like 1 > Hypoxic 2,OPC-NPC-like,AC-gliosis-hypoxia
at4_1,"('OPC-NPC-like 1', 'Hypoxic 2')",0.6159052453468697,OPC-NPC-like 1,Hypoxic 2,OPC-NPC-like 1 > Hypoxic 2,OPC-NPC-like,AC-gliosis-hypoxia
at5_4,"('OPC-NPC-like 1', 'Hypoxic 2')",0.9333333333333332,OPC-NPC-like 1,Hypoxic 2,OPC-NPC-like 1 > Hypoxic 2,OPC-NPC-like,AC-gliosis-hypoxia
at15_3,"('OPC-NPC-like 1', 'Hypoxic 2')",0.7592592592592593,OPC-NPC-like 1,Hypoxic 2,OPC-NPC-like 1 > Hypoxic 2,OPC-NPC-like,AC-gliosis-hypoxia
at15_0,"('OPC-NPC-like 1', 'Hypoxic 2')",0.9629629629629628,OPC-NPC-like 1,Hypoxic 2,OPC-NPC-like 1 > Hypoxic 2,OPC-NPC-like,AC-gliosis-hypoxia
at15_2,"('OPC-NPC-like 1', 'Hypoxic 2')",0.925,OPC-NPC-like 1,Hypoxic 2,OPC-NPC-like 1 > Hypoxic 2,OPC-NPC-like,AC-gliosis-hypoxia
at15_6,"('OPC-NPC-like 1', 'Hypoxic 2')",0.8936170212765957,OPC-NPC-like 1,Hypoxic 2,OPC-NPC-like 1 > Hypoxic 2,OPC-NPC-like,AC-gliosis-hypoxia
at4_0,"('OPC-NPC-like 1', 'Hypoxic 2')",0.8595360824742269,OPC-NPC-like 1,Hypoxic 2,OPC-NPC-like 1 > Hypoxic 2,OPC-NPC-like,AC-gliosis-hypoxia
at10_0,"('OPC-NPC-like 1', 'Hypoxic 2')",0.7083333333333334,OPC-NPC-like 1,Hypoxic 2,OPC-NPC-like 1 > Hypoxic 2,OPC-NPC-like,AC-gliosis-hypoxia
at7_0,"('OPC-NPC-like 1', 'Hypoxic 2')",0.9935205183585312,OPC-NPC-like 1,Hypoxic 2,OPC-NPC-like 1 > Hypoxic 2,OPC-NPC-like,AC-gliosis-hypoxia
at10_2,"('OPC-NPC-like 1', 'Hypoxic 2')",0.8571428571428571,OPC-NPC-like 1,Hypoxic 2,OPC-NPC-like 1 > Hypoxic 2,OPC-NPC-like,AC-gliosis-hypoxia
at13_0,"('OPC-NPC-like 1', 'Hypoxic 2')",0.5176056338028169,OPC-NPC-like 1,Hypoxic 2,OPC-NPC-like 1 > Hypoxic 2,OPC-NPC-like,AC-gliosis-hypoxia
at15_4,"('OPC-NPC-like 1', 'Hypoxic 2')",0.8831168831168831,OPC-NPC-like 1,Hypoxic 2,OPC-NPC-like 1 > Hypoxic 2,OPC-NPC-like,AC-gliosis-hypoxia
at10_1,"('OPC-NPC-like 1', 'Hypoxic 2')",0.9155982905982906,OPC-NPC-like 1,Hypoxic 2,OPC-NPC-like 1 > Hypoxic 2,OPC-NPC-like,AC-gliosis-hypoxia
at6_5,"('OPC-NPC-like 1', 'Hypoxic 2')",0.0142857142857142,OPC-NPC-like 1,Hypoxic 2,OPC-NPC-like 1 > Hypoxic 2,OPC-NPC-like,AC-gliosis-hypoxia
at3_3,"('OPC-NPC-like 1', 'Hypoxic 2')",0.0158730158730158,OPC-NPC-like 1,Hypoxic 2,OPC-NPC-like 1 > Hypoxic 2,OPC-NPC-like,AC-gliosis-hypoxia
at9_2,"('OPC-NPC-like 1', 'Hypoxic 2')",0.4468085106382978,OPC-NPC-like 1,Hypoxic 2,OPC-NPC-like 1 > Hypoxic 2,OPC-NPC-like,AC-gliosis-hypoxia
at9_4,"('OPC-NPC-like 1', 'Hypoxic 2')",0.0009661835748792,OPC-NPC-like 1,Hypoxic 2,OPC-NPC-like 1 > Hypoxic 2,OPC-NPC-like,AC-gliosis-hypoxia
at9_0,"('OPC-NPC-like 1', 'Hypoxic 2')",0.0215897939156035,OPC-NPC-like 1,Hypoxic 2,OPC-NPC-like 1 > Hypoxic 2,OPC-NPC-like,AC-gliosis-hypoxia
at6_0,"('OPC-NPC-like 1', 'Hypoxic 2')",1.0,OPC-NPC-like 1,Hypoxic 2,OPC-NPC-like 1 > Hypoxic 2,OPC-NPC-like,AC-gliosis-hypoxia
at4_1,"('OPC-NPC-like 1', 'Hypoxic 2')",0.6159052453468697,OPC-NPC-like 1,Hypoxic 2,OPC-NPC-like 1 > Hypoxic 2,OPC-NPC-like,AC-gliosis-hypoxia
at5_4,"('OPC-NPC-like 1', 'Hypoxic 2')",0.9333333333333332,OPC-NPC-like 1,Hypoxic 2,OPC-NPC-like 1 > Hypoxic 2,OPC-NPC-like,AC-gliosis-hypoxia
at15_3,"('OPC-NPC-like 1', 'Hypoxic 2')",0.7592592592592593,OPC-NPC-like 1,Hypoxic 2,OPC-NPC-like 1 > Hypoxic 2,OPC-NPC-like,AC-gliosis-hypoxia
at15_0,"('OPC-NPC-like 1', 'Hypoxic 2')",0.9629629629629628,OPC-NPC-like 1,Hypoxic 2,OPC-NPC-like 1 > Hypoxic 2,OPC-NPC-like,AC-gliosis-hypoxia
at15_2,"('OPC-NPC-like 1', 'Hypoxic 2')",0.925,OPC-NPC-like 1,Hypoxic 2,OPC-NPC-like 1 > Hypoxic 2,OPC-NPC-like,AC-gliosis-hypoxia
at15_6,"('OPC-NPC-like 1', 'Hypoxic 2')",0.8936170212765957,OPC-NPC-like 1,Hypoxic 2,OPC-NPC-like 1 > Hypoxic 2,OPC-NPC-like,AC-gliosis-hypoxia
at4_0,"('OPC-NPC-like 1', 'Hypoxic 2')",0.8595360824742269,OPC-NPC-like 1,Hypoxic 2,OPC-NPC-like 1 > Hypoxic 2,OPC-NPC-like,AC-gliosis-hypoxia
at10_0,"('OPC-NPC-like 1', 'Hypoxic 2')",0.7083333333333334,OPC-NPC-like 1,Hypoxic 2,OPC-NPC-like 1 > Hypoxic 2,OPC-NPC-like,AC-gliosis-hypoxia
at7_0,"('OPC-NPC-like 1', 'Hypoxic 2')",0.9935205183585312,OPC-NPC-like 1,Hypoxic 2,OPC-NPC-like 1 > Hypoxic 2,OPC-NPC-like,AC-gliosis-hypoxia
at10_2,"('OPC-NPC-like 1', 'Hypoxic 2')",0.8571428571428571,OPC-NPC-like 1,Hypoxic 2,OPC-NPC-like 1 > Hypoxic 2,OPC-NPC-like,AC-gliosis-hypoxia
at13_0,"('OPC-NPC-like 1', 'Hypoxic 2')",0.5176056338028169,OPC-NPC-like 1,Hypoxic 2,OPC-NPC-like 1 > Hypoxic 2,OPC-NPC-like,AC-gliosis-hypoxia
at15_4,"('OPC-NPC-like 1', 'Hypoxic 2')",0.8831168831168831,OPC-NPC-like 1,Hypoxic 2,OPC-NPC-like 1 > Hypoxic 2,OPC-NPC-like,AC-gliosis-hypoxia
at10_1,"('OPC-NPC-like 1', 'Hypoxic 2')",0.9155982905982906,OPC-NPC-like 1,Hypoxic 2,OPC-NPC-like 1 > Hypoxic 2,OPC-NPC-like,AC-gliosis-hypoxia
at6_5,"('OPC-NPC-like 1', 'Hypoxic 2')",0.0142857142857142,OPC-NPC-like 1,Hypoxic 2,OPC-NPC-like 1 > Hypoxic 2,OPC-NPC-like,AC-gliosis-hypoxia
at3_3,"('OPC-NPC-like 1', 'Hypoxic 2')",0.0158730158730158,OPC-NPC-like 1,Hypoxic 2,OPC-NPC-like 1 > Hypoxic 2,OPC-NPC-like,AC-gliosis-hypoxia
at9_2,"('OPC-NPC-like 1', 'Hypoxic 2')",0.4468085106382978,OPC-NPC-like 1,Hypoxic 2,OPC-NPC-like 1 > Hypoxic 2,OPC-NPC-like,AC-gliosis-hypoxia
at9_4,"('OPC-NPC-like 1', 'Hypoxic 2')",0.0009661835748792,OPC-NPC-like 1,Hypoxic 2,OPC-NPC-like 1 > Hypoxic 2,OPC-NPC-like,AC-gliosis-hypoxia
at9_0,"('OPC-NPC-like 1', 'Hypoxic 2')",0.0215897939156035,OPC-NPC-like 1,Hypoxic 2,OPC-NPC-like 1 > Hypoxic 2,OPC-NPC-like,AC-gliosis-hypoxia
at6_0,"('OPC-NPC-like 1', 'Hypoxic 2')",1.0,OPC-NPC-like 1,Hypoxic 2,OPC-NPC-like 1 > Hypoxic 2,OPC-NPC-like,AC-gliosis-hypoxia
at4_1,"('OPC-NPC-like 1', 'Hypoxic 2')",0.6159052453468697,OPC-NPC-like 1,Hypoxic 2,OPC-NPC-like 1 > Hypoxic 2,OPC-NPC-like,AC-gliosis-hypoxia
at5_4,"('OPC-NPC-like 1', 'Hypoxic 2')",0.9333333333333332,OPC-NPC-like 1,Hypoxic 2,OPC-NPC-like 1 > Hypoxic 2,OPC-NPC-like,AC-gliosis-hypoxia
at15_3,"('OPC-NPC-like 1', 'Hypoxic 2')",0.7592592592592593,OPC-NPC-like 1,Hypoxic 2,OPC-NPC-like 1 > Hypoxic 2,OPC-NPC-like,AC-gliosis-hypoxia
at15_0,"('OPC-NPC-like 1', 'Hypoxic 2')",0.9629629629629628,OPC-NPC-like 1,Hypoxic 2,OPC-NPC-like 1 > Hypoxic 2,OPC-NPC-like,AC-gliosis-hypoxia
at15_2,"('OPC-NPC-like 1', 'Hypoxic 2')",0.925,OPC-NPC-like 1,Hypoxic 2,OPC-NPC-like 1 > Hypoxic 2,OPC-NPC-like,AC-gliosis-hypoxia
at15_6,"('OPC-NPC-like 1', 'Hypoxic 2')",0.8936170212765957,OPC-NPC-like 1,Hypoxic 2,OPC-NPC-like 1 > Hypoxic 2,OPC-NPC-like,AC-gliosis-hypoxia
at4_0,"('OPC-NPC-like 1', 'Hypoxic 2')",0.8595360824742269,OPC-NPC-like 1,Hypoxic 2,OPC-NPC-like 1 > Hypoxic 2,OPC-NPC-like,AC-gliosis-hypoxia
at10_0,"('OPC-NPC-like 1', 'Hypoxic 2')",0.7083333333333334,OPC-NPC-like 1,Hypoxic 2,OPC-NPC-like 1 > Hypoxic 2,OPC-NPC-like,AC-gliosis-hypoxia
at7_0,"('OPC-NPC-like 1', 'Hypoxic 2')",0.9935205183585312,OPC-NPC-like 1,Hypoxic 2,OPC-NPC-like 1 > Hypoxic 2,OPC-NPC-like,AC-gliosis-hypoxia
at10_2,"('OPC-NPC-like 1', 'Hypoxic 2')",0.8571428571428571,OPC-NPC-like 1,Hypoxic 2,OPC-NPC-like 1 > Hypoxic 2,OPC-NPC-like,AC-gliosis-hypoxia
at13_0,"('OPC-NPC-like 1', 'Hypoxic 2')",0.5176056338028169,OPC-NPC-like 1,Hypoxic 2,OPC-NPC-like 1 > Hypoxic 2,OPC-NPC-like,AC-gliosis-hypoxia
at15_4,"('OPC-NPC-like 1', 'Hypoxic 2')",0.8831168831168831,OPC-NPC-like 1,Hypoxic 2,OPC-NPC-like 1 > Hypoxic 2,OPC-NPC-like,AC-gliosis-hypoxia
at10_1,"('OPC-NPC-like 1', 'Hypoxic 2')",0.9155982905982906,OPC-NPC-like 1,Hypoxic 2,OPC-NPC-like 1 > Hypoxic 2,OPC-NPC-like,AC-gliosis-hypoxia
at6_5,"('OPC-NPC-like 1', 'Hypoxic 2')",0.0142857142857142,OPC-NPC-like 1,Hypoxic 2,OPC-NPC-like 1 > Hypoxic 2,OPC-NPC-like,AC-gliosis-hypoxia
at3_3,"('OPC-NPC-like 1', 'Hypoxic 2')",0.0158730158730158,OPC-NPC-like 1,Hypoxic 2,OPC-NPC-like 1 > Hypoxic 2,OPC-NPC-like,AC-gliosis-hypoxia
at9_2,"('OPC-NPC-like 1', 'Hypoxic 2')",0.4468085106382978,OPC-NPC-like 1,Hypoxic 2,OPC-NPC-like 1 > Hypoxic 2,OPC-NPC-like,AC-gliosis-hypoxia
at9_4,"('OPC-NPC-like 1', 'Hypoxic 2')",0.0009661835748792,OPC-NPC-like 1,Hypoxic 2,OPC-NPC-like 1 > Hypoxic 2,OPC-NPC-like,AC-gliosis-hypoxia
at9_0,"('OPC-NPC-like 1', 'Hypoxic 2')",0.0215897939156035,OPC-NPC-like 1,Hypoxic 2,OPC-NPC-like 1 > Hypoxic 2,OPC-NPC-like,AC-gliosis-hypoxia
at6_0,"('OPC-NPC-like 1', 'Hypoxic 2')",1.0,OPC-NPC-like 1,Hypoxic 2,OPC-NPC-like 1 > Hypoxic 2,OPC-NPC-like,AC-gliosis-hypoxia
at4_1,"('OPC-NPC-like 1', 'Hypoxic 2')",0.6159052453468697,OPC-NPC-like 1,Hypoxic 2,OPC-NPC-like 1 > Hypoxic 2,OPC-NPC-like,AC-gliosis-hypoxia
at5_4,"('OPC-NPC-like 1', 'Hypoxic 2')",0.9333333333333332,OPC-NPC-like 1,Hypoxic 2,OPC-NPC-like 1 > Hypoxic 2,OPC-NPC-like,AC-gliosis-hypoxia
at15_3,"('OPC-NPC-like 1', 'Hypoxic 2')",0.7592592592592593,OPC-NPC-like 1,Hypoxic 2,OPC-NPC-like 1 > Hypoxic 2,OPC-NPC-like,AC-gliosis-hypoxia
at15_0,"('OPC-NPC-like 1', 'Hypoxic 2')",0.9629629629629628,OPC-NPC-like 1,Hypoxic 2,OPC-NPC-like 1 > Hypoxic 2,OPC-NPC-like,AC-gliosis-hypoxia
at15_2,"('OPC-NPC-like 1', 'Hypoxic 2')",0.925,OPC-NPC-like 1,Hypoxic 2,OPC-NPC-like 1 > Hypoxic 2,OPC-NPC-like,AC-gliosis-hypoxia
at15_6,"('OPC-NPC-like 1', 'Hypoxic 2')",0.8936170212765957,OPC-NPC-like 1,Hypoxic 2,OPC-NPC-like 1 > Hypoxic 2,OPC-NPC-like,AC-gliosis-hypoxia
at4_0,"('OPC-NPC-like 1', 'Hypoxic 2')",0.8595360824742269,OPC-NPC-like 1,Hypoxic 2,OPC-NPC-like 1 > Hypoxic 2,OPC-NPC-like,AC-gliosis-hypoxia
at10_0,"('OPC-NPC-like 1', 'Hypoxic 2')",0.7083333333333334,OPC-NPC-like 1,Hypoxic 2,OPC-NPC-like 1 > Hypoxic 2,OPC-NPC-like,AC-gliosis-hypoxia
at7_0,"('OPC-NPC-like 1', 'Hypoxic 2')",0.9935205183585312,OPC-NPC-like 1,Hypoxic 2,OPC-NPC-like 1 > Hypoxic 2,OPC-NPC-like,AC-gliosis-hypoxia
at10_2,"('OPC-NPC-like 1', 'Hypoxic 2')",0.8571428571428571,OPC-NPC-like 1,Hypoxic 2,OPC-NPC-like 1 > Hypoxic 2,OPC-NPC-like,AC-gliosis-hypoxia
at13_0,"('OPC-NPC-like 1', 'Hypoxic 2')",0.5176056338028169,OPC-NPC-like 1,Hypoxic 2,OPC-NPC-like 1 > Hypoxic 2,OPC-NPC-like,AC-gliosis-hypoxia
at15_4,"('OPC-NPC-like 1', 'Hypoxic 2')",0.8831168831168831,OPC-NPC-like 1,Hypoxic 2,OPC-NPC-like 1 > Hypoxic 2,OPC-NPC-like,AC-gliosis-hypoxia
at10_1,"('OPC-NPC-like 1', 'Hypoxic 2')",0.9155982905982906,OPC-NPC-like 1,Hypoxic 2,OPC-NPC-like 1 > Hypoxic 2,OPC-NPC-like,AC-gliosis-hypoxia
at6_5,"('OPC-NPC-like 1', 'Hypoxic 2')",0.0142857142857142,OPC-NPC-like 1,Hypoxic 2,OPC-NPC-like 1 > Hypoxic 2,OPC-NPC-like,AC-gliosis-hypoxia
at3_3,"('OPC-NPC-like 1', 'Hypoxic 2')",0.0158730158730158,OPC-NPC-like 1,Hypoxic 2,OPC-NPC-like 1 > Hypoxic 2,OPC-NPC-like,AC-gliosis-hypoxia
at9_2,"('OPC-NPC-like 1', 'Hypoxic 2')",0.4468085106382978,OPC-NPC-like 1,Hypoxic 2,OPC-NPC-like 1 > Hypoxic 2,OPC-NPC-like,AC-gliosis-hypoxia
at9_4,"('OPC-NPC-like 1', 'Hypoxic 2')",0.0009661835748792,OPC-NPC-like 1,Hypoxic 2,OPC-NPC-like 1 > Hypoxic 2,OPC-NPC-like,AC-gliosis-hypoxia
at9_0,"('OPC-NPC-like 1', 'Hypoxic 2')",0.0215897939156035,OPC-NPC-like 1,Hypoxic 2,OPC-NPC-like 1 > Hypoxic 2,OPC-NPC-like,AC-gliosis-hypoxia
at6_0,"('OPC-NPC-like 1', 'Hypoxic 2')",1.0,OPC-NPC-like 1,Hypoxic 2,OPC-NPC-like 1 > Hypoxic 2,OPC-NPC-like,AC-gliosis-hypoxia
at4_1,"('OPC-NPC-like 1', 'Hypoxic 2')",0.6159052453468697,OPC-NPC-like 1,Hypoxic 2,OPC-NPC-like 1 > Hypoxic 2,OPC-NPC-like,AC-gliosis-hypoxia
at5_4,"('OPC-NPC-like 1', 'Hypoxic 2')",0.9333333333333332,OPC-NPC-like 1,Hypoxic 2,OPC-NPC-like 1 > Hypoxic 2,OPC-NPC-like,AC-gliosis-hypoxia
at15_3,"('OPC-NPC-like 1', 'Hypoxic 2')",0.7592592592592593,OPC-NPC-like 1,Hypoxic 2,OPC-NPC-like 1 > Hypoxic 2,OPC-NPC-like,AC-gliosis-hypoxia
at15_0,"('OPC-NPC-like 1', 'Hypoxic 2')",0.9629629629629628,OPC-NPC-like 1,Hypoxic 2,OPC-NPC-like 1 > Hypoxic 2,OPC-NPC-like,AC-gliosis-hypoxia
at15_2,"('OPC-NPC-like 1', 'Hypoxic 2')",0.925,OPC-NPC-like 1,Hypoxic 2,OPC-NPC-like 1 > Hypoxic 2,OPC-NPC-like,AC-gliosis-hypoxia
at15_6,"('OPC-NPC-like 1', 'Hypoxic 2')",0.8936170212765957,OPC-NPC-like 1,Hypoxic 2,OPC-NPC-like 1 > Hypoxic 2,OPC-NPC-like,AC-gliosis-hypoxia
at4_0,"('OPC-NPC-like 1', 'Hypoxic 2')",0.8595360824742269,OPC-NPC-like 1,Hypoxic 2,OPC-NPC-like 1 > Hypoxic 2,OPC-NPC-like,AC-gliosis-hypoxia
at10_0,"('OPC-NPC-like 1', 'Hypoxic 2')",0.7083333333333334,OPC-NPC-like 1,Hypoxic 2,OPC-NPC-like 1 > Hypoxic 2,OPC-NPC-like,AC-gliosis-hypoxia
at7_0,"('OPC-NPC-like 1', 'Hypoxic 2')",0.9935205183585312,OPC-NPC-like 1,Hypoxic 2,OPC-NPC-like 1 > Hypoxic 2,OPC-NPC-like,AC-gliosis-hypoxia
at10_2,"('OPC-NPC-like 1', 'Hypoxic 2')",0.8571428571428571,OPC-NPC-like 1,Hypoxic 2,OPC-NPC-like 1 > Hypoxic 2,OPC-NPC-like,AC-gliosis-hypoxia
at13_0,"('OPC-NPC-like 1', 'Hypoxic 2')",0.5176056338028169,OPC-NPC-like 1,Hypoxic 2,OPC-NPC-like 1 > Hypoxic 2,OPC-NPC-like,AC-gliosis-hypoxia
at15_4,"('OPC-NPC-like 1', 'Hypoxic 2')",0.8831168831168831,OPC-NPC-like 1,Hypoxic 2,OPC-NPC-like 1 > Hypoxic 2,OPC-NPC-like,AC-gliosis-hypoxia
at10_1,"('OPC-NPC-like 1', 'Hypoxic 2')",0.9155982905982906,OPC-NPC-like 1,Hypoxic 2,OPC-NPC-like 1 > Hypoxic 2,OPC-NPC-like,AC-gliosis-hypoxia
at6_5,"('OPC-NPC-like 1', 'Hypoxic 2')",0.0142857142857142,OPC-NPC-like 1,Hypoxic 2,OPC-NPC-like 1 > Hypoxic 2,OPC-NPC-like,AC-gliosis-hypoxia
at3_3,"('OPC-NPC-like 1', 'Hypoxic 2')",0.0158730158730158,OPC-NPC-like 1,Hypoxic 2,OPC-NPC-like 1 > Hypoxic 2,OPC-NPC-like,AC-gliosis-hypoxia
at9_2,"('OPC-NPC-like 1', 'Hypoxic 2')",0.4468085106382978,OPC-NPC-like 1,Hypoxic 2,OPC-NPC-like 1 > Hypoxic 2,OPC-NPC-like,AC-gliosis-hypoxia
at9_4,"('OPC-NPC-like 1', 'Hypoxic 2')",0.0009661835748792,OPC-NPC-like 1,Hypoxic 2,OPC-NPC-like 1 > Hypoxic 2,OPC-NPC-like,AC-gliosis-hypoxia
at9_0,"('OPC-NPC-like 1', 'Hypoxic 2')",0.0215897939156035,OPC-NPC-like 1,Hypoxic 2,OPC-NPC-like 1 > Hypoxic 2,OPC-NPC-like,AC-gliosis-hypoxia
at6_0,"('OPC-NPC-like 1', 'Hypoxic 2')",1.0,OPC-NPC-like 1,Hypoxic 2,OPC-NPC-like 1 > Hypoxic 2,OPC-NPC-like,AC-gliosis-hypoxia
at4_1,"('OPC-NPC-like 1', 'Hypoxic 2')",0.6159052453468697,OPC-NPC-like 1,Hypoxic 2,OPC-NPC-like 1 > Hypoxic 2,OPC-NPC-like,AC-gliosis-hypoxia
at5_4,"('OPC-NPC-like 1', 'Hypoxic 2')",0.9333333333333332,OPC-NPC-like 1,Hypoxic 2,OPC-NPC-like 1 > Hypoxic 2,OPC-NPC-like,AC-gliosis-hypoxia
at15_3,"('OPC-NPC-like 1', 'Hypoxic 2')",0.7592592592592593,OPC-NPC-like 1,Hypoxic 2,OPC-NPC-like 1 > Hypoxic 2,OPC-NPC-like,AC-gliosis-hypoxia
at15_0,"('OPC-NPC-like 1', 'Hypoxic 2')",0.9629629629629628,OPC-NPC-like 1,Hypoxic 2,OPC-NPC-like 1 > Hypoxic 2,OPC-NPC-like,AC-gliosis-hypoxia
at15_2,"('OPC-NPC-like 1', 'Hypoxic 2')",0.925,OPC-NPC-like 1,Hypoxic 2,OPC-NPC-like 1 > Hypoxic 2,OPC-NPC-like,AC-gliosis-hypoxia
at15_6,"('OPC-NPC-like 1', 'Hypoxic 2')",0.8936170212765957,OPC-NPC-like 1,Hypoxic 2,OPC-NPC-like 1 > Hypoxic 2,OPC-NPC-like,AC-gliosis-hypoxia
at4_0,"('OPC-NPC-like 1', 'Hypoxic 2')",0.8595360824742269,OPC-NPC-like 1,Hypoxic 2,OPC-NPC-like 1 > Hypoxic 2,OPC-NPC-like,AC-gliosis-hypoxia
at10_0,"('OPC-NPC-like 1', 'Hypoxic 2')",0.7083333333333334,OPC-NPC-like 1,Hypoxic 2,OPC-NPC-like 1 > Hypoxic 2,OPC-NPC-like,AC-gliosis-hypoxia
at7_0,"('OPC-NPC-like 1', 'Hypoxic 2')",0.9935205183585312,OPC-NPC-like 1,Hypoxic 2,OPC-NPC-like 1 > Hypoxic 2,OPC-NPC-like,AC-gliosis-hypoxia
at10_2,"('OPC-NPC-like 1', 'Hypoxic 2')",0.8571428571428571,OPC-NPC-like 1,Hypoxic 2,OPC-NPC-like 1 > Hypoxic 2,OPC-NPC-like,AC-gliosis-hypoxia
at13_0,"('OPC-NPC-like 1', 'Hypoxic 2')",0.5176056338028169,OPC-NPC-like 1,Hypoxic 2,OPC-NPC-like 1 > Hypoxic 2,OPC-NPC-like,AC-gliosis-hypoxia
at15_4,"('OPC-NPC-like 1', 'Hypoxic 2')",0.8831168831168831,OPC-NPC-like 1,Hypoxic 2,OPC-NPC-like 1 > Hypoxic 2,OPC-NPC-like,AC-gliosis-hypoxia
at10_1,"('OPC-NPC-like 1', 'Hypoxic 2')",0.9155982905982906,OPC-NPC-like 1,Hypoxic 2,OPC-NPC-like 1 > Hypoxic 2,OPC-NPC-like,AC-gliosis-hypoxia
at6_5,"('OPC-NPC-like 1', 'Hypoxic 2')",0.0142857142857142,OPC-NPC-like 1,Hypoxic 2,OPC-NPC-like 1 > Hypoxic 2,OPC-NPC-like,AC-gliosis-hypoxia
at3_3,"('OPC-NPC-like 1', 'Hypoxic 2')",0.0158730158730158,OPC-NPC-like 1,Hypoxic 2,OPC-NPC-like 1 > Hypoxic 2,OPC-NPC-like,AC-gliosis-hypoxia
at9_2,"('OPC-NPC-like 1', 'Hypoxic 2')",0.4468085106382978,OPC-NPC-like 1,Hypoxic 2,OPC-NPC-like 1 > Hypoxic 2,OPC-NPC-like,AC-gliosis-hypoxia
at9_4,"('OPC-NPC-like 1', 'Hypoxic 2')",0.0009661835748792,OPC-NPC-like 1,Hypoxic 2,OPC-NPC-like 1 > Hypoxic 2,OPC-NPC-like,AC-gliosis-hypoxia
at9_0,"('OPC-NPC-like 1', 'Hypoxic 2')",0.0215897939156035,OPC-NPC-like 1,Hypoxic 2,OPC-NPC-like 1 > Hypoxic 2,OPC-NPC-like,AC-gliosis-hypoxia
at6_0,"('OPC-NPC-like 1', 'Hypoxic 2')",1.0,OPC-NPC-like 1,Hypoxic 2,OPC-NPC-like 1 > Hypoxic 2,OPC-NPC-like,AC-gliosis-hypoxia
at4_1,"('OPC-NPC-like 1', 'Hypoxic 2')",0.6159052453468697,OPC-NPC-like 1,Hypoxic 2,OPC-NPC-like 1 > Hypoxic 2,OPC-NPC-like,AC-gliosis-hypoxia
at5_4,"('OPC-NPC-like 1', 'Hypoxic 2')",0.9333333333333332,OPC-NPC-like 1,Hypoxic 2,OPC-NPC-like 1 > Hypoxic 2,OPC-NPC-like,AC-gliosis-hypoxia
at15_3,"('OPC-NPC-like 1', 'Hypoxic 2')",0.7592592592592593,OPC-NPC-like 1,Hypoxic 2,OPC-NPC-like 1 > Hypoxic 2,OPC-NPC-like,AC-gliosis-hypoxia
at15_0,"('OPC-NPC-like 1', 'Hypoxic 2')",0.9629629629629628,OPC-NPC-like 1,Hypoxic 2,OPC-NPC-like 1 > Hypoxic 2,OPC-NPC-like,AC-gliosis-hypoxia
at15_2,"('OPC-NPC-like 1', 'Hypoxic 2')",0.925,OPC-NPC-like 1,Hypoxic 2,OPC-NPC-like 1 > Hypoxic 2,OPC-NPC-like,AC-gliosis-hypoxia
at15_6,"('OPC-NPC-like 1', 'Hypoxic 2')",0.8936170212765957,OPC-NPC-like 1,Hypoxic 2,OPC-NPC-like 1 > Hypoxic 2,OPC-NPC-like,AC-gliosis-hypoxia
at4_0,"('OPC-NPC-like 1', 'Hypoxic 2')",0.8595360824742269,OPC-NPC-like 1,Hypoxic 2,OPC-NPC-like 1 > Hypoxic 2,OPC-NPC-like,AC-gliosis-hypoxia
at10_0,"('OPC-NPC-like 1', 'Hypoxic 2')",0.7083333333333334,OPC-NPC-like 1,Hypoxic 2,OPC-NPC-like 1 > Hypoxic 2,OPC-NPC-like,AC-gliosis-hypoxia
at7_0,"('OPC-NPC-like 1', 'Hypoxic 2')",0.9935205183585312,OPC-NPC-like 1,Hypoxic 2,OPC-NPC-like 1 > Hypoxic 2,OPC-NPC-like,AC-gliosis-hypoxia
at10_2,"('OPC-NPC-like 1', 'Hypoxic 2')",0.8571428571428571,OPC-NPC-like 1,Hypoxic 2,OPC-NPC-like 1 > Hypoxic 2,OPC-NPC-like,AC-gliosis-hypoxia
at13_0,"('OPC-NPC-like 1', 'Hypoxic 2')",0.5176056338028169,OPC-NPC-like 1,Hypoxic 2,OPC-NPC-like 1 > Hypoxic 2,OPC-NPC-like,AC-gliosis-hypoxia
at15_4,"('OPC-NPC-like 1', 'Hypoxic 2')",0.8831168831168831,OPC-NPC-like 1,Hypoxic 2,OPC-NPC-like 1 > Hypoxic 2,OPC-NPC-like,AC-gliosis-hypoxia
at10_1,"('OPC-NPC-like 1', 'Hypoxic 2')",0.9155982905982906,OPC-NPC-like 1,Hypoxic 2,OPC-NPC-like 1 > Hypoxic 2,OPC-NPC-like,AC-gliosis-hypoxia
at6_5,"('OPC-NPC-like 1', 'Hypoxic 2')",0.0142857142857142,OPC-NPC-like 1,Hypoxic 2,OPC-NPC-like 1 > Hypoxic 2,OPC-NPC-like,AC-gliosis-hypoxia
at3_3,"('OPC-NPC-like 1', 'Hypoxic 2')",0.0158730158730158,OPC-NPC-like 1,Hypoxic 2,OPC-NPC-like 1 > Hypoxic 2,OPC-NPC-like,AC-gliosis-hypoxia
at9_2,"('OPC-NPC-like 1', 'Hypoxic 2')",0.4468085106382978,OPC-NPC-like 1,Hypoxic 2,OPC-NPC-like 1 > Hypoxic 2,OPC-NPC-like,AC-gliosis-hypoxia
at9_4,"('OPC-NPC-like 1', 'Hypoxic 2')",0.0009661835748792,OPC-NPC-like 1,Hypoxic 2,OPC-NPC-like 1 > Hypoxic 2,OPC-NPC-like,AC-gliosis-hypoxia
at9_0,"('OPC-NPC-like 1', 'Hypoxic 2')",0.0215897939156035,OPC-NPC-like 1,Hypoxic 2,OPC-NPC-like 1 > Hypoxic 2,OPC-NPC-like,AC-gliosis-hypoxia
at6_0,"('OPC-NPC-like 1', 'Hypoxic 2')",1.0,OPC-NPC-like 1,Hypoxic 2,OPC-NPC-like 1 > Hypoxic 2,OPC-NPC-like,AC-gliosis-hypoxia
at4_1,"('OPC-NPC-like 1', 'Hypoxic 2')",0.6159052453468697,OPC-NPC-like 1,Hypoxic 2,OPC-NPC-like 1 > Hypoxic 2,OPC-NPC-like,AC-gliosis-hypoxia
at5_4,"('OPC-NPC-like 1', 'Hypoxic 2')",0.9333333333333332,OPC-NPC-like 1,Hypoxic 2,OPC-NPC-like 1 > Hypoxic 2,OPC-NPC-like,AC-gliosis-hypoxia
at15_3,"('OPC-NPC-like 1', 'Hypoxic 2')",0.7592592592592593,OPC-NPC-like 1,Hypoxic 2,OPC-NPC-like 1 > Hypoxic 2,OPC-NPC-like,AC-gliosis-hypoxia
at15_0,"('OPC-NPC-like 1', 'Hypoxic 2')",0.9629629629629628,OPC-NPC-like 1,Hypoxic 2,OPC-NPC-like 1 > Hypoxic 2,OPC-NPC-like,AC-gliosis-hypoxia
at15_2,"('OPC-NPC-like 1', 'Hypoxic 2')",0.925,OPC-NPC-like 1,Hypoxic 2,OPC-NPC-like 1 > Hypoxic 2,OPC-NPC-like,AC-gliosis-hypoxia
at15_6,"('OPC-NPC-like 1', 'Hypoxic 2')",0.8936170212765957,OPC-NPC-like 1,Hypoxic 2,OPC-NPC-like 1 > Hypoxic 2,OPC-NPC-like,AC-gliosis-hypoxia
at4_0,"('OPC-NPC-like 1', 'Hypoxic 2')",0.8595360824742269,OPC-NPC-like 1,Hypoxic 2,OPC-NPC-like 1 > Hypoxic 2,OPC-NPC-like,AC-gliosis-hypoxia
at10_0,"('OPC-NPC-like 1', 'Hypoxic 2')",0.7083333333333334,OPC-NPC-like 1,Hypoxic 2,OPC-NPC-like 1 > Hypoxic 2,OPC-NPC-like,AC-gliosis-hypoxia
at7_0,"('OPC-NPC-like 1', 'Hypoxic 2')",0.9935205183585312,OPC-NPC-like 1,Hypoxic 2,OPC-NPC-like 1 > Hypoxic 2,OPC-NPC-like,AC-gliosis-hypoxia
at10_2,"('OPC-NPC-like 1', 'Hypoxic 2')",0.8571428571428571,OPC-NPC-like 1,Hypoxic 2,OPC-NPC-like 1 > Hypoxic 2,OPC-NPC-like,AC-gliosis-hypoxia
at13_0,"('OPC-NPC-like 1', 'Hypoxic 2')",0.5176056338028169,OPC-NPC-like 1,Hypoxic 2,OPC-NPC-like 1 > Hypoxic 2,OPC-NPC-like,AC-gliosis-hypoxia
at15_4,"('OPC-NPC-like 1', 'Hypoxic 2')",0.8831168831168831,OPC-NPC-like 1,Hypoxic 2,OPC-NPC-like 1 > Hypoxic 2,OPC-NPC-like,AC-gliosis-hypoxia
at10_1,"('OPC-NPC-like 1', 'Hypoxic 2')",0.9155982905982906,OPC-NPC-like 1,Hypoxic 2,OPC-NPC-like 1 > Hypoxic 2,OPC-NPC-like,AC-gliosis-hypoxia
at6_5,"('OPC-NPC-like 1', 'Hypoxic 2')",0.0142857142857142,OPC-NPC-like 1,Hypoxic 2,OPC-NPC-like 1 > Hypoxic 2,OPC-NPC-like,AC-gliosis-hypoxia
at3_3,"('OPC-NPC-like 1', 'Hypoxic 2')",0.0158730158730158,OPC-NPC-like 1,Hypoxic 2,OPC-NPC-like 1 > Hypoxic 2,OPC-NPC-like,AC-gliosis-hypoxia
at9_2,"('OPC-NPC-like 1', 'Hypoxic 2')",0.4468085106382978,OPC-NPC-like 1,Hypoxic 2,OPC-NPC-like 1 > Hypoxic 2,OPC-NPC-like,AC-gliosis-hypoxia
at9_4,"('OPC-NPC-like 1', 'Hypoxic 2')",0.0009661835748792,OPC-NPC-like 1,Hypoxic 2,OPC-NPC-like 1 > Hypoxic 2,OPC-NPC-like,AC-gliosis-hypoxia
at9_0,"('OPC-NPC-like 1', 'Hypoxic 2')",0.0215897939156035,OPC-NPC-like 1,Hypoxic 2,OPC-NPC-like 1 > Hypoxic 2,OPC-NPC-like,AC-gliosis-hypoxia
at4_1,"('Gliosis-like', 'AC progenitor-like 2')",0.8895027624309392,Gliosis-like,AC progenitor-like 2,Gliosis-like > AC progenitor-like 2,AC-gliosis-hypoxia,AC-gliosis-hypoxia
at15_2,"('Gliosis-like', 'AC progenitor-like 2')",0.0625,Gliosis-like,AC progenitor-like 2,Gliosis-like > AC progenitor-like 2,AC-gliosis-hypoxia,AC-gliosis-hypoxia
at4_0,"('Gliosis-like', 'AC progenitor-like 2')",0.8363019508057676,Gliosis-like,AC progenitor-like 2,Gliosis-like > AC progenitor-like 2,AC-gliosis-hypoxia,AC-gliosis-hypoxia
at10_0,"('Gliosis-like', 'AC progenitor-like 2')",0.9736842105263158,Gliosis-like,AC progenitor-like 2,Gliosis-like > AC progenitor-like 2,AC-gliosis-hypoxia,AC-gliosis-hypoxia
at7_0,"('Gliosis-like', 'AC progenitor-like 2')",0.9158576051779936,Gliosis-like,AC progenitor-like 2,Gliosis-like > AC progenitor-like 2,AC-gliosis-hypoxia,AC-gliosis-hypoxia
at10_2,"('Gliosis-like', 'AC progenitor-like 2')",0.9284603421461898,Gliosis-like,AC progenitor-like 2,Gliosis-like > AC progenitor-like 2,AC-gliosis-hypoxia,AC-gliosis-hypoxia
at13_0,"('Gliosis-like', 'AC progenitor-like 2')",0.0060240963855421,Gliosis-like,AC progenitor-like 2,Gliosis-like > AC progenitor-like 2,AC-gliosis-hypoxia,AC-gliosis-hypoxia
at15_4,"('Gliosis-like', 'AC progenitor-like 2')",0.0024271844660194,Gliosis-like,AC progenitor-like 2,Gliosis-like > AC progenitor-like 2,AC-gliosis-hypoxia,AC-gliosis-hypoxia
at6_4,"('Gliosis-like', 'AC progenitor-like 2')",0.96875,Gliosis-like,AC progenitor-like 2,Gliosis-like > AC progenitor-like 2,AC-gliosis-hypoxia,AC-gliosis-hypoxia
at10_1,"('Gliosis-like', 'AC progenitor-like 2')",0.8079840319361278,Gliosis-like,AC progenitor-like 2,Gliosis-like > AC progenitor-like 2,AC-gliosis-hypoxia,AC-gliosis-hypoxia
at6_5,"('Gliosis-like', 'AC progenitor-like 2')",0.8282828282828283,Gliosis-like,AC progenitor-like 2,Gliosis-like > AC progenitor-like 2,AC-gliosis-hypoxia,AC-gliosis-hypoxia
at3_3,"('Gliosis-like', 'AC progenitor-like 2')",0.8857142857142857,Gliosis-like,AC progenitor-like 2,Gliosis-like > AC progenitor-like 2,AC-gliosis-hypoxia,AC-gliosis-hypoxia
at4_2,"('Gliosis-like', 'AC progenitor-like 2')",0.7232472324723247,Gliosis-like,AC progenitor-like 2,Gliosis-like > AC progenitor-like 2,AC-gliosis-hypoxia,AC-gliosis-hypoxia
at9_2,"('Gliosis-like', 'AC progenitor-like 2')",0.8929889298892989,Gliosis-like,AC progenitor-like 2,Gliosis-like > AC progenitor-like 2,AC-gliosis-hypoxia,AC-gliosis-hypoxia
at9_4,"('Gliosis-like', 'AC progenitor-like 2')",0.3193277310924369,Gliosis-like,AC progenitor-like 2,Gliosis-like > AC progenitor-like 2,AC-gliosis-hypoxia,AC-gliosis-hypoxia
at9_0,"('Gliosis-like', 'AC progenitor-like 2')",0.0789252728799328,Gliosis-like,AC progenitor-like 2,Gliosis-like > AC progenitor-like 2,AC-gliosis-hypoxia,AC-gliosis-hypoxia
at4_1,"('Gliosis-like', 'AC progenitor-like 2')",0.8895027624309392,Gliosis-like,AC progenitor-like 2,Gliosis-like > AC progenitor-like 2,AC-gliosis-hypoxia,AC-gliosis-hypoxia
at15_2,"('Gliosis-like', 'AC progenitor-like 2')",0.0625,Gliosis-like,AC progenitor-like 2,Gliosis-like > AC progenitor-like 2,AC-gliosis-hypoxia,AC-gliosis-hypoxia
at4_0,"('Gliosis-like', 'AC progenitor-like 2')",0.8363019508057676,Gliosis-like,AC progenitor-like 2,Gliosis-like > AC progenitor-like 2,AC-gliosis-hypoxia,AC-gliosis-hypoxia
at10_0,"('Gliosis-like', 'AC progenitor-like 2')",0.9736842105263158,Gliosis-like,AC progenitor-like 2,Gliosis-like > AC progenitor-like 2,AC-gliosis-hypoxia,AC-gliosis-hypoxia
at7_0,"('Gliosis-like', 'AC progenitor-like 2')",0.9158576051779936,Gliosis-like,AC progenitor-like 2,Gliosis-like > AC progenitor-like 2,AC-gliosis-hypoxia,AC-gliosis-hypoxia
at10_2,"('Gliosis-like', 'AC progenitor-like 2')",0.9284603421461898,Gliosis-like,AC progenitor-like 2,Gliosis-like > AC progenitor-like 2,AC-gliosis-hypoxia,AC-gliosis-hypoxia
at13_0,"('Gliosis-like', 'AC progenitor-like 2')",0.0060240963855421,Gliosis-like,AC progenitor-like 2,Gliosis-like > AC progenitor-like 2,AC-gliosis-hypoxia,AC-gliosis-hypoxia
at15_4,"('Gliosis-like', 'AC progenitor-like 2')",0.0024271844660194,Gliosis-like,AC progenitor-like 2,Gliosis-like > AC progenitor-like 2,AC-gliosis-hypoxia,AC-gliosis-hypoxia
at6_4,"('Gliosis-like', 'AC progenitor-like 2')",0.96875,Gliosis-like,AC progenitor-like 2,Gliosis-like > AC progenitor-like 2,AC-gliosis-hypoxia,AC-gliosis-hypoxia
at10_1,"('Gliosis-like', 'AC progenitor-like 2')",0.8079840319361278,Gliosis-like,AC progenitor-like 2,Gliosis-like > AC progenitor-like 2,AC-gliosis-hypoxia,AC-gliosis-hypoxia
at6_5,"('Gliosis-like', 'AC progenitor-like 2')",0.8282828282828283,Gliosis-like,AC progenitor-like 2,Gliosis-like > AC progenitor-like 2,AC-gliosis-hypoxia,AC-gliosis-hypoxia
at3_3,"('Gliosis-like', 'AC progenitor-like 2')",0.8857142857142857,Gliosis-like,AC progenitor-like 2,Gliosis-like > AC progenitor-like 2,AC-gliosis-hypoxia,AC-gliosis-hypoxia
at4_2,"('Gliosis-like', 'AC progenitor-like 2')",0.7232472324723247,Gliosis-like,AC progenitor-like 2,Gliosis-like > AC progenitor-like 2,AC-gliosis-hypoxia,AC-gliosis-hypoxia
at9_2,"('Gliosis-like', 'AC progenitor-like 2')",0.8929889298892989,Gliosis-like,AC progenitor-like 2,Gliosis-like > AC progenitor-like 2,AC-gliosis-hypoxia,AC-gliosis-hypoxia
at9_4,"('Gliosis-like', 'AC progenitor-like 2')",0.3193277310924369,Gliosis-like,AC progenitor-like 2,Gliosis-like > AC progenitor-like 2,AC-gliosis-hypoxia,AC-gliosis-hypoxia
at9_0,"('Gliosis-like', 'AC progenitor-like 2')",0.0789252728799328,Gliosis-like,AC progenitor-like 2,Gliosis-like > AC progenitor-like 2,AC-gliosis-hypoxia,AC-gliosis-hypoxia
at4_1,"('Gliosis-like', 'AC progenitor-like 2')",0.8895027624309392,Gliosis-like,AC progenitor-like 2,Gliosis-like > AC progenitor-like 2,AC-gliosis-hypoxia,AC-gliosis-hypoxia
at15_2,"('Gliosis-like', 'AC progenitor-like 2')",0.0625,Gliosis-like,AC progenitor-like 2,Gliosis-like > AC progenitor-like 2,AC-gliosis-hypoxia,AC-gliosis-hypoxia
at4_0,"('Gliosis-like', 'AC progenitor-like 2')",0.8363019508057676,Gliosis-like,AC progenitor-like 2,Gliosis-like > AC progenitor-like 2,AC-gliosis-hypoxia,AC-gliosis-hypoxia
at10_0,"('Gliosis-like', 'AC progenitor-like 2')",0.9736842105263158,Gliosis-like,AC progenitor-like 2,Gliosis-like > AC progenitor-like 2,AC-gliosis-hypoxia,AC-gliosis-hypoxia
at7_0,"('Gliosis-like', 'AC progenitor-like 2')",0.9158576051779936,Gliosis-like,AC progenitor-like 2,Gliosis-like > AC progenitor-like 2,AC-gliosis-hypoxia,AC-gliosis-hypoxia
at10_2,"('Gliosis-like', 'AC progenitor-like 2')",0.9284603421461898,Gliosis-like,AC progenitor-like 2,Gliosis-like > AC progenitor-like 2,AC-gliosis-hypoxia,AC-gliosis-hypoxia
at13_0,"('Gliosis-like', 'AC progenitor-like 2')",0.0060240963855421,Gliosis-like,AC progenitor-like 2,Gliosis-like > AC progenitor-like 2,AC-gliosis-hypoxia,AC-gliosis-hypoxia
at15_4,"('Gliosis-like', 'AC progenitor-like 2')",0.0024271844660194,Gliosis-like,AC progenitor-like 2,Gliosis-like > AC progenitor-like 2,AC-gliosis-hypoxia,AC-gliosis-hypoxia
at6_4,"('Gliosis-like', 'AC progenitor-like 2')",0.96875,Gliosis-like,AC progenitor-like 2,Gliosis-like > AC progenitor-like 2,AC-gliosis-hypoxia,AC-gliosis-hypoxia
at10_1,"('Gliosis-like', 'AC progenitor-like 2')",0.8079840319361278,Gliosis-like,AC progenitor-like 2,Gliosis-like > AC progenitor-like 2,AC-gliosis-hypoxia,AC-gliosis-hypoxia
at6_5,"('Gliosis-like', 'AC progenitor-like 2')",0.8282828282828283,Gliosis-like,AC progenitor-like 2,Gliosis-like > AC progenitor-like 2,AC-gliosis-hypoxia,AC-gliosis-hypoxia
at3_3,"('Gliosis-like', 'AC progenitor-like 2')",0.8857142857142857,Gliosis-like,AC progenitor-like 2,Gliosis-like > AC progenitor-like 2,AC-gliosis-hypoxia,AC-gliosis-hypoxia
at4_2,"('Gliosis-like', 'AC progenitor-like 2')",0.7232472324723247,Gliosis-like,AC progenitor-like 2,Gliosis-like > AC progenitor-like 2,AC-gliosis-hypoxia,AC-gliosis-hypoxia
at9_2,"('Gliosis-like', 'AC progenitor-like 2')",0.8929889298892989,Gliosis-like,AC progenitor-like 2,Gliosis-like > AC progenitor-like 2,AC-gliosis-hypoxia,AC-gliosis-hypoxia
at9_4,"('Gliosis-like', 'AC progenitor-like 2')",0.3193277310924369,Gliosis-like,AC progenitor-like 2,Gliosis-like > AC progenitor-like 2,AC-gliosis-hypoxia,AC-gliosis-hypoxia
at9_0,"('Gliosis-like', 'AC progenitor-like 2')",0.0789252728799328,Gliosis-like,AC progenitor-like 2,Gliosis-like > AC progenitor-like 2,AC-gliosis-hypoxia,AC-gliosis-hypoxia
at4_1,"('Gliosis-like', 'AC progenitor-like 2')",0.8895027624309392,Gliosis-like,AC progenitor-like 2,Gliosis-like > AC progenitor-like 2,AC-gliosis-hypoxia,AC-gliosis-hypoxia
at15_2,"('Gliosis-like', 'AC progenitor-like 2')",0.0625,Gliosis-like,AC progenitor-like 2,Gliosis-like > AC progenitor-like 2,AC-gliosis-hypoxia,AC-gliosis-hypoxia
at4_0,"('Gliosis-like', 'AC progenitor-like 2')",0.8363019508057676,Gliosis-like,AC progenitor-like 2,Gliosis-like > AC progenitor-like 2,AC-gliosis-hypoxia,AC-gliosis-hypoxia
at10_0,"('Gliosis-like', 'AC progenitor-like 2')",0.9736842105263158,Gliosis-like,AC progenitor-like 2,Gliosis-like > AC progenitor-like 2,AC-gliosis-hypoxia,AC-gliosis-hypoxia
at7_0,"('Gliosis-like', 'AC progenitor-like 2')",0.9158576051779936,Gliosis-like,AC progenitor-like 2,Gliosis-like > AC progenitor-like 2,AC-gliosis-hypoxia,AC-gliosis-hypoxia
at10_2,"('Gliosis-like', 'AC progenitor-like 2')",0.9284603421461898,Gliosis-like,AC progenitor-like 2,Gliosis-like > AC progenitor-like 2,AC-gliosis-hypoxia,AC-gliosis-hypoxia
at13_0,"('Gliosis-like', 'AC progenitor-like 2')",0.0060240963855421,Gliosis-like,AC progenitor-like 2,Gliosis-like > AC progenitor-like 2,AC-gliosis-hypoxia,AC-gliosis-hypoxia
at15_4,"('Gliosis-like', 'AC progenitor-like 2')",0.0024271844660194,Gliosis-like,AC progenitor-like 2,Gliosis-like > AC progenitor-like 2,AC-gliosis-hypoxia,AC-gliosis-hypoxia
at6_4,"('Gliosis-like', 'AC progenitor-like 2')",0.96875,Gliosis-like,AC progenitor-like 2,Gliosis-like > AC progenitor-like 2,AC-gliosis-hypoxia,AC-gliosis-hypoxia
at10_1,"('Gliosis-like', 'AC progenitor-like 2')",0.8079840319361278,Gliosis-like,AC progenitor-like 2,Gliosis-like > AC progenitor-like 2,AC-gliosis-hypoxia,AC-gliosis-hypoxia
at6_5,"('Gliosis-like', 'AC progenitor-like 2')",0.8282828282828283,Gliosis-like,AC progenitor-like 2,Gliosis-like > AC progenitor-like 2,AC-gliosis-hypoxia,AC-gliosis-hypoxia
at3_3,"('Gliosis-like', 'AC progenitor-like 2')",0.8857142857142857,Gliosis-like,AC progenitor-like 2,Gliosis-like > AC progenitor-like 2,AC-gliosis-hypoxia,AC-gliosis-hypoxia
at4_2,"('Gliosis-like', 'AC progenitor-like 2')",0.7232472324723247,Gliosis-like,AC progenitor-like 2,Gliosis-like > AC progenitor-like 2,AC-gliosis-hypoxia,AC-gliosis-hypoxia
at9_2,"('Gliosis-like', 'AC progenitor-like 2')",0.8929889298892989,Gliosis-like,AC progenitor-like 2,Gliosis-like > AC progenitor-like 2,AC-gliosis-hypoxia,AC-gliosis-hypoxia
at9_4,"('Gliosis-like', 'AC progenitor-like 2')",0.3193277310924369,Gliosis-like,AC progenitor-like 2,Gliosis-like > AC progenitor-like 2,AC-gliosis-hypoxia,AC-gliosis-hypoxia
at9_0,"('Gliosis-like', 'AC progenitor-like 2')",0.0789252728799328,Gliosis-like,AC progenitor-like 2,Gliosis-like > AC progenitor-like 2,AC-gliosis-hypoxia,AC-gliosis-hypoxia
at4_1,"('Gliosis-like', 'AC progenitor-like 2')",0.8895027624309392,Gliosis-like,AC progenitor-like 2,Gliosis-like > AC progenitor-like 2,AC-gliosis-hypoxia,AC-gliosis-hypoxia
at15_2,"('Gliosis-like', 'AC progenitor-like 2')",0.0625,Gliosis-like,AC progenitor-like 2,Gliosis-like > AC progenitor-like 2,AC-gliosis-hypoxia,AC-gliosis-hypoxia
at4_0,"('Gliosis-like', 'AC progenitor-like 2')",0.8363019508057676,Gliosis-like,AC progenitor-like 2,Gliosis-like > AC progenitor-like 2,AC-gliosis-hypoxia,AC-gliosis-hypoxia
at10_0,"('Gliosis-like', 'AC progenitor-like 2')",0.9736842105263158,Gliosis-like,AC progenitor-like 2,Gliosis-like > AC progenitor-like 2,AC-gliosis-hypoxia,AC-gliosis-hypoxia
at7_0,"('Gliosis-like', 'AC progenitor-like 2')",0.9158576051779936,Gliosis-like,AC progenitor-like 2,Gliosis-like > AC progenitor-like 2,AC-gliosis-hypoxia,AC-gliosis-hypoxia
at10_2,"('Gliosis-like', 'AC progenitor-like 2')",0.9284603421461898,Gliosis-like,AC progenitor-like 2,Gliosis-like > AC progenitor-like 2,AC-gliosis-hypoxia,AC-gliosis-hypoxia
at13_0,"('Gliosis-like', 'AC progenitor-like 2')",0.0060240963855421,Gliosis-like,AC progenitor-like 2,Gliosis-like > AC progenitor-like 2,AC-gliosis-hypoxia,AC-gliosis-hypoxia
at15_4,"('Gliosis-like', 'AC progenitor-like 2')",0.0024271844660194,Gliosis-like,AC progenitor-like 2,Gliosis-like > AC progenitor-like 2,AC-gliosis-hypoxia,AC-gliosis-hypoxia
at6_4,"('Gliosis-like', 'AC progenitor-like 2')",0.96875,Gliosis-like,AC progenitor-like 2,Gliosis-like > AC progenitor-like 2,AC-gliosis-hypoxia,AC-gliosis-hypoxia
at10_1,"('Gliosis-like', 'AC progenitor-like 2')",0.8079840319361278,Gliosis-like,AC progenitor-like 2,Gliosis-like > AC progenitor-like 2,AC-gliosis-hypoxia,AC-gliosis-hypoxia
at6_5,"('Gliosis-like', 'AC progenitor-like 2')",0.8282828282828283,Gliosis-like,AC progenitor-like 2,Gliosis-like > AC progenitor-like 2,AC-gliosis-hypoxia,AC-gliosis-hypoxia
at3_3,"('Gliosis-like', 'AC progenitor-like 2')",0.8857142857142857,Gliosis-like,AC progenitor-like 2,Gliosis-like > AC progenitor-like 2,AC-gliosis-hypoxia,AC-gliosis-hypoxia
at4_2,"('Gliosis-like', 'AC progenitor-like 2')",0.7232472324723247,Gliosis-like,AC progenitor-like 2,Gliosis-like > AC progenitor-like 2,AC-gliosis-hypoxia,AC-gliosis-hypoxia
at9_2,"('Gliosis-like', 'AC progenitor-like 2')",0.8929889298892989,Gliosis-like,AC progenitor-like 2,Gliosis-like > AC progenitor-like 2,AC-gliosis-hypoxia,AC-gliosis-hypoxia
at9_4,"('Gliosis-like', 'AC progenitor-like 2')",0.3193277310924369,Gliosis-like,AC progenitor-like 2,Gliosis-like > AC progenitor-like 2,AC-gliosis-hypoxia,AC-gliosis-hypoxia
at9_0,"('Gliosis-like', 'AC progenitor-like 2')",0.0789252728799328,Gliosis-like,AC progenitor-like 2,Gliosis-like > AC progenitor-like 2,AC-gliosis-hypoxia,AC-gliosis-hypoxia
at4_1,"('Gliosis-like', 'AC progenitor-like 2')",0.8895027624309392,Gliosis-like,AC progenitor-like 2,Gliosis-like > AC progenitor-like 2,AC-gliosis-hypoxia,AC-gliosis-hypoxia
at15_2,"('Gliosis-like', 'AC progenitor-like 2')",0.0625,Gliosis-like,AC progenitor-like 2,Gliosis-like > AC progenitor-like 2,AC-gliosis-hypoxia,AC-gliosis-hypoxia
at4_0,"('Gliosis-like', 'AC progenitor-like 2')",0.8363019508057676,Gliosis-like,AC progenitor-like 2,Gliosis-like > AC progenitor-like 2,AC-gliosis-hypoxia,AC-gliosis-hypoxia
at10_0,"('Gliosis-like', 'AC progenitor-like 2')",0.9736842105263158,Gliosis-like,AC progenitor-like 2,Gliosis-like > AC progenitor-like 2,AC-gliosis-hypoxia,AC-gliosis-hypoxia
at7_0,"('Gliosis-like', 'AC progenitor-like 2')",0.9158576051779936,Gliosis-like,AC progenitor-like 2,Gliosis-like > AC progenitor-like 2,AC-gliosis-hypoxia,AC-gliosis-hypoxia
at10_2,"('Gliosis-like', 'AC progenitor-like 2')",0.9284603421461898,Gliosis-like,AC progenitor-like 2,Gliosis-like > AC progenitor-like 2,AC-gliosis-hypoxia,AC-gliosis-hypoxia
at13_0,"('Gliosis-like', 'AC progenitor-like 2')",0.0060240963855421,Gliosis-like,AC progenitor-like 2,Gliosis-like > AC progenitor-like 2,AC-gliosis-hypoxia,AC-gliosis-hypoxia
at15_4,"('Gliosis-like', 'AC progenitor-like 2')",0.0024271844660194,Gliosis-like,AC progenitor-like 2,Gliosis-like > AC progenitor-like 2,AC-gliosis-hypoxia,AC-gliosis-hypoxia
at6_4,"('Gliosis-like', 'AC progenitor-like 2')",0.96875,Gliosis-like,AC progenitor-like 2,Gliosis-like > AC progenitor-like 2,AC-gliosis-hypoxia,AC-gliosis-hypoxia
at10_1,"('Gliosis-like', 'AC progenitor-like 2')",0.8079840319361278,Gliosis-like,AC progenitor-like 2,Gliosis-like > AC progenitor-like 2,AC-gliosis-hypoxia,AC-gliosis-hypoxia
at6_5,"('Gliosis-like', 'AC progenitor-like 2')",0.8282828282828283,Gliosis-like,AC progenitor-like 2,Gliosis-like > AC progenitor-like 2,AC-gliosis-hypoxia,AC-gliosis-hypoxia
at3_3,"('Gliosis-like', 'AC progenitor-like 2')",0.8857142857142857,Gliosis-like,AC progenitor-like 2,Gliosis-like > AC progenitor-like 2,AC-gliosis-hypoxia,AC-gliosis-hypoxia
at4_2,"('Gliosis-like', 'AC progenitor-like 2')",0.7232472324723247,Gliosis-like,AC progenitor-like 2,Gliosis-like > AC progenitor-like 2,AC-gliosis-hypoxia,AC-gliosis-hypoxia
at9_2,"('Gliosis-like', 'AC progenitor-like 2')",0.8929889298892989,Gliosis-like,AC progenitor-like 2,Gliosis-like > AC progenitor-like 2,AC-gliosis-hypoxia,AC-gliosis-hypoxia
at9_4,"('Gliosis-like', 'AC progenitor-like 2')",0.3193277310924369,Gliosis-like,AC progenitor-like 2,Gliosis-like > AC progenitor-like 2,AC-gliosis-hypoxia,AC-gliosis-hypoxia
at9_0,"('Gliosis-like', 'AC progenitor-like 2')",0.0789252728799328,Gliosis-like,AC progenitor-like 2,Gliosis-like > AC progenitor-like 2,AC-gliosis-hypoxia,AC-gliosis-hypoxia
at4_1,"('Gliosis-like', 'AC progenitor-like 2')",0.8895027624309392,Gliosis-like,AC progenitor-like 2,Gliosis-like > AC progenitor-like 2,AC-gliosis-hypoxia,AC-gliosis-hypoxia
at15_2,"('Gliosis-like', 'AC progenitor-like 2')",0.0625,Gliosis-like,AC progenitor-like 2,Gliosis-like > AC progenitor-like 2,AC-gliosis-hypoxia,AC-gliosis-hypoxia
at4_0,"('Gliosis-like', 'AC progenitor-like 2')",0.8363019508057676,Gliosis-like,AC progenitor-like 2,Gliosis-like > AC progenitor-like 2,AC-gliosis-hypoxia,AC-gliosis-hypoxia
at10_0,"('Gliosis-like', 'AC progenitor-like 2')",0.9736842105263158,Gliosis-like,AC progenitor-like 2,Gliosis-like > AC progenitor-like 2,AC-gliosis-hypoxia,AC-gliosis-hypoxia
at7_0,"('Gliosis-like', 'AC progenitor-like 2')",0.9158576051779936,Gliosis-like,AC progenitor-like 2,Gliosis-like > AC progenitor-like 2,AC-gliosis-hypoxia,AC-gliosis-hypoxia
at10_2,"('Gliosis-like', 'AC progenitor-like 2')",0.9284603421461898,Gliosis-like,AC progenitor-like 2,Gliosis-like > AC progenitor-like 2,AC-gliosis-hypoxia,AC-gliosis-hypoxia
at13_0,"('Gliosis-like', 'AC progenitor-like 2')",0.0060240963855421,Gliosis-like,AC progenitor-like 2,Gliosis-like > AC progenitor-like 2,AC-gliosis-hypoxia,AC-gliosis-hypoxia
at15_4,"('Gliosis-like', 'AC progenitor-like 2')",0.0024271844660194,Gliosis-like,AC progenitor-like 2,Gliosis-like > AC progenitor-like 2,AC-gliosis-hypoxia,AC-gliosis-hypoxia
at6_4,"('Gliosis-like', 'AC progenitor-like 2')",0.96875,Gliosis-like,AC progenitor-like 2,Gliosis-like > AC progenitor-like 2,AC-gliosis-hypoxia,AC-gliosis-hypoxia
at10_1,"('Gliosis-like', 'AC progenitor-like 2')",0.8079840319361278,Gliosis-like,AC progenitor-like 2,Gliosis-like > AC progenitor-like 2,AC-gliosis-hypoxia,AC-gliosis-hypoxia
at6_5,"('Gliosis-like', 'AC progenitor-like 2')",0.8282828282828283,Gliosis-like,AC progenitor-like 2,Gliosis-like > AC progenitor-like 2,AC-gliosis-hypoxia,AC-gliosis-hypoxia
at3_3,"('Gliosis-like', 'AC progenitor-like 2')",0.8857142857142857,Gliosis-like,AC progenitor-like 2,Gliosis-like > AC progenitor-like 2,AC-gliosis-hypoxia,AC-gliosis-hypoxia
at4_2,"('Gliosis-like', 'AC progenitor-like 2')",0.7232472324723247,Gliosis-like,AC progenitor-like 2,Gliosis-like > AC progenitor-like 2,AC-gliosis-hypoxia,AC-gliosis-hypoxia
at9_2,"('Gliosis-like', 'AC progenitor-like 2')",0.8929889298892989,Gliosis-like,AC progenitor-like 2,Gliosis-like > AC progenitor-like 2,AC-gliosis-hypoxia,AC-gliosis-hypoxia
at9_4,"('Gliosis-like', 'AC progenitor-like 2')",0.3193277310924369,Gliosis-like,AC progenitor-like 2,Gliosis-like > AC progenitor-like 2,AC-gliosis-hypoxia,AC-gliosis-hypoxia
at9_0,"('Gliosis-like', 'AC progenitor-like 2')",0.0789252728799328,Gliosis-like,AC progenitor-like 2,Gliosis-like > AC progenitor-like 2,AC-gliosis-hypoxia,AC-gliosis-hypoxia
at4_1,"('Gliosis-like', 'AC progenitor-like 2')",0.8895027624309392,Gliosis-like,AC progenitor-like 2,Gliosis-like > AC progenitor-like 2,AC-gliosis-hypoxia,AC-gliosis-hypoxia
at15_2,"('Gliosis-like', 'AC progenitor-like 2')",0.0625,Gliosis-like,AC progenitor-like 2,Gliosis-like > AC progenitor-like 2,AC-gliosis-hypoxia,AC-gliosis-hypoxia
at4_0,"('Gliosis-like', 'AC progenitor-like 2')",0.8363019508057676,Gliosis-like,AC progenitor-like 2,Gliosis-like > AC progenitor-like 2,AC-gliosis-hypoxia,AC-gliosis-hypoxia
at10_0,"('Gliosis-like', 'AC progenitor-like 2')",0.9736842105263158,Gliosis-like,AC progenitor-like 2,Gliosis-like > AC progenitor-like 2,AC-gliosis-hypoxia,AC-gliosis-hypoxia
at7_0,"('Gliosis-like', 'AC progenitor-like 2')",0.9158576051779936,Gliosis-like,AC progenitor-like 2,Gliosis-like > AC progenitor-like 2,AC-gliosis-hypoxia,AC-gliosis-hypoxia
at10_2,"('Gliosis-like', 'AC progenitor-like 2')",0.9284603421461898,Gliosis-like,AC progenitor-like 2,Gliosis-like > AC progenitor-like 2,AC-gliosis-hypoxia,AC-gliosis-hypoxia
at13_0,"('Gliosis-like', 'AC progenitor-like 2')",0.0060240963855421,Gliosis-like,AC progenitor-like 2,Gliosis-like > AC progenitor-like 2,AC-gliosis-hypoxia,AC-gliosis-hypoxia
at15_4,"('Gliosis-like', 'AC progenitor-like 2')",0.0024271844660194,Gliosis-like,AC progenitor-like 2,Gliosis-like > AC progenitor-like 2,AC-gliosis-hypoxia,AC-gliosis-hypoxia
at6_4,"('Gliosis-like', 'AC progenitor-like 2')",0.96875,Gliosis-like,AC progenitor-like 2,Gliosis-like > AC progenitor-like 2,AC-gliosis-hypoxia,AC-gliosis-hypoxia
at10_1,"('Gliosis-like', 'AC progenitor-like 2')",0.8079840319361278,Gliosis-like,AC progenitor-like 2,Gliosis-like > AC progenitor-like 2,AC-gliosis-hypoxia,AC-gliosis-hypoxia
at6_5,"('Gliosis-like', 'AC progenitor-like 2')",0.8282828282828283,Gliosis-like,AC progenitor-like 2,Gliosis-like > AC progenitor-like 2,AC-gliosis-hypoxia,AC-gliosis-hypoxia
at3_3,"('Gliosis-like', 'AC progenitor-like 2')",0.8857142857142857,Gliosis-like,AC progenitor-like 2,Gliosis-like > AC progenitor-like 2,AC-gliosis-hypoxia,AC-gliosis-hypoxia
at4_2,"('Gliosis-like', 'AC progenitor-like 2')",0.7232472324723247,Gliosis-like,AC progenitor-like 2,Gliosis-like > AC progenitor-like 2,AC-gliosis-hypoxia,AC-gliosis-hypoxia
at9_2,"('Gliosis-like', 'AC progenitor-like 2')",0.8929889298892989,Gliosis-like,AC progenitor-like 2,Gliosis-like > AC progenitor-like 2,AC-gliosis-hypoxia,AC-gliosis-hypoxia
at9_4,"('Gliosis-like', 'AC progenitor-like 2')",0.3193277310924369,Gliosis-like,AC progenitor-like 2,Gliosis-like > AC progenitor-like 2,AC-gliosis-hypoxia,AC-gliosis-hypoxia
at9_0,"('Gliosis-like', 'AC progenitor-like 2')",0.0789252728799328,Gliosis-like,AC progenitor-like 2,Gliosis-like > AC progenitor-like 2,AC-gliosis-hypoxia,AC-gliosis-hypoxia
at4_1,"('Gliosis-like', 'AC progenitor-like 2')",0.8895027624309392,Gliosis-like,AC progenitor-like 2,Gliosis-like > AC progenitor-like 2,AC-gliosis-hypoxia,AC-gliosis-hypoxia
at15_2,"('Gliosis-like', 'AC progenitor-like 2')",0.0625,Gliosis-like,AC progenitor-like 2,Gliosis-like > AC progenitor-like 2,AC-gliosis-hypoxia,AC-gliosis-hypoxia
at4_0,"('Gliosis-like', 'AC progenitor-like 2')",0.8363019508057676,Gliosis-like,AC progenitor-like 2,Gliosis-like > AC progenitor-like 2,AC-gliosis-hypoxia,AC-gliosis-hypoxia
at10_0,"('Gliosis-like', 'AC progenitor-like 2')",0.9736842105263158,Gliosis-like,AC progenitor-like 2,Gliosis-like > AC progenitor-like 2,AC-gliosis-hypoxia,AC-gliosis-hypoxia
at7_0,"('Gliosis-like', 'AC progenitor-like 2')",0.9158576051779936,Gliosis-like,AC progenitor-like 2,Gliosis-like > AC progenitor-like 2,AC-gliosis-hypoxia,AC-gliosis-hypoxia
at10_2,"('Gliosis-like', 'AC progenitor-like 2')",0.9284603421461898,Gliosis-like,AC progenitor-like 2,Gliosis-like > AC progenitor-like 2,AC-gliosis-hypoxia,AC-gliosis-hypoxia
at13_0,"('Gliosis-like', 'AC progenitor-like 2')",0.0060240963855421,Gliosis-like,AC progenitor-like 2,Gliosis-like > AC progenitor-like 2,AC-gliosis-hypoxia,AC-gliosis-hypoxia
at15_4,"('Gliosis-like', 'AC progenitor-like 2')",0.0024271844660194,Gliosis-like,AC progenitor-like 2,Gliosis-like > AC progenitor-like 2,AC-gliosis-hypoxia,AC-gliosis-hypoxia
at6_4,"('Gliosis-like', 'AC progenitor-like 2')",0.96875,Gliosis-like,AC progenitor-like 2,Gliosis-like > AC progenitor-like 2,AC-gliosis-hypoxia,AC-gliosis-hypoxia
at10_1,"('Gliosis-like', 'AC progenitor-like 2')",0.8079840319361278,Gliosis-like,AC progenitor-like 2,Gliosis-like > AC progenitor-like 2,AC-gliosis-hypoxia,AC-gliosis-hypoxia
at6_5,"('Gliosis-like', 'AC progenitor-like 2')",0.8282828282828283,Gliosis-like,AC progenitor-like 2,Gliosis-like > AC progenitor-like 2,AC-gliosis-hypoxia,AC-gliosis-hypoxia
at3_3,"('Gliosis-like', 'AC progenitor-like 2')",0.8857142857142857,Gliosis-like,AC progenitor-like 2,Gliosis-like > AC progenitor-like 2,AC-gliosis-hypoxia,AC-gliosis-hypoxia
at4_2,"('Gliosis-like', 'AC progenitor-like 2')",0.7232472324723247,Gliosis-like,AC progenitor-like 2,Gliosis-like > AC progenitor-like 2,AC-gliosis-hypoxia,AC-gliosis-hypoxia
at9_2,"('Gliosis-like', 'AC progenitor-like 2')",0.8929889298892989,Gliosis-like,AC progenitor-like 2,Gliosis-like > AC progenitor-like 2,AC-gliosis-hypoxia,AC-gliosis-hypoxia
at9_4,"('Gliosis-like', 'AC progenitor-like 2')",0.3193277310924369,Gliosis-like,AC progenitor-like 2,Gliosis-like > AC progenitor-like 2,AC-gliosis-hypoxia,AC-gliosis-hypoxia
at9_0,"('Gliosis-like', 'AC progenitor-like 2')",0.0789252728799328,Gliosis-like,AC progenitor-like 2,Gliosis-like > AC progenitor-like 2,AC-gliosis-hypoxia,AC-gliosis-hypoxia
at4_1,"('Gliosis-like', 'AC progenitor-like 2')",0.8895027624309392,Gliosis-like,AC progenitor-like 2,Gliosis-like > AC progenitor-like 2,AC-gliosis-hypoxia,AC-gliosis-hypoxia
at15_2,"('Gliosis-like', 'AC progenitor-like 2')",0.0625,Gliosis-like,AC progenitor-like 2,Gliosis-like > AC progenitor-like 2,AC-gliosis-hypoxia,AC-gliosis-hypoxia
at4_0,"('Gliosis-like', 'AC progenitor-like 2')",0.8363019508057676,Gliosis-like,AC progenitor-like 2,Gliosis-like > AC progenitor-like 2,AC-gliosis-hypoxia,AC-gliosis-hypoxia
at10_0,"('Gliosis-like', 'AC progenitor-like 2')",0.9736842105263158,Gliosis-like,AC progenitor-like 2,Gliosis-like > AC progenitor-like 2,AC-gliosis-hypoxia,AC-gliosis-hypoxia
at7_0,"('Gliosis-like', 'AC progenitor-like 2')",0.9158576051779936,Gliosis-like,AC progenitor-like 2,Gliosis-like > AC progenitor-like 2,AC-gliosis-hypoxia,AC-gliosis-hypoxia
at10_2,"('Gliosis-like', 'AC progenitor-like 2')",0.9284603421461898,Gliosis-like,AC progenitor-like 2,Gliosis-like > AC progenitor-like 2,AC-gliosis-hypoxia,AC-gliosis-hypoxia
at13_0,"('Gliosis-like', 'AC progenitor-like 2')",0.0060240963855421,Gliosis-like,AC progenitor-like 2,Gliosis-like > AC progenitor-like 2,AC-gliosis-hypoxia,AC-gliosis-hypoxia
at15_4,"('Gliosis-like', 'AC progenitor-like 2')",0.0024271844660194,Gliosis-like,AC progenitor-like 2,Gliosis-like > AC progenitor-like 2,AC-gliosis-hypoxia,AC-gliosis-hypoxia
at6_4,"('Gliosis-like', 'AC progenitor-like 2')",0.96875,Gliosis-like,AC progenitor-like 2,Gliosis-like > AC progenitor-like 2,AC-gliosis-hypoxia,AC-gliosis-hypoxia
at10_1,"('Gliosis-like', 'AC progenitor-like 2')",0.8079840319361278,Gliosis-like,AC progenitor-like 2,Gliosis-like > AC progenitor-like 2,AC-gliosis-hypoxia,AC-gliosis-hypoxia
at6_5,"('Gliosis-like', 'AC progenitor-like 2')",0.8282828282828283,Gliosis-like,AC progenitor-like 2,Gliosis-like > AC progenitor-like 2,AC-gliosis-hypoxia,AC-gliosis-hypoxia
at3_3,"('Gliosis-like', 'AC progenitor-like 2')",0.8857142857142857,Gliosis-like,AC progenitor-like 2,Gliosis-like > AC progenitor-like 2,AC-gliosis-hypoxia,AC-gliosis-hypoxia
at4_2,"('Gliosis-like', 'AC progenitor-like 2')",0.7232472324723247,Gliosis-like,AC progenitor-like 2,Gliosis-like > AC progenitor-like 2,AC-gliosis-hypoxia,AC-gliosis-hypoxia
at9_2,"('Gliosis-like', 'AC progenitor-like 2')",0.8929889298892989,Gliosis-like,AC progenitor-like 2,Gliosis-like > AC progenitor-like 2,AC-gliosis-hypoxia,AC-gliosis-hypoxia
at9_4,"('Gliosis-like', 'AC progenitor-like 2')",0.3193277310924369,Gliosis-like,AC progenitor-like 2,Gliosis-like > AC progenitor-like 2,AC-gliosis-hypoxia,AC-gliosis-hypoxia
at9_0,"('Gliosis-like', 'AC progenitor-like 2')",0.0789252728799328,Gliosis-like,AC progenitor-like 2,Gliosis-like > AC progenitor-like 2,AC-gliosis-hypoxia,AC-gliosis-hypoxia
at6_0,"('OPC-NPC-like 1', 'AC progenitor-like 1')",0.8839779005524862,OPC-NPC-like 1,AC progenitor-like 1,OPC-NPC-like 1 > AC progenitor-like 1,OPC-NPC-like,AC-gliosis-hypoxia
at4_1,"('OPC-NPC-like 1', 'AC progenitor-like 1')",0.7024793388429752,OPC-NPC-like 1,AC progenitor-like 1,OPC-NPC-like 1 > AC progenitor-like 1,OPC-NPC-like,AC-gliosis-hypoxia
at5_4,"('OPC-NPC-like 1', 'AC progenitor-like 1')",1.0,OPC-NPC-like 1,AC progenitor-like 1,OPC-NPC-like 1 > AC progenitor-like 1,OPC-NPC-like,AC-gliosis-hypoxia
at15_3,"('OPC-NPC-like 1', 'AC progenitor-like 1')",0.7431192660550459,OPC-NPC-like 1,AC progenitor-like 1,OPC-NPC-like 1 > AC progenitor-like 1,OPC-NPC-like,AC-gliosis-hypoxia
at15_0,"('OPC-NPC-like 1', 'AC progenitor-like 1')",0.9827586206896552,OPC-NPC-like 1,AC progenitor-like 1,OPC-NPC-like 1 > AC progenitor-like 1,OPC-NPC-like,AC-gliosis-hypoxia
at15_2,"('OPC-NPC-like 1', 'AC progenitor-like 1')",0.9444444444444444,OPC-NPC-like 1,AC progenitor-like 1,OPC-NPC-like 1 > AC progenitor-like 1,OPC-NPC-like,AC-gliosis-hypoxia
at15_6,"('OPC-NPC-like 1', 'AC progenitor-like 1')",0.9448275862068966,OPC-NPC-like 1,AC progenitor-like 1,OPC-NPC-like 1 > AC progenitor-like 1,OPC-NPC-like,AC-gliosis-hypoxia
at4_0,"('OPC-NPC-like 1', 'AC progenitor-like 1')",0.8755905511811024,OPC-NPC-like 1,AC progenitor-like 1,OPC-NPC-like 1 > AC progenitor-like 1,OPC-NPC-like,AC-gliosis-hypoxia
at10_0,"('OPC-NPC-like 1', 'AC progenitor-like 1')",0.8125,OPC-NPC-like 1,AC progenitor-like 1,OPC-NPC-like 1 > AC progenitor-like 1,OPC-NPC-like,AC-gliosis-hypoxia
at7_0,"('OPC-NPC-like 1', 'AC progenitor-like 1')",0.8874202370100274,OPC-NPC-like 1,AC progenitor-like 1,OPC-NPC-like 1 > AC progenitor-like 1,OPC-NPC-like,AC-gliosis-hypoxia
at10_2,"('OPC-NPC-like 1', 'AC progenitor-like 1')",0.9375,OPC-NPC-like 1,AC progenitor-like 1,OPC-NPC-like 1 > AC progenitor-like 1,OPC-NPC-like,AC-gliosis-hypoxia
at13_0,"('OPC-NPC-like 1', 'AC progenitor-like 1')",0.2507856693903205,OPC-NPC-like 1,AC progenitor-like 1,OPC-NPC-like 1 > AC progenitor-like 1,OPC-NPC-like,AC-gliosis-hypoxia
at15_4,"('OPC-NPC-like 1', 'AC progenitor-like 1')",0.9387755102040816,OPC-NPC-like 1,AC progenitor-like 1,OPC-NPC-like 1 > AC progenitor-like 1,OPC-NPC-like,AC-gliosis-hypoxia
at6_4,"('OPC-NPC-like 1', 'AC progenitor-like 1')",0.0029411764705882,OPC-NPC-like 1,AC progenitor-like 1,OPC-NPC-like 1 > AC progenitor-like 1,OPC-NPC-like,AC-gliosis-hypoxia
at10_1,"('OPC-NPC-like 1', 'AC progenitor-like 1')",0.8461538461538461,OPC-NPC-like 1,AC progenitor-like 1,OPC-NPC-like 1 > AC progenitor-like 1,OPC-NPC-like,AC-gliosis-hypoxia
at6_5,"('OPC-NPC-like 1', 'AC progenitor-like 1')",0.0294697417701557,OPC-NPC-like 1,AC progenitor-like 1,OPC-NPC-like 1 > AC progenitor-like 1,OPC-NPC-like,AC-gliosis-hypoxia
at3_3,"('OPC-NPC-like 1', 'AC progenitor-like 1')",0.2214925373134328,OPC-NPC-like 1,AC progenitor-like 1,OPC-NPC-like 1 > AC progenitor-like 1,OPC-NPC-like,AC-gliosis-hypoxia
at9_2,"('OPC-NPC-like 1', 'AC progenitor-like 1')",0.7,OPC-NPC-like 1,AC progenitor-like 1,OPC-NPC-like 1 > AC progenitor-like 1,OPC-NPC-like,AC-gliosis-hypoxia
at9_4,"('OPC-NPC-like 1', 'AC progenitor-like 1')",0.0212765957446808,OPC-NPC-like 1,AC progenitor-like 1,OPC-NPC-like 1 > AC progenitor-like 1,OPC-NPC-like,AC-gliosis-hypoxia
at9_0,"('OPC-NPC-like 1', 'AC progenitor-like 1')",0.0397350993377483,OPC-NPC-like 1,AC progenitor-like 1,OPC-NPC-like 1 > AC progenitor-like 1,OPC-NPC-like,AC-gliosis-hypoxia
at6_0,"('OPC-NPC-like 1', 'AC progenitor-like 1')",0.8839779005524862,OPC-NPC-like 1,AC progenitor-like 1,OPC-NPC-like 1 > AC progenitor-like 1,OPC-NPC-like,AC-gliosis-hypoxia
at4_1,"('OPC-NPC-like 1', 'AC progenitor-like 1')",0.7024793388429752,OPC-NPC-like 1,AC progenitor-like 1,OPC-NPC-like 1 > AC progenitor-like 1,OPC-NPC-like,AC-gliosis-hypoxia
at5_4,"('OPC-NPC-like 1', 'AC progenitor-like 1')",1.0,OPC-NPC-like 1,AC progenitor-like 1,OPC-NPC-like 1 > AC progenitor-like 1,OPC-NPC-like,AC-gliosis-hypoxia
at15_3,"('OPC-NPC-like 1', 'AC progenitor-like 1')",0.7431192660550459,OPC-NPC-like 1,AC progenitor-like 1,OPC-NPC-like 1 > AC progenitor-like 1,OPC-NPC-like,AC-gliosis-hypoxia
at15_0,"('OPC-NPC-like 1', 'AC progenitor-like 1')",0.9827586206896552,OPC-NPC-like 1,AC progenitor-like 1,OPC-NPC-like 1 > AC progenitor-like 1,OPC-NPC-like,AC-gliosis-hypoxia
at15_2,"('OPC-NPC-like 1', 'AC progenitor-like 1')",0.9444444444444444,OPC-NPC-like 1,AC progenitor-like 1,OPC-NPC-like 1 > AC progenitor-like 1,OPC-NPC-like,AC-gliosis-hypoxia
at15_6,"('OPC-NPC-like 1', 'AC progenitor-like 1')",0.9448275862068966,OPC-NPC-like 1,AC progenitor-like 1,OPC-NPC-like 1 > AC progenitor-like 1,OPC-NPC-like,AC-gliosis-hypoxia
at4_0,"('OPC-NPC-like 1', 'AC progenitor-like 1')",0.8755905511811024,OPC-NPC-like 1,AC progenitor-like 1,OPC-NPC-like 1 > AC progenitor-like 1,OPC-NPC-like,AC-gliosis-hypoxia
at10_0,"('OPC-NPC-like 1', 'AC progenitor-like 1')",0.8125,OPC-NPC-like 1,AC progenitor-like 1,OPC-NPC-like 1 > AC progenitor-like 1,OPC-NPC-like,AC-gliosis-hypoxia
at7_0,"('OPC-NPC-like 1', 'AC progenitor-like 1')",0.8874202370100274,OPC-NPC-like 1,AC progenitor-like 1,OPC-NPC-like 1 > AC progenitor-like 1,OPC-NPC-like,AC-gliosis-hypoxia
at10_2,"('OPC-NPC-like 1', 'AC progenitor-like 1')",0.9375,OPC-NPC-like 1,AC progenitor-like 1,OPC-NPC-like 1 > AC progenitor-like 1,OPC-NPC-like,AC-gliosis-hypoxia
at13_0,"('OPC-NPC-like 1', 'AC progenitor-like 1')",0.2507856693903205,OPC-NPC-like 1,AC progenitor-like 1,OPC-NPC-like 1 > AC progenitor-like 1,OPC-NPC-like,AC-gliosis-hypoxia
at15_4,"('OPC-NPC-like 1', 'AC progenitor-like 1')",0.9387755102040816,OPC-NPC-like 1,AC progenitor-like 1,OPC-NPC-like 1 > AC progenitor-like 1,OPC-NPC-like,AC-gliosis-hypoxia
at6_4,"('OPC-NPC-like 1', 'AC progenitor-like 1')",0.0029411764705882,OPC-NPC-like 1,AC progenitor-like 1,OPC-NPC-like 1 > AC progenitor-like 1,OPC-NPC-like,AC-gliosis-hypoxia
at10_1,"('OPC-NPC-like 1', 'AC progenitor-like 1')",0.8461538461538461,OPC-NPC-like 1,AC progenitor-like 1,OPC-NPC-like 1 > AC progenitor-like 1,OPC-NPC-like,AC-gliosis-hypoxia
at6_5,"('OPC-NPC-like 1', 'AC progenitor-like 1')",0.0294697417701557,OPC-NPC-like 1,AC progenitor-like 1,OPC-NPC-like 1 > AC progenitor-like 1,OPC-NPC-like,AC-gliosis-hypoxia
at3_3,"('OPC-NPC-like 1', 'AC progenitor-like 1')",0.2214925373134328,OPC-NPC-like 1,AC progenitor-like 1,OPC-NPC-like 1 > AC progenitor-like 1,OPC-NPC-like,AC-gliosis-hypoxia
at9_2,"('OPC-NPC-like 1', 'AC progenitor-like 1')",0.7,OPC-NPC-like 1,AC progenitor-like 1,OPC-NPC-like 1 > AC progenitor-like 1,OPC-NPC-like,AC-gliosis-hypoxia
at9_4,"('OPC-NPC-like 1', 'AC progenitor-like 1')",0.0212765957446808,OPC-NPC-like 1,AC progenitor-like 1,OPC-NPC-like 1 > AC progenitor-like 1,OPC-NPC-like,AC-gliosis-hypoxia
at9_0,"('OPC-NPC-like 1', 'AC progenitor-like 1')",0.0397350993377483,OPC-NPC-like 1,AC progenitor-like 1,OPC-NPC-like 1 > AC progenitor-like 1,OPC-NPC-like,AC-gliosis-hypoxia
at6_0,"('OPC-NPC-like 1', 'AC progenitor-like 1')",0.8839779005524862,OPC-NPC-like 1,AC progenitor-like 1,OPC-NPC-like 1 > AC progenitor-like 1,OPC-NPC-like,AC-gliosis-hypoxia
at4_1,"('OPC-NPC-like 1', 'AC progenitor-like 1')",0.7024793388429752,OPC-NPC-like 1,AC progenitor-like 1,OPC-NPC-like 1 > AC progenitor-like 1,OPC-NPC-like,AC-gliosis-hypoxia
at5_4,"('OPC-NPC-like 1', 'AC progenitor-like 1')",1.0,OPC-NPC-like 1,AC progenitor-like 1,OPC-NPC-like 1 > AC progenitor-like 1,OPC-NPC-like,AC-gliosis-hypoxia
at15_3,"('OPC-NPC-like 1', 'AC progenitor-like 1')",0.7431192660550459,OPC-NPC-like 1,AC progenitor-like 1,OPC-NPC-like 1 > AC progenitor-like 1,OPC-NPC-like,AC-gliosis-hypoxia
at15_0,"('OPC-NPC-like 1', 'AC progenitor-like 1')",0.9827586206896552,OPC-NPC-like 1,AC progenitor-like 1,OPC-NPC-like 1 > AC progenitor-like 1,OPC-NPC-like,AC-gliosis-hypoxia
at15_2,"('OPC-NPC-like 1', 'AC progenitor-like 1')",0.9444444444444444,OPC-NPC-like 1,AC progenitor-like 1,OPC-NPC-like 1 > AC progenitor-like 1,OPC-NPC-like,AC-gliosis-hypoxia
at15_6,"('OPC-NPC-like 1', 'AC progenitor-like 1')",0.9448275862068966,OPC-NPC-like 1,AC progenitor-like 1,OPC-NPC-like 1 > AC progenitor-like 1,OPC-NPC-like,AC-gliosis-hypoxia
at4_0,"('OPC-NPC-like 1', 'AC progenitor-like 1')",0.8755905511811024,OPC-NPC-like 1,AC progenitor-like 1,OPC-NPC-like 1 > AC progenitor-like 1,OPC-NPC-like,AC-gliosis-hypoxia
at10_0,"('OPC-NPC-like 1', 'AC progenitor-like 1')",0.8125,OPC-NPC-like 1,AC progenitor-like 1,OPC-NPC-like 1 > AC progenitor-like 1,OPC-NPC-like,AC-gliosis-hypoxia
at7_0,"('OPC-NPC-like 1', 'AC progenitor-like 1')",0.8874202370100274,OPC-NPC-like 1,AC progenitor-like 1,OPC-NPC-like 1 > AC progenitor-like 1,OPC-NPC-like,AC-gliosis-hypoxia
at10_2,"('OPC-NPC-like 1', 'AC progenitor-like 1')",0.9375,OPC-NPC-like 1,AC progenitor-like 1,OPC-NPC-like 1 > AC progenitor-like 1,OPC-NPC-like,AC-gliosis-hypoxia
at13_0,"('OPC-NPC-like 1', 'AC progenitor-like 1')",0.2507856693903205,OPC-NPC-like 1,AC progenitor-like 1,OPC-NPC-like 1 > AC progenitor-like 1,OPC-NPC-like,AC-gliosis-hypoxia
at15_4,"('OPC-NPC-like 1', 'AC progenitor-like 1')",0.9387755102040816,OPC-NPC-like 1,AC progenitor-like 1,OPC-NPC-like 1 > AC progenitor-like 1,OPC-NPC-like,AC-gliosis-hypoxia
at6_4,"('OPC-NPC-like 1', 'AC progenitor-like 1')",0.0029411764705882,OPC-NPC-like 1,AC progenitor-like 1,OPC-NPC-like 1 > AC progenitor-like 1,OPC-NPC-like,AC-gliosis-hypoxia
at10_1,"('OPC-NPC-like 1', 'AC progenitor-like 1')",0.8461538461538461,OPC-NPC-like 1,AC progenitor-like 1,OPC-NPC-like 1 > AC progenitor-like 1,OPC-NPC-like,AC-gliosis-hypoxia
at6_5,"('OPC-NPC-like 1', 'AC progenitor-like 1')",0.0294697417701557,OPC-NPC-like 1,AC progenitor-like 1,OPC-NPC-like 1 > AC progenitor-like 1,OPC-NPC-like,AC-gliosis-hypoxia
at3_3,"('OPC-NPC-like 1', 'AC progenitor-like 1')",0.2214925373134328,OPC-NPC-like 1,AC progenitor-like 1,OPC-NPC-like 1 > AC progenitor-like 1,OPC-NPC-like,AC-gliosis-hypoxia
at9_2,"('OPC-NPC-like 1', 'AC progenitor-like 1')",0.7,OPC-NPC-like 1,AC progenitor-like 1,OPC-NPC-like 1 > AC progenitor-like 1,OPC-NPC-like,AC-gliosis-hypoxia
at9_4,"('OPC-NPC-like 1', 'AC progenitor-like 1')",0.0212765957446808,OPC-NPC-like 1,AC progenitor-like 1,OPC-NPC-like 1 > AC progenitor-like 1,OPC-NPC-like,AC-gliosis-hypoxia
at9_0,"('OPC-NPC-like 1', 'AC progenitor-like 1')",0.0397350993377483,OPC-NPC-like 1,AC progenitor-like 1,OPC-NPC-like 1 > AC progenitor-like 1,OPC-NPC-like,AC-gliosis-hypoxia
at6_0,"('OPC-NPC-like 1', 'AC progenitor-like 1')",0.8839779005524862,OPC-NPC-like 1,AC progenitor-like 1,OPC-NPC-like 1 > AC progenitor-like 1,OPC-NPC-like,AC-gliosis-hypoxia
at4_1,"('OPC-NPC-like 1', 'AC progenitor-like 1')",0.7024793388429752,OPC-NPC-like 1,AC progenitor-like 1,OPC-NPC-like 1 > AC progenitor-like 1,OPC-NPC-like,AC-gliosis-hypoxia
at5_4,"('OPC-NPC-like 1', 'AC progenitor-like 1')",1.0,OPC-NPC-like 1,AC progenitor-like 1,OPC-NPC-like 1 > AC progenitor-like 1,OPC-NPC-like,AC-gliosis-hypoxia
at15_3,"('OPC-NPC-like 1', 'AC progenitor-like 1')",0.7431192660550459,OPC-NPC-like 1,AC progenitor-like 1,OPC-NPC-like 1 > AC progenitor-like 1,OPC-NPC-like,AC-gliosis-hypoxia
at15_0,"('OPC-NPC-like 1', 'AC progenitor-like 1')",0.9827586206896552,OPC-NPC-like 1,AC progenitor-like 1,OPC-NPC-like 1 > AC progenitor-like 1,OPC-NPC-like,AC-gliosis-hypoxia
at15_2,"('OPC-NPC-like 1', 'AC progenitor-like 1')",0.9444444444444444,OPC-NPC-like 1,AC progenitor-like 1,OPC-NPC-like 1 > AC progenitor-like 1,OPC-NPC-like,AC-gliosis-hypoxia
at15_6,"('OPC-NPC-like 1', 'AC progenitor-like 1')",0.9448275862068966,OPC-NPC-like 1,AC progenitor-like 1,OPC-NPC-like 1 > AC progenitor-like 1,OPC-NPC-like,AC-gliosis-hypoxia
at4_0,"('OPC-NPC-like 1', 'AC progenitor-like 1')",0.8755905511811024,OPC-NPC-like 1,AC progenitor-like 1,OPC-NPC-like 1 > AC progenitor-like 1,OPC-NPC-like,AC-gliosis-hypoxia
at10_0,"('OPC-NPC-like 1', 'AC progenitor-like 1')",0.8125,OPC-NPC-like 1,AC progenitor-like 1,OPC-NPC-like 1 > AC progenitor-like 1,OPC-NPC-like,AC-gliosis-hypoxia
at7_0,"('OPC-NPC-like 1', 'AC progenitor-like 1')",0.8874202370100274,OPC-NPC-like 1,AC progenitor-like 1,OPC-NPC-like 1 > AC progenitor-like 1,OPC-NPC-like,AC-gliosis-hypoxia
at10_2,"('OPC-NPC-like 1', 'AC progenitor-like 1')",0.9375,OPC-NPC-like 1,AC progenitor-like 1,OPC-NPC-like 1 > AC progenitor-like 1,OPC-NPC-like,AC-gliosis-hypoxia
at13_0,"('OPC-NPC-like 1', 'AC progenitor-like 1')",0.2507856693903205,OPC-NPC-like 1,AC progenitor-like 1,OPC-NPC-like 1 > AC progenitor-like 1,OPC-NPC-like,AC-gliosis-hypoxia
at15_4,"('OPC-NPC-like 1', 'AC progenitor-like 1')",0.9387755102040816,OPC-NPC-like 1,AC progenitor-like 1,OPC-NPC-like 1 > AC progenitor-like 1,OPC-NPC-like,AC-gliosis-hypoxia
at6_4,"('OPC-NPC-like 1', 'AC progenitor-like 1')",0.0029411764705882,OPC-NPC-like 1,AC progenitor-like 1,OPC-NPC-like 1 > AC progenitor-like 1,OPC-NPC-like,AC-gliosis-hypoxia
at10_1,"('OPC-NPC-like 1', 'AC progenitor-like 1')",0.8461538461538461,OPC-NPC-like 1,AC progenitor-like 1,OPC-NPC-like 1 > AC progenitor-like 1,OPC-NPC-like,AC-gliosis-hypoxia
at6_5,"('OPC-NPC-like 1', 'AC progenitor-like 1')",0.0294697417701557,OPC-NPC-like 1,AC progenitor-like 1,OPC-NPC-like 1 > AC progenitor-like 1,OPC-NPC-like,AC-gliosis-hypoxia
at3_3,"('OPC-NPC-like 1', 'AC progenitor-like 1')",0.2214925373134328,OPC-NPC-like 1,AC progenitor-like 1,OPC-NPC-like 1 > AC progenitor-like 1,OPC-NPC-like,AC-gliosis-hypoxia
at9_2,"('OPC-NPC-like 1', 'AC progenitor-like 1')",0.7,OPC-NPC-like 1,AC progenitor-like 1,OPC-NPC-like 1 > AC progenitor-like 1,OPC-NPC-like,AC-gliosis-hypoxia
at9_4,"('OPC-NPC-like 1', 'AC progenitor-like 1')",0.0212765957446808,OPC-NPC-like 1,AC progenitor-like 1,OPC-NPC-like 1 > AC progenitor-like 1,OPC-NPC-like,AC-gliosis-hypoxia
at9_0,"('OPC-NPC-like 1', 'AC progenitor-like 1')",0.0397350993377483,OPC-NPC-like 1,AC progenitor-like 1,OPC-NPC-like 1 > AC progenitor-like 1,OPC-NPC-like,AC-gliosis-hypoxia
at6_0,"('OPC-NPC-like 1', 'AC progenitor-like 1')",0.8839779005524862,OPC-NPC-like 1,AC progenitor-like 1,OPC-NPC-like 1 > AC progenitor-like 1,OPC-NPC-like,AC-gliosis-hypoxia
at4_1,"('OPC-NPC-like 1', 'AC progenitor-like 1')",0.7024793388429752,OPC-NPC-like 1,AC progenitor-like 1,OPC-NPC-like 1 > AC progenitor-like 1,OPC-NPC-like,AC-gliosis-hypoxia
at5_4,"('OPC-NPC-like 1', 'AC progenitor-like 1')",1.0,OPC-NPC-like 1,AC progenitor-like 1,OPC-NPC-like 1 > AC progenitor-like 1,OPC-NPC-like,AC-gliosis-hypoxia
at15_3,"('OPC-NPC-like 1', 'AC progenitor-like 1')",0.7431192660550459,OPC-NPC-like 1,AC progenitor-like 1,OPC-NPC-like 1 > AC progenitor-like 1,OPC-NPC-like,AC-gliosis-hypoxia
at15_0,"('OPC-NPC-like 1', 'AC progenitor-like 1')",0.9827586206896552,OPC-NPC-like 1,AC progenitor-like 1,OPC-NPC-like 1 > AC progenitor-like 1,OPC-NPC-like,AC-gliosis-hypoxia
at15_2,"('OPC-NPC-like 1', 'AC progenitor-like 1')",0.9444444444444444,OPC-NPC-like 1,AC progenitor-like 1,OPC-NPC-like 1 > AC progenitor-like 1,OPC-NPC-like,AC-gliosis-hypoxia
at15_6,"('OPC-NPC-like 1', 'AC progenitor-like 1')",0.9448275862068966,OPC-NPC-like 1,AC progenitor-like 1,OPC-NPC-like 1 > AC progenitor-like 1,OPC-NPC-like,AC-gliosis-hypoxia
at4_0,"('OPC-NPC-like 1', 'AC progenitor-like 1')",0.8755905511811024,OPC-NPC-like 1,AC progenitor-like 1,OPC-NPC-like 1 > AC progenitor-like 1,OPC-NPC-like,AC-gliosis-hypoxia
at10_0,"('OPC-NPC-like 1', 'AC progenitor-like 1')",0.8125,OPC-NPC-like 1,AC progenitor-like 1,OPC-NPC-like 1 > AC progenitor-like 1,OPC-NPC-like,AC-gliosis-hypoxia
at7_0,"('OPC-NPC-like 1', 'AC progenitor-like 1')",0.8874202370100274,OPC-NPC-like 1,AC progenitor-like 1,OPC-NPC-like 1 > AC progenitor-like 1,OPC-NPC-like,AC-gliosis-hypoxia
at10_2,"('OPC-NPC-like 1', 'AC progenitor-like 1')",0.9375,OPC-NPC-like 1,AC progenitor-like 1,OPC-NPC-like 1 > AC progenitor-like 1,OPC-NPC-like,AC-gliosis-hypoxia
at13_0,"('OPC-NPC-like 1', 'AC progenitor-like 1')",0.2507856693903205,OPC-NPC-like 1,AC progenitor-like 1,OPC-NPC-like 1 > AC progenitor-like 1,OPC-NPC-like,AC-gliosis-hypoxia
at15_4,"('OPC-NPC-like 1', 'AC progenitor-like 1')",0.9387755102040816,OPC-NPC-like 1,AC progenitor-like 1,OPC-NPC-like 1 > AC progenitor-like 1,OPC-NPC-like,AC-gliosis-hypoxia
at6_4,"('OPC-NPC-like 1', 'AC progenitor-like 1')",0.0029411764705882,OPC-NPC-like 1,AC progenitor-like 1,OPC-NPC-like 1 > AC progenitor-like 1,OPC-NPC-like,AC-gliosis-hypoxia
at10_1,"('OPC-NPC-like 1', 'AC progenitor-like 1')",0.8461538461538461,OPC-NPC-like 1,AC progenitor-like 1,OPC-NPC-like 1 > AC progenitor-like 1,OPC-NPC-like,AC-gliosis-hypoxia
at6_5,"('OPC-NPC-like 1', 'AC progenitor-like 1')",0.0294697417701557,OPC-NPC-like 1,AC progenitor-like 1,OPC-NPC-like 1 > AC progenitor-like 1,OPC-NPC-like,AC-gliosis-hypoxia
at3_3,"('OPC-NPC-like 1', 'AC progenitor-like 1')",0.2214925373134328,OPC-NPC-like 1,AC progenitor-like 1,OPC-NPC-like 1 > AC progenitor-like 1,OPC-NPC-like,AC-gliosis-hypoxia
at9_2,"('OPC-NPC-like 1', 'AC progenitor-like 1')",0.7,OPC-NPC-like 1,AC progenitor-like 1,OPC-NPC-like 1 > AC progenitor-like 1,OPC-NPC-like,AC-gliosis-hypoxia
at9_4,"('OPC-NPC-like 1', 'AC progenitor-like 1')",0.0212765957446808,OPC-NPC-like 1,AC progenitor-like 1,OPC-NPC-like 1 > AC progenitor-like 1,OPC-NPC-like,AC-gliosis-hypoxia
at9_0,"('OPC-NPC-like 1', 'AC progenitor-like 1')",0.0397350993377483,OPC-NPC-like 1,AC progenitor-like 1,OPC-NPC-like 1 > AC progenitor-like 1,OPC-NPC-like,AC-gliosis-hypoxia
at6_0,"('OPC-NPC-like 1', 'AC progenitor-like 1')",0.8839779005524862,OPC-NPC-like 1,AC progenitor-like 1,OPC-NPC-like 1 > AC progenitor-like 1,OPC-NPC-like,AC-gliosis-hypoxia
at4_1,"('OPC-NPC-like 1', 'AC progenitor-like 1')",0.7024793388429752,OPC-NPC-like 1,AC progenitor-like 1,OPC-NPC-like 1 > AC progenitor-like 1,OPC-NPC-like,AC-gliosis-hypoxia
at5_4,"('OPC-NPC-like 1', 'AC progenitor-like 1')",1.0,OPC-NPC-like 1,AC progenitor-like 1,OPC-NPC-like 1 > AC progenitor-like 1,OPC-NPC-like,AC-gliosis-hypoxia
at15_3,"('OPC-NPC-like 1', 'AC progenitor-like 1')",0.7431192660550459,OPC-NPC-like 1,AC progenitor-like 1,OPC-NPC-like 1 > AC progenitor-like 1,OPC-NPC-like,AC-gliosis-hypoxia
at15_0,"('OPC-NPC-like 1', 'AC progenitor-like 1')",0.9827586206896552,OPC-NPC-like 1,AC progenitor-like 1,OPC-NPC-like 1 > AC progenitor-like 1,OPC-NPC-like,AC-gliosis-hypoxia
at15_2,"('OPC-NPC-like 1', 'AC progenitor-like 1')",0.9444444444444444,OPC-NPC-like 1,AC progenitor-like 1,OPC-NPC-like 1 > AC progenitor-like 1,OPC-NPC-like,AC-gliosis-hypoxia
at15_6,"('OPC-NPC-like 1', 'AC progenitor-like 1')",0.9448275862068966,OPC-NPC-like 1,AC progenitor-like 1,OPC-NPC-like 1 > AC progenitor-like 1,OPC-NPC-like,AC-gliosis-hypoxia
at4_0,"('OPC-NPC-like 1', 'AC progenitor-like 1')",0.8755905511811024,OPC-NPC-like 1,AC progenitor-like 1,OPC-NPC-like 1 > AC progenitor-like 1,OPC-NPC-like,AC-gliosis-hypoxia
at10_0,"('OPC-NPC-like 1', 'AC progenitor-like 1')",0.8125,OPC-NPC-like 1,AC progenitor-like 1,OPC-NPC-like 1 > AC progenitor-like 1,OPC-NPC-like,AC-gliosis-hypoxia
at7_0,"('OPC-NPC-like 1', 'AC progenitor-like 1')",0.8874202370100274,OPC-NPC-like 1,AC progenitor-like 1,OPC-NPC-like 1 > AC progenitor-like 1,OPC-NPC-like,AC-gliosis-hypoxia
at10_2,"('OPC-NPC-like 1', 'AC progenitor-like 1')",0.9375,OPC-NPC-like 1,AC progenitor-like 1,OPC-NPC-like 1 > AC progenitor-like 1,OPC-NPC-like,AC-gliosis-hypoxia
at13_0,"('OPC-NPC-like 1', 'AC progenitor-like 1')",0.2507856693903205,OPC-NPC-like 1,AC progenitor-like 1,OPC-NPC-like 1 > AC progenitor-like 1,OPC-NPC-like,AC-gliosis-hypoxia
at15_4,"('OPC-NPC-like 1', 'AC progenitor-like 1')",0.9387755102040816,OPC-NPC-like 1,AC progenitor-like 1,OPC-NPC-like 1 > AC progenitor-like 1,OPC-NPC-like,AC-gliosis-hypoxia
at6_4,"('OPC-NPC-like 1', 'AC progenitor-like 1')",0.0029411764705882,OPC-NPC-like 1,AC progenitor-like 1,OPC-NPC-like 1 > AC progenitor-like 1,OPC-NPC-like,AC-gliosis-hypoxia
at10_1,"('OPC-NPC-like 1', 'AC progenitor-like 1')",0.8461538461538461,OPC-NPC-like 1,AC progenitor-like 1,OPC-NPC-like 1 > AC progenitor-like 1,OPC-NPC-like,AC-gliosis-hypoxia
at6_5,"('OPC-NPC-like 1', 'AC progenitor-like 1')",0.0294697417701557,OPC-NPC-like 1,AC progenitor-like 1,OPC-NPC-like 1 > AC progenitor-like 1,OPC-NPC-like,AC-gliosis-hypoxia
at3_3,"('OPC-NPC-like 1', 'AC progenitor-like 1')",0.2214925373134328,OPC-NPC-like 1,AC progenitor-like 1,OPC-NPC-like 1 > AC progenitor-like 1,OPC-NPC-like,AC-gliosis-hypoxia
at9_2,"('OPC-NPC-like 1', 'AC progenitor-like 1')",0.7,OPC-NPC-like 1,AC progenitor-like 1,OPC-NPC-like 1 > AC progenitor-like 1,OPC-NPC-like,AC-gliosis-hypoxia
at9_4,"('OPC-NPC-like 1', 'AC progenitor-like 1')",0.0212765957446808,OPC-NPC-like 1,AC progenitor-like 1,OPC-NPC-like 1 > AC progenitor-like 1,OPC-NPC-like,AC-gliosis-hypoxia
at9_0,"('OPC-NPC-like 1', 'AC progenitor-like 1')",0.0397350993377483,OPC-NPC-like 1,AC progenitor-like 1,OPC-NPC-like 1 > AC progenitor-like 1,OPC-NPC-like,AC-gliosis-hypoxia
at6_0,"('OPC-NPC-like 1', 'AC progenitor-like 1')",0.8839779005524862,OPC-NPC-like 1,AC progenitor-like 1,OPC-NPC-like 1 > AC progenitor-like 1,OPC-NPC-like,AC-gliosis-hypoxia
at4_1,"('OPC-NPC-like 1', 'AC progenitor-like 1')",0.7024793388429752,OPC-NPC-like 1,AC progenitor-like 1,OPC-NPC-like 1 > AC progenitor-like 1,OPC-NPC-like,AC-gliosis-hypoxia
at5_4,"('OPC-NPC-like 1', 'AC progenitor-like 1')",1.0,OPC-NPC-like 1,AC progenitor-like 1,OPC-NPC-like 1 > AC progenitor-like 1,OPC-NPC-like,AC-gliosis-hypoxia
at15_3,"('OPC-NPC-like 1', 'AC progenitor-like 1')",0.7431192660550459,OPC-NPC-like 1,AC progenitor-like 1,OPC-NPC-like 1 > AC progenitor-like 1,OPC-NPC-like,AC-gliosis-hypoxia
at15_0,"('OPC-NPC-like 1', 'AC progenitor-like 1')",0.9827586206896552,OPC-NPC-like 1,AC progenitor-like 1,OPC-NPC-like 1 > AC progenitor-like 1,OPC-NPC-like,AC-gliosis-hypoxia
at15_2,"('OPC-NPC-like 1', 'AC progenitor-like 1')",0.9444444444444444,OPC-NPC-like 1,AC progenitor-like 1,OPC-NPC-like 1 > AC progenitor-like 1,OPC-NPC-like,AC-gliosis-hypoxia
at15_6,"('OPC-NPC-like 1', 'AC progenitor-like 1')",0.9448275862068966,OPC-NPC-like 1,AC progenitor-like 1,OPC-NPC-like 1 > AC progenitor-like 1,OPC-NPC-like,AC-gliosis-hypoxia
at4_0,"('OPC-NPC-like 1', 'AC progenitor-like 1')",0.8755905511811024,OPC-NPC-like 1,AC progenitor-like 1,OPC-NPC-like 1 > AC progenitor-like 1,OPC-NPC-like,AC-gliosis-hypoxia
at10_0,"('OPC-NPC-like 1', 'AC progenitor-like 1')",0.8125,OPC-NPC-like 1,AC progenitor-like 1,OPC-NPC-like 1 > AC progenitor-like 1,OPC-NPC-like,AC-gliosis-hypoxia
at7_0,"('OPC-NPC-like 1', 'AC progenitor-like 1')",0.8874202370100274,OPC-NPC-like 1,AC progenitor-like 1,OPC-NPC-like 1 > AC progenitor-like 1,OPC-NPC-like,AC-gliosis-hypoxia
at10_2,"('OPC-NPC-like 1', 'AC progenitor-like 1')",0.9375,OPC-NPC-like 1,AC progenitor-like 1,OPC-NPC-like 1 > AC progenitor-like 1,OPC-NPC-like,AC-gliosis-hypoxia
at13_0,"('OPC-NPC-like 1', 'AC progenitor-like 1')",0.2507856693903205,OPC-NPC-like 1,AC progenitor-like 1,OPC-NPC-like 1 > AC progenitor-like 1,OPC-NPC-like,AC-gliosis-hypoxia
at15_4,"('OPC-NPC-like 1', 'AC progenitor-like 1')",0.9387755102040816,OPC-NPC-like 1,AC progenitor-like 1,OPC-NPC-like 1 > AC progenitor-like 1,OPC-NPC-like,AC-gliosis-hypoxia
at6_4,"('OPC-NPC-like 1', 'AC progenitor-like 1')",0.0029411764705882,OPC-NPC-like 1,AC progenitor-like 1,OPC-NPC-like 1 > AC progenitor-like 1,OPC-NPC-like,AC-gliosis-hypoxia
at10_1,"('OPC-NPC-like 1', 'AC progenitor-like 1')",0.8461538461538461,OPC-NPC-like 1,AC progenitor-like 1,OPC-NPC-like 1 > AC progenitor-like 1,OPC-NPC-like,AC-gliosis-hypoxia
at6_5,"('OPC-NPC-like 1', 'AC progenitor-like 1')",0.0294697417701557,OPC-NPC-like 1,AC progenitor-like 1,OPC-NPC-like 1 > AC progenitor-like 1,OPC-NPC-like,AC-gliosis-hypoxia
at3_3,"('OPC-NPC-like 1', 'AC progenitor-like 1')",0.2214925373134328,OPC-NPC-like 1,AC progenitor-like 1,OPC-NPC-like 1 > AC progenitor-like 1,OPC-NPC-like,AC-gliosis-hypoxia
at9_2,"('OPC-NPC-like 1', 'AC progenitor-like 1')",0.7,OPC-NPC-like 1,AC progenitor-like 1,OPC-NPC-like 1 > AC progenitor-like 1,OPC-NPC-like,AC-gliosis-hypoxia
at9_4,"('OPC-NPC-like 1', 'AC progenitor-like 1')",0.0212765957446808,OPC-NPC-like 1,AC progenitor-like 1,OPC-NPC-like 1 > AC progenitor-like 1,OPC-NPC-like,AC-gliosis-hypoxia
at9_0,"('OPC-NPC-like 1', 'AC progenitor-like 1')",0.0397350993377483,OPC-NPC-like 1,AC progenitor-like 1,OPC-NPC-like 1 > AC progenitor-like 1,OPC-NPC-like,AC-gliosis-hypoxia
at6_0,"('OPC-NPC-like 1', 'AC progenitor-like 1')",0.8839779005524862,OPC-NPC-like 1,AC progenitor-like 1,OPC-NPC-like 1 > AC progenitor-like 1,OPC-NPC-like,AC-gliosis-hypoxia
at4_1,"('OPC-NPC-like 1', 'AC progenitor-like 1')",0.7024793388429752,OPC-NPC-like 1,AC progenitor-like 1,OPC-NPC-like 1 > AC progenitor-like 1,OPC-NPC-like,AC-gliosis-hypoxia
at5_4,"('OPC-NPC-like 1', 'AC progenitor-like 1')",1.0,OPC-NPC-like 1,AC progenitor-like 1,OPC-NPC-like 1 > AC progenitor-like 1,OPC-NPC-like,AC-gliosis-hypoxia
at15_3,"('OPC-NPC-like 1', 'AC progenitor-like 1')",0.7431192660550459,OPC-NPC-like 1,AC progenitor-like 1,OPC-NPC-like 1 > AC progenitor-like 1,OPC-NPC-like,AC-gliosis-hypoxia
at15_0,"('OPC-NPC-like 1', 'AC progenitor-like 1')",0.9827586206896552,OPC-NPC-like 1,AC progenitor-like 1,OPC-NPC-like 1 > AC progenitor-like 1,OPC-NPC-like,AC-gliosis-hypoxia
at15_2,"('OPC-NPC-like 1', 'AC progenitor-like 1')",0.9444444444444444,OPC-NPC-like 1,AC progenitor-like 1,OPC-NPC-like 1 > AC progenitor-like 1,OPC-NPC-like,AC-gliosis-hypoxia
at15_6,"('OPC-NPC-like 1', 'AC progenitor-like 1')",0.9448275862068966,OPC-NPC-like 1,AC progenitor-like 1,OPC-NPC-like 1 > AC progenitor-like 1,OPC-NPC-like,AC-gliosis-hypoxia
at4_0,"('OPC-NPC-like 1', 'AC progenitor-like 1')",0.8755905511811024,OPC-NPC-like 1,AC progenitor-like 1,OPC-NPC-like 1 > AC progenitor-like 1,OPC-NPC-like,AC-gliosis-hypoxia
at10_0,"('OPC-NPC-like 1', 'AC progenitor-like 1')",0.8125,OPC-NPC-like 1,AC progenitor-like 1,OPC-NPC-like 1 > AC progenitor-like 1,OPC-NPC-like,AC-gliosis-hypoxia
at7_0,"('OPC-NPC-like 1', 'AC progenitor-like 1')",0.8874202370100274,OPC-NPC-like 1,AC progenitor-like 1,OPC-NPC-like 1 > AC progenitor-like 1,OPC-NPC-like,AC-gliosis-hypoxia
at10_2,"('OPC-NPC-like 1', 'AC progenitor-like 1')",0.9375,OPC-NPC-like 1,AC progenitor-like 1,OPC-NPC-like 1 > AC progenitor-like 1,OPC-NPC-like,AC-gliosis-hypoxia
at13_0,"('OPC-NPC-like 1', 'AC progenitor-like 1')",0.2507856693903205,OPC-NPC-like 1,AC progenitor-like 1,OPC-NPC-like 1 > AC progenitor-like 1,OPC-NPC-like,AC-gliosis-hypoxia
at15_4,"('OPC-NPC-like 1', 'AC progenitor-like 1')",0.9387755102040816,OPC-NPC-like 1,AC progenitor-like 1,OPC-NPC-like 1 > AC progenitor-like 1,OPC-NPC-like,AC-gliosis-hypoxia
at6_4,"('OPC-NPC-like 1', 'AC progenitor-like 1')",0.0029411764705882,OPC-NPC-like 1,AC progenitor-like 1,OPC-NPC-like 1 > AC progenitor-like 1,OPC-NPC-like,AC-gliosis-hypoxia
at10_1,"('OPC-NPC-like 1', 'AC progenitor-like 1')",0.8461538461538461,OPC-NPC-like 1,AC progenitor-like 1,OPC-NPC-like 1 > AC progenitor-like 1,OPC-NPC-like,AC-gliosis-hypoxia
at6_5,"('OPC-NPC-like 1', 'AC progenitor-like 1')",0.0294697417701557,OPC-NPC-like 1,AC progenitor-like 1,OPC-NPC-like 1 > AC progenitor-like 1,OPC-NPC-like,AC-gliosis-hypoxia
at3_3,"('OPC-NPC-like 1', 'AC progenitor-like 1')",0.2214925373134328,OPC-NPC-like 1,AC progenitor-like 1,OPC-NPC-like 1 > AC progenitor-like 1,OPC-NPC-like,AC-gliosis-hypoxia
at9_2,"('OPC-NPC-like 1', 'AC progenitor-like 1')",0.7,OPC-NPC-like 1,AC progenitor-like 1,OPC-NPC-like 1 > AC progenitor-like 1,OPC-NPC-like,AC-gliosis-hypoxia
at9_4,"('OPC-NPC-like 1', 'AC progenitor-like 1')",0.0212765957446808,OPC-NPC-like 1,AC progenitor-like 1,OPC-NPC-like 1 > AC progenitor-like 1,OPC-NPC-like,AC-gliosis-hypoxia
at9_0,"('OPC-NPC-like 1', 'AC progenitor-like 1')",0.0397350993377483,OPC-NPC-like 1,AC progenitor-like 1,OPC-NPC-like 1 > AC progenitor-like 1,OPC-NPC-like,AC-gliosis-hypoxia
at4_1,"('Hypoxic 2', 'AC progenitor-like 2')",0.9116022099447514,Hypoxic 2,AC progenitor-like 2,Hypoxic 2 > AC progenitor-like 2,AC-gliosis-hypoxia,AC-gliosis-hypoxia
at15_2,"('Hypoxic 2', 'AC progenitor-like 2')",0.1761363636363636,Hypoxic 2,AC progenitor-like 2,Hypoxic 2 > AC progenitor-like 2,AC-gliosis-hypoxia,AC-gliosis-hypoxia
at15_6,"('Hypoxic 2', 'AC progenitor-like 2')",0.0031347962382445,Hypoxic 2,AC progenitor-like 2,Hypoxic 2 > AC progenitor-like 2,AC-gliosis-hypoxia,AC-gliosis-hypoxia
at4_0,"('Hypoxic 2', 'AC progenitor-like 2')",0.8379983036471587,Hypoxic 2,AC progenitor-like 2,Hypoxic 2 > AC progenitor-like 2,AC-gliosis-hypoxia,AC-gliosis-hypoxia
at10_0,"('Hypoxic 2', 'AC progenitor-like 2')",0.9736842105263158,Hypoxic 2,AC progenitor-like 2,Hypoxic 2 > AC progenitor-like 2,AC-gliosis-hypoxia,AC-gliosis-hypoxia
at7_0,"('Hypoxic 2', 'AC progenitor-like 2')",0.9158576051779936,Hypoxic 2,AC progenitor-like 2,Hypoxic 2 > AC progenitor-like 2,AC-gliosis-hypoxia,AC-gliosis-hypoxia
at10_2,"('Hypoxic 2', 'AC progenitor-like 2')",0.8289269051321928,Hypoxic 2,AC progenitor-like 2,Hypoxic 2 > AC progenitor-like 2,AC-gliosis-hypoxia,AC-gliosis-hypoxia
at13_0,"('Hypoxic 2', 'AC progenitor-like 2')",0.0481927710843373,Hypoxic 2,AC progenitor-like 2,Hypoxic 2 > AC progenitor-like 2,AC-gliosis-hypoxia,AC-gliosis-hypoxia
at15_4,"('Hypoxic 2', 'AC progenitor-like 2')",0.1674757281553398,Hypoxic 2,AC progenitor-like 2,Hypoxic 2 > AC progenitor-like 2,AC-gliosis-hypoxia,AC-gliosis-hypoxia
at6_4,"('Hypoxic 2', 'AC progenitor-like 2')",0.5,Hypoxic 2,AC progenitor-like 2,Hypoxic 2 > AC progenitor-like 2,AC-gliosis-hypoxia,AC-gliosis-hypoxia
at10_1,"('Hypoxic 2', 'AC progenitor-like 2')",0.9660678642714572,Hypoxic 2,AC progenitor-like 2,Hypoxic 2 > AC progenitor-like 2,AC-gliosis-hypoxia,AC-gliosis-hypoxia
at3_3,"('Hypoxic 2', 'AC progenitor-like 2')",0.8857142857142857,Hypoxic 2,AC progenitor-like 2,Hypoxic 2 > AC progenitor-like 2,AC-gliosis-hypoxia,AC-gliosis-hypoxia
at5_9,"('Hypoxic 2', 'AC progenitor-like 2')",0.0555555555555555,Hypoxic 2,AC progenitor-like 2,Hypoxic 2 > AC progenitor-like 2,AC-gliosis-hypoxia,AC-gliosis-hypoxia
at4_2,"('Hypoxic 2', 'AC progenitor-like 2')",0.933579335793358,Hypoxic 2,AC progenitor-like 2,Hypoxic 2 > AC progenitor-like 2,AC-gliosis-hypoxia,AC-gliosis-hypoxia
at9_2,"('Hypoxic 2', 'AC progenitor-like 2')",0.8462484624846248,Hypoxic 2,AC progenitor-like 2,Hypoxic 2 > AC progenitor-like 2,AC-gliosis-hypoxia,AC-gliosis-hypoxia
at9_4,"('Hypoxic 2', 'AC progenitor-like 2')",0.7075630252100841,Hypoxic 2,AC progenitor-like 2,Hypoxic 2 > AC progenitor-like 2,AC-gliosis-hypoxia,AC-gliosis-hypoxia
at9_0,"('Hypoxic 2', 'AC progenitor-like 2')",0.0864819479429051,Hypoxic 2,AC progenitor-like 2,Hypoxic 2 > AC progenitor-like 2,AC-gliosis-hypoxia,AC-gliosis-hypoxia
at4_1,"('Hypoxic 2', 'AC progenitor-like 2')",0.9116022099447514,Hypoxic 2,AC progenitor-like 2,Hypoxic 2 > AC progenitor-like 2,AC-gliosis-hypoxia,AC-gliosis-hypoxia
at15_2,"('Hypoxic 2', 'AC progenitor-like 2')",0.1761363636363636,Hypoxic 2,AC progenitor-like 2,Hypoxic 2 > AC progenitor-like 2,AC-gliosis-hypoxia,AC-gliosis-hypoxia
at15_6,"('Hypoxic 2', 'AC progenitor-like 2')",0.0031347962382445,Hypoxic 2,AC progenitor-like 2,Hypoxic 2 > AC progenitor-like 2,AC-gliosis-hypoxia,AC-gliosis-hypoxia
at4_0,"('Hypoxic 2', 'AC progenitor-like 2')",0.8379983036471587,Hypoxic 2,AC progenitor-like 2,Hypoxic 2 > AC progenitor-like 2,AC-gliosis-hypoxia,AC-gliosis-hypoxia
at10_0,"('Hypoxic 2', 'AC progenitor-like 2')",0.9736842105263158,Hypoxic 2,AC progenitor-like 2,Hypoxic 2 > AC progenitor-like 2,AC-gliosis-hypoxia,AC-gliosis-hypoxia
at7_0,"('Hypoxic 2', 'AC progenitor-like 2')",0.9158576051779936,Hypoxic 2,AC progenitor-like 2,Hypoxic 2 > AC progenitor-like 2,AC-gliosis-hypoxia,AC-gliosis-hypoxia
at10_2,"('Hypoxic 2', 'AC progenitor-like 2')",0.8289269051321928,Hypoxic 2,AC progenitor-like 2,Hypoxic 2 > AC progenitor-like 2,AC-gliosis-hypoxia,AC-gliosis-hypoxia
at13_0,"('Hypoxic 2', 'AC progenitor-like 2')",0.0481927710843373,Hypoxic 2,AC progenitor-like 2,Hypoxic 2 > AC progenitor-like 2,AC-gliosis-hypoxia,AC-gliosis-hypoxia
at15_4,"('Hypoxic 2', 'AC progenitor-like 2')",0.1674757281553398,Hypoxic 2,AC progenitor-like 2,Hypoxic 2 > AC progenitor-like 2,AC-gliosis-hypoxia,AC-gliosis-hypoxia
at6_4,"('Hypoxic 2', 'AC progenitor-like 2')",0.5,Hypoxic 2,AC progenitor-like 2,Hypoxic 2 > AC progenitor-like 2,AC-gliosis-hypoxia,AC-gliosis-hypoxia
at10_1,"('Hypoxic 2', 'AC progenitor-like 2')",0.9660678642714572,Hypoxic 2,AC progenitor-like 2,Hypoxic 2 > AC progenitor-like 2,AC-gliosis-hypoxia,AC-gliosis-hypoxia
at3_3,"('Hypoxic 2', 'AC progenitor-like 2')",0.8857142857142857,Hypoxic 2,AC progenitor-like 2,Hypoxic 2 > AC progenitor-like 2,AC-gliosis-hypoxia,AC-gliosis-hypoxia
at5_9,"('Hypoxic 2', 'AC progenitor-like 2')",0.0555555555555555,Hypoxic 2,AC progenitor-like 2,Hypoxic 2 > AC progenitor-like 2,AC-gliosis-hypoxia,AC-gliosis-hypoxia
at4_2,"('Hypoxic 2', 'AC progenitor-like 2')",0.933579335793358,Hypoxic 2,AC progenitor-like 2,Hypoxic 2 > AC progenitor-like 2,AC-gliosis-hypoxia,AC-gliosis-hypoxia
at9_2,"('Hypoxic 2', 'AC progenitor-like 2')",0.8462484624846248,Hypoxic 2,AC progenitor-like 2,Hypoxic 2 > AC progenitor-like 2,AC-gliosis-hypoxia,AC-gliosis-hypoxia
at9_4,"('Hypoxic 2', 'AC progenitor-like 2')",0.7075630252100841,Hypoxic 2,AC progenitor-like 2,Hypoxic 2 > AC progenitor-like 2,AC-gliosis-hypoxia,AC-gliosis-hypoxia
at9_0,"('Hypoxic 2', 'AC progenitor-like 2')",0.0864819479429051,Hypoxic 2,AC progenitor-like 2,Hypoxic 2 > AC progenitor-like 2,AC-gliosis-hypoxia,AC-gliosis-hypoxia
at4_1,"('Hypoxic 2', 'AC progenitor-like 2')",0.9116022099447514,Hypoxic 2,AC progenitor-like 2,Hypoxic 2 > AC progenitor-like 2,AC-gliosis-hypoxia,AC-gliosis-hypoxia
at15_2,"('Hypoxic 2', 'AC progenitor-like 2')",0.1761363636363636,Hypoxic 2,AC progenitor-like 2,Hypoxic 2 > AC progenitor-like 2,AC-gliosis-hypoxia,AC-gliosis-hypoxia
at15_6,"('Hypoxic 2', 'AC progenitor-like 2')",0.0031347962382445,Hypoxic 2,AC progenitor-like 2,Hypoxic 2 > AC progenitor-like 2,AC-gliosis-hypoxia,AC-gliosis-hypoxia
at4_0,"('Hypoxic 2', 'AC progenitor-like 2')",0.8379983036471587,Hypoxic 2,AC progenitor-like 2,Hypoxic 2 > AC progenitor-like 2,AC-gliosis-hypoxia,AC-gliosis-hypoxia
at10_0,"('Hypoxic 2', 'AC progenitor-like 2')",0.9736842105263158,Hypoxic 2,AC progenitor-like 2,Hypoxic 2 > AC progenitor-like 2,AC-gliosis-hypoxia,AC-gliosis-hypoxia
at7_0,"('Hypoxic 2', 'AC progenitor-like 2')",0.9158576051779936,Hypoxic 2,AC progenitor-like 2,Hypoxic 2 > AC progenitor-like 2,AC-gliosis-hypoxia,AC-gliosis-hypoxia
at10_2,"('Hypoxic 2', 'AC progenitor-like 2')",0.8289269051321928,Hypoxic 2,AC progenitor-like 2,Hypoxic 2 > AC progenitor-like 2,AC-gliosis-hypoxia,AC-gliosis-hypoxia
at13_0,"('Hypoxic 2', 'AC progenitor-like 2')",0.0481927710843373,Hypoxic 2,AC progenitor-like 2,Hypoxic 2 > AC progenitor-like 2,AC-gliosis-hypoxia,AC-gliosis-hypoxia
at15_4,"('Hypoxic 2', 'AC progenitor-like 2')",0.1674757281553398,Hypoxic 2,AC progenitor-like 2,Hypoxic 2 > AC progenitor-like 2,AC-gliosis-hypoxia,AC-gliosis-hypoxia
at6_4,"('Hypoxic 2', 'AC progenitor-like 2')",0.5,Hypoxic 2,AC progenitor-like 2,Hypoxic 2 > AC progenitor-like 2,AC-gliosis-hypoxia,AC-gliosis-hypoxia
at10_1,"('Hypoxic 2', 'AC progenitor-like 2')",0.9660678642714572,Hypoxic 2,AC progenitor-like 2,Hypoxic 2 > AC progenitor-like 2,AC-gliosis-hypoxia,AC-gliosis-hypoxia
at3_3,"('Hypoxic 2', 'AC progenitor-like 2')",0.8857142857142857,Hypoxic 2,AC progenitor-like 2,Hypoxic 2 > AC progenitor-like 2,AC-gliosis-hypoxia,AC-gliosis-hypoxia
at5_9,"('Hypoxic 2', 'AC progenitor-like 2')",0.0555555555555555,Hypoxic 2,AC progenitor-like 2,Hypoxic 2 > AC progenitor-like 2,AC-gliosis-hypoxia,AC-gliosis-hypoxia
at4_2,"('Hypoxic 2', 'AC progenitor-like 2')",0.933579335793358,Hypoxic 2,AC progenitor-like 2,Hypoxic 2 > AC progenitor-like 2,AC-gliosis-hypoxia,AC-gliosis-hypoxia
at9_2,"('Hypoxic 2', 'AC progenitor-like 2')",0.8462484624846248,Hypoxic 2,AC progenitor-like 2,Hypoxic 2 > AC progenitor-like 2,AC-gliosis-hypoxia,AC-gliosis-hypoxia
at9_4,"('Hypoxic 2', 'AC progenitor-like 2')",0.7075630252100841,Hypoxic 2,AC progenitor-like 2,Hypoxic 2 > AC progenitor-like 2,AC-gliosis-hypoxia,AC-gliosis-hypoxia
at9_0,"('Hypoxic 2', 'AC progenitor-like 2')",0.0864819479429051,Hypoxic 2,AC progenitor-like 2,Hypoxic 2 > AC progenitor-like 2,AC-gliosis-hypoxia,AC-gliosis-hypoxia
at4_1,"('Hypoxic 2', 'AC progenitor-like 2')",0.9116022099447514,Hypoxic 2,AC progenitor-like 2,Hypoxic 2 > AC progenitor-like 2,AC-gliosis-hypoxia,AC-gliosis-hypoxia
at15_2,"('Hypoxic 2', 'AC progenitor-like 2')",0.1761363636363636,Hypoxic 2,AC progenitor-like 2,Hypoxic 2 > AC progenitor-like 2,AC-gliosis-hypoxia,AC-gliosis-hypoxia
at15_6,"('Hypoxic 2', 'AC progenitor-like 2')",0.0031347962382445,Hypoxic 2,AC progenitor-like 2,Hypoxic 2 > AC progenitor-like 2,AC-gliosis-hypoxia,AC-gliosis-hypoxia
at4_0,"('Hypoxic 2', 'AC progenitor-like 2')",0.8379983036471587,Hypoxic 2,AC progenitor-like 2,Hypoxic 2 > AC progenitor-like 2,AC-gliosis-hypoxia,AC-gliosis-hypoxia
at10_0,"('Hypoxic 2', 'AC progenitor-like 2')",0.9736842105263158,Hypoxic 2,AC progenitor-like 2,Hypoxic 2 > AC progenitor-like 2,AC-gliosis-hypoxia,AC-gliosis-hypoxia
at7_0,"('Hypoxic 2', 'AC progenitor-like 2')",0.9158576051779936,Hypoxic 2,AC progenitor-like 2,Hypoxic 2 > AC progenitor-like 2,AC-gliosis-hypoxia,AC-gliosis-hypoxia
at10_2,"('Hypoxic 2', 'AC progenitor-like 2')",0.8289269051321928,Hypoxic 2,AC progenitor-like 2,Hypoxic 2 > AC progenitor-like 2,AC-gliosis-hypoxia,AC-gliosis-hypoxia
at13_0,"('Hypoxic 2', 'AC progenitor-like 2')",0.0481927710843373,Hypoxic 2,AC progenitor-like 2,Hypoxic 2 > AC progenitor-like 2,AC-gliosis-hypoxia,AC-gliosis-hypoxia
at15_4,"('Hypoxic 2', 'AC progenitor-like 2')",0.1674757281553398,Hypoxic 2,AC progenitor-like 2,Hypoxic 2 > AC progenitor-like 2,AC-gliosis-hypoxia,AC-gliosis-hypoxia
at6_4,"('Hypoxic 2', 'AC progenitor-like 2')",0.5,Hypoxic 2,AC progenitor-like 2,Hypoxic 2 > AC progenitor-like 2,AC-gliosis-hypoxia,AC-gliosis-hypoxia
at10_1,"('Hypoxic 2', 'AC progenitor-like 2')",0.9660678642714572,Hypoxic 2,AC progenitor-like 2,Hypoxic 2 > AC progenitor-like 2,AC-gliosis-hypoxia,AC-gliosis-hypoxia
at3_3,"('Hypoxic 2', 'AC progenitor-like 2')",0.8857142857142857,Hypoxic 2,AC progenitor-like 2,Hypoxic 2 > AC progenitor-like 2,AC-gliosis-hypoxia,AC-gliosis-hypoxia
at5_9,"('Hypoxic 2', 'AC progenitor-like 2')",0.0555555555555555,Hypoxic 2,AC progenitor-like 2,Hypoxic 2 > AC progenitor-like 2,AC-gliosis-hypoxia,AC-gliosis-hypoxia
at4_2,"('Hypoxic 2', 'AC progenitor-like 2')",0.933579335793358,Hypoxic 2,AC progenitor-like 2,Hypoxic 2 > AC progenitor-like 2,AC-gliosis-hypoxia,AC-gliosis-hypoxia
at9_2,"('Hypoxic 2', 'AC progenitor-like 2')",0.8462484624846248,Hypoxic 2,AC progenitor-like 2,Hypoxic 2 > AC progenitor-like 2,AC-gliosis-hypoxia,AC-gliosis-hypoxia
at9_4,"('Hypoxic 2', 'AC progenitor-like 2')",0.7075630252100841,Hypoxic 2,AC progenitor-like 2,Hypoxic 2 > AC progenitor-like 2,AC-gliosis-hypoxia,AC-gliosis-hypoxia
at9_0,"('Hypoxic 2', 'AC progenitor-like 2')",0.0864819479429051,Hypoxic 2,AC progenitor-like 2,Hypoxic 2 > AC progenitor-like 2,AC-gliosis-hypoxia,AC-gliosis-hypoxia
at4_1,"('Hypoxic 2', 'AC progenitor-like 2')",0.9116022099447514,Hypoxic 2,AC progenitor-like 2,Hypoxic 2 > AC progenitor-like 2,AC-gliosis-hypoxia,AC-gliosis-hypoxia
at15_2,"('Hypoxic 2', 'AC progenitor-like 2')",0.1761363636363636,Hypoxic 2,AC progenitor-like 2,Hypoxic 2 > AC progenitor-like 2,AC-gliosis-hypoxia,AC-gliosis-hypoxia
at15_6,"('Hypoxic 2', 'AC progenitor-like 2')",0.0031347962382445,Hypoxic 2,AC progenitor-like 2,Hypoxic 2 > AC progenitor-like 2,AC-gliosis-hypoxia,AC-gliosis-hypoxia
at4_0,"('Hypoxic 2', 'AC progenitor-like 2')",0.8379983036471587,Hypoxic 2,AC progenitor-like 2,Hypoxic 2 > AC progenitor-like 2,AC-gliosis-hypoxia,AC-gliosis-hypoxia
at10_0,"('Hypoxic 2', 'AC progenitor-like 2')",0.9736842105263158,Hypoxic 2,AC progenitor-like 2,Hypoxic 2 > AC progenitor-like 2,AC-gliosis-hypoxia,AC-gliosis-hypoxia
at7_0,"('Hypoxic 2', 'AC progenitor-like 2')",0.9158576051779936,Hypoxic 2,AC progenitor-like 2,Hypoxic 2 > AC progenitor-like 2,AC-gliosis-hypoxia,AC-gliosis-hypoxia
at10_2,"('Hypoxic 2', 'AC progenitor-like 2')",0.8289269051321928,Hypoxic 2,AC progenitor-like 2,Hypoxic 2 > AC progenitor-like 2,AC-gliosis-hypoxia,AC-gliosis-hypoxia
at13_0,"('Hypoxic 2', 'AC progenitor-like 2')",0.0481927710843373,Hypoxic 2,AC progenitor-like 2,Hypoxic 2 > AC progenitor-like 2,AC-gliosis-hypoxia,AC-gliosis-hypoxia
at15_4,"('Hypoxic 2', 'AC progenitor-like 2')",0.1674757281553398,Hypoxic 2,AC progenitor-like 2,Hypoxic 2 > AC progenitor-like 2,AC-gliosis-hypoxia,AC-gliosis-hypoxia
at6_4,"('Hypoxic 2', 'AC progenitor-like 2')",0.5,Hypoxic 2,AC progenitor-like 2,Hypoxic 2 > AC progenitor-like 2,AC-gliosis-hypoxia,AC-gliosis-hypoxia
at10_1,"('Hypoxic 2', 'AC progenitor-like 2')",0.9660678642714572,Hypoxic 2,AC progenitor-like 2,Hypoxic 2 > AC progenitor-like 2,AC-gliosis-hypoxia,AC-gliosis-hypoxia
at3_3,"('Hypoxic 2', 'AC progenitor-like 2')",0.8857142857142857,Hypoxic 2,AC progenitor-like 2,Hypoxic 2 > AC progenitor-like 2,AC-gliosis-hypoxia,AC-gliosis-hypoxia
at5_9,"('Hypoxic 2', 'AC progenitor-like 2')",0.0555555555555555,Hypoxic 2,AC progenitor-like 2,Hypoxic 2 > AC progenitor-like 2,AC-gliosis-hypoxia,AC-gliosis-hypoxia
at4_2,"('Hypoxic 2', 'AC progenitor-like 2')",0.933579335793358,Hypoxic 2,AC progenitor-like 2,Hypoxic 2 > AC progenitor-like 2,AC-gliosis-hypoxia,AC-gliosis-hypoxia
at9_2,"('Hypoxic 2', 'AC progenitor-like 2')",0.8462484624846248,Hypoxic 2,AC progenitor-like 2,Hypoxic 2 > AC progenitor-like 2,AC-gliosis-hypoxia,AC-gliosis-hypoxia
at9_4,"('Hypoxic 2', 'AC progenitor-like 2')",0.7075630252100841,Hypoxic 2,AC progenitor-like 2,Hypoxic 2 > AC progenitor-like 2,AC-gliosis-hypoxia,AC-gliosis-hypoxia
at9_0,"('Hypoxic 2', 'AC progenitor-like 2')",0.0864819479429051,Hypoxic 2,AC progenitor-like 2,Hypoxic 2 > AC progenitor-like 2,AC-gliosis-hypoxia,AC-gliosis-hypoxia
at4_1,"('Hypoxic 2', 'AC progenitor-like 2')",0.9116022099447514,Hypoxic 2,AC progenitor-like 2,Hypoxic 2 > AC progenitor-like 2,AC-gliosis-hypoxia,AC-gliosis-hypoxia
at15_2,"('Hypoxic 2', 'AC progenitor-like 2')",0.1761363636363636,Hypoxic 2,AC progenitor-like 2,Hypoxic 2 > AC progenitor-like 2,AC-gliosis-hypoxia,AC-gliosis-hypoxia
at15_6,"('Hypoxic 2', 'AC progenitor-like 2')",0.0031347962382445,Hypoxic 2,AC progenitor-like 2,Hypoxic 2 > AC progenitor-like 2,AC-gliosis-hypoxia,AC-gliosis-hypoxia
at4_0,"('Hypoxic 2', 'AC progenitor-like 2')",0.8379983036471587,Hypoxic 2,AC progenitor-like 2,Hypoxic 2 > AC progenitor-like 2,AC-gliosis-hypoxia,AC-gliosis-hypoxia
at10_0,"('Hypoxic 2', 'AC progenitor-like 2')",0.9736842105263158,Hypoxic 2,AC progenitor-like 2,Hypoxic 2 > AC progenitor-like 2,AC-gliosis-hypoxia,AC-gliosis-hypoxia
at7_0,"('Hypoxic 2', 'AC progenitor-like 2')",0.9158576051779936,Hypoxic 2,AC progenitor-like 2,Hypoxic 2 > AC progenitor-like 2,AC-gliosis-hypoxia,AC-gliosis-hypoxia
at10_2,"('Hypoxic 2', 'AC progenitor-like 2')",0.8289269051321928,Hypoxic 2,AC progenitor-like 2,Hypoxic 2 > AC progenitor-like 2,AC-gliosis-hypoxia,AC-gliosis-hypoxia
at13_0,"('Hypoxic 2', 'AC progenitor-like 2')",0.0481927710843373,Hypoxic 2,AC progenitor-like 2,Hypoxic 2 > AC progenitor-like 2,AC-gliosis-hypoxia,AC-gliosis-hypoxia
at15_4,"('Hypoxic 2', 'AC progenitor-like 2')",0.1674757281553398,Hypoxic 2,AC progenitor-like 2,Hypoxic 2 > AC progenitor-like 2,AC-gliosis-hypoxia,AC-gliosis-hypoxia
at6_4,"('Hypoxic 2', 'AC progenitor-like 2')",0.5,Hypoxic 2,AC progenitor-like 2,Hypoxic 2 > AC progenitor-like 2,AC-gliosis-hypoxia,AC-gliosis-hypoxia
at10_1,"('Hypoxic 2', 'AC progenitor-like 2')",0.9660678642714572,Hypoxic 2,AC progenitor-like 2,Hypoxic 2 > AC progenitor-like 2,AC-gliosis-hypoxia,AC-gliosis-hypoxia
at3_3,"('Hypoxic 2', 'AC progenitor-like 2')",0.8857142857142857,Hypoxic 2,AC progenitor-like 2,Hypoxic 2 > AC progenitor-like 2,AC-gliosis-hypoxia,AC-gliosis-hypoxia
at5_9,"('Hypoxic 2', 'AC progenitor-like 2')",0.0555555555555555,Hypoxic 2,AC progenitor-like 2,Hypoxic 2 > AC progenitor-like 2,AC-gliosis-hypoxia,AC-gliosis-hypoxia
at4_2,"('Hypoxic 2', 'AC progenitor-like 2')",0.933579335793358,Hypoxic 2,AC progenitor-like 2,Hypoxic 2 > AC progenitor-like 2,AC-gliosis-hypoxia,AC-gliosis-hypoxia
at9_2,"('Hypoxic 2', 'AC progenitor-like 2')",0.8462484624846248,Hypoxic 2,AC progenitor-like 2,Hypoxic 2 > AC progenitor-like 2,AC-gliosis-hypoxia,AC-gliosis-hypoxia
at9_4,"('Hypoxic 2', 'AC progenitor-like 2')",0.7075630252100841,Hypoxic 2,AC progenitor-like 2,Hypoxic 2 > AC progenitor-like 2,AC-gliosis-hypoxia,AC-gliosis-hypoxia
at9_0,"('Hypoxic 2', 'AC progenitor-like 2')",0.0864819479429051,Hypoxic 2,AC progenitor-like 2,Hypoxic 2 > AC progenitor-like 2,AC-gliosis-hypoxia,AC-gliosis-hypoxia
at4_1,"('Hypoxic 2', 'AC progenitor-like 2')",0.9116022099447514,Hypoxic 2,AC progenitor-like 2,Hypoxic 2 > AC progenitor-like 2,AC-gliosis-hypoxia,AC-gliosis-hypoxia
at15_2,"('Hypoxic 2', 'AC progenitor-like 2')",0.1761363636363636,Hypoxic 2,AC progenitor-like 2,Hypoxic 2 > AC progenitor-like 2,AC-gliosis-hypoxia,AC-gliosis-hypoxia
at15_6,"('Hypoxic 2', 'AC progenitor-like 2')",0.0031347962382445,Hypoxic 2,AC progenitor-like 2,Hypoxic 2 > AC progenitor-like 2,AC-gliosis-hypoxia,AC-gliosis-hypoxia
at4_0,"('Hypoxic 2', 'AC progenitor-like 2')",0.8379983036471587,Hypoxic 2,AC progenitor-like 2,Hypoxic 2 > AC progenitor-like 2,AC-gliosis-hypoxia,AC-gliosis-hypoxia
at10_0,"('Hypoxic 2', 'AC progenitor-like 2')",0.9736842105263158,Hypoxic 2,AC progenitor-like 2,Hypoxic 2 > AC progenitor-like 2,AC-gliosis-hypoxia,AC-gliosis-hypoxia
at7_0,"('Hypoxic 2', 'AC progenitor-like 2')",0.9158576051779936,Hypoxic 2,AC progenitor-like 2,Hypoxic 2 > AC progenitor-like 2,AC-gliosis-hypoxia,AC-gliosis-hypoxia
at10_2,"('Hypoxic 2', 'AC progenitor-like 2')",0.8289269051321928,Hypoxic 2,AC progenitor-like 2,Hypoxic 2 > AC progenitor-like 2,AC-gliosis-hypoxia,AC-gliosis-hypoxia
at13_0,"('Hypoxic 2', 'AC progenitor-like 2')",0.0481927710843373,Hypoxic 2,AC progenitor-like 2,Hypoxic 2 > AC progenitor-like 2,AC-gliosis-hypoxia,AC-gliosis-hypoxia
at15_4,"('Hypoxic 2', 'AC progenitor-like 2')",0.1674757281553398,Hypoxic 2,AC progenitor-like 2,Hypoxic 2 > AC progenitor-like 2,AC-gliosis-hypoxia,AC-gliosis-hypoxia
at6_4,"('Hypoxic 2', 'AC progenitor-like 2')",0.5,Hypoxic 2,AC progenitor-like 2,Hypoxic 2 > AC progenitor-like 2,AC-gliosis-hypoxia,AC-gliosis-hypoxia
at10_1,"('Hypoxic 2', 'AC progenitor-like 2')",0.9660678642714572,Hypoxic 2,AC progenitor-like 2,Hypoxic 2 > AC progenitor-like 2,AC-gliosis-hypoxia,AC-gliosis-hypoxia
at3_3,"('Hypoxic 2', 'AC progenitor-like 2')",0.8857142857142857,Hypoxic 2,AC progenitor-like 2,Hypoxic 2 > AC progenitor-like 2,AC-gliosis-hypoxia,AC-gliosis-hypoxia
at5_9,"('Hypoxic 2', 'AC progenitor-like 2')",0.0555555555555555,Hypoxic 2,AC progenitor-like 2,Hypoxic 2 > AC progenitor-like 2,AC-gliosis-hypoxia,AC-gliosis-hypoxia
at4_2,"('Hypoxic 2', 'AC progenitor-like 2')",0.933579335793358,Hypoxic 2,AC progenitor-like 2,Hypoxic 2 > AC progenitor-like 2,AC-gliosis-hypoxia,AC-gliosis-hypoxia
at9_2,"('Hypoxic 2', 'AC progenitor-like 2')",0.8462484624846248,Hypoxic 2,AC progenitor-like 2,Hypoxic 2 > AC progenitor-like 2,AC-gliosis-hypoxia,AC-gliosis-hypoxia
at9_4,"('Hypoxic 2', 'AC progenitor-like 2')",0.7075630252100841,Hypoxic 2,AC progenitor-like 2,Hypoxic 2 > AC progenitor-like 2,AC-gliosis-hypoxia,AC-gliosis-hypoxia
at9_0,"('Hypoxic 2', 'AC progenitor-like 2')",0.0864819479429051,Hypoxic 2,AC progenitor-like 2,Hypoxic 2 > AC progenitor-like 2,AC-gliosis-hypoxia,AC-gliosis-hypoxia
at4_1,"('Hypoxic 2', 'AC progenitor-like 2')",0.9116022099447514,Hypoxic 2,AC progenitor-like 2,Hypoxic 2 > AC progenitor-like 2,AC-gliosis-hypoxia,AC-gliosis-hypoxia
at15_2,"('Hypoxic 2', 'AC progenitor-like 2')",0.1761363636363636,Hypoxic 2,AC progenitor-like 2,Hypoxic 2 > AC progenitor-like 2,AC-gliosis-hypoxia,AC-gliosis-hypoxia
at15_6,"('Hypoxic 2', 'AC progenitor-like 2')",0.0031347962382445,Hypoxic 2,AC progenitor-like 2,Hypoxic 2 > AC progenitor-like 2,AC-gliosis-hypoxia,AC-gliosis-hypoxia
at4_0,"('Hypoxic 2', 'AC progenitor-like 2')",0.8379983036471587,Hypoxic 2,AC progenitor-like 2,Hypoxic 2 > AC progenitor-like 2,AC-gliosis-hypoxia,AC-gliosis-hypoxia
at10_0,"('Hypoxic 2', 'AC progenitor-like 2')",0.9736842105263158,Hypoxic 2,AC progenitor-like 2,Hypoxic 2 > AC progenitor-like 2,AC-gliosis-hypoxia,AC-gliosis-hypoxia
at7_0,"('Hypoxic 2', 'AC progenitor-like 2')",0.9158576051779936,Hypoxic 2,AC progenitor-like 2,Hypoxic 2 > AC progenitor-like 2,AC-gliosis-hypoxia,AC-gliosis-hypoxia
at10_2,"('Hypoxic 2', 'AC progenitor-like 2')",0.8289269051321928,Hypoxic 2,AC progenitor-like 2,Hypoxic 2 > AC progenitor-like 2,AC-gliosis-hypoxia,AC-gliosis-hypoxia
at13_0,"('Hypoxic 2', 'AC progenitor-like 2')",0.0481927710843373,Hypoxic 2,AC progenitor-like 2,Hypoxic 2 > AC progenitor-like 2,AC-gliosis-hypoxia,AC-gliosis-hypoxia
at15_4,"('Hypoxic 2', 'AC progenitor-like 2')",0.1674757281553398,Hypoxic 2,AC progenitor-like 2,Hypoxic 2 > AC progenitor-like 2,AC-gliosis-hypoxia,AC-gliosis-hypoxia
at6_4,"('Hypoxic 2', 'AC progenitor-like 2')",0.5,Hypoxic 2,AC progenitor-like 2,Hypoxic 2 > AC progenitor-like 2,AC-gliosis-hypoxia,AC-gliosis-hypoxia
at10_1,"('Hypoxic 2', 'AC progenitor-like 2')",0.9660678642714572,Hypoxic 2,AC progenitor-like 2,Hypoxic 2 > AC progenitor-like 2,AC-gliosis-hypoxia,AC-gliosis-hypoxia
at3_3,"('Hypoxic 2', 'AC progenitor-like 2')",0.8857142857142857,Hypoxic 2,AC progenitor-like 2,Hypoxic 2 > AC progenitor-like 2,AC-gliosis-hypoxia,AC-gliosis-hypoxia
at5_9,"('Hypoxic 2', 'AC progenitor-like 2')",0.0555555555555555,Hypoxic 2,AC progenitor-like 2,Hypoxic 2 > AC progenitor-like 2,AC-gliosis-hypoxia,AC-gliosis-hypoxia
at4_2,"('Hypoxic 2', 'AC progenitor-like 2')",0.933579335793358,Hypoxic 2,AC progenitor-like 2,Hypoxic 2 > AC progenitor-like 2,AC-gliosis-hypoxia,AC-gliosis-hypoxia
at9_2,"('Hypoxic 2', 'AC progenitor-like 2')",0.8462484624846248,Hypoxic 2,AC progenitor-like 2,Hypoxic 2 > AC progenitor-like 2,AC-gliosis-hypoxia,AC-gliosis-hypoxia
at9_4,"('Hypoxic 2', 'AC progenitor-like 2')",0.7075630252100841,Hypoxic 2,AC progenitor-like 2,Hypoxic 2 > AC progenitor-like 2,AC-gliosis-hypoxia,AC-gliosis-hypoxia
at9_0,"('Hypoxic 2', 'AC progenitor-like 2')",0.0864819479429051,Hypoxic 2,AC progenitor-like 2,Hypoxic 2 > AC progenitor-like 2,AC-gliosis-hypoxia,AC-gliosis-hypoxia
at4_1,"('Hypoxic 2', 'AC progenitor-like 2')",0.9116022099447514,Hypoxic 2,AC progenitor-like 2,Hypoxic 2 > AC progenitor-like 2,AC-gliosis-hypoxia,AC-gliosis-hypoxia
at15_2,"('Hypoxic 2', 'AC progenitor-like 2')",0.1761363636363636,Hypoxic 2,AC progenitor-like 2,Hypoxic 2 > AC progenitor-like 2,AC-gliosis-hypoxia,AC-gliosis-hypoxia
at15_6,"('Hypoxic 2', 'AC progenitor-like 2')",0.0031347962382445,Hypoxic 2,AC progenitor-like 2,Hypoxic 2 > AC progenitor-like 2,AC-gliosis-hypoxia,AC-gliosis-hypoxia
at4_0,"('Hypoxic 2', 'AC progenitor-like 2')",0.8379983036471587,Hypoxic 2,AC progenitor-like 2,Hypoxic 2 > AC progenitor-like 2,AC-gliosis-hypoxia,AC-gliosis-hypoxia
at10_0,"('Hypoxic 2', 'AC progenitor-like 2')",0.9736842105263158,Hypoxic 2,AC progenitor-like 2,Hypoxic 2 > AC progenitor-like 2,AC-gliosis-hypoxia,AC-gliosis-hypoxia
at7_0,"('Hypoxic 2', 'AC progenitor-like 2')",0.9158576051779936,Hypoxic 2,AC progenitor-like 2,Hypoxic 2 > AC progenitor-like 2,AC-gliosis-hypoxia,AC-gliosis-hypoxia
at10_2,"('Hypoxic 2', 'AC progenitor-like 2')",0.8289269051321928,Hypoxic 2,AC progenitor-like 2,Hypoxic 2 > AC progenitor-like 2,AC-gliosis-hypoxia,AC-gliosis-hypoxia
at13_0,"('Hypoxic 2', 'AC progenitor-like 2')",0.0481927710843373,Hypoxic 2,AC progenitor-like 2,Hypoxic 2 > AC progenitor-like 2,AC-gliosis-hypoxia,AC-gliosis-hypoxia
at15_4,"('Hypoxic 2', 'AC progenitor-like 2')",0.1674757281553398,Hypoxic 2,AC progenitor-like 2,Hypoxic 2 > AC progenitor-like 2,AC-gliosis-hypoxia,AC-gliosis-hypoxia
at6_4,"('Hypoxic 2', 'AC progenitor-like 2')",0.5,Hypoxic 2,AC progenitor-like 2,Hypoxic 2 > AC progenitor-like 2,AC-gliosis-hypoxia,AC-gliosis-hypoxia
at10_1,"('Hypoxic 2', 'AC progenitor-like 2')",0.9660678642714572,Hypoxic 2,AC progenitor-like 2,Hypoxic 2 > AC progenitor-like 2,AC-gliosis-hypoxia,AC-gliosis-hypoxia
at3_3,"('Hypoxic 2', 'AC progenitor-like 2')",0.8857142857142857,Hypoxic 2,AC progenitor-like 2,Hypoxic 2 > AC progenitor-like 2,AC-gliosis-hypoxia,AC-gliosis-hypoxia
at5_9,"('Hypoxic 2', 'AC progenitor-like 2')",0.0555555555555555,Hypoxic 2,AC progenitor-like 2,Hypoxic 2 > AC progenitor-like 2,AC-gliosis-hypoxia,AC-gliosis-hypoxia
at4_2,"('Hypoxic 2', 'AC progenitor-like 2')",0.933579335793358,Hypoxic 2,AC progenitor-like 2,Hypoxic 2 > AC progenitor-like 2,AC-gliosis-hypoxia,AC-gliosis-hypoxia
at9_2,"('Hypoxic 2', 'AC progenitor-like 2')",0.8462484624846248,Hypoxic 2,AC progenitor-like 2,Hypoxic 2 > AC progenitor-like 2,AC-gliosis-hypoxia,AC-gliosis-hypoxia
at9_4,"('Hypoxic 2', 'AC progenitor-like 2')",0.7075630252100841,Hypoxic 2,AC progenitor-like 2,Hypoxic 2 > AC progenitor-like 2,AC-gliosis-hypoxia,AC-gliosis-hypoxia
at9_0,"('Hypoxic 2', 'AC progenitor-like 2')",0.0864819479429051,Hypoxic 2,AC progenitor-like 2,Hypoxic 2 > AC progenitor-like 2,AC-gliosis-hypoxia,AC-gliosis-hypoxia
at4_1,"('Hypoxic 2', 'AC progenitor-like 2')",0.9116022099447514,Hypoxic 2,AC progenitor-like 2,Hypoxic 2 > AC progenitor-like 2,AC-gliosis-hypoxia,AC-gliosis-hypoxia
at15_2,"('Hypoxic 2', 'AC progenitor-like 2')",0.1761363636363636,Hypoxic 2,AC progenitor-like 2,Hypoxic 2 > AC progenitor-like 2,AC-gliosis-hypoxia,AC-gliosis-hypoxia
at15_6,"('Hypoxic 2', 'AC progenitor-like 2')",0.0031347962382445,Hypoxic 2,AC progenitor-like 2,Hypoxic 2 > AC progenitor-like 2,AC-gliosis-hypoxia,AC-gliosis-hypoxia
at4_0,"('Hypoxic 2', 'AC progenitor-like 2')",0.8379983036471587,Hypoxic 2,AC progenitor-like 2,Hypoxic 2 > AC progenitor-like 2,AC-gliosis-hypoxia,AC-gliosis-hypoxia
at10_0,"('Hypoxic 2', 'AC progenitor-like 2')",0.9736842105263158,Hypoxic 2,AC progenitor-like 2,Hypoxic 2 > AC progenitor-like 2,AC-gliosis-hypoxia,AC-gliosis-hypoxia
at7_0,"('Hypoxic 2', 'AC progenitor-like 2')",0.9158576051779936,Hypoxic 2,AC progenitor-like 2,Hypoxic 2 > AC progenitor-like 2,AC-gliosis-hypoxia,AC-gliosis-hypoxia
at10_2,"('Hypoxic 2', 'AC progenitor-like 2')",0.8289269051321928,Hypoxic 2,AC progenitor-like 2,Hypoxic 2 > AC progenitor-like 2,AC-gliosis-hypoxia,AC-gliosis-hypoxia
at13_0,"('Hypoxic 2', 'AC progenitor-like 2')",0.0481927710843373,Hypoxic 2,AC progenitor-like 2,Hypoxic 2 > AC progenitor-like 2,AC-gliosis-hypoxia,AC-gliosis-hypoxia
at15_4,"('Hypoxic 2', 'AC progenitor-like 2')",0.1674757281553398,Hypoxic 2,AC progenitor-like 2,Hypoxic 2 > AC progenitor-like 2,AC-gliosis-hypoxia,AC-gliosis-hypoxia
at6_4,"('Hypoxic 2', 'AC progenitor-like 2')",0.5,Hypoxic 2,AC progenitor-like 2,Hypoxic 2 > AC progenitor-like 2,AC-gliosis-hypoxia,AC-gliosis-hypoxia
at10_1,"('Hypoxic 2', 'AC progenitor-like 2')",0.9660678642714572,Hypoxic 2,AC progenitor-like 2,Hypoxic 2 > AC progenitor-like 2,AC-gliosis-hypoxia,AC-gliosis-hypoxia
at3_3,"('Hypoxic 2', 'AC progenitor-like 2')",0.8857142857142857,Hypoxic 2,AC progenitor-like 2,Hypoxic 2 > AC progenitor-like 2,AC-gliosis-hypoxia,AC-gliosis-hypoxia
at5_9,"('Hypoxic 2', 'AC progenitor-like 2')",0.0555555555555555,Hypoxic 2,AC progenitor-like 2,Hypoxic 2 > AC progenitor-like 2,AC-gliosis-hypoxia,AC-gliosis-hypoxia
at4_2,"('Hypoxic 2', 'AC progenitor-like 2')",0.933579335793358,Hypoxic 2,AC progenitor-like 2,Hypoxic 2 > AC progenitor-like 2,AC-gliosis-hypoxia,AC-gliosis-hypoxia
at9_2,"('Hypoxic 2', 'AC progenitor-like 2')",0.8462484624846248,Hypoxic 2,AC progenitor-like 2,Hypoxic 2 > AC progenitor-like 2,AC-gliosis-hypoxia,AC-gliosis-hypoxia
at9_4,"('Hypoxic 2', 'AC progenitor-like 2')",0.7075630252100841,Hypoxic 2,AC progenitor-like 2,Hypoxic 2 > AC progenitor-like 2,AC-gliosis-hypoxia,AC-gliosis-hypoxia
at9_0,"('Hypoxic 2', 'AC progenitor-like 2')",0.0864819479429051,Hypoxic 2,AC progenitor-like 2,Hypoxic 2 > AC progenitor-like 2,AC-gliosis-hypoxia,AC-gliosis-hypoxia
at4_1,"('Hypoxic 2', 'AC progenitor-like 2')",0.9116022099447514,Hypoxic 2,AC progenitor-like 2,Hypoxic 2 > AC progenitor-like 2,AC-gliosis-hypoxia,AC-gliosis-hypoxia
at15_2,"('Hypoxic 2', 'AC progenitor-like 2')",0.1761363636363636,Hypoxic 2,AC progenitor-like 2,Hypoxic 2 > AC progenitor-like 2,AC-gliosis-hypoxia,AC-gliosis-hypoxia
at15_6,"('Hypoxic 2', 'AC progenitor-like 2')",0.0031347962382445,Hypoxic 2,AC progenitor-like 2,Hypoxic 2 > AC progenitor-like 2,AC-gliosis-hypoxia,AC-gliosis-hypoxia
at4_0,"('Hypoxic 2', 'AC progenitor-like 2')",0.8379983036471587,Hypoxic 2,AC progenitor-like 2,Hypoxic 2 > AC progenitor-like 2,AC-gliosis-hypoxia,AC-gliosis-hypoxia
at10_0,"('Hypoxic 2', 'AC progenitor-like 2')",0.9736842105263158,Hypoxic 2,AC progenitor-like 2,Hypoxic 2 > AC progenitor-like 2,AC-gliosis-hypoxia,AC-gliosis-hypoxia
at7_0,"('Hypoxic 2', 'AC progenitor-like 2')",0.9158576051779936,Hypoxic 2,AC progenitor-like 2,Hypoxic 2 > AC progenitor-like 2,AC-gliosis-hypoxia,AC-gliosis-hypoxia
at10_2,"('Hypoxic 2', 'AC progenitor-like 2')",0.8289269051321928,Hypoxic 2,AC progenitor-like 2,Hypoxic 2 > AC progenitor-like 2,AC-gliosis-hypoxia,AC-gliosis-hypoxia
at13_0,"('Hypoxic 2', 'AC progenitor-like 2')",0.0481927710843373,Hypoxic 2,AC progenitor-like 2,Hypoxic 2 > AC progenitor-like 2,AC-gliosis-hypoxia,AC-gliosis-hypoxia
at15_4,"('Hypoxic 2', 'AC progenitor-like 2')",0.1674757281553398,Hypoxic 2,AC progenitor-like 2,Hypoxic 2 > AC progenitor-like 2,AC-gliosis-hypoxia,AC-gliosis-hypoxia
at6_4,"('Hypoxic 2', 'AC progenitor-like 2')",0.5,Hypoxic 2,AC progenitor-like 2,Hypoxic 2 > AC progenitor-like 2,AC-gliosis-hypoxia,AC-gliosis-hypoxia
at10_1,"('Hypoxic 2', 'AC progenitor-like 2')",0.9660678642714572,Hypoxic 2,AC progenitor-like 2,Hypoxic 2 > AC progenitor-like 2,AC-gliosis-hypoxia,AC-gliosis-hypoxia
at3_3,"('Hypoxic 2', 'AC progenitor-like 2')",0.8857142857142857,Hypoxic 2,AC progenitor-like 2,Hypoxic 2 > AC progenitor-like 2,AC-gliosis-hypoxia,AC-gliosis-hypoxia
at5_9,"('Hypoxic 2', 'AC progenitor-like 2')",0.0555555555555555,Hypoxic 2,AC progenitor-like 2,Hypoxic 2 > AC progenitor-like 2,AC-gliosis-hypoxia,AC-gliosis-hypoxia
at4_2,"('Hypoxic 2', 'AC progenitor-like 2')",0.933579335793358,Hypoxic 2,AC progenitor-like 2,Hypoxic 2 > AC progenitor-like 2,AC-gliosis-hypoxia,AC-gliosis-hypoxia
at9_2,"('Hypoxic 2', 'AC progenitor-like 2')",0.8462484624846248,Hypoxic 2,AC progenitor-like 2,Hypoxic 2 > AC progenitor-like 2,AC-gliosis-hypoxia,AC-gliosis-hypoxia
at9_4,"('Hypoxic 2', 'AC progenitor-like 2')",0.7075630252100841,Hypoxic 2,AC progenitor-like 2,Hypoxic 2 > AC progenitor-like 2,AC-gliosis-hypoxia,AC-gliosis-hypoxia
at9_0,"('Hypoxic 2', 'AC progenitor-like 2')",0.0864819479429051,Hypoxic 2,AC progenitor-like 2,Hypoxic 2 > AC progenitor-like 2,AC-gliosis-hypoxia,AC-gliosis-hypoxia
at4_1,"('Hypoxic 2', 'AC progenitor-like 2')",0.9116022099447514,Hypoxic 2,AC progenitor-like 2,Hypoxic 2 > AC progenitor-like 2,AC-gliosis-hypoxia,AC-gliosis-hypoxia
at15_2,"('Hypoxic 2', 'AC progenitor-like 2')",0.1761363636363636,Hypoxic 2,AC progenitor-like 2,Hypoxic 2 > AC progenitor-like 2,AC-gliosis-hypoxia,AC-gliosis-hypoxia
at15_6,"('Hypoxic 2', 'AC progenitor-like 2')",0.0031347962382445,Hypoxic 2,AC progenitor-like 2,Hypoxic 2 > AC progenitor-like 2,AC-gliosis-hypoxia,AC-gliosis-hypoxia
at4_0,"('Hypoxic 2', 'AC progenitor-like 2')",0.8379983036471587,Hypoxic 2,AC progenitor-like 2,Hypoxic 2 > AC progenitor-like 2,AC-gliosis-hypoxia,AC-gliosis-hypoxia
at10_0,"('Hypoxic 2', 'AC progenitor-like 2')",0.9736842105263158,Hypoxic 2,AC progenitor-like 2,Hypoxic 2 > AC progenitor-like 2,AC-gliosis-hypoxia,AC-gliosis-hypoxia
at7_0,"('Hypoxic 2', 'AC progenitor-like 2')",0.9158576051779936,Hypoxic 2,AC progenitor-like 2,Hypoxic 2 > AC progenitor-like 2,AC-gliosis-hypoxia,AC-gliosis-hypoxia
at10_2,"('Hypoxic 2', 'AC progenitor-like 2')",0.8289269051321928,Hypoxic 2,AC progenitor-like 2,Hypoxic 2 > AC progenitor-like 2,AC-gliosis-hypoxia,AC-gliosis-hypoxia
at13_0,"('Hypoxic 2', 'AC progenitor-like 2')",0.0481927710843373,Hypoxic 2,AC progenitor-like 2,Hypoxic 2 > AC progenitor-like 2,AC-gliosis-hypoxia,AC-gliosis-hypoxia
at15_4,"('Hypoxic 2', 'AC progenitor-like 2')",0.1674757281553398,Hypoxic 2,AC progenitor-like 2,Hypoxic 2 > AC progenitor-like 2,AC-gliosis-hypoxia,AC-gliosis-hypoxia
at6_4,"('Hypoxic 2', 'AC progenitor-like 2')",0.5,Hypoxic 2,AC progenitor-like 2,Hypoxic 2 > AC progenitor-like 2,AC-gliosis-hypoxia,AC-gliosis-hypoxia
at10_1,"('Hypoxic 2', 'AC progenitor-like 2')",0.9660678642714572,Hypoxic 2,AC progenitor-like 2,Hypoxic 2 > AC progenitor-like 2,AC-gliosis-hypoxia,AC-gliosis-hypoxia
at3_3,"('Hypoxic 2', 'AC progenitor-like 2')",0.8857142857142857,Hypoxic 2,AC progenitor-like 2,Hypoxic 2 > AC progenitor-like 2,AC-gliosis-hypoxia,AC-gliosis-hypoxia
at5_9,"('Hypoxic 2', 'AC progenitor-like 2')",0.0555555555555555,Hypoxic 2,AC progenitor-like 2,Hypoxic 2 > AC progenitor-like 2,AC-gliosis-hypoxia,AC-gliosis-hypoxia
at4_2,"('Hypoxic 2', 'AC progenitor-like 2')",0.933579335793358,Hypoxic 2,AC progenitor-like 2,Hypoxic 2 > AC progenitor-like 2,AC-gliosis-hypoxia,AC-gliosis-hypoxia
at9_2,"('Hypoxic 2', 'AC progenitor-like 2')",0.8462484624846248,Hypoxic 2,AC progenitor-like 2,Hypoxic 2 > AC progenitor-like 2,AC-gliosis-hypoxia,AC-gliosis-hypoxia
at9_4,"('Hypoxic 2', 'AC progenitor-like 2')",0.7075630252100841,Hypoxic 2,AC progenitor-like 2,Hypoxic 2 > AC progenitor-like 2,AC-gliosis-hypoxia,AC-gliosis-hypoxia
at9_0,"('Hypoxic 2', 'AC progenitor-like 2')",0.0864819479429051,Hypoxic 2,AC progenitor-like 2,Hypoxic 2 > AC progenitor-like 2,AC-gliosis-hypoxia,AC-gliosis-hypoxia
at4_1,"('Hypoxic 2', 'AC progenitor-like 2')",0.9116022099447514,Hypoxic 2,AC progenitor-like 2,Hypoxic 2 > AC progenitor-like 2,AC-gliosis-hypoxia,AC-gliosis-hypoxia
at15_2,"('Hypoxic 2', 'AC progenitor-like 2')",0.1761363636363636,Hypoxic 2,AC progenitor-like 2,Hypoxic 2 > AC progenitor-like 2,AC-gliosis-hypoxia,AC-gliosis-hypoxia
at15_6,"('Hypoxic 2', 'AC progenitor-like 2')",0.0031347962382445,Hypoxic 2,AC progenitor-like 2,Hypoxic 2 > AC progenitor-like 2,AC-gliosis-hypoxia,AC-gliosis-hypoxia
at4_0,"('Hypoxic 2', 'AC progenitor-like 2')",0.8379983036471587,Hypoxic 2,AC progenitor-like 2,Hypoxic 2 > AC progenitor-like 2,AC-gliosis-hypoxia,AC-gliosis-hypoxia
at10_0,"('Hypoxic 2', 'AC progenitor-like 2')",0.9736842105263158,Hypoxic 2,AC progenitor-like 2,Hypoxic 2 > AC progenitor-like 2,AC-gliosis-hypoxia,AC-gliosis-hypoxia
at7_0,"('Hypoxic 2', 'AC progenitor-like 2')",0.9158576051779936,Hypoxic 2,AC progenitor-like 2,Hypoxic 2 > AC progenitor-like 2,AC-gliosis-hypoxia,AC-gliosis-hypoxia
at10_2,"('Hypoxic 2', 'AC progenitor-like 2')",0.8289269051321928,Hypoxic 2,AC progenitor-like 2,Hypoxic 2 > AC progenitor-like 2,AC-gliosis-hypoxia,AC-gliosis-hypoxia
at13_0,"('Hypoxic 2', 'AC progenitor-like 2')",0.0481927710843373,Hypoxic 2,AC progenitor-like 2,Hypoxic 2 > AC progenitor-like 2,AC-gliosis-hypoxia,AC-gliosis-hypoxia
at15_4,"('Hypoxic 2', 'AC progenitor-like 2')",0.1674757281553398,Hypoxic 2,AC progenitor-like 2,Hypoxic 2 > AC progenitor-like 2,AC-gliosis-hypoxia,AC-gliosis-hypoxia
at6_4,"('Hypoxic 2', 'AC progenitor-like 2')",0.5,Hypoxic 2,AC progenitor-like 2,Hypoxic 2 > AC progenitor-like 2,AC-gliosis-hypoxia,AC-gliosis-hypoxia
at10_1,"('Hypoxic 2', 'AC progenitor-like 2')",0.9660678642714572,Hypoxic 2,AC progenitor-like 2,Hypoxic 2 > AC progenitor-like 2,AC-gliosis-hypoxia,AC-gliosis-hypoxia
at3_3,"('Hypoxic 2', 'AC progenitor-like 2')",0.8857142857142857,Hypoxic 2,AC progenitor-like 2,Hypoxic 2 > AC progenitor-like 2,AC-gliosis-hypoxia,AC-gliosis-hypoxia
at5_9,"('Hypoxic 2', 'AC progenitor-like 2')",0.0555555555555555,Hypoxic 2,AC progenitor-like 2,Hypoxic 2 > AC progenitor-like 2,AC-gliosis-hypoxia,AC-gliosis-hypoxia
at4_2,"('Hypoxic 2', 'AC progenitor-like 2')",0.933579335793358,Hypoxic 2,AC progenitor-like 2,Hypoxic 2 > AC progenitor-like 2,AC-gliosis-hypoxia,AC-gliosis-hypoxia
at9_2,"('Hypoxic 2', 'AC progenitor-like 2')",0.8462484624846248,Hypoxic 2,AC progenitor-like 2,Hypoxic 2 > AC progenitor-like 2,AC-gliosis-hypoxia,AC-gliosis-hypoxia
at9_4,"('Hypoxic 2', 'AC progenitor-like 2')",0.7075630252100841,Hypoxic 2,AC progenitor-like 2,Hypoxic 2 > AC progenitor-like 2,AC-gliosis-hypoxia,AC-gliosis-hypoxia
at9_0,"('Hypoxic 2', 'AC progenitor-like 2')",0.0864819479429051,Hypoxic 2,AC progenitor-like 2,Hypoxic 2 > AC progenitor-like 2,AC-gliosis-hypoxia,AC-gliosis-hypoxia
at6_0,"('OPC-like 1', 'AC progenitor-like 2')",0.5625,OPC-like 1,AC progenitor-like 2,OPC-like 1 > AC progenitor-like 2,OPC-NPC-like,AC-gliosis-hypoxia
at4_1,"('OPC-like 1', 'AC progenitor-like 2')",0.9226519337016574,OPC-like 1,AC progenitor-like 2,OPC-like 1 > AC progenitor-like 2,OPC-NPC-like,AC-gliosis-hypoxia
at5_4,"('OPC-like 1', 'AC progenitor-like 2')",0.3043478260869565,OPC-like 1,AC progenitor-like 2,OPC-like 1 > AC progenitor-like 2,OPC-NPC-like,AC-gliosis-hypoxia
at15_3,"('OPC-like 1', 'AC progenitor-like 2')",0.017094017094017,OPC-like 1,AC progenitor-like 2,OPC-like 1 > AC progenitor-like 2,OPC-NPC-like,AC-gliosis-hypoxia
at15_0,"('OPC-like 1', 'AC progenitor-like 2')",0.5164835164835165,OPC-like 1,AC progenitor-like 2,OPC-like 1 > AC progenitor-like 2,OPC-NPC-like,AC-gliosis-hypoxia
at15_2,"('OPC-like 1', 'AC progenitor-like 2')",0.9715909090909092,OPC-like 1,AC progenitor-like 2,OPC-like 1 > AC progenitor-like 2,OPC-NPC-like,AC-gliosis-hypoxia
at15_6,"('OPC-like 1', 'AC progenitor-like 2')",0.9592476489028212,OPC-like 1,AC progenitor-like 2,OPC-like 1 > AC progenitor-like 2,OPC-NPC-like,AC-gliosis-hypoxia
at4_0,"('OPC-like 1', 'AC progenitor-like 2')",0.8583545377438507,OPC-like 1,AC progenitor-like 2,OPC-like 1 > AC progenitor-like 2,OPC-NPC-like,AC-gliosis-hypoxia
at10_0,"('OPC-like 1', 'AC progenitor-like 2')",0.9473684210526316,OPC-like 1,AC progenitor-like 2,OPC-like 1 > AC progenitor-like 2,OPC-NPC-like,AC-gliosis-hypoxia
at10_2,"('OPC-like 1', 'AC progenitor-like 2')",0.8164852255054432,OPC-like 1,AC progenitor-like 2,OPC-like 1 > AC progenitor-like 2,OPC-NPC-like,AC-gliosis-hypoxia
at13_0,"('OPC-like 1', 'AC progenitor-like 2')",0.003012048192771,OPC-like 1,AC progenitor-like 2,OPC-like 1 > AC progenitor-like 2,OPC-NPC-like,AC-gliosis-hypoxia
at15_4,"('OPC-like 1', 'AC progenitor-like 2')",0.95873786407767,OPC-like 1,AC progenitor-like 2,OPC-like 1 > AC progenitor-like 2,OPC-NPC-like,AC-gliosis-hypoxia
at10_1,"('OPC-like 1', 'AC progenitor-like 2')",0.8622754491017964,OPC-like 1,AC progenitor-like 2,OPC-like 1 > AC progenitor-like 2,OPC-NPC-like,AC-gliosis-hypoxia
at3_3,"('OPC-like 1', 'AC progenitor-like 2')",0.8285714285714286,OPC-like 1,AC progenitor-like 2,OPC-like 1 > AC progenitor-like 2,OPC-NPC-like,AC-gliosis-hypoxia
at9_2,"('OPC-like 1', 'AC progenitor-like 2')",0.964329643296433,OPC-like 1,AC progenitor-like 2,OPC-like 1 > AC progenitor-like 2,OPC-NPC-like,AC-gliosis-hypoxia
at9_4,"('OPC-like 1', 'AC progenitor-like 2')",0.0033613445378151,OPC-like 1,AC progenitor-like 2,OPC-like 1 > AC progenitor-like 2,OPC-NPC-like,AC-gliosis-hypoxia
at9_0,"('OPC-like 1', 'AC progenitor-like 2')",0.0772460117548278,OPC-like 1,AC progenitor-like 2,OPC-like 1 > AC progenitor-like 2,OPC-NPC-like,AC-gliosis-hypoxia
at6_0,"('OPC-like 1', 'AC progenitor-like 2')",0.5625,OPC-like 1,AC progenitor-like 2,OPC-like 1 > AC progenitor-like 2,OPC-NPC-like,AC-gliosis-hypoxia
at4_1,"('OPC-like 1', 'AC progenitor-like 2')",0.9226519337016574,OPC-like 1,AC progenitor-like 2,OPC-like 1 > AC progenitor-like 2,OPC-NPC-like,AC-gliosis-hypoxia
at5_4,"('OPC-like 1', 'AC progenitor-like 2')",0.3043478260869565,OPC-like 1,AC progenitor-like 2,OPC-like 1 > AC progenitor-like 2,OPC-NPC-like,AC-gliosis-hypoxia
at15_3,"('OPC-like 1', 'AC progenitor-like 2')",0.017094017094017,OPC-like 1,AC progenitor-like 2,OPC-like 1 > AC progenitor-like 2,OPC-NPC-like,AC-gliosis-hypoxia
at15_0,"('OPC-like 1', 'AC progenitor-like 2')",0.5164835164835165,OPC-like 1,AC progenitor-like 2,OPC-like 1 > AC progenitor-like 2,OPC-NPC-like,AC-gliosis-hypoxia
at15_2,"('OPC-like 1', 'AC progenitor-like 2')",0.9715909090909092,OPC-like 1,AC progenitor-like 2,OPC-like 1 > AC progenitor-like 2,OPC-NPC-like,AC-gliosis-hypoxia
at15_6,"('OPC-like 1', 'AC progenitor-like 2')",0.9592476489028212,OPC-like 1,AC progenitor-like 2,OPC-like 1 > AC progenitor-like 2,OPC-NPC-like,AC-gliosis-hypoxia
at4_0,"('OPC-like 1', 'AC progenitor-like 2')",0.8583545377438507,OPC-like 1,AC progenitor-like 2,OPC-like 1 > AC progenitor-like 2,OPC-NPC-like,AC-gliosis-hypoxia
at10_0,"('OPC-like 1', 'AC progenitor-like 2')",0.9473684210526316,OPC-like 1,AC progenitor-like 2,OPC-like 1 > AC progenitor-like 2,OPC-NPC-like,AC-gliosis-hypoxia
at10_2,"('OPC-like 1', 'AC progenitor-like 2')",0.8164852255054432,OPC-like 1,AC progenitor-like 2,OPC-like 1 > AC progenitor-like 2,OPC-NPC-like,AC-gliosis-hypoxia
at13_0,"('OPC-like 1', 'AC progenitor-like 2')",0.003012048192771,OPC-like 1,AC progenitor-like 2,OPC-like 1 > AC progenitor-like 2,OPC-NPC-like,AC-gliosis-hypoxia
at15_4,"('OPC-like 1', 'AC progenitor-like 2')",0.95873786407767,OPC-like 1,AC progenitor-like 2,OPC-like 1 > AC progenitor-like 2,OPC-NPC-like,AC-gliosis-hypoxia
at10_1,"('OPC-like 1', 'AC progenitor-like 2')",0.8622754491017964,OPC-like 1,AC progenitor-like 2,OPC-like 1 > AC progenitor-like 2,OPC-NPC-like,AC-gliosis-hypoxia
at3_3,"('OPC-like 1', 'AC progenitor-like 2')",0.8285714285714286,OPC-like 1,AC progenitor-like 2,OPC-like 1 > AC progenitor-like 2,OPC-NPC-like,AC-gliosis-hypoxia
at9_2,"('OPC-like 1', 'AC progenitor-like 2')",0.964329643296433,OPC-like 1,AC progenitor-like 2,OPC-like 1 > AC progenitor-like 2,OPC-NPC-like,AC-gliosis-hypoxia
at9_4,"('OPC-like 1', 'AC progenitor-like 2')",0.0033613445378151,OPC-like 1,AC progenitor-like 2,OPC-like 1 > AC progenitor-like 2,OPC-NPC-like,AC-gliosis-hypoxia
at9_0,"('OPC-like 1', 'AC progenitor-like 2')",0.0772460117548278,OPC-like 1,AC progenitor-like 2,OPC-like 1 > AC progenitor-like 2,OPC-NPC-like,AC-gliosis-hypoxia
at6_0,"('OPC-like 1', 'AC progenitor-like 2')",0.5625,OPC-like 1,AC progenitor-like 2,OPC-like 1 > AC progenitor-like 2,OPC-NPC-like,AC-gliosis-hypoxia
at4_1,"('OPC-like 1', 'AC progenitor-like 2')",0.9226519337016574,OPC-like 1,AC progenitor-like 2,OPC-like 1 > AC progenitor-like 2,OPC-NPC-like,AC-gliosis-hypoxia
at5_4,"('OPC-like 1', 'AC progenitor-like 2')",0.3043478260869565,OPC-like 1,AC progenitor-like 2,OPC-like 1 > AC progenitor-like 2,OPC-NPC-like,AC-gliosis-hypoxia
at15_3,"('OPC-like 1', 'AC progenitor-like 2')",0.017094017094017,OPC-like 1,AC progenitor-like 2,OPC-like 1 > AC progenitor-like 2,OPC-NPC-like,AC-gliosis-hypoxia
at15_0,"('OPC-like 1', 'AC progenitor-like 2')",0.5164835164835165,OPC-like 1,AC progenitor-like 2,OPC-like 1 > AC progenitor-like 2,OPC-NPC-like,AC-gliosis-hypoxia
at15_2,"('OPC-like 1', 'AC progenitor-like 2')",0.9715909090909092,OPC-like 1,AC progenitor-like 2,OPC-like 1 > AC progenitor-like 2,OPC-NPC-like,AC-gliosis-hypoxia
at15_6,"('OPC-like 1', 'AC progenitor-like 2')",0.9592476489028212,OPC-like 1,AC progenitor-like 2,OPC-like 1 > AC progenitor-like 2,OPC-NPC-like,AC-gliosis-hypoxia
at4_0,"('OPC-like 1', 'AC progenitor-like 2')",0.8583545377438507,OPC-like 1,AC progenitor-like 2,OPC-like 1 > AC progenitor-like 2,OPC-NPC-like,AC-gliosis-hypoxia
at10_0,"('OPC-like 1', 'AC progenitor-like 2')",0.9473684210526316,OPC-like 1,AC progenitor-like 2,OPC-like 1 > AC progenitor-like 2,OPC-NPC-like,AC-gliosis-hypoxia
at10_2,"('OPC-like 1', 'AC progenitor-like 2')",0.8164852255054432,OPC-like 1,AC progenitor-like 2,OPC-like 1 > AC progenitor-like 2,OPC-NPC-like,AC-gliosis-hypoxia
at13_0,"('OPC-like 1', 'AC progenitor-like 2')",0.003012048192771,OPC-like 1,AC progenitor-like 2,OPC-like 1 > AC progenitor-like 2,OPC-NPC-like,AC-gliosis-hypoxia
at15_4,"('OPC-like 1', 'AC progenitor-like 2')",0.95873786407767,OPC-like 1,AC progenitor-like 2,OPC-like 1 > AC progenitor-like 2,OPC-NPC-like,AC-gliosis-hypoxia
at10_1,"('OPC-like 1', 'AC progenitor-like 2')",0.8622754491017964,OPC-like 1,AC progenitor-like 2,OPC-like 1 > AC progenitor-like 2,OPC-NPC-like,AC-gliosis-hypoxia
at3_3,"('OPC-like 1', 'AC progenitor-like 2')",0.8285714285714286,OPC-like 1,AC progenitor-like 2,OPC-like 1 > AC progenitor-like 2,OPC-NPC-like,AC-gliosis-hypoxia
at9_2,"('OPC-like 1', 'AC progenitor-like 2')",0.964329643296433,OPC-like 1,AC progenitor-like 2,OPC-like 1 > AC progenitor-like 2,OPC-NPC-like,AC-gliosis-hypoxia
at9_4,"('OPC-like 1', 'AC progenitor-like 2')",0.0033613445378151,OPC-like 1,AC progenitor-like 2,OPC-like 1 > AC progenitor-like 2,OPC-NPC-like,AC-gliosis-hypoxia
at9_0,"('OPC-like 1', 'AC progenitor-like 2')",0.0772460117548278,OPC-like 1,AC progenitor-like 2,OPC-like 1 > AC progenitor-like 2,OPC-NPC-like,AC-gliosis-hypoxia
at6_0,"('OPC-like 1', 'AC progenitor-like 2')",0.5625,OPC-like 1,AC progenitor-like 2,OPC-like 1 > AC progenitor-like 2,OPC-NPC-like,AC-gliosis-hypoxia
at4_1,"('OPC-like 1', 'AC progenitor-like 2')",0.9226519337016574,OPC-like 1,AC progenitor-like 2,OPC-like 1 > AC progenitor-like 2,OPC-NPC-like,AC-gliosis-hypoxia
at5_4,"('OPC-like 1', 'AC progenitor-like 2')",0.3043478260869565,OPC-like 1,AC progenitor-like 2,OPC-like 1 > AC progenitor-like 2,OPC-NPC-like,AC-gliosis-hypoxia
at15_3,"('OPC-like 1', 'AC progenitor-like 2')",0.017094017094017,OPC-like 1,AC progenitor-like 2,OPC-like 1 > AC progenitor-like 2,OPC-NPC-like,AC-gliosis-hypoxia
at15_0,"('OPC-like 1', 'AC progenitor-like 2')",0.5164835164835165,OPC-like 1,AC progenitor-like 2,OPC-like 1 > AC progenitor-like 2,OPC-NPC-like,AC-gliosis-hypoxia
at15_2,"('OPC-like 1', 'AC progenitor-like 2')",0.9715909090909092,OPC-like 1,AC progenitor-like 2,OPC-like 1 > AC progenitor-like 2,OPC-NPC-like,AC-gliosis-hypoxia
at15_6,"('OPC-like 1', 'AC progenitor-like 2')",0.9592476489028212,OPC-like 1,AC progenitor-like 2,OPC-like 1 > AC progenitor-like 2,OPC-NPC-like,AC-gliosis-hypoxia
at4_0,"('OPC-like 1', 'AC progenitor-like 2')",0.8583545377438507,OPC-like 1,AC progenitor-like 2,OPC-like 1 > AC progenitor-like 2,OPC-NPC-like,AC-gliosis-hypoxia
at10_0,"('OPC-like 1', 'AC progenitor-like 2')",0.9473684210526316,OPC-like 1,AC progenitor-like 2,OPC-like 1 > AC progenitor-like 2,OPC-NPC-like,AC-gliosis-hypoxia
at10_2,"('OPC-like 1', 'AC progenitor-like 2')",0.8164852255054432,OPC-like 1,AC progenitor-like 2,OPC-like 1 > AC progenitor-like 2,OPC-NPC-like,AC-gliosis-hypoxia
at13_0,"('OPC-like 1', 'AC progenitor-like 2')",0.003012048192771,OPC-like 1,AC progenitor-like 2,OPC-like 1 > AC progenitor-like 2,OPC-NPC-like,AC-gliosis-hypoxia
at15_4,"('OPC-like 1', 'AC progenitor-like 2')",0.95873786407767,OPC-like 1,AC progenitor-like 2,OPC-like 1 > AC progenitor-like 2,OPC-NPC-like,AC-gliosis-hypoxia
at10_1,"('OPC-like 1', 'AC progenitor-like 2')",0.8622754491017964,OPC-like 1,AC progenitor-like 2,OPC-like 1 > AC progenitor-like 2,OPC-NPC-like,AC-gliosis-hypoxia
at3_3,"('OPC-like 1', 'AC progenitor-like 2')",0.8285714285714286,OPC-like 1,AC progenitor-like 2,OPC-like 1 > AC progenitor-like 2,OPC-NPC-like,AC-gliosis-hypoxia
at9_2,"('OPC-like 1', 'AC progenitor-like 2')",0.964329643296433,OPC-like 1,AC progenitor-like 2,OPC-like 1 > AC progenitor-like 2,OPC-NPC-like,AC-gliosis-hypoxia
at9_4,"('OPC-like 1', 'AC progenitor-like 2')",0.0033613445378151,OPC-like 1,AC progenitor-like 2,OPC-like 1 > AC progenitor-like 2,OPC-NPC-like,AC-gliosis-hypoxia
at9_0,"('OPC-like 1', 'AC progenitor-like 2')",0.0772460117548278,OPC-like 1,AC progenitor-like 2,OPC-like 1 > AC progenitor-like 2,OPC-NPC-like,AC-gliosis-hypoxia
at6_0,"('OPC-like 1', 'AC progenitor-like 2')",0.5625,OPC-like 1,AC progenitor-like 2,OPC-like 1 > AC progenitor-like 2,OPC-NPC-like,AC-gliosis-hypoxia
at4_1,"('OPC-like 1', 'AC progenitor-like 2')",0.9226519337016574,OPC-like 1,AC progenitor-like 2,OPC-like 1 > AC progenitor-like 2,OPC-NPC-like,AC-gliosis-hypoxia
at5_4,"('OPC-like 1', 'AC progenitor-like 2')",0.3043478260869565,OPC-like 1,AC progenitor-like 2,OPC-like 1 > AC progenitor-like 2,OPC-NPC-like,AC-gliosis-hypoxia
at15_3,"('OPC-like 1', 'AC progenitor-like 2')",0.017094017094017,OPC-like 1,AC progenitor-like 2,OPC-like 1 > AC progenitor-like 2,OPC-NPC-like,AC-gliosis-hypoxia
at15_0,"('OPC-like 1', 'AC progenitor-like 2')",0.5164835164835165,OPC-like 1,AC progenitor-like 2,OPC-like 1 > AC progenitor-like 2,OPC-NPC-like,AC-gliosis-hypoxia
at15_2,"('OPC-like 1', 'AC progenitor-like 2')",0.9715909090909092,OPC-like 1,AC progenitor-like 2,OPC-like 1 > AC progenitor-like 2,OPC-NPC-like,AC-gliosis-hypoxia
at15_6,"('OPC-like 1', 'AC progenitor-like 2')",0.9592476489028212,OPC-like 1,AC progenitor-like 2,OPC-like 1 > AC progenitor-like 2,OPC-NPC-like,AC-gliosis-hypoxia
at4_0,"('OPC-like 1', 'AC progenitor-like 2')",0.8583545377438507,OPC-like 1,AC progenitor-like 2,OPC-like 1 > AC progenitor-like 2,OPC-NPC-like,AC-gliosis-hypoxia
at10_0,"('OPC-like 1', 'AC progenitor-like 2')",0.9473684210526316,OPC-like 1,AC progenitor-like 2,OPC-like 1 > AC progenitor-like 2,OPC-NPC-like,AC-gliosis-hypoxia
at10_2,"('OPC-like 1', 'AC progenitor-like 2')",0.8164852255054432,OPC-like 1,AC progenitor-like 2,OPC-like 1 > AC progenitor-like 2,OPC-NPC-like,AC-gliosis-hypoxia
at13_0,"('OPC-like 1', 'AC progenitor-like 2')",0.003012048192771,OPC-like 1,AC progenitor-like 2,OPC-like 1 > AC progenitor-like 2,OPC-NPC-like,AC-gliosis-hypoxia
at15_4,"('OPC-like 1', 'AC progenitor-like 2')",0.95873786407767,OPC-like 1,AC progenitor-like 2,OPC-like 1 > AC progenitor-like 2,OPC-NPC-like,AC-gliosis-hypoxia
at10_1,"('OPC-like 1', 'AC progenitor-like 2')",0.8622754491017964,OPC-like 1,AC progenitor-like 2,OPC-like 1 > AC progenitor-like 2,OPC-NPC-like,AC-gliosis-hypoxia
at3_3,"('OPC-like 1', 'AC progenitor-like 2')",0.8285714285714286,OPC-like 1,AC progenitor-like 2,OPC-like 1 > AC progenitor-like 2,OPC-NPC-like,AC-gliosis-hypoxia
at9_2,"('OPC-like 1', 'AC progenitor-like 2')",0.964329643296433,OPC-like 1,AC progenitor-like 2,OPC-like 1 > AC progenitor-like 2,OPC-NPC-like,AC-gliosis-hypoxia
at9_4,"('OPC-like 1', 'AC progenitor-like 2')",0.0033613445378151,OPC-like 1,AC progenitor-like 2,OPC-like 1 > AC progenitor-like 2,OPC-NPC-like,AC-gliosis-hypoxia
at9_0,"('OPC-like 1', 'AC progenitor-like 2')",0.0772460117548278,OPC-like 1,AC progenitor-like 2,OPC-like 1 > AC progenitor-like 2,OPC-NPC-like,AC-gliosis-hypoxia
at6_0,"('OPC-like 1', 'AC progenitor-like 2')",0.5625,OPC-like 1,AC progenitor-like 2,OPC-like 1 > AC progenitor-like 2,OPC-NPC-like,AC-gliosis-hypoxia
at4_1,"('OPC-like 1', 'AC progenitor-like 2')",0.9226519337016574,OPC-like 1,AC progenitor-like 2,OPC-like 1 > AC progenitor-like 2,OPC-NPC-like,AC-gliosis-hypoxia
at5_4,"('OPC-like 1', 'AC progenitor-like 2')",0.3043478260869565,OPC-like 1,AC progenitor-like 2,OPC-like 1 > AC progenitor-like 2,OPC-NPC-like,AC-gliosis-hypoxia
at15_3,"('OPC-like 1', 'AC progenitor-like 2')",0.017094017094017,OPC-like 1,AC progenitor-like 2,OPC-like 1 > AC progenitor-like 2,OPC-NPC-like,AC-gliosis-hypoxia
at15_0,"('OPC-like 1', 'AC progenitor-like 2')",0.5164835164835165,OPC-like 1,AC progenitor-like 2,OPC-like 1 > AC progenitor-like 2,OPC-NPC-like,AC-gliosis-hypoxia
at15_2,"('OPC-like 1', 'AC progenitor-like 2')",0.9715909090909092,OPC-like 1,AC progenitor-like 2,OPC-like 1 > AC progenitor-like 2,OPC-NPC-like,AC-gliosis-hypoxia
at15_6,"('OPC-like 1', 'AC progenitor-like 2')",0.9592476489028212,OPC-like 1,AC progenitor-like 2,OPC-like 1 > AC progenitor-like 2,OPC-NPC-like,AC-gliosis-hypoxia
at4_0,"('OPC-like 1', 'AC progenitor-like 2')",0.8583545377438507,OPC-like 1,AC progenitor-like 2,OPC-like 1 > AC progenitor-like 2,OPC-NPC-like,AC-gliosis-hypoxia
at10_0,"('OPC-like 1', 'AC progenitor-like 2')",0.9473684210526316,OPC-like 1,AC progenitor-like 2,OPC-like 1 > AC progenitor-like 2,OPC-NPC-like,AC-gliosis-hypoxia
at10_2,"('OPC-like 1', 'AC progenitor-like 2')",0.8164852255054432,OPC-like 1,AC progenitor-like 2,OPC-like 1 > AC progenitor-like 2,OPC-NPC-like,AC-gliosis-hypoxia
at13_0,"('OPC-like 1', 'AC progenitor-like 2')",0.003012048192771,OPC-like 1,AC progenitor-like 2,OPC-like 1 > AC progenitor-like 2,OPC-NPC-like,AC-gliosis-hypoxia
at15_4,"('OPC-like 1', 'AC progenitor-like 2')",0.95873786407767,OPC-like 1,AC progenitor-like 2,OPC-like 1 > AC progenitor-like 2,OPC-NPC-like,AC-gliosis-hypoxia
at10_1,"('OPC-like 1', 'AC progenitor-like 2')",0.8622754491017964,OPC-like 1,AC progenitor-like 2,OPC-like 1 > AC progenitor-like 2,OPC-NPC-like,AC-gliosis-hypoxia
at3_3,"('OPC-like 1', 'AC progenitor-like 2')",0.8285714285714286,OPC-like 1,AC progenitor-like 2,OPC-like 1 > AC progenitor-like 2,OPC-NPC-like,AC-gliosis-hypoxia
at9_2,"('OPC-like 1', 'AC progenitor-like 2')",0.964329643296433,OPC-like 1,AC progenitor-like 2,OPC-like 1 > AC progenitor-like 2,OPC-NPC-like,AC-gliosis-hypoxia
at9_4,"('OPC-like 1', 'AC progenitor-like 2')",0.0033613445378151,OPC-like 1,AC progenitor-like 2,OPC-like 1 > AC progenitor-like 2,OPC-NPC-like,AC-gliosis-hypoxia
at9_0,"('OPC-like 1', 'AC progenitor-like 2')",0.0772460117548278,OPC-like 1,AC progenitor-like 2,OPC-like 1 > AC progenitor-like 2,OPC-NPC-like,AC-gliosis-hypoxia
at6_0,"('OPC-like 1', 'AC progenitor-like 2')",0.5625,OPC-like 1,AC progenitor-like 2,OPC-like 1 > AC progenitor-like 2,OPC-NPC-like,AC-gliosis-hypoxia
at4_1,"('OPC-like 1', 'AC progenitor-like 2')",0.9226519337016574,OPC-like 1,AC progenitor-like 2,OPC-like 1 > AC progenitor-like 2,OPC-NPC-like,AC-gliosis-hypoxia
at5_4,"('OPC-like 1', 'AC progenitor-like 2')",0.3043478260869565,OPC-like 1,AC progenitor-like 2,OPC-like 1 > AC progenitor-like 2,OPC-NPC-like,AC-gliosis-hypoxia
at15_3,"('OPC-like 1', 'AC progenitor-like 2')",0.017094017094017,OPC-like 1,AC progenitor-like 2,OPC-like 1 > AC progenitor-like 2,OPC-NPC-like,AC-gliosis-hypoxia
at15_0,"('OPC-like 1', 'AC progenitor-like 2')",0.5164835164835165,OPC-like 1,AC progenitor-like 2,OPC-like 1 > AC progenitor-like 2,OPC-NPC-like,AC-gliosis-hypoxia
at15_2,"('OPC-like 1', 'AC progenitor-like 2')",0.9715909090909092,OPC-like 1,AC progenitor-like 2,OPC-like 1 > AC progenitor-like 2,OPC-NPC-like,AC-gliosis-hypoxia
at15_6,"('OPC-like 1', 'AC progenitor-like 2')",0.9592476489028212,OPC-like 1,AC progenitor-like 2,OPC-like 1 > AC progenitor-like 2,OPC-NPC-like,AC-gliosis-hypoxia
at4_0,"('OPC-like 1', 'AC progenitor-like 2')",0.8583545377438507,OPC-like 1,AC progenitor-like 2,OPC-like 1 > AC progenitor-like 2,OPC-NPC-like,AC-gliosis-hypoxia
at10_0,"('OPC-like 1', 'AC progenitor-like 2')",0.9473684210526316,OPC-like 1,AC progenitor-like 2,OPC-like 1 > AC progenitor-like 2,OPC-NPC-like,AC-gliosis-hypoxia
at10_2,"('OPC-like 1', 'AC progenitor-like 2')",0.8164852255054432,OPC-like 1,AC progenitor-like 2,OPC-like 1 > AC progenitor-like 2,OPC-NPC-like,AC-gliosis-hypoxia
at13_0,"('OPC-like 1', 'AC progenitor-like 2')",0.003012048192771,OPC-like 1,AC progenitor-like 2,OPC-like 1 > AC progenitor-like 2,OPC-NPC-like,AC-gliosis-hypoxia
at15_4,"('OPC-like 1', 'AC progenitor-like 2')",0.95873786407767,OPC-like 1,AC progenitor-like 2,OPC-like 1 > AC progenitor-like 2,OPC-NPC-like,AC-gliosis-hypoxia
at10_1,"('OPC-like 1', 'AC progenitor-like 2')",0.8622754491017964,OPC-like 1,AC progenitor-like 2,OPC-like 1 > AC progenitor-like 2,OPC-NPC-like,AC-gliosis-hypoxia
at3_3,"('OPC-like 1', 'AC progenitor-like 2')",0.8285714285714286,OPC-like 1,AC progenitor-like 2,OPC-like 1 > AC progenitor-like 2,OPC-NPC-like,AC-gliosis-hypoxia
at9_2,"('OPC-like 1', 'AC progenitor-like 2')",0.964329643296433,OPC-like 1,AC progenitor-like 2,OPC-like 1 > AC progenitor-like 2,OPC-NPC-like,AC-gliosis-hypoxia
at9_4,"('OPC-like 1', 'AC progenitor-like 2')",0.0033613445378151,OPC-like 1,AC progenitor-like 2,OPC-like 1 > AC progenitor-like 2,OPC-NPC-like,AC-gliosis-hypoxia
at9_0,"('OPC-like 1', 'AC progenitor-like 2')",0.0772460117548278,OPC-like 1,AC progenitor-like 2,OPC-like 1 > AC progenitor-like 2,OPC-NPC-like,AC-gliosis-hypoxia
at6_0,"('OPC-like 1', 'AC progenitor-like 2')",0.5625,OPC-like 1,AC progenitor-like 2,OPC-like 1 > AC progenitor-like 2,OPC-NPC-like,AC-gliosis-hypoxia
at4_1,"('OPC-like 1', 'AC progenitor-like 2')",0.9226519337016574,OPC-like 1,AC progenitor-like 2,OPC-like 1 > AC progenitor-like 2,OPC-NPC-like,AC-gliosis-hypoxia
at5_4,"('OPC-like 1', 'AC progenitor-like 2')",0.3043478260869565,OPC-like 1,AC progenitor-like 2,OPC-like 1 > AC progenitor-like 2,OPC-NPC-like,AC-gliosis-hypoxia
at15_3,"('OPC-like 1', 'AC progenitor-like 2')",0.017094017094017,OPC-like 1,AC progenitor-like 2,OPC-like 1 > AC progenitor-like 2,OPC-NPC-like,AC-gliosis-hypoxia
at15_0,"('OPC-like 1', 'AC progenitor-like 2')",0.5164835164835165,OPC-like 1,AC progenitor-like 2,OPC-like 1 > AC progenitor-like 2,OPC-NPC-like,AC-gliosis-hypoxia
at15_2,"('OPC-like 1', 'AC progenitor-like 2')",0.9715909090909092,OPC-like 1,AC progenitor-like 2,OPC-like 1 > AC progenitor-like 2,OPC-NPC-like,AC-gliosis-hypoxia
at15_6,"('OPC-like 1', 'AC progenitor-like 2')",0.9592476489028212,OPC-like 1,AC progenitor-like 2,OPC-like 1 > AC progenitor-like 2,OPC-NPC-like,AC-gliosis-hypoxia
at4_0,"('OPC-like 1', 'AC progenitor-like 2')",0.8583545377438507,OPC-like 1,AC progenitor-like 2,OPC-like 1 > AC progenitor-like 2,OPC-NPC-like,AC-gliosis-hypoxia
at10_0,"('OPC-like 1', 'AC progenitor-like 2')",0.9473684210526316,OPC-like 1,AC progenitor-like 2,OPC-like 1 > AC progenitor-like 2,OPC-NPC-like,AC-gliosis-hypoxia
at10_2,"('OPC-like 1', 'AC progenitor-like 2')",0.8164852255054432,OPC-like 1,AC progenitor-like 2,OPC-like 1 > AC progenitor-like 2,OPC-NPC-like,AC-gliosis-hypoxia
at13_0,"('OPC-like 1', 'AC progenitor-like 2')",0.003012048192771,OPC-like 1,AC progenitor-like 2,OPC-like 1 > AC progenitor-like 2,OPC-NPC-like,AC-gliosis-hypoxia
at15_4,"('OPC-like 1', 'AC progenitor-like 2')",0.95873786407767,OPC-like 1,AC progenitor-like 2,OPC-like 1 > AC progenitor-like 2,OPC-NPC-like,AC-gliosis-hypoxia
at10_1,"('OPC-like 1', 'AC progenitor-like 2')",0.8622754491017964,OPC-like 1,AC progenitor-like 2,OPC-like 1 > AC progenitor-like 2,OPC-NPC-like,AC-gliosis-hypoxia
at3_3,"('OPC-like 1', 'AC progenitor-like 2')",0.8285714285714286,OPC-like 1,AC progenitor-like 2,OPC-like 1 > AC progenitor-like 2,OPC-NPC-like,AC-gliosis-hypoxia
at9_2,"('OPC-like 1', 'AC progenitor-like 2')",0.964329643296433,OPC-like 1,AC progenitor-like 2,OPC-like 1 > AC progenitor-like 2,OPC-NPC-like,AC-gliosis-hypoxia
at9_4,"('OPC-like 1', 'AC progenitor-like 2')",0.0033613445378151,OPC-like 1,AC progenitor-like 2,OPC-like 1 > AC progenitor-like 2,OPC-NPC-like,AC-gliosis-hypoxia
at9_0,"('OPC-like 1', 'AC progenitor-like 2')",0.0772460117548278,OPC-like 1,AC progenitor-like 2,OPC-like 1 > AC progenitor-like 2,OPC-NPC-like,AC-gliosis-hypoxia
at6_0,"('OPC-like 1', 'AC progenitor-like 2')",0.5625,OPC-like 1,AC progenitor-like 2,OPC-like 1 > AC progenitor-like 2,OPC-NPC-like,AC-gliosis-hypoxia
at4_1,"('OPC-like 1', 'AC progenitor-like 2')",0.9226519337016574,OPC-like 1,AC progenitor-like 2,OPC-like 1 > AC progenitor-like 2,OPC-NPC-like,AC-gliosis-hypoxia
at5_4,"('OPC-like 1', 'AC progenitor-like 2')",0.3043478260869565,OPC-like 1,AC progenitor-like 2,OPC-like 1 > AC progenitor-like 2,OPC-NPC-like,AC-gliosis-hypoxia
at15_3,"('OPC-like 1', 'AC progenitor-like 2')",0.017094017094017,OPC-like 1,AC progenitor-like 2,OPC-like 1 > AC progenitor-like 2,OPC-NPC-like,AC-gliosis-hypoxia
at15_0,"('OPC-like 1', 'AC progenitor-like 2')",0.5164835164835165,OPC-like 1,AC progenitor-like 2,OPC-like 1 > AC progenitor-like 2,OPC-NPC-like,AC-gliosis-hypoxia
at15_2,"('OPC-like 1', 'AC progenitor-like 2')",0.9715909090909092,OPC-like 1,AC progenitor-like 2,OPC-like 1 > AC progenitor-like 2,OPC-NPC-like,AC-gliosis-hypoxia
at15_6,"('OPC-like 1', 'AC progenitor-like 2')",0.9592476489028212,OPC-like 1,AC progenitor-like 2,OPC-like 1 > AC progenitor-like 2,OPC-NPC-like,AC-gliosis-hypoxia
at4_0,"('OPC-like 1', 'AC progenitor-like 2')",0.8583545377438507,OPC-like 1,AC progenitor-like 2,OPC-like 1 > AC progenitor-like 2,OPC-NPC-like,AC-gliosis-hypoxia
at10_0,"('OPC-like 1', 'AC progenitor-like 2')",0.9473684210526316,OPC-like 1,AC progenitor-like 2,OPC-like 1 > AC progenitor-like 2,OPC-NPC-like,AC-gliosis-hypoxia
at10_2,"('OPC-like 1', 'AC progenitor-like 2')",0.8164852255054432,OPC-like 1,AC progenitor-like 2,OPC-like 1 > AC progenitor-like 2,OPC-NPC-like,AC-gliosis-hypoxia
at13_0,"('OPC-like 1', 'AC progenitor-like 2')",0.003012048192771,OPC-like 1,AC progenitor-like 2,OPC-like 1 > AC progenitor-like 2,OPC-NPC-like,AC-gliosis-hypoxia
at15_4,"('OPC-like 1', 'AC progenitor-like 2')",0.95873786407767,OPC-like 1,AC progenitor-like 2,OPC-like 1 > AC progenitor-like 2,OPC-NPC-like,AC-gliosis-hypoxia
at10_1,"('OPC-like 1', 'AC progenitor-like 2')",0.8622754491017964,OPC-like 1,AC progenitor-like 2,OPC-like 1 > AC progenitor-like 2,OPC-NPC-like,AC-gliosis-hypoxia
at3_3,"('OPC-like 1', 'AC progenitor-like 2')",0.8285714285714286,OPC-like 1,AC progenitor-like 2,OPC-like 1 > AC progenitor-like 2,OPC-NPC-like,AC-gliosis-hypoxia
at9_2,"('OPC-like 1', 'AC progenitor-like 2')",0.964329643296433,OPC-like 1,AC progenitor-like 2,OPC-like 1 > AC progenitor-like 2,OPC-NPC-like,AC-gliosis-hypoxia
at9_4,"('OPC-like 1', 'AC progenitor-like 2')",0.0033613445378151,OPC-like 1,AC progenitor-like 2,OPC-like 1 > AC progenitor-like 2,OPC-NPC-like,AC-gliosis-hypoxia
at9_0,"('OPC-like 1', 'AC progenitor-like 2')",0.0772460117548278,OPC-like 1,AC progenitor-like 2,OPC-like 1 > AC progenitor-like 2,OPC-NPC-like,AC-gliosis-hypoxia
at6_0,"('OPC-like 1', 'AC progenitor-like 2')",0.5625,OPC-like 1,AC progenitor-like 2,OPC-like 1 > AC progenitor-like 2,OPC-NPC-like,AC-gliosis-hypoxia
at4_1,"('OPC-like 1', 'AC progenitor-like 2')",0.9226519337016574,OPC-like 1,AC progenitor-like 2,OPC-like 1 > AC progenitor-like 2,OPC-NPC-like,AC-gliosis-hypoxia
at5_4,"('OPC-like 1', 'AC progenitor-like 2')",0.3043478260869565,OPC-like 1,AC progenitor-like 2,OPC-like 1 > AC progenitor-like 2,OPC-NPC-like,AC-gliosis-hypoxia
at15_3,"('OPC-like 1', 'AC progenitor-like 2')",0.017094017094017,OPC-like 1,AC progenitor-like 2,OPC-like 1 > AC progenitor-like 2,OPC-NPC-like,AC-gliosis-hypoxia
at15_0,"('OPC-like 1', 'AC progenitor-like 2')",0.5164835164835165,OPC-like 1,AC progenitor-like 2,OPC-like 1 > AC progenitor-like 2,OPC-NPC-like,AC-gliosis-hypoxia
at15_2,"('OPC-like 1', 'AC progenitor-like 2')",0.9715909090909092,OPC-like 1,AC progenitor-like 2,OPC-like 1 > AC progenitor-like 2,OPC-NPC-like,AC-gliosis-hypoxia
at15_6,"('OPC-like 1', 'AC progenitor-like 2')",0.9592476489028212,OPC-like 1,AC progenitor-like 2,OPC-like 1 > AC progenitor-like 2,OPC-NPC-like,AC-gliosis-hypoxia
at4_0,"('OPC-like 1', 'AC progenitor-like 2')",0.8583545377438507,OPC-like 1,AC progenitor-like 2,OPC-like 1 > AC progenitor-like 2,OPC-NPC-like,AC-gliosis-hypoxia
at10_0,"('OPC-like 1', 'AC progenitor-like 2')",0.9473684210526316,OPC-like 1,AC progenitor-like 2,OPC-like 1 > AC progenitor-like 2,OPC-NPC-like,AC-gliosis-hypoxia
at10_2,"('OPC-like 1', 'AC progenitor-like 2')",0.8164852255054432,OPC-like 1,AC progenitor-like 2,OPC-like 1 > AC progenitor-like 2,OPC-NPC-like,AC-gliosis-hypoxia
at13_0,"('OPC-like 1', 'AC progenitor-like 2')",0.003012048192771,OPC-like 1,AC progenitor-like 2,OPC-like 1 > AC progenitor-like 2,OPC-NPC-like,AC-gliosis-hypoxia
at15_4,"('OPC-like 1', 'AC progenitor-like 2')",0.95873786407767,OPC-like 1,AC progenitor-like 2,OPC-like 1 > AC progenitor-like 2,OPC-NPC-like,AC-gliosis-hypoxia
at10_1,"('OPC-like 1', 'AC progenitor-like 2')",0.8622754491017964,OPC-like 1,AC progenitor-like 2,OPC-like 1 > AC progenitor-like 2,OPC-NPC-like,AC-gliosis-hypoxia
at3_3,"('OPC-like 1', 'AC progenitor-like 2')",0.8285714285714286,OPC-like 1,AC progenitor-like 2,OPC-like 1 > AC progenitor-like 2,OPC-NPC-like,AC-gliosis-hypoxia
at9_2,"('OPC-like 1', 'AC progenitor-like 2')",0.964329643296433,OPC-like 1,AC progenitor-like 2,OPC-like 1 > AC progenitor-like 2,OPC-NPC-like,AC-gliosis-hypoxia
at9_4,"('OPC-like 1', 'AC progenitor-like 2')",0.0033613445378151,OPC-like 1,AC progenitor-like 2,OPC-like 1 > AC progenitor-like 2,OPC-NPC-like,AC-gliosis-hypoxia
at9_0,"('OPC-like 1', 'AC progenitor-like 2')",0.0772460117548278,OPC-like 1,AC progenitor-like 2,OPC-like 1 > AC progenitor-like 2,OPC-NPC-like,AC-gliosis-hypoxia
at6_0,"('OPC-like 1', 'AC progenitor-like 2')",0.5625,OPC-like 1,AC progenitor-like 2,OPC-like 1 > AC progenitor-like 2,OPC-NPC-like,AC-gliosis-hypoxia
at4_1,"('OPC-like 1', 'AC progenitor-like 2')",0.9226519337016574,OPC-like 1,AC progenitor-like 2,OPC-like 1 > AC progenitor-like 2,OPC-NPC-like,AC-gliosis-hypoxia
at5_4,"('OPC-like 1', 'AC progenitor-like 2')",0.3043478260869565,OPC-like 1,AC progenitor-like 2,OPC-like 1 > AC progenitor-like 2,OPC-NPC-like,AC-gliosis-hypoxia
at15_3,"('OPC-like 1', 'AC progenitor-like 2')",0.017094017094017,OPC-like 1,AC progenitor-like 2,OPC-like 1 > AC progenitor-like 2,OPC-NPC-like,AC-gliosis-hypoxia
at15_0,"('OPC-like 1', 'AC progenitor-like 2')",0.5164835164835165,OPC-like 1,AC progenitor-like 2,OPC-like 1 > AC progenitor-like 2,OPC-NPC-like,AC-gliosis-hypoxia
at15_2,"('OPC-like 1', 'AC progenitor-like 2')",0.9715909090909092,OPC-like 1,AC progenitor-like 2,OPC-like 1 > AC progenitor-like 2,OPC-NPC-like,AC-gliosis-hypoxia
at15_6,"('OPC-like 1', 'AC progenitor-like 2')",0.9592476489028212,OPC-like 1,AC progenitor-like 2,OPC-like 1 > AC progenitor-like 2,OPC-NPC-like,AC-gliosis-hypoxia
at4_0,"('OPC-like 1', 'AC progenitor-like 2')",0.8583545377438507,OPC-like 1,AC progenitor-like 2,OPC-like 1 > AC progenitor-like 2,OPC-NPC-like,AC-gliosis-hypoxia
at10_0,"('OPC-like 1', 'AC progenitor-like 2')",0.9473684210526316,OPC-like 1,AC progenitor-like 2,OPC-like 1 > AC progenitor-like 2,OPC-NPC-like,AC-gliosis-hypoxia
at10_2,"('OPC-like 1', 'AC progenitor-like 2')",0.8164852255054432,OPC-like 1,AC progenitor-like 2,OPC-like 1 > AC progenitor-like 2,OPC-NPC-like,AC-gliosis-hypoxia
at13_0,"('OPC-like 1', 'AC progenitor-like 2')",0.003012048192771,OPC-like 1,AC progenitor-like 2,OPC-like 1 > AC progenitor-like 2,OPC-NPC-like,AC-gliosis-hypoxia
at15_4,"('OPC-like 1', 'AC progenitor-like 2')",0.95873786407767,OPC-like 1,AC progenitor-like 2,OPC-like 1 > AC progenitor-like 2,OPC-NPC-like,AC-gliosis-hypoxia
at10_1,"('OPC-like 1', 'AC progenitor-like 2')",0.8622754491017964,OPC-like 1,AC progenitor-like 2,OPC-like 1 > AC progenitor-like 2,OPC-NPC-like,AC-gliosis-hypoxia
at3_3,"('OPC-like 1', 'AC progenitor-like 2')",0.8285714285714286,OPC-like 1,AC progenitor-like 2,OPC-like 1 > AC progenitor-like 2,OPC-NPC-like,AC-gliosis-hypoxia
at9_2,"('OPC-like 1', 'AC progenitor-like 2')",0.964329643296433,OPC-like 1,AC progenitor-like 2,OPC-like 1 > AC progenitor-like 2,OPC-NPC-like,AC-gliosis-hypoxia
at9_4,"('OPC-like 1', 'AC progenitor-like 2')",0.0033613445378151,OPC-like 1,AC progenitor-like 2,OPC-like 1 > AC progenitor-like 2,OPC-NPC-like,AC-gliosis-hypoxia
at9_0,"('OPC-like 1', 'AC progenitor-like 2')",0.0772460117548278,OPC-like 1,AC progenitor-like 2,OPC-like 1 > AC progenitor-like 2,OPC-NPC-like,AC-gliosis-hypoxia
at6_0,"('OPC-like 1', 'AC progenitor-like 2')",0.5625,OPC-like 1,AC progenitor-like 2,OPC-like 1 > AC progenitor-like 2,OPC-NPC-like,AC-gliosis-hypoxia
at4_1,"('OPC-like 1', 'AC progenitor-like 2')",0.9226519337016574,OPC-like 1,AC progenitor-like 2,OPC-like 1 > AC progenitor-like 2,OPC-NPC-like,AC-gliosis-hypoxia
at5_4,"('OPC-like 1', 'AC progenitor-like 2')",0.3043478260869565,OPC-like 1,AC progenitor-like 2,OPC-like 1 > AC progenitor-like 2,OPC-NPC-like,AC-gliosis-hypoxia
at15_3,"('OPC-like 1', 'AC progenitor-like 2')",0.017094017094017,OPC-like 1,AC progenitor-like 2,OPC-like 1 > AC progenitor-like 2,OPC-NPC-like,AC-gliosis-hypoxia
at15_0,"('OPC-like 1', 'AC progenitor-like 2')",0.5164835164835165,OPC-like 1,AC progenitor-like 2,OPC-like 1 > AC progenitor-like 2,OPC-NPC-like,AC-gliosis-hypoxia
at15_2,"('OPC-like 1', 'AC progenitor-like 2')",0.9715909090909092,OPC-like 1,AC progenitor-like 2,OPC-like 1 > AC progenitor-like 2,OPC-NPC-like,AC-gliosis-hypoxia
at15_6,"('OPC-like 1', 'AC progenitor-like 2')",0.9592476489028212,OPC-like 1,AC progenitor-like 2,OPC-like 1 > AC progenitor-like 2,OPC-NPC-like,AC-gliosis-hypoxia
at4_0,"('OPC-like 1', 'AC progenitor-like 2')",0.8583545377438507,OPC-like 1,AC progenitor-like 2,OPC-like 1 > AC progenitor-like 2,OPC-NPC-like,AC-gliosis-hypoxia
at10_0,"('OPC-like 1', 'AC progenitor-like 2')",0.9473684210526316,OPC-like 1,AC progenitor-like 2,OPC-like 1 > AC progenitor-like 2,OPC-NPC-like,AC-gliosis-hypoxia
at10_2,"('OPC-like 1', 'AC progenitor-like 2')",0.8164852255054432,OPC-like 1,AC progenitor-like 2,OPC-like 1 > AC progenitor-like 2,OPC-NPC-like,AC-gliosis-hypoxia
at13_0,"('OPC-like 1', 'AC progenitor-like 2')",0.003012048192771,OPC-like 1,AC progenitor-like 2,OPC-like 1 > AC progenitor-like 2,OPC-NPC-like,AC-gliosis-hypoxia
at15_4,"('OPC-like 1', 'AC progenitor-like 2')",0.95873786407767,OPC-like 1,AC progenitor-like 2,OPC-like 1 > AC progenitor-like 2,OPC-NPC-like,AC-gliosis-hypoxia
at10_1,"('OPC-like 1', 'AC progenitor-like 2')",0.8622754491017964,OPC-like 1,AC progenitor-like 2,OPC-like 1 > AC progenitor-like 2,OPC-NPC-like,AC-gliosis-hypoxia
at3_3,"('OPC-like 1', 'AC progenitor-like 2')",0.8285714285714286,OPC-like 1,AC progenitor-like 2,OPC-like 1 > AC progenitor-like 2,OPC-NPC-like,AC-gliosis-hypoxia
at9_2,"('OPC-like 1', 'AC progenitor-like 2')",0.964329643296433,OPC-like 1,AC progenitor-like 2,OPC-like 1 > AC progenitor-like 2,OPC-NPC-like,AC-gliosis-hypoxia
at9_4,"('OPC-like 1', 'AC progenitor-like 2')",0.0033613445378151,OPC-like 1,AC progenitor-like 2,OPC-like 1 > AC progenitor-like 2,OPC-NPC-like,AC-gliosis-hypoxia
at9_0,"('OPC-like 1', 'AC progenitor-like 2')",0.0772460117548278,OPC-like 1,AC progenitor-like 2,OPC-like 1 > AC progenitor-like 2,OPC-NPC-like,AC-gliosis-hypoxia
at6_0,"('OPC-like 1', 'AC progenitor-like 2')",0.5625,OPC-like 1,AC progenitor-like 2,OPC-like 1 > AC progenitor-like 2,OPC-NPC-like,AC-gliosis-hypoxia
at4_1,"('OPC-like 1', 'AC progenitor-like 2')",0.9226519337016574,OPC-like 1,AC progenitor-like 2,OPC-like 1 > AC progenitor-like 2,OPC-NPC-like,AC-gliosis-hypoxia
at5_4,"('OPC-like 1', 'AC progenitor-like 2')",0.3043478260869565,OPC-like 1,AC progenitor-like 2,OPC-like 1 > AC progenitor-like 2,OPC-NPC-like,AC-gliosis-hypoxia
at15_3,"('OPC-like 1', 'AC progenitor-like 2')",0.017094017094017,OPC-like 1,AC progenitor-like 2,OPC-like 1 > AC progenitor-like 2,OPC-NPC-like,AC-gliosis-hypoxia
at15_0,"('OPC-like 1', 'AC progenitor-like 2')",0.5164835164835165,OPC-like 1,AC progenitor-like 2,OPC-like 1 > AC progenitor-like 2,OPC-NPC-like,AC-gliosis-hypoxia
at15_2,"('OPC-like 1', 'AC progenitor-like 2')",0.9715909090909092,OPC-like 1,AC progenitor-like 2,OPC-like 1 > AC progenitor-like 2,OPC-NPC-like,AC-gliosis-hypoxia
at15_6,"('OPC-like 1', 'AC progenitor-like 2')",0.9592476489028212,OPC-like 1,AC progenitor-like 2,OPC-like 1 > AC progenitor-like 2,OPC-NPC-like,AC-gliosis-hypoxia
at4_0,"('OPC-like 1', 'AC progenitor-like 2')",0.8583545377438507,OPC-like 1,AC progenitor-like 2,OPC-like 1 > AC progenitor-like 2,OPC-NPC-like,AC-gliosis-hypoxia
at10_0,"('OPC-like 1', 'AC progenitor-like 2')",0.9473684210526316,OPC-like 1,AC progenitor-like 2,OPC-like 1 > AC progenitor-like 2,OPC-NPC-like,AC-gliosis-hypoxia
at10_2,"('OPC-like 1', 'AC progenitor-like 2')",0.8164852255054432,OPC-like 1,AC progenitor-like 2,OPC-like 1 > AC progenitor-like 2,OPC-NPC-like,AC-gliosis-hypoxia
at13_0,"('OPC-like 1', 'AC progenitor-like 2')",0.003012048192771,OPC-like 1,AC progenitor-like 2,OPC-like 1 > AC progenitor-like 2,OPC-NPC-like,AC-gliosis-hypoxia
at15_4,"('OPC-like 1', 'AC progenitor-like 2')",0.95873786407767,OPC-like 1,AC progenitor-like 2,OPC-like 1 > AC progenitor-like 2,OPC-NPC-like,AC-gliosis-hypoxia
at10_1,"('OPC-like 1', 'AC progenitor-like 2')",0.8622754491017964,OPC-like 1,AC progenitor-like 2,OPC-like 1 > AC progenitor-like 2,OPC-NPC-like,AC-gliosis-hypoxia
at3_3,"('OPC-like 1', 'AC progenitor-like 2')",0.8285714285714286,OPC-like 1,AC progenitor-like 2,OPC-like 1 > AC progenitor-like 2,OPC-NPC-like,AC-gliosis-hypoxia
at9_2,"('OPC-like 1', 'AC progenitor-like 2')",0.964329643296433,OPC-like 1,AC progenitor-like 2,OPC-like 1 > AC progenitor-like 2,OPC-NPC-like,AC-gliosis-hypoxia
at9_4,"('OPC-like 1', 'AC progenitor-like 2')",0.0033613445378151,OPC-like 1,AC progenitor-like 2,OPC-like 1 > AC progenitor-like 2,OPC-NPC-like,AC-gliosis-hypoxia
at9_0,"('OPC-like 1', 'AC progenitor-like 2')",0.0772460117548278,OPC-like 1,AC progenitor-like 2,OPC-like 1 > AC progenitor-like 2,OPC-NPC-like,AC-gliosis-hypoxia
at6_0,"('OPC-like 1', 'AC progenitor-like 2')",0.5625,OPC-like 1,AC progenitor-like 2,OPC-like 1 > AC progenitor-like 2,OPC-NPC-like,AC-gliosis-hypoxia
at4_1,"('OPC-like 1', 'AC progenitor-like 2')",0.9226519337016574,OPC-like 1,AC progenitor-like 2,OPC-like 1 > AC progenitor-like 2,OPC-NPC-like,AC-gliosis-hypoxia
at5_4,"('OPC-like 1', 'AC progenitor-like 2')",0.3043478260869565,OPC-like 1,AC progenitor-like 2,OPC-like 1 > AC progenitor-like 2,OPC-NPC-like,AC-gliosis-hypoxia
at15_3,"('OPC-like 1', 'AC progenitor-like 2')",0.017094017094017,OPC-like 1,AC progenitor-like 2,OPC-like 1 > AC progenitor-like 2,OPC-NPC-like,AC-gliosis-hypoxia
at15_0,"('OPC-like 1', 'AC progenitor-like 2')",0.5164835164835165,OPC-like 1,AC progenitor-like 2,OPC-like 1 > AC progenitor-like 2,OPC-NPC-like,AC-gliosis-hypoxia
at15_2,"('OPC-like 1', 'AC progenitor-like 2')",0.9715909090909092,OPC-like 1,AC progenitor-like 2,OPC-like 1 > AC progenitor-like 2,OPC-NPC-like,AC-gliosis-hypoxia
at15_6,"('OPC-like 1', 'AC progenitor-like 2')",0.9592476489028212,OPC-like 1,AC progenitor-like 2,OPC-like 1 > AC progenitor-like 2,OPC-NPC-like,AC-gliosis-hypoxia
at4_0,"('OPC-like 1', 'AC progenitor-like 2')",0.8583545377438507,OPC-like 1,AC progenitor-like 2,OPC-like 1 > AC progenitor-like 2,OPC-NPC-like,AC-gliosis-hypoxia
at10_0,"('OPC-like 1', 'AC progenitor-like 2')",0.9473684210526316,OPC-like 1,AC progenitor-like 2,OPC-like 1 > AC progenitor-like 2,OPC-NPC-like,AC-gliosis-hypoxia
at10_2,"('OPC-like 1', 'AC progenitor-like 2')",0.8164852255054432,OPC-like 1,AC progenitor-like 2,OPC-like 1 > AC progenitor-like 2,OPC-NPC-like,AC-gliosis-hypoxia
at13_0,"('OPC-like 1', 'AC progenitor-like 2')",0.003012048192771,OPC-like 1,AC progenitor-like 2,OPC-like 1 > AC progenitor-like 2,OPC-NPC-like,AC-gliosis-hypoxia
at15_4,"('OPC-like 1', 'AC progenitor-like 2')",0.95873786407767,OPC-like 1,AC progenitor-like 2,OPC-like 1 > AC progenitor-like 2,OPC-NPC-like,AC-gliosis-hypoxia
at10_1,"('OPC-like 1', 'AC progenitor-like 2')",0.8622754491017964,OPC-like 1,AC progenitor-like 2,OPC-like 1 > AC progenitor-like 2,OPC-NPC-like,AC-gliosis-hypoxia
at3_3,"('OPC-like 1', 'AC progenitor-like 2')",0.8285714285714286,OPC-like 1,AC progenitor-like 2,OPC-like 1 > AC progenitor-like 2,OPC-NPC-like,AC-gliosis-hypoxia
at9_2,"('OPC-like 1', 'AC progenitor-like 2')",0.964329643296433,OPC-like 1,AC progenitor-like 2,OPC-like 1 > AC progenitor-like 2,OPC-NPC-like,AC-gliosis-hypoxia
at9_4,"('OPC-like 1', 'AC progenitor-like 2')",0.0033613445378151,OPC-like 1,AC progenitor-like 2,OPC-like 1 > AC progenitor-like 2,OPC-NPC-like,AC-gliosis-hypoxia
at9_0,"('OPC-like 1', 'AC progenitor-like 2')",0.0772460117548278,OPC-like 1,AC progenitor-like 2,OPC-like 1 > AC progenitor-like 2,OPC-NPC-like,AC-gliosis-hypoxia
at6_0,"('OPC-like 1', 'AC progenitor-like 2')",0.5625,OPC-like 1,AC progenitor-like 2,OPC-like 1 > AC progenitor-like 2,OPC-NPC-like,AC-gliosis-hypoxia
at4_1,"('OPC-like 1', 'AC progenitor-like 2')",0.9226519337016574,OPC-like 1,AC progenitor-like 2,OPC-like 1 > AC progenitor-like 2,OPC-NPC-like,AC-gliosis-hypoxia
at5_4,"('OPC-like 1', 'AC progenitor-like 2')",0.3043478260869565,OPC-like 1,AC progenitor-like 2,OPC-like 1 > AC progenitor-like 2,OPC-NPC-like,AC-gliosis-hypoxia
at15_3,"('OPC-like 1', 'AC progenitor-like 2')",0.017094017094017,OPC-like 1,AC progenitor-like 2,OPC-like 1 > AC progenitor-like 2,OPC-NPC-like,AC-gliosis-hypoxia
at15_0,"('OPC-like 1', 'AC progenitor-like 2')",0.5164835164835165,OPC-like 1,AC progenitor-like 2,OPC-like 1 > AC progenitor-like 2,OPC-NPC-like,AC-gliosis-hypoxia
at15_2,"('OPC-like 1', 'AC progenitor-like 2')",0.9715909090909092,OPC-like 1,AC progenitor-like 2,OPC-like 1 > AC progenitor-like 2,OPC-NPC-like,AC-gliosis-hypoxia
at15_6,"('OPC-like 1', 'AC progenitor-like 2')",0.9592476489028212,OPC-like 1,AC progenitor-like 2,OPC-like 1 > AC progenitor-like 2,OPC-NPC-like,AC-gliosis-hypoxia
at4_0,"('OPC-like 1', 'AC progenitor-like 2')",0.8583545377438507,OPC-like 1,AC progenitor-like 2,OPC-like 1 > AC progenitor-like 2,OPC-NPC-like,AC-gliosis-hypoxia
at10_0,"('OPC-like 1', 'AC progenitor-like 2')",0.9473684210526316,OPC-like 1,AC progenitor-like 2,OPC-like 1 > AC progenitor-like 2,OPC-NPC-like,AC-gliosis-hypoxia
at10_2,"('OPC-like 1', 'AC progenitor-like 2')",0.8164852255054432,OPC-like 1,AC progenitor-like 2,OPC-like 1 > AC progenitor-like 2,OPC-NPC-like,AC-gliosis-hypoxia
at13_0,"('OPC-like 1', 'AC progenitor-like 2')",0.003012048192771,OPC-like 1,AC progenitor-like 2,OPC-like 1 > AC progenitor-like 2,OPC-NPC-like,AC-gliosis-hypoxia
at15_4,"('OPC-like 1', 'AC progenitor-like 2')",0.95873786407767,OPC-like 1,AC progenitor-like 2,OPC-like 1 > AC progenitor-like 2,OPC-NPC-like,AC-gliosis-hypoxia
at10_1,"('OPC-like 1', 'AC progenitor-like 2')",0.8622754491017964,OPC-like 1,AC progenitor-like 2,OPC-like 1 > AC progenitor-like 2,OPC-NPC-like,AC-gliosis-hypoxia
at3_3,"('OPC-like 1', 'AC progenitor-like 2')",0.8285714285714286,OPC-like 1,AC progenitor-like 2,OPC-like 1 > AC progenitor-like 2,OPC-NPC-like,AC-gliosis-hypoxia
at9_2,"('OPC-like 1', 'AC progenitor-like 2')",0.964329643296433,OPC-like 1,AC progenitor-like 2,OPC-like 1 > AC progenitor-like 2,OPC-NPC-like,AC-gliosis-hypoxia
at9_4,"('OPC-like 1', 'AC progenitor-like 2')",0.0033613445378151,OPC-like 1,AC progenitor-like 2,OPC-like 1 > AC progenitor-like 2,OPC-NPC-like,AC-gliosis-hypoxia
at9_0,"('OPC-like 1', 'AC progenitor-like 2')",0.0772460117548278,OPC-like 1,AC progenitor-like 2,OPC-like 1 > AC progenitor-like 2,OPC-NPC-like,AC-gliosis-hypoxia
at6_0,"('OPC-like 1', 'AC progenitor-like 2')",0.5625,OPC-like 1,AC progenitor-like 2,OPC-like 1 > AC progenitor-like 2,OPC-NPC-like,AC-gliosis-hypoxia
at4_1,"('OPC-like 1', 'AC progenitor-like 2')",0.9226519337016574,OPC-like 1,AC progenitor-like 2,OPC-like 1 > AC progenitor-like 2,OPC-NPC-like,AC-gliosis-hypoxia
at5_4,"('OPC-like 1', 'AC progenitor-like 2')",0.3043478260869565,OPC-like 1,AC progenitor-like 2,OPC-like 1 > AC progenitor-like 2,OPC-NPC-like,AC-gliosis-hypoxia
at15_3,"('OPC-like 1', 'AC progenitor-like 2')",0.017094017094017,OPC-like 1,AC progenitor-like 2,OPC-like 1 > AC progenitor-like 2,OPC-NPC-like,AC-gliosis-hypoxia
at15_0,"('OPC-like 1', 'AC progenitor-like 2')",0.5164835164835165,OPC-like 1,AC progenitor-like 2,OPC-like 1 > AC progenitor-like 2,OPC-NPC-like,AC-gliosis-hypoxia
at15_2,"('OPC-like 1', 'AC progenitor-like 2')",0.9715909090909092,OPC-like 1,AC progenitor-like 2,OPC-like 1 > AC progenitor-like 2,OPC-NPC-like,AC-gliosis-hypoxia
at15_6,"('OPC-like 1', 'AC progenitor-like 2')",0.9592476489028212,OPC-like 1,AC progenitor-like 2,OPC-like 1 > AC progenitor-like 2,OPC-NPC-like,AC-gliosis-hypoxia
at4_0,"('OPC-like 1', 'AC progenitor-like 2')",0.8583545377438507,OPC-like 1,AC progenitor-like 2,OPC-like 1 > AC progenitor-like 2,OPC-NPC-like,AC-gliosis-hypoxia
at10_0,"('OPC-like 1', 'AC progenitor-like 2')",0.9473684210526316,OPC-like 1,AC progenitor-like 2,OPC-like 1 > AC progenitor-like 2,OPC-NPC-like,AC-gliosis-hypoxia
at10_2,"('OPC-like 1', 'AC progenitor-like 2')",0.8164852255054432,OPC-like 1,AC progenitor-like 2,OPC-like 1 > AC progenitor-like 2,OPC-NPC-like,AC-gliosis-hypoxia
at13_0,"('OPC-like 1', 'AC progenitor-like 2')",0.003012048192771,OPC-like 1,AC progenitor-like 2,OPC-like 1 > AC progenitor-like 2,OPC-NPC-like,AC-gliosis-hypoxia
at15_4,"('OPC-like 1', 'AC progenitor-like 2')",0.95873786407767,OPC-like 1,AC progenitor-like 2,OPC-like 1 > AC progenitor-like 2,OPC-NPC-like,AC-gliosis-hypoxia
at10_1,"('OPC-like 1', 'AC progenitor-like 2')",0.8622754491017964,OPC-like 1,AC progenitor-like 2,OPC-like 1 > AC progenitor-like 2,OPC-NPC-like,AC-gliosis-hypoxia
at3_3,"('OPC-like 1', 'AC progenitor-like 2')",0.8285714285714286,OPC-like 1,AC progenitor-like 2,OPC-like 1 > AC progenitor-like 2,OPC-NPC-like,AC-gliosis-hypoxia
at9_2,"('OPC-like 1', 'AC progenitor-like 2')",0.964329643296433,OPC-like 1,AC progenitor-like 2,OPC-like 1 > AC progenitor-like 2,OPC-NPC-like,AC-gliosis-hypoxia
at9_4,"('OPC-like 1', 'AC progenitor-like 2')",0.0033613445378151,OPC-like 1,AC progenitor-like 2,OPC-like 1 > AC progenitor-like 2,OPC-NPC-like,AC-gliosis-hypoxia
at9_0,"('OPC-like 1', 'AC progenitor-like 2')",0.0772460117548278,OPC-like 1,AC progenitor-like 2,OPC-like 1 > AC progenitor-like 2,OPC-NPC-like,AC-gliosis-hypoxia
at6_0,"('OPC-like 1', 'AC progenitor-like 2')",0.5625,OPC-like 1,AC progenitor-like 2,OPC-like 1 > AC progenitor-like 2,OPC-NPC-like,AC-gliosis-hypoxia
at4_1,"('OPC-like 1', 'AC progenitor-like 2')",0.9226519337016574,OPC-like 1,AC progenitor-like 2,OPC-like 1 > AC progenitor-like 2,OPC-NPC-like,AC-gliosis-hypoxia
at5_4,"('OPC-like 1', 'AC progenitor-like 2')",0.3043478260869565,OPC-like 1,AC progenitor-like 2,OPC-like 1 > AC progenitor-like 2,OPC-NPC-like,AC-gliosis-hypoxia
at15_3,"('OPC-like 1', 'AC progenitor-like 2')",0.017094017094017,OPC-like 1,AC progenitor-like 2,OPC-like 1 > AC progenitor-like 2,OPC-NPC-like,AC-gliosis-hypoxia
at15_0,"('OPC-like 1', 'AC progenitor-like 2')",0.5164835164835165,OPC-like 1,AC progenitor-like 2,OPC-like 1 > AC progenitor-like 2,OPC-NPC-like,AC-gliosis-hypoxia
at15_2,"('OPC-like 1', 'AC progenitor-like 2')",0.9715909090909092,OPC-like 1,AC progenitor-like 2,OPC-like 1 > AC progenitor-like 2,OPC-NPC-like,AC-gliosis-hypoxia
at15_6,"('OPC-like 1', 'AC progenitor-like 2')",0.9592476489028212,OPC-like 1,AC progenitor-like 2,OPC-like 1 > AC progenitor-like 2,OPC-NPC-like,AC-gliosis-hypoxia
at4_0,"('OPC-like 1', 'AC progenitor-like 2')",0.8583545377438507,OPC-like 1,AC progenitor-like 2,OPC-like 1 > AC progenitor-like 2,OPC-NPC-like,AC-gliosis-hypoxia
at10_0,"('OPC-like 1', 'AC progenitor-like 2')",0.9473684210526316,OPC-like 1,AC progenitor-like 2,OPC-like 1 > AC progenitor-like 2,OPC-NPC-like,AC-gliosis-hypoxia
at10_2,"('OPC-like 1', 'AC progenitor-like 2')",0.8164852255054432,OPC-like 1,AC progenitor-like 2,OPC-like 1 > AC progenitor-like 2,OPC-NPC-like,AC-gliosis-hypoxia
at13_0,"('OPC-like 1', 'AC progenitor-like 2')",0.003012048192771,OPC-like 1,AC progenitor-like 2,OPC-like 1 > AC progenitor-like 2,OPC-NPC-like,AC-gliosis-hypoxia
at15_4,"('OPC-like 1', 'AC progenitor-like 2')",0.95873786407767,OPC-like 1,AC progenitor-like 2,OPC-like 1 > AC progenitor-like 2,OPC-NPC-like,AC-gliosis-hypoxia
at10_1,"('OPC-like 1', 'AC progenitor-like 2')",0.8622754491017964,OPC-like 1,AC progenitor-like 2,OPC-like 1 > AC progenitor-like 2,OPC-NPC-like,AC-gliosis-hypoxia
at3_3,"('OPC-like 1', 'AC progenitor-like 2')",0.8285714285714286,OPC-like 1,AC progenitor-like 2,OPC-like 1 > AC progenitor-like 2,OPC-NPC-like,AC-gliosis-hypoxia
at9_2,"('OPC-like 1', 'AC progenitor-like 2')",0.964329643296433,OPC-like 1,AC progenitor-like 2,OPC-like 1 > AC progenitor-like 2,OPC-NPC-like,AC-gliosis-hypoxia
at9_4,"('OPC-like 1', 'AC progenitor-like 2')",0.0033613445378151,OPC-like 1,AC progenitor-like 2,OPC-like 1 > AC progenitor-like 2,OPC-NPC-like,AC-gliosis-hypoxia
at9_0,"('OPC-like 1', 'AC progenitor-like 2')",0.0772460117548278,OPC-like 1,AC progenitor-like 2,OPC-like 1 > AC progenitor-like 2,OPC-NPC-like,AC-gliosis-hypoxia
at6_0,"('OPC-like 1', 'AC progenitor-like 2')",0.5625,OPC-like 1,AC progenitor-like 2,OPC-like 1 > AC progenitor-like 2,OPC-NPC-like,AC-gliosis-hypoxia
at4_1,"('OPC-like 1', 'AC progenitor-like 2')",0.9226519337016574,OPC-like 1,AC progenitor-like 2,OPC-like 1 > AC progenitor-like 2,OPC-NPC-like,AC-gliosis-hypoxia
at5_4,"('OPC-like 1', 'AC progenitor-like 2')",0.3043478260869565,OPC-like 1,AC progenitor-like 2,OPC-like 1 > AC progenitor-like 2,OPC-NPC-like,AC-gliosis-hypoxia
at15_3,"('OPC-like 1', 'AC progenitor-like 2')",0.017094017094017,OPC-like 1,AC progenitor-like 2,OPC-like 1 > AC progenitor-like 2,OPC-NPC-like,AC-gliosis-hypoxia
at15_0,"('OPC-like 1', 'AC progenitor-like 2')",0.5164835164835165,OPC-like 1,AC progenitor-like 2,OPC-like 1 > AC progenitor-like 2,OPC-NPC-like,AC-gliosis-hypoxia
at15_2,"('OPC-like 1', 'AC progenitor-like 2')",0.9715909090909092,OPC-like 1,AC progenitor-like 2,OPC-like 1 > AC progenitor-like 2,OPC-NPC-like,AC-gliosis-hypoxia
at15_6,"('OPC-like 1', 'AC progenitor-like 2')",0.9592476489028212,OPC-like 1,AC progenitor-like 2,OPC-like 1 > AC progenitor-like 2,OPC-NPC-like,AC-gliosis-hypoxia
at4_0,"('OPC-like 1', 'AC progenitor-like 2')",0.8583545377438507,OPC-like 1,AC progenitor-like 2,OPC-like 1 > AC progenitor-like 2,OPC-NPC-like,AC-gliosis-hypoxia
at10_0,"('OPC-like 1', 'AC progenitor-like 2')",0.9473684210526316,OPC-like 1,AC progenitor-like 2,OPC-like 1 > AC progenitor-like 2,OPC-NPC-like,AC-gliosis-hypoxia
at10_2,"('OPC-like 1', 'AC progenitor-like 2')",0.8164852255054432,OPC-like 1,AC progenitor-like 2,OPC-like 1 > AC progenitor-like 2,OPC-NPC-like,AC-gliosis-hypoxia
at13_0,"('OPC-like 1', 'AC progenitor-like 2')",0.003012048192771,OPC-like 1,AC progenitor-like 2,OPC-like 1 > AC progenitor-like 2,OPC-NPC-like,AC-gliosis-hypoxia
at15_4,"('OPC-like 1', 'AC progenitor-like 2')",0.95873786407767,OPC-like 1,AC progenitor-like 2,OPC-like 1 > AC progenitor-like 2,OPC-NPC-like,AC-gliosis-hypoxia
at10_1,"('OPC-like 1', 'AC progenitor-like 2')",0.8622754491017964,OPC-like 1,AC progenitor-like 2,OPC-like 1 > AC progenitor-like 2,OPC-NPC-like,AC-gliosis-hypoxia
at3_3,"('OPC-like 1', 'AC progenitor-like 2')",0.8285714285714286,OPC-like 1,AC progenitor-like 2,OPC-like 1 > AC progenitor-like 2,OPC-NPC-like,AC-gliosis-hypoxia
at9_2,"('OPC-like 1', 'AC progenitor-like 2')",0.964329643296433,OPC-like 1,AC progenitor-like 2,OPC-like 1 > AC progenitor-like 2,OPC-NPC-like,AC-gliosis-hypoxia
at9_4,"('OPC-like 1', 'AC progenitor-like 2')",0.0033613445378151,OPC-like 1,AC progenitor-like 2,OPC-like 1 > AC progenitor-like 2,OPC-NPC-like,AC-gliosis-hypoxia
at9_0,"('OPC-like 1', 'AC progenitor-like 2')",0.0772460117548278,OPC-like 1,AC progenitor-like 2,OPC-like 1 > AC progenitor-like 2,OPC-NPC-like,AC-gliosis-hypoxia
at6_0,"('NPC-neuronal-like 4', 'Gliosis-like')",0.8571428571428571,NPC-neuronal-like 4,Gliosis-like,NPC-neuronal-like 4 > Gliosis-like,Neuron-like,AC-gliosis-hypoxia
at4_1,"('NPC-neuronal-like 4', 'Gliosis-like')",0.819672131147541,NPC-neuronal-like 4,Gliosis-like,NPC-neuronal-like 4 > Gliosis-like,Neuron-like,AC-gliosis-hypoxia
at5_4,"('NPC-neuronal-like 4', 'Gliosis-like')",0.7142857142857143,NPC-neuronal-like 4,Gliosis-like,NPC-neuronal-like 4 > Gliosis-like,Neuron-like,AC-gliosis-hypoxia
at15_3,"('NPC-neuronal-like 4', 'Gliosis-like')",0.934959349593496,NPC-neuronal-like 4,Gliosis-like,NPC-neuronal-like 4 > Gliosis-like,Neuron-like,AC-gliosis-hypoxia
at15_0,"('NPC-neuronal-like 4', 'Gliosis-like')",0.8933333333333333,NPC-neuronal-like 4,Gliosis-like,NPC-neuronal-like 4 > Gliosis-like,Neuron-like,AC-gliosis-hypoxia
at15_2,"('NPC-neuronal-like 4', 'Gliosis-like')",0.9807692307692308,NPC-neuronal-like 4,Gliosis-like,NPC-neuronal-like 4 > Gliosis-like,Neuron-like,AC-gliosis-hypoxia
at15_6,"('NPC-neuronal-like 4', 'Gliosis-like')",0.8712121212121212,NPC-neuronal-like 4,Gliosis-like,NPC-neuronal-like 4 > Gliosis-like,Neuron-like,AC-gliosis-hypoxia
at4_0,"('NPC-neuronal-like 4', 'Gliosis-like')",0.4651162790697674,NPC-neuronal-like 4,Gliosis-like,NPC-neuronal-like 4 > Gliosis-like,Neuron-like,AC-gliosis-hypoxia
at10_0,"('NPC-neuronal-like 4', 'Gliosis-like')",0.8636363636363636,NPC-neuronal-like 4,Gliosis-like,NPC-neuronal-like 4 > Gliosis-like,Neuron-like,AC-gliosis-hypoxia
at7_0,"('NPC-neuronal-like 4', 'Gliosis-like')",0.0035906642728904,NPC-neuronal-like 4,Gliosis-like,NPC-neuronal-like 4 > Gliosis-like,Neuron-like,AC-gliosis-hypoxia
at10_2,"('NPC-neuronal-like 4', 'Gliosis-like')",0.0495867768595041,NPC-neuronal-like 4,Gliosis-like,NPC-neuronal-like 4 > Gliosis-like,Neuron-like,AC-gliosis-hypoxia
at13_0,"('NPC-neuronal-like 4', 'Gliosis-like')",0.8,NPC-neuronal-like 4,Gliosis-like,NPC-neuronal-like 4 > Gliosis-like,Neuron-like,AC-gliosis-hypoxia
at15_4,"('NPC-neuronal-like 4', 'Gliosis-like')",0.8924050632911392,NPC-neuronal-like 4,Gliosis-like,NPC-neuronal-like 4 > Gliosis-like,Neuron-like,AC-gliosis-hypoxia
at10_1,"('NPC-neuronal-like 4', 'Gliosis-like')",0.7583333333333333,NPC-neuronal-like 4,Gliosis-like,NPC-neuronal-like 4 > Gliosis-like,Neuron-like,AC-gliosis-hypoxia
at6_5,"('NPC-neuronal-like 4', 'Gliosis-like')",0.0108695652173913,NPC-neuronal-like 4,Gliosis-like,NPC-neuronal-like 4 > Gliosis-like,Neuron-like,AC-gliosis-hypoxia
at3_3,"('NPC-neuronal-like 4', 'Gliosis-like')",0.0223367697594501,NPC-neuronal-like 4,Gliosis-like,NPC-neuronal-like 4 > Gliosis-like,Neuron-like,AC-gliosis-hypoxia
at5_9,"('NPC-neuronal-like 4', 'Gliosis-like')",0.1176470588235294,NPC-neuronal-like 4,Gliosis-like,NPC-neuronal-like 4 > Gliosis-like,Neuron-like,AC-gliosis-hypoxia
at4_2,"('NPC-neuronal-like 4', 'Gliosis-like')",0.9583333333333334,NPC-neuronal-like 4,Gliosis-like,NPC-neuronal-like 4 > Gliosis-like,Neuron-like,AC-gliosis-hypoxia
at9_0,"('NPC-neuronal-like 4', 'Gliosis-like')",0.0601503759398496,NPC-neuronal-like 4,Gliosis-like,NPC-neuronal-like 4 > Gliosis-like,Neuron-like,AC-gliosis-hypoxia
at4_1,"('AC-gliosis-like 1', 'AC progenitor-like 2')",0.8895027624309392,AC-gliosis-like 1,AC progenitor-like 2,AC-gliosis-like 1 > AC progenitor-like 2,AC-gliosis-hypoxia,AC-gliosis-hypoxia
at15_2,"('AC-gliosis-like 1', 'AC progenitor-like 2')",0.2102272727272727,AC-gliosis-like 1,AC progenitor-like 2,AC-gliosis-like 1 > AC progenitor-like 2,AC-gliosis-hypoxia,AC-gliosis-hypoxia
at4_0,"('AC-gliosis-like 1', 'AC progenitor-like 2')",0.8363019508057676,AC-gliosis-like 1,AC progenitor-like 2,AC-gliosis-like 1 > AC progenitor-like 2,AC-gliosis-hypoxia,AC-gliosis-hypoxia
at10_0,"('AC-gliosis-like 1', 'AC progenitor-like 2')",0.986842105263158,AC-gliosis-like 1,AC progenitor-like 2,AC-gliosis-like 1 > AC progenitor-like 2,AC-gliosis-hypoxia,AC-gliosis-hypoxia
at7_0,"('AC-gliosis-like 1', 'AC progenitor-like 2')",0.883495145631068,AC-gliosis-like 1,AC progenitor-like 2,AC-gliosis-like 1 > AC progenitor-like 2,AC-gliosis-hypoxia,AC-gliosis-hypoxia
at10_2,"('AC-gliosis-like 1', 'AC progenitor-like 2')",0.926905132192846,AC-gliosis-like 1,AC progenitor-like 2,AC-gliosis-like 1 > AC progenitor-like 2,AC-gliosis-hypoxia,AC-gliosis-hypoxia
at13_0,"('AC-gliosis-like 1', 'AC progenitor-like 2')",0.0060240963855421,AC-gliosis-like 1,AC progenitor-like 2,AC-gliosis-like 1 > AC progenitor-like 2,AC-gliosis-hypoxia,AC-gliosis-hypoxia
at15_4,"('AC-gliosis-like 1', 'AC progenitor-like 2')",0.0169902912621359,AC-gliosis-like 1,AC progenitor-like 2,AC-gliosis-like 1 > AC progenitor-like 2,AC-gliosis-hypoxia,AC-gliosis-hypoxia
at6_4,"('AC-gliosis-like 1', 'AC progenitor-like 2')",0.59375,AC-gliosis-like 1,AC progenitor-like 2,AC-gliosis-like 1 > AC progenitor-like 2,AC-gliosis-hypoxia,AC-gliosis-hypoxia
at10_1,"('AC-gliosis-like 1', 'AC progenitor-like 2')",0.9636726546906188,AC-gliosis-like 1,AC progenitor-like 2,AC-gliosis-like 1 > AC progenitor-like 2,AC-gliosis-hypoxia,AC-gliosis-hypoxia
at6_5,"('AC-gliosis-like 1', 'AC progenitor-like 2')",0.5151515151515151,AC-gliosis-like 1,AC progenitor-like 2,AC-gliosis-like 1 > AC progenitor-like 2,AC-gliosis-hypoxia,AC-gliosis-hypoxia
at3_3,"('AC-gliosis-like 1', 'AC progenitor-like 2')",0.8285714285714286,AC-gliosis-like 1,AC progenitor-like 2,AC-gliosis-like 1 > AC progenitor-like 2,AC-gliosis-hypoxia,AC-gliosis-hypoxia
at4_2,"('AC-gliosis-like 1', 'AC progenitor-like 2')",0.007380073800738,AC-gliosis-like 1,AC progenitor-like 2,AC-gliosis-like 1 > AC progenitor-like 2,AC-gliosis-hypoxia,AC-gliosis-hypoxia
at9_2,"('AC-gliosis-like 1', 'AC progenitor-like 2')",0.9126691266912668,AC-gliosis-like 1,AC progenitor-like 2,AC-gliosis-like 1 > AC progenitor-like 2,AC-gliosis-hypoxia,AC-gliosis-hypoxia
at9_4,"('AC-gliosis-like 1', 'AC progenitor-like 2')",0.0033613445378151,AC-gliosis-like 1,AC progenitor-like 2,AC-gliosis-like 1 > AC progenitor-like 2,AC-gliosis-hypoxia,AC-gliosis-hypoxia
at9_0,"('AC-gliosis-like 1', 'AC progenitor-like 2')",0.0764063811922754,AC-gliosis-like 1,AC progenitor-like 2,AC-gliosis-like 1 > AC progenitor-like 2,AC-gliosis-hypoxia,AC-gliosis-hypoxia
at4_1,"('AC-gliosis-like 1', 'AC progenitor-like 2')",0.8895027624309392,AC-gliosis-like 1,AC progenitor-like 2,AC-gliosis-like 1 > AC progenitor-like 2,AC-gliosis-hypoxia,AC-gliosis-hypoxia
at15_2,"('AC-gliosis-like 1', 'AC progenitor-like 2')",0.2102272727272727,AC-gliosis-like 1,AC progenitor-like 2,AC-gliosis-like 1 > AC progenitor-like 2,AC-gliosis-hypoxia,AC-gliosis-hypoxia
at4_0,"('AC-gliosis-like 1', 'AC progenitor-like 2')",0.8363019508057676,AC-gliosis-like 1,AC progenitor-like 2,AC-gliosis-like 1 > AC progenitor-like 2,AC-gliosis-hypoxia,AC-gliosis-hypoxia
at10_0,"('AC-gliosis-like 1', 'AC progenitor-like 2')",0.986842105263158,AC-gliosis-like 1,AC progenitor-like 2,AC-gliosis-like 1 > AC progenitor-like 2,AC-gliosis-hypoxia,AC-gliosis-hypoxia
at7_0,"('AC-gliosis-like 1', 'AC progenitor-like 2')",0.883495145631068,AC-gliosis-like 1,AC progenitor-like 2,AC-gliosis-like 1 > AC progenitor-like 2,AC-gliosis-hypoxia,AC-gliosis-hypoxia
at10_2,"('AC-gliosis-like 1', 'AC progenitor-like 2')",0.926905132192846,AC-gliosis-like 1,AC progenitor-like 2,AC-gliosis-like 1 > AC progenitor-like 2,AC-gliosis-hypoxia,AC-gliosis-hypoxia
at13_0,"('AC-gliosis-like 1', 'AC progenitor-like 2')",0.0060240963855421,AC-gliosis-like 1,AC progenitor-like 2,AC-gliosis-like 1 > AC progenitor-like 2,AC-gliosis-hypoxia,AC-gliosis-hypoxia
at15_4,"('AC-gliosis-like 1', 'AC progenitor-like 2')",0.0169902912621359,AC-gliosis-like 1,AC progenitor-like 2,AC-gliosis-like 1 > AC progenitor-like 2,AC-gliosis-hypoxia,AC-gliosis-hypoxia
at6_4,"('AC-gliosis-like 1', 'AC progenitor-like 2')",0.59375,AC-gliosis-like 1,AC progenitor-like 2,AC-gliosis-like 1 > AC progenitor-like 2,AC-gliosis-hypoxia,AC-gliosis-hypoxia
at10_1,"('AC-gliosis-like 1', 'AC progenitor-like 2')",0.9636726546906188,AC-gliosis-like 1,AC progenitor-like 2,AC-gliosis-like 1 > AC progenitor-like 2,AC-gliosis-hypoxia,AC-gliosis-hypoxia
at6_5,"('AC-gliosis-like 1', 'AC progenitor-like 2')",0.5151515151515151,AC-gliosis-like 1,AC progenitor-like 2,AC-gliosis-like 1 > AC progenitor-like 2,AC-gliosis-hypoxia,AC-gliosis-hypoxia
at3_3,"('AC-gliosis-like 1', 'AC progenitor-like 2')",0.8285714285714286,AC-gliosis-like 1,AC progenitor-like 2,AC-gliosis-like 1 > AC progenitor-like 2,AC-gliosis-hypoxia,AC-gliosis-hypoxia
at4_2,"('AC-gliosis-like 1', 'AC progenitor-like 2')",0.007380073800738,AC-gliosis-like 1,AC progenitor-like 2,AC-gliosis-like 1 > AC progenitor-like 2,AC-gliosis-hypoxia,AC-gliosis-hypoxia
at9_2,"('AC-gliosis-like 1', 'AC progenitor-like 2')",0.9126691266912668,AC-gliosis-like 1,AC progenitor-like 2,AC-gliosis-like 1 > AC progenitor-like 2,AC-gliosis-hypoxia,AC-gliosis-hypoxia
at9_4,"('AC-gliosis-like 1', 'AC progenitor-like 2')",0.0033613445378151,AC-gliosis-like 1,AC progenitor-like 2,AC-gliosis-like 1 > AC progenitor-like 2,AC-gliosis-hypoxia,AC-gliosis-hypoxia
at9_0,"('AC-gliosis-like 1', 'AC progenitor-like 2')",0.0764063811922754,AC-gliosis-like 1,AC progenitor-like 2,AC-gliosis-like 1 > AC progenitor-like 2,AC-gliosis-hypoxia,AC-gliosis-hypoxia
at4_1,"('AC-gliosis-like 1', 'AC progenitor-like 2')",0.8895027624309392,AC-gliosis-like 1,AC progenitor-like 2,AC-gliosis-like 1 > AC progenitor-like 2,AC-gliosis-hypoxia,AC-gliosis-hypoxia
at15_2,"('AC-gliosis-like 1', 'AC progenitor-like 2')",0.2102272727272727,AC-gliosis-like 1,AC progenitor-like 2,AC-gliosis-like 1 > AC progenitor-like 2,AC-gliosis-hypoxia,AC-gliosis-hypoxia
at4_0,"('AC-gliosis-like 1', 'AC progenitor-like 2')",0.8363019508057676,AC-gliosis-like 1,AC progenitor-like 2,AC-gliosis-like 1 > AC progenitor-like 2,AC-gliosis-hypoxia,AC-gliosis-hypoxia
at10_0,"('AC-gliosis-like 1', 'AC progenitor-like 2')",0.986842105263158,AC-gliosis-like 1,AC progenitor-like 2,AC-gliosis-like 1 > AC progenitor-like 2,AC-gliosis-hypoxia,AC-gliosis-hypoxia
at7_0,"('AC-gliosis-like 1', 'AC progenitor-like 2')",0.883495145631068,AC-gliosis-like 1,AC progenitor-like 2,AC-gliosis-like 1 > AC progenitor-like 2,AC-gliosis-hypoxia,AC-gliosis-hypoxia
at10_2,"('AC-gliosis-like 1', 'AC progenitor-like 2')",0.926905132192846,AC-gliosis-like 1,AC progenitor-like 2,AC-gliosis-like 1 > AC progenitor-like 2,AC-gliosis-hypoxia,AC-gliosis-hypoxia
at13_0,"('AC-gliosis-like 1', 'AC progenitor-like 2')",0.0060240963855421,AC-gliosis-like 1,AC progenitor-like 2,AC-gliosis-like 1 > AC progenitor-like 2,AC-gliosis-hypoxia,AC-gliosis-hypoxia
at15_4,"('AC-gliosis-like 1', 'AC progenitor-like 2')",0.0169902912621359,AC-gliosis-like 1,AC progenitor-like 2,AC-gliosis-like 1 > AC progenitor-like 2,AC-gliosis-hypoxia,AC-gliosis-hypoxia
at6_4,"('AC-gliosis-like 1', 'AC progenitor-like 2')",0.59375,AC-gliosis-like 1,AC progenitor-like 2,AC-gliosis-like 1 > AC progenitor-like 2,AC-gliosis-hypoxia,AC-gliosis-hypoxia
at10_1,"('AC-gliosis-like 1', 'AC progenitor-like 2')",0.9636726546906188,AC-gliosis-like 1,AC progenitor-like 2,AC-gliosis-like 1 > AC progenitor-like 2,AC-gliosis-hypoxia,AC-gliosis-hypoxia
at6_5,"('AC-gliosis-like 1', 'AC progenitor-like 2')",0.5151515151515151,AC-gliosis-like 1,AC progenitor-like 2,AC-gliosis-like 1 > AC progenitor-like 2,AC-gliosis-hypoxia,AC-gliosis-hypoxia
at3_3,"('AC-gliosis-like 1', 'AC progenitor-like 2')",0.8285714285714286,AC-gliosis-like 1,AC progenitor-like 2,AC-gliosis-like 1 > AC progenitor-like 2,AC-gliosis-hypoxia,AC-gliosis-hypoxia
at4_2,"('AC-gliosis-like 1', 'AC progenitor-like 2')",0.007380073800738,AC-gliosis-like 1,AC progenitor-like 2,AC-gliosis-like 1 > AC progenitor-like 2,AC-gliosis-hypoxia,AC-gliosis-hypoxia
at9_2,"('AC-gliosis-like 1', 'AC progenitor-like 2')",0.9126691266912668,AC-gliosis-like 1,AC progenitor-like 2,AC-gliosis-like 1 > AC progenitor-like 2,AC-gliosis-hypoxia,AC-gliosis-hypoxia
at9_4,"('AC-gliosis-like 1', 'AC progenitor-like 2')",0.0033613445378151,AC-gliosis-like 1,AC progenitor-like 2,AC-gliosis-like 1 > AC progenitor-like 2,AC-gliosis-hypoxia,AC-gliosis-hypoxia
at9_0,"('AC-gliosis-like 1', 'AC progenitor-like 2')",0.0764063811922754,AC-gliosis-like 1,AC progenitor-like 2,AC-gliosis-like 1 > AC progenitor-like 2,AC-gliosis-hypoxia,AC-gliosis-hypoxia
at4_1,"('AC-gliosis-like 1', 'AC progenitor-like 2')",0.8895027624309392,AC-gliosis-like 1,AC progenitor-like 2,AC-gliosis-like 1 > AC progenitor-like 2,AC-gliosis-hypoxia,AC-gliosis-hypoxia
at15_2,"('AC-gliosis-like 1', 'AC progenitor-like 2')",0.2102272727272727,AC-gliosis-like 1,AC progenitor-like 2,AC-gliosis-like 1 > AC progenitor-like 2,AC-gliosis-hypoxia,AC-gliosis-hypoxia
at4_0,"('AC-gliosis-like 1', 'AC progenitor-like 2')",0.8363019508057676,AC-gliosis-like 1,AC progenitor-like 2,AC-gliosis-like 1 > AC progenitor-like 2,AC-gliosis-hypoxia,AC-gliosis-hypoxia
at10_0,"('AC-gliosis-like 1', 'AC progenitor-like 2')",0.986842105263158,AC-gliosis-like 1,AC progenitor-like 2,AC-gliosis-like 1 > AC progenitor-like 2,AC-gliosis-hypoxia,AC-gliosis-hypoxia
at7_0,"('AC-gliosis-like 1', 'AC progenitor-like 2')",0.883495145631068,AC-gliosis-like 1,AC progenitor-like 2,AC-gliosis-like 1 > AC progenitor-like 2,AC-gliosis-hypoxia,AC-gliosis-hypoxia
at10_2,"('AC-gliosis-like 1', 'AC progenitor-like 2')",0.926905132192846,AC-gliosis-like 1,AC progenitor-like 2,AC-gliosis-like 1 > AC progenitor-like 2,AC-gliosis-hypoxia,AC-gliosis-hypoxia
at13_0,"('AC-gliosis-like 1', 'AC progenitor-like 2')",0.0060240963855421,AC-gliosis-like 1,AC progenitor-like 2,AC-gliosis-like 1 > AC progenitor-like 2,AC-gliosis-hypoxia,AC-gliosis-hypoxia
at15_4,"('AC-gliosis-like 1', 'AC progenitor-like 2')",0.0169902912621359,AC-gliosis-like 1,AC progenitor-like 2,AC-gliosis-like 1 > AC progenitor-like 2,AC-gliosis-hypoxia,AC-gliosis-hypoxia
at6_4,"('AC-gliosis-like 1', 'AC progenitor-like 2')",0.59375,AC-gliosis-like 1,AC progenitor-like 2,AC-gliosis-like 1 > AC progenitor-like 2,AC-gliosis-hypoxia,AC-gliosis-hypoxia
at10_1,"('AC-gliosis-like 1', 'AC progenitor-like 2')",0.9636726546906188,AC-gliosis-like 1,AC progenitor-like 2,AC-gliosis-like 1 > AC progenitor-like 2,AC-gliosis-hypoxia,AC-gliosis-hypoxia
at6_5,"('AC-gliosis-like 1', 'AC progenitor-like 2')",0.5151515151515151,AC-gliosis-like 1,AC progenitor-like 2,AC-gliosis-like 1 > AC progenitor-like 2,AC-gliosis-hypoxia,AC-gliosis-hypoxia
at3_3,"('AC-gliosis-like 1', 'AC progenitor-like 2')",0.8285714285714286,AC-gliosis-like 1,AC progenitor-like 2,AC-gliosis-like 1 > AC progenitor-like 2,AC-gliosis-hypoxia,AC-gliosis-hypoxia
at4_2,"('AC-gliosis-like 1', 'AC progenitor-like 2')",0.007380073800738,AC-gliosis-like 1,AC progenitor-like 2,AC-gliosis-like 1 > AC progenitor-like 2,AC-gliosis-hypoxia,AC-gliosis-hypoxia
at9_2,"('AC-gliosis-like 1', 'AC progenitor-like 2')",0.9126691266912668,AC-gliosis-like 1,AC progenitor-like 2,AC-gliosis-like 1 > AC progenitor-like 2,AC-gliosis-hypoxia,AC-gliosis-hypoxia
at9_4,"('AC-gliosis-like 1', 'AC progenitor-like 2')",0.0033613445378151,AC-gliosis-like 1,AC progenitor-like 2,AC-gliosis-like 1 > AC progenitor-like 2,AC-gliosis-hypoxia,AC-gliosis-hypoxia
at9_0,"('AC-gliosis-like 1', 'AC progenitor-like 2')",0.0764063811922754,AC-gliosis-like 1,AC progenitor-like 2,AC-gliosis-like 1 > AC progenitor-like 2,AC-gliosis-hypoxia,AC-gliosis-hypoxia
at4_1,"('AC-gliosis-like 1', 'AC progenitor-like 2')",0.8895027624309392,AC-gliosis-like 1,AC progenitor-like 2,AC-gliosis-like 1 > AC progenitor-like 2,AC-gliosis-hypoxia,AC-gliosis-hypoxia
at15_2,"('AC-gliosis-like 1', 'AC progenitor-like 2')",0.2102272727272727,AC-gliosis-like 1,AC progenitor-like 2,AC-gliosis-like 1 > AC progenitor-like 2,AC-gliosis-hypoxia,AC-gliosis-hypoxia
at4_0,"('AC-gliosis-like 1', 'AC progenitor-like 2')",0.8363019508057676,AC-gliosis-like 1,AC progenitor-like 2,AC-gliosis-like 1 > AC progenitor-like 2,AC-gliosis-hypoxia,AC-gliosis-hypoxia
at10_0,"('AC-gliosis-like 1', 'AC progenitor-like 2')",0.986842105263158,AC-gliosis-like 1,AC progenitor-like 2,AC-gliosis-like 1 > AC progenitor-like 2,AC-gliosis-hypoxia,AC-gliosis-hypoxia
at7_0,"('AC-gliosis-like 1', 'AC progenitor-like 2')",0.883495145631068,AC-gliosis-like 1,AC progenitor-like 2,AC-gliosis-like 1 > AC progenitor-like 2,AC-gliosis-hypoxia,AC-gliosis-hypoxia
at10_2,"('AC-gliosis-like 1', 'AC progenitor-like 2')",0.926905132192846,AC-gliosis-like 1,AC progenitor-like 2,AC-gliosis-like 1 > AC progenitor-like 2,AC-gliosis-hypoxia,AC-gliosis-hypoxia
at13_0,"('AC-gliosis-like 1', 'AC progenitor-like 2')",0.0060240963855421,AC-gliosis-like 1,AC progenitor-like 2,AC-gliosis-like 1 > AC progenitor-like 2,AC-gliosis-hypoxia,AC-gliosis-hypoxia
at15_4,"('AC-gliosis-like 1', 'AC progenitor-like 2')",0.0169902912621359,AC-gliosis-like 1,AC progenitor-like 2,AC-gliosis-like 1 > AC progenitor-like 2,AC-gliosis-hypoxia,AC-gliosis-hypoxia
at6_4,"('AC-gliosis-like 1', 'AC progenitor-like 2')",0.59375,AC-gliosis-like 1,AC progenitor-like 2,AC-gliosis-like 1 > AC progenitor-like 2,AC-gliosis-hypoxia,AC-gliosis-hypoxia
at10_1,"('AC-gliosis-like 1', 'AC progenitor-like 2')",0.9636726546906188,AC-gliosis-like 1,AC progenitor-like 2,AC-gliosis-like 1 > AC progenitor-like 2,AC-gliosis-hypoxia,AC-gliosis-hypoxia
at6_5,"('AC-gliosis-like 1', 'AC progenitor-like 2')",0.5151515151515151,AC-gliosis-like 1,AC progenitor-like 2,AC-gliosis-like 1 > AC progenitor-like 2,AC-gliosis-hypoxia,AC-gliosis-hypoxia
at3_3,"('AC-gliosis-like 1', 'AC progenitor-like 2')",0.8285714285714286,AC-gliosis-like 1,AC progenitor-like 2,AC-gliosis-like 1 > AC progenitor-like 2,AC-gliosis-hypoxia,AC-gliosis-hypoxia
at4_2,"('AC-gliosis-like 1', 'AC progenitor-like 2')",0.007380073800738,AC-gliosis-like 1,AC progenitor-like 2,AC-gliosis-like 1 > AC progenitor-like 2,AC-gliosis-hypoxia,AC-gliosis-hypoxia
at9_2,"('AC-gliosis-like 1', 'AC progenitor-like 2')",0.9126691266912668,AC-gliosis-like 1,AC progenitor-like 2,AC-gliosis-like 1 > AC progenitor-like 2,AC-gliosis-hypoxia,AC-gliosis-hypoxia
at9_4,"('AC-gliosis-like 1', 'AC progenitor-like 2')",0.0033613445378151,AC-gliosis-like 1,AC progenitor-like 2,AC-gliosis-like 1 > AC progenitor-like 2,AC-gliosis-hypoxia,AC-gliosis-hypoxia
at9_0,"('AC-gliosis-like 1', 'AC progenitor-like 2')",0.0764063811922754,AC-gliosis-like 1,AC progenitor-like 2,AC-gliosis-like 1 > AC progenitor-like 2,AC-gliosis-hypoxia,AC-gliosis-hypoxia
at4_1,"('AC-gliosis-like 1', 'AC progenitor-like 2')",0.8895027624309392,AC-gliosis-like 1,AC progenitor-like 2,AC-gliosis-like 1 > AC progenitor-like 2,AC-gliosis-hypoxia,AC-gliosis-hypoxia
at15_2,"('AC-gliosis-like 1', 'AC progenitor-like 2')",0.2102272727272727,AC-gliosis-like 1,AC progenitor-like 2,AC-gliosis-like 1 > AC progenitor-like 2,AC-gliosis-hypoxia,AC-gliosis-hypoxia
at4_0,"('AC-gliosis-like 1', 'AC progenitor-like 2')",0.8363019508057676,AC-gliosis-like 1,AC progenitor-like 2,AC-gliosis-like 1 > AC progenitor-like 2,AC-gliosis-hypoxia,AC-gliosis-hypoxia
at10_0,"('AC-gliosis-like 1', 'AC progenitor-like 2')",0.986842105263158,AC-gliosis-like 1,AC progenitor-like 2,AC-gliosis-like 1 > AC progenitor-like 2,AC-gliosis-hypoxia,AC-gliosis-hypoxia
at7_0,"('AC-gliosis-like 1', 'AC progenitor-like 2')",0.883495145631068,AC-gliosis-like 1,AC progenitor-like 2,AC-gliosis-like 1 > AC progenitor-like 2,AC-gliosis-hypoxia,AC-gliosis-hypoxia
at10_2,"('AC-gliosis-like 1', 'AC progenitor-like 2')",0.926905132192846,AC-gliosis-like 1,AC progenitor-like 2,AC-gliosis-like 1 > AC progenitor-like 2,AC-gliosis-hypoxia,AC-gliosis-hypoxia
at13_0,"('AC-gliosis-like 1', 'AC progenitor-like 2')",0.0060240963855421,AC-gliosis-like 1,AC progenitor-like 2,AC-gliosis-like 1 > AC progenitor-like 2,AC-gliosis-hypoxia,AC-gliosis-hypoxia
at15_4,"('AC-gliosis-like 1', 'AC progenitor-like 2')",0.0169902912621359,AC-gliosis-like 1,AC progenitor-like 2,AC-gliosis-like 1 > AC progenitor-like 2,AC-gliosis-hypoxia,AC-gliosis-hypoxia
at6_4,"('AC-gliosis-like 1', 'AC progenitor-like 2')",0.59375,AC-gliosis-like 1,AC progenitor-like 2,AC-gliosis-like 1 > AC progenitor-like 2,AC-gliosis-hypoxia,AC-gliosis-hypoxia
at10_1,"('AC-gliosis-like 1', 'AC progenitor-like 2')",0.9636726546906188,AC-gliosis-like 1,AC progenitor-like 2,AC-gliosis-like 1 > AC progenitor-like 2,AC-gliosis-hypoxia,AC-gliosis-hypoxia
at6_5,"('AC-gliosis-like 1', 'AC progenitor-like 2')",0.5151515151515151,AC-gliosis-like 1,AC progenitor-like 2,AC-gliosis-like 1 > AC progenitor-like 2,AC-gliosis-hypoxia,AC-gliosis-hypoxia
at3_3,"('AC-gliosis-like 1', 'AC progenitor-like 2')",0.8285714285714286,AC-gliosis-like 1,AC progenitor-like 2,AC-gliosis-like 1 > AC progenitor-like 2,AC-gliosis-hypoxia,AC-gliosis-hypoxia
at4_2,"('AC-gliosis-like 1', 'AC progenitor-like 2')",0.007380073800738,AC-gliosis-like 1,AC progenitor-like 2,AC-gliosis-like 1 > AC progenitor-like 2,AC-gliosis-hypoxia,AC-gliosis-hypoxia
at9_2,"('AC-gliosis-like 1', 'AC progenitor-like 2')",0.9126691266912668,AC-gliosis-like 1,AC progenitor-like 2,AC-gliosis-like 1 > AC progenitor-like 2,AC-gliosis-hypoxia,AC-gliosis-hypoxia
at9_4,"('AC-gliosis-like 1', 'AC progenitor-like 2')",0.0033613445378151,AC-gliosis-like 1,AC progenitor-like 2,AC-gliosis-like 1 > AC progenitor-like 2,AC-gliosis-hypoxia,AC-gliosis-hypoxia
at9_0,"('AC-gliosis-like 1', 'AC progenitor-like 2')",0.0764063811922754,AC-gliosis-like 1,AC progenitor-like 2,AC-gliosis-like 1 > AC progenitor-like 2,AC-gliosis-hypoxia,AC-gliosis-hypoxia
at6_0,"('OPC-like 2', 'AC-gliosis-like 1')",0.9680851063829788,OPC-like 2,AC-gliosis-like 1,OPC-like 2 > AC-gliosis-like 1,OPC-NPC-like,AC-gliosis-hypoxia
at4_1,"('OPC-like 2', 'AC-gliosis-like 1')",0.956896551724138,OPC-like 2,AC-gliosis-like 1,OPC-like 2 > AC-gliosis-like 1,OPC-NPC-like,AC-gliosis-hypoxia
at5_4,"('OPC-like 2', 'AC-gliosis-like 1')",1.0,OPC-like 2,AC-gliosis-like 1,OPC-like 2 > AC-gliosis-like 1,OPC-NPC-like,AC-gliosis-hypoxia
at15_3,"('OPC-like 2', 'AC-gliosis-like 1')",0.7719298245614035,OPC-like 2,AC-gliosis-like 1,OPC-like 2 > AC-gliosis-like 1,OPC-NPC-like,AC-gliosis-hypoxia
at15_0,"('OPC-like 2', 'AC-gliosis-like 1')",0.96,OPC-like 2,AC-gliosis-like 1,OPC-like 2 > AC-gliosis-like 1,OPC-NPC-like,AC-gliosis-hypoxia
at15_2,"('OPC-like 2', 'AC-gliosis-like 1')",0.6666666666666666,OPC-like 2,AC-gliosis-like 1,OPC-like 2 > AC-gliosis-like 1,OPC-NPC-like,AC-gliosis-hypoxia
at15_6,"('OPC-like 2', 'AC-gliosis-like 1')",0.4888888888888889,OPC-like 2,AC-gliosis-like 1,OPC-like 2 > AC-gliosis-like 1,OPC-NPC-like,AC-gliosis-hypoxia
at4_0,"('OPC-like 2', 'AC-gliosis-like 1')",0.9848484848484848,OPC-like 2,AC-gliosis-like 1,OPC-like 2 > AC-gliosis-like 1,OPC-NPC-like,AC-gliosis-hypoxia
at10_0,"('OPC-like 2', 'AC-gliosis-like 1')",0.5,OPC-like 2,AC-gliosis-like 1,OPC-like 2 > AC-gliosis-like 1,OPC-NPC-like,AC-gliosis-hypoxia
at7_0,"('OPC-like 2', 'AC-gliosis-like 1')",0.9915966386554622,OPC-like 2,AC-gliosis-like 1,OPC-like 2 > AC-gliosis-like 1,OPC-NPC-like,AC-gliosis-hypoxia
at10_2,"('OPC-like 2', 'AC-gliosis-like 1')",0.9375,OPC-like 2,AC-gliosis-like 1,OPC-like 2 > AC-gliosis-like 1,OPC-NPC-like,AC-gliosis-hypoxia
at13_0,"('OPC-like 2', 'AC-gliosis-like 1')",0.5979020979020979,OPC-like 2,AC-gliosis-like 1,OPC-like 2 > AC-gliosis-like 1,OPC-NPC-like,AC-gliosis-hypoxia
at15_4,"('OPC-like 2', 'AC-gliosis-like 1')",0.6338028169014085,OPC-like 2,AC-gliosis-like 1,OPC-like 2 > AC-gliosis-like 1,OPC-NPC-like,AC-gliosis-hypoxia
at6_4,"('OPC-like 2', 'AC-gliosis-like 1')",0.0012755102040816,OPC-like 2,AC-gliosis-like 1,OPC-like 2 > AC-gliosis-like 1,OPC-NPC-like,AC-gliosis-hypoxia
at10_1,"('OPC-like 2', 'AC-gliosis-like 1')",1.0,OPC-like 2,AC-gliosis-like 1,OPC-like 2 > AC-gliosis-like 1,OPC-NPC-like,AC-gliosis-hypoxia
at6_5,"('OPC-like 2', 'AC-gliosis-like 1')",0.0127420998980632,OPC-like 2,AC-gliosis-like 1,OPC-like 2 > AC-gliosis-like 1,OPC-NPC-like,AC-gliosis-hypoxia
at3_3,"('OPC-like 2', 'AC-gliosis-like 1')",0.0385135135135135,OPC-like 2,AC-gliosis-like 1,OPC-like 2 > AC-gliosis-like 1,OPC-NPC-like,AC-gliosis-hypoxia
at5_9,"('OPC-like 2', 'AC-gliosis-like 1')",0.8888888888888888,OPC-like 2,AC-gliosis-like 1,OPC-like 2 > AC-gliosis-like 1,OPC-NPC-like,AC-gliosis-hypoxia
at4_2,"('OPC-like 2', 'AC-gliosis-like 1')",0.008695652173913,OPC-like 2,AC-gliosis-like 1,OPC-like 2 > AC-gliosis-like 1,OPC-NPC-like,AC-gliosis-hypoxia
at9_2,"('OPC-like 2', 'AC-gliosis-like 1')",0.75,OPC-like 2,AC-gliosis-like 1,OPC-like 2 > AC-gliosis-like 1,OPC-NPC-like,AC-gliosis-hypoxia
at9_4,"('OPC-like 2', 'AC-gliosis-like 1')",0.0384615384615384,OPC-like 2,AC-gliosis-like 1,OPC-like 2 > AC-gliosis-like 1,OPC-NPC-like,AC-gliosis-hypoxia
at9_0,"('OPC-like 2', 'AC-gliosis-like 1')",0.1304347826086956,OPC-like 2,AC-gliosis-like 1,OPC-like 2 > AC-gliosis-like 1,OPC-NPC-like,AC-gliosis-hypoxia
at6_0,"('OPC-like 2', 'AC-gliosis-like 1')",0.9680851063829788,OPC-like 2,AC-gliosis-like 1,OPC-like 2 > AC-gliosis-like 1,OPC-NPC-like,AC-gliosis-hypoxia
at4_1,"('OPC-like 2', 'AC-gliosis-like 1')",0.956896551724138,OPC-like 2,AC-gliosis-like 1,OPC-like 2 > AC-gliosis-like 1,OPC-NPC-like,AC-gliosis-hypoxia
at5_4,"('OPC-like 2', 'AC-gliosis-like 1')",1.0,OPC-like 2,AC-gliosis-like 1,OPC-like 2 > AC-gliosis-like 1,OPC-NPC-like,AC-gliosis-hypoxia
at15_3,"('OPC-like 2', 'AC-gliosis-like 1')",0.7719298245614035,OPC-like 2,AC-gliosis-like 1,OPC-like 2 > AC-gliosis-like 1,OPC-NPC-like,AC-gliosis-hypoxia
at15_0,"('OPC-like 2', 'AC-gliosis-like 1')",0.96,OPC-like 2,AC-gliosis-like 1,OPC-like 2 > AC-gliosis-like 1,OPC-NPC-like,AC-gliosis-hypoxia
at15_2,"('OPC-like 2', 'AC-gliosis-like 1')",0.6666666666666666,OPC-like 2,AC-gliosis-like 1,OPC-like 2 > AC-gliosis-like 1,OPC-NPC-like,AC-gliosis-hypoxia
at15_6,"('OPC-like 2', 'AC-gliosis-like 1')",0.4888888888888889,OPC-like 2,AC-gliosis-like 1,OPC-like 2 > AC-gliosis-like 1,OPC-NPC-like,AC-gliosis-hypoxia
at4_0,"('OPC-like 2', 'AC-gliosis-like 1')",0.9848484848484848,OPC-like 2,AC-gliosis-like 1,OPC-like 2 > AC-gliosis-like 1,OPC-NPC-like,AC-gliosis-hypoxia
at10_0,"('OPC-like 2', 'AC-gliosis-like 1')",0.5,OPC-like 2,AC-gliosis-like 1,OPC-like 2 > AC-gliosis-like 1,OPC-NPC-like,AC-gliosis-hypoxia
at7_0,"('OPC-like 2', 'AC-gliosis-like 1')",0.9915966386554622,OPC-like 2,AC-gliosis-like 1,OPC-like 2 > AC-gliosis-like 1,OPC-NPC-like,AC-gliosis-hypoxia
at10_2,"('OPC-like 2', 'AC-gliosis-like 1')",0.9375,OPC-like 2,AC-gliosis-like 1,OPC-like 2 > AC-gliosis-like 1,OPC-NPC-like,AC-gliosis-hypoxia
at13_0,"('OPC-like 2', 'AC-gliosis-like 1')",0.5979020979020979,OPC-like 2,AC-gliosis-like 1,OPC-like 2 > AC-gliosis-like 1,OPC-NPC-like,AC-gliosis-hypoxia
at15_4,"('OPC-like 2', 'AC-gliosis-like 1')",0.6338028169014085,OPC-like 2,AC-gliosis-like 1,OPC-like 2 > AC-gliosis-like 1,OPC-NPC-like,AC-gliosis-hypoxia
at6_4,"('OPC-like 2', 'AC-gliosis-like 1')",0.0012755102040816,OPC-like 2,AC-gliosis-like 1,OPC-like 2 > AC-gliosis-like 1,OPC-NPC-like,AC-gliosis-hypoxia
at10_1,"('OPC-like 2', 'AC-gliosis-like 1')",1.0,OPC-like 2,AC-gliosis-like 1,OPC-like 2 > AC-gliosis-like 1,OPC-NPC-like,AC-gliosis-hypoxia
at6_5,"('OPC-like 2', 'AC-gliosis-like 1')",0.0127420998980632,OPC-like 2,AC-gliosis-like 1,OPC-like 2 > AC-gliosis-like 1,OPC-NPC-like,AC-gliosis-hypoxia
at3_3,"('OPC-like 2', 'AC-gliosis-like 1')",0.0385135135135135,OPC-like 2,AC-gliosis-like 1,OPC-like 2 > AC-gliosis-like 1,OPC-NPC-like,AC-gliosis-hypoxia
at5_9,"('OPC-like 2', 'AC-gliosis-like 1')",0.8888888888888888,OPC-like 2,AC-gliosis-like 1,OPC-like 2 > AC-gliosis-like 1,OPC-NPC-like,AC-gliosis-hypoxia
at4_2,"('OPC-like 2', 'AC-gliosis-like 1')",0.008695652173913,OPC-like 2,AC-gliosis-like 1,OPC-like 2 > AC-gliosis-like 1,OPC-NPC-like,AC-gliosis-hypoxia
at9_2,"('OPC-like 2', 'AC-gliosis-like 1')",0.75,OPC-like 2,AC-gliosis-like 1,OPC-like 2 > AC-gliosis-like 1,OPC-NPC-like,AC-gliosis-hypoxia
at9_4,"('OPC-like 2', 'AC-gliosis-like 1')",0.0384615384615384,OPC-like 2,AC-gliosis-like 1,OPC-like 2 > AC-gliosis-like 1,OPC-NPC-like,AC-gliosis-hypoxia
at9_0,"('OPC-like 2', 'AC-gliosis-like 1')",0.1304347826086956,OPC-like 2,AC-gliosis-like 1,OPC-like 2 > AC-gliosis-like 1,OPC-NPC-like,AC-gliosis-hypoxia
at6_0,"('OPC-like 2', 'AC-gliosis-like 1')",0.9680851063829788,OPC-like 2,AC-gliosis-like 1,OPC-like 2 > AC-gliosis-like 1,OPC-NPC-like,AC-gliosis-hypoxia
at4_1,"('OPC-like 2', 'AC-gliosis-like 1')",0.956896551724138,OPC-like 2,AC-gliosis-like 1,OPC-like 2 > AC-gliosis-like 1,OPC-NPC-like,AC-gliosis-hypoxia
at5_4,"('OPC-like 2', 'AC-gliosis-like 1')",1.0,OPC-like 2,AC-gliosis-like 1,OPC-like 2 > AC-gliosis-like 1,OPC-NPC-like,AC-gliosis-hypoxia
at15_3,"('OPC-like 2', 'AC-gliosis-like 1')",0.7719298245614035,OPC-like 2,AC-gliosis-like 1,OPC-like 2 > AC-gliosis-like 1,OPC-NPC-like,AC-gliosis-hypoxia
at15_0,"('OPC-like 2', 'AC-gliosis-like 1')",0.96,OPC-like 2,AC-gliosis-like 1,OPC-like 2 > AC-gliosis-like 1,OPC-NPC-like,AC-gliosis-hypoxia
at15_2,"('OPC-like 2', 'AC-gliosis-like 1')",0.6666666666666666,OPC-like 2,AC-gliosis-like 1,OPC-like 2 > AC-gliosis-like 1,OPC-NPC-like,AC-gliosis-hypoxia
at15_6,"('OPC-like 2', 'AC-gliosis-like 1')",0.4888888888888889,OPC-like 2,AC-gliosis-like 1,OPC-like 2 > AC-gliosis-like 1,OPC-NPC-like,AC-gliosis-hypoxia
at4_0,"('OPC-like 2', 'AC-gliosis-like 1')",0.9848484848484848,OPC-like 2,AC-gliosis-like 1,OPC-like 2 > AC-gliosis-like 1,OPC-NPC-like,AC-gliosis-hypoxia
at10_0,"('OPC-like 2', 'AC-gliosis-like 1')",0.5,OPC-like 2,AC-gliosis-like 1,OPC-like 2 > AC-gliosis-like 1,OPC-NPC-like,AC-gliosis-hypoxia
at7_0,"('OPC-like 2', 'AC-gliosis-like 1')",0.9915966386554622,OPC-like 2,AC-gliosis-like 1,OPC-like 2 > AC-gliosis-like 1,OPC-NPC-like,AC-gliosis-hypoxia
at10_2,"('OPC-like 2', 'AC-gliosis-like 1')",0.9375,OPC-like 2,AC-gliosis-like 1,OPC-like 2 > AC-gliosis-like 1,OPC-NPC-like,AC-gliosis-hypoxia
at13_0,"('OPC-like 2', 'AC-gliosis-like 1')",0.5979020979020979,OPC-like 2,AC-gliosis-like 1,OPC-like 2 > AC-gliosis-like 1,OPC-NPC-like,AC-gliosis-hypoxia
at15_4,"('OPC-like 2', 'AC-gliosis-like 1')",0.6338028169014085,OPC-like 2,AC-gliosis-like 1,OPC-like 2 > AC-gliosis-like 1,OPC-NPC-like,AC-gliosis-hypoxia
at6_4,"('OPC-like 2', 'AC-gliosis-like 1')",0.0012755102040816,OPC-like 2,AC-gliosis-like 1,OPC-like 2 > AC-gliosis-like 1,OPC-NPC-like,AC-gliosis-hypoxia
at10_1,"('OPC-like 2', 'AC-gliosis-like 1')",1.0,OPC-like 2,AC-gliosis-like 1,OPC-like 2 > AC-gliosis-like 1,OPC-NPC-like,AC-gliosis-hypoxia
at6_5,"('OPC-like 2', 'AC-gliosis-like 1')",0.0127420998980632,OPC-like 2,AC-gliosis-like 1,OPC-like 2 > AC-gliosis-like 1,OPC-NPC-like,AC-gliosis-hypoxia
at3_3,"('OPC-like 2', 'AC-gliosis-like 1')",0.0385135135135135,OPC-like 2,AC-gliosis-like 1,OPC-like 2 > AC-gliosis-like 1,OPC-NPC-like,AC-gliosis-hypoxia
at5_9,"('OPC-like 2', 'AC-gliosis-like 1')",0.8888888888888888,OPC-like 2,AC-gliosis-like 1,OPC-like 2 > AC-gliosis-like 1,OPC-NPC-like,AC-gliosis-hypoxia
at4_2,"('OPC-like 2', 'AC-gliosis-like 1')",0.008695652173913,OPC-like 2,AC-gliosis-like 1,OPC-like 2 > AC-gliosis-like 1,OPC-NPC-like,AC-gliosis-hypoxia
at9_2,"('OPC-like 2', 'AC-gliosis-like 1')",0.75,OPC-like 2,AC-gliosis-like 1,OPC-like 2 > AC-gliosis-like 1,OPC-NPC-like,AC-gliosis-hypoxia
at9_4,"('OPC-like 2', 'AC-gliosis-like 1')",0.0384615384615384,OPC-like 2,AC-gliosis-like 1,OPC-like 2 > AC-gliosis-like 1,OPC-NPC-like,AC-gliosis-hypoxia
at9_0,"('OPC-like 2', 'AC-gliosis-like 1')",0.1304347826086956,OPC-like 2,AC-gliosis-like 1,OPC-like 2 > AC-gliosis-like 1,OPC-NPC-like,AC-gliosis-hypoxia
at6_0,"('OPC-like 2', 'AC-gliosis-like 1')",0.9680851063829788,OPC-like 2,AC-gliosis-like 1,OPC-like 2 > AC-gliosis-like 1,OPC-NPC-like,AC-gliosis-hypoxia
at4_1,"('OPC-like 2', 'AC-gliosis-like 1')",0.956896551724138,OPC-like 2,AC-gliosis-like 1,OPC-like 2 > AC-gliosis-like 1,OPC-NPC-like,AC-gliosis-hypoxia
at5_4,"('OPC-like 2', 'AC-gliosis-like 1')",1.0,OPC-like 2,AC-gliosis-like 1,OPC-like 2 > AC-gliosis-like 1,OPC-NPC-like,AC-gliosis-hypoxia
at15_3,"('OPC-like 2', 'AC-gliosis-like 1')",0.7719298245614035,OPC-like 2,AC-gliosis-like 1,OPC-like 2 > AC-gliosis-like 1,OPC-NPC-like,AC-gliosis-hypoxia
at15_0,"('OPC-like 2', 'AC-gliosis-like 1')",0.96,OPC-like 2,AC-gliosis-like 1,OPC-like 2 > AC-gliosis-like 1,OPC-NPC-like,AC-gliosis-hypoxia
at15_2,"('OPC-like 2', 'AC-gliosis-like 1')",0.6666666666666666,OPC-like 2,AC-gliosis-like 1,OPC-like 2 > AC-gliosis-like 1,OPC-NPC-like,AC-gliosis-hypoxia
at15_6,"('OPC-like 2', 'AC-gliosis-like 1')",0.4888888888888889,OPC-like 2,AC-gliosis-like 1,OPC-like 2 > AC-gliosis-like 1,OPC-NPC-like,AC-gliosis-hypoxia
at4_0,"('OPC-like 2', 'AC-gliosis-like 1')",0.9848484848484848,OPC-like 2,AC-gliosis-like 1,OPC-like 2 > AC-gliosis-like 1,OPC-NPC-like,AC-gliosis-hypoxia
at10_0,"('OPC-like 2', 'AC-gliosis-like 1')",0.5,OPC-like 2,AC-gliosis-like 1,OPC-like 2 > AC-gliosis-like 1,OPC-NPC-like,AC-gliosis-hypoxia
at7_0,"('OPC-like 2', 'AC-gliosis-like 1')",0.9915966386554622,OPC-like 2,AC-gliosis-like 1,OPC-like 2 > AC-gliosis-like 1,OPC-NPC-like,AC-gliosis-hypoxia
at10_2,"('OPC-like 2', 'AC-gliosis-like 1')",0.9375,OPC-like 2,AC-gliosis-like 1,OPC-like 2 > AC-gliosis-like 1,OPC-NPC-like,AC-gliosis-hypoxia
at13_0,"('OPC-like 2', 'AC-gliosis-like 1')",0.5979020979020979,OPC-like 2,AC-gliosis-like 1,OPC-like 2 > AC-gliosis-like 1,OPC-NPC-like,AC-gliosis-hypoxia
at15_4,"('OPC-like 2', 'AC-gliosis-like 1')",0.6338028169014085,OPC-like 2,AC-gliosis-like 1,OPC-like 2 > AC-gliosis-like 1,OPC-NPC-like,AC-gliosis-hypoxia
at6_4,"('OPC-like 2', 'AC-gliosis-like 1')",0.0012755102040816,OPC-like 2,AC-gliosis-like 1,OPC-like 2 > AC-gliosis-like 1,OPC-NPC-like,AC-gliosis-hypoxia
at10_1,"('OPC-like 2', 'AC-gliosis-like 1')",1.0,OPC-like 2,AC-gliosis-like 1,OPC-like 2 > AC-gliosis-like 1,OPC-NPC-like,AC-gliosis-hypoxia
at6_5,"('OPC-like 2', 'AC-gliosis-like 1')",0.0127420998980632,OPC-like 2,AC-gliosis-like 1,OPC-like 2 > AC-gliosis-like 1,OPC-NPC-like,AC-gliosis-hypoxia
at3_3,"('OPC-like 2', 'AC-gliosis-like 1')",0.0385135135135135,OPC-like 2,AC-gliosis-like 1,OPC-like 2 > AC-gliosis-like 1,OPC-NPC-like,AC-gliosis-hypoxia
at5_9,"('OPC-like 2', 'AC-gliosis-like 1')",0.8888888888888888,OPC-like 2,AC-gliosis-like 1,OPC-like 2 > AC-gliosis-like 1,OPC-NPC-like,AC-gliosis-hypoxia
at4_2,"('OPC-like 2', 'AC-gliosis-like 1')",0.008695652173913,OPC-like 2,AC-gliosis-like 1,OPC-like 2 > AC-gliosis-like 1,OPC-NPC-like,AC-gliosis-hypoxia
at9_2,"('OPC-like 2', 'AC-gliosis-like 1')",0.75,OPC-like 2,AC-gliosis-like 1,OPC-like 2 > AC-gliosis-like 1,OPC-NPC-like,AC-gliosis-hypoxia
at9_4,"('OPC-like 2', 'AC-gliosis-like 1')",0.0384615384615384,OPC-like 2,AC-gliosis-like 1,OPC-like 2 > AC-gliosis-like 1,OPC-NPC-like,AC-gliosis-hypoxia
at9_0,"('OPC-like 2', 'AC-gliosis-like 1')",0.1304347826086956,OPC-like 2,AC-gliosis-like 1,OPC-like 2 > AC-gliosis-like 1,OPC-NPC-like,AC-gliosis-hypoxia
at6_0,"('OPC-like 2', 'AC progenitor-like 1')",0.8839779005524862,OPC-like 2,AC progenitor-like 1,OPC-like 2 > AC progenitor-like 1,OPC-NPC-like,AC-gliosis-hypoxia
at4_1,"('OPC-like 2', 'AC progenitor-like 1')",0.7024793388429752,OPC-like 2,AC progenitor-like 1,OPC-like 2 > AC progenitor-like 1,OPC-NPC-like,AC-gliosis-hypoxia
at5_4,"('OPC-like 2', 'AC progenitor-like 1')",1.0,OPC-like 2,AC progenitor-like 1,OPC-like 2 > AC progenitor-like 1,OPC-NPC-like,AC-gliosis-hypoxia
at15_3,"('OPC-like 2', 'AC progenitor-like 1')",0.4678899082568807,OPC-like 2,AC progenitor-like 1,OPC-like 2 > AC progenitor-like 1,OPC-NPC-like,AC-gliosis-hypoxia
at15_0,"('OPC-like 2', 'AC progenitor-like 1')",0.7586206896551724,OPC-like 2,AC progenitor-like 1,OPC-like 2 > AC progenitor-like 1,OPC-NPC-like,AC-gliosis-hypoxia
at15_2,"('OPC-like 2', 'AC progenitor-like 1')",0.6111111111111112,OPC-like 2,AC progenitor-like 1,OPC-like 2 > AC progenitor-like 1,OPC-NPC-like,AC-gliosis-hypoxia
at15_6,"('OPC-like 2', 'AC progenitor-like 1')",0.1793103448275862,OPC-like 2,AC progenitor-like 1,OPC-like 2 > AC progenitor-like 1,OPC-NPC-like,AC-gliosis-hypoxia
at4_0,"('OPC-like 2', 'AC progenitor-like 1')",0.8763779527559055,OPC-like 2,AC progenitor-like 1,OPC-like 2 > AC progenitor-like 1,OPC-NPC-like,AC-gliosis-hypoxia
at10_0,"('OPC-like 2', 'AC progenitor-like 1')",0.8125,OPC-like 2,AC progenitor-like 1,OPC-like 2 > AC progenitor-like 1,OPC-NPC-like,AC-gliosis-hypoxia
at7_0,"('OPC-like 2', 'AC progenitor-like 1')",0.7816773017319963,OPC-like 2,AC progenitor-like 1,OPC-like 2 > AC progenitor-like 1,OPC-NPC-like,AC-gliosis-hypoxia
at10_2,"('OPC-like 2', 'AC progenitor-like 1')",0.9375,OPC-like 2,AC progenitor-like 1,OPC-like 2 > AC progenitor-like 1,OPC-NPC-like,AC-gliosis-hypoxia
at13_0,"('OPC-like 2', 'AC progenitor-like 1')",0.0863188770165514,OPC-like 2,AC progenitor-like 1,OPC-like 2 > AC progenitor-like 1,OPC-NPC-like,AC-gliosis-hypoxia
at15_4,"('OPC-like 2', 'AC progenitor-like 1')",0.7040816326530612,OPC-like 2,AC progenitor-like 1,OPC-like 2 > AC progenitor-like 1,OPC-NPC-like,AC-gliosis-hypoxia
at6_4,"('OPC-like 2', 'AC progenitor-like 1')",0.0205882352941176,OPC-like 2,AC progenitor-like 1,OPC-like 2 > AC progenitor-like 1,OPC-NPC-like,AC-gliosis-hypoxia
at10_1,"('OPC-like 2', 'AC progenitor-like 1')",0.8461538461538461,OPC-like 2,AC progenitor-like 1,OPC-like 2 > AC progenitor-like 1,OPC-NPC-like,AC-gliosis-hypoxia
at6_5,"('OPC-like 2', 'AC progenitor-like 1')",0.0346934752611866,OPC-like 2,AC progenitor-like 1,OPC-like 2 > AC progenitor-like 1,OPC-NPC-like,AC-gliosis-hypoxia
at3_3,"('OPC-like 2', 'AC progenitor-like 1')",0.2471641791044776,OPC-like 2,AC progenitor-like 1,OPC-like 2 > AC progenitor-like 1,OPC-NPC-like,AC-gliosis-hypoxia
at5_9,"('OPC-like 2', 'AC progenitor-like 1')",0.4444444444444444,OPC-like 2,AC progenitor-like 1,OPC-like 2 > AC progenitor-like 1,OPC-NPC-like,AC-gliosis-hypoxia
at4_2,"('OPC-like 2', 'AC progenitor-like 1')",0.0135135135135135,OPC-like 2,AC progenitor-like 1,OPC-like 2 > AC progenitor-like 1,OPC-NPC-like,AC-gliosis-hypoxia
at9_2,"('OPC-like 2', 'AC progenitor-like 1')",0.7,OPC-like 2,AC progenitor-like 1,OPC-like 2 > AC progenitor-like 1,OPC-NPC-like,AC-gliosis-hypoxia
at9_4,"('OPC-like 2', 'AC progenitor-like 1')",0.0212765957446808,OPC-like 2,AC progenitor-like 1,OPC-like 2 > AC progenitor-like 1,OPC-NPC-like,AC-gliosis-hypoxia
at9_0,"('OPC-like 2', 'AC progenitor-like 1')",0.0397350993377483,OPC-like 2,AC progenitor-like 1,OPC-like 2 > AC progenitor-like 1,OPC-NPC-like,AC-gliosis-hypoxia
at6_0,"('OPC-like 2', 'AC progenitor-like 1')",0.8839779005524862,OPC-like 2,AC progenitor-like 1,OPC-like 2 > AC progenitor-like 1,OPC-NPC-like,AC-gliosis-hypoxia
at4_1,"('OPC-like 2', 'AC progenitor-like 1')",0.7024793388429752,OPC-like 2,AC progenitor-like 1,OPC-like 2 > AC progenitor-like 1,OPC-NPC-like,AC-gliosis-hypoxia
at5_4,"('OPC-like 2', 'AC progenitor-like 1')",1.0,OPC-like 2,AC progenitor-like 1,OPC-like 2 > AC progenitor-like 1,OPC-NPC-like,AC-gliosis-hypoxia
at15_3,"('OPC-like 2', 'AC progenitor-like 1')",0.4678899082568807,OPC-like 2,AC progenitor-like 1,OPC-like 2 > AC progenitor-like 1,OPC-NPC-like,AC-gliosis-hypoxia
at15_0,"('OPC-like 2', 'AC progenitor-like 1')",0.7586206896551724,OPC-like 2,AC progenitor-like 1,OPC-like 2 > AC progenitor-like 1,OPC-NPC-like,AC-gliosis-hypoxia
at15_2,"('OPC-like 2', 'AC progenitor-like 1')",0.6111111111111112,OPC-like 2,AC progenitor-like 1,OPC-like 2 > AC progenitor-like 1,OPC-NPC-like,AC-gliosis-hypoxia
at15_6,"('OPC-like 2', 'AC progenitor-like 1')",0.1793103448275862,OPC-like 2,AC progenitor-like 1,OPC-like 2 > AC progenitor-like 1,OPC-NPC-like,AC-gliosis-hypoxia
at4_0,"('OPC-like 2', 'AC progenitor-like 1')",0.8763779527559055,OPC-like 2,AC progenitor-like 1,OPC-like 2 > AC progenitor-like 1,OPC-NPC-like,AC-gliosis-hypoxia
at10_0,"('OPC-like 2', 'AC progenitor-like 1')",0.8125,OPC-like 2,AC progenitor-like 1,OPC-like 2 > AC progenitor-like 1,OPC-NPC-like,AC-gliosis-hypoxia
at7_0,"('OPC-like 2', 'AC progenitor-like 1')",0.7816773017319963,OPC-like 2,AC progenitor-like 1,OPC-like 2 > AC progenitor-like 1,OPC-NPC-like,AC-gliosis-hypoxia
at10_2,"('OPC-like 2', 'AC progenitor-like 1')",0.9375,OPC-like 2,AC progenitor-like 1,OPC-like 2 > AC progenitor-like 1,OPC-NPC-like,AC-gliosis-hypoxia
at13_0,"('OPC-like 2', 'AC progenitor-like 1')",0.0863188770165514,OPC-like 2,AC progenitor-like 1,OPC-like 2 > AC progenitor-like 1,OPC-NPC-like,AC-gliosis-hypoxia
at15_4,"('OPC-like 2', 'AC progenitor-like 1')",0.7040816326530612,OPC-like 2,AC progenitor-like 1,OPC-like 2 > AC progenitor-like 1,OPC-NPC-like,AC-gliosis-hypoxia
at6_4,"('OPC-like 2', 'AC progenitor-like 1')",0.0205882352941176,OPC-like 2,AC progenitor-like 1,OPC-like 2 > AC progenitor-like 1,OPC-NPC-like,AC-gliosis-hypoxia
at10_1,"('OPC-like 2', 'AC progenitor-like 1')",0.8461538461538461,OPC-like 2,AC progenitor-like 1,OPC-like 2 > AC progenitor-like 1,OPC-NPC-like,AC-gliosis-hypoxia
at6_5,"('OPC-like 2', 'AC progenitor-like 1')",0.0346934752611866,OPC-like 2,AC progenitor-like 1,OPC-like 2 > AC progenitor-like 1,OPC-NPC-like,AC-gliosis-hypoxia
at3_3,"('OPC-like 2', 'AC progenitor-like 1')",0.2471641791044776,OPC-like 2,AC progenitor-like 1,OPC-like 2 > AC progenitor-like 1,OPC-NPC-like,AC-gliosis-hypoxia
at5_9,"('OPC-like 2', 'AC progenitor-like 1')",0.4444444444444444,OPC-like 2,AC progenitor-like 1,OPC-like 2 > AC progenitor-like 1,OPC-NPC-like,AC-gliosis-hypoxia
at4_2,"('OPC-like 2', 'AC progenitor-like 1')",0.0135135135135135,OPC-like 2,AC progenitor-like 1,OPC-like 2 > AC progenitor-like 1,OPC-NPC-like,AC-gliosis-hypoxia
at9_2,"('OPC-like 2', 'AC progenitor-like 1')",0.7,OPC-like 2,AC progenitor-like 1,OPC-like 2 > AC progenitor-like 1,OPC-NPC-like,AC-gliosis-hypoxia
at9_4,"('OPC-like 2', 'AC progenitor-like 1')",0.0212765957446808,OPC-like 2,AC progenitor-like 1,OPC-like 2 > AC progenitor-like 1,OPC-NPC-like,AC-gliosis-hypoxia
at9_0,"('OPC-like 2', 'AC progenitor-like 1')",0.0397350993377483,OPC-like 2,AC progenitor-like 1,OPC-like 2 > AC progenitor-like 1,OPC-NPC-like,AC-gliosis-hypoxia
at6_0,"('OPC-like 2', 'AC progenitor-like 1')",0.8839779005524862,OPC-like 2,AC progenitor-like 1,OPC-like 2 > AC progenitor-like 1,OPC-NPC-like,AC-gliosis-hypoxia
at4_1,"('OPC-like 2', 'AC progenitor-like 1')",0.7024793388429752,OPC-like 2,AC progenitor-like 1,OPC-like 2 > AC progenitor-like 1,OPC-NPC-like,AC-gliosis-hypoxia
at5_4,"('OPC-like 2', 'AC progenitor-like 1')",1.0,OPC-like 2,AC progenitor-like 1,OPC-like 2 > AC progenitor-like 1,OPC-NPC-like,AC-gliosis-hypoxia
at15_3,"('OPC-like 2', 'AC progenitor-like 1')",0.4678899082568807,OPC-like 2,AC progenitor-like 1,OPC-like 2 > AC progenitor-like 1,OPC-NPC-like,AC-gliosis-hypoxia
at15_0,"('OPC-like 2', 'AC progenitor-like 1')",0.7586206896551724,OPC-like 2,AC progenitor-like 1,OPC-like 2 > AC progenitor-like 1,OPC-NPC-like,AC-gliosis-hypoxia
at15_2,"('OPC-like 2', 'AC progenitor-like 1')",0.6111111111111112,OPC-like 2,AC progenitor-like 1,OPC-like 2 > AC progenitor-like 1,OPC-NPC-like,AC-gliosis-hypoxia
at15_6,"('OPC-like 2', 'AC progenitor-like 1')",0.1793103448275862,OPC-like 2,AC progenitor-like 1,OPC-like 2 > AC progenitor-like 1,OPC-NPC-like,AC-gliosis-hypoxia
at4_0,"('OPC-like 2', 'AC progenitor-like 1')",0.8763779527559055,OPC-like 2,AC progenitor-like 1,OPC-like 2 > AC progenitor-like 1,OPC-NPC-like,AC-gliosis-hypoxia
at10_0,"('OPC-like 2', 'AC progenitor-like 1')",0.8125,OPC-like 2,AC progenitor-like 1,OPC-like 2 > AC progenitor-like 1,OPC-NPC-like,AC-gliosis-hypoxia
at7_0,"('OPC-like 2', 'AC progenitor-like 1')",0.7816773017319963,OPC-like 2,AC progenitor-like 1,OPC-like 2 > AC progenitor-like 1,OPC-NPC-like,AC-gliosis-hypoxia
at10_2,"('OPC-like 2', 'AC progenitor-like 1')",0.9375,OPC-like 2,AC progenitor-like 1,OPC-like 2 > AC progenitor-like 1,OPC-NPC-like,AC-gliosis-hypoxia
at13_0,"('OPC-like 2', 'AC progenitor-like 1')",0.0863188770165514,OPC-like 2,AC progenitor-like 1,OPC-like 2 > AC progenitor-like 1,OPC-NPC-like,AC-gliosis-hypoxia
at15_4,"('OPC-like 2', 'AC progenitor-like 1')",0.7040816326530612,OPC-like 2,AC progenitor-like 1,OPC-like 2 > AC progenitor-like 1,OPC-NPC-like,AC-gliosis-hypoxia
at6_4,"('OPC-like 2', 'AC progenitor-like 1')",0.0205882352941176,OPC-like 2,AC progenitor-like 1,OPC-like 2 > AC progenitor-like 1,OPC-NPC-like,AC-gliosis-hypoxia
at10_1,"('OPC-like 2', 'AC progenitor-like 1')",0.8461538461538461,OPC-like 2,AC progenitor-like 1,OPC-like 2 > AC progenitor-like 1,OPC-NPC-like,AC-gliosis-hypoxia
at6_5,"('OPC-like 2', 'AC progenitor-like 1')",0.0346934752611866,OPC-like 2,AC progenitor-like 1,OPC-like 2 > AC progenitor-like 1,OPC-NPC-like,AC-gliosis-hypoxia
at3_3,"('OPC-like 2', 'AC progenitor-like 1')",0.2471641791044776,OPC-like 2,AC progenitor-like 1,OPC-like 2 > AC progenitor-like 1,OPC-NPC-like,AC-gliosis-hypoxia
at5_9,"('OPC-like 2', 'AC progenitor-like 1')",0.4444444444444444,OPC-like 2,AC progenitor-like 1,OPC-like 2 > AC progenitor-like 1,OPC-NPC-like,AC-gliosis-hypoxia
at4_2,"('OPC-like 2', 'AC progenitor-like 1')",0.0135135135135135,OPC-like 2,AC progenitor-like 1,OPC-like 2 > AC progenitor-like 1,OPC-NPC-like,AC-gliosis-hypoxia
at9_2,"('OPC-like 2', 'AC progenitor-like 1')",0.7,OPC-like 2,AC progenitor-like 1,OPC-like 2 > AC progenitor-like 1,OPC-NPC-like,AC-gliosis-hypoxia
at9_4,"('OPC-like 2', 'AC progenitor-like 1')",0.0212765957446808,OPC-like 2,AC progenitor-like 1,OPC-like 2 > AC progenitor-like 1,OPC-NPC-like,AC-gliosis-hypoxia
at9_0,"('OPC-like 2', 'AC progenitor-like 1')",0.0397350993377483,OPC-like 2,AC progenitor-like 1,OPC-like 2 > AC progenitor-like 1,OPC-NPC-like,AC-gliosis-hypoxia
at6_0,"('OPC-like 2', 'AC progenitor-like 1')",0.8839779005524862,OPC-like 2,AC progenitor-like 1,OPC-like 2 > AC progenitor-like 1,OPC-NPC-like,AC-gliosis-hypoxia
at4_1,"('OPC-like 2', 'AC progenitor-like 1')",0.7024793388429752,OPC-like 2,AC progenitor-like 1,OPC-like 2 > AC progenitor-like 1,OPC-NPC-like,AC-gliosis-hypoxia
at5_4,"('OPC-like 2', 'AC progenitor-like 1')",1.0,OPC-like 2,AC progenitor-like 1,OPC-like 2 > AC progenitor-like 1,OPC-NPC-like,AC-gliosis-hypoxia
at15_3,"('OPC-like 2', 'AC progenitor-like 1')",0.4678899082568807,OPC-like 2,AC progenitor-like 1,OPC-like 2 > AC progenitor-like 1,OPC-NPC-like,AC-gliosis-hypoxia
at15_0,"('OPC-like 2', 'AC progenitor-like 1')",0.7586206896551724,OPC-like 2,AC progenitor-like 1,OPC-like 2 > AC progenitor-like 1,OPC-NPC-like,AC-gliosis-hypoxia
at15_2,"('OPC-like 2', 'AC progenitor-like 1')",0.6111111111111112,OPC-like 2,AC progenitor-like 1,OPC-like 2 > AC progenitor-like 1,OPC-NPC-like,AC-gliosis-hypoxia
at15_6,"('OPC-like 2', 'AC progenitor-like 1')",0.1793103448275862,OPC-like 2,AC progenitor-like 1,OPC-like 2 > AC progenitor-like 1,OPC-NPC-like,AC-gliosis-hypoxia
at4_0,"('OPC-like 2', 'AC progenitor-like 1')",0.8763779527559055,OPC-like 2,AC progenitor-like 1,OPC-like 2 > AC progenitor-like 1,OPC-NPC-like,AC-gliosis-hypoxia
at10_0,"('OPC-like 2', 'AC progenitor-like 1')",0.8125,OPC-like 2,AC progenitor-like 1,OPC-like 2 > AC progenitor-like 1,OPC-NPC-like,AC-gliosis-hypoxia
at7_0,"('OPC-like 2', 'AC progenitor-like 1')",0.7816773017319963,OPC-like 2,AC progenitor-like 1,OPC-like 2 > AC progenitor-like 1,OPC-NPC-like,AC-gliosis-hypoxia
at10_2,"('OPC-like 2', 'AC progenitor-like 1')",0.9375,OPC-like 2,AC progenitor-like 1,OPC-like 2 > AC progenitor-like 1,OPC-NPC-like,AC-gliosis-hypoxia
at13_0,"('OPC-like 2', 'AC progenitor-like 1')",0.0863188770165514,OPC-like 2,AC progenitor-like 1,OPC-like 2 > AC progenitor-like 1,OPC-NPC-like,AC-gliosis-hypoxia
at15_4,"('OPC-like 2', 'AC progenitor-like 1')",0.7040816326530612,OPC-like 2,AC progenitor-like 1,OPC-like 2 > AC progenitor-like 1,OPC-NPC-like,AC-gliosis-hypoxia
at6_4,"('OPC-like 2', 'AC progenitor-like 1')",0.0205882352941176,OPC-like 2,AC progenitor-like 1,OPC-like 2 > AC progenitor-like 1,OPC-NPC-like,AC-gliosis-hypoxia
at10_1,"('OPC-like 2', 'AC progenitor-like 1')",0.8461538461538461,OPC-like 2,AC progenitor-like 1,OPC-like 2 > AC progenitor-like 1,OPC-NPC-like,AC-gliosis-hypoxia
at6_5,"('OPC-like 2', 'AC progenitor-like 1')",0.0346934752611866,OPC-like 2,AC progenitor-like 1,OPC-like 2 > AC progenitor-like 1,OPC-NPC-like,AC-gliosis-hypoxia
at3_3,"('OPC-like 2', 'AC progenitor-like 1')",0.2471641791044776,OPC-like 2,AC progenitor-like 1,OPC-like 2 > AC progenitor-like 1,OPC-NPC-like,AC-gliosis-hypoxia
at5_9,"('OPC-like 2', 'AC progenitor-like 1')",0.4444444444444444,OPC-like 2,AC progenitor-like 1,OPC-like 2 > AC progenitor-like 1,OPC-NPC-like,AC-gliosis-hypoxia
at4_2,"('OPC-like 2', 'AC progenitor-like 1')",0.0135135135135135,OPC-like 2,AC progenitor-like 1,OPC-like 2 > AC progenitor-like 1,OPC-NPC-like,AC-gliosis-hypoxia
at9_2,"('OPC-like 2', 'AC progenitor-like 1')",0.7,OPC-like 2,AC progenitor-like 1,OPC-like 2 > AC progenitor-like 1,OPC-NPC-like,AC-gliosis-hypoxia
at9_4,"('OPC-like 2', 'AC progenitor-like 1')",0.0212765957446808,OPC-like 2,AC progenitor-like 1,OPC-like 2 > AC progenitor-like 1,OPC-NPC-like,AC-gliosis-hypoxia
at9_0,"('OPC-like 2', 'AC progenitor-like 1')",0.0397350993377483,OPC-like 2,AC progenitor-like 1,OPC-like 2 > AC progenitor-like 1,OPC-NPC-like,AC-gliosis-hypoxia
at6_0,"('OPC-like 2', 'AC progenitor-like 1')",0.8839779005524862,OPC-like 2,AC progenitor-like 1,OPC-like 2 > AC progenitor-like 1,OPC-NPC-like,AC-gliosis-hypoxia
at4_1,"('OPC-like 2', 'AC progenitor-like 1')",0.7024793388429752,OPC-like 2,AC progenitor-like 1,OPC-like 2 > AC progenitor-like 1,OPC-NPC-like,AC-gliosis-hypoxia
at5_4,"('OPC-like 2', 'AC progenitor-like 1')",1.0,OPC-like 2,AC progenitor-like 1,OPC-like 2 > AC progenitor-like 1,OPC-NPC-like,AC-gliosis-hypoxia
at15_3,"('OPC-like 2', 'AC progenitor-like 1')",0.4678899082568807,OPC-like 2,AC progenitor-like 1,OPC-like 2 > AC progenitor-like 1,OPC-NPC-like,AC-gliosis-hypoxia
at15_0,"('OPC-like 2', 'AC progenitor-like 1')",0.7586206896551724,OPC-like 2,AC progenitor-like 1,OPC-like 2 > AC progenitor-like 1,OPC-NPC-like,AC-gliosis-hypoxia
at15_2,"('OPC-like 2', 'AC progenitor-like 1')",0.6111111111111112,OPC-like 2,AC progenitor-like 1,OPC-like 2 > AC progenitor-like 1,OPC-NPC-like,AC-gliosis-hypoxia
at15_6,"('OPC-like 2', 'AC progenitor-like 1')",0.1793103448275862,OPC-like 2,AC progenitor-like 1,OPC-like 2 > AC progenitor-like 1,OPC-NPC-like,AC-gliosis-hypoxia
at4_0,"('OPC-like 2', 'AC progenitor-like 1')",0.8763779527559055,OPC-like 2,AC progenitor-like 1,OPC-like 2 > AC progenitor-like 1,OPC-NPC-like,AC-gliosis-hypoxia
at10_0,"('OPC-like 2', 'AC progenitor-like 1')",0.8125,OPC-like 2,AC progenitor-like 1,OPC-like 2 > AC progenitor-like 1,OPC-NPC-like,AC-gliosis-hypoxia
at7_0,"('OPC-like 2', 'AC progenitor-like 1')",0.7816773017319963,OPC-like 2,AC progenitor-like 1,OPC-like 2 > AC progenitor-like 1,OPC-NPC-like,AC-gliosis-hypoxia
at10_2,"('OPC-like 2', 'AC progenitor-like 1')",0.9375,OPC-like 2,AC progenitor-like 1,OPC-like 2 > AC progenitor-like 1,OPC-NPC-like,AC-gliosis-hypoxia
at13_0,"('OPC-like 2', 'AC progenitor-like 1')",0.0863188770165514,OPC-like 2,AC progenitor-like 1,OPC-like 2 > AC progenitor-like 1,OPC-NPC-like,AC-gliosis-hypoxia
at15_4,"('OPC-like 2', 'AC progenitor-like 1')",0.7040816326530612,OPC-like 2,AC progenitor-like 1,OPC-like 2 > AC progenitor-like 1,OPC-NPC-like,AC-gliosis-hypoxia
at6_4,"('OPC-like 2', 'AC progenitor-like 1')",0.0205882352941176,OPC-like 2,AC progenitor-like 1,OPC-like 2 > AC progenitor-like 1,OPC-NPC-like,AC-gliosis-hypoxia
at10_1,"('OPC-like 2', 'AC progenitor-like 1')",0.8461538461538461,OPC-like 2,AC progenitor-like 1,OPC-like 2 > AC progenitor-like 1,OPC-NPC-like,AC-gliosis-hypoxia
at6_5,"('OPC-like 2', 'AC progenitor-like 1')",0.0346934752611866,OPC-like 2,AC progenitor-like 1,OPC-like 2 > AC progenitor-like 1,OPC-NPC-like,AC-gliosis-hypoxia
at3_3,"('OPC-like 2', 'AC progenitor-like 1')",0.2471641791044776,OPC-like 2,AC progenitor-like 1,OPC-like 2 > AC progenitor-like 1,OPC-NPC-like,AC-gliosis-hypoxia
at5_9,"('OPC-like 2', 'AC progenitor-like 1')",0.4444444444444444,OPC-like 2,AC progenitor-like 1,OPC-like 2 > AC progenitor-like 1,OPC-NPC-like,AC-gliosis-hypoxia
at4_2,"('OPC-like 2', 'AC progenitor-like 1')",0.0135135135135135,OPC-like 2,AC progenitor-like 1,OPC-like 2 > AC progenitor-like 1,OPC-NPC-like,AC-gliosis-hypoxia
at9_2,"('OPC-like 2', 'AC progenitor-like 1')",0.7,OPC-like 2,AC progenitor-like 1,OPC-like 2 > AC progenitor-like 1,OPC-NPC-like,AC-gliosis-hypoxia
at9_4,"('OPC-like 2', 'AC progenitor-like 1')",0.0212765957446808,OPC-like 2,AC progenitor-like 1,OPC-like 2 > AC progenitor-like 1,OPC-NPC-like,AC-gliosis-hypoxia
at9_0,"('OPC-like 2', 'AC progenitor-like 1')",0.0397350993377483,OPC-like 2,AC progenitor-like 1,OPC-like 2 > AC progenitor-like 1,OPC-NPC-like,AC-gliosis-hypoxia
at6_0,"('AC progenitor-like 2', 'Gliosis-like')",0.7142857142857143,AC progenitor-like 2,Gliosis-like,AC progenitor-like 2 > Gliosis-like,AC-gliosis-hypoxia,AC-gliosis-hypoxia
at5_4,"('AC progenitor-like 2', 'Gliosis-like')",1.0,AC progenitor-like 2,Gliosis-like,AC progenitor-like 2 > Gliosis-like,AC-gliosis-hypoxia,AC-gliosis-hypoxia
at15_3,"('AC progenitor-like 2', 'Gliosis-like')",0.943089430894309,AC progenitor-like 2,Gliosis-like,AC progenitor-like 2 > Gliosis-like,AC-gliosis-hypoxia,AC-gliosis-hypoxia
at15_0,"('AC progenitor-like 2', 'Gliosis-like')",0.8,AC progenitor-like 2,Gliosis-like,AC progenitor-like 2 > Gliosis-like,AC-gliosis-hypoxia,AC-gliosis-hypoxia
at15_2,"('AC progenitor-like 2', 'Gliosis-like')",0.1923076923076923,AC progenitor-like 2,Gliosis-like,AC progenitor-like 2 > Gliosis-like,AC-gliosis-hypoxia,AC-gliosis-hypoxia
at15_6,"('AC progenitor-like 2', 'Gliosis-like')",0.7196969696969697,AC progenitor-like 2,Gliosis-like,AC progenitor-like 2 > Gliosis-like,AC-gliosis-hypoxia,AC-gliosis-hypoxia
at4_0,"('AC progenitor-like 2', 'Gliosis-like')",0.0023255813953488,AC progenitor-like 2,Gliosis-like,AC progenitor-like 2 > Gliosis-like,AC-gliosis-hypoxia,AC-gliosis-hypoxia
at10_0,"('AC progenitor-like 2', 'Gliosis-like')",0.0454545454545454,AC progenitor-like 2,Gliosis-like,AC progenitor-like 2 > Gliosis-like,AC-gliosis-hypoxia,AC-gliosis-hypoxia
at7_0,"('AC progenitor-like 2', 'Gliosis-like')",0.0035906642728904,AC progenitor-like 2,Gliosis-like,AC progenitor-like 2 > Gliosis-like,AC-gliosis-hypoxia,AC-gliosis-hypoxia
at13_0,"('AC progenitor-like 2', 'Gliosis-like')",0.8,AC progenitor-like 2,Gliosis-like,AC progenitor-like 2 > Gliosis-like,AC-gliosis-hypoxia,AC-gliosis-hypoxia
at15_4,"('AC progenitor-like 2', 'Gliosis-like')",0.4810126582278481,AC progenitor-like 2,Gliosis-like,AC progenitor-like 2 > Gliosis-like,AC-gliosis-hypoxia,AC-gliosis-hypoxia
at5_2,"('AC progenitor-like 2', 'Gliosis-like')",1.0,AC progenitor-like 2,Gliosis-like,AC progenitor-like 2 > Gliosis-like,AC-gliosis-hypoxia,AC-gliosis-hypoxia
at10_1,"('AC progenitor-like 2', 'Gliosis-like')",0.0916666666666666,AC progenitor-like 2,Gliosis-like,AC progenitor-like 2 > Gliosis-like,AC-gliosis-hypoxia,AC-gliosis-hypoxia
at6_5,"('AC progenitor-like 2', 'Gliosis-like')",0.0108695652173913,AC progenitor-like 2,Gliosis-like,AC progenitor-like 2 > Gliosis-like,AC-gliosis-hypoxia,AC-gliosis-hypoxia
at5_9,"('AC progenitor-like 2', 'Gliosis-like')",0.8235294117647058,AC progenitor-like 2,Gliosis-like,AC progenitor-like 2 > Gliosis-like,AC-gliosis-hypoxia,AC-gliosis-hypoxia
at4_2,"('AC progenitor-like 2', 'Gliosis-like')",0.0625,AC progenitor-like 2,Gliosis-like,AC progenitor-like 2 > Gliosis-like,AC-gliosis-hypoxia,AC-gliosis-hypoxia
at9_4,"('AC progenitor-like 2', 'Gliosis-like')",0.0161290322580645,AC progenitor-like 2,Gliosis-like,AC progenitor-like 2 > Gliosis-like,AC-gliosis-hypoxia,AC-gliosis-hypoxia
at9_0,"('AC progenitor-like 2', 'Gliosis-like')",0.8045112781954887,AC progenitor-like 2,Gliosis-like,AC progenitor-like 2 > Gliosis-like,AC-gliosis-hypoxia,AC-gliosis-hypoxia
at6_0,"('AC progenitor-like 2', 'Gliosis-like')",0.7142857142857143,AC progenitor-like 2,Gliosis-like,AC progenitor-like 2 > Gliosis-like,AC-gliosis-hypoxia,AC-gliosis-hypoxia
at5_4,"('AC progenitor-like 2', 'Gliosis-like')",1.0,AC progenitor-like 2,Gliosis-like,AC progenitor-like 2 > Gliosis-like,AC-gliosis-hypoxia,AC-gliosis-hypoxia
at15_3,"('AC progenitor-like 2', 'Gliosis-like')",0.943089430894309,AC progenitor-like 2,Gliosis-like,AC progenitor-like 2 > Gliosis-like,AC-gliosis-hypoxia,AC-gliosis-hypoxia
at15_0,"('AC progenitor-like 2', 'Gliosis-like')",0.8,AC progenitor-like 2,Gliosis-like,AC progenitor-like 2 > Gliosis-like,AC-gliosis-hypoxia,AC-gliosis-hypoxia
at15_2,"('AC progenitor-like 2', 'Gliosis-like')",0.1923076923076923,AC progenitor-like 2,Gliosis-like,AC progenitor-like 2 > Gliosis-like,AC-gliosis-hypoxia,AC-gliosis-hypoxia
at15_6,"('AC progenitor-like 2', 'Gliosis-like')",0.7196969696969697,AC progenitor-like 2,Gliosis-like,AC progenitor-like 2 > Gliosis-like,AC-gliosis-hypoxia,AC-gliosis-hypoxia
at4_0,"('AC progenitor-like 2', 'Gliosis-like')",0.0023255813953488,AC progenitor-like 2,Gliosis-like,AC progenitor-like 2 > Gliosis-like,AC-gliosis-hypoxia,AC-gliosis-hypoxia
at10_0,"('AC progenitor-like 2', 'Gliosis-like')",0.0454545454545454,AC progenitor-like 2,Gliosis-like,AC progenitor-like 2 > Gliosis-like,AC-gliosis-hypoxia,AC-gliosis-hypoxia
at7_0,"('AC progenitor-like 2', 'Gliosis-like')",0.0035906642728904,AC progenitor-like 2,Gliosis-like,AC progenitor-like 2 > Gliosis-like,AC-gliosis-hypoxia,AC-gliosis-hypoxia
at13_0,"('AC progenitor-like 2', 'Gliosis-like')",0.8,AC progenitor-like 2,Gliosis-like,AC progenitor-like 2 > Gliosis-like,AC-gliosis-hypoxia,AC-gliosis-hypoxia
at15_4,"('AC progenitor-like 2', 'Gliosis-like')",0.4810126582278481,AC progenitor-like 2,Gliosis-like,AC progenitor-like 2 > Gliosis-like,AC-gliosis-hypoxia,AC-gliosis-hypoxia
at5_2,"('AC progenitor-like 2', 'Gliosis-like')",1.0,AC progenitor-like 2,Gliosis-like,AC progenitor-like 2 > Gliosis-like,AC-gliosis-hypoxia,AC-gliosis-hypoxia
at10_1,"('AC progenitor-like 2', 'Gliosis-like')",0.0916666666666666,AC progenitor-like 2,Gliosis-like,AC progenitor-like 2 > Gliosis-like,AC-gliosis-hypoxia,AC-gliosis-hypoxia
at6_5,"('AC progenitor-like 2', 'Gliosis-like')",0.0108695652173913,AC progenitor-like 2,Gliosis-like,AC progenitor-like 2 > Gliosis-like,AC-gliosis-hypoxia,AC-gliosis-hypoxia
at5_9,"('AC progenitor-like 2', 'Gliosis-like')",0.8235294117647058,AC progenitor-like 2,Gliosis-like,AC progenitor-like 2 > Gliosis-like,AC-gliosis-hypoxia,AC-gliosis-hypoxia
at4_2,"('AC progenitor-like 2', 'Gliosis-like')",0.0625,AC progenitor-like 2,Gliosis-like,AC progenitor-like 2 > Gliosis-like,AC-gliosis-hypoxia,AC-gliosis-hypoxia
at9_4,"('AC progenitor-like 2', 'Gliosis-like')",0.0161290322580645,AC progenitor-like 2,Gliosis-like,AC progenitor-like 2 > Gliosis-like,AC-gliosis-hypoxia,AC-gliosis-hypoxia
at9_0,"('AC progenitor-like 2', 'Gliosis-like')",0.8045112781954887,AC progenitor-like 2,Gliosis-like,AC progenitor-like 2 > Gliosis-like,AC-gliosis-hypoxia,AC-gliosis-hypoxia
at6_0,"('AC progenitor-like 2', 'Gliosis-like')",0.7142857142857143,AC progenitor-like 2,Gliosis-like,AC progenitor-like 2 > Gliosis-like,AC-gliosis-hypoxia,AC-gliosis-hypoxia
at5_4,"('AC progenitor-like 2', 'Gliosis-like')",1.0,AC progenitor-like 2,Gliosis-like,AC progenitor-like 2 > Gliosis-like,AC-gliosis-hypoxia,AC-gliosis-hypoxia
at15_3,"('AC progenitor-like 2', 'Gliosis-like')",0.943089430894309,AC progenitor-like 2,Gliosis-like,AC progenitor-like 2 > Gliosis-like,AC-gliosis-hypoxia,AC-gliosis-hypoxia
at15_0,"('AC progenitor-like 2', 'Gliosis-like')",0.8,AC progenitor-like 2,Gliosis-like,AC progenitor-like 2 > Gliosis-like,AC-gliosis-hypoxia,AC-gliosis-hypoxia
at15_2,"('AC progenitor-like 2', 'Gliosis-like')",0.1923076923076923,AC progenitor-like 2,Gliosis-like,AC progenitor-like 2 > Gliosis-like,AC-gliosis-hypoxia,AC-gliosis-hypoxia
at15_6,"('AC progenitor-like 2', 'Gliosis-like')",0.7196969696969697,AC progenitor-like 2,Gliosis-like,AC progenitor-like 2 > Gliosis-like,AC-gliosis-hypoxia,AC-gliosis-hypoxia
at4_0,"('AC progenitor-like 2', 'Gliosis-like')",0.0023255813953488,AC progenitor-like 2,Gliosis-like,AC progenitor-like 2 > Gliosis-like,AC-gliosis-hypoxia,AC-gliosis-hypoxia
at10_0,"('AC progenitor-like 2', 'Gliosis-like')",0.0454545454545454,AC progenitor-like 2,Gliosis-like,AC progenitor-like 2 > Gliosis-like,AC-gliosis-hypoxia,AC-gliosis-hypoxia
at7_0,"('AC progenitor-like 2', 'Gliosis-like')",0.0035906642728904,AC progenitor-like 2,Gliosis-like,AC progenitor-like 2 > Gliosis-like,AC-gliosis-hypoxia,AC-gliosis-hypoxia
at13_0,"('AC progenitor-like 2', 'Gliosis-like')",0.8,AC progenitor-like 2,Gliosis-like,AC progenitor-like 2 > Gliosis-like,AC-gliosis-hypoxia,AC-gliosis-hypoxia
at15_4,"('AC progenitor-like 2', 'Gliosis-like')",0.4810126582278481,AC progenitor-like 2,Gliosis-like,AC progenitor-like 2 > Gliosis-like,AC-gliosis-hypoxia,AC-gliosis-hypoxia
at5_2,"('AC progenitor-like 2', 'Gliosis-like')",1.0,AC progenitor-like 2,Gliosis-like,AC progenitor-like 2 > Gliosis-like,AC-gliosis-hypoxia,AC-gliosis-hypoxia
at10_1,"('AC progenitor-like 2', 'Gliosis-like')",0.0916666666666666,AC progenitor-like 2,Gliosis-like,AC progenitor-like 2 > Gliosis-like,AC-gliosis-hypoxia,AC-gliosis-hypoxia
at6_5,"('AC progenitor-like 2', 'Gliosis-like')",0.0108695652173913,AC progenitor-like 2,Gliosis-like,AC progenitor-like 2 > Gliosis-like,AC-gliosis-hypoxia,AC-gliosis-hypoxia
at5_9,"('AC progenitor-like 2', 'Gliosis-like')",0.8235294117647058,AC progenitor-like 2,Gliosis-like,AC progenitor-like 2 > Gliosis-like,AC-gliosis-hypoxia,AC-gliosis-hypoxia
at4_2,"('AC progenitor-like 2', 'Gliosis-like')",0.0625,AC progenitor-like 2,Gliosis-like,AC progenitor-like 2 > Gliosis-like,AC-gliosis-hypoxia,AC-gliosis-hypoxia
at9_4,"('AC progenitor-like 2', 'Gliosis-like')",0.0161290322580645,AC progenitor-like 2,Gliosis-like,AC progenitor-like 2 > Gliosis-like,AC-gliosis-hypoxia,AC-gliosis-hypoxia
at9_0,"('AC progenitor-like 2', 'Gliosis-like')",0.8045112781954887,AC progenitor-like 2,Gliosis-like,AC progenitor-like 2 > Gliosis-like,AC-gliosis-hypoxia,AC-gliosis-hypoxia
at6_0,"('AC progenitor-like 2', 'Gliosis-like')",0.7142857142857143,AC progenitor-like 2,Gliosis-like,AC progenitor-like 2 > Gliosis-like,AC-gliosis-hypoxia,AC-gliosis-hypoxia
at5_4,"('AC progenitor-like 2', 'Gliosis-like')",1.0,AC progenitor-like 2,Gliosis-like,AC progenitor-like 2 > Gliosis-like,AC-gliosis-hypoxia,AC-gliosis-hypoxia
at15_3,"('AC progenitor-like 2', 'Gliosis-like')",0.943089430894309,AC progenitor-like 2,Gliosis-like,AC progenitor-like 2 > Gliosis-like,AC-gliosis-hypoxia,AC-gliosis-hypoxia
at15_0,"('AC progenitor-like 2', 'Gliosis-like')",0.8,AC progenitor-like 2,Gliosis-like,AC progenitor-like 2 > Gliosis-like,AC-gliosis-hypoxia,AC-gliosis-hypoxia
at15_2,"('AC progenitor-like 2', 'Gliosis-like')",0.1923076923076923,AC progenitor-like 2,Gliosis-like,AC progenitor-like 2 > Gliosis-like,AC-gliosis-hypoxia,AC-gliosis-hypoxia
at15_6,"('AC progenitor-like 2', 'Gliosis-like')",0.7196969696969697,AC progenitor-like 2,Gliosis-like,AC progenitor-like 2 > Gliosis-like,AC-gliosis-hypoxia,AC-gliosis-hypoxia
at4_0,"('AC progenitor-like 2', 'Gliosis-like')",0.0023255813953488,AC progenitor-like 2,Gliosis-like,AC progenitor-like 2 > Gliosis-like,AC-gliosis-hypoxia,AC-gliosis-hypoxia
at10_0,"('AC progenitor-like 2', 'Gliosis-like')",0.0454545454545454,AC progenitor-like 2,Gliosis-like,AC progenitor-like 2 > Gliosis-like,AC-gliosis-hypoxia,AC-gliosis-hypoxia
at7_0,"('AC progenitor-like 2', 'Gliosis-like')",0.0035906642728904,AC progenitor-like 2,Gliosis-like,AC progenitor-like 2 > Gliosis-like,AC-gliosis-hypoxia,AC-gliosis-hypoxia
at13_0,"('AC progenitor-like 2', 'Gliosis-like')",0.8,AC progenitor-like 2,Gliosis-like,AC progenitor-like 2 > Gliosis-like,AC-gliosis-hypoxia,AC-gliosis-hypoxia
at15_4,"('AC progenitor-like 2', 'Gliosis-like')",0.4810126582278481,AC progenitor-like 2,Gliosis-like,AC progenitor-like 2 > Gliosis-like,AC-gliosis-hypoxia,AC-gliosis-hypoxia
at5_2,"('AC progenitor-like 2', 'Gliosis-like')",1.0,AC progenitor-like 2,Gliosis-like,AC progenitor-like 2 > Gliosis-like,AC-gliosis-hypoxia,AC-gliosis-hypoxia
at10_1,"('AC progenitor-like 2', 'Gliosis-like')",0.0916666666666666,AC progenitor-like 2,Gliosis-like,AC progenitor-like 2 > Gliosis-like,AC-gliosis-hypoxia,AC-gliosis-hypoxia
at6_5,"('AC progenitor-like 2', 'Gliosis-like')",0.0108695652173913,AC progenitor-like 2,Gliosis-like,AC progenitor-like 2 > Gliosis-like,AC-gliosis-hypoxia,AC-gliosis-hypoxia
at5_9,"('AC progenitor-like 2', 'Gliosis-like')",0.8235294117647058,AC progenitor-like 2,Gliosis-like,AC progenitor-like 2 > Gliosis-like,AC-gliosis-hypoxia,AC-gliosis-hypoxia
at4_2,"('AC progenitor-like 2', 'Gliosis-like')",0.0625,AC progenitor-like 2,Gliosis-like,AC progenitor-like 2 > Gliosis-like,AC-gliosis-hypoxia,AC-gliosis-hypoxia
at9_4,"('AC progenitor-like 2', 'Gliosis-like')",0.0161290322580645,AC progenitor-like 2,Gliosis-like,AC progenitor-like 2 > Gliosis-like,AC-gliosis-hypoxia,AC-gliosis-hypoxia
at9_0,"('AC progenitor-like 2', 'Gliosis-like')",0.8045112781954887,AC progenitor-like 2,Gliosis-like,AC progenitor-like 2 > Gliosis-like,AC-gliosis-hypoxia,AC-gliosis-hypoxia
at6_0,"('AC progenitor-like 2', 'Gliosis-like')",0.7142857142857143,AC progenitor-like 2,Gliosis-like,AC progenitor-like 2 > Gliosis-like,AC-gliosis-hypoxia,AC-gliosis-hypoxia
at5_4,"('AC progenitor-like 2', 'Gliosis-like')",1.0,AC progenitor-like 2,Gliosis-like,AC progenitor-like 2 > Gliosis-like,AC-gliosis-hypoxia,AC-gliosis-hypoxia
at15_3,"('AC progenitor-like 2', 'Gliosis-like')",0.943089430894309,AC progenitor-like 2,Gliosis-like,AC progenitor-like 2 > Gliosis-like,AC-gliosis-hypoxia,AC-gliosis-hypoxia
at15_0,"('AC progenitor-like 2', 'Gliosis-like')",0.8,AC progenitor-like 2,Gliosis-like,AC progenitor-like 2 > Gliosis-like,AC-gliosis-hypoxia,AC-gliosis-hypoxia
at15_2,"('AC progenitor-like 2', 'Gliosis-like')",0.1923076923076923,AC progenitor-like 2,Gliosis-like,AC progenitor-like 2 > Gliosis-like,AC-gliosis-hypoxia,AC-gliosis-hypoxia
at15_6,"('AC progenitor-like 2', 'Gliosis-like')",0.7196969696969697,AC progenitor-like 2,Gliosis-like,AC progenitor-like 2 > Gliosis-like,AC-gliosis-hypoxia,AC-gliosis-hypoxia
at4_0,"('AC progenitor-like 2', 'Gliosis-like')",0.0023255813953488,AC progenitor-like 2,Gliosis-like,AC progenitor-like 2 > Gliosis-like,AC-gliosis-hypoxia,AC-gliosis-hypoxia
at10_0,"('AC progenitor-like 2', 'Gliosis-like')",0.0454545454545454,AC progenitor-like 2,Gliosis-like,AC progenitor-like 2 > Gliosis-like,AC-gliosis-hypoxia,AC-gliosis-hypoxia
at7_0,"('AC progenitor-like 2', 'Gliosis-like')",0.0035906642728904,AC progenitor-like 2,Gliosis-like,AC progenitor-like 2 > Gliosis-like,AC-gliosis-hypoxia,AC-gliosis-hypoxia
at13_0,"('AC progenitor-like 2', 'Gliosis-like')",0.8,AC progenitor-like 2,Gliosis-like,AC progenitor-like 2 > Gliosis-like,AC-gliosis-hypoxia,AC-gliosis-hypoxia
at15_4,"('AC progenitor-like 2', 'Gliosis-like')",0.4810126582278481,AC progenitor-like 2,Gliosis-like,AC progenitor-like 2 > Gliosis-like,AC-gliosis-hypoxia,AC-gliosis-hypoxia
at5_2,"('AC progenitor-like 2', 'Gliosis-like')",1.0,AC progenitor-like 2,Gliosis-like,AC progenitor-like 2 > Gliosis-like,AC-gliosis-hypoxia,AC-gliosis-hypoxia
at10_1,"('AC progenitor-like 2', 'Gliosis-like')",0.0916666666666666,AC progenitor-like 2,Gliosis-like,AC progenitor-like 2 > Gliosis-like,AC-gliosis-hypoxia,AC-gliosis-hypoxia
at6_5,"('AC progenitor-like 2', 'Gliosis-like')",0.0108695652173913,AC progenitor-like 2,Gliosis-like,AC progenitor-like 2 > Gliosis-like,AC-gliosis-hypoxia,AC-gliosis-hypoxia
at5_9,"('AC progenitor-like 2', 'Gliosis-like')",0.8235294117647058,AC progenitor-like 2,Gliosis-like,AC progenitor-like 2 > Gliosis-like,AC-gliosis-hypoxia,AC-gliosis-hypoxia
at4_2,"('AC progenitor-like 2', 'Gliosis-like')",0.0625,AC progenitor-like 2,Gliosis-like,AC progenitor-like 2 > Gliosis-like,AC-gliosis-hypoxia,AC-gliosis-hypoxia
at9_4,"('AC progenitor-like 2', 'Gliosis-like')",0.0161290322580645,AC progenitor-like 2,Gliosis-like,AC progenitor-like 2 > Gliosis-like,AC-gliosis-hypoxia,AC-gliosis-hypoxia
at9_0,"('AC progenitor-like 2', 'Gliosis-like')",0.8045112781954887,AC progenitor-like 2,Gliosis-like,AC progenitor-like 2 > Gliosis-like,AC-gliosis-hypoxia,AC-gliosis-hypoxia
at6_0,"('AC progenitor-like 2', 'Gliosis-like')",0.7142857142857143,AC progenitor-like 2,Gliosis-like,AC progenitor-like 2 > Gliosis-like,AC-gliosis-hypoxia,AC-gliosis-hypoxia
at5_4,"('AC progenitor-like 2', 'Gliosis-like')",1.0,AC progenitor-like 2,Gliosis-like,AC progenitor-like 2 > Gliosis-like,AC-gliosis-hypoxia,AC-gliosis-hypoxia
at15_3,"('AC progenitor-like 2', 'Gliosis-like')",0.943089430894309,AC progenitor-like 2,Gliosis-like,AC progenitor-like 2 > Gliosis-like,AC-gliosis-hypoxia,AC-gliosis-hypoxia
at15_0,"('AC progenitor-like 2', 'Gliosis-like')",0.8,AC progenitor-like 2,Gliosis-like,AC progenitor-like 2 > Gliosis-like,AC-gliosis-hypoxia,AC-gliosis-hypoxia
at15_2,"('AC progenitor-like 2', 'Gliosis-like')",0.1923076923076923,AC progenitor-like 2,Gliosis-like,AC progenitor-like 2 > Gliosis-like,AC-gliosis-hypoxia,AC-gliosis-hypoxia
at15_6,"('AC progenitor-like 2', 'Gliosis-like')",0.7196969696969697,AC progenitor-like 2,Gliosis-like,AC progenitor-like 2 > Gliosis-like,AC-gliosis-hypoxia,AC-gliosis-hypoxia
at4_0,"('AC progenitor-like 2', 'Gliosis-like')",0.0023255813953488,AC progenitor-like 2,Gliosis-like,AC progenitor-like 2 > Gliosis-like,AC-gliosis-hypoxia,AC-gliosis-hypoxia
at10_0,"('AC progenitor-like 2', 'Gliosis-like')",0.0454545454545454,AC progenitor-like 2,Gliosis-like,AC progenitor-like 2 > Gliosis-like,AC-gliosis-hypoxia,AC-gliosis-hypoxia
at7_0,"('AC progenitor-like 2', 'Gliosis-like')",0.0035906642728904,AC progenitor-like 2,Gliosis-like,AC progenitor-like 2 > Gliosis-like,AC-gliosis-hypoxia,AC-gliosis-hypoxia
at13_0,"('AC progenitor-like 2', 'Gliosis-like')",0.8,AC progenitor-like 2,Gliosis-like,AC progenitor-like 2 > Gliosis-like,AC-gliosis-hypoxia,AC-gliosis-hypoxia
at15_4,"('AC progenitor-like 2', 'Gliosis-like')",0.4810126582278481,AC progenitor-like 2,Gliosis-like,AC progenitor-like 2 > Gliosis-like,AC-gliosis-hypoxia,AC-gliosis-hypoxia
at5_2,"('AC progenitor-like 2', 'Gliosis-like')",1.0,AC progenitor-like 2,Gliosis-like,AC progenitor-like 2 > Gliosis-like,AC-gliosis-hypoxia,AC-gliosis-hypoxia
at10_1,"('AC progenitor-like 2', 'Gliosis-like')",0.0916666666666666,AC progenitor-like 2,Gliosis-like,AC progenitor-like 2 > Gliosis-like,AC-gliosis-hypoxia,AC-gliosis-hypoxia
at6_5,"('AC progenitor-like 2', 'Gliosis-like')",0.0108695652173913,AC progenitor-like 2,Gliosis-like,AC progenitor-like 2 > Gliosis-like,AC-gliosis-hypoxia,AC-gliosis-hypoxia
at5_9,"('AC progenitor-like 2', 'Gliosis-like')",0.8235294117647058,AC progenitor-like 2,Gliosis-like,AC progenitor-like 2 > Gliosis-like,AC-gliosis-hypoxia,AC-gliosis-hypoxia
at4_2,"('AC progenitor-like 2', 'Gliosis-like')",0.0625,AC progenitor-like 2,Gliosis-like,AC progenitor-like 2 > Gliosis-like,AC-gliosis-hypoxia,AC-gliosis-hypoxia
at9_4,"('AC progenitor-like 2', 'Gliosis-like')",0.0161290322580645,AC progenitor-like 2,Gliosis-like,AC progenitor-like 2 > Gliosis-like,AC-gliosis-hypoxia,AC-gliosis-hypoxia
at9_0,"('AC progenitor-like 2', 'Gliosis-like')",0.8045112781954887,AC progenitor-like 2,Gliosis-like,AC progenitor-like 2 > Gliosis-like,AC-gliosis-hypoxia,AC-gliosis-hypoxia
at6_0,"('AC progenitor-like 2', 'Gliosis-like')",0.7142857142857143,AC progenitor-like 2,Gliosis-like,AC progenitor-like 2 > Gliosis-like,AC-gliosis-hypoxia,AC-gliosis-hypoxia
at5_4,"('AC progenitor-like 2', 'Gliosis-like')",1.0,AC progenitor-like 2,Gliosis-like,AC progenitor-like 2 > Gliosis-like,AC-gliosis-hypoxia,AC-gliosis-hypoxia
at15_3,"('AC progenitor-like 2', 'Gliosis-like')",0.943089430894309,AC progenitor-like 2,Gliosis-like,AC progenitor-like 2 > Gliosis-like,AC-gliosis-hypoxia,AC-gliosis-hypoxia
at15_0,"('AC progenitor-like 2', 'Gliosis-like')",0.8,AC progenitor-like 2,Gliosis-like,AC progenitor-like 2 > Gliosis-like,AC-gliosis-hypoxia,AC-gliosis-hypoxia
at15_2,"('AC progenitor-like 2', 'Gliosis-like')",0.1923076923076923,AC progenitor-like 2,Gliosis-like,AC progenitor-like 2 > Gliosis-like,AC-gliosis-hypoxia,AC-gliosis-hypoxia
at15_6,"('AC progenitor-like 2', 'Gliosis-like')",0.7196969696969697,AC progenitor-like 2,Gliosis-like,AC progenitor-like 2 > Gliosis-like,AC-gliosis-hypoxia,AC-gliosis-hypoxia
at4_0,"('AC progenitor-like 2', 'Gliosis-like')",0.0023255813953488,AC progenitor-like 2,Gliosis-like,AC progenitor-like 2 > Gliosis-like,AC-gliosis-hypoxia,AC-gliosis-hypoxia
at10_0,"('AC progenitor-like 2', 'Gliosis-like')",0.0454545454545454,AC progenitor-like 2,Gliosis-like,AC progenitor-like 2 > Gliosis-like,AC-gliosis-hypoxia,AC-gliosis-hypoxia
at7_0,"('AC progenitor-like 2', 'Gliosis-like')",0.0035906642728904,AC progenitor-like 2,Gliosis-like,AC progenitor-like 2 > Gliosis-like,AC-gliosis-hypoxia,AC-gliosis-hypoxia
at13_0,"('AC progenitor-like 2', 'Gliosis-like')",0.8,AC progenitor-like 2,Gliosis-like,AC progenitor-like 2 > Gliosis-like,AC-gliosis-hypoxia,AC-gliosis-hypoxia
at15_4,"('AC progenitor-like 2', 'Gliosis-like')",0.4810126582278481,AC progenitor-like 2,Gliosis-like,AC progenitor-like 2 > Gliosis-like,AC-gliosis-hypoxia,AC-gliosis-hypoxia
at5_2,"('AC progenitor-like 2', 'Gliosis-like')",1.0,AC progenitor-like 2,Gliosis-like,AC progenitor-like 2 > Gliosis-like,AC-gliosis-hypoxia,AC-gliosis-hypoxia
at10_1,"('AC progenitor-like 2', 'Gliosis-like')",0.0916666666666666,AC progenitor-like 2,Gliosis-like,AC progenitor-like 2 > Gliosis-like,AC-gliosis-hypoxia,AC-gliosis-hypoxia
at6_5,"('AC progenitor-like 2', 'Gliosis-like')",0.0108695652173913,AC progenitor-like 2,Gliosis-like,AC progenitor-like 2 > Gliosis-like,AC-gliosis-hypoxia,AC-gliosis-hypoxia
at5_9,"('AC progenitor-like 2', 'Gliosis-like')",0.8235294117647058,AC progenitor-like 2,Gliosis-like,AC progenitor-like 2 > Gliosis-like,AC-gliosis-hypoxia,AC-gliosis-hypoxia
at4_2,"('AC progenitor-like 2', 'Gliosis-like')",0.0625,AC progenitor-like 2,Gliosis-like,AC progenitor-like 2 > Gliosis-like,AC-gliosis-hypoxia,AC-gliosis-hypoxia
at9_4,"('AC progenitor-like 2', 'Gliosis-like')",0.0161290322580645,AC progenitor-like 2,Gliosis-like,AC progenitor-like 2 > Gliosis-like,AC-gliosis-hypoxia,AC-gliosis-hypoxia
at9_0,"('AC progenitor-like 2', 'Gliosis-like')",0.8045112781954887,AC progenitor-like 2,Gliosis-like,AC progenitor-like 2 > Gliosis-like,AC-gliosis-hypoxia,AC-gliosis-hypoxia
at6_0,"('AC progenitor-like 2', 'Gliosis-like')",0.7142857142857143,AC progenitor-like 2,Gliosis-like,AC progenitor-like 2 > Gliosis-like,AC-gliosis-hypoxia,AC-gliosis-hypoxia
at5_4,"('AC progenitor-like 2', 'Gliosis-like')",1.0,AC progenitor-like 2,Gliosis-like,AC progenitor-like 2 > Gliosis-like,AC-gliosis-hypoxia,AC-gliosis-hypoxia
at15_3,"('AC progenitor-like 2', 'Gliosis-like')",0.943089430894309,AC progenitor-like 2,Gliosis-like,AC progenitor-like 2 > Gliosis-like,AC-gliosis-hypoxia,AC-gliosis-hypoxia
at15_0,"('AC progenitor-like 2', 'Gliosis-like')",0.8,AC progenitor-like 2,Gliosis-like,AC progenitor-like 2 > Gliosis-like,AC-gliosis-hypoxia,AC-gliosis-hypoxia
at15_2,"('AC progenitor-like 2', 'Gliosis-like')",0.1923076923076923,AC progenitor-like 2,Gliosis-like,AC progenitor-like 2 > Gliosis-like,AC-gliosis-hypoxia,AC-gliosis-hypoxia
at15_6,"('AC progenitor-like 2', 'Gliosis-like')",0.7196969696969697,AC progenitor-like 2,Gliosis-like,AC progenitor-like 2 > Gliosis-like,AC-gliosis-hypoxia,AC-gliosis-hypoxia
at4_0,"('AC progenitor-like 2', 'Gliosis-like')",0.0023255813953488,AC progenitor-like 2,Gliosis-like,AC progenitor-like 2 > Gliosis-like,AC-gliosis-hypoxia,AC-gliosis-hypoxia
at10_0,"('AC progenitor-like 2', 'Gliosis-like')",0.0454545454545454,AC progenitor-like 2,Gliosis-like,AC progenitor-like 2 > Gliosis-like,AC-gliosis-hypoxia,AC-gliosis-hypoxia
at7_0,"('AC progenitor-like 2', 'Gliosis-like')",0.0035906642728904,AC progenitor-like 2,Gliosis-like,AC progenitor-like 2 > Gliosis-like,AC-gliosis-hypoxia,AC-gliosis-hypoxia
at13_0,"('AC progenitor-like 2', 'Gliosis-like')",0.8,AC progenitor-like 2,Gliosis-like,AC progenitor-like 2 > Gliosis-like,AC-gliosis-hypoxia,AC-gliosis-hypoxia
at15_4,"('AC progenitor-like 2', 'Gliosis-like')",0.4810126582278481,AC progenitor-like 2,Gliosis-like,AC progenitor-like 2 > Gliosis-like,AC-gliosis-hypoxia,AC-gliosis-hypoxia
at5_2,"('AC progenitor-like 2', 'Gliosis-like')",1.0,AC progenitor-like 2,Gliosis-like,AC progenitor-like 2 > Gliosis-like,AC-gliosis-hypoxia,AC-gliosis-hypoxia
at10_1,"('AC progenitor-like 2', 'Gliosis-like')",0.0916666666666666,AC progenitor-like 2,Gliosis-like,AC progenitor-like 2 > Gliosis-like,AC-gliosis-hypoxia,AC-gliosis-hypoxia
at6_5,"('AC progenitor-like 2', 'Gliosis-like')",0.0108695652173913,AC progenitor-like 2,Gliosis-like,AC progenitor-like 2 > Gliosis-like,AC-gliosis-hypoxia,AC-gliosis-hypoxia
at5_9,"('AC progenitor-like 2', 'Gliosis-like')",0.8235294117647058,AC progenitor-like 2,Gliosis-like,AC progenitor-like 2 > Gliosis-like,AC-gliosis-hypoxia,AC-gliosis-hypoxia
at4_2,"('AC progenitor-like 2', 'Gliosis-like')",0.0625,AC progenitor-like 2,Gliosis-like,AC progenitor-like 2 > Gliosis-like,AC-gliosis-hypoxia,AC-gliosis-hypoxia
at9_4,"('AC progenitor-like 2', 'Gliosis-like')",0.0161290322580645,AC progenitor-like 2,Gliosis-like,AC progenitor-like 2 > Gliosis-like,AC-gliosis-hypoxia,AC-gliosis-hypoxia
at9_0,"('AC progenitor-like 2', 'Gliosis-like')",0.8045112781954887,AC progenitor-like 2,Gliosis-like,AC progenitor-like 2 > Gliosis-like,AC-gliosis-hypoxia,AC-gliosis-hypoxia
at6_0,"('AC progenitor-like 2', 'Gliosis-like')",0.7142857142857143,AC progenitor-like 2,Gliosis-like,AC progenitor-like 2 > Gliosis-like,AC-gliosis-hypoxia,AC-gliosis-hypoxia
at5_4,"('AC progenitor-like 2', 'Gliosis-like')",1.0,AC progenitor-like 2,Gliosis-like,AC progenitor-like 2 > Gliosis-like,AC-gliosis-hypoxia,AC-gliosis-hypoxia
at15_3,"('AC progenitor-like 2', 'Gliosis-like')",0.943089430894309,AC progenitor-like 2,Gliosis-like,AC progenitor-like 2 > Gliosis-like,AC-gliosis-hypoxia,AC-gliosis-hypoxia
at15_0,"('AC progenitor-like 2', 'Gliosis-like')",0.8,AC progenitor-like 2,Gliosis-like,AC progenitor-like 2 > Gliosis-like,AC-gliosis-hypoxia,AC-gliosis-hypoxia
at15_2,"('AC progenitor-like 2', 'Gliosis-like')",0.1923076923076923,AC progenitor-like 2,Gliosis-like,AC progenitor-like 2 > Gliosis-like,AC-gliosis-hypoxia,AC-gliosis-hypoxia
at15_6,"('AC progenitor-like 2', 'Gliosis-like')",0.7196969696969697,AC progenitor-like 2,Gliosis-like,AC progenitor-like 2 > Gliosis-like,AC-gliosis-hypoxia,AC-gliosis-hypoxia
at4_0,"('AC progenitor-like 2', 'Gliosis-like')",0.0023255813953488,AC progenitor-like 2,Gliosis-like,AC progenitor-like 2 > Gliosis-like,AC-gliosis-hypoxia,AC-gliosis-hypoxia
at10_0,"('AC progenitor-like 2', 'Gliosis-like')",0.0454545454545454,AC progenitor-like 2,Gliosis-like,AC progenitor-like 2 > Gliosis-like,AC-gliosis-hypoxia,AC-gliosis-hypoxia
at7_0,"('AC progenitor-like 2', 'Gliosis-like')",0.0035906642728904,AC progenitor-like 2,Gliosis-like,AC progenitor-like 2 > Gliosis-like,AC-gliosis-hypoxia,AC-gliosis-hypoxia
at13_0,"('AC progenitor-like 2', 'Gliosis-like')",0.8,AC progenitor-like 2,Gliosis-like,AC progenitor-like 2 > Gliosis-like,AC-gliosis-hypoxia,AC-gliosis-hypoxia
at15_4,"('AC progenitor-like 2', 'Gliosis-like')",0.4810126582278481,AC progenitor-like 2,Gliosis-like,AC progenitor-like 2 > Gliosis-like,AC-gliosis-hypoxia,AC-gliosis-hypoxia
at5_2,"('AC progenitor-like 2', 'Gliosis-like')",1.0,AC progenitor-like 2,Gliosis-like,AC progenitor-like 2 > Gliosis-like,AC-gliosis-hypoxia,AC-gliosis-hypoxia
at10_1,"('AC progenitor-like 2', 'Gliosis-like')",0.0916666666666666,AC progenitor-like 2,Gliosis-like,AC progenitor-like 2 > Gliosis-like,AC-gliosis-hypoxia,AC-gliosis-hypoxia
at6_5,"('AC progenitor-like 2', 'Gliosis-like')",0.0108695652173913,AC progenitor-like 2,Gliosis-like,AC progenitor-like 2 > Gliosis-like,AC-gliosis-hypoxia,AC-gliosis-hypoxia
at5_9,"('AC progenitor-like 2', 'Gliosis-like')",0.8235294117647058,AC progenitor-like 2,Gliosis-like,AC progenitor-like 2 > Gliosis-like,AC-gliosis-hypoxia,AC-gliosis-hypoxia
at4_2,"('AC progenitor-like 2', 'Gliosis-like')",0.0625,AC progenitor-like 2,Gliosis-like,AC progenitor-like 2 > Gliosis-like,AC-gliosis-hypoxia,AC-gliosis-hypoxia
at9_4,"('AC progenitor-like 2', 'Gliosis-like')",0.0161290322580645,AC progenitor-like 2,Gliosis-like,AC progenitor-like 2 > Gliosis-like,AC-gliosis-hypoxia,AC-gliosis-hypoxia
at9_0,"('AC progenitor-like 2', 'Gliosis-like')",0.8045112781954887,AC progenitor-like 2,Gliosis-like,AC progenitor-like 2 > Gliosis-like,AC-gliosis-hypoxia,AC-gliosis-hypoxia
at6_0,"('AC progenitor-like 2', 'Gliosis-like')",0.7142857142857143,AC progenitor-like 2,Gliosis-like,AC progenitor-like 2 > Gliosis-like,AC-gliosis-hypoxia,AC-gliosis-hypoxia
at5_4,"('AC progenitor-like 2', 'Gliosis-like')",1.0,AC progenitor-like 2,Gliosis-like,AC progenitor-like 2 > Gliosis-like,AC-gliosis-hypoxia,AC-gliosis-hypoxia
at15_3,"('AC progenitor-like 2', 'Gliosis-like')",0.943089430894309,AC progenitor-like 2,Gliosis-like,AC progenitor-like 2 > Gliosis-like,AC-gliosis-hypoxia,AC-gliosis-hypoxia
at15_0,"('AC progenitor-like 2', 'Gliosis-like')",0.8,AC progenitor-like 2,Gliosis-like,AC progenitor-like 2 > Gliosis-like,AC-gliosis-hypoxia,AC-gliosis-hypoxia
at15_2,"('AC progenitor-like 2', 'Gliosis-like')",0.1923076923076923,AC progenitor-like 2,Gliosis-like,AC progenitor-like 2 > Gliosis-like,AC-gliosis-hypoxia,AC-gliosis-hypoxia
at15_6,"('AC progenitor-like 2', 'Gliosis-like')",0.7196969696969697,AC progenitor-like 2,Gliosis-like,AC progenitor-like 2 > Gliosis-like,AC-gliosis-hypoxia,AC-gliosis-hypoxia
at4_0,"('AC progenitor-like 2', 'Gliosis-like')",0.0023255813953488,AC progenitor-like 2,Gliosis-like,AC progenitor-like 2 > Gliosis-like,AC-gliosis-hypoxia,AC-gliosis-hypoxia
at10_0,"('AC progenitor-like 2', 'Gliosis-like')",0.0454545454545454,AC progenitor-like 2,Gliosis-like,AC progenitor-like 2 > Gliosis-like,AC-gliosis-hypoxia,AC-gliosis-hypoxia
at7_0,"('AC progenitor-like 2', 'Gliosis-like')",0.0035906642728904,AC progenitor-like 2,Gliosis-like,AC progenitor-like 2 > Gliosis-like,AC-gliosis-hypoxia,AC-gliosis-hypoxia
at13_0,"('AC progenitor-like 2', 'Gliosis-like')",0.8,AC progenitor-like 2,Gliosis-like,AC progenitor-like 2 > Gliosis-like,AC-gliosis-hypoxia,AC-gliosis-hypoxia
at15_4,"('AC progenitor-like 2', 'Gliosis-like')",0.4810126582278481,AC progenitor-like 2,Gliosis-like,AC progenitor-like 2 > Gliosis-like,AC-gliosis-hypoxia,AC-gliosis-hypoxia
at5_2,"('AC progenitor-like 2', 'Gliosis-like')",1.0,AC progenitor-like 2,Gliosis-like,AC progenitor-like 2 > Gliosis-like,AC-gliosis-hypoxia,AC-gliosis-hypoxia
at10_1,"('AC progenitor-like 2', 'Gliosis-like')",0.0916666666666666,AC progenitor-like 2,Gliosis-like,AC progenitor-like 2 > Gliosis-like,AC-gliosis-hypoxia,AC-gliosis-hypoxia
at6_5,"('AC progenitor-like 2', 'Gliosis-like')",0.0108695652173913,AC progenitor-like 2,Gliosis-like,AC progenitor-like 2 > Gliosis-like,AC-gliosis-hypoxia,AC-gliosis-hypoxia
at5_9,"('AC progenitor-like 2', 'Gliosis-like')",0.8235294117647058,AC progenitor-like 2,Gliosis-like,AC progenitor-like 2 > Gliosis-like,AC-gliosis-hypoxia,AC-gliosis-hypoxia
at4_2,"('AC progenitor-like 2', 'Gliosis-like')",0.0625,AC progenitor-like 2,Gliosis-like,AC progenitor-like 2 > Gliosis-like,AC-gliosis-hypoxia,AC-gliosis-hypoxia
at9_4,"('AC progenitor-like 2', 'Gliosis-like')",0.0161290322580645,AC progenitor-like 2,Gliosis-like,AC progenitor-like 2 > Gliosis-like,AC-gliosis-hypoxia,AC-gliosis-hypoxia
at9_0,"('AC progenitor-like 2', 'Gliosis-like')",0.8045112781954887,AC progenitor-like 2,Gliosis-like,AC progenitor-like 2 > Gliosis-like,AC-gliosis-hypoxia,AC-gliosis-hypoxia
at6_0,"('OPC-like 2', 'Hypoxic 2')",1.0,OPC-like 2,Hypoxic 2,OPC-like 2 > Hypoxic 2,OPC-NPC-like,AC-gliosis-hypoxia
at4_1,"('OPC-like 2', 'Hypoxic 2')",0.6175972927241963,OPC-like 2,Hypoxic 2,OPC-like 2 > Hypoxic 2,OPC-NPC-like,AC-gliosis-hypoxia
at5_4,"('OPC-like 2', 'Hypoxic 2')",0.8666666666666667,OPC-like 2,Hypoxic 2,OPC-like 2 > Hypoxic 2,OPC-NPC-like,AC-gliosis-hypoxia
at15_3,"('OPC-like 2', 'Hypoxic 2')",0.5740740740740741,OPC-like 2,Hypoxic 2,OPC-like 2 > Hypoxic 2,OPC-NPC-like,AC-gliosis-hypoxia
at15_0,"('OPC-like 2', 'Hypoxic 2')",0.8888888888888888,OPC-like 2,Hypoxic 2,OPC-like 2 > Hypoxic 2,OPC-NPC-like,AC-gliosis-hypoxia
at15_2,"('OPC-like 2', 'Hypoxic 2')",0.45,OPC-like 2,Hypoxic 2,OPC-like 2 > Hypoxic 2,OPC-NPC-like,AC-gliosis-hypoxia
at15_6,"('OPC-like 2', 'Hypoxic 2')",0.4042553191489361,OPC-like 2,Hypoxic 2,OPC-like 2 > Hypoxic 2,OPC-NPC-like,AC-gliosis-hypoxia
at4_0,"('OPC-like 2', 'Hypoxic 2')",0.8608247422680413,OPC-like 2,Hypoxic 2,OPC-like 2 > Hypoxic 2,OPC-NPC-like,AC-gliosis-hypoxia
at10_0,"('OPC-like 2', 'Hypoxic 2')",0.6666666666666666,OPC-like 2,Hypoxic 2,OPC-like 2 > Hypoxic 2,OPC-NPC-like,AC-gliosis-hypoxia
at7_0,"('OPC-like 2', 'Hypoxic 2')",0.978401727861771,OPC-like 2,Hypoxic 2,OPC-like 2 > Hypoxic 2,OPC-NPC-like,AC-gliosis-hypoxia
at10_2,"('OPC-like 2', 'Hypoxic 2')",0.8490566037735849,OPC-like 2,Hypoxic 2,OPC-like 2 > Hypoxic 2,OPC-NPC-like,AC-gliosis-hypoxia
at13_0,"('OPC-like 2', 'Hypoxic 2')",0.4788732394366197,OPC-like 2,Hypoxic 2,OPC-like 2 > Hypoxic 2,OPC-NPC-like,AC-gliosis-hypoxia
at15_4,"('OPC-like 2', 'Hypoxic 2')",0.5064935064935064,OPC-like 2,Hypoxic 2,OPC-like 2 > Hypoxic 2,OPC-NPC-like,AC-gliosis-hypoxia
at10_1,"('OPC-like 2', 'Hypoxic 2')",0.905982905982906,OPC-like 2,Hypoxic 2,OPC-like 2 > Hypoxic 2,OPC-NPC-like,AC-gliosis-hypoxia
at6_5,"('OPC-like 2', 'Hypoxic 2')",0.0142857142857142,OPC-like 2,Hypoxic 2,OPC-like 2 > Hypoxic 2,OPC-NPC-like,AC-gliosis-hypoxia
at3_3,"('OPC-like 2', 'Hypoxic 2')",0.0317460317460317,OPC-like 2,Hypoxic 2,OPC-like 2 > Hypoxic 2,OPC-NPC-like,AC-gliosis-hypoxia
at5_9,"('OPC-like 2', 'Hypoxic 2')",0.625,OPC-like 2,Hypoxic 2,OPC-like 2 > Hypoxic 2,OPC-NPC-like,AC-gliosis-hypoxia
at4_2,"('OPC-like 2', 'Hypoxic 2')",0.0119047619047619,OPC-like 2,Hypoxic 2,OPC-like 2 > Hypoxic 2,OPC-NPC-like,AC-gliosis-hypoxia
at9_2,"('OPC-like 2', 'Hypoxic 2')",0.4316109422492401,OPC-like 2,Hypoxic 2,OPC-like 2 > Hypoxic 2,OPC-NPC-like,AC-gliosis-hypoxia
at9_4,"('OPC-like 2', 'Hypoxic 2')",0.0019323671497584,OPC-like 2,Hypoxic 2,OPC-like 2 > Hypoxic 2,OPC-NPC-like,AC-gliosis-hypoxia
at9_0,"('OPC-like 2', 'Hypoxic 2')",0.0215897939156035,OPC-like 2,Hypoxic 2,OPC-like 2 > Hypoxic 2,OPC-NPC-like,AC-gliosis-hypoxia
at6_0,"('OPC-like 2', 'Hypoxic 2')",1.0,OPC-like 2,Hypoxic 2,OPC-like 2 > Hypoxic 2,OPC-NPC-like,AC-gliosis-hypoxia
at4_1,"('OPC-like 2', 'Hypoxic 2')",0.6175972927241963,OPC-like 2,Hypoxic 2,OPC-like 2 > Hypoxic 2,OPC-NPC-like,AC-gliosis-hypoxia
at5_4,"('OPC-like 2', 'Hypoxic 2')",0.8666666666666667,OPC-like 2,Hypoxic 2,OPC-like 2 > Hypoxic 2,OPC-NPC-like,AC-gliosis-hypoxia
at15_3,"('OPC-like 2', 'Hypoxic 2')",0.5740740740740741,OPC-like 2,Hypoxic 2,OPC-like 2 > Hypoxic 2,OPC-NPC-like,AC-gliosis-hypoxia
at15_0,"('OPC-like 2', 'Hypoxic 2')",0.8888888888888888,OPC-like 2,Hypoxic 2,OPC-like 2 > Hypoxic 2,OPC-NPC-like,AC-gliosis-hypoxia
at15_2,"('OPC-like 2', 'Hypoxic 2')",0.45,OPC-like 2,Hypoxic 2,OPC-like 2 > Hypoxic 2,OPC-NPC-like,AC-gliosis-hypoxia
at15_6,"('OPC-like 2', 'Hypoxic 2')",0.4042553191489361,OPC-like 2,Hypoxic 2,OPC-like 2 > Hypoxic 2,OPC-NPC-like,AC-gliosis-hypoxia
at4_0,"('OPC-like 2', 'Hypoxic 2')",0.8608247422680413,OPC-like 2,Hypoxic 2,OPC-like 2 > Hypoxic 2,OPC-NPC-like,AC-gliosis-hypoxia
at10_0,"('OPC-like 2', 'Hypoxic 2')",0.6666666666666666,OPC-like 2,Hypoxic 2,OPC-like 2 > Hypoxic 2,OPC-NPC-like,AC-gliosis-hypoxia
at7_0,"('OPC-like 2', 'Hypoxic 2')",0.978401727861771,OPC-like 2,Hypoxic 2,OPC-like 2 > Hypoxic 2,OPC-NPC-like,AC-gliosis-hypoxia
at10_2,"('OPC-like 2', 'Hypoxic 2')",0.8490566037735849,OPC-like 2,Hypoxic 2,OPC-like 2 > Hypoxic 2,OPC-NPC-like,AC-gliosis-hypoxia
at13_0,"('OPC-like 2', 'Hypoxic 2')",0.4788732394366197,OPC-like 2,Hypoxic 2,OPC-like 2 > Hypoxic 2,OPC-NPC-like,AC-gliosis-hypoxia
at15_4,"('OPC-like 2', 'Hypoxic 2')",0.5064935064935064,OPC-like 2,Hypoxic 2,OPC-like 2 > Hypoxic 2,OPC-NPC-like,AC-gliosis-hypoxia
at10_1,"('OPC-like 2', 'Hypoxic 2')",0.905982905982906,OPC-like 2,Hypoxic 2,OPC-like 2 > Hypoxic 2,OPC-NPC-like,AC-gliosis-hypoxia
at6_5,"('OPC-like 2', 'Hypoxic 2')",0.0142857142857142,OPC-like 2,Hypoxic 2,OPC-like 2 > Hypoxic 2,OPC-NPC-like,AC-gliosis-hypoxia
at3_3,"('OPC-like 2', 'Hypoxic 2')",0.0317460317460317,OPC-like 2,Hypoxic 2,OPC-like 2 > Hypoxic 2,OPC-NPC-like,AC-gliosis-hypoxia
at5_9,"('OPC-like 2', 'Hypoxic 2')",0.625,OPC-like 2,Hypoxic 2,OPC-like 2 > Hypoxic 2,OPC-NPC-like,AC-gliosis-hypoxia
at4_2,"('OPC-like 2', 'Hypoxic 2')",0.0119047619047619,OPC-like 2,Hypoxic 2,OPC-like 2 > Hypoxic 2,OPC-NPC-like,AC-gliosis-hypoxia
at9_2,"('OPC-like 2', 'Hypoxic 2')",0.4316109422492401,OPC-like 2,Hypoxic 2,OPC-like 2 > Hypoxic 2,OPC-NPC-like,AC-gliosis-hypoxia
at9_4,"('OPC-like 2', 'Hypoxic 2')",0.0019323671497584,OPC-like 2,Hypoxic 2,OPC-like 2 > Hypoxic 2,OPC-NPC-like,AC-gliosis-hypoxia
at9_0,"('OPC-like 2', 'Hypoxic 2')",0.0215897939156035,OPC-like 2,Hypoxic 2,OPC-like 2 > Hypoxic 2,OPC-NPC-like,AC-gliosis-hypoxia
at6_0,"('OPC-like 2', 'Hypoxic 2')",1.0,OPC-like 2,Hypoxic 2,OPC-like 2 > Hypoxic 2,OPC-NPC-like,AC-gliosis-hypoxia
at4_1,"('OPC-like 2', 'Hypoxic 2')",0.6175972927241963,OPC-like 2,Hypoxic 2,OPC-like 2 > Hypoxic 2,OPC-NPC-like,AC-gliosis-hypoxia
at5_4,"('OPC-like 2', 'Hypoxic 2')",0.8666666666666667,OPC-like 2,Hypoxic 2,OPC-like 2 > Hypoxic 2,OPC-NPC-like,AC-gliosis-hypoxia
at15_3,"('OPC-like 2', 'Hypoxic 2')",0.5740740740740741,OPC-like 2,Hypoxic 2,OPC-like 2 > Hypoxic 2,OPC-NPC-like,AC-gliosis-hypoxia
at15_0,"('OPC-like 2', 'Hypoxic 2')",0.8888888888888888,OPC-like 2,Hypoxic 2,OPC-like 2 > Hypoxic 2,OPC-NPC-like,AC-gliosis-hypoxia
at15_2,"('OPC-like 2', 'Hypoxic 2')",0.45,OPC-like 2,Hypoxic 2,OPC-like 2 > Hypoxic 2,OPC-NPC-like,AC-gliosis-hypoxia
at15_6,"('OPC-like 2', 'Hypoxic 2')",0.4042553191489361,OPC-like 2,Hypoxic 2,OPC-like 2 > Hypoxic 2,OPC-NPC-like,AC-gliosis-hypoxia
at4_0,"('OPC-like 2', 'Hypoxic 2')",0.8608247422680413,OPC-like 2,Hypoxic 2,OPC-like 2 > Hypoxic 2,OPC-NPC-like,AC-gliosis-hypoxia
at10_0,"('OPC-like 2', 'Hypoxic 2')",0.6666666666666666,OPC-like 2,Hypoxic 2,OPC-like 2 > Hypoxic 2,OPC-NPC-like,AC-gliosis-hypoxia
at7_0,"('OPC-like 2', 'Hypoxic 2')",0.978401727861771,OPC-like 2,Hypoxic 2,OPC-like 2 > Hypoxic 2,OPC-NPC-like,AC-gliosis-hypoxia
at10_2,"('OPC-like 2', 'Hypoxic 2')",0.8490566037735849,OPC-like 2,Hypoxic 2,OPC-like 2 > Hypoxic 2,OPC-NPC-like,AC-gliosis-hypoxia
at13_0,"('OPC-like 2', 'Hypoxic 2')",0.4788732394366197,OPC-like 2,Hypoxic 2,OPC-like 2 > Hypoxic 2,OPC-NPC-like,AC-gliosis-hypoxia
at15_4,"('OPC-like 2', 'Hypoxic 2')",0.5064935064935064,OPC-like 2,Hypoxic 2,OPC-like 2 > Hypoxic 2,OPC-NPC-like,AC-gliosis-hypoxia
at10_1,"('OPC-like 2', 'Hypoxic 2')",0.905982905982906,OPC-like 2,Hypoxic 2,OPC-like 2 > Hypoxic 2,OPC-NPC-like,AC-gliosis-hypoxia
at6_5,"('OPC-like 2', 'Hypoxic 2')",0.0142857142857142,OPC-like 2,Hypoxic 2,OPC-like 2 > Hypoxic 2,OPC-NPC-like,AC-gliosis-hypoxia
at3_3,"('OPC-like 2', 'Hypoxic 2')",0.0317460317460317,OPC-like 2,Hypoxic 2,OPC-like 2 > Hypoxic 2,OPC-NPC-like,AC-gliosis-hypoxia
at5_9,"('OPC-like 2', 'Hypoxic 2')",0.625,OPC-like 2,Hypoxic 2,OPC-like 2 > Hypoxic 2,OPC-NPC-like,AC-gliosis-hypoxia
at4_2,"('OPC-like 2', 'Hypoxic 2')",0.0119047619047619,OPC-like 2,Hypoxic 2,OPC-like 2 > Hypoxic 2,OPC-NPC-like,AC-gliosis-hypoxia
at9_2,"('OPC-like 2', 'Hypoxic 2')",0.4316109422492401,OPC-like 2,Hypoxic 2,OPC-like 2 > Hypoxic 2,OPC-NPC-like,AC-gliosis-hypoxia
at9_4,"('OPC-like 2', 'Hypoxic 2')",0.0019323671497584,OPC-like 2,Hypoxic 2,OPC-like 2 > Hypoxic 2,OPC-NPC-like,AC-gliosis-hypoxia
at9_0,"('OPC-like 2', 'Hypoxic 2')",0.0215897939156035,OPC-like 2,Hypoxic 2,OPC-like 2 > Hypoxic 2,OPC-NPC-like,AC-gliosis-hypoxia
at6_0,"('OPC-like 2', 'Hypoxic 2')",1.0,OPC-like 2,Hypoxic 2,OPC-like 2 > Hypoxic 2,OPC-NPC-like,AC-gliosis-hypoxia
at4_1,"('OPC-like 2', 'Hypoxic 2')",0.6175972927241963,OPC-like 2,Hypoxic 2,OPC-like 2 > Hypoxic 2,OPC-NPC-like,AC-gliosis-hypoxia
at5_4,"('OPC-like 2', 'Hypoxic 2')",0.8666666666666667,OPC-like 2,Hypoxic 2,OPC-like 2 > Hypoxic 2,OPC-NPC-like,AC-gliosis-hypoxia
at15_3,"('OPC-like 2', 'Hypoxic 2')",0.5740740740740741,OPC-like 2,Hypoxic 2,OPC-like 2 > Hypoxic 2,OPC-NPC-like,AC-gliosis-hypoxia
at15_0,"('OPC-like 2', 'Hypoxic 2')",0.8888888888888888,OPC-like 2,Hypoxic 2,OPC-like 2 > Hypoxic 2,OPC-NPC-like,AC-gliosis-hypoxia
at15_2,"('OPC-like 2', 'Hypoxic 2')",0.45,OPC-like 2,Hypoxic 2,OPC-like 2 > Hypoxic 2,OPC-NPC-like,AC-gliosis-hypoxia
at15_6,"('OPC-like 2', 'Hypoxic 2')",0.4042553191489361,OPC-like 2,Hypoxic 2,OPC-like 2 > Hypoxic 2,OPC-NPC-like,AC-gliosis-hypoxia
at4_0,"('OPC-like 2', 'Hypoxic 2')",0.8608247422680413,OPC-like 2,Hypoxic 2,OPC-like 2 > Hypoxic 2,OPC-NPC-like,AC-gliosis-hypoxia
at10_0,"('OPC-like 2', 'Hypoxic 2')",0.6666666666666666,OPC-like 2,Hypoxic 2,OPC-like 2 > Hypoxic 2,OPC-NPC-like,AC-gliosis-hypoxia
at7_0,"('OPC-like 2', 'Hypoxic 2')",0.978401727861771,OPC-like 2,Hypoxic 2,OPC-like 2 > Hypoxic 2,OPC-NPC-like,AC-gliosis-hypoxia
at10_2,"('OPC-like 2', 'Hypoxic 2')",0.8490566037735849,OPC-like 2,Hypoxic 2,OPC-like 2 > Hypoxic 2,OPC-NPC-like,AC-gliosis-hypoxia
at13_0,"('OPC-like 2', 'Hypoxic 2')",0.4788732394366197,OPC-like 2,Hypoxic 2,OPC-like 2 > Hypoxic 2,OPC-NPC-like,AC-gliosis-hypoxia
at15_4,"('OPC-like 2', 'Hypoxic 2')",0.5064935064935064,OPC-like 2,Hypoxic 2,OPC-like 2 > Hypoxic 2,OPC-NPC-like,AC-gliosis-hypoxia
at10_1,"('OPC-like 2', 'Hypoxic 2')",0.905982905982906,OPC-like 2,Hypoxic 2,OPC-like 2 > Hypoxic 2,OPC-NPC-like,AC-gliosis-hypoxia
at6_5,"('OPC-like 2', 'Hypoxic 2')",0.0142857142857142,OPC-like 2,Hypoxic 2,OPC-like 2 > Hypoxic 2,OPC-NPC-like,AC-gliosis-hypoxia
at3_3,"('OPC-like 2', 'Hypoxic 2')",0.0317460317460317,OPC-like 2,Hypoxic 2,OPC-like 2 > Hypoxic 2,OPC-NPC-like,AC-gliosis-hypoxia
at5_9,"('OPC-like 2', 'Hypoxic 2')",0.625,OPC-like 2,Hypoxic 2,OPC-like 2 > Hypoxic 2,OPC-NPC-like,AC-gliosis-hypoxia
at4_2,"('OPC-like 2', 'Hypoxic 2')",0.0119047619047619,OPC-like 2,Hypoxic 2,OPC-like 2 > Hypoxic 2,OPC-NPC-like,AC-gliosis-hypoxia
at9_2,"('OPC-like 2', 'Hypoxic 2')",0.4316109422492401,OPC-like 2,Hypoxic 2,OPC-like 2 > Hypoxic 2,OPC-NPC-like,AC-gliosis-hypoxia
at9_4,"('OPC-like 2', 'Hypoxic 2')",0.0019323671497584,OPC-like 2,Hypoxic 2,OPC-like 2 > Hypoxic 2,OPC-NPC-like,AC-gliosis-hypoxia
at9_0,"('OPC-like 2', 'Hypoxic 2')",0.0215897939156035,OPC-like 2,Hypoxic 2,OPC-like 2 > Hypoxic 2,OPC-NPC-like,AC-gliosis-hypoxia
at6_0,"('OPC-like 2', 'Hypoxic 2')",1.0,OPC-like 2,Hypoxic 2,OPC-like 2 > Hypoxic 2,OPC-NPC-like,AC-gliosis-hypoxia
at4_1,"('OPC-like 2', 'Hypoxic 2')",0.6175972927241963,OPC-like 2,Hypoxic 2,OPC-like 2 > Hypoxic 2,OPC-NPC-like,AC-gliosis-hypoxia
at5_4,"('OPC-like 2', 'Hypoxic 2')",0.8666666666666667,OPC-like 2,Hypoxic 2,OPC-like 2 > Hypoxic 2,OPC-NPC-like,AC-gliosis-hypoxia
at15_3,"('OPC-like 2', 'Hypoxic 2')",0.5740740740740741,OPC-like 2,Hypoxic 2,OPC-like 2 > Hypoxic 2,OPC-NPC-like,AC-gliosis-hypoxia
at15_0,"('OPC-like 2', 'Hypoxic 2')",0.8888888888888888,OPC-like 2,Hypoxic 2,OPC-like 2 > Hypoxic 2,OPC-NPC-like,AC-gliosis-hypoxia
at15_2,"('OPC-like 2', 'Hypoxic 2')",0.45,OPC-like 2,Hypoxic 2,OPC-like 2 > Hypoxic 2,OPC-NPC-like,AC-gliosis-hypoxia
at15_6,"('OPC-like 2', 'Hypoxic 2')",0.4042553191489361,OPC-like 2,Hypoxic 2,OPC-like 2 > Hypoxic 2,OPC-NPC-like,AC-gliosis-hypoxia
at4_0,"('OPC-like 2', 'Hypoxic 2')",0.8608247422680413,OPC-like 2,Hypoxic 2,OPC-like 2 > Hypoxic 2,OPC-NPC-like,AC-gliosis-hypoxia
at10_0,"('OPC-like 2', 'Hypoxic 2')",0.6666666666666666,OPC-like 2,Hypoxic 2,OPC-like 2 > Hypoxic 2,OPC-NPC-like,AC-gliosis-hypoxia
at7_0,"('OPC-like 2', 'Hypoxic 2')",0.978401727861771,OPC-like 2,Hypoxic 2,OPC-like 2 > Hypoxic 2,OPC-NPC-like,AC-gliosis-hypoxia
at10_2,"('OPC-like 2', 'Hypoxic 2')",0.8490566037735849,OPC-like 2,Hypoxic 2,OPC-like 2 > Hypoxic 2,OPC-NPC-like,AC-gliosis-hypoxia
at13_0,"('OPC-like 2', 'Hypoxic 2')",0.4788732394366197,OPC-like 2,Hypoxic 2,OPC-like 2 > Hypoxic 2,OPC-NPC-like,AC-gliosis-hypoxia
at15_4,"('OPC-like 2', 'Hypoxic 2')",0.5064935064935064,OPC-like 2,Hypoxic 2,OPC-like 2 > Hypoxic 2,OPC-NPC-like,AC-gliosis-hypoxia
at10_1,"('OPC-like 2', 'Hypoxic 2')",0.905982905982906,OPC-like 2,Hypoxic 2,OPC-like 2 > Hypoxic 2,OPC-NPC-like,AC-gliosis-hypoxia
at6_5,"('OPC-like 2', 'Hypoxic 2')",0.0142857142857142,OPC-like 2,Hypoxic 2,OPC-like 2 > Hypoxic 2,OPC-NPC-like,AC-gliosis-hypoxia
at3_3,"('OPC-like 2', 'Hypoxic 2')",0.0317460317460317,OPC-like 2,Hypoxic 2,OPC-like 2 > Hypoxic 2,OPC-NPC-like,AC-gliosis-hypoxia
at5_9,"('OPC-like 2', 'Hypoxic 2')",0.625,OPC-like 2,Hypoxic 2,OPC-like 2 > Hypoxic 2,OPC-NPC-like,AC-gliosis-hypoxia
at4_2,"('OPC-like 2', 'Hypoxic 2')",0.0119047619047619,OPC-like 2,Hypoxic 2,OPC-like 2 > Hypoxic 2,OPC-NPC-like,AC-gliosis-hypoxia
at9_2,"('OPC-like 2', 'Hypoxic 2')",0.4316109422492401,OPC-like 2,Hypoxic 2,OPC-like 2 > Hypoxic 2,OPC-NPC-like,AC-gliosis-hypoxia
at9_4,"('OPC-like 2', 'Hypoxic 2')",0.0019323671497584,OPC-like 2,Hypoxic 2,OPC-like 2 > Hypoxic 2,OPC-NPC-like,AC-gliosis-hypoxia
at9_0,"('OPC-like 2', 'Hypoxic 2')",0.0215897939156035,OPC-like 2,Hypoxic 2,OPC-like 2 > Hypoxic 2,OPC-NPC-like,AC-gliosis-hypoxia
at6_0,"('OPC-like 2', 'Hypoxic 2')",1.0,OPC-like 2,Hypoxic 2,OPC-like 2 > Hypoxic 2,OPC-NPC-like,AC-gliosis-hypoxia
at4_1,"('OPC-like 2', 'Hypoxic 2')",0.6175972927241963,OPC-like 2,Hypoxic 2,OPC-like 2 > Hypoxic 2,OPC-NPC-like,AC-gliosis-hypoxia
at5_4,"('OPC-like 2', 'Hypoxic 2')",0.8666666666666667,OPC-like 2,Hypoxic 2,OPC-like 2 > Hypoxic 2,OPC-NPC-like,AC-gliosis-hypoxia
at15_3,"('OPC-like 2', 'Hypoxic 2')",0.5740740740740741,OPC-like 2,Hypoxic 2,OPC-like 2 > Hypoxic 2,OPC-NPC-like,AC-gliosis-hypoxia
at15_0,"('OPC-like 2', 'Hypoxic 2')",0.8888888888888888,OPC-like 2,Hypoxic 2,OPC-like 2 > Hypoxic 2,OPC-NPC-like,AC-gliosis-hypoxia
at15_2,"('OPC-like 2', 'Hypoxic 2')",0.45,OPC-like 2,Hypoxic 2,OPC-like 2 > Hypoxic 2,OPC-NPC-like,AC-gliosis-hypoxia
at15_6,"('OPC-like 2', 'Hypoxic 2')",0.4042553191489361,OPC-like 2,Hypoxic 2,OPC-like 2 > Hypoxic 2,OPC-NPC-like,AC-gliosis-hypoxia
at4_0,"('OPC-like 2', 'Hypoxic 2')",0.8608247422680413,OPC-like 2,Hypoxic 2,OPC-like 2 > Hypoxic 2,OPC-NPC-like,AC-gliosis-hypoxia
at10_0,"('OPC-like 2', 'Hypoxic 2')",0.6666666666666666,OPC-like 2,Hypoxic 2,OPC-like 2 > Hypoxic 2,OPC-NPC-like,AC-gliosis-hypoxia
at7_0,"('OPC-like 2', 'Hypoxic 2')",0.978401727861771,OPC-like 2,Hypoxic 2,OPC-like 2 > Hypoxic 2,OPC-NPC-like,AC-gliosis-hypoxia
at10_2,"('OPC-like 2', 'Hypoxic 2')",0.8490566037735849,OPC-like 2,Hypoxic 2,OPC-like 2 > Hypoxic 2,OPC-NPC-like,AC-gliosis-hypoxia
at13_0,"('OPC-like 2', 'Hypoxic 2')",0.4788732394366197,OPC-like 2,Hypoxic 2,OPC-like 2 > Hypoxic 2,OPC-NPC-like,AC-gliosis-hypoxia
at15_4,"('OPC-like 2', 'Hypoxic 2')",0.5064935064935064,OPC-like 2,Hypoxic 2,OPC-like 2 > Hypoxic 2,OPC-NPC-like,AC-gliosis-hypoxia
at10_1,"('OPC-like 2', 'Hypoxic 2')",0.905982905982906,OPC-like 2,Hypoxic 2,OPC-like 2 > Hypoxic 2,OPC-NPC-like,AC-gliosis-hypoxia
at6_5,"('OPC-like 2', 'Hypoxic 2')",0.0142857142857142,OPC-like 2,Hypoxic 2,OPC-like 2 > Hypoxic 2,OPC-NPC-like,AC-gliosis-hypoxia
at3_3,"('OPC-like 2', 'Hypoxic 2')",0.0317460317460317,OPC-like 2,Hypoxic 2,OPC-like 2 > Hypoxic 2,OPC-NPC-like,AC-gliosis-hypoxia
at5_9,"('OPC-like 2', 'Hypoxic 2')",0.625,OPC-like 2,Hypoxic 2,OPC-like 2 > Hypoxic 2,OPC-NPC-like,AC-gliosis-hypoxia
at4_2,"('OPC-like 2', 'Hypoxic 2')",0.0119047619047619,OPC-like 2,Hypoxic 2,OPC-like 2 > Hypoxic 2,OPC-NPC-like,AC-gliosis-hypoxia
at9_2,"('OPC-like 2', 'Hypoxic 2')",0.4316109422492401,OPC-like 2,Hypoxic 2,OPC-like 2 > Hypoxic 2,OPC-NPC-like,AC-gliosis-hypoxia
at9_4,"('OPC-like 2', 'Hypoxic 2')",0.0019323671497584,OPC-like 2,Hypoxic 2,OPC-like 2 > Hypoxic 2,OPC-NPC-like,AC-gliosis-hypoxia
at9_0,"('OPC-like 2', 'Hypoxic 2')",0.0215897939156035,OPC-like 2,Hypoxic 2,OPC-like 2 > Hypoxic 2,OPC-NPC-like,AC-gliosis-hypoxia
at6_0,"('OPC-like 2', 'Hypoxic 2')",1.0,OPC-like 2,Hypoxic 2,OPC-like 2 > Hypoxic 2,OPC-NPC-like,AC-gliosis-hypoxia
at4_1,"('OPC-like 2', 'Hypoxic 2')",0.6175972927241963,OPC-like 2,Hypoxic 2,OPC-like 2 > Hypoxic 2,OPC-NPC-like,AC-gliosis-hypoxia
at5_4,"('OPC-like 2', 'Hypoxic 2')",0.8666666666666667,OPC-like 2,Hypoxic 2,OPC-like 2 > Hypoxic 2,OPC-NPC-like,AC-gliosis-hypoxia
at15_3,"('OPC-like 2', 'Hypoxic 2')",0.5740740740740741,OPC-like 2,Hypoxic 2,OPC-like 2 > Hypoxic 2,OPC-NPC-like,AC-gliosis-hypoxia
at15_0,"('OPC-like 2', 'Hypoxic 2')",0.8888888888888888,OPC-like 2,Hypoxic 2,OPC-like 2 > Hypoxic 2,OPC-NPC-like,AC-gliosis-hypoxia
at15_2,"('OPC-like 2', 'Hypoxic 2')",0.45,OPC-like 2,Hypoxic 2,OPC-like 2 > Hypoxic 2,OPC-NPC-like,AC-gliosis-hypoxia
at15_6,"('OPC-like 2', 'Hypoxic 2')",0.4042553191489361,OPC-like 2,Hypoxic 2,OPC-like 2 > Hypoxic 2,OPC-NPC-like,AC-gliosis-hypoxia
at4_0,"('OPC-like 2', 'Hypoxic 2')",0.8608247422680413,OPC-like 2,Hypoxic 2,OPC-like 2 > Hypoxic 2,OPC-NPC-like,AC-gliosis-hypoxia
at10_0,"('OPC-like 2', 'Hypoxic 2')",0.6666666666666666,OPC-like 2,Hypoxic 2,OPC-like 2 > Hypoxic 2,OPC-NPC-like,AC-gliosis-hypoxia
at7_0,"('OPC-like 2', 'Hypoxic 2')",0.978401727861771,OPC-like 2,Hypoxic 2,OPC-like 2 > Hypoxic 2,OPC-NPC-like,AC-gliosis-hypoxia
at10_2,"('OPC-like 2', 'Hypoxic 2')",0.8490566037735849,OPC-like 2,Hypoxic 2,OPC-like 2 > Hypoxic 2,OPC-NPC-like,AC-gliosis-hypoxia
at13_0,"('OPC-like 2', 'Hypoxic 2')",0.4788732394366197,OPC-like 2,Hypoxic 2,OPC-like 2 > Hypoxic 2,OPC-NPC-like,AC-gliosis-hypoxia
at15_4,"('OPC-like 2', 'Hypoxic 2')",0.5064935064935064,OPC-like 2,Hypoxic 2,OPC-like 2 > Hypoxic 2,OPC-NPC-like,AC-gliosis-hypoxia
at10_1,"('OPC-like 2', 'Hypoxic 2')",0.905982905982906,OPC-like 2,Hypoxic 2,OPC-like 2 > Hypoxic 2,OPC-NPC-like,AC-gliosis-hypoxia
at6_5,"('OPC-like 2', 'Hypoxic 2')",0.0142857142857142,OPC-like 2,Hypoxic 2,OPC-like 2 > Hypoxic 2,OPC-NPC-like,AC-gliosis-hypoxia
at3_3,"('OPC-like 2', 'Hypoxic 2')",0.0317460317460317,OPC-like 2,Hypoxic 2,OPC-like 2 > Hypoxic 2,OPC-NPC-like,AC-gliosis-hypoxia
at5_9,"('OPC-like 2', 'Hypoxic 2')",0.625,OPC-like 2,Hypoxic 2,OPC-like 2 > Hypoxic 2,OPC-NPC-like,AC-gliosis-hypoxia
at4_2,"('OPC-like 2', 'Hypoxic 2')",0.0119047619047619,OPC-like 2,Hypoxic 2,OPC-like 2 > Hypoxic 2,OPC-NPC-like,AC-gliosis-hypoxia
at9_2,"('OPC-like 2', 'Hypoxic 2')",0.4316109422492401,OPC-like 2,Hypoxic 2,OPC-like 2 > Hypoxic 2,OPC-NPC-like,AC-gliosis-hypoxia
at9_4,"('OPC-like 2', 'Hypoxic 2')",0.0019323671497584,OPC-like 2,Hypoxic 2,OPC-like 2 > Hypoxic 2,OPC-NPC-like,AC-gliosis-hypoxia
at9_0,"('OPC-like 2', 'Hypoxic 2')",0.0215897939156035,OPC-like 2,Hypoxic 2,OPC-like 2 > Hypoxic 2,OPC-NPC-like,AC-gliosis-hypoxia
at6_0,"('OPC-like 2', 'Hypoxic 2')",1.0,OPC-like 2,Hypoxic 2,OPC-like 2 > Hypoxic 2,OPC-NPC-like,AC-gliosis-hypoxia
at4_1,"('OPC-like 2', 'Hypoxic 2')",0.6175972927241963,OPC-like 2,Hypoxic 2,OPC-like 2 > Hypoxic 2,OPC-NPC-like,AC-gliosis-hypoxia
at5_4,"('OPC-like 2', 'Hypoxic 2')",0.8666666666666667,OPC-like 2,Hypoxic 2,OPC-like 2 > Hypoxic 2,OPC-NPC-like,AC-gliosis-hypoxia
at15_3,"('OPC-like 2', 'Hypoxic 2')",0.5740740740740741,OPC-like 2,Hypoxic 2,OPC-like 2 > Hypoxic 2,OPC-NPC-like,AC-gliosis-hypoxia
at15_0,"('OPC-like 2', 'Hypoxic 2')",0.8888888888888888,OPC-like 2,Hypoxic 2,OPC-like 2 > Hypoxic 2,OPC-NPC-like,AC-gliosis-hypoxia
at15_2,"('OPC-like 2', 'Hypoxic 2')",0.45,OPC-like 2,Hypoxic 2,OPC-like 2 > Hypoxic 2,OPC-NPC-like,AC-gliosis-hypoxia
at15_6,"('OPC-like 2', 'Hypoxic 2')",0.4042553191489361,OPC-like 2,Hypoxic 2,OPC-like 2 > Hypoxic 2,OPC-NPC-like,AC-gliosis-hypoxia
at4_0,"('OPC-like 2', 'Hypoxic 2')",0.8608247422680413,OPC-like 2,Hypoxic 2,OPC-like 2 > Hypoxic 2,OPC-NPC-like,AC-gliosis-hypoxia
at10_0,"('OPC-like 2', 'Hypoxic 2')",0.6666666666666666,OPC-like 2,Hypoxic 2,OPC-like 2 > Hypoxic 2,OPC-NPC-like,AC-gliosis-hypoxia
at7_0,"('OPC-like 2', 'Hypoxic 2')",0.978401727861771,OPC-like 2,Hypoxic 2,OPC-like 2 > Hypoxic 2,OPC-NPC-like,AC-gliosis-hypoxia
at10_2,"('OPC-like 2', 'Hypoxic 2')",0.8490566037735849,OPC-like 2,Hypoxic 2,OPC-like 2 > Hypoxic 2,OPC-NPC-like,AC-gliosis-hypoxia
at13_0,"('OPC-like 2', 'Hypoxic 2')",0.4788732394366197,OPC-like 2,Hypoxic 2,OPC-like 2 > Hypoxic 2,OPC-NPC-like,AC-gliosis-hypoxia
at15_4,"('OPC-like 2', 'Hypoxic 2')",0.5064935064935064,OPC-like 2,Hypoxic 2,OPC-like 2 > Hypoxic 2,OPC-NPC-like,AC-gliosis-hypoxia
at10_1,"('OPC-like 2', 'Hypoxic 2')",0.905982905982906,OPC-like 2,Hypoxic 2,OPC-like 2 > Hypoxic 2,OPC-NPC-like,AC-gliosis-hypoxia
at6_5,"('OPC-like 2', 'Hypoxic 2')",0.0142857142857142,OPC-like 2,Hypoxic 2,OPC-like 2 > Hypoxic 2,OPC-NPC-like,AC-gliosis-hypoxia
at3_3,"('OPC-like 2', 'Hypoxic 2')",0.0317460317460317,OPC-like 2,Hypoxic 2,OPC-like 2 > Hypoxic 2,OPC-NPC-like,AC-gliosis-hypoxia
at5_9,"('OPC-like 2', 'Hypoxic 2')",0.625,OPC-like 2,Hypoxic 2,OPC-like 2 > Hypoxic 2,OPC-NPC-like,AC-gliosis-hypoxia
at4_2,"('OPC-like 2', 'Hypoxic 2')",0.0119047619047619,OPC-like 2,Hypoxic 2,OPC-like 2 > Hypoxic 2,OPC-NPC-like,AC-gliosis-hypoxia
at9_2,"('OPC-like 2', 'Hypoxic 2')",0.4316109422492401,OPC-like 2,Hypoxic 2,OPC-like 2 > Hypoxic 2,OPC-NPC-like,AC-gliosis-hypoxia
at9_4,"('OPC-like 2', 'Hypoxic 2')",0.0019323671497584,OPC-like 2,Hypoxic 2,OPC-like 2 > Hypoxic 2,OPC-NPC-like,AC-gliosis-hypoxia
at9_0,"('OPC-like 2', 'Hypoxic 2')",0.0215897939156035,OPC-like 2,Hypoxic 2,OPC-like 2 > Hypoxic 2,OPC-NPC-like,AC-gliosis-hypoxia
at6_0,"('OPC-like 2', 'Hypoxic 2')",1.0,OPC-like 2,Hypoxic 2,OPC-like 2 > Hypoxic 2,OPC-NPC-like,AC-gliosis-hypoxia
at4_1,"('OPC-like 2', 'Hypoxic 2')",0.6175972927241963,OPC-like 2,Hypoxic 2,OPC-like 2 > Hypoxic 2,OPC-NPC-like,AC-gliosis-hypoxia
at5_4,"('OPC-like 2', 'Hypoxic 2')",0.8666666666666667,OPC-like 2,Hypoxic 2,OPC-like 2 > Hypoxic 2,OPC-NPC-like,AC-gliosis-hypoxia
at15_3,"('OPC-like 2', 'Hypoxic 2')",0.5740740740740741,OPC-like 2,Hypoxic 2,OPC-like 2 > Hypoxic 2,OPC-NPC-like,AC-gliosis-hypoxia
at15_0,"('OPC-like 2', 'Hypoxic 2')",0.8888888888888888,OPC-like 2,Hypoxic 2,OPC-like 2 > Hypoxic 2,OPC-NPC-like,AC-gliosis-hypoxia
at15_2,"('OPC-like 2', 'Hypoxic 2')",0.45,OPC-like 2,Hypoxic 2,OPC-like 2 > Hypoxic 2,OPC-NPC-like,AC-gliosis-hypoxia
at15_6,"('OPC-like 2', 'Hypoxic 2')",0.4042553191489361,OPC-like 2,Hypoxic 2,OPC-like 2 > Hypoxic 2,OPC-NPC-like,AC-gliosis-hypoxia
at4_0,"('OPC-like 2', 'Hypoxic 2')",0.8608247422680413,OPC-like 2,Hypoxic 2,OPC-like 2 > Hypoxic 2,OPC-NPC-like,AC-gliosis-hypoxia
at10_0,"('OPC-like 2', 'Hypoxic 2')",0.6666666666666666,OPC-like 2,Hypoxic 2,OPC-like 2 > Hypoxic 2,OPC-NPC-like,AC-gliosis-hypoxia
at7_0,"('OPC-like 2', 'Hypoxic 2')",0.978401727861771,OPC-like 2,Hypoxic 2,OPC-like 2 > Hypoxic 2,OPC-NPC-like,AC-gliosis-hypoxia
at10_2,"('OPC-like 2', 'Hypoxic 2')",0.8490566037735849,OPC-like 2,Hypoxic 2,OPC-like 2 > Hypoxic 2,OPC-NPC-like,AC-gliosis-hypoxia
at13_0,"('OPC-like 2', 'Hypoxic 2')",0.4788732394366197,OPC-like 2,Hypoxic 2,OPC-like 2 > Hypoxic 2,OPC-NPC-like,AC-gliosis-hypoxia
at15_4,"('OPC-like 2', 'Hypoxic 2')",0.5064935064935064,OPC-like 2,Hypoxic 2,OPC-like 2 > Hypoxic 2,OPC-NPC-like,AC-gliosis-hypoxia
at10_1,"('OPC-like 2', 'Hypoxic 2')",0.905982905982906,OPC-like 2,Hypoxic 2,OPC-like 2 > Hypoxic 2,OPC-NPC-like,AC-gliosis-hypoxia
at6_5,"('OPC-like 2', 'Hypoxic 2')",0.0142857142857142,OPC-like 2,Hypoxic 2,OPC-like 2 > Hypoxic 2,OPC-NPC-like,AC-gliosis-hypoxia
at3_3,"('OPC-like 2', 'Hypoxic 2')",0.0317460317460317,OPC-like 2,Hypoxic 2,OPC-like 2 > Hypoxic 2,OPC-NPC-like,AC-gliosis-hypoxia
at5_9,"('OPC-like 2', 'Hypoxic 2')",0.625,OPC-like 2,Hypoxic 2,OPC-like 2 > Hypoxic 2,OPC-NPC-like,AC-gliosis-hypoxia
at4_2,"('OPC-like 2', 'Hypoxic 2')",0.0119047619047619,OPC-like 2,Hypoxic 2,OPC-like 2 > Hypoxic 2,OPC-NPC-like,AC-gliosis-hypoxia
at9_2,"('OPC-like 2', 'Hypoxic 2')",0.4316109422492401,OPC-like 2,Hypoxic 2,OPC-like 2 > Hypoxic 2,OPC-NPC-like,AC-gliosis-hypoxia
at9_4,"('OPC-like 2', 'Hypoxic 2')",0.0019323671497584,OPC-like 2,Hypoxic 2,OPC-like 2 > Hypoxic 2,OPC-NPC-like,AC-gliosis-hypoxia
at9_0,"('OPC-like 2', 'Hypoxic 2')",0.0215897939156035,OPC-like 2,Hypoxic 2,OPC-like 2 > Hypoxic 2,OPC-NPC-like,AC-gliosis-hypoxia
at6_0,"('OPC-like 2', 'Hypoxic 2')",1.0,OPC-like 2,Hypoxic 2,OPC-like 2 > Hypoxic 2,OPC-NPC-like,AC-gliosis-hypoxia
at4_1,"('OPC-like 2', 'Hypoxic 2')",0.6175972927241963,OPC-like 2,Hypoxic 2,OPC-like 2 > Hypoxic 2,OPC-NPC-like,AC-gliosis-hypoxia
at5_4,"('OPC-like 2', 'Hypoxic 2')",0.8666666666666667,OPC-like 2,Hypoxic 2,OPC-like 2 > Hypoxic 2,OPC-NPC-like,AC-gliosis-hypoxia
at15_3,"('OPC-like 2', 'Hypoxic 2')",0.5740740740740741,OPC-like 2,Hypoxic 2,OPC-like 2 > Hypoxic 2,OPC-NPC-like,AC-gliosis-hypoxia
at15_0,"('OPC-like 2', 'Hypoxic 2')",0.8888888888888888,OPC-like 2,Hypoxic 2,OPC-like 2 > Hypoxic 2,OPC-NPC-like,AC-gliosis-hypoxia
at15_2,"('OPC-like 2', 'Hypoxic 2')",0.45,OPC-like 2,Hypoxic 2,OPC-like 2 > Hypoxic 2,OPC-NPC-like,AC-gliosis-hypoxia
at15_6,"('OPC-like 2', 'Hypoxic 2')",0.4042553191489361,OPC-like 2,Hypoxic 2,OPC-like 2 > Hypoxic 2,OPC-NPC-like,AC-gliosis-hypoxia
at4_0,"('OPC-like 2', 'Hypoxic 2')",0.8608247422680413,OPC-like 2,Hypoxic 2,OPC-like 2 > Hypoxic 2,OPC-NPC-like,AC-gliosis-hypoxia
at10_0,"('OPC-like 2', 'Hypoxic 2')",0.6666666666666666,OPC-like 2,Hypoxic 2,OPC-like 2 > Hypoxic 2,OPC-NPC-like,AC-gliosis-hypoxia
at7_0,"('OPC-like 2', 'Hypoxic 2')",0.978401727861771,OPC-like 2,Hypoxic 2,OPC-like 2 > Hypoxic 2,OPC-NPC-like,AC-gliosis-hypoxia
at10_2,"('OPC-like 2', 'Hypoxic 2')",0.8490566037735849,OPC-like 2,Hypoxic 2,OPC-like 2 > Hypoxic 2,OPC-NPC-like,AC-gliosis-hypoxia
at13_0,"('OPC-like 2', 'Hypoxic 2')",0.4788732394366197,OPC-like 2,Hypoxic 2,OPC-like 2 > Hypoxic 2,OPC-NPC-like,AC-gliosis-hypoxia
at15_4,"('OPC-like 2', 'Hypoxic 2')",0.5064935064935064,OPC-like 2,Hypoxic 2,OPC-like 2 > Hypoxic 2,OPC-NPC-like,AC-gliosis-hypoxia
at10_1,"('OPC-like 2', 'Hypoxic 2')",0.905982905982906,OPC-like 2,Hypoxic 2,OPC-like 2 > Hypoxic 2,OPC-NPC-like,AC-gliosis-hypoxia
at6_5,"('OPC-like 2', 'Hypoxic 2')",0.0142857142857142,OPC-like 2,Hypoxic 2,OPC-like 2 > Hypoxic 2,OPC-NPC-like,AC-gliosis-hypoxia
at3_3,"('OPC-like 2', 'Hypoxic 2')",0.0317460317460317,OPC-like 2,Hypoxic 2,OPC-like 2 > Hypoxic 2,OPC-NPC-like,AC-gliosis-hypoxia
at5_9,"('OPC-like 2', 'Hypoxic 2')",0.625,OPC-like 2,Hypoxic 2,OPC-like 2 > Hypoxic 2,OPC-NPC-like,AC-gliosis-hypoxia
at4_2,"('OPC-like 2', 'Hypoxic 2')",0.0119047619047619,OPC-like 2,Hypoxic 2,OPC-like 2 > Hypoxic 2,OPC-NPC-like,AC-gliosis-hypoxia
at9_2,"('OPC-like 2', 'Hypoxic 2')",0.4316109422492401,OPC-like 2,Hypoxic 2,OPC-like 2 > Hypoxic 2,OPC-NPC-like,AC-gliosis-hypoxia
at9_4,"('OPC-like 2', 'Hypoxic 2')",0.0019323671497584,OPC-like 2,Hypoxic 2,OPC-like 2 > Hypoxic 2,OPC-NPC-like,AC-gliosis-hypoxia
at9_0,"('OPC-like 2', 'Hypoxic 2')",0.0215897939156035,OPC-like 2,Hypoxic 2,OPC-like 2 > Hypoxic 2,OPC-NPC-like,AC-gliosis-hypoxia
at6_0,"('OPC-like 1', 'Gliosis-like')",0.8571428571428571,OPC-like 1,Gliosis-like,OPC-like 1 > Gliosis-like,OPC-NPC-like,AC-gliosis-hypoxia
at4_1,"('OPC-like 1', 'Gliosis-like')",0.819672131147541,OPC-like 1,Gliosis-like,OPC-like 1 > Gliosis-like,OPC-NPC-like,AC-gliosis-hypoxia
at5_4,"('OPC-like 1', 'Gliosis-like')",1.0,OPC-like 1,Gliosis-like,OPC-like 1 > Gliosis-like,OPC-NPC-like,AC-gliosis-hypoxia
at15_3,"('OPC-like 1', 'Gliosis-like')",0.8130081300813008,OPC-like 1,Gliosis-like,OPC-like 1 > Gliosis-like,OPC-NPC-like,AC-gliosis-hypoxia
at15_0,"('OPC-like 1', 'Gliosis-like')",0.84,OPC-like 1,Gliosis-like,OPC-like 1 > Gliosis-like,OPC-NPC-like,AC-gliosis-hypoxia
at15_2,"('OPC-like 1', 'Gliosis-like')",0.903846153846154,OPC-like 1,Gliosis-like,OPC-like 1 > Gliosis-like,OPC-NPC-like,AC-gliosis-hypoxia
at15_6,"('OPC-like 1', 'Gliosis-like')",0.7727272727272727,OPC-like 1,Gliosis-like,OPC-like 1 > Gliosis-like,OPC-NPC-like,AC-gliosis-hypoxia
at4_0,"('OPC-like 1', 'Gliosis-like')",0.872093023255814,OPC-like 1,Gliosis-like,OPC-like 1 > Gliosis-like,OPC-NPC-like,AC-gliosis-hypoxia
at10_0,"('OPC-like 1', 'Gliosis-like')",0.0909090909090909,OPC-like 1,Gliosis-like,OPC-like 1 > Gliosis-like,OPC-NPC-like,AC-gliosis-hypoxia
at7_0,"('OPC-like 1', 'Gliosis-like')",0.0035906642728904,OPC-like 1,Gliosis-like,OPC-like 1 > Gliosis-like,OPC-NPC-like,AC-gliosis-hypoxia
at10_2,"('OPC-like 1', 'Gliosis-like')",0.0082644628099173,OPC-like 1,Gliosis-like,OPC-like 1 > Gliosis-like,OPC-NPC-like,AC-gliosis-hypoxia
at15_4,"('OPC-like 1', 'Gliosis-like')",0.8734177215189873,OPC-like 1,Gliosis-like,OPC-like 1 > Gliosis-like,OPC-NPC-like,AC-gliosis-hypoxia
at10_1,"('OPC-like 1', 'Gliosis-like')",0.1083333333333333,OPC-like 1,Gliosis-like,OPC-like 1 > Gliosis-like,OPC-NPC-like,AC-gliosis-hypoxia
at6_5,"('OPC-like 1', 'Gliosis-like')",0.0108695652173913,OPC-like 1,Gliosis-like,OPC-like 1 > Gliosis-like,OPC-NPC-like,AC-gliosis-hypoxia
at3_3,"('OPC-like 1', 'Gliosis-like')",0.0326460481099656,OPC-like 1,Gliosis-like,OPC-like 1 > Gliosis-like,OPC-NPC-like,AC-gliosis-hypoxia
at5_9,"('OPC-like 1', 'Gliosis-like')",0.1764705882352941,OPC-like 1,Gliosis-like,OPC-like 1 > Gliosis-like,OPC-NPC-like,AC-gliosis-hypoxia
at9_2,"('OPC-like 1', 'Gliosis-like')",0.3076923076923077,OPC-like 1,Gliosis-like,OPC-like 1 > Gliosis-like,OPC-NPC-like,AC-gliosis-hypoxia
at9_0,"('OPC-like 1', 'Gliosis-like')",0.0601503759398496,OPC-like 1,Gliosis-like,OPC-like 1 > Gliosis-like,OPC-NPC-like,AC-gliosis-hypoxia
at6_0,"('OPC-like 1', 'Gliosis-like')",0.8571428571428571,OPC-like 1,Gliosis-like,OPC-like 1 > Gliosis-like,OPC-NPC-like,AC-gliosis-hypoxia
at4_1,"('OPC-like 1', 'Gliosis-like')",0.819672131147541,OPC-like 1,Gliosis-like,OPC-like 1 > Gliosis-like,OPC-NPC-like,AC-gliosis-hypoxia
at5_4,"('OPC-like 1', 'Gliosis-like')",1.0,OPC-like 1,Gliosis-like,OPC-like 1 > Gliosis-like,OPC-NPC-like,AC-gliosis-hypoxia
at15_3,"('OPC-like 1', 'Gliosis-like')",0.8130081300813008,OPC-like 1,Gliosis-like,OPC-like 1 > Gliosis-like,OPC-NPC-like,AC-gliosis-hypoxia
at15_0,"('OPC-like 1', 'Gliosis-like')",0.84,OPC-like 1,Gliosis-like,OPC-like 1 > Gliosis-like,OPC-NPC-like,AC-gliosis-hypoxia
at15_2,"('OPC-like 1', 'Gliosis-like')",0.903846153846154,OPC-like 1,Gliosis-like,OPC-like 1 > Gliosis-like,OPC-NPC-like,AC-gliosis-hypoxia
at15_6,"('OPC-like 1', 'Gliosis-like')",0.7727272727272727,OPC-like 1,Gliosis-like,OPC-like 1 > Gliosis-like,OPC-NPC-like,AC-gliosis-hypoxia
at4_0,"('OPC-like 1', 'Gliosis-like')",0.872093023255814,OPC-like 1,Gliosis-like,OPC-like 1 > Gliosis-like,OPC-NPC-like,AC-gliosis-hypoxia
at10_0,"('OPC-like 1', 'Gliosis-like')",0.0909090909090909,OPC-like 1,Gliosis-like,OPC-like 1 > Gliosis-like,OPC-NPC-like,AC-gliosis-hypoxia
at7_0,"('OPC-like 1', 'Gliosis-like')",0.0035906642728904,OPC-like 1,Gliosis-like,OPC-like 1 > Gliosis-like,OPC-NPC-like,AC-gliosis-hypoxia
at10_2,"('OPC-like 1', 'Gliosis-like')",0.0082644628099173,OPC-like 1,Gliosis-like,OPC-like 1 > Gliosis-like,OPC-NPC-like,AC-gliosis-hypoxia
at15_4,"('OPC-like 1', 'Gliosis-like')",0.8734177215189873,OPC-like 1,Gliosis-like,OPC-like 1 > Gliosis-like,OPC-NPC-like,AC-gliosis-hypoxia
at10_1,"('OPC-like 1', 'Gliosis-like')",0.1083333333333333,OPC-like 1,Gliosis-like,OPC-like 1 > Gliosis-like,OPC-NPC-like,AC-gliosis-hypoxia
at6_5,"('OPC-like 1', 'Gliosis-like')",0.0108695652173913,OPC-like 1,Gliosis-like,OPC-like 1 > Gliosis-like,OPC-NPC-like,AC-gliosis-hypoxia
at3_3,"('OPC-like 1', 'Gliosis-like')",0.0326460481099656,OPC-like 1,Gliosis-like,OPC-like 1 > Gliosis-like,OPC-NPC-like,AC-gliosis-hypoxia
at5_9,"('OPC-like 1', 'Gliosis-like')",0.1764705882352941,OPC-like 1,Gliosis-like,OPC-like 1 > Gliosis-like,OPC-NPC-like,AC-gliosis-hypoxia
at9_2,"('OPC-like 1', 'Gliosis-like')",0.3076923076923077,OPC-like 1,Gliosis-like,OPC-like 1 > Gliosis-like,OPC-NPC-like,AC-gliosis-hypoxia
at9_0,"('OPC-like 1', 'Gliosis-like')",0.0601503759398496,OPC-like 1,Gliosis-like,OPC-like 1 > Gliosis-like,OPC-NPC-like,AC-gliosis-hypoxia
at6_0,"('OPC-like 1', 'Gliosis-like')",0.8571428571428571,OPC-like 1,Gliosis-like,OPC-like 1 > Gliosis-like,OPC-NPC-like,AC-gliosis-hypoxia
at4_1,"('OPC-like 1', 'Gliosis-like')",0.819672131147541,OPC-like 1,Gliosis-like,OPC-like 1 > Gliosis-like,OPC-NPC-like,AC-gliosis-hypoxia
at5_4,"('OPC-like 1', 'Gliosis-like')",1.0,OPC-like 1,Gliosis-like,OPC-like 1 > Gliosis-like,OPC-NPC-like,AC-gliosis-hypoxia
at15_3,"('OPC-like 1', 'Gliosis-like')",0.8130081300813008,OPC-like 1,Gliosis-like,OPC-like 1 > Gliosis-like,OPC-NPC-like,AC-gliosis-hypoxia
at15_0,"('OPC-like 1', 'Gliosis-like')",0.84,OPC-like 1,Gliosis-like,OPC-like 1 > Gliosis-like,OPC-NPC-like,AC-gliosis-hypoxia
at15_2,"('OPC-like 1', 'Gliosis-like')",0.903846153846154,OPC-like 1,Gliosis-like,OPC-like 1 > Gliosis-like,OPC-NPC-like,AC-gliosis-hypoxia
at15_6,"('OPC-like 1', 'Gliosis-like')",0.7727272727272727,OPC-like 1,Gliosis-like,OPC-like 1 > Gliosis-like,OPC-NPC-like,AC-gliosis-hypoxia
at4_0,"('OPC-like 1', 'Gliosis-like')",0.872093023255814,OPC-like 1,Gliosis-like,OPC-like 1 > Gliosis-like,OPC-NPC-like,AC-gliosis-hypoxia
at10_0,"('OPC-like 1', 'Gliosis-like')",0.0909090909090909,OPC-like 1,Gliosis-like,OPC-like 1 > Gliosis-like,OPC-NPC-like,AC-gliosis-hypoxia
at7_0,"('OPC-like 1', 'Gliosis-like')",0.0035906642728904,OPC-like 1,Gliosis-like,OPC-like 1 > Gliosis-like,OPC-NPC-like,AC-gliosis-hypoxia
at10_2,"('OPC-like 1', 'Gliosis-like')",0.0082644628099173,OPC-like 1,Gliosis-like,OPC-like 1 > Gliosis-like,OPC-NPC-like,AC-gliosis-hypoxia
at15_4,"('OPC-like 1', 'Gliosis-like')",0.8734177215189873,OPC-like 1,Gliosis-like,OPC-like 1 > Gliosis-like,OPC-NPC-like,AC-gliosis-hypoxia
at10_1,"('OPC-like 1', 'Gliosis-like')",0.1083333333333333,OPC-like 1,Gliosis-like,OPC-like 1 > Gliosis-like,OPC-NPC-like,AC-gliosis-hypoxia
at6_5,"('OPC-like 1', 'Gliosis-like')",0.0108695652173913,OPC-like 1,Gliosis-like,OPC-like 1 > Gliosis-like,OPC-NPC-like,AC-gliosis-hypoxia
at3_3,"('OPC-like 1', 'Gliosis-like')",0.0326460481099656,OPC-like 1,Gliosis-like,OPC-like 1 > Gliosis-like,OPC-NPC-like,AC-gliosis-hypoxia
at5_9,"('OPC-like 1', 'Gliosis-like')",0.1764705882352941,OPC-like 1,Gliosis-like,OPC-like 1 > Gliosis-like,OPC-NPC-like,AC-gliosis-hypoxia
at9_2,"('OPC-like 1', 'Gliosis-like')",0.3076923076923077,OPC-like 1,Gliosis-like,OPC-like 1 > Gliosis-like,OPC-NPC-like,AC-gliosis-hypoxia
at9_0,"('OPC-like 1', 'Gliosis-like')",0.0601503759398496,OPC-like 1,Gliosis-like,OPC-like 1 > Gliosis-like,OPC-NPC-like,AC-gliosis-hypoxia
at6_0,"('OPC-like 1', 'Gliosis-like')",0.8571428571428571,OPC-like 1,Gliosis-like,OPC-like 1 > Gliosis-like,OPC-NPC-like,AC-gliosis-hypoxia
at4_1,"('OPC-like 1', 'Gliosis-like')",0.819672131147541,OPC-like 1,Gliosis-like,OPC-like 1 > Gliosis-like,OPC-NPC-like,AC-gliosis-hypoxia
at5_4,"('OPC-like 1', 'Gliosis-like')",1.0,OPC-like 1,Gliosis-like,OPC-like 1 > Gliosis-like,OPC-NPC-like,AC-gliosis-hypoxia
at15_3,"('OPC-like 1', 'Gliosis-like')",0.8130081300813008,OPC-like 1,Gliosis-like,OPC-like 1 > Gliosis-like,OPC-NPC-like,AC-gliosis-hypoxia
at15_0,"('OPC-like 1', 'Gliosis-like')",0.84,OPC-like 1,Gliosis-like,OPC-like 1 > Gliosis-like,OPC-NPC-like,AC-gliosis-hypoxia
at15_2,"('OPC-like 1', 'Gliosis-like')",0.903846153846154,OPC-like 1,Gliosis-like,OPC-like 1 > Gliosis-like,OPC-NPC-like,AC-gliosis-hypoxia
at15_6,"('OPC-like 1', 'Gliosis-like')",0.7727272727272727,OPC-like 1,Gliosis-like,OPC-like 1 > Gliosis-like,OPC-NPC-like,AC-gliosis-hypoxia
at4_0,"('OPC-like 1', 'Gliosis-like')",0.872093023255814,OPC-like 1,Gliosis-like,OPC-like 1 > Gliosis-like,OPC-NPC-like,AC-gliosis-hypoxia
at10_0,"('OPC-like 1', 'Gliosis-like')",0.0909090909090909,OPC-like 1,Gliosis-like,OPC-like 1 > Gliosis-like,OPC-NPC-like,AC-gliosis-hypoxia
at7_0,"('OPC-like 1', 'Gliosis-like')",0.0035906642728904,OPC-like 1,Gliosis-like,OPC-like 1 > Gliosis-like,OPC-NPC-like,AC-gliosis-hypoxia
at10_2,"('OPC-like 1', 'Gliosis-like')",0.0082644628099173,OPC-like 1,Gliosis-like,OPC-like 1 > Gliosis-like,OPC-NPC-like,AC-gliosis-hypoxia
at15_4,"('OPC-like 1', 'Gliosis-like')",0.8734177215189873,OPC-like 1,Gliosis-like,OPC-like 1 > Gliosis-like,OPC-NPC-like,AC-gliosis-hypoxia
at10_1,"('OPC-like 1', 'Gliosis-like')",0.1083333333333333,OPC-like 1,Gliosis-like,OPC-like 1 > Gliosis-like,OPC-NPC-like,AC-gliosis-hypoxia
at6_5,"('OPC-like 1', 'Gliosis-like')",0.0108695652173913,OPC-like 1,Gliosis-like,OPC-like 1 > Gliosis-like,OPC-NPC-like,AC-gliosis-hypoxia
at3_3,"('OPC-like 1', 'Gliosis-like')",0.0326460481099656,OPC-like 1,Gliosis-like,OPC-like 1 > Gliosis-like,OPC-NPC-like,AC-gliosis-hypoxia
at5_9,"('OPC-like 1', 'Gliosis-like')",0.1764705882352941,OPC-like 1,Gliosis-like,OPC-like 1 > Gliosis-like,OPC-NPC-like,AC-gliosis-hypoxia
at9_2,"('OPC-like 1', 'Gliosis-like')",0.3076923076923077,OPC-like 1,Gliosis-like,OPC-like 1 > Gliosis-like,OPC-NPC-like,AC-gliosis-hypoxia
at9_0,"('OPC-like 1', 'Gliosis-like')",0.0601503759398496,OPC-like 1,Gliosis-like,OPC-like 1 > Gliosis-like,OPC-NPC-like,AC-gliosis-hypoxia
at6_0,"('OPC-like 1', 'Gliosis-like')",0.8571428571428571,OPC-like 1,Gliosis-like,OPC-like 1 > Gliosis-like,OPC-NPC-like,AC-gliosis-hypoxia
at4_1,"('OPC-like 1', 'Gliosis-like')",0.819672131147541,OPC-like 1,Gliosis-like,OPC-like 1 > Gliosis-like,OPC-NPC-like,AC-gliosis-hypoxia
at5_4,"('OPC-like 1', 'Gliosis-like')",1.0,OPC-like 1,Gliosis-like,OPC-like 1 > Gliosis-like,OPC-NPC-like,AC-gliosis-hypoxia
at15_3,"('OPC-like 1', 'Gliosis-like')",0.8130081300813008,OPC-like 1,Gliosis-like,OPC-like 1 > Gliosis-like,OPC-NPC-like,AC-gliosis-hypoxia
at15_0,"('OPC-like 1', 'Gliosis-like')",0.84,OPC-like 1,Gliosis-like,OPC-like 1 > Gliosis-like,OPC-NPC-like,AC-gliosis-hypoxia
at15_2,"('OPC-like 1', 'Gliosis-like')",0.903846153846154,OPC-like 1,Gliosis-like,OPC-like 1 > Gliosis-like,OPC-NPC-like,AC-gliosis-hypoxia
at15_6,"('OPC-like 1', 'Gliosis-like')",0.7727272727272727,OPC-like 1,Gliosis-like,OPC-like 1 > Gliosis-like,OPC-NPC-like,AC-gliosis-hypoxia
at4_0,"('OPC-like 1', 'Gliosis-like')",0.872093023255814,OPC-like 1,Gliosis-like,OPC-like 1 > Gliosis-like,OPC-NPC-like,AC-gliosis-hypoxia
at10_0,"('OPC-like 1', 'Gliosis-like')",0.0909090909090909,OPC-like 1,Gliosis-like,OPC-like 1 > Gliosis-like,OPC-NPC-like,AC-gliosis-hypoxia
at7_0,"('OPC-like 1', 'Gliosis-like')",0.0035906642728904,OPC-like 1,Gliosis-like,OPC-like 1 > Gliosis-like,OPC-NPC-like,AC-gliosis-hypoxia
at10_2,"('OPC-like 1', 'Gliosis-like')",0.0082644628099173,OPC-like 1,Gliosis-like,OPC-like 1 > Gliosis-like,OPC-NPC-like,AC-gliosis-hypoxia
at15_4,"('OPC-like 1', 'Gliosis-like')",0.8734177215189873,OPC-like 1,Gliosis-like,OPC-like 1 > Gliosis-like,OPC-NPC-like,AC-gliosis-hypoxia
at10_1,"('OPC-like 1', 'Gliosis-like')",0.1083333333333333,OPC-like 1,Gliosis-like,OPC-like 1 > Gliosis-like,OPC-NPC-like,AC-gliosis-hypoxia
at6_5,"('OPC-like 1', 'Gliosis-like')",0.0108695652173913,OPC-like 1,Gliosis-like,OPC-like 1 > Gliosis-like,OPC-NPC-like,AC-gliosis-hypoxia
at3_3,"('OPC-like 1', 'Gliosis-like')",0.0326460481099656,OPC-like 1,Gliosis-like,OPC-like 1 > Gliosis-like,OPC-NPC-like,AC-gliosis-hypoxia
at5_9,"('OPC-like 1', 'Gliosis-like')",0.1764705882352941,OPC-like 1,Gliosis-like,OPC-like 1 > Gliosis-like,OPC-NPC-like,AC-gliosis-hypoxia
at9_2,"('OPC-like 1', 'Gliosis-like')",0.3076923076923077,OPC-like 1,Gliosis-like,OPC-like 1 > Gliosis-like,OPC-NPC-like,AC-gliosis-hypoxia
at9_0,"('OPC-like 1', 'Gliosis-like')",0.0601503759398496,OPC-like 1,Gliosis-like,OPC-like 1 > Gliosis-like,OPC-NPC-like,AC-gliosis-hypoxia
at6_0,"('OPC-like 1', 'Gliosis-like')",0.8571428571428571,OPC-like 1,Gliosis-like,OPC-like 1 > Gliosis-like,OPC-NPC-like,AC-gliosis-hypoxia
at4_1,"('OPC-like 1', 'Gliosis-like')",0.819672131147541,OPC-like 1,Gliosis-like,OPC-like 1 > Gliosis-like,OPC-NPC-like,AC-gliosis-hypoxia
at5_4,"('OPC-like 1', 'Gliosis-like')",1.0,OPC-like 1,Gliosis-like,OPC-like 1 > Gliosis-like,OPC-NPC-like,AC-gliosis-hypoxia
at15_3,"('OPC-like 1', 'Gliosis-like')",0.8130081300813008,OPC-like 1,Gliosis-like,OPC-like 1 > Gliosis-like,OPC-NPC-like,AC-gliosis-hypoxia
at15_0,"('OPC-like 1', 'Gliosis-like')",0.84,OPC-like 1,Gliosis-like,OPC-like 1 > Gliosis-like,OPC-NPC-like,AC-gliosis-hypoxia
at15_2,"('OPC-like 1', 'Gliosis-like')",0.903846153846154,OPC-like 1,Gliosis-like,OPC-like 1 > Gliosis-like,OPC-NPC-like,AC-gliosis-hypoxia
at15_6,"('OPC-like 1', 'Gliosis-like')",0.7727272727272727,OPC-like 1,Gliosis-like,OPC-like 1 > Gliosis-like,OPC-NPC-like,AC-gliosis-hypoxia
at4_0,"('OPC-like 1', 'Gliosis-like')",0.872093023255814,OPC-like 1,Gliosis-like,OPC-like 1 > Gliosis-like,OPC-NPC-like,AC-gliosis-hypoxia
at10_0,"('OPC-like 1', 'Gliosis-like')",0.0909090909090909,OPC-like 1,Gliosis-like,OPC-like 1 > Gliosis-like,OPC-NPC-like,AC-gliosis-hypoxia
at7_0,"('OPC-like 1', 'Gliosis-like')",0.0035906642728904,OPC-like 1,Gliosis-like,OPC-like 1 > Gliosis-like,OPC-NPC-like,AC-gliosis-hypoxia
at10_2,"('OPC-like 1', 'Gliosis-like')",0.0082644628099173,OPC-like 1,Gliosis-like,OPC-like 1 > Gliosis-like,OPC-NPC-like,AC-gliosis-hypoxia
at15_4,"('OPC-like 1', 'Gliosis-like')",0.8734177215189873,OPC-like 1,Gliosis-like,OPC-like 1 > Gliosis-like,OPC-NPC-like,AC-gliosis-hypoxia
at10_1,"('OPC-like 1', 'Gliosis-like')",0.1083333333333333,OPC-like 1,Gliosis-like,OPC-like 1 > Gliosis-like,OPC-NPC-like,AC-gliosis-hypoxia
at6_5,"('OPC-like 1', 'Gliosis-like')",0.0108695652173913,OPC-like 1,Gliosis-like,OPC-like 1 > Gliosis-like,OPC-NPC-like,AC-gliosis-hypoxia
at3_3,"('OPC-like 1', 'Gliosis-like')",0.0326460481099656,OPC-like 1,Gliosis-like,OPC-like 1 > Gliosis-like,OPC-NPC-like,AC-gliosis-hypoxia
at5_9,"('OPC-like 1', 'Gliosis-like')",0.1764705882352941,OPC-like 1,Gliosis-like,OPC-like 1 > Gliosis-like,OPC-NPC-like,AC-gliosis-hypoxia
at9_2,"('OPC-like 1', 'Gliosis-like')",0.3076923076923077,OPC-like 1,Gliosis-like,OPC-like 1 > Gliosis-like,OPC-NPC-like,AC-gliosis-hypoxia
at9_0,"('OPC-like 1', 'Gliosis-like')",0.0601503759398496,OPC-like 1,Gliosis-like,OPC-like 1 > Gliosis-like,OPC-NPC-like,AC-gliosis-hypoxia
at6_0,"('OPC-like 1', 'Gliosis-like')",0.8571428571428571,OPC-like 1,Gliosis-like,OPC-like 1 > Gliosis-like,OPC-NPC-like,AC-gliosis-hypoxia
at4_1,"('OPC-like 1', 'Gliosis-like')",0.819672131147541,OPC-like 1,Gliosis-like,OPC-like 1 > Gliosis-like,OPC-NPC-like,AC-gliosis-hypoxia
at5_4,"('OPC-like 1', 'Gliosis-like')",1.0,OPC-like 1,Gliosis-like,OPC-like 1 > Gliosis-like,OPC-NPC-like,AC-gliosis-hypoxia
at15_3,"('OPC-like 1', 'Gliosis-like')",0.8130081300813008,OPC-like 1,Gliosis-like,OPC-like 1 > Gliosis-like,OPC-NPC-like,AC-gliosis-hypoxia
at15_0,"('OPC-like 1', 'Gliosis-like')",0.84,OPC-like 1,Gliosis-like,OPC-like 1 > Gliosis-like,OPC-NPC-like,AC-gliosis-hypoxia
at15_2,"('OPC-like 1', 'Gliosis-like')",0.903846153846154,OPC-like 1,Gliosis-like,OPC-like 1 > Gliosis-like,OPC-NPC-like,AC-gliosis-hypoxia
at15_6,"('OPC-like 1', 'Gliosis-like')",0.7727272727272727,OPC-like 1,Gliosis-like,OPC-like 1 > Gliosis-like,OPC-NPC-like,AC-gliosis-hypoxia
at4_0,"('OPC-like 1', 'Gliosis-like')",0.872093023255814,OPC-like 1,Gliosis-like,OPC-like 1 > Gliosis-like,OPC-NPC-like,AC-gliosis-hypoxia
at10_0,"('OPC-like 1', 'Gliosis-like')",0.0909090909090909,OPC-like 1,Gliosis-like,OPC-like 1 > Gliosis-like,OPC-NPC-like,AC-gliosis-hypoxia
at7_0,"('OPC-like 1', 'Gliosis-like')",0.0035906642728904,OPC-like 1,Gliosis-like,OPC-like 1 > Gliosis-like,OPC-NPC-like,AC-gliosis-hypoxia
at10_2,"('OPC-like 1', 'Gliosis-like')",0.0082644628099173,OPC-like 1,Gliosis-like,OPC-like 1 > Gliosis-like,OPC-NPC-like,AC-gliosis-hypoxia
at15_4,"('OPC-like 1', 'Gliosis-like')",0.8734177215189873,OPC-like 1,Gliosis-like,OPC-like 1 > Gliosis-like,OPC-NPC-like,AC-gliosis-hypoxia
at10_1,"('OPC-like 1', 'Gliosis-like')",0.1083333333333333,OPC-like 1,Gliosis-like,OPC-like 1 > Gliosis-like,OPC-NPC-like,AC-gliosis-hypoxia
at6_5,"('OPC-like 1', 'Gliosis-like')",0.0108695652173913,OPC-like 1,Gliosis-like,OPC-like 1 > Gliosis-like,OPC-NPC-like,AC-gliosis-hypoxia
at3_3,"('OPC-like 1', 'Gliosis-like')",0.0326460481099656,OPC-like 1,Gliosis-like,OPC-like 1 > Gliosis-like,OPC-NPC-like,AC-gliosis-hypoxia
at5_9,"('OPC-like 1', 'Gliosis-like')",0.1764705882352941,OPC-like 1,Gliosis-like,OPC-like 1 > Gliosis-like,OPC-NPC-like,AC-gliosis-hypoxia
at9_2,"('OPC-like 1', 'Gliosis-like')",0.3076923076923077,OPC-like 1,Gliosis-like,OPC-like 1 > Gliosis-like,OPC-NPC-like,AC-gliosis-hypoxia
at9_0,"('OPC-like 1', 'Gliosis-like')",0.0601503759398496,OPC-like 1,Gliosis-like,OPC-like 1 > Gliosis-like,OPC-NPC-like,AC-gliosis-hypoxia
at6_0,"('OPC-like 1', 'Gliosis-like')",0.8571428571428571,OPC-like 1,Gliosis-like,OPC-like 1 > Gliosis-like,OPC-NPC-like,AC-gliosis-hypoxia
at4_1,"('OPC-like 1', 'Gliosis-like')",0.819672131147541,OPC-like 1,Gliosis-like,OPC-like 1 > Gliosis-like,OPC-NPC-like,AC-gliosis-hypoxia
at5_4,"('OPC-like 1', 'Gliosis-like')",1.0,OPC-like 1,Gliosis-like,OPC-like 1 > Gliosis-like,OPC-NPC-like,AC-gliosis-hypoxia
at15_3,"('OPC-like 1', 'Gliosis-like')",0.8130081300813008,OPC-like 1,Gliosis-like,OPC-like 1 > Gliosis-like,OPC-NPC-like,AC-gliosis-hypoxia
at15_0,"('OPC-like 1', 'Gliosis-like')",0.84,OPC-like 1,Gliosis-like,OPC-like 1 > Gliosis-like,OPC-NPC-like,AC-gliosis-hypoxia
at15_2,"('OPC-like 1', 'Gliosis-like')",0.903846153846154,OPC-like 1,Gliosis-like,OPC-like 1 > Gliosis-like,OPC-NPC-like,AC-gliosis-hypoxia
at15_6,"('OPC-like 1', 'Gliosis-like')",0.7727272727272727,OPC-like 1,Gliosis-like,OPC-like 1 > Gliosis-like,OPC-NPC-like,AC-gliosis-hypoxia
at4_0,"('OPC-like 1', 'Gliosis-like')",0.872093023255814,OPC-like 1,Gliosis-like,OPC-like 1 > Gliosis-like,OPC-NPC-like,AC-gliosis-hypoxia
at10_0,"('OPC-like 1', 'Gliosis-like')",0.0909090909090909,OPC-like 1,Gliosis-like,OPC-like 1 > Gliosis-like,OPC-NPC-like,AC-gliosis-hypoxia
at7_0,"('OPC-like 1', 'Gliosis-like')",0.0035906642728904,OPC-like 1,Gliosis-like,OPC-like 1 > Gliosis-like,OPC-NPC-like,AC-gliosis-hypoxia
at10_2,"('OPC-like 1', 'Gliosis-like')",0.0082644628099173,OPC-like 1,Gliosis-like,OPC-like 1 > Gliosis-like,OPC-NPC-like,AC-gliosis-hypoxia
at15_4,"('OPC-like 1', 'Gliosis-like')",0.8734177215189873,OPC-like 1,Gliosis-like,OPC-like 1 > Gliosis-like,OPC-NPC-like,AC-gliosis-hypoxia
at10_1,"('OPC-like 1', 'Gliosis-like')",0.1083333333333333,OPC-like 1,Gliosis-like,OPC-like 1 > Gliosis-like,OPC-NPC-like,AC-gliosis-hypoxia
at6_5,"('OPC-like 1', 'Gliosis-like')",0.0108695652173913,OPC-like 1,Gliosis-like,OPC-like 1 > Gliosis-like,OPC-NPC-like,AC-gliosis-hypoxia
at3_3,"('OPC-like 1', 'Gliosis-like')",0.0326460481099656,OPC-like 1,Gliosis-like,OPC-like 1 > Gliosis-like,OPC-NPC-like,AC-gliosis-hypoxia
at5_9,"('OPC-like 1', 'Gliosis-like')",0.1764705882352941,OPC-like 1,Gliosis-like,OPC-like 1 > Gliosis-like,OPC-NPC-like,AC-gliosis-hypoxia
at9_2,"('OPC-like 1', 'Gliosis-like')",0.3076923076923077,OPC-like 1,Gliosis-like,OPC-like 1 > Gliosis-like,OPC-NPC-like,AC-gliosis-hypoxia
at9_0,"('OPC-like 1', 'Gliosis-like')",0.0601503759398496,OPC-like 1,Gliosis-like,OPC-like 1 > Gliosis-like,OPC-NPC-like,AC-gliosis-hypoxia
at6_0,"('OPC-like 1', 'Gliosis-like')",0.8571428571428571,OPC-like 1,Gliosis-like,OPC-like 1 > Gliosis-like,OPC-NPC-like,AC-gliosis-hypoxia
at4_1,"('OPC-like 1', 'Gliosis-like')",0.819672131147541,OPC-like 1,Gliosis-like,OPC-like 1 > Gliosis-like,OPC-NPC-like,AC-gliosis-hypoxia
at5_4,"('OPC-like 1', 'Gliosis-like')",1.0,OPC-like 1,Gliosis-like,OPC-like 1 > Gliosis-like,OPC-NPC-like,AC-gliosis-hypoxia
at15_3,"('OPC-like 1', 'Gliosis-like')",0.8130081300813008,OPC-like 1,Gliosis-like,OPC-like 1 > Gliosis-like,OPC-NPC-like,AC-gliosis-hypoxia
at15_0,"('OPC-like 1', 'Gliosis-like')",0.84,OPC-like 1,Gliosis-like,OPC-like 1 > Gliosis-like,OPC-NPC-like,AC-gliosis-hypoxia
at15_2,"('OPC-like 1', 'Gliosis-like')",0.903846153846154,OPC-like 1,Gliosis-like,OPC-like 1 > Gliosis-like,OPC-NPC-like,AC-gliosis-hypoxia
at15_6,"('OPC-like 1', 'Gliosis-like')",0.7727272727272727,OPC-like 1,Gliosis-like,OPC-like 1 > Gliosis-like,OPC-NPC-like,AC-gliosis-hypoxia
at4_0,"('OPC-like 1', 'Gliosis-like')",0.872093023255814,OPC-like 1,Gliosis-like,OPC-like 1 > Gliosis-like,OPC-NPC-like,AC-gliosis-hypoxia
at10_0,"('OPC-like 1', 'Gliosis-like')",0.0909090909090909,OPC-like 1,Gliosis-like,OPC-like 1 > Gliosis-like,OPC-NPC-like,AC-gliosis-hypoxia
at7_0,"('OPC-like 1', 'Gliosis-like')",0.0035906642728904,OPC-like 1,Gliosis-like,OPC-like 1 > Gliosis-like,OPC-NPC-like,AC-gliosis-hypoxia
at10_2,"('OPC-like 1', 'Gliosis-like')",0.0082644628099173,OPC-like 1,Gliosis-like,OPC-like 1 > Gliosis-like,OPC-NPC-like,AC-gliosis-hypoxia
at15_4,"('OPC-like 1', 'Gliosis-like')",0.8734177215189873,OPC-like 1,Gliosis-like,OPC-like 1 > Gliosis-like,OPC-NPC-like,AC-gliosis-hypoxia
at10_1,"('OPC-like 1', 'Gliosis-like')",0.1083333333333333,OPC-like 1,Gliosis-like,OPC-like 1 > Gliosis-like,OPC-NPC-like,AC-gliosis-hypoxia
at6_5,"('OPC-like 1', 'Gliosis-like')",0.0108695652173913,OPC-like 1,Gliosis-like,OPC-like 1 > Gliosis-like,OPC-NPC-like,AC-gliosis-hypoxia
at3_3,"('OPC-like 1', 'Gliosis-like')",0.0326460481099656,OPC-like 1,Gliosis-like,OPC-like 1 > Gliosis-like,OPC-NPC-like,AC-gliosis-hypoxia
at5_9,"('OPC-like 1', 'Gliosis-like')",0.1764705882352941,OPC-like 1,Gliosis-like,OPC-like 1 > Gliosis-like,OPC-NPC-like,AC-gliosis-hypoxia
at9_2,"('OPC-like 1', 'Gliosis-like')",0.3076923076923077,OPC-like 1,Gliosis-like,OPC-like 1 > Gliosis-like,OPC-NPC-like,AC-gliosis-hypoxia
at9_0,"('OPC-like 1', 'Gliosis-like')",0.0601503759398496,OPC-like 1,Gliosis-like,OPC-like 1 > Gliosis-like,OPC-NPC-like,AC-gliosis-hypoxia
at6_0,"('OPC-like 1', 'Gliosis-like')",0.8571428571428571,OPC-like 1,Gliosis-like,OPC-like 1 > Gliosis-like,OPC-NPC-like,AC-gliosis-hypoxia
at4_1,"('OPC-like 1', 'Gliosis-like')",0.819672131147541,OPC-like 1,Gliosis-like,OPC-like 1 > Gliosis-like,OPC-NPC-like,AC-gliosis-hypoxia
at5_4,"('OPC-like 1', 'Gliosis-like')",1.0,OPC-like 1,Gliosis-like,OPC-like 1 > Gliosis-like,OPC-NPC-like,AC-gliosis-hypoxia
at15_3,"('OPC-like 1', 'Gliosis-like')",0.8130081300813008,OPC-like 1,Gliosis-like,OPC-like 1 > Gliosis-like,OPC-NPC-like,AC-gliosis-hypoxia
at15_0,"('OPC-like 1', 'Gliosis-like')",0.84,OPC-like 1,Gliosis-like,OPC-like 1 > Gliosis-like,OPC-NPC-like,AC-gliosis-hypoxia
at15_2,"('OPC-like 1', 'Gliosis-like')",0.903846153846154,OPC-like 1,Gliosis-like,OPC-like 1 > Gliosis-like,OPC-NPC-like,AC-gliosis-hypoxia
at15_6,"('OPC-like 1', 'Gliosis-like')",0.7727272727272727,OPC-like 1,Gliosis-like,OPC-like 1 > Gliosis-like,OPC-NPC-like,AC-gliosis-hypoxia
at4_0,"('OPC-like 1', 'Gliosis-like')",0.872093023255814,OPC-like 1,Gliosis-like,OPC-like 1 > Gliosis-like,OPC-NPC-like,AC-gliosis-hypoxia
at10_0,"('OPC-like 1', 'Gliosis-like')",0.0909090909090909,OPC-like 1,Gliosis-like,OPC-like 1 > Gliosis-like,OPC-NPC-like,AC-gliosis-hypoxia
at7_0,"('OPC-like 1', 'Gliosis-like')",0.0035906642728904,OPC-like 1,Gliosis-like,OPC-like 1 > Gliosis-like,OPC-NPC-like,AC-gliosis-hypoxia
at10_2,"('OPC-like 1', 'Gliosis-like')",0.0082644628099173,OPC-like 1,Gliosis-like,OPC-like 1 > Gliosis-like,OPC-NPC-like,AC-gliosis-hypoxia
at15_4,"('OPC-like 1', 'Gliosis-like')",0.8734177215189873,OPC-like 1,Gliosis-like,OPC-like 1 > Gliosis-like,OPC-NPC-like,AC-gliosis-hypoxia
at10_1,"('OPC-like 1', 'Gliosis-like')",0.1083333333333333,OPC-like 1,Gliosis-like,OPC-like 1 > Gliosis-like,OPC-NPC-like,AC-gliosis-hypoxia
at6_5,"('OPC-like 1', 'Gliosis-like')",0.0108695652173913,OPC-like 1,Gliosis-like,OPC-like 1 > Gliosis-like,OPC-NPC-like,AC-gliosis-hypoxia
at3_3,"('OPC-like 1', 'Gliosis-like')",0.0326460481099656,OPC-like 1,Gliosis-like,OPC-like 1 > Gliosis-like,OPC-NPC-like,AC-gliosis-hypoxia
at5_9,"('OPC-like 1', 'Gliosis-like')",0.1764705882352941,OPC-like 1,Gliosis-like,OPC-like 1 > Gliosis-like,OPC-NPC-like,AC-gliosis-hypoxia
at9_2,"('OPC-like 1', 'Gliosis-like')",0.3076923076923077,OPC-like 1,Gliosis-like,OPC-like 1 > Gliosis-like,OPC-NPC-like,AC-gliosis-hypoxia
at9_0,"('OPC-like 1', 'Gliosis-like')",0.0601503759398496,OPC-like 1,Gliosis-like,OPC-like 1 > Gliosis-like,OPC-NPC-like,AC-gliosis-hypoxia
at6_0,"('OPC-like 1', 'Gliosis-like')",0.8571428571428571,OPC-like 1,Gliosis-like,OPC-like 1 > Gliosis-like,OPC-NPC-like,AC-gliosis-hypoxia
at4_1,"('OPC-like 1', 'Gliosis-like')",0.819672131147541,OPC-like 1,Gliosis-like,OPC-like 1 > Gliosis-like,OPC-NPC-like,AC-gliosis-hypoxia
at5_4,"('OPC-like 1', 'Gliosis-like')",1.0,OPC-like 1,Gliosis-like,OPC-like 1 > Gliosis-like,OPC-NPC-like,AC-gliosis-hypoxia
at15_3,"('OPC-like 1', 'Gliosis-like')",0.8130081300813008,OPC-like 1,Gliosis-like,OPC-like 1 > Gliosis-like,OPC-NPC-like,AC-gliosis-hypoxia
at15_0,"('OPC-like 1', 'Gliosis-like')",0.84,OPC-like 1,Gliosis-like,OPC-like 1 > Gliosis-like,OPC-NPC-like,AC-gliosis-hypoxia
at15_2,"('OPC-like 1', 'Gliosis-like')",0.903846153846154,OPC-like 1,Gliosis-like,OPC-like 1 > Gliosis-like,OPC-NPC-like,AC-gliosis-hypoxia
at15_6,"('OPC-like 1', 'Gliosis-like')",0.7727272727272727,OPC-like 1,Gliosis-like,OPC-like 1 > Gliosis-like,OPC-NPC-like,AC-gliosis-hypoxia
at4_0,"('OPC-like 1', 'Gliosis-like')",0.872093023255814,OPC-like 1,Gliosis-like,OPC-like 1 > Gliosis-like,OPC-NPC-like,AC-gliosis-hypoxia
at10_0,"('OPC-like 1', 'Gliosis-like')",0.0909090909090909,OPC-like 1,Gliosis-like,OPC-like 1 > Gliosis-like,OPC-NPC-like,AC-gliosis-hypoxia
at7_0,"('OPC-like 1', 'Gliosis-like')",0.0035906642728904,OPC-like 1,Gliosis-like,OPC-like 1 > Gliosis-like,OPC-NPC-like,AC-gliosis-hypoxia
at10_2,"('OPC-like 1', 'Gliosis-like')",0.0082644628099173,OPC-like 1,Gliosis-like,OPC-like 1 > Gliosis-like,OPC-NPC-like,AC-gliosis-hypoxia
at15_4,"('OPC-like 1', 'Gliosis-like')",0.8734177215189873,OPC-like 1,Gliosis-like,OPC-like 1 > Gliosis-like,OPC-NPC-like,AC-gliosis-hypoxia
at10_1,"('OPC-like 1', 'Gliosis-like')",0.1083333333333333,OPC-like 1,Gliosis-like,OPC-like 1 > Gliosis-like,OPC-NPC-like,AC-gliosis-hypoxia
at6_5,"('OPC-like 1', 'Gliosis-like')",0.0108695652173913,OPC-like 1,Gliosis-like,OPC-like 1 > Gliosis-like,OPC-NPC-like,AC-gliosis-hypoxia
at3_3,"('OPC-like 1', 'Gliosis-like')",0.0326460481099656,OPC-like 1,Gliosis-like,OPC-like 1 > Gliosis-like,OPC-NPC-like,AC-gliosis-hypoxia
at5_9,"('OPC-like 1', 'Gliosis-like')",0.1764705882352941,OPC-like 1,Gliosis-like,OPC-like 1 > Gliosis-like,OPC-NPC-like,AC-gliosis-hypoxia
at9_2,"('OPC-like 1', 'Gliosis-like')",0.3076923076923077,OPC-like 1,Gliosis-like,OPC-like 1 > Gliosis-like,OPC-NPC-like,AC-gliosis-hypoxia
at9_0,"('OPC-like 1', 'Gliosis-like')",0.0601503759398496,OPC-like 1,Gliosis-like,OPC-like 1 > Gliosis-like,OPC-NPC-like,AC-gliosis-hypoxia
at6_0,"('OPC-like 1', 'Gliosis-like')",0.8571428571428571,OPC-like 1,Gliosis-like,OPC-like 1 > Gliosis-like,OPC-NPC-like,AC-gliosis-hypoxia
at4_1,"('OPC-like 1', 'Gliosis-like')",0.819672131147541,OPC-like 1,Gliosis-like,OPC-like 1 > Gliosis-like,OPC-NPC-like,AC-gliosis-hypoxia
at5_4,"('OPC-like 1', 'Gliosis-like')",1.0,OPC-like 1,Gliosis-like,OPC-like 1 > Gliosis-like,OPC-NPC-like,AC-gliosis-hypoxia
at15_3,"('OPC-like 1', 'Gliosis-like')",0.8130081300813008,OPC-like 1,Gliosis-like,OPC-like 1 > Gliosis-like,OPC-NPC-like,AC-gliosis-hypoxia
at15_0,"('OPC-like 1', 'Gliosis-like')",0.84,OPC-like 1,Gliosis-like,OPC-like 1 > Gliosis-like,OPC-NPC-like,AC-gliosis-hypoxia
at15_2,"('OPC-like 1', 'Gliosis-like')",0.903846153846154,OPC-like 1,Gliosis-like,OPC-like 1 > Gliosis-like,OPC-NPC-like,AC-gliosis-hypoxia
at15_6,"('OPC-like 1', 'Gliosis-like')",0.7727272727272727,OPC-like 1,Gliosis-like,OPC-like 1 > Gliosis-like,OPC-NPC-like,AC-gliosis-hypoxia
at4_0,"('OPC-like 1', 'Gliosis-like')",0.872093023255814,OPC-like 1,Gliosis-like,OPC-like 1 > Gliosis-like,OPC-NPC-like,AC-gliosis-hypoxia
at10_0,"('OPC-like 1', 'Gliosis-like')",0.0909090909090909,OPC-like 1,Gliosis-like,OPC-like 1 > Gliosis-like,OPC-NPC-like,AC-gliosis-hypoxia
at7_0,"('OPC-like 1', 'Gliosis-like')",0.0035906642728904,OPC-like 1,Gliosis-like,OPC-like 1 > Gliosis-like,OPC-NPC-like,AC-gliosis-hypoxia
at10_2,"('OPC-like 1', 'Gliosis-like')",0.0082644628099173,OPC-like 1,Gliosis-like,OPC-like 1 > Gliosis-like,OPC-NPC-like,AC-gliosis-hypoxia
at15_4,"('OPC-like 1', 'Gliosis-like')",0.8734177215189873,OPC-like 1,Gliosis-like,OPC-like 1 > Gliosis-like,OPC-NPC-like,AC-gliosis-hypoxia
at10_1,"('OPC-like 1', 'Gliosis-like')",0.1083333333333333,OPC-like 1,Gliosis-like,OPC-like 1 > Gliosis-like,OPC-NPC-like,AC-gliosis-hypoxia
at6_5,"('OPC-like 1', 'Gliosis-like')",0.0108695652173913,OPC-like 1,Gliosis-like,OPC-like 1 > Gliosis-like,OPC-NPC-like,AC-gliosis-hypoxia
at3_3,"('OPC-like 1', 'Gliosis-like')",0.0326460481099656,OPC-like 1,Gliosis-like,OPC-like 1 > Gliosis-like,OPC-NPC-like,AC-gliosis-hypoxia
at5_9,"('OPC-like 1', 'Gliosis-like')",0.1764705882352941,OPC-like 1,Gliosis-like,OPC-like 1 > Gliosis-like,OPC-NPC-like,AC-gliosis-hypoxia
at9_2,"('OPC-like 1', 'Gliosis-like')",0.3076923076923077,OPC-like 1,Gliosis-like,OPC-like 1 > Gliosis-like,OPC-NPC-like,AC-gliosis-hypoxia
at9_0,"('OPC-like 1', 'Gliosis-like')",0.0601503759398496,OPC-like 1,Gliosis-like,OPC-like 1 > Gliosis-like,OPC-NPC-like,AC-gliosis-hypoxia
at6_0,"('AC progenitor-like 1', 'Gliosis-like')",0.7142857142857143,AC progenitor-like 1,Gliosis-like,AC progenitor-like 1 > Gliosis-like,AC-gliosis-hypoxia,AC-gliosis-hypoxia
at5_4,"('AC progenitor-like 1', 'Gliosis-like')",1.0,AC progenitor-like 1,Gliosis-like,AC progenitor-like 1 > Gliosis-like,AC-gliosis-hypoxia,AC-gliosis-hypoxia
at15_3,"('AC progenitor-like 1', 'Gliosis-like')",0.934959349593496,AC progenitor-like 1,Gliosis-like,AC progenitor-like 1 > Gliosis-like,AC-gliosis-hypoxia,AC-gliosis-hypoxia
at15_0,"('AC progenitor-like 1', 'Gliosis-like')",0.8,AC progenitor-like 1,Gliosis-like,AC progenitor-like 1 > Gliosis-like,AC-gliosis-hypoxia,AC-gliosis-hypoxia
at15_2,"('AC progenitor-like 1', 'Gliosis-like')",0.3461538461538461,AC progenitor-like 1,Gliosis-like,AC progenitor-like 1 > Gliosis-like,AC-gliosis-hypoxia,AC-gliosis-hypoxia
at15_6,"('AC progenitor-like 1', 'Gliosis-like')",0.7196969696969697,AC progenitor-like 1,Gliosis-like,AC progenitor-like 1 > Gliosis-like,AC-gliosis-hypoxia,AC-gliosis-hypoxia
at4_0,"('AC progenitor-like 1', 'Gliosis-like')",0.0023255813953488,AC progenitor-like 1,Gliosis-like,AC progenitor-like 1 > Gliosis-like,AC-gliosis-hypoxia,AC-gliosis-hypoxia
at10_0,"('AC progenitor-like 1', 'Gliosis-like')",0.0454545454545454,AC progenitor-like 1,Gliosis-like,AC progenitor-like 1 > Gliosis-like,AC-gliosis-hypoxia,AC-gliosis-hypoxia
at7_0,"('AC progenitor-like 1', 'Gliosis-like')",0.0035906642728904,AC progenitor-like 1,Gliosis-like,AC progenitor-like 1 > Gliosis-like,AC-gliosis-hypoxia,AC-gliosis-hypoxia
at13_0,"('AC progenitor-like 1', 'Gliosis-like')",0.8,AC progenitor-like 1,Gliosis-like,AC progenitor-like 1 > Gliosis-like,AC-gliosis-hypoxia,AC-gliosis-hypoxia
at15_4,"('AC progenitor-like 1', 'Gliosis-like')",0.5189873417721519,AC progenitor-like 1,Gliosis-like,AC progenitor-like 1 > Gliosis-like,AC-gliosis-hypoxia,AC-gliosis-hypoxia
at10_1,"('AC progenitor-like 1', 'Gliosis-like')",0.1,AC progenitor-like 1,Gliosis-like,AC progenitor-like 1 > Gliosis-like,AC-gliosis-hypoxia,AC-gliosis-hypoxia
at6_5,"('AC progenitor-like 1', 'Gliosis-like')",0.0108695652173913,AC progenitor-like 1,Gliosis-like,AC progenitor-like 1 > Gliosis-like,AC-gliosis-hypoxia,AC-gliosis-hypoxia
at3_3,"('AC progenitor-like 1', 'Gliosis-like')",0.0171821305841924,AC progenitor-like 1,Gliosis-like,AC progenitor-like 1 > Gliosis-like,AC-gliosis-hypoxia,AC-gliosis-hypoxia
at5_9,"('AC progenitor-like 1', 'Gliosis-like')",0.9411764705882352,AC progenitor-like 1,Gliosis-like,AC progenitor-like 1 > Gliosis-like,AC-gliosis-hypoxia,AC-gliosis-hypoxia
at4_2,"('AC progenitor-like 1', 'Gliosis-like')",0.0625,AC progenitor-like 1,Gliosis-like,AC progenitor-like 1 > Gliosis-like,AC-gliosis-hypoxia,AC-gliosis-hypoxia
at9_0,"('AC progenitor-like 1', 'Gliosis-like')",0.7593984962406015,AC progenitor-like 1,Gliosis-like,AC progenitor-like 1 > Gliosis-like,AC-gliosis-hypoxia,AC-gliosis-hypoxia
at6_0,"('AC progenitor-like 1', 'Gliosis-like')",0.7142857142857143,AC progenitor-like 1,Gliosis-like,AC progenitor-like 1 > Gliosis-like,AC-gliosis-hypoxia,AC-gliosis-hypoxia
at5_4,"('AC progenitor-like 1', 'Gliosis-like')",1.0,AC progenitor-like 1,Gliosis-like,AC progenitor-like 1 > Gliosis-like,AC-gliosis-hypoxia,AC-gliosis-hypoxia
at15_3,"('AC progenitor-like 1', 'Gliosis-like')",0.934959349593496,AC progenitor-like 1,Gliosis-like,AC progenitor-like 1 > Gliosis-like,AC-gliosis-hypoxia,AC-gliosis-hypoxia
at15_0,"('AC progenitor-like 1', 'Gliosis-like')",0.8,AC progenitor-like 1,Gliosis-like,AC progenitor-like 1 > Gliosis-like,AC-gliosis-hypoxia,AC-gliosis-hypoxia
at15_2,"('AC progenitor-like 1', 'Gliosis-like')",0.3461538461538461,AC progenitor-like 1,Gliosis-like,AC progenitor-like 1 > Gliosis-like,AC-gliosis-hypoxia,AC-gliosis-hypoxia
at15_6,"('AC progenitor-like 1', 'Gliosis-like')",0.7196969696969697,AC progenitor-like 1,Gliosis-like,AC progenitor-like 1 > Gliosis-like,AC-gliosis-hypoxia,AC-gliosis-hypoxia
at4_0,"('AC progenitor-like 1', 'Gliosis-like')",0.0023255813953488,AC progenitor-like 1,Gliosis-like,AC progenitor-like 1 > Gliosis-like,AC-gliosis-hypoxia,AC-gliosis-hypoxia
at10_0,"('AC progenitor-like 1', 'Gliosis-like')",0.0454545454545454,AC progenitor-like 1,Gliosis-like,AC progenitor-like 1 > Gliosis-like,AC-gliosis-hypoxia,AC-gliosis-hypoxia
at7_0,"('AC progenitor-like 1', 'Gliosis-like')",0.0035906642728904,AC progenitor-like 1,Gliosis-like,AC progenitor-like 1 > Gliosis-like,AC-gliosis-hypoxia,AC-gliosis-hypoxia
at13_0,"('AC progenitor-like 1', 'Gliosis-like')",0.8,AC progenitor-like 1,Gliosis-like,AC progenitor-like 1 > Gliosis-like,AC-gliosis-hypoxia,AC-gliosis-hypoxia
at15_4,"('AC progenitor-like 1', 'Gliosis-like')",0.5189873417721519,AC progenitor-like 1,Gliosis-like,AC progenitor-like 1 > Gliosis-like,AC-gliosis-hypoxia,AC-gliosis-hypoxia
at10_1,"('AC progenitor-like 1', 'Gliosis-like')",0.1,AC progenitor-like 1,Gliosis-like,AC progenitor-like 1 > Gliosis-like,AC-gliosis-hypoxia,AC-gliosis-hypoxia
at6_5,"('AC progenitor-like 1', 'Gliosis-like')",0.0108695652173913,AC progenitor-like 1,Gliosis-like,AC progenitor-like 1 > Gliosis-like,AC-gliosis-hypoxia,AC-gliosis-hypoxia
at3_3,"('AC progenitor-like 1', 'Gliosis-like')",0.0171821305841924,AC progenitor-like 1,Gliosis-like,AC progenitor-like 1 > Gliosis-like,AC-gliosis-hypoxia,AC-gliosis-hypoxia
at5_9,"('AC progenitor-like 1', 'Gliosis-like')",0.9411764705882352,AC progenitor-like 1,Gliosis-like,AC progenitor-like 1 > Gliosis-like,AC-gliosis-hypoxia,AC-gliosis-hypoxia
at4_2,"('AC progenitor-like 1', 'Gliosis-like')",0.0625,AC progenitor-like 1,Gliosis-like,AC progenitor-like 1 > Gliosis-like,AC-gliosis-hypoxia,AC-gliosis-hypoxia
at9_0,"('AC progenitor-like 1', 'Gliosis-like')",0.7593984962406015,AC progenitor-like 1,Gliosis-like,AC progenitor-like 1 > Gliosis-like,AC-gliosis-hypoxia,AC-gliosis-hypoxia
at6_0,"('AC progenitor-like 1', 'Gliosis-like')",0.7142857142857143,AC progenitor-like 1,Gliosis-like,AC progenitor-like 1 > Gliosis-like,AC-gliosis-hypoxia,AC-gliosis-hypoxia
at5_4,"('AC progenitor-like 1', 'Gliosis-like')",1.0,AC progenitor-like 1,Gliosis-like,AC progenitor-like 1 > Gliosis-like,AC-gliosis-hypoxia,AC-gliosis-hypoxia
at15_3,"('AC progenitor-like 1', 'Gliosis-like')",0.934959349593496,AC progenitor-like 1,Gliosis-like,AC progenitor-like 1 > Gliosis-like,AC-gliosis-hypoxia,AC-gliosis-hypoxia
at15_0,"('AC progenitor-like 1', 'Gliosis-like')",0.8,AC progenitor-like 1,Gliosis-like,AC progenitor-like 1 > Gliosis-like,AC-gliosis-hypoxia,AC-gliosis-hypoxia
at15_2,"('AC progenitor-like 1', 'Gliosis-like')",0.3461538461538461,AC progenitor-like 1,Gliosis-like,AC progenitor-like 1 > Gliosis-like,AC-gliosis-hypoxia,AC-gliosis-hypoxia
at15_6,"('AC progenitor-like 1', 'Gliosis-like')",0.7196969696969697,AC progenitor-like 1,Gliosis-like,AC progenitor-like 1 > Gliosis-like,AC-gliosis-hypoxia,AC-gliosis-hypoxia
at4_0,"('AC progenitor-like 1', 'Gliosis-like')",0.0023255813953488,AC progenitor-like 1,Gliosis-like,AC progenitor-like 1 > Gliosis-like,AC-gliosis-hypoxia,AC-gliosis-hypoxia
at10_0,"('AC progenitor-like 1', 'Gliosis-like')",0.0454545454545454,AC progenitor-like 1,Gliosis-like,AC progenitor-like 1 > Gliosis-like,AC-gliosis-hypoxia,AC-gliosis-hypoxia
at7_0,"('AC progenitor-like 1', 'Gliosis-like')",0.0035906642728904,AC progenitor-like 1,Gliosis-like,AC progenitor-like 1 > Gliosis-like,AC-gliosis-hypoxia,AC-gliosis-hypoxia
at13_0,"('AC progenitor-like 1', 'Gliosis-like')",0.8,AC progenitor-like 1,Gliosis-like,AC progenitor-like 1 > Gliosis-like,AC-gliosis-hypoxia,AC-gliosis-hypoxia
at15_4,"('AC progenitor-like 1', 'Gliosis-like')",0.5189873417721519,AC progenitor-like 1,Gliosis-like,AC progenitor-like 1 > Gliosis-like,AC-gliosis-hypoxia,AC-gliosis-hypoxia
at10_1,"('AC progenitor-like 1', 'Gliosis-like')",0.1,AC progenitor-like 1,Gliosis-like,AC progenitor-like 1 > Gliosis-like,AC-gliosis-hypoxia,AC-gliosis-hypoxia
at6_5,"('AC progenitor-like 1', 'Gliosis-like')",0.0108695652173913,AC progenitor-like 1,Gliosis-like,AC progenitor-like 1 > Gliosis-like,AC-gliosis-hypoxia,AC-gliosis-hypoxia
at3_3,"('AC progenitor-like 1', 'Gliosis-like')",0.0171821305841924,AC progenitor-like 1,Gliosis-like,AC progenitor-like 1 > Gliosis-like,AC-gliosis-hypoxia,AC-gliosis-hypoxia
at5_9,"('AC progenitor-like 1', 'Gliosis-like')",0.9411764705882352,AC progenitor-like 1,Gliosis-like,AC progenitor-like 1 > Gliosis-like,AC-gliosis-hypoxia,AC-gliosis-hypoxia
at4_2,"('AC progenitor-like 1', 'Gliosis-like')",0.0625,AC progenitor-like 1,Gliosis-like,AC progenitor-like 1 > Gliosis-like,AC-gliosis-hypoxia,AC-gliosis-hypoxia
at9_0,"('AC progenitor-like 1', 'Gliosis-like')",0.7593984962406015,AC progenitor-like 1,Gliosis-like,AC progenitor-like 1 > Gliosis-like,AC-gliosis-hypoxia,AC-gliosis-hypoxia
at6_0,"('AC progenitor-like 1', 'Gliosis-like')",0.7142857142857143,AC progenitor-like 1,Gliosis-like,AC progenitor-like 1 > Gliosis-like,AC-gliosis-hypoxia,AC-gliosis-hypoxia
at5_4,"('AC progenitor-like 1', 'Gliosis-like')",1.0,AC progenitor-like 1,Gliosis-like,AC progenitor-like 1 > Gliosis-like,AC-gliosis-hypoxia,AC-gliosis-hypoxia
at15_3,"('AC progenitor-like 1', 'Gliosis-like')",0.934959349593496,AC progenitor-like 1,Gliosis-like,AC progenitor-like 1 > Gliosis-like,AC-gliosis-hypoxia,AC-gliosis-hypoxia
at15_0,"('AC progenitor-like 1', 'Gliosis-like')",0.8,AC progenitor-like 1,Gliosis-like,AC progenitor-like 1 > Gliosis-like,AC-gliosis-hypoxia,AC-gliosis-hypoxia
at15_2,"('AC progenitor-like 1', 'Gliosis-like')",0.3461538461538461,AC progenitor-like 1,Gliosis-like,AC progenitor-like 1 > Gliosis-like,AC-gliosis-hypoxia,AC-gliosis-hypoxia
at15_6,"('AC progenitor-like 1', 'Gliosis-like')",0.7196969696969697,AC progenitor-like 1,Gliosis-like,AC progenitor-like 1 > Gliosis-like,AC-gliosis-hypoxia,AC-gliosis-hypoxia
at4_0,"('AC progenitor-like 1', 'Gliosis-like')",0.0023255813953488,AC progenitor-like 1,Gliosis-like,AC progenitor-like 1 > Gliosis-like,AC-gliosis-hypoxia,AC-gliosis-hypoxia
at10_0,"('AC progenitor-like 1', 'Gliosis-like')",0.0454545454545454,AC progenitor-like 1,Gliosis-like,AC progenitor-like 1 > Gliosis-like,AC-gliosis-hypoxia,AC-gliosis-hypoxia
at7_0,"('AC progenitor-like 1', 'Gliosis-like')",0.0035906642728904,AC progenitor-like 1,Gliosis-like,AC progenitor-like 1 > Gliosis-like,AC-gliosis-hypoxia,AC-gliosis-hypoxia
at13_0,"('AC progenitor-like 1', 'Gliosis-like')",0.8,AC progenitor-like 1,Gliosis-like,AC progenitor-like 1 > Gliosis-like,AC-gliosis-hypoxia,AC-gliosis-hypoxia
at15_4,"('AC progenitor-like 1', 'Gliosis-like')",0.5189873417721519,AC progenitor-like 1,Gliosis-like,AC progenitor-like 1 > Gliosis-like,AC-gliosis-hypoxia,AC-gliosis-hypoxia
at10_1,"('AC progenitor-like 1', 'Gliosis-like')",0.1,AC progenitor-like 1,Gliosis-like,AC progenitor-like 1 > Gliosis-like,AC-gliosis-hypoxia,AC-gliosis-hypoxia
at6_5,"('AC progenitor-like 1', 'Gliosis-like')",0.0108695652173913,AC progenitor-like 1,Gliosis-like,AC progenitor-like 1 > Gliosis-like,AC-gliosis-hypoxia,AC-gliosis-hypoxia
at3_3,"('AC progenitor-like 1', 'Gliosis-like')",0.0171821305841924,AC progenitor-like 1,Gliosis-like,AC progenitor-like 1 > Gliosis-like,AC-gliosis-hypoxia,AC-gliosis-hypoxia
at5_9,"('AC progenitor-like 1', 'Gliosis-like')",0.9411764705882352,AC progenitor-like 1,Gliosis-like,AC progenitor-like 1 > Gliosis-like,AC-gliosis-hypoxia,AC-gliosis-hypoxia
at4_2,"('AC progenitor-like 1', 'Gliosis-like')",0.0625,AC progenitor-like 1,Gliosis-like,AC progenitor-like 1 > Gliosis-like,AC-gliosis-hypoxia,AC-gliosis-hypoxia
at9_0,"('AC progenitor-like 1', 'Gliosis-like')",0.7593984962406015,AC progenitor-like 1,Gliosis-like,AC progenitor-like 1 > Gliosis-like,AC-gliosis-hypoxia,AC-gliosis-hypoxia
at6_0,"('AC progenitor-like 1', 'Gliosis-like')",0.7142857142857143,AC progenitor-like 1,Gliosis-like,AC progenitor-like 1 > Gliosis-like,AC-gliosis-hypoxia,AC-gliosis-hypoxia
at5_4,"('AC progenitor-like 1', 'Gliosis-like')",1.0,AC progenitor-like 1,Gliosis-like,AC progenitor-like 1 > Gliosis-like,AC-gliosis-hypoxia,AC-gliosis-hypoxia
at15_3,"('AC progenitor-like 1', 'Gliosis-like')",0.934959349593496,AC progenitor-like 1,Gliosis-like,AC progenitor-like 1 > Gliosis-like,AC-gliosis-hypoxia,AC-gliosis-hypoxia
at15_0,"('AC progenitor-like 1', 'Gliosis-like')",0.8,AC progenitor-like 1,Gliosis-like,AC progenitor-like 1 > Gliosis-like,AC-gliosis-hypoxia,AC-gliosis-hypoxia
at15_2,"('AC progenitor-like 1', 'Gliosis-like')",0.3461538461538461,AC progenitor-like 1,Gliosis-like,AC progenitor-like 1 > Gliosis-like,AC-gliosis-hypoxia,AC-gliosis-hypoxia
at15_6,"('AC progenitor-like 1', 'Gliosis-like')",0.7196969696969697,AC progenitor-like 1,Gliosis-like,AC progenitor-like 1 > Gliosis-like,AC-gliosis-hypoxia,AC-gliosis-hypoxia
at4_0,"('AC progenitor-like 1', 'Gliosis-like')",0.0023255813953488,AC progenitor-like 1,Gliosis-like,AC progenitor-like 1 > Gliosis-like,AC-gliosis-hypoxia,AC-gliosis-hypoxia
at10_0,"('AC progenitor-like 1', 'Gliosis-like')",0.0454545454545454,AC progenitor-like 1,Gliosis-like,AC progenitor-like 1 > Gliosis-like,AC-gliosis-hypoxia,AC-gliosis-hypoxia
at7_0,"('AC progenitor-like 1', 'Gliosis-like')",0.0035906642728904,AC progenitor-like 1,Gliosis-like,AC progenitor-like 1 > Gliosis-like,AC-gliosis-hypoxia,AC-gliosis-hypoxia
at13_0,"('AC progenitor-like 1', 'Gliosis-like')",0.8,AC progenitor-like 1,Gliosis-like,AC progenitor-like 1 > Gliosis-like,AC-gliosis-hypoxia,AC-gliosis-hypoxia
at15_4,"('AC progenitor-like 1', 'Gliosis-like')",0.5189873417721519,AC progenitor-like 1,Gliosis-like,AC progenitor-like 1 > Gliosis-like,AC-gliosis-hypoxia,AC-gliosis-hypoxia
at10_1,"('AC progenitor-like 1', 'Gliosis-like')",0.1,AC progenitor-like 1,Gliosis-like,AC progenitor-like 1 > Gliosis-like,AC-gliosis-hypoxia,AC-gliosis-hypoxia
at6_5,"('AC progenitor-like 1', 'Gliosis-like')",0.0108695652173913,AC progenitor-like 1,Gliosis-like,AC progenitor-like 1 > Gliosis-like,AC-gliosis-hypoxia,AC-gliosis-hypoxia
at3_3,"('AC progenitor-like 1', 'Gliosis-like')",0.0171821305841924,AC progenitor-like 1,Gliosis-like,AC progenitor-like 1 > Gliosis-like,AC-gliosis-hypoxia,AC-gliosis-hypoxia
at5_9,"('AC progenitor-like 1', 'Gliosis-like')",0.9411764705882352,AC progenitor-like 1,Gliosis-like,AC progenitor-like 1 > Gliosis-like,AC-gliosis-hypoxia,AC-gliosis-hypoxia
at4_2,"('AC progenitor-like 1', 'Gliosis-like')",0.0625,AC progenitor-like 1,Gliosis-like,AC progenitor-like 1 > Gliosis-like,AC-gliosis-hypoxia,AC-gliosis-hypoxia
at9_0,"('AC progenitor-like 1', 'Gliosis-like')",0.7593984962406015,AC progenitor-like 1,Gliosis-like,AC progenitor-like 1 > Gliosis-like,AC-gliosis-hypoxia,AC-gliosis-hypoxia
at6_0,"('AC progenitor-like 1', 'Gliosis-like')",0.7142857142857143,AC progenitor-like 1,Gliosis-like,AC progenitor-like 1 > Gliosis-like,AC-gliosis-hypoxia,AC-gliosis-hypoxia
at5_4,"('AC progenitor-like 1', 'Gliosis-like')",1.0,AC progenitor-like 1,Gliosis-like,AC progenitor-like 1 > Gliosis-like,AC-gliosis-hypoxia,AC-gliosis-hypoxia
at15_3,"('AC progenitor-like 1', 'Gliosis-like')",0.934959349593496,AC progenitor-like 1,Gliosis-like,AC progenitor-like 1 > Gliosis-like,AC-gliosis-hypoxia,AC-gliosis-hypoxia
at15_0,"('AC progenitor-like 1', 'Gliosis-like')",0.8,AC progenitor-like 1,Gliosis-like,AC progenitor-like 1 > Gliosis-like,AC-gliosis-hypoxia,AC-gliosis-hypoxia
at15_2,"('AC progenitor-like 1', 'Gliosis-like')",0.3461538461538461,AC progenitor-like 1,Gliosis-like,AC progenitor-like 1 > Gliosis-like,AC-gliosis-hypoxia,AC-gliosis-hypoxia
at15_6,"('AC progenitor-like 1', 'Gliosis-like')",0.7196969696969697,AC progenitor-like 1,Gliosis-like,AC progenitor-like 1 > Gliosis-like,AC-gliosis-hypoxia,AC-gliosis-hypoxia
at4_0,"('AC progenitor-like 1', 'Gliosis-like')",0.0023255813953488,AC progenitor-like 1,Gliosis-like,AC progenitor-like 1 > Gliosis-like,AC-gliosis-hypoxia,AC-gliosis-hypoxia
at10_0,"('AC progenitor-like 1', 'Gliosis-like')",0.0454545454545454,AC progenitor-like 1,Gliosis-like,AC progenitor-like 1 > Gliosis-like,AC-gliosis-hypoxia,AC-gliosis-hypoxia
at7_0,"('AC progenitor-like 1', 'Gliosis-like')",0.0035906642728904,AC progenitor-like 1,Gliosis-like,AC progenitor-like 1 > Gliosis-like,AC-gliosis-hypoxia,AC-gliosis-hypoxia
at13_0,"('AC progenitor-like 1', 'Gliosis-like')",0.8,AC progenitor-like 1,Gliosis-like,AC progenitor-like 1 > Gliosis-like,AC-gliosis-hypoxia,AC-gliosis-hypoxia
at15_4,"('AC progenitor-like 1', 'Gliosis-like')",0.5189873417721519,AC progenitor-like 1,Gliosis-like,AC progenitor-like 1 > Gliosis-like,AC-gliosis-hypoxia,AC-gliosis-hypoxia
at10_1,"('AC progenitor-like 1', 'Gliosis-like')",0.1,AC progenitor-like 1,Gliosis-like,AC progenitor-like 1 > Gliosis-like,AC-gliosis-hypoxia,AC-gliosis-hypoxia
at6_5,"('AC progenitor-like 1', 'Gliosis-like')",0.0108695652173913,AC progenitor-like 1,Gliosis-like,AC progenitor-like 1 > Gliosis-like,AC-gliosis-hypoxia,AC-gliosis-hypoxia
at3_3,"('AC progenitor-like 1', 'Gliosis-like')",0.0171821305841924,AC progenitor-like 1,Gliosis-like,AC progenitor-like 1 > Gliosis-like,AC-gliosis-hypoxia,AC-gliosis-hypoxia
at5_9,"('AC progenitor-like 1', 'Gliosis-like')",0.9411764705882352,AC progenitor-like 1,Gliosis-like,AC progenitor-like 1 > Gliosis-like,AC-gliosis-hypoxia,AC-gliosis-hypoxia
at4_2,"('AC progenitor-like 1', 'Gliosis-like')",0.0625,AC progenitor-like 1,Gliosis-like,AC progenitor-like 1 > Gliosis-like,AC-gliosis-hypoxia,AC-gliosis-hypoxia
at9_0,"('AC progenitor-like 1', 'Gliosis-like')",0.7593984962406015,AC progenitor-like 1,Gliosis-like,AC progenitor-like 1 > Gliosis-like,AC-gliosis-hypoxia,AC-gliosis-hypoxia
at6_0,"('AC progenitor-like 1', 'Gliosis-like')",0.7142857142857143,AC progenitor-like 1,Gliosis-like,AC progenitor-like 1 > Gliosis-like,AC-gliosis-hypoxia,AC-gliosis-hypoxia
at5_4,"('AC progenitor-like 1', 'Gliosis-like')",1.0,AC progenitor-like 1,Gliosis-like,AC progenitor-like 1 > Gliosis-like,AC-gliosis-hypoxia,AC-gliosis-hypoxia
at15_3,"('AC progenitor-like 1', 'Gliosis-like')",0.934959349593496,AC progenitor-like 1,Gliosis-like,AC progenitor-like 1 > Gliosis-like,AC-gliosis-hypoxia,AC-gliosis-hypoxia
at15_0,"('AC progenitor-like 1', 'Gliosis-like')",0.8,AC progenitor-like 1,Gliosis-like,AC progenitor-like 1 > Gliosis-like,AC-gliosis-hypoxia,AC-gliosis-hypoxia
at15_2,"('AC progenitor-like 1', 'Gliosis-like')",0.3461538461538461,AC progenitor-like 1,Gliosis-like,AC progenitor-like 1 > Gliosis-like,AC-gliosis-hypoxia,AC-gliosis-hypoxia
at15_6,"('AC progenitor-like 1', 'Gliosis-like')",0.7196969696969697,AC progenitor-like 1,Gliosis-like,AC progenitor-like 1 > Gliosis-like,AC-gliosis-hypoxia,AC-gliosis-hypoxia
at4_0,"('AC progenitor-like 1', 'Gliosis-like')",0.0023255813953488,AC progenitor-like 1,Gliosis-like,AC progenitor-like 1 > Gliosis-like,AC-gliosis-hypoxia,AC-gliosis-hypoxia
at10_0,"('AC progenitor-like 1', 'Gliosis-like')",0.0454545454545454,AC progenitor-like 1,Gliosis-like,AC progenitor-like 1 > Gliosis-like,AC-gliosis-hypoxia,AC-gliosis-hypoxia
at7_0,"('AC progenitor-like 1', 'Gliosis-like')",0.0035906642728904,AC progenitor-like 1,Gliosis-like,AC progenitor-like 1 > Gliosis-like,AC-gliosis-hypoxia,AC-gliosis-hypoxia
at13_0,"('AC progenitor-like 1', 'Gliosis-like')",0.8,AC progenitor-like 1,Gliosis-like,AC progenitor-like 1 > Gliosis-like,AC-gliosis-hypoxia,AC-gliosis-hypoxia
at15_4,"('AC progenitor-like 1', 'Gliosis-like')",0.5189873417721519,AC progenitor-like 1,Gliosis-like,AC progenitor-like 1 > Gliosis-like,AC-gliosis-hypoxia,AC-gliosis-hypoxia
at10_1,"('AC progenitor-like 1', 'Gliosis-like')",0.1,AC progenitor-like 1,Gliosis-like,AC progenitor-like 1 > Gliosis-like,AC-gliosis-hypoxia,AC-gliosis-hypoxia
at6_5,"('AC progenitor-like 1', 'Gliosis-like')",0.0108695652173913,AC progenitor-like 1,Gliosis-like,AC progenitor-like 1 > Gliosis-like,AC-gliosis-hypoxia,AC-gliosis-hypoxia
at3_3,"('AC progenitor-like 1', 'Gliosis-like')",0.0171821305841924,AC progenitor-like 1,Gliosis-like,AC progenitor-like 1 > Gliosis-like,AC-gliosis-hypoxia,AC-gliosis-hypoxia
at5_9,"('AC progenitor-like 1', 'Gliosis-like')",0.9411764705882352,AC progenitor-like 1,Gliosis-like,AC progenitor-like 1 > Gliosis-like,AC-gliosis-hypoxia,AC-gliosis-hypoxia
at4_2,"('AC progenitor-like 1', 'Gliosis-like')",0.0625,AC progenitor-like 1,Gliosis-like,AC progenitor-like 1 > Gliosis-like,AC-gliosis-hypoxia,AC-gliosis-hypoxia
at9_0,"('AC progenitor-like 1', 'Gliosis-like')",0.7593984962406015,AC progenitor-like 1,Gliosis-like,AC progenitor-like 1 > Gliosis-like,AC-gliosis-hypoxia,AC-gliosis-hypoxia
at6_0,"('AC progenitor-like 1', 'Gliosis-like')",0.7142857142857143,AC progenitor-like 1,Gliosis-like,AC progenitor-like 1 > Gliosis-like,AC-gliosis-hypoxia,AC-gliosis-hypoxia
at5_4,"('AC progenitor-like 1', 'Gliosis-like')",1.0,AC progenitor-like 1,Gliosis-like,AC progenitor-like 1 > Gliosis-like,AC-gliosis-hypoxia,AC-gliosis-hypoxia
at15_3,"('AC progenitor-like 1', 'Gliosis-like')",0.934959349593496,AC progenitor-like 1,Gliosis-like,AC progenitor-like 1 > Gliosis-like,AC-gliosis-hypoxia,AC-gliosis-hypoxia
at15_0,"('AC progenitor-like 1', 'Gliosis-like')",0.8,AC progenitor-like 1,Gliosis-like,AC progenitor-like 1 > Gliosis-like,AC-gliosis-hypoxia,AC-gliosis-hypoxia
at15_2,"('AC progenitor-like 1', 'Gliosis-like')",0.3461538461538461,AC progenitor-like 1,Gliosis-like,AC progenitor-like 1 > Gliosis-like,AC-gliosis-hypoxia,AC-gliosis-hypoxia
at15_6,"('AC progenitor-like 1', 'Gliosis-like')",0.7196969696969697,AC progenitor-like 1,Gliosis-like,AC progenitor-like 1 > Gliosis-like,AC-gliosis-hypoxia,AC-gliosis-hypoxia
at4_0,"('AC progenitor-like 1', 'Gliosis-like')",0.0023255813953488,AC progenitor-like 1,Gliosis-like,AC progenitor-like 1 > Gliosis-like,AC-gliosis-hypoxia,AC-gliosis-hypoxia
at10_0,"('AC progenitor-like 1', 'Gliosis-like')",0.0454545454545454,AC progenitor-like 1,Gliosis-like,AC progenitor-like 1 > Gliosis-like,AC-gliosis-hypoxia,AC-gliosis-hypoxia
at7_0,"('AC progenitor-like 1', 'Gliosis-like')",0.0035906642728904,AC progenitor-like 1,Gliosis-like,AC progenitor-like 1 > Gliosis-like,AC-gliosis-hypoxia,AC-gliosis-hypoxia
at13_0,"('AC progenitor-like 1', 'Gliosis-like')",0.8,AC progenitor-like 1,Gliosis-like,AC progenitor-like 1 > Gliosis-like,AC-gliosis-hypoxia,AC-gliosis-hypoxia
at15_4,"('AC progenitor-like 1', 'Gliosis-like')",0.5189873417721519,AC progenitor-like 1,Gliosis-like,AC progenitor-like 1 > Gliosis-like,AC-gliosis-hypoxia,AC-gliosis-hypoxia
at10_1,"('AC progenitor-like 1', 'Gliosis-like')",0.1,AC progenitor-like 1,Gliosis-like,AC progenitor-like 1 > Gliosis-like,AC-gliosis-hypoxia,AC-gliosis-hypoxia
at6_5,"('AC progenitor-like 1', 'Gliosis-like')",0.0108695652173913,AC progenitor-like 1,Gliosis-like,AC progenitor-like 1 > Gliosis-like,AC-gliosis-hypoxia,AC-gliosis-hypoxia
at3_3,"('AC progenitor-like 1', 'Gliosis-like')",0.0171821305841924,AC progenitor-like 1,Gliosis-like,AC progenitor-like 1 > Gliosis-like,AC-gliosis-hypoxia,AC-gliosis-hypoxia
at5_9,"('AC progenitor-like 1', 'Gliosis-like')",0.9411764705882352,AC progenitor-like 1,Gliosis-like,AC progenitor-like 1 > Gliosis-like,AC-gliosis-hypoxia,AC-gliosis-hypoxia
at4_2,"('AC progenitor-like 1', 'Gliosis-like')",0.0625,AC progenitor-like 1,Gliosis-like,AC progenitor-like 1 > Gliosis-like,AC-gliosis-hypoxia,AC-gliosis-hypoxia
at9_0,"('AC progenitor-like 1', 'Gliosis-like')",0.7593984962406015,AC progenitor-like 1,Gliosis-like,AC progenitor-like 1 > Gliosis-like,AC-gliosis-hypoxia,AC-gliosis-hypoxia
at6_0,"('AC progenitor-like 1', 'Gliosis-like')",0.7142857142857143,AC progenitor-like 1,Gliosis-like,AC progenitor-like 1 > Gliosis-like,AC-gliosis-hypoxia,AC-gliosis-hypoxia
at5_4,"('AC progenitor-like 1', 'Gliosis-like')",1.0,AC progenitor-like 1,Gliosis-like,AC progenitor-like 1 > Gliosis-like,AC-gliosis-hypoxia,AC-gliosis-hypoxia
at15_3,"('AC progenitor-like 1', 'Gliosis-like')",0.934959349593496,AC progenitor-like 1,Gliosis-like,AC progenitor-like 1 > Gliosis-like,AC-gliosis-hypoxia,AC-gliosis-hypoxia
at15_0,"('AC progenitor-like 1', 'Gliosis-like')",0.8,AC progenitor-like 1,Gliosis-like,AC progenitor-like 1 > Gliosis-like,AC-gliosis-hypoxia,AC-gliosis-hypoxia
at15_2,"('AC progenitor-like 1', 'Gliosis-like')",0.3461538461538461,AC progenitor-like 1,Gliosis-like,AC progenitor-like 1 > Gliosis-like,AC-gliosis-hypoxia,AC-gliosis-hypoxia
at15_6,"('AC progenitor-like 1', 'Gliosis-like')",0.7196969696969697,AC progenitor-like 1,Gliosis-like,AC progenitor-like 1 > Gliosis-like,AC-gliosis-hypoxia,AC-gliosis-hypoxia
at4_0,"('AC progenitor-like 1', 'Gliosis-like')",0.0023255813953488,AC progenitor-like 1,Gliosis-like,AC progenitor-like 1 > Gliosis-like,AC-gliosis-hypoxia,AC-gliosis-hypoxia
at10_0,"('AC progenitor-like 1', 'Gliosis-like')",0.0454545454545454,AC progenitor-like 1,Gliosis-like,AC progenitor-like 1 > Gliosis-like,AC-gliosis-hypoxia,AC-gliosis-hypoxia
at7_0,"('AC progenitor-like 1', 'Gliosis-like')",0.0035906642728904,AC progenitor-like 1,Gliosis-like,AC progenitor-like 1 > Gliosis-like,AC-gliosis-hypoxia,AC-gliosis-hypoxia
at13_0,"('AC progenitor-like 1', 'Gliosis-like')",0.8,AC progenitor-like 1,Gliosis-like,AC progenitor-like 1 > Gliosis-like,AC-gliosis-hypoxia,AC-gliosis-hypoxia
at15_4,"('AC progenitor-like 1', 'Gliosis-like')",0.5189873417721519,AC progenitor-like 1,Gliosis-like,AC progenitor-like 1 > Gliosis-like,AC-gliosis-hypoxia,AC-gliosis-hypoxia
at10_1,"('AC progenitor-like 1', 'Gliosis-like')",0.1,AC progenitor-like 1,Gliosis-like,AC progenitor-like 1 > Gliosis-like,AC-gliosis-hypoxia,AC-gliosis-hypoxia
at6_5,"('AC progenitor-like 1', 'Gliosis-like')",0.0108695652173913,AC progenitor-like 1,Gliosis-like,AC progenitor-like 1 > Gliosis-like,AC-gliosis-hypoxia,AC-gliosis-hypoxia
at3_3,"('AC progenitor-like 1', 'Gliosis-like')",0.0171821305841924,AC progenitor-like 1,Gliosis-like,AC progenitor-like 1 > Gliosis-like,AC-gliosis-hypoxia,AC-gliosis-hypoxia
at5_9,"('AC progenitor-like 1', 'Gliosis-like')",0.9411764705882352,AC progenitor-like 1,Gliosis-like,AC progenitor-like 1 > Gliosis-like,AC-gliosis-hypoxia,AC-gliosis-hypoxia
at4_2,"('AC progenitor-like 1', 'Gliosis-like')",0.0625,AC progenitor-like 1,Gliosis-like,AC progenitor-like 1 > Gliosis-like,AC-gliosis-hypoxia,AC-gliosis-hypoxia
at9_0,"('AC progenitor-like 1', 'Gliosis-like')",0.7593984962406015,AC progenitor-like 1,Gliosis-like,AC progenitor-like 1 > Gliosis-like,AC-gliosis-hypoxia,AC-gliosis-hypoxia
at6_0,"('AC progenitor-like 1', 'Gliosis-like')",0.7142857142857143,AC progenitor-like 1,Gliosis-like,AC progenitor-like 1 > Gliosis-like,AC-gliosis-hypoxia,AC-gliosis-hypoxia
at5_4,"('AC progenitor-like 1', 'Gliosis-like')",1.0,AC progenitor-like 1,Gliosis-like,AC progenitor-like 1 > Gliosis-like,AC-gliosis-hypoxia,AC-gliosis-hypoxia
at15_3,"('AC progenitor-like 1', 'Gliosis-like')",0.934959349593496,AC progenitor-like 1,Gliosis-like,AC progenitor-like 1 > Gliosis-like,AC-gliosis-hypoxia,AC-gliosis-hypoxia
at15_0,"('AC progenitor-like 1', 'Gliosis-like')",0.8,AC progenitor-like 1,Gliosis-like,AC progenitor-like 1 > Gliosis-like,AC-gliosis-hypoxia,AC-gliosis-hypoxia
at15_2,"('AC progenitor-like 1', 'Gliosis-like')",0.3461538461538461,AC progenitor-like 1,Gliosis-like,AC progenitor-like 1 > Gliosis-like,AC-gliosis-hypoxia,AC-gliosis-hypoxia
at15_6,"('AC progenitor-like 1', 'Gliosis-like')",0.7196969696969697,AC progenitor-like 1,Gliosis-like,AC progenitor-like 1 > Gliosis-like,AC-gliosis-hypoxia,AC-gliosis-hypoxia
at4_0,"('AC progenitor-like 1', 'Gliosis-like')",0.0023255813953488,AC progenitor-like 1,Gliosis-like,AC progenitor-like 1 > Gliosis-like,AC-gliosis-hypoxia,AC-gliosis-hypoxia
at10_0,"('AC progenitor-like 1', 'Gliosis-like')",0.0454545454545454,AC progenitor-like 1,Gliosis-like,AC progenitor-like 1 > Gliosis-like,AC-gliosis-hypoxia,AC-gliosis-hypoxia
at7_0,"('AC progenitor-like 1', 'Gliosis-like')",0.0035906642728904,AC progenitor-like 1,Gliosis-like,AC progenitor-like 1 > Gliosis-like,AC-gliosis-hypoxia,AC-gliosis-hypoxia
at13_0,"('AC progenitor-like 1', 'Gliosis-like')",0.8,AC progenitor-like 1,Gliosis-like,AC progenitor-like 1 > Gliosis-like,AC-gliosis-hypoxia,AC-gliosis-hypoxia
at15_4,"('AC progenitor-like 1', 'Gliosis-like')",0.5189873417721519,AC progenitor-like 1,Gliosis-like,AC progenitor-like 1 > Gliosis-like,AC-gliosis-hypoxia,AC-gliosis-hypoxia
at10_1,"('AC progenitor-like 1', 'Gliosis-like')",0.1,AC progenitor-like 1,Gliosis-like,AC progenitor-like 1 > Gliosis-like,AC-gliosis-hypoxia,AC-gliosis-hypoxia
at6_5,"('AC progenitor-like 1', 'Gliosis-like')",0.0108695652173913,AC progenitor-like 1,Gliosis-like,AC progenitor-like 1 > Gliosis-like,AC-gliosis-hypoxia,AC-gliosis-hypoxia
at3_3,"('AC progenitor-like 1', 'Gliosis-like')",0.0171821305841924,AC progenitor-like 1,Gliosis-like,AC progenitor-like 1 > Gliosis-like,AC-gliosis-hypoxia,AC-gliosis-hypoxia
at5_9,"('AC progenitor-like 1', 'Gliosis-like')",0.9411764705882352,AC progenitor-like 1,Gliosis-like,AC progenitor-like 1 > Gliosis-like,AC-gliosis-hypoxia,AC-gliosis-hypoxia
at4_2,"('AC progenitor-like 1', 'Gliosis-like')",0.0625,AC progenitor-like 1,Gliosis-like,AC progenitor-like 1 > Gliosis-like,AC-gliosis-hypoxia,AC-gliosis-hypoxia
at9_0,"('AC progenitor-like 1', 'Gliosis-like')",0.7593984962406015,AC progenitor-like 1,Gliosis-like,AC progenitor-like 1 > Gliosis-like,AC-gliosis-hypoxia,AC-gliosis-hypoxia
at6_0,"('NPC-neuronal-like 4', 'Hypoxic 1')",0.9375,NPC-neuronal-like 4,Hypoxic 1,NPC-neuronal-like 4 > Hypoxic 1,Neuron-like,AC-gliosis-hypoxia
at4_1,"('NPC-neuronal-like 4', 'Hypoxic 1')",0.6021505376344086,NPC-neuronal-like 4,Hypoxic 1,NPC-neuronal-like 4 > Hypoxic 1,Neuron-like,AC-gliosis-hypoxia
at5_4,"('NPC-neuronal-like 4', 'Hypoxic 1')",0.2727272727272727,NPC-neuronal-like 4,Hypoxic 1,NPC-neuronal-like 4 > Hypoxic 1,Neuron-like,AC-gliosis-hypoxia
at15_3,"('NPC-neuronal-like 4', 'Hypoxic 1')",0.7540106951871658,NPC-neuronal-like 4,Hypoxic 1,NPC-neuronal-like 4 > Hypoxic 1,Neuron-like,AC-gliosis-hypoxia
at15_0,"('NPC-neuronal-like 4', 'Hypoxic 1')",0.4036697247706422,NPC-neuronal-like 4,Hypoxic 1,NPC-neuronal-like 4 > Hypoxic 1,Neuron-like,AC-gliosis-hypoxia
at15_2,"('NPC-neuronal-like 4', 'Hypoxic 1')",0.4918032786885246,NPC-neuronal-like 4,Hypoxic 1,NPC-neuronal-like 4 > Hypoxic 1,Neuron-like,AC-gliosis-hypoxia
at15_6,"('NPC-neuronal-like 4', 'Hypoxic 1')",0.478021978021978,NPC-neuronal-like 4,Hypoxic 1,NPC-neuronal-like 4 > Hypoxic 1,Neuron-like,AC-gliosis-hypoxia
at4_0,"('NPC-neuronal-like 4', 'Hypoxic 1')",0.6605783866057838,NPC-neuronal-like 4,Hypoxic 1,NPC-neuronal-like 4 > Hypoxic 1,Neuron-like,AC-gliosis-hypoxia
at10_0,"('NPC-neuronal-like 4', 'Hypoxic 1')",0.6216216216216216,NPC-neuronal-like 4,Hypoxic 1,NPC-neuronal-like 4 > Hypoxic 1,Neuron-like,AC-gliosis-hypoxia
at7_0,"('NPC-neuronal-like 4', 'Hypoxic 1')",0.0283286118980169,NPC-neuronal-like 4,Hypoxic 1,NPC-neuronal-like 4 > Hypoxic 1,Neuron-like,AC-gliosis-hypoxia
at13_0,"('NPC-neuronal-like 4', 'Hypoxic 1')",0.8192307692307692,NPC-neuronal-like 4,Hypoxic 1,NPC-neuronal-like 4 > Hypoxic 1,Neuron-like,AC-gliosis-hypoxia
at15_4,"('NPC-neuronal-like 4', 'Hypoxic 1')",0.5252707581227437,NPC-neuronal-like 4,Hypoxic 1,NPC-neuronal-like 4 > Hypoxic 1,Neuron-like,AC-gliosis-hypoxia
at6_4,"('NPC-neuronal-like 4', 'Hypoxic 1')",0.0044444444444444,NPC-neuronal-like 4,Hypoxic 1,NPC-neuronal-like 4 > Hypoxic 1,Neuron-like,AC-gliosis-hypoxia
at5_2,"('NPC-neuronal-like 4', 'Hypoxic 1')",0.1379310344827586,NPC-neuronal-like 4,Hypoxic 1,NPC-neuronal-like 4 > Hypoxic 1,Neuron-like,AC-gliosis-hypoxia
at10_1,"('NPC-neuronal-like 4', 'Hypoxic 1')",0.5121951219512195,NPC-neuronal-like 4,Hypoxic 1,NPC-neuronal-like 4 > Hypoxic 1,Neuron-like,AC-gliosis-hypoxia
at6_5,"('NPC-neuronal-like 4', 'Hypoxic 1')",0.0097765363128491,NPC-neuronal-like 4,Hypoxic 1,NPC-neuronal-like 4 > Hypoxic 1,Neuron-like,AC-gliosis-hypoxia
at3_3,"('NPC-neuronal-like 4', 'Hypoxic 1')",0.0075839653304442,NPC-neuronal-like 4,Hypoxic 1,NPC-neuronal-like 4 > Hypoxic 1,Neuron-like,AC-gliosis-hypoxia
at5_9,"('NPC-neuronal-like 4', 'Hypoxic 1')",0.4042553191489361,NPC-neuronal-like 4,Hypoxic 1,NPC-neuronal-like 4 > Hypoxic 1,Neuron-like,AC-gliosis-hypoxia
at4_2,"('NPC-neuronal-like 4', 'Hypoxic 1')",0.912621359223301,NPC-neuronal-like 4,Hypoxic 1,NPC-neuronal-like 4 > Hypoxic 1,Neuron-like,AC-gliosis-hypoxia
at9_4,"('NPC-neuronal-like 4', 'Hypoxic 1')",0.0215827338129496,NPC-neuronal-like 4,Hypoxic 1,NPC-neuronal-like 4 > Hypoxic 1,Neuron-like,AC-gliosis-hypoxia
at9_0,"('NPC-neuronal-like 4', 'Hypoxic 1')",0.0683229813664596,NPC-neuronal-like 4,Hypoxic 1,NPC-neuronal-like 4 > Hypoxic 1,Neuron-like,AC-gliosis-hypoxia
at6_0,"('NPC-neuronal-like 4', 'Hypoxic 1')",0.9375,NPC-neuronal-like 4,Hypoxic 1,NPC-neuronal-like 4 > Hypoxic 1,Neuron-like,AC-gliosis-hypoxia
at4_1,"('NPC-neuronal-like 4', 'Hypoxic 1')",0.6021505376344086,NPC-neuronal-like 4,Hypoxic 1,NPC-neuronal-like 4 > Hypoxic 1,Neuron-like,AC-gliosis-hypoxia
at5_4,"('NPC-neuronal-like 4', 'Hypoxic 1')",0.2727272727272727,NPC-neuronal-like 4,Hypoxic 1,NPC-neuronal-like 4 > Hypoxic 1,Neuron-like,AC-gliosis-hypoxia
at15_3,"('NPC-neuronal-like 4', 'Hypoxic 1')",0.7540106951871658,NPC-neuronal-like 4,Hypoxic 1,NPC-neuronal-like 4 > Hypoxic 1,Neuron-like,AC-gliosis-hypoxia
at15_0,"('NPC-neuronal-like 4', 'Hypoxic 1')",0.4036697247706422,NPC-neuronal-like 4,Hypoxic 1,NPC-neuronal-like 4 > Hypoxic 1,Neuron-like,AC-gliosis-hypoxia
at15_2,"('NPC-neuronal-like 4', 'Hypoxic 1')",0.4918032786885246,NPC-neuronal-like 4,Hypoxic 1,NPC-neuronal-like 4 > Hypoxic 1,Neuron-like,AC-gliosis-hypoxia
at15_6,"('NPC-neuronal-like 4', 'Hypoxic 1')",0.478021978021978,NPC-neuronal-like 4,Hypoxic 1,NPC-neuronal-like 4 > Hypoxic 1,Neuron-like,AC-gliosis-hypoxia
at4_0,"('NPC-neuronal-like 4', 'Hypoxic 1')",0.6605783866057838,NPC-neuronal-like 4,Hypoxic 1,NPC-neuronal-like 4 > Hypoxic 1,Neuron-like,AC-gliosis-hypoxia
at10_0,"('NPC-neuronal-like 4', 'Hypoxic 1')",0.6216216216216216,NPC-neuronal-like 4,Hypoxic 1,NPC-neuronal-like 4 > Hypoxic 1,Neuron-like,AC-gliosis-hypoxia
at7_0,"('NPC-neuronal-like 4', 'Hypoxic 1')",0.0283286118980169,NPC-neuronal-like 4,Hypoxic 1,NPC-neuronal-like 4 > Hypoxic 1,Neuron-like,AC-gliosis-hypoxia
at13_0,"('NPC-neuronal-like 4', 'Hypoxic 1')",0.8192307692307692,NPC-neuronal-like 4,Hypoxic 1,NPC-neuronal-like 4 > Hypoxic 1,Neuron-like,AC-gliosis-hypoxia
at15_4,"('NPC-neuronal-like 4', 'Hypoxic 1')",0.5252707581227437,NPC-neuronal-like 4,Hypoxic 1,NPC-neuronal-like 4 > Hypoxic 1,Neuron-like,AC-gliosis-hypoxia
at6_4,"('NPC-neuronal-like 4', 'Hypoxic 1')",0.0044444444444444,NPC-neuronal-like 4,Hypoxic 1,NPC-neuronal-like 4 > Hypoxic 1,Neuron-like,AC-gliosis-hypoxia
at5_2,"('NPC-neuronal-like 4', 'Hypoxic 1')",0.1379310344827586,NPC-neuronal-like 4,Hypoxic 1,NPC-neuronal-like 4 > Hypoxic 1,Neuron-like,AC-gliosis-hypoxia
at10_1,"('NPC-neuronal-like 4', 'Hypoxic 1')",0.5121951219512195,NPC-neuronal-like 4,Hypoxic 1,NPC-neuronal-like 4 > Hypoxic 1,Neuron-like,AC-gliosis-hypoxia
at6_5,"('NPC-neuronal-like 4', 'Hypoxic 1')",0.0097765363128491,NPC-neuronal-like 4,Hypoxic 1,NPC-neuronal-like 4 > Hypoxic 1,Neuron-like,AC-gliosis-hypoxia
at3_3,"('NPC-neuronal-like 4', 'Hypoxic 1')",0.0075839653304442,NPC-neuronal-like 4,Hypoxic 1,NPC-neuronal-like 4 > Hypoxic 1,Neuron-like,AC-gliosis-hypoxia
at5_9,"('NPC-neuronal-like 4', 'Hypoxic 1')",0.4042553191489361,NPC-neuronal-like 4,Hypoxic 1,NPC-neuronal-like 4 > Hypoxic 1,Neuron-like,AC-gliosis-hypoxia
at4_2,"('NPC-neuronal-like 4', 'Hypoxic 1')",0.912621359223301,NPC-neuronal-like 4,Hypoxic 1,NPC-neuronal-like 4 > Hypoxic 1,Neuron-like,AC-gliosis-hypoxia
at9_4,"('NPC-neuronal-like 4', 'Hypoxic 1')",0.0215827338129496,NPC-neuronal-like 4,Hypoxic 1,NPC-neuronal-like 4 > Hypoxic 1,Neuron-like,AC-gliosis-hypoxia
at9_0,"('NPC-neuronal-like 4', 'Hypoxic 1')",0.0683229813664596,NPC-neuronal-like 4,Hypoxic 1,NPC-neuronal-like 4 > Hypoxic 1,Neuron-like,AC-gliosis-hypoxia
at6_0,"('NPC-neuronal-like 4', 'Hypoxic 1')",0.9375,NPC-neuronal-like 4,Hypoxic 1,NPC-neuronal-like 4 > Hypoxic 1,Neuron-like,AC-gliosis-hypoxia
at4_1,"('NPC-neuronal-like 4', 'Hypoxic 1')",0.6021505376344086,NPC-neuronal-like 4,Hypoxic 1,NPC-neuronal-like 4 > Hypoxic 1,Neuron-like,AC-gliosis-hypoxia
at5_4,"('NPC-neuronal-like 4', 'Hypoxic 1')",0.2727272727272727,NPC-neuronal-like 4,Hypoxic 1,NPC-neuronal-like 4 > Hypoxic 1,Neuron-like,AC-gliosis-hypoxia
at15_3,"('NPC-neuronal-like 4', 'Hypoxic 1')",0.7540106951871658,NPC-neuronal-like 4,Hypoxic 1,NPC-neuronal-like 4 > Hypoxic 1,Neuron-like,AC-gliosis-hypoxia
at15_0,"('NPC-neuronal-like 4', 'Hypoxic 1')",0.4036697247706422,NPC-neuronal-like 4,Hypoxic 1,NPC-neuronal-like 4 > Hypoxic 1,Neuron-like,AC-gliosis-hypoxia
at15_2,"('NPC-neuronal-like 4', 'Hypoxic 1')",0.4918032786885246,NPC-neuronal-like 4,Hypoxic 1,NPC-neuronal-like 4 > Hypoxic 1,Neuron-like,AC-gliosis-hypoxia
at15_6,"('NPC-neuronal-like 4', 'Hypoxic 1')",0.478021978021978,NPC-neuronal-like 4,Hypoxic 1,NPC-neuronal-like 4 > Hypoxic 1,Neuron-like,AC-gliosis-hypoxia
at4_0,"('NPC-neuronal-like 4', 'Hypoxic 1')",0.6605783866057838,NPC-neuronal-like 4,Hypoxic 1,NPC-neuronal-like 4 > Hypoxic 1,Neuron-like,AC-gliosis-hypoxia
at10_0,"('NPC-neuronal-like 4', 'Hypoxic 1')",0.6216216216216216,NPC-neuronal-like 4,Hypoxic 1,NPC-neuronal-like 4 > Hypoxic 1,Neuron-like,AC-gliosis-hypoxia
at7_0,"('NPC-neuronal-like 4', 'Hypoxic 1')",0.0283286118980169,NPC-neuronal-like 4,Hypoxic 1,NPC-neuronal-like 4 > Hypoxic 1,Neuron-like,AC-gliosis-hypoxia
at13_0,"('NPC-neuronal-like 4', 'Hypoxic 1')",0.8192307692307692,NPC-neuronal-like 4,Hypoxic 1,NPC-neuronal-like 4 > Hypoxic 1,Neuron-like,AC-gliosis-hypoxia
at15_4,"('NPC-neuronal-like 4', 'Hypoxic 1')",0.5252707581227437,NPC-neuronal-like 4,Hypoxic 1,NPC-neuronal-like 4 > Hypoxic 1,Neuron-like,AC-gliosis-hypoxia
at6_4,"('NPC-neuronal-like 4', 'Hypoxic 1')",0.0044444444444444,NPC-neuronal-like 4,Hypoxic 1,NPC-neuronal-like 4 > Hypoxic 1,Neuron-like,AC-gliosis-hypoxia
at5_2,"('NPC-neuronal-like 4', 'Hypoxic 1')",0.1379310344827586,NPC-neuronal-like 4,Hypoxic 1,NPC-neuronal-like 4 > Hypoxic 1,Neuron-like,AC-gliosis-hypoxia
at10_1,"('NPC-neuronal-like 4', 'Hypoxic 1')",0.5121951219512195,NPC-neuronal-like 4,Hypoxic 1,NPC-neuronal-like 4 > Hypoxic 1,Neuron-like,AC-gliosis-hypoxia
at6_5,"('NPC-neuronal-like 4', 'Hypoxic 1')",0.0097765363128491,NPC-neuronal-like 4,Hypoxic 1,NPC-neuronal-like 4 > Hypoxic 1,Neuron-like,AC-gliosis-hypoxia
at3_3,"('NPC-neuronal-like 4', 'Hypoxic 1')",0.0075839653304442,NPC-neuronal-like 4,Hypoxic 1,NPC-neuronal-like 4 > Hypoxic 1,Neuron-like,AC-gliosis-hypoxia
at5_9,"('NPC-neuronal-like 4', 'Hypoxic 1')",0.4042553191489361,NPC-neuronal-like 4,Hypoxic 1,NPC-neuronal-like 4 > Hypoxic 1,Neuron-like,AC-gliosis-hypoxia
at4_2,"('NPC-neuronal-like 4', 'Hypoxic 1')",0.912621359223301,NPC-neuronal-like 4,Hypoxic 1,NPC-neuronal-like 4 > Hypoxic 1,Neuron-like,AC-gliosis-hypoxia
at9_4,"('NPC-neuronal-like 4', 'Hypoxic 1')",0.0215827338129496,NPC-neuronal-like 4,Hypoxic 1,NPC-neuronal-like 4 > Hypoxic 1,Neuron-like,AC-gliosis-hypoxia
at9_0,"('NPC-neuronal-like 4', 'Hypoxic 1')",0.0683229813664596,NPC-neuronal-like 4,Hypoxic 1,NPC-neuronal-like 4 > Hypoxic 1,Neuron-like,AC-gliosis-hypoxia
at6_0,"('NPC-neuronal-like 4', 'Hypoxic 2')",1.0,NPC-neuronal-like 4,Hypoxic 2,NPC-neuronal-like 4 > Hypoxic 2,Neuron-like,AC-gliosis-hypoxia
at4_1,"('NPC-neuronal-like 4', 'Hypoxic 2')",0.260575296108291,NPC-neuronal-like 4,Hypoxic 2,NPC-neuronal-like 4 > Hypoxic 2,Neuron-like,AC-gliosis-hypoxia
at5_4,"('NPC-neuronal-like 4', 'Hypoxic 2')",0.3333333333333333,NPC-neuronal-like 4,Hypoxic 2,NPC-neuronal-like 4 > Hypoxic 2,Neuron-like,AC-gliosis-hypoxia
at15_3,"('NPC-neuronal-like 4', 'Hypoxic 2')",0.4814814814814814,NPC-neuronal-like 4,Hypoxic 2,NPC-neuronal-like 4 > Hypoxic 2,Neuron-like,AC-gliosis-hypoxia
at15_0,"('NPC-neuronal-like 4', 'Hypoxic 2')",0.9629629629629628,NPC-neuronal-like 4,Hypoxic 2,NPC-neuronal-like 4 > Hypoxic 2,Neuron-like,AC-gliosis-hypoxia
at15_2,"('NPC-neuronal-like 4', 'Hypoxic 2')",1.0,NPC-neuronal-like 4,Hypoxic 2,NPC-neuronal-like 4 > Hypoxic 2,Neuron-like,AC-gliosis-hypoxia
at15_6,"('NPC-neuronal-like 4', 'Hypoxic 2')",0.8936170212765957,NPC-neuronal-like 4,Hypoxic 2,NPC-neuronal-like 4 > Hypoxic 2,Neuron-like,AC-gliosis-hypoxia
at4_0,"('NPC-neuronal-like 4', 'Hypoxic 2')",0.0992268041237113,NPC-neuronal-like 4,Hypoxic 2,NPC-neuronal-like 4 > Hypoxic 2,Neuron-like,AC-gliosis-hypoxia
at10_0,"('NPC-neuronal-like 4', 'Hypoxic 2')",0.7083333333333334,NPC-neuronal-like 4,Hypoxic 2,NPC-neuronal-like 4 > Hypoxic 2,Neuron-like,AC-gliosis-hypoxia
at7_0,"('NPC-neuronal-like 4', 'Hypoxic 2')",0.0043196544276457,NPC-neuronal-like 4,Hypoxic 2,NPC-neuronal-like 4 > Hypoxic 2,Neuron-like,AC-gliosis-hypoxia
at10_2,"('NPC-neuronal-like 4', 'Hypoxic 2')",0.2398921832884097,NPC-neuronal-like 4,Hypoxic 2,NPC-neuronal-like 4 > Hypoxic 2,Neuron-like,AC-gliosis-hypoxia
at13_0,"('NPC-neuronal-like 4', 'Hypoxic 2')",0.5211267605633803,NPC-neuronal-like 4,Hypoxic 2,NPC-neuronal-like 4 > Hypoxic 2,Neuron-like,AC-gliosis-hypoxia
at15_4,"('NPC-neuronal-like 4', 'Hypoxic 2')",0.922077922077922,NPC-neuronal-like 4,Hypoxic 2,NPC-neuronal-like 4 > Hypoxic 2,Neuron-like,AC-gliosis-hypoxia
at10_1,"('NPC-neuronal-like 4', 'Hypoxic 2')",0.4572649572649572,NPC-neuronal-like 4,Hypoxic 2,NPC-neuronal-like 4 > Hypoxic 2,Neuron-like,AC-gliosis-hypoxia
at6_5,"('NPC-neuronal-like 4', 'Hypoxic 2')",0.0142857142857142,NPC-neuronal-like 4,Hypoxic 2,NPC-neuronal-like 4 > Hypoxic 2,Neuron-like,AC-gliosis-hypoxia
at4_2,"('NPC-neuronal-like 4', 'Hypoxic 2')",0.6003401360544217,NPC-neuronal-like 4,Hypoxic 2,NPC-neuronal-like 4 > Hypoxic 2,Neuron-like,AC-gliosis-hypoxia
at9_2,"('NPC-neuronal-like 4', 'Hypoxic 2')",0.0212765957446808,NPC-neuronal-like 4,Hypoxic 2,NPC-neuronal-like 4 > Hypoxic 2,Neuron-like,AC-gliosis-hypoxia
at9_0,"('NPC-neuronal-like 4', 'Hypoxic 2')",0.0206084396467124,NPC-neuronal-like 4,Hypoxic 2,NPC-neuronal-like 4 > Hypoxic 2,Neuron-like,AC-gliosis-hypoxia
at6_0,"('OPC-like 1', 'AC-gliosis-like 1')",0.5638297872340425,OPC-like 1,AC-gliosis-like 1,OPC-like 1 > AC-gliosis-like 1,OPC-NPC-like,AC-gliosis-hypoxia
at4_1,"('OPC-like 1', 'AC-gliosis-like 1')",0.5948275862068966,OPC-like 1,AC-gliosis-like 1,OPC-like 1 > AC-gliosis-like 1,OPC-NPC-like,AC-gliosis-hypoxia
at5_4,"('OPC-like 1', 'AC-gliosis-like 1')",1.0,OPC-like 1,AC-gliosis-like 1,OPC-like 1 > AC-gliosis-like 1,OPC-NPC-like,AC-gliosis-hypoxia
at15_3,"('OPC-like 1', 'AC-gliosis-like 1')",0.4561403508771929,OPC-like 1,AC-gliosis-like 1,OPC-like 1 > AC-gliosis-like 1,OPC-NPC-like,AC-gliosis-hypoxia
at15_0,"('OPC-like 1', 'AC-gliosis-like 1')",0.88,OPC-like 1,AC-gliosis-like 1,OPC-like 1 > AC-gliosis-like 1,OPC-NPC-like,AC-gliosis-hypoxia
at15_2,"('OPC-like 1', 'AC-gliosis-like 1')",0.8888888888888888,OPC-like 1,AC-gliosis-like 1,OPC-like 1 > AC-gliosis-like 1,OPC-NPC-like,AC-gliosis-hypoxia
at15_6,"('OPC-like 1', 'AC-gliosis-like 1')",0.8666666666666667,OPC-like 1,AC-gliosis-like 1,OPC-like 1 > AC-gliosis-like 1,OPC-NPC-like,AC-gliosis-hypoxia
at4_0,"('OPC-like 1', 'AC-gliosis-like 1')",0.4924242424242424,OPC-like 1,AC-gliosis-like 1,OPC-like 1 > AC-gliosis-like 1,OPC-NPC-like,AC-gliosis-hypoxia
at7_0,"('OPC-like 1', 'AC-gliosis-like 1')",0.0252100840336134,OPC-like 1,AC-gliosis-like 1,OPC-like 1 > AC-gliosis-like 1,OPC-NPC-like,AC-gliosis-hypoxia
at10_2,"('OPC-like 1', 'AC-gliosis-like 1')",0.0625,OPC-like 1,AC-gliosis-like 1,OPC-like 1 > AC-gliosis-like 1,OPC-NPC-like,AC-gliosis-hypoxia
at13_0,"('OPC-like 1', 'AC-gliosis-like 1')",0.0367132867132867,OPC-like 1,AC-gliosis-like 1,OPC-like 1 > AC-gliosis-like 1,OPC-NPC-like,AC-gliosis-hypoxia
at15_4,"('OPC-like 1', 'AC-gliosis-like 1')",0.8591549295774648,OPC-like 1,AC-gliosis-like 1,OPC-like 1 > AC-gliosis-like 1,OPC-NPC-like,AC-gliosis-hypoxia
at6_4,"('OPC-like 1', 'AC-gliosis-like 1')",0.0063775510204081,OPC-like 1,AC-gliosis-like 1,OPC-like 1 > AC-gliosis-like 1,OPC-NPC-like,AC-gliosis-hypoxia
at6_5,"('OPC-like 1', 'AC-gliosis-like 1')",0.010703363914373,OPC-like 1,AC-gliosis-like 1,OPC-like 1 > AC-gliosis-like 1,OPC-NPC-like,AC-gliosis-hypoxia
at3_3,"('OPC-like 1', 'AC-gliosis-like 1')",0.0087837837837837,OPC-like 1,AC-gliosis-like 1,OPC-like 1 > AC-gliosis-like 1,OPC-NPC-like,AC-gliosis-hypoxia
at5_9,"('OPC-like 1', 'AC-gliosis-like 1')",0.1111111111111111,OPC-like 1,AC-gliosis-like 1,OPC-like 1 > AC-gliosis-like 1,OPC-NPC-like,AC-gliosis-hypoxia
at9_2,"('OPC-like 1', 'AC-gliosis-like 1')",0.5,OPC-like 1,AC-gliosis-like 1,OPC-like 1 > AC-gliosis-like 1,OPC-NPC-like,AC-gliosis-hypoxia
at9_4,"('OPC-like 1', 'AC-gliosis-like 1')",0.1538461538461538,OPC-like 1,AC-gliosis-like 1,OPC-like 1 > AC-gliosis-like 1,OPC-NPC-like,AC-gliosis-hypoxia
at9_0,"('OPC-like 1', 'AC-gliosis-like 1')",0.1304347826086956,OPC-like 1,AC-gliosis-like 1,OPC-like 1 > AC-gliosis-like 1,OPC-NPC-like,AC-gliosis-hypoxia
at6_0,"('OPC-like 1', 'AC-gliosis-like 1')",0.5638297872340425,OPC-like 1,AC-gliosis-like 1,OPC-like 1 > AC-gliosis-like 1,OPC-NPC-like,AC-gliosis-hypoxia
at4_1,"('OPC-like 1', 'AC-gliosis-like 1')",0.5948275862068966,OPC-like 1,AC-gliosis-like 1,OPC-like 1 > AC-gliosis-like 1,OPC-NPC-like,AC-gliosis-hypoxia
at5_4,"('OPC-like 1', 'AC-gliosis-like 1')",1.0,OPC-like 1,AC-gliosis-like 1,OPC-like 1 > AC-gliosis-like 1,OPC-NPC-like,AC-gliosis-hypoxia
at15_3,"('OPC-like 1', 'AC-gliosis-like 1')",0.4561403508771929,OPC-like 1,AC-gliosis-like 1,OPC-like 1 > AC-gliosis-like 1,OPC-NPC-like,AC-gliosis-hypoxia
at15_0,"('OPC-like 1', 'AC-gliosis-like 1')",0.88,OPC-like 1,AC-gliosis-like 1,OPC-like 1 > AC-gliosis-like 1,OPC-NPC-like,AC-gliosis-hypoxia
at15_2,"('OPC-like 1', 'AC-gliosis-like 1')",0.8888888888888888,OPC-like 1,AC-gliosis-like 1,OPC-like 1 > AC-gliosis-like 1,OPC-NPC-like,AC-gliosis-hypoxia
at15_6,"('OPC-like 1', 'AC-gliosis-like 1')",0.8666666666666667,OPC-like 1,AC-gliosis-like 1,OPC-like 1 > AC-gliosis-like 1,OPC-NPC-like,AC-gliosis-hypoxia
at4_0,"('OPC-like 1', 'AC-gliosis-like 1')",0.4924242424242424,OPC-like 1,AC-gliosis-like 1,OPC-like 1 > AC-gliosis-like 1,OPC-NPC-like,AC-gliosis-hypoxia
at7_0,"('OPC-like 1', 'AC-gliosis-like 1')",0.0252100840336134,OPC-like 1,AC-gliosis-like 1,OPC-like 1 > AC-gliosis-like 1,OPC-NPC-like,AC-gliosis-hypoxia
at10_2,"('OPC-like 1', 'AC-gliosis-like 1')",0.0625,OPC-like 1,AC-gliosis-like 1,OPC-like 1 > AC-gliosis-like 1,OPC-NPC-like,AC-gliosis-hypoxia
at13_0,"('OPC-like 1', 'AC-gliosis-like 1')",0.0367132867132867,OPC-like 1,AC-gliosis-like 1,OPC-like 1 > AC-gliosis-like 1,OPC-NPC-like,AC-gliosis-hypoxia
at15_4,"('OPC-like 1', 'AC-gliosis-like 1')",0.8591549295774648,OPC-like 1,AC-gliosis-like 1,OPC-like 1 > AC-gliosis-like 1,OPC-NPC-like,AC-gliosis-hypoxia
at6_4,"('OPC-like 1', 'AC-gliosis-like 1')",0.0063775510204081,OPC-like 1,AC-gliosis-like 1,OPC-like 1 > AC-gliosis-like 1,OPC-NPC-like,AC-gliosis-hypoxia
at6_5,"('OPC-like 1', 'AC-gliosis-like 1')",0.010703363914373,OPC-like 1,AC-gliosis-like 1,OPC-like 1 > AC-gliosis-like 1,OPC-NPC-like,AC-gliosis-hypoxia
at3_3,"('OPC-like 1', 'AC-gliosis-like 1')",0.0087837837837837,OPC-like 1,AC-gliosis-like 1,OPC-like 1 > AC-gliosis-like 1,OPC-NPC-like,AC-gliosis-hypoxia
at5_9,"('OPC-like 1', 'AC-gliosis-like 1')",0.1111111111111111,OPC-like 1,AC-gliosis-like 1,OPC-like 1 > AC-gliosis-like 1,OPC-NPC-like,AC-gliosis-hypoxia
at9_2,"('OPC-like 1', 'AC-gliosis-like 1')",0.5,OPC-like 1,AC-gliosis-like 1,OPC-like 1 > AC-gliosis-like 1,OPC-NPC-like,AC-gliosis-hypoxia
at9_4,"('OPC-like 1', 'AC-gliosis-like 1')",0.1538461538461538,OPC-like 1,AC-gliosis-like 1,OPC-like 1 > AC-gliosis-like 1,OPC-NPC-like,AC-gliosis-hypoxia
at9_0,"('OPC-like 1', 'AC-gliosis-like 1')",0.1304347826086956,OPC-like 1,AC-gliosis-like 1,OPC-like 1 > AC-gliosis-like 1,OPC-NPC-like,AC-gliosis-hypoxia
at6_0,"('OPC-like 1', 'AC-gliosis-like 1')",0.5638297872340425,OPC-like 1,AC-gliosis-like 1,OPC-like 1 > AC-gliosis-like 1,OPC-NPC-like,AC-gliosis-hypoxia
at4_1,"('OPC-like 1', 'AC-gliosis-like 1')",0.5948275862068966,OPC-like 1,AC-gliosis-like 1,OPC-like 1 > AC-gliosis-like 1,OPC-NPC-like,AC-gliosis-hypoxia
at5_4,"('OPC-like 1', 'AC-gliosis-like 1')",1.0,OPC-like 1,AC-gliosis-like 1,OPC-like 1 > AC-gliosis-like 1,OPC-NPC-like,AC-gliosis-hypoxia
at15_3,"('OPC-like 1', 'AC-gliosis-like 1')",0.4561403508771929,OPC-like 1,AC-gliosis-like 1,OPC-like 1 > AC-gliosis-like 1,OPC-NPC-like,AC-gliosis-hypoxia
at15_0,"('OPC-like 1', 'AC-gliosis-like 1')",0.88,OPC-like 1,AC-gliosis-like 1,OPC-like 1 > AC-gliosis-like 1,OPC-NPC-like,AC-gliosis-hypoxia
at15_2,"('OPC-like 1', 'AC-gliosis-like 1')",0.8888888888888888,OPC-like 1,AC-gliosis-like 1,OPC-like 1 > AC-gliosis-like 1,OPC-NPC-like,AC-gliosis-hypoxia
at15_6,"('OPC-like 1', 'AC-gliosis-like 1')",0.8666666666666667,OPC-like 1,AC-gliosis-like 1,OPC-like 1 > AC-gliosis-like 1,OPC-NPC-like,AC-gliosis-hypoxia
at4_0,"('OPC-like 1', 'AC-gliosis-like 1')",0.4924242424242424,OPC-like 1,AC-gliosis-like 1,OPC-like 1 > AC-gliosis-like 1,OPC-NPC-like,AC-gliosis-hypoxia
at7_0,"('OPC-like 1', 'AC-gliosis-like 1')",0.0252100840336134,OPC-like 1,AC-gliosis-like 1,OPC-like 1 > AC-gliosis-like 1,OPC-NPC-like,AC-gliosis-hypoxia
at10_2,"('OPC-like 1', 'AC-gliosis-like 1')",0.0625,OPC-like 1,AC-gliosis-like 1,OPC-like 1 > AC-gliosis-like 1,OPC-NPC-like,AC-gliosis-hypoxia
at13_0,"('OPC-like 1', 'AC-gliosis-like 1')",0.0367132867132867,OPC-like 1,AC-gliosis-like 1,OPC-like 1 > AC-gliosis-like 1,OPC-NPC-like,AC-gliosis-hypoxia
at15_4,"('OPC-like 1', 'AC-gliosis-like 1')",0.8591549295774648,OPC-like 1,AC-gliosis-like 1,OPC-like 1 > AC-gliosis-like 1,OPC-NPC-like,AC-gliosis-hypoxia
at6_4,"('OPC-like 1', 'AC-gliosis-like 1')",0.0063775510204081,OPC-like 1,AC-gliosis-like 1,OPC-like 1 > AC-gliosis-like 1,OPC-NPC-like,AC-gliosis-hypoxia
at6_5,"('OPC-like 1', 'AC-gliosis-like 1')",0.010703363914373,OPC-like 1,AC-gliosis-like 1,OPC-like 1 > AC-gliosis-like 1,OPC-NPC-like,AC-gliosis-hypoxia
at3_3,"('OPC-like 1', 'AC-gliosis-like 1')",0.0087837837837837,OPC-like 1,AC-gliosis-like 1,OPC-like 1 > AC-gliosis-like 1,OPC-NPC-like,AC-gliosis-hypoxia
at5_9,"('OPC-like 1', 'AC-gliosis-like 1')",0.1111111111111111,OPC-like 1,AC-gliosis-like 1,OPC-like 1 > AC-gliosis-like 1,OPC-NPC-like,AC-gliosis-hypoxia
at9_2,"('OPC-like 1', 'AC-gliosis-like 1')",0.5,OPC-like 1,AC-gliosis-like 1,OPC-like 1 > AC-gliosis-like 1,OPC-NPC-like,AC-gliosis-hypoxia
at9_4,"('OPC-like 1', 'AC-gliosis-like 1')",0.1538461538461538,OPC-like 1,AC-gliosis-like 1,OPC-like 1 > AC-gliosis-like 1,OPC-NPC-like,AC-gliosis-hypoxia
at9_0,"('OPC-like 1', 'AC-gliosis-like 1')",0.1304347826086956,OPC-like 1,AC-gliosis-like 1,OPC-like 1 > AC-gliosis-like 1,OPC-NPC-like,AC-gliosis-hypoxia
at6_0,"('OPC-like 1', 'AC-gliosis-like 1')",0.5638297872340425,OPC-like 1,AC-gliosis-like 1,OPC-like 1 > AC-gliosis-like 1,OPC-NPC-like,AC-gliosis-hypoxia
at4_1,"('OPC-like 1', 'AC-gliosis-like 1')",0.5948275862068966,OPC-like 1,AC-gliosis-like 1,OPC-like 1 > AC-gliosis-like 1,OPC-NPC-like,AC-gliosis-hypoxia
at5_4,"('OPC-like 1', 'AC-gliosis-like 1')",1.0,OPC-like 1,AC-gliosis-like 1,OPC-like 1 > AC-gliosis-like 1,OPC-NPC-like,AC-gliosis-hypoxia
at15_3,"('OPC-like 1', 'AC-gliosis-like 1')",0.4561403508771929,OPC-like 1,AC-gliosis-like 1,OPC-like 1 > AC-gliosis-like 1,OPC-NPC-like,AC-gliosis-hypoxia
at15_0,"('OPC-like 1', 'AC-gliosis-like 1')",0.88,OPC-like 1,AC-gliosis-like 1,OPC-like 1 > AC-gliosis-like 1,OPC-NPC-like,AC-gliosis-hypoxia
at15_2,"('OPC-like 1', 'AC-gliosis-like 1')",0.8888888888888888,OPC-like 1,AC-gliosis-like 1,OPC-like 1 > AC-gliosis-like 1,OPC-NPC-like,AC-gliosis-hypoxia
at15_6,"('OPC-like 1', 'AC-gliosis-like 1')",0.8666666666666667,OPC-like 1,AC-gliosis-like 1,OPC-like 1 > AC-gliosis-like 1,OPC-NPC-like,AC-gliosis-hypoxia
at4_0,"('OPC-like 1', 'AC-gliosis-like 1')",0.4924242424242424,OPC-like 1,AC-gliosis-like 1,OPC-like 1 > AC-gliosis-like 1,OPC-NPC-like,AC-gliosis-hypoxia
at7_0,"('OPC-like 1', 'AC-gliosis-like 1')",0.0252100840336134,OPC-like 1,AC-gliosis-like 1,OPC-like 1 > AC-gliosis-like 1,OPC-NPC-like,AC-gliosis-hypoxia
at10_2,"('OPC-like 1', 'AC-gliosis-like 1')",0.0625,OPC-like 1,AC-gliosis-like 1,OPC-like 1 > AC-gliosis-like 1,OPC-NPC-like,AC-gliosis-hypoxia
at13_0,"('OPC-like 1', 'AC-gliosis-like 1')",0.0367132867132867,OPC-like 1,AC-gliosis-like 1,OPC-like 1 > AC-gliosis-like 1,OPC-NPC-like,AC-gliosis-hypoxia
at15_4,"('OPC-like 1', 'AC-gliosis-like 1')",0.8591549295774648,OPC-like 1,AC-gliosis-like 1,OPC-like 1 > AC-gliosis-like 1,OPC-NPC-like,AC-gliosis-hypoxia
at6_4,"('OPC-like 1', 'AC-gliosis-like 1')",0.0063775510204081,OPC-like 1,AC-gliosis-like 1,OPC-like 1 > AC-gliosis-like 1,OPC-NPC-like,AC-gliosis-hypoxia
at6_5,"('OPC-like 1', 'AC-gliosis-like 1')",0.010703363914373,OPC-like 1,AC-gliosis-like 1,OPC-like 1 > AC-gliosis-like 1,OPC-NPC-like,AC-gliosis-hypoxia
at3_3,"('OPC-like 1', 'AC-gliosis-like 1')",0.0087837837837837,OPC-like 1,AC-gliosis-like 1,OPC-like 1 > AC-gliosis-like 1,OPC-NPC-like,AC-gliosis-hypoxia
at5_9,"('OPC-like 1', 'AC-gliosis-like 1')",0.1111111111111111,OPC-like 1,AC-gliosis-like 1,OPC-like 1 > AC-gliosis-like 1,OPC-NPC-like,AC-gliosis-hypoxia
at9_2,"('OPC-like 1', 'AC-gliosis-like 1')",0.5,OPC-like 1,AC-gliosis-like 1,OPC-like 1 > AC-gliosis-like 1,OPC-NPC-like,AC-gliosis-hypoxia
at9_4,"('OPC-like 1', 'AC-gliosis-like 1')",0.1538461538461538,OPC-like 1,AC-gliosis-like 1,OPC-like 1 > AC-gliosis-like 1,OPC-NPC-like,AC-gliosis-hypoxia
at9_0,"('OPC-like 1', 'AC-gliosis-like 1')",0.1304347826086956,OPC-like 1,AC-gliosis-like 1,OPC-like 1 > AC-gliosis-like 1,OPC-NPC-like,AC-gliosis-hypoxia
at6_0,"('OPC-like 1', 'AC-gliosis-like 1')",0.5638297872340425,OPC-like 1,AC-gliosis-like 1,OPC-like 1 > AC-gliosis-like 1,OPC-NPC-like,AC-gliosis-hypoxia
at4_1,"('OPC-like 1', 'AC-gliosis-like 1')",0.5948275862068966,OPC-like 1,AC-gliosis-like 1,OPC-like 1 > AC-gliosis-like 1,OPC-NPC-like,AC-gliosis-hypoxia
at5_4,"('OPC-like 1', 'AC-gliosis-like 1')",1.0,OPC-like 1,AC-gliosis-like 1,OPC-like 1 > AC-gliosis-like 1,OPC-NPC-like,AC-gliosis-hypoxia
at15_3,"('OPC-like 1', 'AC-gliosis-like 1')",0.4561403508771929,OPC-like 1,AC-gliosis-like 1,OPC-like 1 > AC-gliosis-like 1,OPC-NPC-like,AC-gliosis-hypoxia
at15_0,"('OPC-like 1', 'AC-gliosis-like 1')",0.88,OPC-like 1,AC-gliosis-like 1,OPC-like 1 > AC-gliosis-like 1,OPC-NPC-like,AC-gliosis-hypoxia
at15_2,"('OPC-like 1', 'AC-gliosis-like 1')",0.8888888888888888,OPC-like 1,AC-gliosis-like 1,OPC-like 1 > AC-gliosis-like 1,OPC-NPC-like,AC-gliosis-hypoxia
at15_6,"('OPC-like 1', 'AC-gliosis-like 1')",0.8666666666666667,OPC-like 1,AC-gliosis-like 1,OPC-like 1 > AC-gliosis-like 1,OPC-NPC-like,AC-gliosis-hypoxia
at4_0,"('OPC-like 1', 'AC-gliosis-like 1')",0.4924242424242424,OPC-like 1,AC-gliosis-like 1,OPC-like 1 > AC-gliosis-like 1,OPC-NPC-like,AC-gliosis-hypoxia
at7_0,"('OPC-like 1', 'AC-gliosis-like 1')",0.0252100840336134,OPC-like 1,AC-gliosis-like 1,OPC-like 1 > AC-gliosis-like 1,OPC-NPC-like,AC-gliosis-hypoxia
at10_2,"('OPC-like 1', 'AC-gliosis-like 1')",0.0625,OPC-like 1,AC-gliosis-like 1,OPC-like 1 > AC-gliosis-like 1,OPC-NPC-like,AC-gliosis-hypoxia
at13_0,"('OPC-like 1', 'AC-gliosis-like 1')",0.0367132867132867,OPC-like 1,AC-gliosis-like 1,OPC-like 1 > AC-gliosis-like 1,OPC-NPC-like,AC-gliosis-hypoxia
at15_4,"('OPC-like 1', 'AC-gliosis-like 1')",0.8591549295774648,OPC-like 1,AC-gliosis-like 1,OPC-like 1 > AC-gliosis-like 1,OPC-NPC-like,AC-gliosis-hypoxia
at6_4,"('OPC-like 1', 'AC-gliosis-like 1')",0.0063775510204081,OPC-like 1,AC-gliosis-like 1,OPC-like 1 > AC-gliosis-like 1,OPC-NPC-like,AC-gliosis-hypoxia
at6_5,"('OPC-like 1', 'AC-gliosis-like 1')",0.010703363914373,OPC-like 1,AC-gliosis-like 1,OPC-like 1 > AC-gliosis-like 1,OPC-NPC-like,AC-gliosis-hypoxia
at3_3,"('OPC-like 1', 'AC-gliosis-like 1')",0.0087837837837837,OPC-like 1,AC-gliosis-like 1,OPC-like 1 > AC-gliosis-like 1,OPC-NPC-like,AC-gliosis-hypoxia
at5_9,"('OPC-like 1', 'AC-gliosis-like 1')",0.1111111111111111,OPC-like 1,AC-gliosis-like 1,OPC-like 1 > AC-gliosis-like 1,OPC-NPC-like,AC-gliosis-hypoxia
at9_2,"('OPC-like 1', 'AC-gliosis-like 1')",0.5,OPC-like 1,AC-gliosis-like 1,OPC-like 1 > AC-gliosis-like 1,OPC-NPC-like,AC-gliosis-hypoxia
at9_4,"('OPC-like 1', 'AC-gliosis-like 1')",0.1538461538461538,OPC-like 1,AC-gliosis-like 1,OPC-like 1 > AC-gliosis-like 1,OPC-NPC-like,AC-gliosis-hypoxia
at9_0,"('OPC-like 1', 'AC-gliosis-like 1')",0.1304347826086956,OPC-like 1,AC-gliosis-like 1,OPC-like 1 > AC-gliosis-like 1,OPC-NPC-like,AC-gliosis-hypoxia
at6_0,"('OPC-like 1', 'AC-gliosis-like 1')",0.5638297872340425,OPC-like 1,AC-gliosis-like 1,OPC-like 1 > AC-gliosis-like 1,OPC-NPC-like,AC-gliosis-hypoxia
at4_1,"('OPC-like 1', 'AC-gliosis-like 1')",0.5948275862068966,OPC-like 1,AC-gliosis-like 1,OPC-like 1 > AC-gliosis-like 1,OPC-NPC-like,AC-gliosis-hypoxia
at5_4,"('OPC-like 1', 'AC-gliosis-like 1')",1.0,OPC-like 1,AC-gliosis-like 1,OPC-like 1 > AC-gliosis-like 1,OPC-NPC-like,AC-gliosis-hypoxia
at15_3,"('OPC-like 1', 'AC-gliosis-like 1')",0.4561403508771929,OPC-like 1,AC-gliosis-like 1,OPC-like 1 > AC-gliosis-like 1,OPC-NPC-like,AC-gliosis-hypoxia
at15_0,"('OPC-like 1', 'AC-gliosis-like 1')",0.88,OPC-like 1,AC-gliosis-like 1,OPC-like 1 > AC-gliosis-like 1,OPC-NPC-like,AC-gliosis-hypoxia
at15_2,"('OPC-like 1', 'AC-gliosis-like 1')",0.8888888888888888,OPC-like 1,AC-gliosis-like 1,OPC-like 1 > AC-gliosis-like 1,OPC-NPC-like,AC-gliosis-hypoxia
at15_6,"('OPC-like 1', 'AC-gliosis-like 1')",0.8666666666666667,OPC-like 1,AC-gliosis-like 1,OPC-like 1 > AC-gliosis-like 1,OPC-NPC-like,AC-gliosis-hypoxia
at4_0,"('OPC-like 1', 'AC-gliosis-like 1')",0.4924242424242424,OPC-like 1,AC-gliosis-like 1,OPC-like 1 > AC-gliosis-like 1,OPC-NPC-like,AC-gliosis-hypoxia
at7_0,"('OPC-like 1', 'AC-gliosis-like 1')",0.0252100840336134,OPC-like 1,AC-gliosis-like 1,OPC-like 1 > AC-gliosis-like 1,OPC-NPC-like,AC-gliosis-hypoxia
at10_2,"('OPC-like 1', 'AC-gliosis-like 1')",0.0625,OPC-like 1,AC-gliosis-like 1,OPC-like 1 > AC-gliosis-like 1,OPC-NPC-like,AC-gliosis-hypoxia
at13_0,"('OPC-like 1', 'AC-gliosis-like 1')",0.0367132867132867,OPC-like 1,AC-gliosis-like 1,OPC-like 1 > AC-gliosis-like 1,OPC-NPC-like,AC-gliosis-hypoxia
at15_4,"('OPC-like 1', 'AC-gliosis-like 1')",0.8591549295774648,OPC-like 1,AC-gliosis-like 1,OPC-like 1 > AC-gliosis-like 1,OPC-NPC-like,AC-gliosis-hypoxia
at6_4,"('OPC-like 1', 'AC-gliosis-like 1')",0.0063775510204081,OPC-like 1,AC-gliosis-like 1,OPC-like 1 > AC-gliosis-like 1,OPC-NPC-like,AC-gliosis-hypoxia
at6_5,"('OPC-like 1', 'AC-gliosis-like 1')",0.010703363914373,OPC-like 1,AC-gliosis-like 1,OPC-like 1 > AC-gliosis-like 1,OPC-NPC-like,AC-gliosis-hypoxia
at3_3,"('OPC-like 1', 'AC-gliosis-like 1')",0.0087837837837837,OPC-like 1,AC-gliosis-like 1,OPC-like 1 > AC-gliosis-like 1,OPC-NPC-like,AC-gliosis-hypoxia
at5_9,"('OPC-like 1', 'AC-gliosis-like 1')",0.1111111111111111,OPC-like 1,AC-gliosis-like 1,OPC-like 1 > AC-gliosis-like 1,OPC-NPC-like,AC-gliosis-hypoxia
at9_2,"('OPC-like 1', 'AC-gliosis-like 1')",0.5,OPC-like 1,AC-gliosis-like 1,OPC-like 1 > AC-gliosis-like 1,OPC-NPC-like,AC-gliosis-hypoxia
at9_4,"('OPC-like 1', 'AC-gliosis-like 1')",0.1538461538461538,OPC-like 1,AC-gliosis-like 1,OPC-like 1 > AC-gliosis-like 1,OPC-NPC-like,AC-gliosis-hypoxia
at9_0,"('OPC-like 1', 'AC-gliosis-like 1')",0.1304347826086956,OPC-like 1,AC-gliosis-like 1,OPC-like 1 > AC-gliosis-like 1,OPC-NPC-like,AC-gliosis-hypoxia
at6_0,"('OPC-like 1', 'AC-gliosis-like 1')",0.5638297872340425,OPC-like 1,AC-gliosis-like 1,OPC-like 1 > AC-gliosis-like 1,OPC-NPC-like,AC-gliosis-hypoxia
at4_1,"('OPC-like 1', 'AC-gliosis-like 1')",0.5948275862068966,OPC-like 1,AC-gliosis-like 1,OPC-like 1 > AC-gliosis-like 1,OPC-NPC-like,AC-gliosis-hypoxia
at5_4,"('OPC-like 1', 'AC-gliosis-like 1')",1.0,OPC-like 1,AC-gliosis-like 1,OPC-like 1 > AC-gliosis-like 1,OPC-NPC-like,AC-gliosis-hypoxia
at15_3,"('OPC-like 1', 'AC-gliosis-like 1')",0.4561403508771929,OPC-like 1,AC-gliosis-like 1,OPC-like 1 > AC-gliosis-like 1,OPC-NPC-like,AC-gliosis-hypoxia
at15_0,"('OPC-like 1', 'AC-gliosis-like 1')",0.88,OPC-like 1,AC-gliosis-like 1,OPC-like 1 > AC-gliosis-like 1,OPC-NPC-like,AC-gliosis-hypoxia
at15_2,"('OPC-like 1', 'AC-gliosis-like 1')",0.8888888888888888,OPC-like 1,AC-gliosis-like 1,OPC-like 1 > AC-gliosis-like 1,OPC-NPC-like,AC-gliosis-hypoxia
at15_6,"('OPC-like 1', 'AC-gliosis-like 1')",0.8666666666666667,OPC-like 1,AC-gliosis-like 1,OPC-like 1 > AC-gliosis-like 1,OPC-NPC-like,AC-gliosis-hypoxia
at4_0,"('OPC-like 1', 'AC-gliosis-like 1')",0.4924242424242424,OPC-like 1,AC-gliosis-like 1,OPC-like 1 > AC-gliosis-like 1,OPC-NPC-like,AC-gliosis-hypoxia
at7_0,"('OPC-like 1', 'AC-gliosis-like 1')",0.0252100840336134,OPC-like 1,AC-gliosis-like 1,OPC-like 1 > AC-gliosis-like 1,OPC-NPC-like,AC-gliosis-hypoxia
at10_2,"('OPC-like 1', 'AC-gliosis-like 1')",0.0625,OPC-like 1,AC-gliosis-like 1,OPC-like 1 > AC-gliosis-like 1,OPC-NPC-like,AC-gliosis-hypoxia
at13_0,"('OPC-like 1', 'AC-gliosis-like 1')",0.0367132867132867,OPC-like 1,AC-gliosis-like 1,OPC-like 1 > AC-gliosis-like 1,OPC-NPC-like,AC-gliosis-hypoxia
at15_4,"('OPC-like 1', 'AC-gliosis-like 1')",0.8591549295774648,OPC-like 1,AC-gliosis-like 1,OPC-like 1 > AC-gliosis-like 1,OPC-NPC-like,AC-gliosis-hypoxia
at6_4,"('OPC-like 1', 'AC-gliosis-like 1')",0.0063775510204081,OPC-like 1,AC-gliosis-like 1,OPC-like 1 > AC-gliosis-like 1,OPC-NPC-like,AC-gliosis-hypoxia
at6_5,"('OPC-like 1', 'AC-gliosis-like 1')",0.010703363914373,OPC-like 1,AC-gliosis-like 1,OPC-like 1 > AC-gliosis-like 1,OPC-NPC-like,AC-gliosis-hypoxia
at3_3,"('OPC-like 1', 'AC-gliosis-like 1')",0.0087837837837837,OPC-like 1,AC-gliosis-like 1,OPC-like 1 > AC-gliosis-like 1,OPC-NPC-like,AC-gliosis-hypoxia
at5_9,"('OPC-like 1', 'AC-gliosis-like 1')",0.1111111111111111,OPC-like 1,AC-gliosis-like 1,OPC-like 1 > AC-gliosis-like 1,OPC-NPC-like,AC-gliosis-hypoxia
at9_2,"('OPC-like 1', 'AC-gliosis-like 1')",0.5,OPC-like 1,AC-gliosis-like 1,OPC-like 1 > AC-gliosis-like 1,OPC-NPC-like,AC-gliosis-hypoxia
at9_4,"('OPC-like 1', 'AC-gliosis-like 1')",0.1538461538461538,OPC-like 1,AC-gliosis-like 1,OPC-like 1 > AC-gliosis-like 1,OPC-NPC-like,AC-gliosis-hypoxia
at9_0,"('OPC-like 1', 'AC-gliosis-like 1')",0.1304347826086956,OPC-like 1,AC-gliosis-like 1,OPC-like 1 > AC-gliosis-like 1,OPC-NPC-like,AC-gliosis-hypoxia
at6_0,"('OPC-like 1', 'AC-gliosis-like 1')",0.5638297872340425,OPC-like 1,AC-gliosis-like 1,OPC-like 1 > AC-gliosis-like 1,OPC-NPC-like,AC-gliosis-hypoxia
at4_1,"('OPC-like 1', 'AC-gliosis-like 1')",0.5948275862068966,OPC-like 1,AC-gliosis-like 1,OPC-like 1 > AC-gliosis-like 1,OPC-NPC-like,AC-gliosis-hypoxia
at5_4,"('OPC-like 1', 'AC-gliosis-like 1')",1.0,OPC-like 1,AC-gliosis-like 1,OPC-like 1 > AC-gliosis-like 1,OPC-NPC-like,AC-gliosis-hypoxia
at15_3,"('OPC-like 1', 'AC-gliosis-like 1')",0.4561403508771929,OPC-like 1,AC-gliosis-like 1,OPC-like 1 > AC-gliosis-like 1,OPC-NPC-like,AC-gliosis-hypoxia
at15_0,"('OPC-like 1', 'AC-gliosis-like 1')",0.88,OPC-like 1,AC-gliosis-like 1,OPC-like 1 > AC-gliosis-like 1,OPC-NPC-like,AC-gliosis-hypoxia
at15_2,"('OPC-like 1', 'AC-gliosis-like 1')",0.8888888888888888,OPC-like 1,AC-gliosis-like 1,OPC-like 1 > AC-gliosis-like 1,OPC-NPC-like,AC-gliosis-hypoxia
at15_6,"('OPC-like 1', 'AC-gliosis-like 1')",0.8666666666666667,OPC-like 1,AC-gliosis-like 1,OPC-like 1 > AC-gliosis-like 1,OPC-NPC-like,AC-gliosis-hypoxia
at4_0,"('OPC-like 1', 'AC-gliosis-like 1')",0.4924242424242424,OPC-like 1,AC-gliosis-like 1,OPC-like 1 > AC-gliosis-like 1,OPC-NPC-like,AC-gliosis-hypoxia
at7_0,"('OPC-like 1', 'AC-gliosis-like 1')",0.0252100840336134,OPC-like 1,AC-gliosis-like 1,OPC-like 1 > AC-gliosis-like 1,OPC-NPC-like,AC-gliosis-hypoxia
at10_2,"('OPC-like 1', 'AC-gliosis-like 1')",0.0625,OPC-like 1,AC-gliosis-like 1,OPC-like 1 > AC-gliosis-like 1,OPC-NPC-like,AC-gliosis-hypoxia
at13_0,"('OPC-like 1', 'AC-gliosis-like 1')",0.0367132867132867,OPC-like 1,AC-gliosis-like 1,OPC-like 1 > AC-gliosis-like 1,OPC-NPC-like,AC-gliosis-hypoxia
at15_4,"('OPC-like 1', 'AC-gliosis-like 1')",0.8591549295774648,OPC-like 1,AC-gliosis-like 1,OPC-like 1 > AC-gliosis-like 1,OPC-NPC-like,AC-gliosis-hypoxia
at6_4,"('OPC-like 1', 'AC-gliosis-like 1')",0.0063775510204081,OPC-like 1,AC-gliosis-like 1,OPC-like 1 > AC-gliosis-like 1,OPC-NPC-like,AC-gliosis-hypoxia
at6_5,"('OPC-like 1', 'AC-gliosis-like 1')",0.010703363914373,OPC-like 1,AC-gliosis-like 1,OPC-like 1 > AC-gliosis-like 1,OPC-NPC-like,AC-gliosis-hypoxia
at3_3,"('OPC-like 1', 'AC-gliosis-like 1')",0.0087837837837837,OPC-like 1,AC-gliosis-like 1,OPC-like 1 > AC-gliosis-like 1,OPC-NPC-like,AC-gliosis-hypoxia
at5_9,"('OPC-like 1', 'AC-gliosis-like 1')",0.1111111111111111,OPC-like 1,AC-gliosis-like 1,OPC-like 1 > AC-gliosis-like 1,OPC-NPC-like,AC-gliosis-hypoxia
at9_2,"('OPC-like 1', 'AC-gliosis-like 1')",0.5,OPC-like 1,AC-gliosis-like 1,OPC-like 1 > AC-gliosis-like 1,OPC-NPC-like,AC-gliosis-hypoxia
at9_4,"('OPC-like 1', 'AC-gliosis-like 1')",0.1538461538461538,OPC-like 1,AC-gliosis-like 1,OPC-like 1 > AC-gliosis-like 1,OPC-NPC-like,AC-gliosis-hypoxia
at9_0,"('OPC-like 1', 'AC-gliosis-like 1')",0.1304347826086956,OPC-like 1,AC-gliosis-like 1,OPC-like 1 > AC-gliosis-like 1,OPC-NPC-like,AC-gliosis-hypoxia
at6_0,"('OPC-like 1', 'AC-gliosis-like 1')",0.5638297872340425,OPC-like 1,AC-gliosis-like 1,OPC-like 1 > AC-gliosis-like 1,OPC-NPC-like,AC-gliosis-hypoxia
at4_1,"('OPC-like 1', 'AC-gliosis-like 1')",0.5948275862068966,OPC-like 1,AC-gliosis-like 1,OPC-like 1 > AC-gliosis-like 1,OPC-NPC-like,AC-gliosis-hypoxia
at5_4,"('OPC-like 1', 'AC-gliosis-like 1')",1.0,OPC-like 1,AC-gliosis-like 1,OPC-like 1 > AC-gliosis-like 1,OPC-NPC-like,AC-gliosis-hypoxia
at15_3,"('OPC-like 1', 'AC-gliosis-like 1')",0.4561403508771929,OPC-like 1,AC-gliosis-like 1,OPC-like 1 > AC-gliosis-like 1,OPC-NPC-like,AC-gliosis-hypoxia
at15_0,"('OPC-like 1', 'AC-gliosis-like 1')",0.88,OPC-like 1,AC-gliosis-like 1,OPC-like 1 > AC-gliosis-like 1,OPC-NPC-like,AC-gliosis-hypoxia
at15_2,"('OPC-like 1', 'AC-gliosis-like 1')",0.8888888888888888,OPC-like 1,AC-gliosis-like 1,OPC-like 1 > AC-gliosis-like 1,OPC-NPC-like,AC-gliosis-hypoxia
at15_6,"('OPC-like 1', 'AC-gliosis-like 1')",0.8666666666666667,OPC-like 1,AC-gliosis-like 1,OPC-like 1 > AC-gliosis-like 1,OPC-NPC-like,AC-gliosis-hypoxia
at4_0,"('OPC-like 1', 'AC-gliosis-like 1')",0.4924242424242424,OPC-like 1,AC-gliosis-like 1,OPC-like 1 > AC-gliosis-like 1,OPC-NPC-like,AC-gliosis-hypoxia
at7_0,"('OPC-like 1', 'AC-gliosis-like 1')",0.0252100840336134,OPC-like 1,AC-gliosis-like 1,OPC-like 1 > AC-gliosis-like 1,OPC-NPC-like,AC-gliosis-hypoxia
at10_2,"('OPC-like 1', 'AC-gliosis-like 1')",0.0625,OPC-like 1,AC-gliosis-like 1,OPC-like 1 > AC-gliosis-like 1,OPC-NPC-like,AC-gliosis-hypoxia
at13_0,"('OPC-like 1', 'AC-gliosis-like 1')",0.0367132867132867,OPC-like 1,AC-gliosis-like 1,OPC-like 1 > AC-gliosis-like 1,OPC-NPC-like,AC-gliosis-hypoxia
at15_4,"('OPC-like 1', 'AC-gliosis-like 1')",0.8591549295774648,OPC-like 1,AC-gliosis-like 1,OPC-like 1 > AC-gliosis-like 1,OPC-NPC-like,AC-gliosis-hypoxia
at6_4,"('OPC-like 1', 'AC-gliosis-like 1')",0.0063775510204081,OPC-like 1,AC-gliosis-like 1,OPC-like 1 > AC-gliosis-like 1,OPC-NPC-like,AC-gliosis-hypoxia
at6_5,"('OPC-like 1', 'AC-gliosis-like 1')",0.010703363914373,OPC-like 1,AC-gliosis-like 1,OPC-like 1 > AC-gliosis-like 1,OPC-NPC-like,AC-gliosis-hypoxia
at3_3,"('OPC-like 1', 'AC-gliosis-like 1')",0.0087837837837837,OPC-like 1,AC-gliosis-like 1,OPC-like 1 > AC-gliosis-like 1,OPC-NPC-like,AC-gliosis-hypoxia
at5_9,"('OPC-like 1', 'AC-gliosis-like 1')",0.1111111111111111,OPC-like 1,AC-gliosis-like 1,OPC-like 1 > AC-gliosis-like 1,OPC-NPC-like,AC-gliosis-hypoxia
at9_2,"('OPC-like 1', 'AC-gliosis-like 1')",0.5,OPC-like 1,AC-gliosis-like 1,OPC-like 1 > AC-gliosis-like 1,OPC-NPC-like,AC-gliosis-hypoxia
at9_4,"('OPC-like 1', 'AC-gliosis-like 1')",0.1538461538461538,OPC-like 1,AC-gliosis-like 1,OPC-like 1 > AC-gliosis-like 1,OPC-NPC-like,AC-gliosis-hypoxia
at9_0,"('OPC-like 1', 'AC-gliosis-like 1')",0.1304347826086956,OPC-like 1,AC-gliosis-like 1,OPC-like 1 > AC-gliosis-like 1,OPC-NPC-like,AC-gliosis-hypoxia
at6_0,"('OPC-like 1', 'AC-gliosis-like 1')",0.5638297872340425,OPC-like 1,AC-gliosis-like 1,OPC-like 1 > AC-gliosis-like 1,OPC-NPC-like,AC-gliosis-hypoxia
at4_1,"('OPC-like 1', 'AC-gliosis-like 1')",0.5948275862068966,OPC-like 1,AC-gliosis-like 1,OPC-like 1 > AC-gliosis-like 1,OPC-NPC-like,AC-gliosis-hypoxia
at5_4,"('OPC-like 1', 'AC-gliosis-like 1')",1.0,OPC-like 1,AC-gliosis-like 1,OPC-like 1 > AC-gliosis-like 1,OPC-NPC-like,AC-gliosis-hypoxia
at15_3,"('OPC-like 1', 'AC-gliosis-like 1')",0.4561403508771929,OPC-like 1,AC-gliosis-like 1,OPC-like 1 > AC-gliosis-like 1,OPC-NPC-like,AC-gliosis-hypoxia
at15_0,"('OPC-like 1', 'AC-gliosis-like 1')",0.88,OPC-like 1,AC-gliosis-like 1,OPC-like 1 > AC-gliosis-like 1,OPC-NPC-like,AC-gliosis-hypoxia
at15_2,"('OPC-like 1', 'AC-gliosis-like 1')",0.8888888888888888,OPC-like 1,AC-gliosis-like 1,OPC-like 1 > AC-gliosis-like 1,OPC-NPC-like,AC-gliosis-hypoxia
at15_6,"('OPC-like 1', 'AC-gliosis-like 1')",0.8666666666666667,OPC-like 1,AC-gliosis-like 1,OPC-like 1 > AC-gliosis-like 1,OPC-NPC-like,AC-gliosis-hypoxia
at4_0,"('OPC-like 1', 'AC-gliosis-like 1')",0.4924242424242424,OPC-like 1,AC-gliosis-like 1,OPC-like 1 > AC-gliosis-like 1,OPC-NPC-like,AC-gliosis-hypoxia
at7_0,"('OPC-like 1', 'AC-gliosis-like 1')",0.0252100840336134,OPC-like 1,AC-gliosis-like 1,OPC-like 1 > AC-gliosis-like 1,OPC-NPC-like,AC-gliosis-hypoxia
at10_2,"('OPC-like 1', 'AC-gliosis-like 1')",0.0625,OPC-like 1,AC-gliosis-like 1,OPC-like 1 > AC-gliosis-like 1,OPC-NPC-like,AC-gliosis-hypoxia
at13_0,"('OPC-like 1', 'AC-gliosis-like 1')",0.0367132867132867,OPC-like 1,AC-gliosis-like 1,OPC-like 1 > AC-gliosis-like 1,OPC-NPC-like,AC-gliosis-hypoxia
at15_4,"('OPC-like 1', 'AC-gliosis-like 1')",0.8591549295774648,OPC-like 1,AC-gliosis-like 1,OPC-like 1 > AC-gliosis-like 1,OPC-NPC-like,AC-gliosis-hypoxia
at6_4,"('OPC-like 1', 'AC-gliosis-like 1')",0.0063775510204081,OPC-like 1,AC-gliosis-like 1,OPC-like 1 > AC-gliosis-like 1,OPC-NPC-like,AC-gliosis-hypoxia
at6_5,"('OPC-like 1', 'AC-gliosis-like 1')",0.010703363914373,OPC-like 1,AC-gliosis-like 1,OPC-like 1 > AC-gliosis-like 1,OPC-NPC-like,AC-gliosis-hypoxia
at3_3,"('OPC-like 1', 'AC-gliosis-like 1')",0.0087837837837837,OPC-like 1,AC-gliosis-like 1,OPC-like 1 > AC-gliosis-like 1,OPC-NPC-like,AC-gliosis-hypoxia
at5_9,"('OPC-like 1', 'AC-gliosis-like 1')",0.1111111111111111,OPC-like 1,AC-gliosis-like 1,OPC-like 1 > AC-gliosis-like 1,OPC-NPC-like,AC-gliosis-hypoxia
at9_2,"('OPC-like 1', 'AC-gliosis-like 1')",0.5,OPC-like 1,AC-gliosis-like 1,OPC-like 1 > AC-gliosis-like 1,OPC-NPC-like,AC-gliosis-hypoxia
at9_4,"('OPC-like 1', 'AC-gliosis-like 1')",0.1538461538461538,OPC-like 1,AC-gliosis-like 1,OPC-like 1 > AC-gliosis-like 1,OPC-NPC-like,AC-gliosis-hypoxia
at9_0,"('OPC-like 1', 'AC-gliosis-like 1')",0.1304347826086956,OPC-like 1,AC-gliosis-like 1,OPC-like 1 > AC-gliosis-like 1,OPC-NPC-like,AC-gliosis-hypoxia
at6_0,"('OPC-NPC-like 1', 'Hypoxic 1')",0.8854166666666666,OPC-NPC-like 1,Hypoxic 1,OPC-NPC-like 1 > Hypoxic 1,OPC-NPC-like,AC-gliosis-hypoxia
at4_1,"('OPC-NPC-like 1', 'Hypoxic 1')",0.8602150537634409,OPC-NPC-like 1,Hypoxic 1,OPC-NPC-like 1 > Hypoxic 1,OPC-NPC-like,AC-gliosis-hypoxia
at5_4,"('OPC-NPC-like 1', 'Hypoxic 1')",0.5454545454545454,OPC-NPC-like 1,Hypoxic 1,OPC-NPC-like 1 > Hypoxic 1,OPC-NPC-like,AC-gliosis-hypoxia
at15_3,"('OPC-NPC-like 1', 'Hypoxic 1')",0.7700534759358288,OPC-NPC-like 1,Hypoxic 1,OPC-NPC-like 1 > Hypoxic 1,OPC-NPC-like,AC-gliosis-hypoxia
at15_0,"('OPC-NPC-like 1', 'Hypoxic 1')",0.4036697247706422,OPC-NPC-like 1,Hypoxic 1,OPC-NPC-like 1 > Hypoxic 1,OPC-NPC-like,AC-gliosis-hypoxia
at15_2,"('OPC-NPC-like 1', 'Hypoxic 1')",0.4262295081967213,OPC-NPC-like 1,Hypoxic 1,OPC-NPC-like 1 > Hypoxic 1,OPC-NPC-like,AC-gliosis-hypoxia
at15_6,"('OPC-NPC-like 1', 'Hypoxic 1')",0.4395604395604395,OPC-NPC-like 1,Hypoxic 1,OPC-NPC-like 1 > Hypoxic 1,OPC-NPC-like,AC-gliosis-hypoxia
at4_0,"('OPC-NPC-like 1', 'Hypoxic 1')",0.9878234398782344,OPC-NPC-like 1,Hypoxic 1,OPC-NPC-like 1 > Hypoxic 1,OPC-NPC-like,AC-gliosis-hypoxia
at10_0,"('OPC-NPC-like 1', 'Hypoxic 1')",0.5945945945945946,OPC-NPC-like 1,Hypoxic 1,OPC-NPC-like 1 > Hypoxic 1,OPC-NPC-like,AC-gliosis-hypoxia
at7_0,"('OPC-NPC-like 1', 'Hypoxic 1')",0.9943342776203966,OPC-NPC-like 1,Hypoxic 1,OPC-NPC-like 1 > Hypoxic 1,OPC-NPC-like,AC-gliosis-hypoxia
at10_2,"('OPC-NPC-like 1', 'Hypoxic 1')",0.4727272727272727,OPC-NPC-like 1,Hypoxic 1,OPC-NPC-like 1 > Hypoxic 1,OPC-NPC-like,AC-gliosis-hypoxia
at13_0,"('OPC-NPC-like 1', 'Hypoxic 1')",0.8192307692307692,OPC-NPC-like 1,Hypoxic 1,OPC-NPC-like 1 > Hypoxic 1,OPC-NPC-like,AC-gliosis-hypoxia
at15_4,"('OPC-NPC-like 1', 'Hypoxic 1')",0.4332129963898917,OPC-NPC-like 1,Hypoxic 1,OPC-NPC-like 1 > Hypoxic 1,OPC-NPC-like,AC-gliosis-hypoxia
at6_4,"('OPC-NPC-like 1', 'Hypoxic 1')",0.0033333333333333,OPC-NPC-like 1,Hypoxic 1,OPC-NPC-like 1 > Hypoxic 1,OPC-NPC-like,AC-gliosis-hypoxia
at5_2,"('OPC-NPC-like 1', 'Hypoxic 1')",0.0689655172413793,OPC-NPC-like 1,Hypoxic 1,OPC-NPC-like 1 > Hypoxic 1,OPC-NPC-like,AC-gliosis-hypoxia
at10_1,"('OPC-NPC-like 1', 'Hypoxic 1')",0.8048780487804879,OPC-NPC-like 1,Hypoxic 1,OPC-NPC-like 1 > Hypoxic 1,OPC-NPC-like,AC-gliosis-hypoxia
at6_5,"('OPC-NPC-like 1', 'Hypoxic 1')",0.0097765363128491,OPC-NPC-like 1,Hypoxic 1,OPC-NPC-like 1 > Hypoxic 1,OPC-NPC-like,AC-gliosis-hypoxia
at3_3,"('OPC-NPC-like 1', 'Hypoxic 1')",0.0097508125677139,OPC-NPC-like 1,Hypoxic 1,OPC-NPC-like 1 > Hypoxic 1,OPC-NPC-like,AC-gliosis-hypoxia
at5_9,"('OPC-NPC-like 1', 'Hypoxic 1')",0.4042553191489361,OPC-NPC-like 1,Hypoxic 1,OPC-NPC-like 1 > Hypoxic 1,OPC-NPC-like,AC-gliosis-hypoxia
at4_2,"('OPC-NPC-like 1', 'Hypoxic 1')",0.0097087378640776,OPC-NPC-like 1,Hypoxic 1,OPC-NPC-like 1 > Hypoxic 1,OPC-NPC-like,AC-gliosis-hypoxia
at9_2,"('OPC-NPC-like 1', 'Hypoxic 1')",0.1285714285714285,OPC-NPC-like 1,Hypoxic 1,OPC-NPC-like 1 > Hypoxic 1,OPC-NPC-like,AC-gliosis-hypoxia
at9_4,"('OPC-NPC-like 1', 'Hypoxic 1')",0.0251798561151079,OPC-NPC-like 1,Hypoxic 1,OPC-NPC-like 1 > Hypoxic 1,OPC-NPC-like,AC-gliosis-hypoxia
at9_0,"('OPC-NPC-like 1', 'Hypoxic 1')",0.0683229813664596,OPC-NPC-like 1,Hypoxic 1,OPC-NPC-like 1 > Hypoxic 1,OPC-NPC-like,AC-gliosis-hypoxia
at6_0,"('OPC-NPC-like 1', 'Hypoxic 1')",0.8854166666666666,OPC-NPC-like 1,Hypoxic 1,OPC-NPC-like 1 > Hypoxic 1,OPC-NPC-like,AC-gliosis-hypoxia
at4_1,"('OPC-NPC-like 1', 'Hypoxic 1')",0.8602150537634409,OPC-NPC-like 1,Hypoxic 1,OPC-NPC-like 1 > Hypoxic 1,OPC-NPC-like,AC-gliosis-hypoxia
at5_4,"('OPC-NPC-like 1', 'Hypoxic 1')",0.5454545454545454,OPC-NPC-like 1,Hypoxic 1,OPC-NPC-like 1 > Hypoxic 1,OPC-NPC-like,AC-gliosis-hypoxia
at15_3,"('OPC-NPC-like 1', 'Hypoxic 1')",0.7700534759358288,OPC-NPC-like 1,Hypoxic 1,OPC-NPC-like 1 > Hypoxic 1,OPC-NPC-like,AC-gliosis-hypoxia
at15_0,"('OPC-NPC-like 1', 'Hypoxic 1')",0.4036697247706422,OPC-NPC-like 1,Hypoxic 1,OPC-NPC-like 1 > Hypoxic 1,OPC-NPC-like,AC-gliosis-hypoxia
at15_2,"('OPC-NPC-like 1', 'Hypoxic 1')",0.4262295081967213,OPC-NPC-like 1,Hypoxic 1,OPC-NPC-like 1 > Hypoxic 1,OPC-NPC-like,AC-gliosis-hypoxia
at15_6,"('OPC-NPC-like 1', 'Hypoxic 1')",0.4395604395604395,OPC-NPC-like 1,Hypoxic 1,OPC-NPC-like 1 > Hypoxic 1,OPC-NPC-like,AC-gliosis-hypoxia
at4_0,"('OPC-NPC-like 1', 'Hypoxic 1')",0.9878234398782344,OPC-NPC-like 1,Hypoxic 1,OPC-NPC-like 1 > Hypoxic 1,OPC-NPC-like,AC-gliosis-hypoxia
at10_0,"('OPC-NPC-like 1', 'Hypoxic 1')",0.5945945945945946,OPC-NPC-like 1,Hypoxic 1,OPC-NPC-like 1 > Hypoxic 1,OPC-NPC-like,AC-gliosis-hypoxia
at7_0,"('OPC-NPC-like 1', 'Hypoxic 1')",0.9943342776203966,OPC-NPC-like 1,Hypoxic 1,OPC-NPC-like 1 > Hypoxic 1,OPC-NPC-like,AC-gliosis-hypoxia
at10_2,"('OPC-NPC-like 1', 'Hypoxic 1')",0.4727272727272727,OPC-NPC-like 1,Hypoxic 1,OPC-NPC-like 1 > Hypoxic 1,OPC-NPC-like,AC-gliosis-hypoxia
at13_0,"('OPC-NPC-like 1', 'Hypoxic 1')",0.8192307692307692,OPC-NPC-like 1,Hypoxic 1,OPC-NPC-like 1 > Hypoxic 1,OPC-NPC-like,AC-gliosis-hypoxia
at15_4,"('OPC-NPC-like 1', 'Hypoxic 1')",0.4332129963898917,OPC-NPC-like 1,Hypoxic 1,OPC-NPC-like 1 > Hypoxic 1,OPC-NPC-like,AC-gliosis-hypoxia
at6_4,"('OPC-NPC-like 1', 'Hypoxic 1')",0.0033333333333333,OPC-NPC-like 1,Hypoxic 1,OPC-NPC-like 1 > Hypoxic 1,OPC-NPC-like,AC-gliosis-hypoxia
at5_2,"('OPC-NPC-like 1', 'Hypoxic 1')",0.0689655172413793,OPC-NPC-like 1,Hypoxic 1,OPC-NPC-like 1 > Hypoxic 1,OPC-NPC-like,AC-gliosis-hypoxia
at10_1,"('OPC-NPC-like 1', 'Hypoxic 1')",0.8048780487804879,OPC-NPC-like 1,Hypoxic 1,OPC-NPC-like 1 > Hypoxic 1,OPC-NPC-like,AC-gliosis-hypoxia
at6_5,"('OPC-NPC-like 1', 'Hypoxic 1')",0.0097765363128491,OPC-NPC-like 1,Hypoxic 1,OPC-NPC-like 1 > Hypoxic 1,OPC-NPC-like,AC-gliosis-hypoxia
at3_3,"('OPC-NPC-like 1', 'Hypoxic 1')",0.0097508125677139,OPC-NPC-like 1,Hypoxic 1,OPC-NPC-like 1 > Hypoxic 1,OPC-NPC-like,AC-gliosis-hypoxia
at5_9,"('OPC-NPC-like 1', 'Hypoxic 1')",0.4042553191489361,OPC-NPC-like 1,Hypoxic 1,OPC-NPC-like 1 > Hypoxic 1,OPC-NPC-like,AC-gliosis-hypoxia
at4_2,"('OPC-NPC-like 1', 'Hypoxic 1')",0.0097087378640776,OPC-NPC-like 1,Hypoxic 1,OPC-NPC-like 1 > Hypoxic 1,OPC-NPC-like,AC-gliosis-hypoxia
at9_2,"('OPC-NPC-like 1', 'Hypoxic 1')",0.1285714285714285,OPC-NPC-like 1,Hypoxic 1,OPC-NPC-like 1 > Hypoxic 1,OPC-NPC-like,AC-gliosis-hypoxia
at9_4,"('OPC-NPC-like 1', 'Hypoxic 1')",0.0251798561151079,OPC-NPC-like 1,Hypoxic 1,OPC-NPC-like 1 > Hypoxic 1,OPC-NPC-like,AC-gliosis-hypoxia
at9_0,"('OPC-NPC-like 1', 'Hypoxic 1')",0.0683229813664596,OPC-NPC-like 1,Hypoxic 1,OPC-NPC-like 1 > Hypoxic 1,OPC-NPC-like,AC-gliosis-hypoxia
at6_0,"('OPC-NPC-like 1', 'Hypoxic 1')",0.8854166666666666,OPC-NPC-like 1,Hypoxic 1,OPC-NPC-like 1 > Hypoxic 1,OPC-NPC-like,AC-gliosis-hypoxia
at4_1,"('OPC-NPC-like 1', 'Hypoxic 1')",0.8602150537634409,OPC-NPC-like 1,Hypoxic 1,OPC-NPC-like 1 > Hypoxic 1,OPC-NPC-like,AC-gliosis-hypoxia
at5_4,"('OPC-NPC-like 1', 'Hypoxic 1')",0.5454545454545454,OPC-NPC-like 1,Hypoxic 1,OPC-NPC-like 1 > Hypoxic 1,OPC-NPC-like,AC-gliosis-hypoxia
at15_3,"('OPC-NPC-like 1', 'Hypoxic 1')",0.7700534759358288,OPC-NPC-like 1,Hypoxic 1,OPC-NPC-like 1 > Hypoxic 1,OPC-NPC-like,AC-gliosis-hypoxia
at15_0,"('OPC-NPC-like 1', 'Hypoxic 1')",0.4036697247706422,OPC-NPC-like 1,Hypoxic 1,OPC-NPC-like 1 > Hypoxic 1,OPC-NPC-like,AC-gliosis-hypoxia
at15_2,"('OPC-NPC-like 1', 'Hypoxic 1')",0.4262295081967213,OPC-NPC-like 1,Hypoxic 1,OPC-NPC-like 1 > Hypoxic 1,OPC-NPC-like,AC-gliosis-hypoxia
at15_6,"('OPC-NPC-like 1', 'Hypoxic 1')",0.4395604395604395,OPC-NPC-like 1,Hypoxic 1,OPC-NPC-like 1 > Hypoxic 1,OPC-NPC-like,AC-gliosis-hypoxia
at4_0,"('OPC-NPC-like 1', 'Hypoxic 1')",0.9878234398782344,OPC-NPC-like 1,Hypoxic 1,OPC-NPC-like 1 > Hypoxic 1,OPC-NPC-like,AC-gliosis-hypoxia
at10_0,"('OPC-NPC-like 1', 'Hypoxic 1')",0.5945945945945946,OPC-NPC-like 1,Hypoxic 1,OPC-NPC-like 1 > Hypoxic 1,OPC-NPC-like,AC-gliosis-hypoxia
at7_0,"('OPC-NPC-like 1', 'Hypoxic 1')",0.9943342776203966,OPC-NPC-like 1,Hypoxic 1,OPC-NPC-like 1 > Hypoxic 1,OPC-NPC-like,AC-gliosis-hypoxia
at10_2,"('OPC-NPC-like 1', 'Hypoxic 1')",0.4727272727272727,OPC-NPC-like 1,Hypoxic 1,OPC-NPC-like 1 > Hypoxic 1,OPC-NPC-like,AC-gliosis-hypoxia
at13_0,"('OPC-NPC-like 1', 'Hypoxic 1')",0.8192307692307692,OPC-NPC-like 1,Hypoxic 1,OPC-NPC-like 1 > Hypoxic 1,OPC-NPC-like,AC-gliosis-hypoxia
at15_4,"('OPC-NPC-like 1', 'Hypoxic 1')",0.4332129963898917,OPC-NPC-like 1,Hypoxic 1,OPC-NPC-like 1 > Hypoxic 1,OPC-NPC-like,AC-gliosis-hypoxia
at6_4,"('OPC-NPC-like 1', 'Hypoxic 1')",0.0033333333333333,OPC-NPC-like 1,Hypoxic 1,OPC-NPC-like 1 > Hypoxic 1,OPC-NPC-like,AC-gliosis-hypoxia
at5_2,"('OPC-NPC-like 1', 'Hypoxic 1')",0.0689655172413793,OPC-NPC-like 1,Hypoxic 1,OPC-NPC-like 1 > Hypoxic 1,OPC-NPC-like,AC-gliosis-hypoxia
at10_1,"('OPC-NPC-like 1', 'Hypoxic 1')",0.8048780487804879,OPC-NPC-like 1,Hypoxic 1,OPC-NPC-like 1 > Hypoxic 1,OPC-NPC-like,AC-gliosis-hypoxia
at6_5,"('OPC-NPC-like 1', 'Hypoxic 1')",0.0097765363128491,OPC-NPC-like 1,Hypoxic 1,OPC-NPC-like 1 > Hypoxic 1,OPC-NPC-like,AC-gliosis-hypoxia
at3_3,"('OPC-NPC-like 1', 'Hypoxic 1')",0.0097508125677139,OPC-NPC-like 1,Hypoxic 1,OPC-NPC-like 1 > Hypoxic 1,OPC-NPC-like,AC-gliosis-hypoxia
at5_9,"('OPC-NPC-like 1', 'Hypoxic 1')",0.4042553191489361,OPC-NPC-like 1,Hypoxic 1,OPC-NPC-like 1 > Hypoxic 1,OPC-NPC-like,AC-gliosis-hypoxia
at4_2,"('OPC-NPC-like 1', 'Hypoxic 1')",0.0097087378640776,OPC-NPC-like 1,Hypoxic 1,OPC-NPC-like 1 > Hypoxic 1,OPC-NPC-like,AC-gliosis-hypoxia
at9_2,"('OPC-NPC-like 1', 'Hypoxic 1')",0.1285714285714285,OPC-NPC-like 1,Hypoxic 1,OPC-NPC-like 1 > Hypoxic 1,OPC-NPC-like,AC-gliosis-hypoxia
at9_4,"('OPC-NPC-like 1', 'Hypoxic 1')",0.0251798561151079,OPC-NPC-like 1,Hypoxic 1,OPC-NPC-like 1 > Hypoxic 1,OPC-NPC-like,AC-gliosis-hypoxia
at9_0,"('OPC-NPC-like 1', 'Hypoxic 1')",0.0683229813664596,OPC-NPC-like 1,Hypoxic 1,OPC-NPC-like 1 > Hypoxic 1,OPC-NPC-like,AC-gliosis-hypoxia
at6_0,"('OPC-NPC-like 1', 'Hypoxic 1')",0.8854166666666666,OPC-NPC-like 1,Hypoxic 1,OPC-NPC-like 1 > Hypoxic 1,OPC-NPC-like,AC-gliosis-hypoxia
at4_1,"('OPC-NPC-like 1', 'Hypoxic 1')",0.8602150537634409,OPC-NPC-like 1,Hypoxic 1,OPC-NPC-like 1 > Hypoxic 1,OPC-NPC-like,AC-gliosis-hypoxia
at5_4,"('OPC-NPC-like 1', 'Hypoxic 1')",0.5454545454545454,OPC-NPC-like 1,Hypoxic 1,OPC-NPC-like 1 > Hypoxic 1,OPC-NPC-like,AC-gliosis-hypoxia
at15_3,"('OPC-NPC-like 1', 'Hypoxic 1')",0.7700534759358288,OPC-NPC-like 1,Hypoxic 1,OPC-NPC-like 1 > Hypoxic 1,OPC-NPC-like,AC-gliosis-hypoxia
at15_0,"('OPC-NPC-like 1', 'Hypoxic 1')",0.4036697247706422,OPC-NPC-like 1,Hypoxic 1,OPC-NPC-like 1 > Hypoxic 1,OPC-NPC-like,AC-gliosis-hypoxia
at15_2,"('OPC-NPC-like 1', 'Hypoxic 1')",0.4262295081967213,OPC-NPC-like 1,Hypoxic 1,OPC-NPC-like 1 > Hypoxic 1,OPC-NPC-like,AC-gliosis-hypoxia
at15_6,"('OPC-NPC-like 1', 'Hypoxic 1')",0.4395604395604395,OPC-NPC-like 1,Hypoxic 1,OPC-NPC-like 1 > Hypoxic 1,OPC-NPC-like,AC-gliosis-hypoxia
at4_0,"('OPC-NPC-like 1', 'Hypoxic 1')",0.9878234398782344,OPC-NPC-like 1,Hypoxic 1,OPC-NPC-like 1 > Hypoxic 1,OPC-NPC-like,AC-gliosis-hypoxia
at10_0,"('OPC-NPC-like 1', 'Hypoxic 1')",0.5945945945945946,OPC-NPC-like 1,Hypoxic 1,OPC-NPC-like 1 > Hypoxic 1,OPC-NPC-like,AC-gliosis-hypoxia
at7_0,"('OPC-NPC-like 1', 'Hypoxic 1')",0.9943342776203966,OPC-NPC-like 1,Hypoxic 1,OPC-NPC-like 1 > Hypoxic 1,OPC-NPC-like,AC-gliosis-hypoxia
at10_2,"('OPC-NPC-like 1', 'Hypoxic 1')",0.4727272727272727,OPC-NPC-like 1,Hypoxic 1,OPC-NPC-like 1 > Hypoxic 1,OPC-NPC-like,AC-gliosis-hypoxia
at13_0,"('OPC-NPC-like 1', 'Hypoxic 1')",0.8192307692307692,OPC-NPC-like 1,Hypoxic 1,OPC-NPC-like 1 > Hypoxic 1,OPC-NPC-like,AC-gliosis-hypoxia
at15_4,"('OPC-NPC-like 1', 'Hypoxic 1')",0.4332129963898917,OPC-NPC-like 1,Hypoxic 1,OPC-NPC-like 1 > Hypoxic 1,OPC-NPC-like,AC-gliosis-hypoxia
at6_4,"('OPC-NPC-like 1', 'Hypoxic 1')",0.0033333333333333,OPC-NPC-like 1,Hypoxic 1,OPC-NPC-like 1 > Hypoxic 1,OPC-NPC-like,AC-gliosis-hypoxia
at5_2,"('OPC-NPC-like 1', 'Hypoxic 1')",0.0689655172413793,OPC-NPC-like 1,Hypoxic 1,OPC-NPC-like 1 > Hypoxic 1,OPC-NPC-like,AC-gliosis-hypoxia
at10_1,"('OPC-NPC-like 1', 'Hypoxic 1')",0.8048780487804879,OPC-NPC-like 1,Hypoxic 1,OPC-NPC-like 1 > Hypoxic 1,OPC-NPC-like,AC-gliosis-hypoxia
at6_5,"('OPC-NPC-like 1', 'Hypoxic 1')",0.0097765363128491,OPC-NPC-like 1,Hypoxic 1,OPC-NPC-like 1 > Hypoxic 1,OPC-NPC-like,AC-gliosis-hypoxia
at3_3,"('OPC-NPC-like 1', 'Hypoxic 1')",0.0097508125677139,OPC-NPC-like 1,Hypoxic 1,OPC-NPC-like 1 > Hypoxic 1,OPC-NPC-like,AC-gliosis-hypoxia
at5_9,"('OPC-NPC-like 1', 'Hypoxic 1')",0.4042553191489361,OPC-NPC-like 1,Hypoxic 1,OPC-NPC-like 1 > Hypoxic 1,OPC-NPC-like,AC-gliosis-hypoxia
at4_2,"('OPC-NPC-like 1', 'Hypoxic 1')",0.0097087378640776,OPC-NPC-like 1,Hypoxic 1,OPC-NPC-like 1 > Hypoxic 1,OPC-NPC-like,AC-gliosis-hypoxia
at9_2,"('OPC-NPC-like 1', 'Hypoxic 1')",0.1285714285714285,OPC-NPC-like 1,Hypoxic 1,OPC-NPC-like 1 > Hypoxic 1,OPC-NPC-like,AC-gliosis-hypoxia
at9_4,"('OPC-NPC-like 1', 'Hypoxic 1')",0.0251798561151079,OPC-NPC-like 1,Hypoxic 1,OPC-NPC-like 1 > Hypoxic 1,OPC-NPC-like,AC-gliosis-hypoxia
at9_0,"('OPC-NPC-like 1', 'Hypoxic 1')",0.0683229813664596,OPC-NPC-like 1,Hypoxic 1,OPC-NPC-like 1 > Hypoxic 1,OPC-NPC-like,AC-gliosis-hypoxia
at6_0,"('OPC-NPC-like 1', 'Hypoxic 1')",0.8854166666666666,OPC-NPC-like 1,Hypoxic 1,OPC-NPC-like 1 > Hypoxic 1,OPC-NPC-like,AC-gliosis-hypoxia
at4_1,"('OPC-NPC-like 1', 'Hypoxic 1')",0.8602150537634409,OPC-NPC-like 1,Hypoxic 1,OPC-NPC-like 1 > Hypoxic 1,OPC-NPC-like,AC-gliosis-hypoxia
at5_4,"('OPC-NPC-like 1', 'Hypoxic 1')",0.5454545454545454,OPC-NPC-like 1,Hypoxic 1,OPC-NPC-like 1 > Hypoxic 1,OPC-NPC-like,AC-gliosis-hypoxia
at15_3,"('OPC-NPC-like 1', 'Hypoxic 1')",0.7700534759358288,OPC-NPC-like 1,Hypoxic 1,OPC-NPC-like 1 > Hypoxic 1,OPC-NPC-like,AC-gliosis-hypoxia
at15_0,"('OPC-NPC-like 1', 'Hypoxic 1')",0.4036697247706422,OPC-NPC-like 1,Hypoxic 1,OPC-NPC-like 1 > Hypoxic 1,OPC-NPC-like,AC-gliosis-hypoxia
at15_2,"('OPC-NPC-like 1', 'Hypoxic 1')",0.4262295081967213,OPC-NPC-like 1,Hypoxic 1,OPC-NPC-like 1 > Hypoxic 1,OPC-NPC-like,AC-gliosis-hypoxia
at15_6,"('OPC-NPC-like 1', 'Hypoxic 1')",0.4395604395604395,OPC-NPC-like 1,Hypoxic 1,OPC-NPC-like 1 > Hypoxic 1,OPC-NPC-like,AC-gliosis-hypoxia
at4_0,"('OPC-NPC-like 1', 'Hypoxic 1')",0.9878234398782344,OPC-NPC-like 1,Hypoxic 1,OPC-NPC-like 1 > Hypoxic 1,OPC-NPC-like,AC-gliosis-hypoxia
at10_0,"('OPC-NPC-like 1', 'Hypoxic 1')",0.5945945945945946,OPC-NPC-like 1,Hypoxic 1,OPC-NPC-like 1 > Hypoxic 1,OPC-NPC-like,AC-gliosis-hypoxia
at7_0,"('OPC-NPC-like 1', 'Hypoxic 1')",0.9943342776203966,OPC-NPC-like 1,Hypoxic 1,OPC-NPC-like 1 > Hypoxic 1,OPC-NPC-like,AC-gliosis-hypoxia
at10_2,"('OPC-NPC-like 1', 'Hypoxic 1')",0.4727272727272727,OPC-NPC-like 1,Hypoxic 1,OPC-NPC-like 1 > Hypoxic 1,OPC-NPC-like,AC-gliosis-hypoxia
at13_0,"('OPC-NPC-like 1', 'Hypoxic 1')",0.8192307692307692,OPC-NPC-like 1,Hypoxic 1,OPC-NPC-like 1 > Hypoxic 1,OPC-NPC-like,AC-gliosis-hypoxia
at15_4,"('OPC-NPC-like 1', 'Hypoxic 1')",0.4332129963898917,OPC-NPC-like 1,Hypoxic 1,OPC-NPC-like 1 > Hypoxic 1,OPC-NPC-like,AC-gliosis-hypoxia
at6_4,"('OPC-NPC-like 1', 'Hypoxic 1')",0.0033333333333333,OPC-NPC-like 1,Hypoxic 1,OPC-NPC-like 1 > Hypoxic 1,OPC-NPC-like,AC-gliosis-hypoxia
at5_2,"('OPC-NPC-like 1', 'Hypoxic 1')",0.0689655172413793,OPC-NPC-like 1,Hypoxic 1,OPC-NPC-like 1 > Hypoxic 1,OPC-NPC-like,AC-gliosis-hypoxia
at10_1,"('OPC-NPC-like 1', 'Hypoxic 1')",0.8048780487804879,OPC-NPC-like 1,Hypoxic 1,OPC-NPC-like 1 > Hypoxic 1,OPC-NPC-like,AC-gliosis-hypoxia
at6_5,"('OPC-NPC-like 1', 'Hypoxic 1')",0.0097765363128491,OPC-NPC-like 1,Hypoxic 1,OPC-NPC-like 1 > Hypoxic 1,OPC-NPC-like,AC-gliosis-hypoxia
at3_3,"('OPC-NPC-like 1', 'Hypoxic 1')",0.0097508125677139,OPC-NPC-like 1,Hypoxic 1,OPC-NPC-like 1 > Hypoxic 1,OPC-NPC-like,AC-gliosis-hypoxia
at5_9,"('OPC-NPC-like 1', 'Hypoxic 1')",0.4042553191489361,OPC-NPC-like 1,Hypoxic 1,OPC-NPC-like 1 > Hypoxic 1,OPC-NPC-like,AC-gliosis-hypoxia
at4_2,"('OPC-NPC-like 1', 'Hypoxic 1')",0.0097087378640776,OPC-NPC-like 1,Hypoxic 1,OPC-NPC-like 1 > Hypoxic 1,OPC-NPC-like,AC-gliosis-hypoxia
at9_2,"('OPC-NPC-like 1', 'Hypoxic 1')",0.1285714285714285,OPC-NPC-like 1,Hypoxic 1,OPC-NPC-like 1 > Hypoxic 1,OPC-NPC-like,AC-gliosis-hypoxia
at9_4,"('OPC-NPC-like 1', 'Hypoxic 1')",0.0251798561151079,OPC-NPC-like 1,Hypoxic 1,OPC-NPC-like 1 > Hypoxic 1,OPC-NPC-like,AC-gliosis-hypoxia
at9_0,"('OPC-NPC-like 1', 'Hypoxic 1')",0.0683229813664596,OPC-NPC-like 1,Hypoxic 1,OPC-NPC-like 1 > Hypoxic 1,OPC-NPC-like,AC-gliosis-hypoxia
at6_0,"('OPC-NPC-like 1', 'Hypoxic 1')",0.8854166666666666,OPC-NPC-like 1,Hypoxic 1,OPC-NPC-like 1 > Hypoxic 1,OPC-NPC-like,AC-gliosis-hypoxia
at4_1,"('OPC-NPC-like 1', 'Hypoxic 1')",0.8602150537634409,OPC-NPC-like 1,Hypoxic 1,OPC-NPC-like 1 > Hypoxic 1,OPC-NPC-like,AC-gliosis-hypoxia
at5_4,"('OPC-NPC-like 1', 'Hypoxic 1')",0.5454545454545454,OPC-NPC-like 1,Hypoxic 1,OPC-NPC-like 1 > Hypoxic 1,OPC-NPC-like,AC-gliosis-hypoxia
at15_3,"('OPC-NPC-like 1', 'Hypoxic 1')",0.7700534759358288,OPC-NPC-like 1,Hypoxic 1,OPC-NPC-like 1 > Hypoxic 1,OPC-NPC-like,AC-gliosis-hypoxia
at15_0,"('OPC-NPC-like 1', 'Hypoxic 1')",0.4036697247706422,OPC-NPC-like 1,Hypoxic 1,OPC-NPC-like 1 > Hypoxic 1,OPC-NPC-like,AC-gliosis-hypoxia
at15_2,"('OPC-NPC-like 1', 'Hypoxic 1')",0.4262295081967213,OPC-NPC-like 1,Hypoxic 1,OPC-NPC-like 1 > Hypoxic 1,OPC-NPC-like,AC-gliosis-hypoxia
at15_6,"('OPC-NPC-like 1', 'Hypoxic 1')",0.4395604395604395,OPC-NPC-like 1,Hypoxic 1,OPC-NPC-like 1 > Hypoxic 1,OPC-NPC-like,AC-gliosis-hypoxia
at4_0,"('OPC-NPC-like 1', 'Hypoxic 1')",0.9878234398782344,OPC-NPC-like 1,Hypoxic 1,OPC-NPC-like 1 > Hypoxic 1,OPC-NPC-like,AC-gliosis-hypoxia
at10_0,"('OPC-NPC-like 1', 'Hypoxic 1')",0.5945945945945946,OPC-NPC-like 1,Hypoxic 1,OPC-NPC-like 1 > Hypoxic 1,OPC-NPC-like,AC-gliosis-hypoxia
at7_0,"('OPC-NPC-like 1', 'Hypoxic 1')",0.9943342776203966,OPC-NPC-like 1,Hypoxic 1,OPC-NPC-like 1 > Hypoxic 1,OPC-NPC-like,AC-gliosis-hypoxia
at10_2,"('OPC-NPC-like 1', 'Hypoxic 1')",0.4727272727272727,OPC-NPC-like 1,Hypoxic 1,OPC-NPC-like 1 > Hypoxic 1,OPC-NPC-like,AC-gliosis-hypoxia
at13_0,"('OPC-NPC-like 1', 'Hypoxic 1')",0.8192307692307692,OPC-NPC-like 1,Hypoxic 1,OPC-NPC-like 1 > Hypoxic 1,OPC-NPC-like,AC-gliosis-hypoxia
at15_4,"('OPC-NPC-like 1', 'Hypoxic 1')",0.4332129963898917,OPC-NPC-like 1,Hypoxic 1,OPC-NPC-like 1 > Hypoxic 1,OPC-NPC-like,AC-gliosis-hypoxia
at6_4,"('OPC-NPC-like 1', 'Hypoxic 1')",0.0033333333333333,OPC-NPC-like 1,Hypoxic 1,OPC-NPC-like 1 > Hypoxic 1,OPC-NPC-like,AC-gliosis-hypoxia
at5_2,"('OPC-NPC-like 1', 'Hypoxic 1')",0.0689655172413793,OPC-NPC-like 1,Hypoxic 1,OPC-NPC-like 1 > Hypoxic 1,OPC-NPC-like,AC-gliosis-hypoxia
at10_1,"('OPC-NPC-like 1', 'Hypoxic 1')",0.8048780487804879,OPC-NPC-like 1,Hypoxic 1,OPC-NPC-like 1 > Hypoxic 1,OPC-NPC-like,AC-gliosis-hypoxia
at6_5,"('OPC-NPC-like 1', 'Hypoxic 1')",0.0097765363128491,OPC-NPC-like 1,Hypoxic 1,OPC-NPC-like 1 > Hypoxic 1,OPC-NPC-like,AC-gliosis-hypoxia
at3_3,"('OPC-NPC-like 1', 'Hypoxic 1')",0.0097508125677139,OPC-NPC-like 1,Hypoxic 1,OPC-NPC-like 1 > Hypoxic 1,OPC-NPC-like,AC-gliosis-hypoxia
at5_9,"('OPC-NPC-like 1', 'Hypoxic 1')",0.4042553191489361,OPC-NPC-like 1,Hypoxic 1,OPC-NPC-like 1 > Hypoxic 1,OPC-NPC-like,AC-gliosis-hypoxia
at4_2,"('OPC-NPC-like 1', 'Hypoxic 1')",0.0097087378640776,OPC-NPC-like 1,Hypoxic 1,OPC-NPC-like 1 > Hypoxic 1,OPC-NPC-like,AC-gliosis-hypoxia
at9_2,"('OPC-NPC-like 1', 'Hypoxic 1')",0.1285714285714285,OPC-NPC-like 1,Hypoxic 1,OPC-NPC-like 1 > Hypoxic 1,OPC-NPC-like,AC-gliosis-hypoxia
at9_4,"('OPC-NPC-like 1', 'Hypoxic 1')",0.0251798561151079,OPC-NPC-like 1,Hypoxic 1,OPC-NPC-like 1 > Hypoxic 1,OPC-NPC-like,AC-gliosis-hypoxia
at9_0,"('OPC-NPC-like 1', 'Hypoxic 1')",0.0683229813664596,OPC-NPC-like 1,Hypoxic 1,OPC-NPC-like 1 > Hypoxic 1,OPC-NPC-like,AC-gliosis-hypoxia
at6_0,"('OPC-NPC-like 1', 'Hypoxic 1')",0.8854166666666666,OPC-NPC-like 1,Hypoxic 1,OPC-NPC-like 1 > Hypoxic 1,OPC-NPC-like,AC-gliosis-hypoxia
at4_1,"('OPC-NPC-like 1', 'Hypoxic 1')",0.8602150537634409,OPC-NPC-like 1,Hypoxic 1,OPC-NPC-like 1 > Hypoxic 1,OPC-NPC-like,AC-gliosis-hypoxia
at5_4,"('OPC-NPC-like 1', 'Hypoxic 1')",0.5454545454545454,OPC-NPC-like 1,Hypoxic 1,OPC-NPC-like 1 > Hypoxic 1,OPC-NPC-like,AC-gliosis-hypoxia
at15_3,"('OPC-NPC-like 1', 'Hypoxic 1')",0.7700534759358288,OPC-NPC-like 1,Hypoxic 1,OPC-NPC-like 1 > Hypoxic 1,OPC-NPC-like,AC-gliosis-hypoxia
at15_0,"('OPC-NPC-like 1', 'Hypoxic 1')",0.4036697247706422,OPC-NPC-like 1,Hypoxic 1,OPC-NPC-like 1 > Hypoxic 1,OPC-NPC-like,AC-gliosis-hypoxia
at15_2,"('OPC-NPC-like 1', 'Hypoxic 1')",0.4262295081967213,OPC-NPC-like 1,Hypoxic 1,OPC-NPC-like 1 > Hypoxic 1,OPC-NPC-like,AC-gliosis-hypoxia
at15_6,"('OPC-NPC-like 1', 'Hypoxic 1')",0.4395604395604395,OPC-NPC-like 1,Hypoxic 1,OPC-NPC-like 1 > Hypoxic 1,OPC-NPC-like,AC-gliosis-hypoxia
at4_0,"('OPC-NPC-like 1', 'Hypoxic 1')",0.9878234398782344,OPC-NPC-like 1,Hypoxic 1,OPC-NPC-like 1 > Hypoxic 1,OPC-NPC-like,AC-gliosis-hypoxia
at10_0,"('OPC-NPC-like 1', 'Hypoxic 1')",0.5945945945945946,OPC-NPC-like 1,Hypoxic 1,OPC-NPC-like 1 > Hypoxic 1,OPC-NPC-like,AC-gliosis-hypoxia
at7_0,"('OPC-NPC-like 1', 'Hypoxic 1')",0.9943342776203966,OPC-NPC-like 1,Hypoxic 1,OPC-NPC-like 1 > Hypoxic 1,OPC-NPC-like,AC-gliosis-hypoxia
at10_2,"('OPC-NPC-like 1', 'Hypoxic 1')",0.4727272727272727,OPC-NPC-like 1,Hypoxic 1,OPC-NPC-like 1 > Hypoxic 1,OPC-NPC-like,AC-gliosis-hypoxia
at13_0,"('OPC-NPC-like 1', 'Hypoxic 1')",0.8192307692307692,OPC-NPC-like 1,Hypoxic 1,OPC-NPC-like 1 > Hypoxic 1,OPC-NPC-like,AC-gliosis-hypoxia
at15_4,"('OPC-NPC-like 1', 'Hypoxic 1')",0.4332129963898917,OPC-NPC-like 1,Hypoxic 1,OPC-NPC-like 1 > Hypoxic 1,OPC-NPC-like,AC-gliosis-hypoxia
at6_4,"('OPC-NPC-like 1', 'Hypoxic 1')",0.0033333333333333,OPC-NPC-like 1,Hypoxic 1,OPC-NPC-like 1 > Hypoxic 1,OPC-NPC-like,AC-gliosis-hypoxia
at5_2,"('OPC-NPC-like 1', 'Hypoxic 1')",0.0689655172413793,OPC-NPC-like 1,Hypoxic 1,OPC-NPC-like 1 > Hypoxic 1,OPC-NPC-like,AC-gliosis-hypoxia
at10_1,"('OPC-NPC-like 1', 'Hypoxic 1')",0.8048780487804879,OPC-NPC-like 1,Hypoxic 1,OPC-NPC-like 1 > Hypoxic 1,OPC-NPC-like,AC-gliosis-hypoxia
at6_5,"('OPC-NPC-like 1', 'Hypoxic 1')",0.0097765363128491,OPC-NPC-like 1,Hypoxic 1,OPC-NPC-like 1 > Hypoxic 1,OPC-NPC-like,AC-gliosis-hypoxia
at3_3,"('OPC-NPC-like 1', 'Hypoxic 1')",0.0097508125677139,OPC-NPC-like 1,Hypoxic 1,OPC-NPC-like 1 > Hypoxic 1,OPC-NPC-like,AC-gliosis-hypoxia
at5_9,"('OPC-NPC-like 1', 'Hypoxic 1')",0.4042553191489361,OPC-NPC-like 1,Hypoxic 1,OPC-NPC-like 1 > Hypoxic 1,OPC-NPC-like,AC-gliosis-hypoxia
at4_2,"('OPC-NPC-like 1', 'Hypoxic 1')",0.0097087378640776,OPC-NPC-like 1,Hypoxic 1,OPC-NPC-like 1 > Hypoxic 1,OPC-NPC-like,AC-gliosis-hypoxia
at9_2,"('OPC-NPC-like 1', 'Hypoxic 1')",0.1285714285714285,OPC-NPC-like 1,Hypoxic 1,OPC-NPC-like 1 > Hypoxic 1,OPC-NPC-like,AC-gliosis-hypoxia
at9_4,"('OPC-NPC-like 1', 'Hypoxic 1')",0.0251798561151079,OPC-NPC-like 1,Hypoxic 1,OPC-NPC-like 1 > Hypoxic 1,OPC-NPC-like,AC-gliosis-hypoxia
at9_0,"('OPC-NPC-like 1', 'Hypoxic 1')",0.0683229813664596,OPC-NPC-like 1,Hypoxic 1,OPC-NPC-like 1 > Hypoxic 1,OPC-NPC-like,AC-gliosis-hypoxia
at6_0,"('OPC-NPC-like 1', 'Hypoxic 1')",0.8854166666666666,OPC-NPC-like 1,Hypoxic 1,OPC-NPC-like 1 > Hypoxic 1,OPC-NPC-like,AC-gliosis-hypoxia
at4_1,"('OPC-NPC-like 1', 'Hypoxic 1')",0.8602150537634409,OPC-NPC-like 1,Hypoxic 1,OPC-NPC-like 1 > Hypoxic 1,OPC-NPC-like,AC-gliosis-hypoxia
at5_4,"('OPC-NPC-like 1', 'Hypoxic 1')",0.5454545454545454,OPC-NPC-like 1,Hypoxic 1,OPC-NPC-like 1 > Hypoxic 1,OPC-NPC-like,AC-gliosis-hypoxia
at15_3,"('OPC-NPC-like 1', 'Hypoxic 1')",0.7700534759358288,OPC-NPC-like 1,Hypoxic 1,OPC-NPC-like 1 > Hypoxic 1,OPC-NPC-like,AC-gliosis-hypoxia
at15_0,"('OPC-NPC-like 1', 'Hypoxic 1')",0.4036697247706422,OPC-NPC-like 1,Hypoxic 1,OPC-NPC-like 1 > Hypoxic 1,OPC-NPC-like,AC-gliosis-hypoxia
at15_2,"('OPC-NPC-like 1', 'Hypoxic 1')",0.4262295081967213,OPC-NPC-like 1,Hypoxic 1,OPC-NPC-like 1 > Hypoxic 1,OPC-NPC-like,AC-gliosis-hypoxia
at15_6,"('OPC-NPC-like 1', 'Hypoxic 1')",0.4395604395604395,OPC-NPC-like 1,Hypoxic 1,OPC-NPC-like 1 > Hypoxic 1,OPC-NPC-like,AC-gliosis-hypoxia
at4_0,"('OPC-NPC-like 1', 'Hypoxic 1')",0.9878234398782344,OPC-NPC-like 1,Hypoxic 1,OPC-NPC-like 1 > Hypoxic 1,OPC-NPC-like,AC-gliosis-hypoxia
at10_0,"('OPC-NPC-like 1', 'Hypoxic 1')",0.5945945945945946,OPC-NPC-like 1,Hypoxic 1,OPC-NPC-like 1 > Hypoxic 1,OPC-NPC-like,AC-gliosis-hypoxia
at7_0,"('OPC-NPC-like 1', 'Hypoxic 1')",0.9943342776203966,OPC-NPC-like 1,Hypoxic 1,OPC-NPC-like 1 > Hypoxic 1,OPC-NPC-like,AC-gliosis-hypoxia
at10_2,"('OPC-NPC-like 1', 'Hypoxic 1')",0.4727272727272727,OPC-NPC-like 1,Hypoxic 1,OPC-NPC-like 1 > Hypoxic 1,OPC-NPC-like,AC-gliosis-hypoxia
at13_0,"('OPC-NPC-like 1', 'Hypoxic 1')",0.8192307692307692,OPC-NPC-like 1,Hypoxic 1,OPC-NPC-like 1 > Hypoxic 1,OPC-NPC-like,AC-gliosis-hypoxia
at15_4,"('OPC-NPC-like 1', 'Hypoxic 1')",0.4332129963898917,OPC-NPC-like 1,Hypoxic 1,OPC-NPC-like 1 > Hypoxic 1,OPC-NPC-like,AC-gliosis-hypoxia
at6_4,"('OPC-NPC-like 1', 'Hypoxic 1')",0.0033333333333333,OPC-NPC-like 1,Hypoxic 1,OPC-NPC-like 1 > Hypoxic 1,OPC-NPC-like,AC-gliosis-hypoxia
at5_2,"('OPC-NPC-like 1', 'Hypoxic 1')",0.0689655172413793,OPC-NPC-like 1,Hypoxic 1,OPC-NPC-like 1 > Hypoxic 1,OPC-NPC-like,AC-gliosis-hypoxia
at10_1,"('OPC-NPC-like 1', 'Hypoxic 1')",0.8048780487804879,OPC-NPC-like 1,Hypoxic 1,OPC-NPC-like 1 > Hypoxic 1,OPC-NPC-like,AC-gliosis-hypoxia
at6_5,"('OPC-NPC-like 1', 'Hypoxic 1')",0.0097765363128491,OPC-NPC-like 1,Hypoxic 1,OPC-NPC-like 1 > Hypoxic 1,OPC-NPC-like,AC-gliosis-hypoxia
at3_3,"('OPC-NPC-like 1', 'Hypoxic 1')",0.0097508125677139,OPC-NPC-like 1,Hypoxic 1,OPC-NPC-like 1 > Hypoxic 1,OPC-NPC-like,AC-gliosis-hypoxia
at5_9,"('OPC-NPC-like 1', 'Hypoxic 1')",0.4042553191489361,OPC-NPC-like 1,Hypoxic 1,OPC-NPC-like 1 > Hypoxic 1,OPC-NPC-like,AC-gliosis-hypoxia
at4_2,"('OPC-NPC-like 1', 'Hypoxic 1')",0.0097087378640776,OPC-NPC-like 1,Hypoxic 1,OPC-NPC-like 1 > Hypoxic 1,OPC-NPC-like,AC-gliosis-hypoxia
at9_2,"('OPC-NPC-like 1', 'Hypoxic 1')",0.1285714285714285,OPC-NPC-like 1,Hypoxic 1,OPC-NPC-like 1 > Hypoxic 1,OPC-NPC-like,AC-gliosis-hypoxia
at9_4,"('OPC-NPC-like 1', 'Hypoxic 1')",0.0251798561151079,OPC-NPC-like 1,Hypoxic 1,OPC-NPC-like 1 > Hypoxic 1,OPC-NPC-like,AC-gliosis-hypoxia
at9_0,"('OPC-NPC-like 1', 'Hypoxic 1')",0.0683229813664596,OPC-NPC-like 1,Hypoxic 1,OPC-NPC-like 1 > Hypoxic 1,OPC-NPC-like,AC-gliosis-hypoxia
at6_0,"('OPC-NPC-like 1', 'Hypoxic 1')",0.8854166666666666,OPC-NPC-like 1,Hypoxic 1,OPC-NPC-like 1 > Hypoxic 1,OPC-NPC-like,AC-gliosis-hypoxia
at4_1,"('OPC-NPC-like 1', 'Hypoxic 1')",0.8602150537634409,OPC-NPC-like 1,Hypoxic 1,OPC-NPC-like 1 > Hypoxic 1,OPC-NPC-like,AC-gliosis-hypoxia
at5_4,"('OPC-NPC-like 1', 'Hypoxic 1')",0.5454545454545454,OPC-NPC-like 1,Hypoxic 1,OPC-NPC-like 1 > Hypoxic 1,OPC-NPC-like,AC-gliosis-hypoxia
at15_3,"('OPC-NPC-like 1', 'Hypoxic 1')",0.7700534759358288,OPC-NPC-like 1,Hypoxic 1,OPC-NPC-like 1 > Hypoxic 1,OPC-NPC-like,AC-gliosis-hypoxia
at15_0,"('OPC-NPC-like 1', 'Hypoxic 1')",0.4036697247706422,OPC-NPC-like 1,Hypoxic 1,OPC-NPC-like 1 > Hypoxic 1,OPC-NPC-like,AC-gliosis-hypoxia
at15_2,"('OPC-NPC-like 1', 'Hypoxic 1')",0.4262295081967213,OPC-NPC-like 1,Hypoxic 1,OPC-NPC-like 1 > Hypoxic 1,OPC-NPC-like,AC-gliosis-hypoxia
at15_6,"('OPC-NPC-like 1', 'Hypoxic 1')",0.4395604395604395,OPC-NPC-like 1,Hypoxic 1,OPC-NPC-like 1 > Hypoxic 1,OPC-NPC-like,AC-gliosis-hypoxia
at4_0,"('OPC-NPC-like 1', 'Hypoxic 1')",0.9878234398782344,OPC-NPC-like 1,Hypoxic 1,OPC-NPC-like 1 > Hypoxic 1,OPC-NPC-like,AC-gliosis-hypoxia
at10_0,"('OPC-NPC-like 1', 'Hypoxic 1')",0.5945945945945946,OPC-NPC-like 1,Hypoxic 1,OPC-NPC-like 1 > Hypoxic 1,OPC-NPC-like,AC-gliosis-hypoxia
at7_0,"('OPC-NPC-like 1', 'Hypoxic 1')",0.9943342776203966,OPC-NPC-like 1,Hypoxic 1,OPC-NPC-like 1 > Hypoxic 1,OPC-NPC-like,AC-gliosis-hypoxia
at10_2,"('OPC-NPC-like 1', 'Hypoxic 1')",0.4727272727272727,OPC-NPC-like 1,Hypoxic 1,OPC-NPC-like 1 > Hypoxic 1,OPC-NPC-like,AC-gliosis-hypoxia
at13_0,"('OPC-NPC-like 1', 'Hypoxic 1')",0.8192307692307692,OPC-NPC-like 1,Hypoxic 1,OPC-NPC-like 1 > Hypoxic 1,OPC-NPC-like,AC-gliosis-hypoxia
at15_4,"('OPC-NPC-like 1', 'Hypoxic 1')",0.4332129963898917,OPC-NPC-like 1,Hypoxic 1,OPC-NPC-like 1 > Hypoxic 1,OPC-NPC-like,AC-gliosis-hypoxia
at6_4,"('OPC-NPC-like 1', 'Hypoxic 1')",0.0033333333333333,OPC-NPC-like 1,Hypoxic 1,OPC-NPC-like 1 > Hypoxic 1,OPC-NPC-like,AC-gliosis-hypoxia
at5_2,"('OPC-NPC-like 1', 'Hypoxic 1')",0.0689655172413793,OPC-NPC-like 1,Hypoxic 1,OPC-NPC-like 1 > Hypoxic 1,OPC-NPC-like,AC-gliosis-hypoxia
at10_1,"('OPC-NPC-like 1', 'Hypoxic 1')",0.8048780487804879,OPC-NPC-like 1,Hypoxic 1,OPC-NPC-like 1 > Hypoxic 1,OPC-NPC-like,AC-gliosis-hypoxia
at6_5,"('OPC-NPC-like 1', 'Hypoxic 1')",0.0097765363128491,OPC-NPC-like 1,Hypoxic 1,OPC-NPC-like 1 > Hypoxic 1,OPC-NPC-like,AC-gliosis-hypoxia
at3_3,"('OPC-NPC-like 1', 'Hypoxic 1')",0.0097508125677139,OPC-NPC-like 1,Hypoxic 1,OPC-NPC-like 1 > Hypoxic 1,OPC-NPC-like,AC-gliosis-hypoxia
at5_9,"('OPC-NPC-like 1', 'Hypoxic 1')",0.4042553191489361,OPC-NPC-like 1,Hypoxic 1,OPC-NPC-like 1 > Hypoxic 1,OPC-NPC-like,AC-gliosis-hypoxia
at4_2,"('OPC-NPC-like 1', 'Hypoxic 1')",0.0097087378640776,OPC-NPC-like 1,Hypoxic 1,OPC-NPC-like 1 > Hypoxic 1,OPC-NPC-like,AC-gliosis-hypoxia
at9_2,"('OPC-NPC-like 1', 'Hypoxic 1')",0.1285714285714285,OPC-NPC-like 1,Hypoxic 1,OPC-NPC-like 1 > Hypoxic 1,OPC-NPC-like,AC-gliosis-hypoxia
at9_4,"('OPC-NPC-like 1', 'Hypoxic 1')",0.0251798561151079,OPC-NPC-like 1,Hypoxic 1,OPC-NPC-like 1 > Hypoxic 1,OPC-NPC-like,AC-gliosis-hypoxia
at9_0,"('OPC-NPC-like 1', 'Hypoxic 1')",0.0683229813664596,OPC-NPC-like 1,Hypoxic 1,OPC-NPC-like 1 > Hypoxic 1,OPC-NPC-like,AC-gliosis-hypoxia
at6_0,"('OPC-NPC-like 1', 'Hypoxic 1')",0.8854166666666666,OPC-NPC-like 1,Hypoxic 1,OPC-NPC-like 1 > Hypoxic 1,OPC-NPC-like,AC-gliosis-hypoxia
at4_1,"('OPC-NPC-like 1', 'Hypoxic 1')",0.8602150537634409,OPC-NPC-like 1,Hypoxic 1,OPC-NPC-like 1 > Hypoxic 1,OPC-NPC-like,AC-gliosis-hypoxia
at5_4,"('OPC-NPC-like 1', 'Hypoxic 1')",0.5454545454545454,OPC-NPC-like 1,Hypoxic 1,OPC-NPC-like 1 > Hypoxic 1,OPC-NPC-like,AC-gliosis-hypoxia
at15_3,"('OPC-NPC-like 1', 'Hypoxic 1')",0.7700534759358288,OPC-NPC-like 1,Hypoxic 1,OPC-NPC-like 1 > Hypoxic 1,OPC-NPC-like,AC-gliosis-hypoxia
at15_0,"('OPC-NPC-like 1', 'Hypoxic 1')",0.4036697247706422,OPC-NPC-like 1,Hypoxic 1,OPC-NPC-like 1 > Hypoxic 1,OPC-NPC-like,AC-gliosis-hypoxia
at15_2,"('OPC-NPC-like 1', 'Hypoxic 1')",0.4262295081967213,OPC-NPC-like 1,Hypoxic 1,OPC-NPC-like 1 > Hypoxic 1,OPC-NPC-like,AC-gliosis-hypoxia
at15_6,"('OPC-NPC-like 1', 'Hypoxic 1')",0.4395604395604395,OPC-NPC-like 1,Hypoxic 1,OPC-NPC-like 1 > Hypoxic 1,OPC-NPC-like,AC-gliosis-hypoxia
at4_0,"('OPC-NPC-like 1', 'Hypoxic 1')",0.9878234398782344,OPC-NPC-like 1,Hypoxic 1,OPC-NPC-like 1 > Hypoxic 1,OPC-NPC-like,AC-gliosis-hypoxia
at10_0,"('OPC-NPC-like 1', 'Hypoxic 1')",0.5945945945945946,OPC-NPC-like 1,Hypoxic 1,OPC-NPC-like 1 > Hypoxic 1,OPC-NPC-like,AC-gliosis-hypoxia
at7_0,"('OPC-NPC-like 1', 'Hypoxic 1')",0.9943342776203966,OPC-NPC-like 1,Hypoxic 1,OPC-NPC-like 1 > Hypoxic 1,OPC-NPC-like,AC-gliosis-hypoxia
at10_2,"('OPC-NPC-like 1', 'Hypoxic 1')",0.4727272727272727,OPC-NPC-like 1,Hypoxic 1,OPC-NPC-like 1 > Hypoxic 1,OPC-NPC-like,AC-gliosis-hypoxia
at13_0,"('OPC-NPC-like 1', 'Hypoxic 1')",0.8192307692307692,OPC-NPC-like 1,Hypoxic 1,OPC-NPC-like 1 > Hypoxic 1,OPC-NPC-like,AC-gliosis-hypoxia
at15_4,"('OPC-NPC-like 1', 'Hypoxic 1')",0.4332129963898917,OPC-NPC-like 1,Hypoxic 1,OPC-NPC-like 1 > Hypoxic 1,OPC-NPC-like,AC-gliosis-hypoxia
at6_4,"('OPC-NPC-like 1', 'Hypoxic 1')",0.0033333333333333,OPC-NPC-like 1,Hypoxic 1,OPC-NPC-like 1 > Hypoxic 1,OPC-NPC-like,AC-gliosis-hypoxia
at5_2,"('OPC-NPC-like 1', 'Hypoxic 1')",0.0689655172413793,OPC-NPC-like 1,Hypoxic 1,OPC-NPC-like 1 > Hypoxic 1,OPC-NPC-like,AC-gliosis-hypoxia
at10_1,"('OPC-NPC-like 1', 'Hypoxic 1')",0.8048780487804879,OPC-NPC-like 1,Hypoxic 1,OPC-NPC-like 1 > Hypoxic 1,OPC-NPC-like,AC-gliosis-hypoxia
at6_5,"('OPC-NPC-like 1', 'Hypoxic 1')",0.0097765363128491,OPC-NPC-like 1,Hypoxic 1,OPC-NPC-like 1 > Hypoxic 1,OPC-NPC-like,AC-gliosis-hypoxia
at3_3,"('OPC-NPC-like 1', 'Hypoxic 1')",0.0097508125677139,OPC-NPC-like 1,Hypoxic 1,OPC-NPC-like 1 > Hypoxic 1,OPC-NPC-like,AC-gliosis-hypoxia
at5_9,"('OPC-NPC-like 1', 'Hypoxic 1')",0.4042553191489361,OPC-NPC-like 1,Hypoxic 1,OPC-NPC-like 1 > Hypoxic 1,OPC-NPC-like,AC-gliosis-hypoxia
at4_2,"('OPC-NPC-like 1', 'Hypoxic 1')",0.0097087378640776,OPC-NPC-like 1,Hypoxic 1,OPC-NPC-like 1 > Hypoxic 1,OPC-NPC-like,AC-gliosis-hypoxia
at9_2,"('OPC-NPC-like 1', 'Hypoxic 1')",0.1285714285714285,OPC-NPC-like 1,Hypoxic 1,OPC-NPC-like 1 > Hypoxic 1,OPC-NPC-like,AC-gliosis-hypoxia
at9_4,"('OPC-NPC-like 1', 'Hypoxic 1')",0.0251798561151079,OPC-NPC-like 1,Hypoxic 1,OPC-NPC-like 1 > Hypoxic 1,OPC-NPC-like,AC-gliosis-hypoxia
at9_0,"('OPC-NPC-like 1', 'Hypoxic 1')",0.0683229813664596,OPC-NPC-like 1,Hypoxic 1,OPC-NPC-like 1 > Hypoxic 1,OPC-NPC-like,AC-gliosis-hypoxia
at6_0,"('OPC-NPC-like 1', 'Hypoxic 1')",0.8854166666666666,OPC-NPC-like 1,Hypoxic 1,OPC-NPC-like 1 > Hypoxic 1,OPC-NPC-like,AC-gliosis-hypoxia
at4_1,"('OPC-NPC-like 1', 'Hypoxic 1')",0.8602150537634409,OPC-NPC-like 1,Hypoxic 1,OPC-NPC-like 1 > Hypoxic 1,OPC-NPC-like,AC-gliosis-hypoxia
at5_4,"('OPC-NPC-like 1', 'Hypoxic 1')",0.5454545454545454,OPC-NPC-like 1,Hypoxic 1,OPC-NPC-like 1 > Hypoxic 1,OPC-NPC-like,AC-gliosis-hypoxia
at15_3,"('OPC-NPC-like 1', 'Hypoxic 1')",0.7700534759358288,OPC-NPC-like 1,Hypoxic 1,OPC-NPC-like 1 > Hypoxic 1,OPC-NPC-like,AC-gliosis-hypoxia
at15_0,"('OPC-NPC-like 1', 'Hypoxic 1')",0.4036697247706422,OPC-NPC-like 1,Hypoxic 1,OPC-NPC-like 1 > Hypoxic 1,OPC-NPC-like,AC-gliosis-hypoxia
at15_2,"('OPC-NPC-like 1', 'Hypoxic 1')",0.4262295081967213,OPC-NPC-like 1,Hypoxic 1,OPC-NPC-like 1 > Hypoxic 1,OPC-NPC-like,AC-gliosis-hypoxia
at15_6,"('OPC-NPC-like 1', 'Hypoxic 1')",0.4395604395604395,OPC-NPC-like 1,Hypoxic 1,OPC-NPC-like 1 > Hypoxic 1,OPC-NPC-like,AC-gliosis-hypoxia
at4_0,"('OPC-NPC-like 1', 'Hypoxic 1')",0.9878234398782344,OPC-NPC-like 1,Hypoxic 1,OPC-NPC-like 1 > Hypoxic 1,OPC-NPC-like,AC-gliosis-hypoxia
at10_0,"('OPC-NPC-like 1', 'Hypoxic 1')",0.5945945945945946,OPC-NPC-like 1,Hypoxic 1,OPC-NPC-like 1 > Hypoxic 1,OPC-NPC-like,AC-gliosis-hypoxia
at7_0,"('OPC-NPC-like 1', 'Hypoxic 1')",0.9943342776203966,OPC-NPC-like 1,Hypoxic 1,OPC-NPC-like 1 > Hypoxic 1,OPC-NPC-like,AC-gliosis-hypoxia
at10_2,"('OPC-NPC-like 1', 'Hypoxic 1')",0.4727272727272727,OPC-NPC-like 1,Hypoxic 1,OPC-NPC-like 1 > Hypoxic 1,OPC-NPC-like,AC-gliosis-hypoxia
at13_0,"('OPC-NPC-like 1', 'Hypoxic 1')",0.8192307692307692,OPC-NPC-like 1,Hypoxic 1,OPC-NPC-like 1 > Hypoxic 1,OPC-NPC-like,AC-gliosis-hypoxia
at15_4,"('OPC-NPC-like 1', 'Hypoxic 1')",0.4332129963898917,OPC-NPC-like 1,Hypoxic 1,OPC-NPC-like 1 > Hypoxic 1,OPC-NPC-like,AC-gliosis-hypoxia
at6_4,"('OPC-NPC-like 1', 'Hypoxic 1')",0.0033333333333333,OPC-NPC-like 1,Hypoxic 1,OPC-NPC-like 1 > Hypoxic 1,OPC-NPC-like,AC-gliosis-hypoxia
at5_2,"('OPC-NPC-like 1', 'Hypoxic 1')",0.0689655172413793,OPC-NPC-like 1,Hypoxic 1,OPC-NPC-like 1 > Hypoxic 1,OPC-NPC-like,AC-gliosis-hypoxia
at10_1,"('OPC-NPC-like 1', 'Hypoxic 1')",0.8048780487804879,OPC-NPC-like 1,Hypoxic 1,OPC-NPC-like 1 > Hypoxic 1,OPC-NPC-like,AC-gliosis-hypoxia
at6_5,"('OPC-NPC-like 1', 'Hypoxic 1')",0.0097765363128491,OPC-NPC-like 1,Hypoxic 1,OPC-NPC-like 1 > Hypoxic 1,OPC-NPC-like,AC-gliosis-hypoxia
at3_3,"('OPC-NPC-like 1', 'Hypoxic 1')",0.0097508125677139,OPC-NPC-like 1,Hypoxic 1,OPC-NPC-like 1 > Hypoxic 1,OPC-NPC-like,AC-gliosis-hypoxia
at5_9,"('OPC-NPC-like 1', 'Hypoxic 1')",0.4042553191489361,OPC-NPC-like 1,Hypoxic 1,OPC-NPC-like 1 > Hypoxic 1,OPC-NPC-like,AC-gliosis-hypoxia
at4_2,"('OPC-NPC-like 1', 'Hypoxic 1')",0.0097087378640776,OPC-NPC-like 1,Hypoxic 1,OPC-NPC-like 1 > Hypoxic 1,OPC-NPC-like,AC-gliosis-hypoxia
at9_2,"('OPC-NPC-like 1', 'Hypoxic 1')",0.1285714285714285,OPC-NPC-like 1,Hypoxic 1,OPC-NPC-like 1 > Hypoxic 1,OPC-NPC-like,AC-gliosis-hypoxia
at9_4,"('OPC-NPC-like 1', 'Hypoxic 1')",0.0251798561151079,OPC-NPC-like 1,Hypoxic 1,OPC-NPC-like 1 > Hypoxic 1,OPC-NPC-like,AC-gliosis-hypoxia
at9_0,"('OPC-NPC-like 1', 'Hypoxic 1')",0.0683229813664596,OPC-NPC-like 1,Hypoxic 1,OPC-NPC-like 1 > Hypoxic 1,OPC-NPC-like,AC-gliosis-hypoxia
at6_0,"('OPC-NPC-like 1', 'Hypoxic 1')",0.8854166666666666,OPC-NPC-like 1,Hypoxic 1,OPC-NPC-like 1 > Hypoxic 1,OPC-NPC-like,AC-gliosis-hypoxia
at4_1,"('OPC-NPC-like 1', 'Hypoxic 1')",0.8602150537634409,OPC-NPC-like 1,Hypoxic 1,OPC-NPC-like 1 > Hypoxic 1,OPC-NPC-like,AC-gliosis-hypoxia
at5_4,"('OPC-NPC-like 1', 'Hypoxic 1')",0.5454545454545454,OPC-NPC-like 1,Hypoxic 1,OPC-NPC-like 1 > Hypoxic 1,OPC-NPC-like,AC-gliosis-hypoxia
at15_3,"('OPC-NPC-like 1', 'Hypoxic 1')",0.7700534759358288,OPC-NPC-like 1,Hypoxic 1,OPC-NPC-like 1 > Hypoxic 1,OPC-NPC-like,AC-gliosis-hypoxia
at15_0,"('OPC-NPC-like 1', 'Hypoxic 1')",0.4036697247706422,OPC-NPC-like 1,Hypoxic 1,OPC-NPC-like 1 > Hypoxic 1,OPC-NPC-like,AC-gliosis-hypoxia
at15_2,"('OPC-NPC-like 1', 'Hypoxic 1')",0.4262295081967213,OPC-NPC-like 1,Hypoxic 1,OPC-NPC-like 1 > Hypoxic 1,OPC-NPC-like,AC-gliosis-hypoxia
at15_6,"('OPC-NPC-like 1', 'Hypoxic 1')",0.4395604395604395,OPC-NPC-like 1,Hypoxic 1,OPC-NPC-like 1 > Hypoxic 1,OPC-NPC-like,AC-gliosis-hypoxia
at4_0,"('OPC-NPC-like 1', 'Hypoxic 1')",0.9878234398782344,OPC-NPC-like 1,Hypoxic 1,OPC-NPC-like 1 > Hypoxic 1,OPC-NPC-like,AC-gliosis-hypoxia
at10_0,"('OPC-NPC-like 1', 'Hypoxic 1')",0.5945945945945946,OPC-NPC-like 1,Hypoxic 1,OPC-NPC-like 1 > Hypoxic 1,OPC-NPC-like,AC-gliosis-hypoxia
at7_0,"('OPC-NPC-like 1', 'Hypoxic 1')",0.9943342776203966,OPC-NPC-like 1,Hypoxic 1,OPC-NPC-like 1 > Hypoxic 1,OPC-NPC-like,AC-gliosis-hypoxia
at10_2,"('OPC-NPC-like 1', 'Hypoxic 1')",0.4727272727272727,OPC-NPC-like 1,Hypoxic 1,OPC-NPC-like 1 > Hypoxic 1,OPC-NPC-like,AC-gliosis-hypoxia
at13_0,"('OPC-NPC-like 1', 'Hypoxic 1')",0.8192307692307692,OPC-NPC-like 1,Hypoxic 1,OPC-NPC-like 1 > Hypoxic 1,OPC-NPC-like,AC-gliosis-hypoxia
at15_4,"('OPC-NPC-like 1', 'Hypoxic 1')",0.4332129963898917,OPC-NPC-like 1,Hypoxic 1,OPC-NPC-like 1 > Hypoxic 1,OPC-NPC-like,AC-gliosis-hypoxia
at6_4,"('OPC-NPC-like 1', 'Hypoxic 1')",0.0033333333333333,OPC-NPC-like 1,Hypoxic 1,OPC-NPC-like 1 > Hypoxic 1,OPC-NPC-like,AC-gliosis-hypoxia
at5_2,"('OPC-NPC-like 1', 'Hypoxic 1')",0.0689655172413793,OPC-NPC-like 1,Hypoxic 1,OPC-NPC-like 1 > Hypoxic 1,OPC-NPC-like,AC-gliosis-hypoxia
at10_1,"('OPC-NPC-like 1', 'Hypoxic 1')",0.8048780487804879,OPC-NPC-like 1,Hypoxic 1,OPC-NPC-like 1 > Hypoxic 1,OPC-NPC-like,AC-gliosis-hypoxia
at6_5,"('OPC-NPC-like 1', 'Hypoxic 1')",0.0097765363128491,OPC-NPC-like 1,Hypoxic 1,OPC-NPC-like 1 > Hypoxic 1,OPC-NPC-like,AC-gliosis-hypoxia
at3_3,"('OPC-NPC-like 1', 'Hypoxic 1')",0.0097508125677139,OPC-NPC-like 1,Hypoxic 1,OPC-NPC-like 1 > Hypoxic 1,OPC-NPC-like,AC-gliosis-hypoxia
at5_9,"('OPC-NPC-like 1', 'Hypoxic 1')",0.4042553191489361,OPC-NPC-like 1,Hypoxic 1,OPC-NPC-like 1 > Hypoxic 1,OPC-NPC-like,AC-gliosis-hypoxia
at4_2,"('OPC-NPC-like 1', 'Hypoxic 1')",0.0097087378640776,OPC-NPC-like 1,Hypoxic 1,OPC-NPC-like 1 > Hypoxic 1,OPC-NPC-like,AC-gliosis-hypoxia
at9_2,"('OPC-NPC-like 1', 'Hypoxic 1')",0.1285714285714285,OPC-NPC-like 1,Hypoxic 1,OPC-NPC-like 1 > Hypoxic 1,OPC-NPC-like,AC-gliosis-hypoxia
at9_4,"('OPC-NPC-like 1', 'Hypoxic 1')",0.0251798561151079,OPC-NPC-like 1,Hypoxic 1,OPC-NPC-like 1 > Hypoxic 1,OPC-NPC-like,AC-gliosis-hypoxia
at9_0,"('OPC-NPC-like 1', 'Hypoxic 1')",0.0683229813664596,OPC-NPC-like 1,Hypoxic 1,OPC-NPC-like 1 > Hypoxic 1,OPC-NPC-like,AC-gliosis-hypoxia
at6_0,"('OPC-NPC-like 1', 'Hypoxic 1')",0.8854166666666666,OPC-NPC-like 1,Hypoxic 1,OPC-NPC-like 1 > Hypoxic 1,OPC-NPC-like,AC-gliosis-hypoxia
at4_1,"('OPC-NPC-like 1', 'Hypoxic 1')",0.8602150537634409,OPC-NPC-like 1,Hypoxic 1,OPC-NPC-like 1 > Hypoxic 1,OPC-NPC-like,AC-gliosis-hypoxia
at5_4,"('OPC-NPC-like 1', 'Hypoxic 1')",0.5454545454545454,OPC-NPC-like 1,Hypoxic 1,OPC-NPC-like 1 > Hypoxic 1,OPC-NPC-like,AC-gliosis-hypoxia
at15_3,"('OPC-NPC-like 1', 'Hypoxic 1')",0.7700534759358288,OPC-NPC-like 1,Hypoxic 1,OPC-NPC-like 1 > Hypoxic 1,OPC-NPC-like,AC-gliosis-hypoxia
at15_0,"('OPC-NPC-like 1', 'Hypoxic 1')",0.4036697247706422,OPC-NPC-like 1,Hypoxic 1,OPC-NPC-like 1 > Hypoxic 1,OPC-NPC-like,AC-gliosis-hypoxia
at15_2,"('OPC-NPC-like 1', 'Hypoxic 1')",0.4262295081967213,OPC-NPC-like 1,Hypoxic 1,OPC-NPC-like 1 > Hypoxic 1,OPC-NPC-like,AC-gliosis-hypoxia
at15_6,"('OPC-NPC-like 1', 'Hypoxic 1')",0.4395604395604395,OPC-NPC-like 1,Hypoxic 1,OPC-NPC-like 1 > Hypoxic 1,OPC-NPC-like,AC-gliosis-hypoxia
at4_0,"('OPC-NPC-like 1', 'Hypoxic 1')",0.9878234398782344,OPC-NPC-like 1,Hypoxic 1,OPC-NPC-like 1 > Hypoxic 1,OPC-NPC-like,AC-gliosis-hypoxia
at10_0,"('OPC-NPC-like 1', 'Hypoxic 1')",0.5945945945945946,OPC-NPC-like 1,Hypoxic 1,OPC-NPC-like 1 > Hypoxic 1,OPC-NPC-like,AC-gliosis-hypoxia
at7_0,"('OPC-NPC-like 1', 'Hypoxic 1')",0.9943342776203966,OPC-NPC-like 1,Hypoxic 1,OPC-NPC-like 1 > Hypoxic 1,OPC-NPC-like,AC-gliosis-hypoxia
at10_2,"('OPC-NPC-like 1', 'Hypoxic 1')",0.4727272727272727,OPC-NPC-like 1,Hypoxic 1,OPC-NPC-like 1 > Hypoxic 1,OPC-NPC-like,AC-gliosis-hypoxia
at13_0,"('OPC-NPC-like 1', 'Hypoxic 1')",0.8192307692307692,OPC-NPC-like 1,Hypoxic 1,OPC-NPC-like 1 > Hypoxic 1,OPC-NPC-like,AC-gliosis-hypoxia
at15_4,"('OPC-NPC-like 1', 'Hypoxic 1')",0.4332129963898917,OPC-NPC-like 1,Hypoxic 1,OPC-NPC-like 1 > Hypoxic 1,OPC-NPC-like,AC-gliosis-hypoxia
at6_4,"('OPC-NPC-like 1', 'Hypoxic 1')",0.0033333333333333,OPC-NPC-like 1,Hypoxic 1,OPC-NPC-like 1 > Hypoxic 1,OPC-NPC-like,AC-gliosis-hypoxia
at5_2,"('OPC-NPC-like 1', 'Hypoxic 1')",0.0689655172413793,OPC-NPC-like 1,Hypoxic 1,OPC-NPC-like 1 > Hypoxic 1,OPC-NPC-like,AC-gliosis-hypoxia
at10_1,"('OPC-NPC-like 1', 'Hypoxic 1')",0.8048780487804879,OPC-NPC-like 1,Hypoxic 1,OPC-NPC-like 1 > Hypoxic 1,OPC-NPC-like,AC-gliosis-hypoxia
at6_5,"('OPC-NPC-like 1', 'Hypoxic 1')",0.0097765363128491,OPC-NPC-like 1,Hypoxic 1,OPC-NPC-like 1 > Hypoxic 1,OPC-NPC-like,AC-gliosis-hypoxia
at3_3,"('OPC-NPC-like 1', 'Hypoxic 1')",0.0097508125677139,OPC-NPC-like 1,Hypoxic 1,OPC-NPC-like 1 > Hypoxic 1,OPC-NPC-like,AC-gliosis-hypoxia
at5_9,"('OPC-NPC-like 1', 'Hypoxic 1')",0.4042553191489361,OPC-NPC-like 1,Hypoxic 1,OPC-NPC-like 1 > Hypoxic 1,OPC-NPC-like,AC-gliosis-hypoxia
at4_2,"('OPC-NPC-like 1', 'Hypoxic 1')",0.0097087378640776,OPC-NPC-like 1,Hypoxic 1,OPC-NPC-like 1 > Hypoxic 1,OPC-NPC-like,AC-gliosis-hypoxia
at9_2,"('OPC-NPC-like 1', 'Hypoxic 1')",0.1285714285714285,OPC-NPC-like 1,Hypoxic 1,OPC-NPC-like 1 > Hypoxic 1,OPC-NPC-like,AC-gliosis-hypoxia
at9_4,"('OPC-NPC-like 1', 'Hypoxic 1')",0.0251798561151079,OPC-NPC-like 1,Hypoxic 1,OPC-NPC-like 1 > Hypoxic 1,OPC-NPC-like,AC-gliosis-hypoxia
at9_0,"('OPC-NPC-like 1', 'Hypoxic 1')",0.0683229813664596,OPC-NPC-like 1,Hypoxic 1,OPC-NPC-like 1 > Hypoxic 1,OPC-NPC-like,AC-gliosis-hypoxia
at6_0,"('OPC-NPC-like 1', 'Hypoxic 1')",0.8854166666666666,OPC-NPC-like 1,Hypoxic 1,OPC-NPC-like 1 > Hypoxic 1,OPC-NPC-like,AC-gliosis-hypoxia
at4_1,"('OPC-NPC-like 1', 'Hypoxic 1')",0.8602150537634409,OPC-NPC-like 1,Hypoxic 1,OPC-NPC-like 1 > Hypoxic 1,OPC-NPC-like,AC-gliosis-hypoxia
at5_4,"('OPC-NPC-like 1', 'Hypoxic 1')",0.5454545454545454,OPC-NPC-like 1,Hypoxic 1,OPC-NPC-like 1 > Hypoxic 1,OPC-NPC-like,AC-gliosis-hypoxia
at15_3,"('OPC-NPC-like 1', 'Hypoxic 1')",0.7700534759358288,OPC-NPC-like 1,Hypoxic 1,OPC-NPC-like 1 > Hypoxic 1,OPC-NPC-like,AC-gliosis-hypoxia
at15_0,"('OPC-NPC-like 1', 'Hypoxic 1')",0.4036697247706422,OPC-NPC-like 1,Hypoxic 1,OPC-NPC-like 1 > Hypoxic 1,OPC-NPC-like,AC-gliosis-hypoxia
at15_2,"('OPC-NPC-like 1', 'Hypoxic 1')",0.4262295081967213,OPC-NPC-like 1,Hypoxic 1,OPC-NPC-like 1 > Hypoxic 1,OPC-NPC-like,AC-gliosis-hypoxia
at15_6,"('OPC-NPC-like 1', 'Hypoxic 1')",0.4395604395604395,OPC-NPC-like 1,Hypoxic 1,OPC-NPC-like 1 > Hypoxic 1,OPC-NPC-like,AC-gliosis-hypoxia
at4_0,"('OPC-NPC-like 1', 'Hypoxic 1')",0.9878234398782344,OPC-NPC-like 1,Hypoxic 1,OPC-NPC-like 1 > Hypoxic 1,OPC-NPC-like,AC-gliosis-hypoxia
at10_0,"('OPC-NPC-like 1', 'Hypoxic 1')",0.5945945945945946,OPC-NPC-like 1,Hypoxic 1,OPC-NPC-like 1 > Hypoxic 1,OPC-NPC-like,AC-gliosis-hypoxia
at7_0,"('OPC-NPC-like 1', 'Hypoxic 1')",0.9943342776203966,OPC-NPC-like 1,Hypoxic 1,OPC-NPC-like 1 > Hypoxic 1,OPC-NPC-like,AC-gliosis-hypoxia
at10_2,"('OPC-NPC-like 1', 'Hypoxic 1')",0.4727272727272727,OPC-NPC-like 1,Hypoxic 1,OPC-NPC-like 1 > Hypoxic 1,OPC-NPC-like,AC-gliosis-hypoxia
at13_0,"('OPC-NPC-like 1', 'Hypoxic 1')",0.8192307692307692,OPC-NPC-like 1,Hypoxic 1,OPC-NPC-like 1 > Hypoxic 1,OPC-NPC-like,AC-gliosis-hypoxia
at15_4,"('OPC-NPC-like 1', 'Hypoxic 1')",0.4332129963898917,OPC-NPC-like 1,Hypoxic 1,OPC-NPC-like 1 > Hypoxic 1,OPC-NPC-like,AC-gliosis-hypoxia
at6_4,"('OPC-NPC-like 1', 'Hypoxic 1')",0.0033333333333333,OPC-NPC-like 1,Hypoxic 1,OPC-NPC-like 1 > Hypoxic 1,OPC-NPC-like,AC-gliosis-hypoxia
at5_2,"('OPC-NPC-like 1', 'Hypoxic 1')",0.0689655172413793,OPC-NPC-like 1,Hypoxic 1,OPC-NPC-like 1 > Hypoxic 1,OPC-NPC-like,AC-gliosis-hypoxia
at10_1,"('OPC-NPC-like 1', 'Hypoxic 1')",0.8048780487804879,OPC-NPC-like 1,Hypoxic 1,OPC-NPC-like 1 > Hypoxic 1,OPC-NPC-like,AC-gliosis-hypoxia
at6_5,"('OPC-NPC-like 1', 'Hypoxic 1')",0.0097765363128491,OPC-NPC-like 1,Hypoxic 1,OPC-NPC-like 1 > Hypoxic 1,OPC-NPC-like,AC-gliosis-hypoxia
at3_3,"('OPC-NPC-like 1', 'Hypoxic 1')",0.0097508125677139,OPC-NPC-like 1,Hypoxic 1,OPC-NPC-like 1 > Hypoxic 1,OPC-NPC-like,AC-gliosis-hypoxia
at5_9,"('OPC-NPC-like 1', 'Hypoxic 1')",0.4042553191489361,OPC-NPC-like 1,Hypoxic 1,OPC-NPC-like 1 > Hypoxic 1,OPC-NPC-like,AC-gliosis-hypoxia
at4_2,"('OPC-NPC-like 1', 'Hypoxic 1')",0.0097087378640776,OPC-NPC-like 1,Hypoxic 1,OPC-NPC-like 1 > Hypoxic 1,OPC-NPC-like,AC-gliosis-hypoxia
at9_2,"('OPC-NPC-like 1', 'Hypoxic 1')",0.1285714285714285,OPC-NPC-like 1,Hypoxic 1,OPC-NPC-like 1 > Hypoxic 1,OPC-NPC-like,AC-gliosis-hypoxia
at9_4,"('OPC-NPC-like 1', 'Hypoxic 1')",0.0251798561151079,OPC-NPC-like 1,Hypoxic 1,OPC-NPC-like 1 > Hypoxic 1,OPC-NPC-like,AC-gliosis-hypoxia
at9_0,"('OPC-NPC-like 1', 'Hypoxic 1')",0.0683229813664596,OPC-NPC-like 1,Hypoxic 1,OPC-NPC-like 1 > Hypoxic 1,OPC-NPC-like,AC-gliosis-hypoxia
at6_0,"('OPC-NPC-like 1', 'Hypoxic 1')",0.8854166666666666,OPC-NPC-like 1,Hypoxic 1,OPC-NPC-like 1 > Hypoxic 1,OPC-NPC-like,AC-gliosis-hypoxia
at4_1,"('OPC-NPC-like 1', 'Hypoxic 1')",0.8602150537634409,OPC-NPC-like 1,Hypoxic 1,OPC-NPC-like 1 > Hypoxic 1,OPC-NPC-like,AC-gliosis-hypoxia
at5_4,"('OPC-NPC-like 1', 'Hypoxic 1')",0.5454545454545454,OPC-NPC-like 1,Hypoxic 1,OPC-NPC-like 1 > Hypoxic 1,OPC-NPC-like,AC-gliosis-hypoxia
at15_3,"('OPC-NPC-like 1', 'Hypoxic 1')",0.7700534759358288,OPC-NPC-like 1,Hypoxic 1,OPC-NPC-like 1 > Hypoxic 1,OPC-NPC-like,AC-gliosis-hypoxia
at15_0,"('OPC-NPC-like 1', 'Hypoxic 1')",0.4036697247706422,OPC-NPC-like 1,Hypoxic 1,OPC-NPC-like 1 > Hypoxic 1,OPC-NPC-like,AC-gliosis-hypoxia
at15_2,"('OPC-NPC-like 1', 'Hypoxic 1')",0.4262295081967213,OPC-NPC-like 1,Hypoxic 1,OPC-NPC-like 1 > Hypoxic 1,OPC-NPC-like,AC-gliosis-hypoxia
at15_6,"('OPC-NPC-like 1', 'Hypoxic 1')",0.4395604395604395,OPC-NPC-like 1,Hypoxic 1,OPC-NPC-like 1 > Hypoxic 1,OPC-NPC-like,AC-gliosis-hypoxia
at4_0,"('OPC-NPC-like 1', 'Hypoxic 1')",0.9878234398782344,OPC-NPC-like 1,Hypoxic 1,OPC-NPC-like 1 > Hypoxic 1,OPC-NPC-like,AC-gliosis-hypoxia
at10_0,"('OPC-NPC-like 1', 'Hypoxic 1')",0.5945945945945946,OPC-NPC-like 1,Hypoxic 1,OPC-NPC-like 1 > Hypoxic 1,OPC-NPC-like,AC-gliosis-hypoxia
at7_0,"('OPC-NPC-like 1', 'Hypoxic 1')",0.9943342776203966,OPC-NPC-like 1,Hypoxic 1,OPC-NPC-like 1 > Hypoxic 1,OPC-NPC-like,AC-gliosis-hypoxia
at10_2,"('OPC-NPC-like 1', 'Hypoxic 1')",0.4727272727272727,OPC-NPC-like 1,Hypoxic 1,OPC-NPC-like 1 > Hypoxic 1,OPC-NPC-like,AC-gliosis-hypoxia
at13_0,"('OPC-NPC-like 1', 'Hypoxic 1')",0.8192307692307692,OPC-NPC-like 1,Hypoxic 1,OPC-NPC-like 1 > Hypoxic 1,OPC-NPC-like,AC-gliosis-hypoxia
at15_4,"('OPC-NPC-like 1', 'Hypoxic 1')",0.4332129963898917,OPC-NPC-like 1,Hypoxic 1,OPC-NPC-like 1 > Hypoxic 1,OPC-NPC-like,AC-gliosis-hypoxia
at6_4,"('OPC-NPC-like 1', 'Hypoxic 1')",0.0033333333333333,OPC-NPC-like 1,Hypoxic 1,OPC-NPC-like 1 > Hypoxic 1,OPC-NPC-like,AC-gliosis-hypoxia
at5_2,"('OPC-NPC-like 1', 'Hypoxic 1')",0.0689655172413793,OPC-NPC-like 1,Hypoxic 1,OPC-NPC-like 1 > Hypoxic 1,OPC-NPC-like,AC-gliosis-hypoxia
at10_1,"('OPC-NPC-like 1', 'Hypoxic 1')",0.8048780487804879,OPC-NPC-like 1,Hypoxic 1,OPC-NPC-like 1 > Hypoxic 1,OPC-NPC-like,AC-gliosis-hypoxia
at6_5,"('OPC-NPC-like 1', 'Hypoxic 1')",0.0097765363128491,OPC-NPC-like 1,Hypoxic 1,OPC-NPC-like 1 > Hypoxic 1,OPC-NPC-like,AC-gliosis-hypoxia
at3_3,"('OPC-NPC-like 1', 'Hypoxic 1')",0.0097508125677139,OPC-NPC-like 1,Hypoxic 1,OPC-NPC-like 1 > Hypoxic 1,OPC-NPC-like,AC-gliosis-hypoxia
at5_9,"('OPC-NPC-like 1', 'Hypoxic 1')",0.4042553191489361,OPC-NPC-like 1,Hypoxic 1,OPC-NPC-like 1 > Hypoxic 1,OPC-NPC-like,AC-gliosis-hypoxia
at4_2,"('OPC-NPC-like 1', 'Hypoxic 1')",0.0097087378640776,OPC-NPC-like 1,Hypoxic 1,OPC-NPC-like 1 > Hypoxic 1,OPC-NPC-like,AC-gliosis-hypoxia
at9_2,"('OPC-NPC-like 1', 'Hypoxic 1')",0.1285714285714285,OPC-NPC-like 1,Hypoxic 1,OPC-NPC-like 1 > Hypoxic 1,OPC-NPC-like,AC-gliosis-hypoxia
at9_4,"('OPC-NPC-like 1', 'Hypoxic 1')",0.0251798561151079,OPC-NPC-like 1,Hypoxic 1,OPC-NPC-like 1 > Hypoxic 1,OPC-NPC-like,AC-gliosis-hypoxia
at9_0,"('OPC-NPC-like 1', 'Hypoxic 1')",0.0683229813664596,OPC-NPC-like 1,Hypoxic 1,OPC-NPC-like 1 > Hypoxic 1,OPC-NPC-like,AC-gliosis-hypoxia
at6_0,"('OPC-NPC-like 1', 'Hypoxic 1')",0.8854166666666666,OPC-NPC-like 1,Hypoxic 1,OPC-NPC-like 1 > Hypoxic 1,OPC-NPC-like,AC-gliosis-hypoxia
at4_1,"('OPC-NPC-like 1', 'Hypoxic 1')",0.8602150537634409,OPC-NPC-like 1,Hypoxic 1,OPC-NPC-like 1 > Hypoxic 1,OPC-NPC-like,AC-gliosis-hypoxia
at5_4,"('OPC-NPC-like 1', 'Hypoxic 1')",0.5454545454545454,OPC-NPC-like 1,Hypoxic 1,OPC-NPC-like 1 > Hypoxic 1,OPC-NPC-like,AC-gliosis-hypoxia
at15_3,"('OPC-NPC-like 1', 'Hypoxic 1')",0.7700534759358288,OPC-NPC-like 1,Hypoxic 1,OPC-NPC-like 1 > Hypoxic 1,OPC-NPC-like,AC-gliosis-hypoxia
at15_0,"('OPC-NPC-like 1', 'Hypoxic 1')",0.4036697247706422,OPC-NPC-like 1,Hypoxic 1,OPC-NPC-like 1 > Hypoxic 1,OPC-NPC-like,AC-gliosis-hypoxia
at15_2,"('OPC-NPC-like 1', 'Hypoxic 1')",0.4262295081967213,OPC-NPC-like 1,Hypoxic 1,OPC-NPC-like 1 > Hypoxic 1,OPC-NPC-like,AC-gliosis-hypoxia
at15_6,"('OPC-NPC-like 1', 'Hypoxic 1')",0.4395604395604395,OPC-NPC-like 1,Hypoxic 1,OPC-NPC-like 1 > Hypoxic 1,OPC-NPC-like,AC-gliosis-hypoxia
at4_0,"('OPC-NPC-like 1', 'Hypoxic 1')",0.9878234398782344,OPC-NPC-like 1,Hypoxic 1,OPC-NPC-like 1 > Hypoxic 1,OPC-NPC-like,AC-gliosis-hypoxia
at10_0,"('OPC-NPC-like 1', 'Hypoxic 1')",0.5945945945945946,OPC-NPC-like 1,Hypoxic 1,OPC-NPC-like 1 > Hypoxic 1,OPC-NPC-like,AC-gliosis-hypoxia
at7_0,"('OPC-NPC-like 1', 'Hypoxic 1')",0.9943342776203966,OPC-NPC-like 1,Hypoxic 1,OPC-NPC-like 1 > Hypoxic 1,OPC-NPC-like,AC-gliosis-hypoxia
at10_2,"('OPC-NPC-like 1', 'Hypoxic 1')",0.4727272727272727,OPC-NPC-like 1,Hypoxic 1,OPC-NPC-like 1 > Hypoxic 1,OPC-NPC-like,AC-gliosis-hypoxia
at13_0,"('OPC-NPC-like 1', 'Hypoxic 1')",0.8192307692307692,OPC-NPC-like 1,Hypoxic 1,OPC-NPC-like 1 > Hypoxic 1,OPC-NPC-like,AC-gliosis-hypoxia
at15_4,"('OPC-NPC-like 1', 'Hypoxic 1')",0.4332129963898917,OPC-NPC-like 1,Hypoxic 1,OPC-NPC-like 1 > Hypoxic 1,OPC-NPC-like,AC-gliosis-hypoxia
at6_4,"('OPC-NPC-like 1', 'Hypoxic 1')",0.0033333333333333,OPC-NPC-like 1,Hypoxic 1,OPC-NPC-like 1 > Hypoxic 1,OPC-NPC-like,AC-gliosis-hypoxia
at5_2,"('OPC-NPC-like 1', 'Hypoxic 1')",0.0689655172413793,OPC-NPC-like 1,Hypoxic 1,OPC-NPC-like 1 > Hypoxic 1,OPC-NPC-like,AC-gliosis-hypoxia
at10_1,"('OPC-NPC-like 1', 'Hypoxic 1')",0.8048780487804879,OPC-NPC-like 1,Hypoxic 1,OPC-NPC-like 1 > Hypoxic 1,OPC-NPC-like,AC-gliosis-hypoxia
at6_5,"('OPC-NPC-like 1', 'Hypoxic 1')",0.0097765363128491,OPC-NPC-like 1,Hypoxic 1,OPC-NPC-like 1 > Hypoxic 1,OPC-NPC-like,AC-gliosis-hypoxia
at3_3,"('OPC-NPC-like 1', 'Hypoxic 1')",0.0097508125677139,OPC-NPC-like 1,Hypoxic 1,OPC-NPC-like 1 > Hypoxic 1,OPC-NPC-like,AC-gliosis-hypoxia
at5_9,"('OPC-NPC-like 1', 'Hypoxic 1')",0.4042553191489361,OPC-NPC-like 1,Hypoxic 1,OPC-NPC-like 1 > Hypoxic 1,OPC-NPC-like,AC-gliosis-hypoxia
at4_2,"('OPC-NPC-like 1', 'Hypoxic 1')",0.0097087378640776,OPC-NPC-like 1,Hypoxic 1,OPC-NPC-like 1 > Hypoxic 1,OPC-NPC-like,AC-gliosis-hypoxia
at9_2,"('OPC-NPC-like 1', 'Hypoxic 1')",0.1285714285714285,OPC-NPC-like 1,Hypoxic 1,OPC-NPC-like 1 > Hypoxic 1,OPC-NPC-like,AC-gliosis-hypoxia
at9_4,"('OPC-NPC-like 1', 'Hypoxic 1')",0.0251798561151079,OPC-NPC-like 1,Hypoxic 1,OPC-NPC-like 1 > Hypoxic 1,OPC-NPC-like,AC-gliosis-hypoxia
at9_0,"('OPC-NPC-like 1', 'Hypoxic 1')",0.0683229813664596,OPC-NPC-like 1,Hypoxic 1,OPC-NPC-like 1 > Hypoxic 1,OPC-NPC-like,AC-gliosis-hypoxia
at6_0,"('OPC-like 2', 'Hypoxic 1')",0.8854166666666666,OPC-like 2,Hypoxic 1,OPC-like 2 > Hypoxic 1,OPC-NPC-like,AC-gliosis-hypoxia
at4_1,"('OPC-like 2', 'Hypoxic 1')",0.8709677419354839,OPC-like 2,Hypoxic 1,OPC-like 2 > Hypoxic 1,OPC-NPC-like,AC-gliosis-hypoxia
at5_4,"('OPC-like 2', 'Hypoxic 1')",0.5,OPC-like 2,Hypoxic 1,OPC-like 2 > Hypoxic 1,OPC-NPC-like,AC-gliosis-hypoxia
at15_3,"('OPC-like 2', 'Hypoxic 1')",0.7647058823529411,OPC-like 2,Hypoxic 1,OPC-like 2 > Hypoxic 1,OPC-NPC-like,AC-gliosis-hypoxia
at15_0,"('OPC-like 2', 'Hypoxic 1')",0.3944954128440367,OPC-like 2,Hypoxic 1,OPC-like 2 > Hypoxic 1,OPC-NPC-like,AC-gliosis-hypoxia
at15_2,"('OPC-like 2', 'Hypoxic 1')",0.2622950819672131,OPC-like 2,Hypoxic 1,OPC-like 2 > Hypoxic 1,OPC-NPC-like,AC-gliosis-hypoxia
at15_6,"('OPC-like 2', 'Hypoxic 1')",0.2527472527472527,OPC-like 2,Hypoxic 1,OPC-like 2 > Hypoxic 1,OPC-NPC-like,AC-gliosis-hypoxia
at4_0,"('OPC-like 2', 'Hypoxic 1')",0.9908675799086758,OPC-like 2,Hypoxic 1,OPC-like 2 > Hypoxic 1,OPC-NPC-like,AC-gliosis-hypoxia
at10_0,"('OPC-like 2', 'Hypoxic 1')",0.5945945945945946,OPC-like 2,Hypoxic 1,OPC-like 2 > Hypoxic 1,OPC-NPC-like,AC-gliosis-hypoxia
at7_0,"('OPC-like 2', 'Hypoxic 1')",0.9943342776203966,OPC-like 2,Hypoxic 1,OPC-like 2 > Hypoxic 1,OPC-NPC-like,AC-gliosis-hypoxia
at10_2,"('OPC-like 2', 'Hypoxic 1')",0.4545454545454545,OPC-like 2,Hypoxic 1,OPC-like 2 > Hypoxic 1,OPC-NPC-like,AC-gliosis-hypoxia
at13_0,"('OPC-like 2', 'Hypoxic 1')",0.8192307692307692,OPC-like 2,Hypoxic 1,OPC-like 2 > Hypoxic 1,OPC-NPC-like,AC-gliosis-hypoxia
at15_4,"('OPC-like 2', 'Hypoxic 1')",0.3411552346570397,OPC-like 2,Hypoxic 1,OPC-like 2 > Hypoxic 1,OPC-NPC-like,AC-gliosis-hypoxia
at6_4,"('OPC-like 2', 'Hypoxic 1')",0.0044444444444444,OPC-like 2,Hypoxic 1,OPC-like 2 > Hypoxic 1,OPC-NPC-like,AC-gliosis-hypoxia
at5_2,"('OPC-like 2', 'Hypoxic 1')",0.0862068965517241,OPC-like 2,Hypoxic 1,OPC-like 2 > Hypoxic 1,OPC-NPC-like,AC-gliosis-hypoxia
at10_1,"('OPC-like 2', 'Hypoxic 1')",0.8048780487804879,OPC-like 2,Hypoxic 1,OPC-like 2 > Hypoxic 1,OPC-NPC-like,AC-gliosis-hypoxia
at6_5,"('OPC-like 2', 'Hypoxic 1')",0.0109404096834264,OPC-like 2,Hypoxic 1,OPC-like 2 > Hypoxic 1,OPC-NPC-like,AC-gliosis-hypoxia
at3_3,"('OPC-like 2', 'Hypoxic 1')",0.0162513542795232,OPC-like 2,Hypoxic 1,OPC-like 2 > Hypoxic 1,OPC-NPC-like,AC-gliosis-hypoxia
at5_9,"('OPC-like 2', 'Hypoxic 1')",0.7659574468085106,OPC-like 2,Hypoxic 1,OPC-like 2 > Hypoxic 1,OPC-NPC-like,AC-gliosis-hypoxia
at4_2,"('OPC-like 2', 'Hypoxic 1')",0.029126213592233,OPC-like 2,Hypoxic 1,OPC-like 2 > Hypoxic 1,OPC-NPC-like,AC-gliosis-hypoxia
at9_2,"('OPC-like 2', 'Hypoxic 1')",0.0857142857142857,OPC-like 2,Hypoxic 1,OPC-like 2 > Hypoxic 1,OPC-NPC-like,AC-gliosis-hypoxia
at9_4,"('OPC-like 2', 'Hypoxic 1')",0.0323741007194244,OPC-like 2,Hypoxic 1,OPC-like 2 > Hypoxic 1,OPC-NPC-like,AC-gliosis-hypoxia
at9_0,"('OPC-like 2', 'Hypoxic 1')",0.0683229813664596,OPC-like 2,Hypoxic 1,OPC-like 2 > Hypoxic 1,OPC-NPC-like,AC-gliosis-hypoxia
at6_0,"('OPC-like 2', 'Hypoxic 1')",0.8854166666666666,OPC-like 2,Hypoxic 1,OPC-like 2 > Hypoxic 1,OPC-NPC-like,AC-gliosis-hypoxia
at4_1,"('OPC-like 2', 'Hypoxic 1')",0.8709677419354839,OPC-like 2,Hypoxic 1,OPC-like 2 > Hypoxic 1,OPC-NPC-like,AC-gliosis-hypoxia
at5_4,"('OPC-like 2', 'Hypoxic 1')",0.5,OPC-like 2,Hypoxic 1,OPC-like 2 > Hypoxic 1,OPC-NPC-like,AC-gliosis-hypoxia
at15_3,"('OPC-like 2', 'Hypoxic 1')",0.7647058823529411,OPC-like 2,Hypoxic 1,OPC-like 2 > Hypoxic 1,OPC-NPC-like,AC-gliosis-hypoxia
at15_0,"('OPC-like 2', 'Hypoxic 1')",0.3944954128440367,OPC-like 2,Hypoxic 1,OPC-like 2 > Hypoxic 1,OPC-NPC-like,AC-gliosis-hypoxia
at15_2,"('OPC-like 2', 'Hypoxic 1')",0.2622950819672131,OPC-like 2,Hypoxic 1,OPC-like 2 > Hypoxic 1,OPC-NPC-like,AC-gliosis-hypoxia
at15_6,"('OPC-like 2', 'Hypoxic 1')",0.2527472527472527,OPC-like 2,Hypoxic 1,OPC-like 2 > Hypoxic 1,OPC-NPC-like,AC-gliosis-hypoxia
at4_0,"('OPC-like 2', 'Hypoxic 1')",0.9908675799086758,OPC-like 2,Hypoxic 1,OPC-like 2 > Hypoxic 1,OPC-NPC-like,AC-gliosis-hypoxia
at10_0,"('OPC-like 2', 'Hypoxic 1')",0.5945945945945946,OPC-like 2,Hypoxic 1,OPC-like 2 > Hypoxic 1,OPC-NPC-like,AC-gliosis-hypoxia
at7_0,"('OPC-like 2', 'Hypoxic 1')",0.9943342776203966,OPC-like 2,Hypoxic 1,OPC-like 2 > Hypoxic 1,OPC-NPC-like,AC-gliosis-hypoxia
at10_2,"('OPC-like 2', 'Hypoxic 1')",0.4545454545454545,OPC-like 2,Hypoxic 1,OPC-like 2 > Hypoxic 1,OPC-NPC-like,AC-gliosis-hypoxia
at13_0,"('OPC-like 2', 'Hypoxic 1')",0.8192307692307692,OPC-like 2,Hypoxic 1,OPC-like 2 > Hypoxic 1,OPC-NPC-like,AC-gliosis-hypoxia
at15_4,"('OPC-like 2', 'Hypoxic 1')",0.3411552346570397,OPC-like 2,Hypoxic 1,OPC-like 2 > Hypoxic 1,OPC-NPC-like,AC-gliosis-hypoxia
at6_4,"('OPC-like 2', 'Hypoxic 1')",0.0044444444444444,OPC-like 2,Hypoxic 1,OPC-like 2 > Hypoxic 1,OPC-NPC-like,AC-gliosis-hypoxia
at5_2,"('OPC-like 2', 'Hypoxic 1')",0.0862068965517241,OPC-like 2,Hypoxic 1,OPC-like 2 > Hypoxic 1,OPC-NPC-like,AC-gliosis-hypoxia
at10_1,"('OPC-like 2', 'Hypoxic 1')",0.8048780487804879,OPC-like 2,Hypoxic 1,OPC-like 2 > Hypoxic 1,OPC-NPC-like,AC-gliosis-hypoxia
at6_5,"('OPC-like 2', 'Hypoxic 1')",0.0109404096834264,OPC-like 2,Hypoxic 1,OPC-like 2 > Hypoxic 1,OPC-NPC-like,AC-gliosis-hypoxia
at3_3,"('OPC-like 2', 'Hypoxic 1')",0.0162513542795232,OPC-like 2,Hypoxic 1,OPC-like 2 > Hypoxic 1,OPC-NPC-like,AC-gliosis-hypoxia
at5_9,"('OPC-like 2', 'Hypoxic 1')",0.7659574468085106,OPC-like 2,Hypoxic 1,OPC-like 2 > Hypoxic 1,OPC-NPC-like,AC-gliosis-hypoxia
at4_2,"('OPC-like 2', 'Hypoxic 1')",0.029126213592233,OPC-like 2,Hypoxic 1,OPC-like 2 > Hypoxic 1,OPC-NPC-like,AC-gliosis-hypoxia
at9_2,"('OPC-like 2', 'Hypoxic 1')",0.0857142857142857,OPC-like 2,Hypoxic 1,OPC-like 2 > Hypoxic 1,OPC-NPC-like,AC-gliosis-hypoxia
at9_4,"('OPC-like 2', 'Hypoxic 1')",0.0323741007194244,OPC-like 2,Hypoxic 1,OPC-like 2 > Hypoxic 1,OPC-NPC-like,AC-gliosis-hypoxia
at9_0,"('OPC-like 2', 'Hypoxic 1')",0.0683229813664596,OPC-like 2,Hypoxic 1,OPC-like 2 > Hypoxic 1,OPC-NPC-like,AC-gliosis-hypoxia
at6_0,"('OPC-like 2', 'Hypoxic 1')",0.8854166666666666,OPC-like 2,Hypoxic 1,OPC-like 2 > Hypoxic 1,OPC-NPC-like,AC-gliosis-hypoxia
at4_1,"('OPC-like 2', 'Hypoxic 1')",0.8709677419354839,OPC-like 2,Hypoxic 1,OPC-like 2 > Hypoxic 1,OPC-NPC-like,AC-gliosis-hypoxia
at5_4,"('OPC-like 2', 'Hypoxic 1')",0.5,OPC-like 2,Hypoxic 1,OPC-like 2 > Hypoxic 1,OPC-NPC-like,AC-gliosis-hypoxia
at15_3,"('OPC-like 2', 'Hypoxic 1')",0.7647058823529411,OPC-like 2,Hypoxic 1,OPC-like 2 > Hypoxic 1,OPC-NPC-like,AC-gliosis-hypoxia
at15_0,"('OPC-like 2', 'Hypoxic 1')",0.3944954128440367,OPC-like 2,Hypoxic 1,OPC-like 2 > Hypoxic 1,OPC-NPC-like,AC-gliosis-hypoxia
at15_2,"('OPC-like 2', 'Hypoxic 1')",0.2622950819672131,OPC-like 2,Hypoxic 1,OPC-like 2 > Hypoxic 1,OPC-NPC-like,AC-gliosis-hypoxia
at15_6,"('OPC-like 2', 'Hypoxic 1')",0.2527472527472527,OPC-like 2,Hypoxic 1,OPC-like 2 > Hypoxic 1,OPC-NPC-like,AC-gliosis-hypoxia
at4_0,"('OPC-like 2', 'Hypoxic 1')",0.9908675799086758,OPC-like 2,Hypoxic 1,OPC-like 2 > Hypoxic 1,OPC-NPC-like,AC-gliosis-hypoxia
at10_0,"('OPC-like 2', 'Hypoxic 1')",0.5945945945945946,OPC-like 2,Hypoxic 1,OPC-like 2 > Hypoxic 1,OPC-NPC-like,AC-gliosis-hypoxia
at7_0,"('OPC-like 2', 'Hypoxic 1')",0.9943342776203966,OPC-like 2,Hypoxic 1,OPC-like 2 > Hypoxic 1,OPC-NPC-like,AC-gliosis-hypoxia
at10_2,"('OPC-like 2', 'Hypoxic 1')",0.4545454545454545,OPC-like 2,Hypoxic 1,OPC-like 2 > Hypoxic 1,OPC-NPC-like,AC-gliosis-hypoxia
at13_0,"('OPC-like 2', 'Hypoxic 1')",0.8192307692307692,OPC-like 2,Hypoxic 1,OPC-like 2 > Hypoxic 1,OPC-NPC-like,AC-gliosis-hypoxia
at15_4,"('OPC-like 2', 'Hypoxic 1')",0.3411552346570397,OPC-like 2,Hypoxic 1,OPC-like 2 > Hypoxic 1,OPC-NPC-like,AC-gliosis-hypoxia
at6_4,"('OPC-like 2', 'Hypoxic 1')",0.0044444444444444,OPC-like 2,Hypoxic 1,OPC-like 2 > Hypoxic 1,OPC-NPC-like,AC-gliosis-hypoxia
at5_2,"('OPC-like 2', 'Hypoxic 1')",0.0862068965517241,OPC-like 2,Hypoxic 1,OPC-like 2 > Hypoxic 1,OPC-NPC-like,AC-gliosis-hypoxia
at10_1,"('OPC-like 2', 'Hypoxic 1')",0.8048780487804879,OPC-like 2,Hypoxic 1,OPC-like 2 > Hypoxic 1,OPC-NPC-like,AC-gliosis-hypoxia
at6_5,"('OPC-like 2', 'Hypoxic 1')",0.0109404096834264,OPC-like 2,Hypoxic 1,OPC-like 2 > Hypoxic 1,OPC-NPC-like,AC-gliosis-hypoxia
at3_3,"('OPC-like 2', 'Hypoxic 1')",0.0162513542795232,OPC-like 2,Hypoxic 1,OPC-like 2 > Hypoxic 1,OPC-NPC-like,AC-gliosis-hypoxia
at5_9,"('OPC-like 2', 'Hypoxic 1')",0.7659574468085106,OPC-like 2,Hypoxic 1,OPC-like 2 > Hypoxic 1,OPC-NPC-like,AC-gliosis-hypoxia
at4_2,"('OPC-like 2', 'Hypoxic 1')",0.029126213592233,OPC-like 2,Hypoxic 1,OPC-like 2 > Hypoxic 1,OPC-NPC-like,AC-gliosis-hypoxia
at9_2,"('OPC-like 2', 'Hypoxic 1')",0.0857142857142857,OPC-like 2,Hypoxic 1,OPC-like 2 > Hypoxic 1,OPC-NPC-like,AC-gliosis-hypoxia
at9_4,"('OPC-like 2', 'Hypoxic 1')",0.0323741007194244,OPC-like 2,Hypoxic 1,OPC-like 2 > Hypoxic 1,OPC-NPC-like,AC-gliosis-hypoxia
at9_0,"('OPC-like 2', 'Hypoxic 1')",0.0683229813664596,OPC-like 2,Hypoxic 1,OPC-like 2 > Hypoxic 1,OPC-NPC-like,AC-gliosis-hypoxia
at6_0,"('OPC-like 2', 'Hypoxic 1')",0.8854166666666666,OPC-like 2,Hypoxic 1,OPC-like 2 > Hypoxic 1,OPC-NPC-like,AC-gliosis-hypoxia
at4_1,"('OPC-like 2', 'Hypoxic 1')",0.8709677419354839,OPC-like 2,Hypoxic 1,OPC-like 2 > Hypoxic 1,OPC-NPC-like,AC-gliosis-hypoxia
at5_4,"('OPC-like 2', 'Hypoxic 1')",0.5,OPC-like 2,Hypoxic 1,OPC-like 2 > Hypoxic 1,OPC-NPC-like,AC-gliosis-hypoxia
at15_3,"('OPC-like 2', 'Hypoxic 1')",0.7647058823529411,OPC-like 2,Hypoxic 1,OPC-like 2 > Hypoxic 1,OPC-NPC-like,AC-gliosis-hypoxia
at15_0,"('OPC-like 2', 'Hypoxic 1')",0.3944954128440367,OPC-like 2,Hypoxic 1,OPC-like 2 > Hypoxic 1,OPC-NPC-like,AC-gliosis-hypoxia
at15_2,"('OPC-like 2', 'Hypoxic 1')",0.2622950819672131,OPC-like 2,Hypoxic 1,OPC-like 2 > Hypoxic 1,OPC-NPC-like,AC-gliosis-hypoxia
at15_6,"('OPC-like 2', 'Hypoxic 1')",0.2527472527472527,OPC-like 2,Hypoxic 1,OPC-like 2 > Hypoxic 1,OPC-NPC-like,AC-gliosis-hypoxia
at4_0,"('OPC-like 2', 'Hypoxic 1')",0.9908675799086758,OPC-like 2,Hypoxic 1,OPC-like 2 > Hypoxic 1,OPC-NPC-like,AC-gliosis-hypoxia
at10_0,"('OPC-like 2', 'Hypoxic 1')",0.5945945945945946,OPC-like 2,Hypoxic 1,OPC-like 2 > Hypoxic 1,OPC-NPC-like,AC-gliosis-hypoxia
at7_0,"('OPC-like 2', 'Hypoxic 1')",0.9943342776203966,OPC-like 2,Hypoxic 1,OPC-like 2 > Hypoxic 1,OPC-NPC-like,AC-gliosis-hypoxia
at10_2,"('OPC-like 2', 'Hypoxic 1')",0.4545454545454545,OPC-like 2,Hypoxic 1,OPC-like 2 > Hypoxic 1,OPC-NPC-like,AC-gliosis-hypoxia
at13_0,"('OPC-like 2', 'Hypoxic 1')",0.8192307692307692,OPC-like 2,Hypoxic 1,OPC-like 2 > Hypoxic 1,OPC-NPC-like,AC-gliosis-hypoxia
at15_4,"('OPC-like 2', 'Hypoxic 1')",0.3411552346570397,OPC-like 2,Hypoxic 1,OPC-like 2 > Hypoxic 1,OPC-NPC-like,AC-gliosis-hypoxia
at6_4,"('OPC-like 2', 'Hypoxic 1')",0.0044444444444444,OPC-like 2,Hypoxic 1,OPC-like 2 > Hypoxic 1,OPC-NPC-like,AC-gliosis-hypoxia
at5_2,"('OPC-like 2', 'Hypoxic 1')",0.0862068965517241,OPC-like 2,Hypoxic 1,OPC-like 2 > Hypoxic 1,OPC-NPC-like,AC-gliosis-hypoxia
at10_1,"('OPC-like 2', 'Hypoxic 1')",0.8048780487804879,OPC-like 2,Hypoxic 1,OPC-like 2 > Hypoxic 1,OPC-NPC-like,AC-gliosis-hypoxia
at6_5,"('OPC-like 2', 'Hypoxic 1')",0.0109404096834264,OPC-like 2,Hypoxic 1,OPC-like 2 > Hypoxic 1,OPC-NPC-like,AC-gliosis-hypoxia
at3_3,"('OPC-like 2', 'Hypoxic 1')",0.0162513542795232,OPC-like 2,Hypoxic 1,OPC-like 2 > Hypoxic 1,OPC-NPC-like,AC-gliosis-hypoxia
at5_9,"('OPC-like 2', 'Hypoxic 1')",0.7659574468085106,OPC-like 2,Hypoxic 1,OPC-like 2 > Hypoxic 1,OPC-NPC-like,AC-gliosis-hypoxia
at4_2,"('OPC-like 2', 'Hypoxic 1')",0.029126213592233,OPC-like 2,Hypoxic 1,OPC-like 2 > Hypoxic 1,OPC-NPC-like,AC-gliosis-hypoxia
at9_2,"('OPC-like 2', 'Hypoxic 1')",0.0857142857142857,OPC-like 2,Hypoxic 1,OPC-like 2 > Hypoxic 1,OPC-NPC-like,AC-gliosis-hypoxia
at9_4,"('OPC-like 2', 'Hypoxic 1')",0.0323741007194244,OPC-like 2,Hypoxic 1,OPC-like 2 > Hypoxic 1,OPC-NPC-like,AC-gliosis-hypoxia
at9_0,"('OPC-like 2', 'Hypoxic 1')",0.0683229813664596,OPC-like 2,Hypoxic 1,OPC-like 2 > Hypoxic 1,OPC-NPC-like,AC-gliosis-hypoxia
at6_0,"('OPC-like 2', 'Hypoxic 1')",0.8854166666666666,OPC-like 2,Hypoxic 1,OPC-like 2 > Hypoxic 1,OPC-NPC-like,AC-gliosis-hypoxia
at4_1,"('OPC-like 2', 'Hypoxic 1')",0.8709677419354839,OPC-like 2,Hypoxic 1,OPC-like 2 > Hypoxic 1,OPC-NPC-like,AC-gliosis-hypoxia
at5_4,"('OPC-like 2', 'Hypoxic 1')",0.5,OPC-like 2,Hypoxic 1,OPC-like 2 > Hypoxic 1,OPC-NPC-like,AC-gliosis-hypoxia
at15_3,"('OPC-like 2', 'Hypoxic 1')",0.7647058823529411,OPC-like 2,Hypoxic 1,OPC-like 2 > Hypoxic 1,OPC-NPC-like,AC-gliosis-hypoxia
at15_0,"('OPC-like 2', 'Hypoxic 1')",0.3944954128440367,OPC-like 2,Hypoxic 1,OPC-like 2 > Hypoxic 1,OPC-NPC-like,AC-gliosis-hypoxia
at15_2,"('OPC-like 2', 'Hypoxic 1')",0.2622950819672131,OPC-like 2,Hypoxic 1,OPC-like 2 > Hypoxic 1,OPC-NPC-like,AC-gliosis-hypoxia
at15_6,"('OPC-like 2', 'Hypoxic 1')",0.2527472527472527,OPC-like 2,Hypoxic 1,OPC-like 2 > Hypoxic 1,OPC-NPC-like,AC-gliosis-hypoxia
at4_0,"('OPC-like 2', 'Hypoxic 1')",0.9908675799086758,OPC-like 2,Hypoxic 1,OPC-like 2 > Hypoxic 1,OPC-NPC-like,AC-gliosis-hypoxia
at10_0,"('OPC-like 2', 'Hypoxic 1')",0.5945945945945946,OPC-like 2,Hypoxic 1,OPC-like 2 > Hypoxic 1,OPC-NPC-like,AC-gliosis-hypoxia
at7_0,"('OPC-like 2', 'Hypoxic 1')",0.9943342776203966,OPC-like 2,Hypoxic 1,OPC-like 2 > Hypoxic 1,OPC-NPC-like,AC-gliosis-hypoxia
at10_2,"('OPC-like 2', 'Hypoxic 1')",0.4545454545454545,OPC-like 2,Hypoxic 1,OPC-like 2 > Hypoxic 1,OPC-NPC-like,AC-gliosis-hypoxia
at13_0,"('OPC-like 2', 'Hypoxic 1')",0.8192307692307692,OPC-like 2,Hypoxic 1,OPC-like 2 > Hypoxic 1,OPC-NPC-like,AC-gliosis-hypoxia
at15_4,"('OPC-like 2', 'Hypoxic 1')",0.3411552346570397,OPC-like 2,Hypoxic 1,OPC-like 2 > Hypoxic 1,OPC-NPC-like,AC-gliosis-hypoxia
at6_4,"('OPC-like 2', 'Hypoxic 1')",0.0044444444444444,OPC-like 2,Hypoxic 1,OPC-like 2 > Hypoxic 1,OPC-NPC-like,AC-gliosis-hypoxia
at5_2,"('OPC-like 2', 'Hypoxic 1')",0.0862068965517241,OPC-like 2,Hypoxic 1,OPC-like 2 > Hypoxic 1,OPC-NPC-like,AC-gliosis-hypoxia
at10_1,"('OPC-like 2', 'Hypoxic 1')",0.8048780487804879,OPC-like 2,Hypoxic 1,OPC-like 2 > Hypoxic 1,OPC-NPC-like,AC-gliosis-hypoxia
at6_5,"('OPC-like 2', 'Hypoxic 1')",0.0109404096834264,OPC-like 2,Hypoxic 1,OPC-like 2 > Hypoxic 1,OPC-NPC-like,AC-gliosis-hypoxia
at3_3,"('OPC-like 2', 'Hypoxic 1')",0.0162513542795232,OPC-like 2,Hypoxic 1,OPC-like 2 > Hypoxic 1,OPC-NPC-like,AC-gliosis-hypoxia
at5_9,"('OPC-like 2', 'Hypoxic 1')",0.7659574468085106,OPC-like 2,Hypoxic 1,OPC-like 2 > Hypoxic 1,OPC-NPC-like,AC-gliosis-hypoxia
at4_2,"('OPC-like 2', 'Hypoxic 1')",0.029126213592233,OPC-like 2,Hypoxic 1,OPC-like 2 > Hypoxic 1,OPC-NPC-like,AC-gliosis-hypoxia
at9_2,"('OPC-like 2', 'Hypoxic 1')",0.0857142857142857,OPC-like 2,Hypoxic 1,OPC-like 2 > Hypoxic 1,OPC-NPC-like,AC-gliosis-hypoxia
at9_4,"('OPC-like 2', 'Hypoxic 1')",0.0323741007194244,OPC-like 2,Hypoxic 1,OPC-like 2 > Hypoxic 1,OPC-NPC-like,AC-gliosis-hypoxia
at9_0,"('OPC-like 2', 'Hypoxic 1')",0.0683229813664596,OPC-like 2,Hypoxic 1,OPC-like 2 > Hypoxic 1,OPC-NPC-like,AC-gliosis-hypoxia
at6_0,"('OPC-like 2', 'Hypoxic 1')",0.8854166666666666,OPC-like 2,Hypoxic 1,OPC-like 2 > Hypoxic 1,OPC-NPC-like,AC-gliosis-hypoxia
at4_1,"('OPC-like 2', 'Hypoxic 1')",0.8709677419354839,OPC-like 2,Hypoxic 1,OPC-like 2 > Hypoxic 1,OPC-NPC-like,AC-gliosis-hypoxia
at5_4,"('OPC-like 2', 'Hypoxic 1')",0.5,OPC-like 2,Hypoxic 1,OPC-like 2 > Hypoxic 1,OPC-NPC-like,AC-gliosis-hypoxia
at15_3,"('OPC-like 2', 'Hypoxic 1')",0.7647058823529411,OPC-like 2,Hypoxic 1,OPC-like 2 > Hypoxic 1,OPC-NPC-like,AC-gliosis-hypoxia
at15_0,"('OPC-like 2', 'Hypoxic 1')",0.3944954128440367,OPC-like 2,Hypoxic 1,OPC-like 2 > Hypoxic 1,OPC-NPC-like,AC-gliosis-hypoxia
at15_2,"('OPC-like 2', 'Hypoxic 1')",0.2622950819672131,OPC-like 2,Hypoxic 1,OPC-like 2 > Hypoxic 1,OPC-NPC-like,AC-gliosis-hypoxia
at15_6,"('OPC-like 2', 'Hypoxic 1')",0.2527472527472527,OPC-like 2,Hypoxic 1,OPC-like 2 > Hypoxic 1,OPC-NPC-like,AC-gliosis-hypoxia
at4_0,"('OPC-like 2', 'Hypoxic 1')",0.9908675799086758,OPC-like 2,Hypoxic 1,OPC-like 2 > Hypoxic 1,OPC-NPC-like,AC-gliosis-hypoxia
at10_0,"('OPC-like 2', 'Hypoxic 1')",0.5945945945945946,OPC-like 2,Hypoxic 1,OPC-like 2 > Hypoxic 1,OPC-NPC-like,AC-gliosis-hypoxia
at7_0,"('OPC-like 2', 'Hypoxic 1')",0.9943342776203966,OPC-like 2,Hypoxic 1,OPC-like 2 > Hypoxic 1,OPC-NPC-like,AC-gliosis-hypoxia
at10_2,"('OPC-like 2', 'Hypoxic 1')",0.4545454545454545,OPC-like 2,Hypoxic 1,OPC-like 2 > Hypoxic 1,OPC-NPC-like,AC-gliosis-hypoxia
at13_0,"('OPC-like 2', 'Hypoxic 1')",0.8192307692307692,OPC-like 2,Hypoxic 1,OPC-like 2 > Hypoxic 1,OPC-NPC-like,AC-gliosis-hypoxia
at15_4,"('OPC-like 2', 'Hypoxic 1')",0.3411552346570397,OPC-like 2,Hypoxic 1,OPC-like 2 > Hypoxic 1,OPC-NPC-like,AC-gliosis-hypoxia
at6_4,"('OPC-like 2', 'Hypoxic 1')",0.0044444444444444,OPC-like 2,Hypoxic 1,OPC-like 2 > Hypoxic 1,OPC-NPC-like,AC-gliosis-hypoxia
at5_2,"('OPC-like 2', 'Hypoxic 1')",0.0862068965517241,OPC-like 2,Hypoxic 1,OPC-like 2 > Hypoxic 1,OPC-NPC-like,AC-gliosis-hypoxia
at10_1,"('OPC-like 2', 'Hypoxic 1')",0.8048780487804879,OPC-like 2,Hypoxic 1,OPC-like 2 > Hypoxic 1,OPC-NPC-like,AC-gliosis-hypoxia
at6_5,"('OPC-like 2', 'Hypoxic 1')",0.0109404096834264,OPC-like 2,Hypoxic 1,OPC-like 2 > Hypoxic 1,OPC-NPC-like,AC-gliosis-hypoxia
at3_3,"('OPC-like 2', 'Hypoxic 1')",0.0162513542795232,OPC-like 2,Hypoxic 1,OPC-like 2 > Hypoxic 1,OPC-NPC-like,AC-gliosis-hypoxia
at5_9,"('OPC-like 2', 'Hypoxic 1')",0.7659574468085106,OPC-like 2,Hypoxic 1,OPC-like 2 > Hypoxic 1,OPC-NPC-like,AC-gliosis-hypoxia
at4_2,"('OPC-like 2', 'Hypoxic 1')",0.029126213592233,OPC-like 2,Hypoxic 1,OPC-like 2 > Hypoxic 1,OPC-NPC-like,AC-gliosis-hypoxia
at9_2,"('OPC-like 2', 'Hypoxic 1')",0.0857142857142857,OPC-like 2,Hypoxic 1,OPC-like 2 > Hypoxic 1,OPC-NPC-like,AC-gliosis-hypoxia
at9_4,"('OPC-like 2', 'Hypoxic 1')",0.0323741007194244,OPC-like 2,Hypoxic 1,OPC-like 2 > Hypoxic 1,OPC-NPC-like,AC-gliosis-hypoxia
at9_0,"('OPC-like 2', 'Hypoxic 1')",0.0683229813664596,OPC-like 2,Hypoxic 1,OPC-like 2 > Hypoxic 1,OPC-NPC-like,AC-gliosis-hypoxia
at6_0,"('OPC-like 2', 'Hypoxic 1')",0.8854166666666666,OPC-like 2,Hypoxic 1,OPC-like 2 > Hypoxic 1,OPC-NPC-like,AC-gliosis-hypoxia
at4_1,"('OPC-like 2', 'Hypoxic 1')",0.8709677419354839,OPC-like 2,Hypoxic 1,OPC-like 2 > Hypoxic 1,OPC-NPC-like,AC-gliosis-hypoxia
at5_4,"('OPC-like 2', 'Hypoxic 1')",0.5,OPC-like 2,Hypoxic 1,OPC-like 2 > Hypoxic 1,OPC-NPC-like,AC-gliosis-hypoxia
at15_3,"('OPC-like 2', 'Hypoxic 1')",0.7647058823529411,OPC-like 2,Hypoxic 1,OPC-like 2 > Hypoxic 1,OPC-NPC-like,AC-gliosis-hypoxia
at15_0,"('OPC-like 2', 'Hypoxic 1')",0.3944954128440367,OPC-like 2,Hypoxic 1,OPC-like 2 > Hypoxic 1,OPC-NPC-like,AC-gliosis-hypoxia
at15_2,"('OPC-like 2', 'Hypoxic 1')",0.2622950819672131,OPC-like 2,Hypoxic 1,OPC-like 2 > Hypoxic 1,OPC-NPC-like,AC-gliosis-hypoxia
at15_6,"('OPC-like 2', 'Hypoxic 1')",0.2527472527472527,OPC-like 2,Hypoxic 1,OPC-like 2 > Hypoxic 1,OPC-NPC-like,AC-gliosis-hypoxia
at4_0,"('OPC-like 2', 'Hypoxic 1')",0.9908675799086758,OPC-like 2,Hypoxic 1,OPC-like 2 > Hypoxic 1,OPC-NPC-like,AC-gliosis-hypoxia
at10_0,"('OPC-like 2', 'Hypoxic 1')",0.5945945945945946,OPC-like 2,Hypoxic 1,OPC-like 2 > Hypoxic 1,OPC-NPC-like,AC-gliosis-hypoxia
at7_0,"('OPC-like 2', 'Hypoxic 1')",0.9943342776203966,OPC-like 2,Hypoxic 1,OPC-like 2 > Hypoxic 1,OPC-NPC-like,AC-gliosis-hypoxia
at10_2,"('OPC-like 2', 'Hypoxic 1')",0.4545454545454545,OPC-like 2,Hypoxic 1,OPC-like 2 > Hypoxic 1,OPC-NPC-like,AC-gliosis-hypoxia
at13_0,"('OPC-like 2', 'Hypoxic 1')",0.8192307692307692,OPC-like 2,Hypoxic 1,OPC-like 2 > Hypoxic 1,OPC-NPC-like,AC-gliosis-hypoxia
at15_4,"('OPC-like 2', 'Hypoxic 1')",0.3411552346570397,OPC-like 2,Hypoxic 1,OPC-like 2 > Hypoxic 1,OPC-NPC-like,AC-gliosis-hypoxia
at6_4,"('OPC-like 2', 'Hypoxic 1')",0.0044444444444444,OPC-like 2,Hypoxic 1,OPC-like 2 > Hypoxic 1,OPC-NPC-like,AC-gliosis-hypoxia
at5_2,"('OPC-like 2', 'Hypoxic 1')",0.0862068965517241,OPC-like 2,Hypoxic 1,OPC-like 2 > Hypoxic 1,OPC-NPC-like,AC-gliosis-hypoxia
at10_1,"('OPC-like 2', 'Hypoxic 1')",0.8048780487804879,OPC-like 2,Hypoxic 1,OPC-like 2 > Hypoxic 1,OPC-NPC-like,AC-gliosis-hypoxia
at6_5,"('OPC-like 2', 'Hypoxic 1')",0.0109404096834264,OPC-like 2,Hypoxic 1,OPC-like 2 > Hypoxic 1,OPC-NPC-like,AC-gliosis-hypoxia
at3_3,"('OPC-like 2', 'Hypoxic 1')",0.0162513542795232,OPC-like 2,Hypoxic 1,OPC-like 2 > Hypoxic 1,OPC-NPC-like,AC-gliosis-hypoxia
at5_9,"('OPC-like 2', 'Hypoxic 1')",0.7659574468085106,OPC-like 2,Hypoxic 1,OPC-like 2 > Hypoxic 1,OPC-NPC-like,AC-gliosis-hypoxia
at4_2,"('OPC-like 2', 'Hypoxic 1')",0.029126213592233,OPC-like 2,Hypoxic 1,OPC-like 2 > Hypoxic 1,OPC-NPC-like,AC-gliosis-hypoxia
at9_2,"('OPC-like 2', 'Hypoxic 1')",0.0857142857142857,OPC-like 2,Hypoxic 1,OPC-like 2 > Hypoxic 1,OPC-NPC-like,AC-gliosis-hypoxia
at9_4,"('OPC-like 2', 'Hypoxic 1')",0.0323741007194244,OPC-like 2,Hypoxic 1,OPC-like 2 > Hypoxic 1,OPC-NPC-like,AC-gliosis-hypoxia
at9_0,"('OPC-like 2', 'Hypoxic 1')",0.0683229813664596,OPC-like 2,Hypoxic 1,OPC-like 2 > Hypoxic 1,OPC-NPC-like,AC-gliosis-hypoxia
at6_0,"('OPC-like 2', 'Hypoxic 1')",0.8854166666666666,OPC-like 2,Hypoxic 1,OPC-like 2 > Hypoxic 1,OPC-NPC-like,AC-gliosis-hypoxia
at4_1,"('OPC-like 2', 'Hypoxic 1')",0.8709677419354839,OPC-like 2,Hypoxic 1,OPC-like 2 > Hypoxic 1,OPC-NPC-like,AC-gliosis-hypoxia
at5_4,"('OPC-like 2', 'Hypoxic 1')",0.5,OPC-like 2,Hypoxic 1,OPC-like 2 > Hypoxic 1,OPC-NPC-like,AC-gliosis-hypoxia
at15_3,"('OPC-like 2', 'Hypoxic 1')",0.7647058823529411,OPC-like 2,Hypoxic 1,OPC-like 2 > Hypoxic 1,OPC-NPC-like,AC-gliosis-hypoxia
at15_0,"('OPC-like 2', 'Hypoxic 1')",0.3944954128440367,OPC-like 2,Hypoxic 1,OPC-like 2 > Hypoxic 1,OPC-NPC-like,AC-gliosis-hypoxia
at15_2,"('OPC-like 2', 'Hypoxic 1')",0.2622950819672131,OPC-like 2,Hypoxic 1,OPC-like 2 > Hypoxic 1,OPC-NPC-like,AC-gliosis-hypoxia
at15_6,"('OPC-like 2', 'Hypoxic 1')",0.2527472527472527,OPC-like 2,Hypoxic 1,OPC-like 2 > Hypoxic 1,OPC-NPC-like,AC-gliosis-hypoxia
at4_0,"('OPC-like 2', 'Hypoxic 1')",0.9908675799086758,OPC-like 2,Hypoxic 1,OPC-like 2 > Hypoxic 1,OPC-NPC-like,AC-gliosis-hypoxia
at10_0,"('OPC-like 2', 'Hypoxic 1')",0.5945945945945946,OPC-like 2,Hypoxic 1,OPC-like 2 > Hypoxic 1,OPC-NPC-like,AC-gliosis-hypoxia
at7_0,"('OPC-like 2', 'Hypoxic 1')",0.9943342776203966,OPC-like 2,Hypoxic 1,OPC-like 2 > Hypoxic 1,OPC-NPC-like,AC-gliosis-hypoxia
at10_2,"('OPC-like 2', 'Hypoxic 1')",0.4545454545454545,OPC-like 2,Hypoxic 1,OPC-like 2 > Hypoxic 1,OPC-NPC-like,AC-gliosis-hypoxia
at13_0,"('OPC-like 2', 'Hypoxic 1')",0.8192307692307692,OPC-like 2,Hypoxic 1,OPC-like 2 > Hypoxic 1,OPC-NPC-like,AC-gliosis-hypoxia
at15_4,"('OPC-like 2', 'Hypoxic 1')",0.3411552346570397,OPC-like 2,Hypoxic 1,OPC-like 2 > Hypoxic 1,OPC-NPC-like,AC-gliosis-hypoxia
at6_4,"('OPC-like 2', 'Hypoxic 1')",0.0044444444444444,OPC-like 2,Hypoxic 1,OPC-like 2 > Hypoxic 1,OPC-NPC-like,AC-gliosis-hypoxia
at5_2,"('OPC-like 2', 'Hypoxic 1')",0.0862068965517241,OPC-like 2,Hypoxic 1,OPC-like 2 > Hypoxic 1,OPC-NPC-like,AC-gliosis-hypoxia
at10_1,"('OPC-like 2', 'Hypoxic 1')",0.8048780487804879,OPC-like 2,Hypoxic 1,OPC-like 2 > Hypoxic 1,OPC-NPC-like,AC-gliosis-hypoxia
at6_5,"('OPC-like 2', 'Hypoxic 1')",0.0109404096834264,OPC-like 2,Hypoxic 1,OPC-like 2 > Hypoxic 1,OPC-NPC-like,AC-gliosis-hypoxia
at3_3,"('OPC-like 2', 'Hypoxic 1')",0.0162513542795232,OPC-like 2,Hypoxic 1,OPC-like 2 > Hypoxic 1,OPC-NPC-like,AC-gliosis-hypoxia
at5_9,"('OPC-like 2', 'Hypoxic 1')",0.7659574468085106,OPC-like 2,Hypoxic 1,OPC-like 2 > Hypoxic 1,OPC-NPC-like,AC-gliosis-hypoxia
at4_2,"('OPC-like 2', 'Hypoxic 1')",0.029126213592233,OPC-like 2,Hypoxic 1,OPC-like 2 > Hypoxic 1,OPC-NPC-like,AC-gliosis-hypoxia
at9_2,"('OPC-like 2', 'Hypoxic 1')",0.0857142857142857,OPC-like 2,Hypoxic 1,OPC-like 2 > Hypoxic 1,OPC-NPC-like,AC-gliosis-hypoxia
at9_4,"('OPC-like 2', 'Hypoxic 1')",0.0323741007194244,OPC-like 2,Hypoxic 1,OPC-like 2 > Hypoxic 1,OPC-NPC-like,AC-gliosis-hypoxia
at9_0,"('OPC-like 2', 'Hypoxic 1')",0.0683229813664596,OPC-like 2,Hypoxic 1,OPC-like 2 > Hypoxic 1,OPC-NPC-like,AC-gliosis-hypoxia
at6_0,"('OPC-like 2', 'Hypoxic 1')",0.8854166666666666,OPC-like 2,Hypoxic 1,OPC-like 2 > Hypoxic 1,OPC-NPC-like,AC-gliosis-hypoxia
at4_1,"('OPC-like 2', 'Hypoxic 1')",0.8709677419354839,OPC-like 2,Hypoxic 1,OPC-like 2 > Hypoxic 1,OPC-NPC-like,AC-gliosis-hypoxia
at5_4,"('OPC-like 2', 'Hypoxic 1')",0.5,OPC-like 2,Hypoxic 1,OPC-like 2 > Hypoxic 1,OPC-NPC-like,AC-gliosis-hypoxia
at15_3,"('OPC-like 2', 'Hypoxic 1')",0.7647058823529411,OPC-like 2,Hypoxic 1,OPC-like 2 > Hypoxic 1,OPC-NPC-like,AC-gliosis-hypoxia
at15_0,"('OPC-like 2', 'Hypoxic 1')",0.3944954128440367,OPC-like 2,Hypoxic 1,OPC-like 2 > Hypoxic 1,OPC-NPC-like,AC-gliosis-hypoxia
at15_2,"('OPC-like 2', 'Hypoxic 1')",0.2622950819672131,OPC-like 2,Hypoxic 1,OPC-like 2 > Hypoxic 1,OPC-NPC-like,AC-gliosis-hypoxia
at15_6,"('OPC-like 2', 'Hypoxic 1')",0.2527472527472527,OPC-like 2,Hypoxic 1,OPC-like 2 > Hypoxic 1,OPC-NPC-like,AC-gliosis-hypoxia
at4_0,"('OPC-like 2', 'Hypoxic 1')",0.9908675799086758,OPC-like 2,Hypoxic 1,OPC-like 2 > Hypoxic 1,OPC-NPC-like,AC-gliosis-hypoxia
at10_0,"('OPC-like 2', 'Hypoxic 1')",0.5945945945945946,OPC-like 2,Hypoxic 1,OPC-like 2 > Hypoxic 1,OPC-NPC-like,AC-gliosis-hypoxia
at7_0,"('OPC-like 2', 'Hypoxic 1')",0.9943342776203966,OPC-like 2,Hypoxic 1,OPC-like 2 > Hypoxic 1,OPC-NPC-like,AC-gliosis-hypoxia
at10_2,"('OPC-like 2', 'Hypoxic 1')",0.4545454545454545,OPC-like 2,Hypoxic 1,OPC-like 2 > Hypoxic 1,OPC-NPC-like,AC-gliosis-hypoxia
at13_0,"('OPC-like 2', 'Hypoxic 1')",0.8192307692307692,OPC-like 2,Hypoxic 1,OPC-like 2 > Hypoxic 1,OPC-NPC-like,AC-gliosis-hypoxia
at15_4,"('OPC-like 2', 'Hypoxic 1')",0.3411552346570397,OPC-like 2,Hypoxic 1,OPC-like 2 > Hypoxic 1,OPC-NPC-like,AC-gliosis-hypoxia
at6_4,"('OPC-like 2', 'Hypoxic 1')",0.0044444444444444,OPC-like 2,Hypoxic 1,OPC-like 2 > Hypoxic 1,OPC-NPC-like,AC-gliosis-hypoxia
at5_2,"('OPC-like 2', 'Hypoxic 1')",0.0862068965517241,OPC-like 2,Hypoxic 1,OPC-like 2 > Hypoxic 1,OPC-NPC-like,AC-gliosis-hypoxia
at10_1,"('OPC-like 2', 'Hypoxic 1')",0.8048780487804879,OPC-like 2,Hypoxic 1,OPC-like 2 > Hypoxic 1,OPC-NPC-like,AC-gliosis-hypoxia
at6_5,"('OPC-like 2', 'Hypoxic 1')",0.0109404096834264,OPC-like 2,Hypoxic 1,OPC-like 2 > Hypoxic 1,OPC-NPC-like,AC-gliosis-hypoxia
at3_3,"('OPC-like 2', 'Hypoxic 1')",0.0162513542795232,OPC-like 2,Hypoxic 1,OPC-like 2 > Hypoxic 1,OPC-NPC-like,AC-gliosis-hypoxia
at5_9,"('OPC-like 2', 'Hypoxic 1')",0.7659574468085106,OPC-like 2,Hypoxic 1,OPC-like 2 > Hypoxic 1,OPC-NPC-like,AC-gliosis-hypoxia
at4_2,"('OPC-like 2', 'Hypoxic 1')",0.029126213592233,OPC-like 2,Hypoxic 1,OPC-like 2 > Hypoxic 1,OPC-NPC-like,AC-gliosis-hypoxia
at9_2,"('OPC-like 2', 'Hypoxic 1')",0.0857142857142857,OPC-like 2,Hypoxic 1,OPC-like 2 > Hypoxic 1,OPC-NPC-like,AC-gliosis-hypoxia
at9_4,"('OPC-like 2', 'Hypoxic 1')",0.0323741007194244,OPC-like 2,Hypoxic 1,OPC-like 2 > Hypoxic 1,OPC-NPC-like,AC-gliosis-hypoxia
at9_0,"('OPC-like 2', 'Hypoxic 1')",0.0683229813664596,OPC-like 2,Hypoxic 1,OPC-like 2 > Hypoxic 1,OPC-NPC-like,AC-gliosis-hypoxia
at6_0,"('OPC-like 2', 'Hypoxic 1')",0.8854166666666666,OPC-like 2,Hypoxic 1,OPC-like 2 > Hypoxic 1,OPC-NPC-like,AC-gliosis-hypoxia
at4_1,"('OPC-like 2', 'Hypoxic 1')",0.8709677419354839,OPC-like 2,Hypoxic 1,OPC-like 2 > Hypoxic 1,OPC-NPC-like,AC-gliosis-hypoxia
at5_4,"('OPC-like 2', 'Hypoxic 1')",0.5,OPC-like 2,Hypoxic 1,OPC-like 2 > Hypoxic 1,OPC-NPC-like,AC-gliosis-hypoxia
at15_3,"('OPC-like 2', 'Hypoxic 1')",0.7647058823529411,OPC-like 2,Hypoxic 1,OPC-like 2 > Hypoxic 1,OPC-NPC-like,AC-gliosis-hypoxia
at15_0,"('OPC-like 2', 'Hypoxic 1')",0.3944954128440367,OPC-like 2,Hypoxic 1,OPC-like 2 > Hypoxic 1,OPC-NPC-like,AC-gliosis-hypoxia
at15_2,"('OPC-like 2', 'Hypoxic 1')",0.2622950819672131,OPC-like 2,Hypoxic 1,OPC-like 2 > Hypoxic 1,OPC-NPC-like,AC-gliosis-hypoxia
at15_6,"('OPC-like 2', 'Hypoxic 1')",0.2527472527472527,OPC-like 2,Hypoxic 1,OPC-like 2 > Hypoxic 1,OPC-NPC-like,AC-gliosis-hypoxia
at4_0,"('OPC-like 2', 'Hypoxic 1')",0.9908675799086758,OPC-like 2,Hypoxic 1,OPC-like 2 > Hypoxic 1,OPC-NPC-like,AC-gliosis-hypoxia
at10_0,"('OPC-like 2', 'Hypoxic 1')",0.5945945945945946,OPC-like 2,Hypoxic 1,OPC-like 2 > Hypoxic 1,OPC-NPC-like,AC-gliosis-hypoxia
at7_0,"('OPC-like 2', 'Hypoxic 1')",0.9943342776203966,OPC-like 2,Hypoxic 1,OPC-like 2 > Hypoxic 1,OPC-NPC-like,AC-gliosis-hypoxia
at10_2,"('OPC-like 2', 'Hypoxic 1')",0.4545454545454545,OPC-like 2,Hypoxic 1,OPC-like 2 > Hypoxic 1,OPC-NPC-like,AC-gliosis-hypoxia
at13_0,"('OPC-like 2', 'Hypoxic 1')",0.8192307692307692,OPC-like 2,Hypoxic 1,OPC-like 2 > Hypoxic 1,OPC-NPC-like,AC-gliosis-hypoxia
at15_4,"('OPC-like 2', 'Hypoxic 1')",0.3411552346570397,OPC-like 2,Hypoxic 1,OPC-like 2 > Hypoxic 1,OPC-NPC-like,AC-gliosis-hypoxia
at6_4,"('OPC-like 2', 'Hypoxic 1')",0.0044444444444444,OPC-like 2,Hypoxic 1,OPC-like 2 > Hypoxic 1,OPC-NPC-like,AC-gliosis-hypoxia
at5_2,"('OPC-like 2', 'Hypoxic 1')",0.0862068965517241,OPC-like 2,Hypoxic 1,OPC-like 2 > Hypoxic 1,OPC-NPC-like,AC-gliosis-hypoxia
at10_1,"('OPC-like 2', 'Hypoxic 1')",0.8048780487804879,OPC-like 2,Hypoxic 1,OPC-like 2 > Hypoxic 1,OPC-NPC-like,AC-gliosis-hypoxia
at6_5,"('OPC-like 2', 'Hypoxic 1')",0.0109404096834264,OPC-like 2,Hypoxic 1,OPC-like 2 > Hypoxic 1,OPC-NPC-like,AC-gliosis-hypoxia
at3_3,"('OPC-like 2', 'Hypoxic 1')",0.0162513542795232,OPC-like 2,Hypoxic 1,OPC-like 2 > Hypoxic 1,OPC-NPC-like,AC-gliosis-hypoxia
at5_9,"('OPC-like 2', 'Hypoxic 1')",0.7659574468085106,OPC-like 2,Hypoxic 1,OPC-like 2 > Hypoxic 1,OPC-NPC-like,AC-gliosis-hypoxia
at4_2,"('OPC-like 2', 'Hypoxic 1')",0.029126213592233,OPC-like 2,Hypoxic 1,OPC-like 2 > Hypoxic 1,OPC-NPC-like,AC-gliosis-hypoxia
at9_2,"('OPC-like 2', 'Hypoxic 1')",0.0857142857142857,OPC-like 2,Hypoxic 1,OPC-like 2 > Hypoxic 1,OPC-NPC-like,AC-gliosis-hypoxia
at9_4,"('OPC-like 2', 'Hypoxic 1')",0.0323741007194244,OPC-like 2,Hypoxic 1,OPC-like 2 > Hypoxic 1,OPC-NPC-like,AC-gliosis-hypoxia
at9_0,"('OPC-like 2', 'Hypoxic 1')",0.0683229813664596,OPC-like 2,Hypoxic 1,OPC-like 2 > Hypoxic 1,OPC-NPC-like,AC-gliosis-hypoxia
at6_0,"('Hypoxic 2', 'Gliosis-like')",0.1428571428571428,Hypoxic 2,Gliosis-like,Hypoxic 2 > Gliosis-like,AC-gliosis-hypoxia,AC-gliosis-hypoxia
at4_1,"('Hypoxic 2', 'Gliosis-like')",0.8032786885245902,Hypoxic 2,Gliosis-like,Hypoxic 2 > Gliosis-like,AC-gliosis-hypoxia,AC-gliosis-hypoxia
at5_4,"('Hypoxic 2', 'Gliosis-like')",0.4285714285714285,Hypoxic 2,Gliosis-like,Hypoxic 2 > Gliosis-like,AC-gliosis-hypoxia,AC-gliosis-hypoxia
at15_3,"('Hypoxic 2', 'Gliosis-like')",0.4634146341463415,Hypoxic 2,Gliosis-like,Hypoxic 2 > Gliosis-like,AC-gliosis-hypoxia,AC-gliosis-hypoxia
at15_0,"('Hypoxic 2', 'Gliosis-like')",0.68,Hypoxic 2,Gliosis-like,Hypoxic 2 > Gliosis-like,AC-gliosis-hypoxia,AC-gliosis-hypoxia
at15_2,"('Hypoxic 2', 'Gliosis-like')",0.3269230769230769,Hypoxic 2,Gliosis-like,Hypoxic 2 > Gliosis-like,AC-gliosis-hypoxia,AC-gliosis-hypoxia
at15_6,"('Hypoxic 2', 'Gliosis-like')",0.5681818181818182,Hypoxic 2,Gliosis-like,Hypoxic 2 > Gliosis-like,AC-gliosis-hypoxia,AC-gliosis-hypoxia
at4_0,"('Hypoxic 2', 'Gliosis-like')",0.4651162790697674,Hypoxic 2,Gliosis-like,Hypoxic 2 > Gliosis-like,AC-gliosis-hypoxia,AC-gliosis-hypoxia
at10_0,"('Hypoxic 2', 'Gliosis-like')",0.0909090909090909,Hypoxic 2,Gliosis-like,Hypoxic 2 > Gliosis-like,AC-gliosis-hypoxia,AC-gliosis-hypoxia
at7_0,"('Hypoxic 2', 'Gliosis-like')",0.0161579892280071,Hypoxic 2,Gliosis-like,Hypoxic 2 > Gliosis-like,AC-gliosis-hypoxia,AC-gliosis-hypoxia
at10_2,"('Hypoxic 2', 'Gliosis-like')",0.0082644628099173,Hypoxic 2,Gliosis-like,Hypoxic 2 > Gliosis-like,AC-gliosis-hypoxia,AC-gliosis-hypoxia
at13_0,"('Hypoxic 2', 'Gliosis-like')",0.4,Hypoxic 2,Gliosis-like,Hypoxic 2 > Gliosis-like,AC-gliosis-hypoxia,AC-gliosis-hypoxia
at15_4,"('Hypoxic 2', 'Gliosis-like')",0.5569620253164557,Hypoxic 2,Gliosis-like,Hypoxic 2 > Gliosis-like,AC-gliosis-hypoxia,AC-gliosis-hypoxia
at10_1,"('Hypoxic 2', 'Gliosis-like')",0.1166666666666666,Hypoxic 2,Gliosis-like,Hypoxic 2 > Gliosis-like,AC-gliosis-hypoxia,AC-gliosis-hypoxia
at6_5,"('Hypoxic 2', 'Gliosis-like')",0.0108695652173913,Hypoxic 2,Gliosis-like,Hypoxic 2 > Gliosis-like,AC-gliosis-hypoxia,AC-gliosis-hypoxia
at3_3,"('Hypoxic 2', 'Gliosis-like')",0.0446735395189003,Hypoxic 2,Gliosis-like,Hypoxic 2 > Gliosis-like,AC-gliosis-hypoxia,AC-gliosis-hypoxia
at5_9,"('Hypoxic 2', 'Gliosis-like')",0.4705882352941176,Hypoxic 2,Gliosis-like,Hypoxic 2 > Gliosis-like,AC-gliosis-hypoxia,AC-gliosis-hypoxia
at4_2,"('Hypoxic 2', 'Gliosis-like')",0.375,Hypoxic 2,Gliosis-like,Hypoxic 2 > Gliosis-like,AC-gliosis-hypoxia,AC-gliosis-hypoxia
at9_4,"('Hypoxic 2', 'Gliosis-like')",0.2580645161290322,Hypoxic 2,Gliosis-like,Hypoxic 2 > Gliosis-like,AC-gliosis-hypoxia,AC-gliosis-hypoxia
at9_0,"('Hypoxic 2', 'Gliosis-like')",0.7293233082706767,Hypoxic 2,Gliosis-like,Hypoxic 2 > Gliosis-like,AC-gliosis-hypoxia,AC-gliosis-hypoxia
at6_0,"('Hypoxic 2', 'Gliosis-like')",0.1428571428571428,Hypoxic 2,Gliosis-like,Hypoxic 2 > Gliosis-like,AC-gliosis-hypoxia,AC-gliosis-hypoxia
at4_1,"('Hypoxic 2', 'Gliosis-like')",0.8032786885245902,Hypoxic 2,Gliosis-like,Hypoxic 2 > Gliosis-like,AC-gliosis-hypoxia,AC-gliosis-hypoxia
at5_4,"('Hypoxic 2', 'Gliosis-like')",0.4285714285714285,Hypoxic 2,Gliosis-like,Hypoxic 2 > Gliosis-like,AC-gliosis-hypoxia,AC-gliosis-hypoxia
at15_3,"('Hypoxic 2', 'Gliosis-like')",0.4634146341463415,Hypoxic 2,Gliosis-like,Hypoxic 2 > Gliosis-like,AC-gliosis-hypoxia,AC-gliosis-hypoxia
at15_0,"('Hypoxic 2', 'Gliosis-like')",0.68,Hypoxic 2,Gliosis-like,Hypoxic 2 > Gliosis-like,AC-gliosis-hypoxia,AC-gliosis-hypoxia
at15_2,"('Hypoxic 2', 'Gliosis-like')",0.3269230769230769,Hypoxic 2,Gliosis-like,Hypoxic 2 > Gliosis-like,AC-gliosis-hypoxia,AC-gliosis-hypoxia
at15_6,"('Hypoxic 2', 'Gliosis-like')",0.5681818181818182,Hypoxic 2,Gliosis-like,Hypoxic 2 > Gliosis-like,AC-gliosis-hypoxia,AC-gliosis-hypoxia
at4_0,"('Hypoxic 2', 'Gliosis-like')",0.4651162790697674,Hypoxic 2,Gliosis-like,Hypoxic 2 > Gliosis-like,AC-gliosis-hypoxia,AC-gliosis-hypoxia
at10_0,"('Hypoxic 2', 'Gliosis-like')",0.0909090909090909,Hypoxic 2,Gliosis-like,Hypoxic 2 > Gliosis-like,AC-gliosis-hypoxia,AC-gliosis-hypoxia
at7_0,"('Hypoxic 2', 'Gliosis-like')",0.0161579892280071,Hypoxic 2,Gliosis-like,Hypoxic 2 > Gliosis-like,AC-gliosis-hypoxia,AC-gliosis-hypoxia
at10_2,"('Hypoxic 2', 'Gliosis-like')",0.0082644628099173,Hypoxic 2,Gliosis-like,Hypoxic 2 > Gliosis-like,AC-gliosis-hypoxia,AC-gliosis-hypoxia
at13_0,"('Hypoxic 2', 'Gliosis-like')",0.4,Hypoxic 2,Gliosis-like,Hypoxic 2 > Gliosis-like,AC-gliosis-hypoxia,AC-gliosis-hypoxia
at15_4,"('Hypoxic 2', 'Gliosis-like')",0.5569620253164557,Hypoxic 2,Gliosis-like,Hypoxic 2 > Gliosis-like,AC-gliosis-hypoxia,AC-gliosis-hypoxia
at10_1,"('Hypoxic 2', 'Gliosis-like')",0.1166666666666666,Hypoxic 2,Gliosis-like,Hypoxic 2 > Gliosis-like,AC-gliosis-hypoxia,AC-gliosis-hypoxia
at6_5,"('Hypoxic 2', 'Gliosis-like')",0.0108695652173913,Hypoxic 2,Gliosis-like,Hypoxic 2 > Gliosis-like,AC-gliosis-hypoxia,AC-gliosis-hypoxia
at3_3,"('Hypoxic 2', 'Gliosis-like')",0.0446735395189003,Hypoxic 2,Gliosis-like,Hypoxic 2 > Gliosis-like,AC-gliosis-hypoxia,AC-gliosis-hypoxia
at5_9,"('Hypoxic 2', 'Gliosis-like')",0.4705882352941176,Hypoxic 2,Gliosis-like,Hypoxic 2 > Gliosis-like,AC-gliosis-hypoxia,AC-gliosis-hypoxia
at4_2,"('Hypoxic 2', 'Gliosis-like')",0.375,Hypoxic 2,Gliosis-like,Hypoxic 2 > Gliosis-like,AC-gliosis-hypoxia,AC-gliosis-hypoxia
at9_4,"('Hypoxic 2', 'Gliosis-like')",0.2580645161290322,Hypoxic 2,Gliosis-like,Hypoxic 2 > Gliosis-like,AC-gliosis-hypoxia,AC-gliosis-hypoxia
at9_0,"('Hypoxic 2', 'Gliosis-like')",0.7293233082706767,Hypoxic 2,Gliosis-like,Hypoxic 2 > Gliosis-like,AC-gliosis-hypoxia,AC-gliosis-hypoxia
at6_0,"('Hypoxic 2', 'Gliosis-like')",0.1428571428571428,Hypoxic 2,Gliosis-like,Hypoxic 2 > Gliosis-like,AC-gliosis-hypoxia,AC-gliosis-hypoxia
at4_1,"('Hypoxic 2', 'Gliosis-like')",0.8032786885245902,Hypoxic 2,Gliosis-like,Hypoxic 2 > Gliosis-like,AC-gliosis-hypoxia,AC-gliosis-hypoxia
at5_4,"('Hypoxic 2', 'Gliosis-like')",0.4285714285714285,Hypoxic 2,Gliosis-like,Hypoxic 2 > Gliosis-like,AC-gliosis-hypoxia,AC-gliosis-hypoxia
at15_3,"('Hypoxic 2', 'Gliosis-like')",0.4634146341463415,Hypoxic 2,Gliosis-like,Hypoxic 2 > Gliosis-like,AC-gliosis-hypoxia,AC-gliosis-hypoxia
at15_0,"('Hypoxic 2', 'Gliosis-like')",0.68,Hypoxic 2,Gliosis-like,Hypoxic 2 > Gliosis-like,AC-gliosis-hypoxia,AC-gliosis-hypoxia
at15_2,"('Hypoxic 2', 'Gliosis-like')",0.3269230769230769,Hypoxic 2,Gliosis-like,Hypoxic 2 > Gliosis-like,AC-gliosis-hypoxia,AC-gliosis-hypoxia
at15_6,"('Hypoxic 2', 'Gliosis-like')",0.5681818181818182,Hypoxic 2,Gliosis-like,Hypoxic 2 > Gliosis-like,AC-gliosis-hypoxia,AC-gliosis-hypoxia
at4_0,"('Hypoxic 2', 'Gliosis-like')",0.4651162790697674,Hypoxic 2,Gliosis-like,Hypoxic 2 > Gliosis-like,AC-gliosis-hypoxia,AC-gliosis-hypoxia
at10_0,"('Hypoxic 2', 'Gliosis-like')",0.0909090909090909,Hypoxic 2,Gliosis-like,Hypoxic 2 > Gliosis-like,AC-gliosis-hypoxia,AC-gliosis-hypoxia
at7_0,"('Hypoxic 2', 'Gliosis-like')",0.0161579892280071,Hypoxic 2,Gliosis-like,Hypoxic 2 > Gliosis-like,AC-gliosis-hypoxia,AC-gliosis-hypoxia
at10_2,"('Hypoxic 2', 'Gliosis-like')",0.0082644628099173,Hypoxic 2,Gliosis-like,Hypoxic 2 > Gliosis-like,AC-gliosis-hypoxia,AC-gliosis-hypoxia
at13_0,"('Hypoxic 2', 'Gliosis-like')",0.4,Hypoxic 2,Gliosis-like,Hypoxic 2 > Gliosis-like,AC-gliosis-hypoxia,AC-gliosis-hypoxia
at15_4,"('Hypoxic 2', 'Gliosis-like')",0.5569620253164557,Hypoxic 2,Gliosis-like,Hypoxic 2 > Gliosis-like,AC-gliosis-hypoxia,AC-gliosis-hypoxia
at10_1,"('Hypoxic 2', 'Gliosis-like')",0.1166666666666666,Hypoxic 2,Gliosis-like,Hypoxic 2 > Gliosis-like,AC-gliosis-hypoxia,AC-gliosis-hypoxia
at6_5,"('Hypoxic 2', 'Gliosis-like')",0.0108695652173913,Hypoxic 2,Gliosis-like,Hypoxic 2 > Gliosis-like,AC-gliosis-hypoxia,AC-gliosis-hypoxia
at3_3,"('Hypoxic 2', 'Gliosis-like')",0.0446735395189003,Hypoxic 2,Gliosis-like,Hypoxic 2 > Gliosis-like,AC-gliosis-hypoxia,AC-gliosis-hypoxia
at5_9,"('Hypoxic 2', 'Gliosis-like')",0.4705882352941176,Hypoxic 2,Gliosis-like,Hypoxic 2 > Gliosis-like,AC-gliosis-hypoxia,AC-gliosis-hypoxia
at4_2,"('Hypoxic 2', 'Gliosis-like')",0.375,Hypoxic 2,Gliosis-like,Hypoxic 2 > Gliosis-like,AC-gliosis-hypoxia,AC-gliosis-hypoxia
at9_4,"('Hypoxic 2', 'Gliosis-like')",0.2580645161290322,Hypoxic 2,Gliosis-like,Hypoxic 2 > Gliosis-like,AC-gliosis-hypoxia,AC-gliosis-hypoxia
at9_0,"('Hypoxic 2', 'Gliosis-like')",0.7293233082706767,Hypoxic 2,Gliosis-like,Hypoxic 2 > Gliosis-like,AC-gliosis-hypoxia,AC-gliosis-hypoxia
at6_0,"('Hypoxic 2', 'Gliosis-like')",0.1428571428571428,Hypoxic 2,Gliosis-like,Hypoxic 2 > Gliosis-like,AC-gliosis-hypoxia,AC-gliosis-hypoxia
at4_1,"('Hypoxic 2', 'Gliosis-like')",0.8032786885245902,Hypoxic 2,Gliosis-like,Hypoxic 2 > Gliosis-like,AC-gliosis-hypoxia,AC-gliosis-hypoxia
at5_4,"('Hypoxic 2', 'Gliosis-like')",0.4285714285714285,Hypoxic 2,Gliosis-like,Hypoxic 2 > Gliosis-like,AC-gliosis-hypoxia,AC-gliosis-hypoxia
at15_3,"('Hypoxic 2', 'Gliosis-like')",0.4634146341463415,Hypoxic 2,Gliosis-like,Hypoxic 2 > Gliosis-like,AC-gliosis-hypoxia,AC-gliosis-hypoxia
at15_0,"('Hypoxic 2', 'Gliosis-like')",0.68,Hypoxic 2,Gliosis-like,Hypoxic 2 > Gliosis-like,AC-gliosis-hypoxia,AC-gliosis-hypoxia
at15_2,"('Hypoxic 2', 'Gliosis-like')",0.3269230769230769,Hypoxic 2,Gliosis-like,Hypoxic 2 > Gliosis-like,AC-gliosis-hypoxia,AC-gliosis-hypoxia
at15_6,"('Hypoxic 2', 'Gliosis-like')",0.5681818181818182,Hypoxic 2,Gliosis-like,Hypoxic 2 > Gliosis-like,AC-gliosis-hypoxia,AC-gliosis-hypoxia
at4_0,"('Hypoxic 2', 'Gliosis-like')",0.4651162790697674,Hypoxic 2,Gliosis-like,Hypoxic 2 > Gliosis-like,AC-gliosis-hypoxia,AC-gliosis-hypoxia
at10_0,"('Hypoxic 2', 'Gliosis-like')",0.0909090909090909,Hypoxic 2,Gliosis-like,Hypoxic 2 > Gliosis-like,AC-gliosis-hypoxia,AC-gliosis-hypoxia
at7_0,"('Hypoxic 2', 'Gliosis-like')",0.0161579892280071,Hypoxic 2,Gliosis-like,Hypoxic 2 > Gliosis-like,AC-gliosis-hypoxia,AC-gliosis-hypoxia
at10_2,"('Hypoxic 2', 'Gliosis-like')",0.0082644628099173,Hypoxic 2,Gliosis-like,Hypoxic 2 > Gliosis-like,AC-gliosis-hypoxia,AC-gliosis-hypoxia
at13_0,"('Hypoxic 2', 'Gliosis-like')",0.4,Hypoxic 2,Gliosis-like,Hypoxic 2 > Gliosis-like,AC-gliosis-hypoxia,AC-gliosis-hypoxia
at15_4,"('Hypoxic 2', 'Gliosis-like')",0.5569620253164557,Hypoxic 2,Gliosis-like,Hypoxic 2 > Gliosis-like,AC-gliosis-hypoxia,AC-gliosis-hypoxia
at10_1,"('Hypoxic 2', 'Gliosis-like')",0.1166666666666666,Hypoxic 2,Gliosis-like,Hypoxic 2 > Gliosis-like,AC-gliosis-hypoxia,AC-gliosis-hypoxia
at6_5,"('Hypoxic 2', 'Gliosis-like')",0.0108695652173913,Hypoxic 2,Gliosis-like,Hypoxic 2 > Gliosis-like,AC-gliosis-hypoxia,AC-gliosis-hypoxia
at3_3,"('Hypoxic 2', 'Gliosis-like')",0.0446735395189003,Hypoxic 2,Gliosis-like,Hypoxic 2 > Gliosis-like,AC-gliosis-hypoxia,AC-gliosis-hypoxia
at5_9,"('Hypoxic 2', 'Gliosis-like')",0.4705882352941176,Hypoxic 2,Gliosis-like,Hypoxic 2 > Gliosis-like,AC-gliosis-hypoxia,AC-gliosis-hypoxia
at4_2,"('Hypoxic 2', 'Gliosis-like')",0.375,Hypoxic 2,Gliosis-like,Hypoxic 2 > Gliosis-like,AC-gliosis-hypoxia,AC-gliosis-hypoxia
at9_4,"('Hypoxic 2', 'Gliosis-like')",0.2580645161290322,Hypoxic 2,Gliosis-like,Hypoxic 2 > Gliosis-like,AC-gliosis-hypoxia,AC-gliosis-hypoxia
at9_0,"('Hypoxic 2', 'Gliosis-like')",0.7293233082706767,Hypoxic 2,Gliosis-like,Hypoxic 2 > Gliosis-like,AC-gliosis-hypoxia,AC-gliosis-hypoxia
at6_0,"('Hypoxic 2', 'Gliosis-like')",0.1428571428571428,Hypoxic 2,Gliosis-like,Hypoxic 2 > Gliosis-like,AC-gliosis-hypoxia,AC-gliosis-hypoxia
at4_1,"('Hypoxic 2', 'Gliosis-like')",0.8032786885245902,Hypoxic 2,Gliosis-like,Hypoxic 2 > Gliosis-like,AC-gliosis-hypoxia,AC-gliosis-hypoxia
at5_4,"('Hypoxic 2', 'Gliosis-like')",0.4285714285714285,Hypoxic 2,Gliosis-like,Hypoxic 2 > Gliosis-like,AC-gliosis-hypoxia,AC-gliosis-hypoxia
at15_3,"('Hypoxic 2', 'Gliosis-like')",0.4634146341463415,Hypoxic 2,Gliosis-like,Hypoxic 2 > Gliosis-like,AC-gliosis-hypoxia,AC-gliosis-hypoxia
at15_0,"('Hypoxic 2', 'Gliosis-like')",0.68,Hypoxic 2,Gliosis-like,Hypoxic 2 > Gliosis-like,AC-gliosis-hypoxia,AC-gliosis-hypoxia
at15_2,"('Hypoxic 2', 'Gliosis-like')",0.3269230769230769,Hypoxic 2,Gliosis-like,Hypoxic 2 > Gliosis-like,AC-gliosis-hypoxia,AC-gliosis-hypoxia
at15_6,"('Hypoxic 2', 'Gliosis-like')",0.5681818181818182,Hypoxic 2,Gliosis-like,Hypoxic 2 > Gliosis-like,AC-gliosis-hypoxia,AC-gliosis-hypoxia
at4_0,"('Hypoxic 2', 'Gliosis-like')",0.4651162790697674,Hypoxic 2,Gliosis-like,Hypoxic 2 > Gliosis-like,AC-gliosis-hypoxia,AC-gliosis-hypoxia
at10_0,"('Hypoxic 2', 'Gliosis-like')",0.0909090909090909,Hypoxic 2,Gliosis-like,Hypoxic 2 > Gliosis-like,AC-gliosis-hypoxia,AC-gliosis-hypoxia
at7_0,"('Hypoxic 2', 'Gliosis-like')",0.0161579892280071,Hypoxic 2,Gliosis-like,Hypoxic 2 > Gliosis-like,AC-gliosis-hypoxia,AC-gliosis-hypoxia
at10_2,"('Hypoxic 2', 'Gliosis-like')",0.0082644628099173,Hypoxic 2,Gliosis-like,Hypoxic 2 > Gliosis-like,AC-gliosis-hypoxia,AC-gliosis-hypoxia
at13_0,"('Hypoxic 2', 'Gliosis-like')",0.4,Hypoxic 2,Gliosis-like,Hypoxic 2 > Gliosis-like,AC-gliosis-hypoxia,AC-gliosis-hypoxia
at15_4,"('Hypoxic 2', 'Gliosis-like')",0.5569620253164557,Hypoxic 2,Gliosis-like,Hypoxic 2 > Gliosis-like,AC-gliosis-hypoxia,AC-gliosis-hypoxia
at10_1,"('Hypoxic 2', 'Gliosis-like')",0.1166666666666666,Hypoxic 2,Gliosis-like,Hypoxic 2 > Gliosis-like,AC-gliosis-hypoxia,AC-gliosis-hypoxia
at6_5,"('Hypoxic 2', 'Gliosis-like')",0.0108695652173913,Hypoxic 2,Gliosis-like,Hypoxic 2 > Gliosis-like,AC-gliosis-hypoxia,AC-gliosis-hypoxia
at3_3,"('Hypoxic 2', 'Gliosis-like')",0.0446735395189003,Hypoxic 2,Gliosis-like,Hypoxic 2 > Gliosis-like,AC-gliosis-hypoxia,AC-gliosis-hypoxia
at5_9,"('Hypoxic 2', 'Gliosis-like')",0.4705882352941176,Hypoxic 2,Gliosis-like,Hypoxic 2 > Gliosis-like,AC-gliosis-hypoxia,AC-gliosis-hypoxia
at4_2,"('Hypoxic 2', 'Gliosis-like')",0.375,Hypoxic 2,Gliosis-like,Hypoxic 2 > Gliosis-like,AC-gliosis-hypoxia,AC-gliosis-hypoxia
at9_4,"('Hypoxic 2', 'Gliosis-like')",0.2580645161290322,Hypoxic 2,Gliosis-like,Hypoxic 2 > Gliosis-like,AC-gliosis-hypoxia,AC-gliosis-hypoxia
at9_0,"('Hypoxic 2', 'Gliosis-like')",0.7293233082706767,Hypoxic 2,Gliosis-like,Hypoxic 2 > Gliosis-like,AC-gliosis-hypoxia,AC-gliosis-hypoxia
at6_0,"('Hypoxic 2', 'Gliosis-like')",0.1428571428571428,Hypoxic 2,Gliosis-like,Hypoxic 2 > Gliosis-like,AC-gliosis-hypoxia,AC-gliosis-hypoxia
at4_1,"('Hypoxic 2', 'Gliosis-like')",0.8032786885245902,Hypoxic 2,Gliosis-like,Hypoxic 2 > Gliosis-like,AC-gliosis-hypoxia,AC-gliosis-hypoxia
at5_4,"('Hypoxic 2', 'Gliosis-like')",0.4285714285714285,Hypoxic 2,Gliosis-like,Hypoxic 2 > Gliosis-like,AC-gliosis-hypoxia,AC-gliosis-hypoxia
at15_3,"('Hypoxic 2', 'Gliosis-like')",0.4634146341463415,Hypoxic 2,Gliosis-like,Hypoxic 2 > Gliosis-like,AC-gliosis-hypoxia,AC-gliosis-hypoxia
at15_0,"('Hypoxic 2', 'Gliosis-like')",0.68,Hypoxic 2,Gliosis-like,Hypoxic 2 > Gliosis-like,AC-gliosis-hypoxia,AC-gliosis-hypoxia
at15_2,"('Hypoxic 2', 'Gliosis-like')",0.3269230769230769,Hypoxic 2,Gliosis-like,Hypoxic 2 > Gliosis-like,AC-gliosis-hypoxia,AC-gliosis-hypoxia
at15_6,"('Hypoxic 2', 'Gliosis-like')",0.5681818181818182,Hypoxic 2,Gliosis-like,Hypoxic 2 > Gliosis-like,AC-gliosis-hypoxia,AC-gliosis-hypoxia
at4_0,"('Hypoxic 2', 'Gliosis-like')",0.4651162790697674,Hypoxic 2,Gliosis-like,Hypoxic 2 > Gliosis-like,AC-gliosis-hypoxia,AC-gliosis-hypoxia
at10_0,"('Hypoxic 2', 'Gliosis-like')",0.0909090909090909,Hypoxic 2,Gliosis-like,Hypoxic 2 > Gliosis-like,AC-gliosis-hypoxia,AC-gliosis-hypoxia
at7_0,"('Hypoxic 2', 'Gliosis-like')",0.0161579892280071,Hypoxic 2,Gliosis-like,Hypoxic 2 > Gliosis-like,AC-gliosis-hypoxia,AC-gliosis-hypoxia
at10_2,"('Hypoxic 2', 'Gliosis-like')",0.0082644628099173,Hypoxic 2,Gliosis-like,Hypoxic 2 > Gliosis-like,AC-gliosis-hypoxia,AC-gliosis-hypoxia
at13_0,"('Hypoxic 2', 'Gliosis-like')",0.4,Hypoxic 2,Gliosis-like,Hypoxic 2 > Gliosis-like,AC-gliosis-hypoxia,AC-gliosis-hypoxia
at15_4,"('Hypoxic 2', 'Gliosis-like')",0.5569620253164557,Hypoxic 2,Gliosis-like,Hypoxic 2 > Gliosis-like,AC-gliosis-hypoxia,AC-gliosis-hypoxia
at10_1,"('Hypoxic 2', 'Gliosis-like')",0.1166666666666666,Hypoxic 2,Gliosis-like,Hypoxic 2 > Gliosis-like,AC-gliosis-hypoxia,AC-gliosis-hypoxia
at6_5,"('Hypoxic 2', 'Gliosis-like')",0.0108695652173913,Hypoxic 2,Gliosis-like,Hypoxic 2 > Gliosis-like,AC-gliosis-hypoxia,AC-gliosis-hypoxia
at3_3,"('Hypoxic 2', 'Gliosis-like')",0.0446735395189003,Hypoxic 2,Gliosis-like,Hypoxic 2 > Gliosis-like,AC-gliosis-hypoxia,AC-gliosis-hypoxia
at5_9,"('Hypoxic 2', 'Gliosis-like')",0.4705882352941176,Hypoxic 2,Gliosis-like,Hypoxic 2 > Gliosis-like,AC-gliosis-hypoxia,AC-gliosis-hypoxia
at4_2,"('Hypoxic 2', 'Gliosis-like')",0.375,Hypoxic 2,Gliosis-like,Hypoxic 2 > Gliosis-like,AC-gliosis-hypoxia,AC-gliosis-hypoxia
at9_4,"('Hypoxic 2', 'Gliosis-like')",0.2580645161290322,Hypoxic 2,Gliosis-like,Hypoxic 2 > Gliosis-like,AC-gliosis-hypoxia,AC-gliosis-hypoxia
at9_0,"('Hypoxic 2', 'Gliosis-like')",0.7293233082706767,Hypoxic 2,Gliosis-like,Hypoxic 2 > Gliosis-like,AC-gliosis-hypoxia,AC-gliosis-hypoxia
at6_0,"('Hypoxic 2', 'Gliosis-like')",0.1428571428571428,Hypoxic 2,Gliosis-like,Hypoxic 2 > Gliosis-like,AC-gliosis-hypoxia,AC-gliosis-hypoxia
at4_1,"('Hypoxic 2', 'Gliosis-like')",0.8032786885245902,Hypoxic 2,Gliosis-like,Hypoxic 2 > Gliosis-like,AC-gliosis-hypoxia,AC-gliosis-hypoxia
at5_4,"('Hypoxic 2', 'Gliosis-like')",0.4285714285714285,Hypoxic 2,Gliosis-like,Hypoxic 2 > Gliosis-like,AC-gliosis-hypoxia,AC-gliosis-hypoxia
at15_3,"('Hypoxic 2', 'Gliosis-like')",0.4634146341463415,Hypoxic 2,Gliosis-like,Hypoxic 2 > Gliosis-like,AC-gliosis-hypoxia,AC-gliosis-hypoxia
at15_0,"('Hypoxic 2', 'Gliosis-like')",0.68,Hypoxic 2,Gliosis-like,Hypoxic 2 > Gliosis-like,AC-gliosis-hypoxia,AC-gliosis-hypoxia
at15_2,"('Hypoxic 2', 'Gliosis-like')",0.3269230769230769,Hypoxic 2,Gliosis-like,Hypoxic 2 > Gliosis-like,AC-gliosis-hypoxia,AC-gliosis-hypoxia
at15_6,"('Hypoxic 2', 'Gliosis-like')",0.5681818181818182,Hypoxic 2,Gliosis-like,Hypoxic 2 > Gliosis-like,AC-gliosis-hypoxia,AC-gliosis-hypoxia
at4_0,"('Hypoxic 2', 'Gliosis-like')",0.4651162790697674,Hypoxic 2,Gliosis-like,Hypoxic 2 > Gliosis-like,AC-gliosis-hypoxia,AC-gliosis-hypoxia
at10_0,"('Hypoxic 2', 'Gliosis-like')",0.0909090909090909,Hypoxic 2,Gliosis-like,Hypoxic 2 > Gliosis-like,AC-gliosis-hypoxia,AC-gliosis-hypoxia
at7_0,"('Hypoxic 2', 'Gliosis-like')",0.0161579892280071,Hypoxic 2,Gliosis-like,Hypoxic 2 > Gliosis-like,AC-gliosis-hypoxia,AC-gliosis-hypoxia
at10_2,"('Hypoxic 2', 'Gliosis-like')",0.0082644628099173,Hypoxic 2,Gliosis-like,Hypoxic 2 > Gliosis-like,AC-gliosis-hypoxia,AC-gliosis-hypoxia
at13_0,"('Hypoxic 2', 'Gliosis-like')",0.4,Hypoxic 2,Gliosis-like,Hypoxic 2 > Gliosis-like,AC-gliosis-hypoxia,AC-gliosis-hypoxia
at15_4,"('Hypoxic 2', 'Gliosis-like')",0.5569620253164557,Hypoxic 2,Gliosis-like,Hypoxic 2 > Gliosis-like,AC-gliosis-hypoxia,AC-gliosis-hypoxia
at10_1,"('Hypoxic 2', 'Gliosis-like')",0.1166666666666666,Hypoxic 2,Gliosis-like,Hypoxic 2 > Gliosis-like,AC-gliosis-hypoxia,AC-gliosis-hypoxia
at6_5,"('Hypoxic 2', 'Gliosis-like')",0.0108695652173913,Hypoxic 2,Gliosis-like,Hypoxic 2 > Gliosis-like,AC-gliosis-hypoxia,AC-gliosis-hypoxia
at3_3,"('Hypoxic 2', 'Gliosis-like')",0.0446735395189003,Hypoxic 2,Gliosis-like,Hypoxic 2 > Gliosis-like,AC-gliosis-hypoxia,AC-gliosis-hypoxia
at5_9,"('Hypoxic 2', 'Gliosis-like')",0.4705882352941176,Hypoxic 2,Gliosis-like,Hypoxic 2 > Gliosis-like,AC-gliosis-hypoxia,AC-gliosis-hypoxia
at4_2,"('Hypoxic 2', 'Gliosis-like')",0.375,Hypoxic 2,Gliosis-like,Hypoxic 2 > Gliosis-like,AC-gliosis-hypoxia,AC-gliosis-hypoxia
at9_4,"('Hypoxic 2', 'Gliosis-like')",0.2580645161290322,Hypoxic 2,Gliosis-like,Hypoxic 2 > Gliosis-like,AC-gliosis-hypoxia,AC-gliosis-hypoxia
at9_0,"('Hypoxic 2', 'Gliosis-like')",0.7293233082706767,Hypoxic 2,Gliosis-like,Hypoxic 2 > Gliosis-like,AC-gliosis-hypoxia,AC-gliosis-hypoxia
at6_0,"('Hypoxic 2', 'Gliosis-like')",0.1428571428571428,Hypoxic 2,Gliosis-like,Hypoxic 2 > Gliosis-like,AC-gliosis-hypoxia,AC-gliosis-hypoxia
at4_1,"('Hypoxic 2', 'Gliosis-like')",0.8032786885245902,Hypoxic 2,Gliosis-like,Hypoxic 2 > Gliosis-like,AC-gliosis-hypoxia,AC-gliosis-hypoxia
at5_4,"('Hypoxic 2', 'Gliosis-like')",0.4285714285714285,Hypoxic 2,Gliosis-like,Hypoxic 2 > Gliosis-like,AC-gliosis-hypoxia,AC-gliosis-hypoxia
at15_3,"('Hypoxic 2', 'Gliosis-like')",0.4634146341463415,Hypoxic 2,Gliosis-like,Hypoxic 2 > Gliosis-like,AC-gliosis-hypoxia,AC-gliosis-hypoxia
at15_0,"('Hypoxic 2', 'Gliosis-like')",0.68,Hypoxic 2,Gliosis-like,Hypoxic 2 > Gliosis-like,AC-gliosis-hypoxia,AC-gliosis-hypoxia
at15_2,"('Hypoxic 2', 'Gliosis-like')",0.3269230769230769,Hypoxic 2,Gliosis-like,Hypoxic 2 > Gliosis-like,AC-gliosis-hypoxia,AC-gliosis-hypoxia
at15_6,"('Hypoxic 2', 'Gliosis-like')",0.5681818181818182,Hypoxic 2,Gliosis-like,Hypoxic 2 > Gliosis-like,AC-gliosis-hypoxia,AC-gliosis-hypoxia
at4_0,"('Hypoxic 2', 'Gliosis-like')",0.4651162790697674,Hypoxic 2,Gliosis-like,Hypoxic 2 > Gliosis-like,AC-gliosis-hypoxia,AC-gliosis-hypoxia
at10_0,"('Hypoxic 2', 'Gliosis-like')",0.0909090909090909,Hypoxic 2,Gliosis-like,Hypoxic 2 > Gliosis-like,AC-gliosis-hypoxia,AC-gliosis-hypoxia
at7_0,"('Hypoxic 2', 'Gliosis-like')",0.0161579892280071,Hypoxic 2,Gliosis-like,Hypoxic 2 > Gliosis-like,AC-gliosis-hypoxia,AC-gliosis-hypoxia
at10_2,"('Hypoxic 2', 'Gliosis-like')",0.0082644628099173,Hypoxic 2,Gliosis-like,Hypoxic 2 > Gliosis-like,AC-gliosis-hypoxia,AC-gliosis-hypoxia
at13_0,"('Hypoxic 2', 'Gliosis-like')",0.4,Hypoxic 2,Gliosis-like,Hypoxic 2 > Gliosis-like,AC-gliosis-hypoxia,AC-gliosis-hypoxia
at15_4,"('Hypoxic 2', 'Gliosis-like')",0.5569620253164557,Hypoxic 2,Gliosis-like,Hypoxic 2 > Gliosis-like,AC-gliosis-hypoxia,AC-gliosis-hypoxia
at10_1,"('Hypoxic 2', 'Gliosis-like')",0.1166666666666666,Hypoxic 2,Gliosis-like,Hypoxic 2 > Gliosis-like,AC-gliosis-hypoxia,AC-gliosis-hypoxia
at6_5,"('Hypoxic 2', 'Gliosis-like')",0.0108695652173913,Hypoxic 2,Gliosis-like,Hypoxic 2 > Gliosis-like,AC-gliosis-hypoxia,AC-gliosis-hypoxia
at3_3,"('Hypoxic 2', 'Gliosis-like')",0.0446735395189003,Hypoxic 2,Gliosis-like,Hypoxic 2 > Gliosis-like,AC-gliosis-hypoxia,AC-gliosis-hypoxia
at5_9,"('Hypoxic 2', 'Gliosis-like')",0.4705882352941176,Hypoxic 2,Gliosis-like,Hypoxic 2 > Gliosis-like,AC-gliosis-hypoxia,AC-gliosis-hypoxia
at4_2,"('Hypoxic 2', 'Gliosis-like')",0.375,Hypoxic 2,Gliosis-like,Hypoxic 2 > Gliosis-like,AC-gliosis-hypoxia,AC-gliosis-hypoxia
at9_4,"('Hypoxic 2', 'Gliosis-like')",0.2580645161290322,Hypoxic 2,Gliosis-like,Hypoxic 2 > Gliosis-like,AC-gliosis-hypoxia,AC-gliosis-hypoxia
at9_0,"('Hypoxic 2', 'Gliosis-like')",0.7293233082706767,Hypoxic 2,Gliosis-like,Hypoxic 2 > Gliosis-like,AC-gliosis-hypoxia,AC-gliosis-hypoxia
at6_0,"('Hypoxic 2', 'Gliosis-like')",0.1428571428571428,Hypoxic 2,Gliosis-like,Hypoxic 2 > Gliosis-like,AC-gliosis-hypoxia,AC-gliosis-hypoxia
at4_1,"('Hypoxic 2', 'Gliosis-like')",0.8032786885245902,Hypoxic 2,Gliosis-like,Hypoxic 2 > Gliosis-like,AC-gliosis-hypoxia,AC-gliosis-hypoxia
at5_4,"('Hypoxic 2', 'Gliosis-like')",0.4285714285714285,Hypoxic 2,Gliosis-like,Hypoxic 2 > Gliosis-like,AC-gliosis-hypoxia,AC-gliosis-hypoxia
at15_3,"('Hypoxic 2', 'Gliosis-like')",0.4634146341463415,Hypoxic 2,Gliosis-like,Hypoxic 2 > Gliosis-like,AC-gliosis-hypoxia,AC-gliosis-hypoxia
at15_0,"('Hypoxic 2', 'Gliosis-like')",0.68,Hypoxic 2,Gliosis-like,Hypoxic 2 > Gliosis-like,AC-gliosis-hypoxia,AC-gliosis-hypoxia
at15_2,"('Hypoxic 2', 'Gliosis-like')",0.3269230769230769,Hypoxic 2,Gliosis-like,Hypoxic 2 > Gliosis-like,AC-gliosis-hypoxia,AC-gliosis-hypoxia
at15_6,"('Hypoxic 2', 'Gliosis-like')",0.5681818181818182,Hypoxic 2,Gliosis-like,Hypoxic 2 > Gliosis-like,AC-gliosis-hypoxia,AC-gliosis-hypoxia
at4_0,"('Hypoxic 2', 'Gliosis-like')",0.4651162790697674,Hypoxic 2,Gliosis-like,Hypoxic 2 > Gliosis-like,AC-gliosis-hypoxia,AC-gliosis-hypoxia
at10_0,"('Hypoxic 2', 'Gliosis-like')",0.0909090909090909,Hypoxic 2,Gliosis-like,Hypoxic 2 > Gliosis-like,AC-gliosis-hypoxia,AC-gliosis-hypoxia
at7_0,"('Hypoxic 2', 'Gliosis-like')",0.0161579892280071,Hypoxic 2,Gliosis-like,Hypoxic 2 > Gliosis-like,AC-gliosis-hypoxia,AC-gliosis-hypoxia
at10_2,"('Hypoxic 2', 'Gliosis-like')",0.0082644628099173,Hypoxic 2,Gliosis-like,Hypoxic 2 > Gliosis-like,AC-gliosis-hypoxia,AC-gliosis-hypoxia
at13_0,"('Hypoxic 2', 'Gliosis-like')",0.4,Hypoxic 2,Gliosis-like,Hypoxic 2 > Gliosis-like,AC-gliosis-hypoxia,AC-gliosis-hypoxia
at15_4,"('Hypoxic 2', 'Gliosis-like')",0.5569620253164557,Hypoxic 2,Gliosis-like,Hypoxic 2 > Gliosis-like,AC-gliosis-hypoxia,AC-gliosis-hypoxia
at10_1,"('Hypoxic 2', 'Gliosis-like')",0.1166666666666666,Hypoxic 2,Gliosis-like,Hypoxic 2 > Gliosis-like,AC-gliosis-hypoxia,AC-gliosis-hypoxia
at6_5,"('Hypoxic 2', 'Gliosis-like')",0.0108695652173913,Hypoxic 2,Gliosis-like,Hypoxic 2 > Gliosis-like,AC-gliosis-hypoxia,AC-gliosis-hypoxia
at3_3,"('Hypoxic 2', 'Gliosis-like')",0.0446735395189003,Hypoxic 2,Gliosis-like,Hypoxic 2 > Gliosis-like,AC-gliosis-hypoxia,AC-gliosis-hypoxia
at5_9,"('Hypoxic 2', 'Gliosis-like')",0.4705882352941176,Hypoxic 2,Gliosis-like,Hypoxic 2 > Gliosis-like,AC-gliosis-hypoxia,AC-gliosis-hypoxia
at4_2,"('Hypoxic 2', 'Gliosis-like')",0.375,Hypoxic 2,Gliosis-like,Hypoxic 2 > Gliosis-like,AC-gliosis-hypoxia,AC-gliosis-hypoxia
at9_4,"('Hypoxic 2', 'Gliosis-like')",0.2580645161290322,Hypoxic 2,Gliosis-like,Hypoxic 2 > Gliosis-like,AC-gliosis-hypoxia,AC-gliosis-hypoxia
at9_0,"('Hypoxic 2', 'Gliosis-like')",0.7293233082706767,Hypoxic 2,Gliosis-like,Hypoxic 2 > Gliosis-like,AC-gliosis-hypoxia,AC-gliosis-hypoxia
at6_0,"('AC progenitor-like 2', 'AC-gliosis-like 1')",0.3404255319148936,AC progenitor-like 2,AC-gliosis-like 1,AC progenitor-like 2 > AC-gliosis-like 1,AC-gliosis-hypoxia,AC-gliosis-hypoxia
at5_4,"('AC progenitor-like 2', 'AC-gliosis-like 1')",1.0,AC progenitor-like 2,AC-gliosis-like 1,AC progenitor-like 2 > AC-gliosis-like 1,AC-gliosis-hypoxia,AC-gliosis-hypoxia
at15_3,"('AC progenitor-like 2', 'AC-gliosis-like 1')",0.7543859649122807,AC progenitor-like 2,AC-gliosis-like 1,AC progenitor-like 2 > AC-gliosis-like 1,AC-gliosis-hypoxia,AC-gliosis-hypoxia
at15_0,"('AC progenitor-like 2', 'AC-gliosis-like 1')",0.68,AC progenitor-like 2,AC-gliosis-like 1,AC progenitor-like 2 > AC-gliosis-like 1,AC-gliosis-hypoxia,AC-gliosis-hypoxia
at15_2,"('AC progenitor-like 2', 'AC-gliosis-like 1')",0.0555555555555555,AC progenitor-like 2,AC-gliosis-like 1,AC progenitor-like 2 > AC-gliosis-like 1,AC-gliosis-hypoxia,AC-gliosis-hypoxia
at15_6,"('AC progenitor-like 2', 'AC-gliosis-like 1')",0.4888888888888889,AC progenitor-like 2,AC-gliosis-like 1,AC progenitor-like 2 > AC-gliosis-like 1,AC-gliosis-hypoxia,AC-gliosis-hypoxia
at4_0,"('AC progenitor-like 2', 'AC-gliosis-like 1')",0.0012626262626262,AC progenitor-like 2,AC-gliosis-like 1,AC progenitor-like 2 > AC-gliosis-like 1,AC-gliosis-hypoxia,AC-gliosis-hypoxia
at7_0,"('AC progenitor-like 2', 'AC-gliosis-like 1')",0.0487394957983193,AC progenitor-like 2,AC-gliosis-like 1,AC progenitor-like 2 > AC-gliosis-like 1,AC-gliosis-hypoxia,AC-gliosis-hypoxia
at13_0,"('AC progenitor-like 2', 'AC-gliosis-like 1')",0.8776223776223776,AC progenitor-like 2,AC-gliosis-like 1,AC progenitor-like 2 > AC-gliosis-like 1,AC-gliosis-hypoxia,AC-gliosis-hypoxia
at15_4,"('AC progenitor-like 2', 'AC-gliosis-like 1')",0.2253521126760563,AC progenitor-like 2,AC-gliosis-like 1,AC progenitor-like 2 > AC-gliosis-like 1,AC-gliosis-hypoxia,AC-gliosis-hypoxia
at6_4,"('AC progenitor-like 2', 'AC-gliosis-like 1')",0.0548469387755102,AC progenitor-like 2,AC-gliosis-like 1,AC progenitor-like 2 > AC-gliosis-like 1,AC-gliosis-hypoxia,AC-gliosis-hypoxia
at5_2,"('AC progenitor-like 2', 'AC-gliosis-like 1')",0.5789473684210527,AC progenitor-like 2,AC-gliosis-like 1,AC progenitor-like 2 > AC-gliosis-like 1,AC-gliosis-hypoxia,AC-gliosis-hypoxia
at6_5,"('AC progenitor-like 2', 'AC-gliosis-like 1')",0.0433231396534148,AC progenitor-like 2,AC-gliosis-like 1,AC progenitor-like 2 > AC-gliosis-like 1,AC-gliosis-hypoxia,AC-gliosis-hypoxia
at5_9,"('AC progenitor-like 2', 'AC-gliosis-like 1')",0.3333333333333333,AC progenitor-like 2,AC-gliosis-like 1,AC progenitor-like 2 > AC-gliosis-like 1,AC-gliosis-hypoxia,AC-gliosis-hypoxia
at4_2,"('AC progenitor-like 2', 'AC-gliosis-like 1')",0.1217391304347826,AC progenitor-like 2,AC-gliosis-like 1,AC progenitor-like 2 > AC-gliosis-like 1,AC-gliosis-hypoxia,AC-gliosis-hypoxia
at9_4,"('AC progenitor-like 2', 'AC-gliosis-like 1')",0.4615384615384615,AC progenitor-like 2,AC-gliosis-like 1,AC progenitor-like 2 > AC-gliosis-like 1,AC-gliosis-hypoxia,AC-gliosis-hypoxia
at9_0,"('AC progenitor-like 2', 'AC-gliosis-like 1')",0.3369565217391304,AC progenitor-like 2,AC-gliosis-like 1,AC progenitor-like 2 > AC-gliosis-like 1,AC-gliosis-hypoxia,AC-gliosis-hypoxia
at6_0,"('AC progenitor-like 2', 'AC-gliosis-like 1')",0.3404255319148936,AC progenitor-like 2,AC-gliosis-like 1,AC progenitor-like 2 > AC-gliosis-like 1,AC-gliosis-hypoxia,AC-gliosis-hypoxia
at5_4,"('AC progenitor-like 2', 'AC-gliosis-like 1')",1.0,AC progenitor-like 2,AC-gliosis-like 1,AC progenitor-like 2 > AC-gliosis-like 1,AC-gliosis-hypoxia,AC-gliosis-hypoxia
at15_3,"('AC progenitor-like 2', 'AC-gliosis-like 1')",0.7543859649122807,AC progenitor-like 2,AC-gliosis-like 1,AC progenitor-like 2 > AC-gliosis-like 1,AC-gliosis-hypoxia,AC-gliosis-hypoxia
at15_0,"('AC progenitor-like 2', 'AC-gliosis-like 1')",0.68,AC progenitor-like 2,AC-gliosis-like 1,AC progenitor-like 2 > AC-gliosis-like 1,AC-gliosis-hypoxia,AC-gliosis-hypoxia
at15_2,"('AC progenitor-like 2', 'AC-gliosis-like 1')",0.0555555555555555,AC progenitor-like 2,AC-gliosis-like 1,AC progenitor-like 2 > AC-gliosis-like 1,AC-gliosis-hypoxia,AC-gliosis-hypoxia
at15_6,"('AC progenitor-like 2', 'AC-gliosis-like 1')",0.4888888888888889,AC progenitor-like 2,AC-gliosis-like 1,AC progenitor-like 2 > AC-gliosis-like 1,AC-gliosis-hypoxia,AC-gliosis-hypoxia
at4_0,"('AC progenitor-like 2', 'AC-gliosis-like 1')",0.0012626262626262,AC progenitor-like 2,AC-gliosis-like 1,AC progenitor-like 2 > AC-gliosis-like 1,AC-gliosis-hypoxia,AC-gliosis-hypoxia
at7_0,"('AC progenitor-like 2', 'AC-gliosis-like 1')",0.0487394957983193,AC progenitor-like 2,AC-gliosis-like 1,AC progenitor-like 2 > AC-gliosis-like 1,AC-gliosis-hypoxia,AC-gliosis-hypoxia
at13_0,"('AC progenitor-like 2', 'AC-gliosis-like 1')",0.8776223776223776,AC progenitor-like 2,AC-gliosis-like 1,AC progenitor-like 2 > AC-gliosis-like 1,AC-gliosis-hypoxia,AC-gliosis-hypoxia
at15_4,"('AC progenitor-like 2', 'AC-gliosis-like 1')",0.2253521126760563,AC progenitor-like 2,AC-gliosis-like 1,AC progenitor-like 2 > AC-gliosis-like 1,AC-gliosis-hypoxia,AC-gliosis-hypoxia
at6_4,"('AC progenitor-like 2', 'AC-gliosis-like 1')",0.0548469387755102,AC progenitor-like 2,AC-gliosis-like 1,AC progenitor-like 2 > AC-gliosis-like 1,AC-gliosis-hypoxia,AC-gliosis-hypoxia
at5_2,"('AC progenitor-like 2', 'AC-gliosis-like 1')",0.5789473684210527,AC progenitor-like 2,AC-gliosis-like 1,AC progenitor-like 2 > AC-gliosis-like 1,AC-gliosis-hypoxia,AC-gliosis-hypoxia
at6_5,"('AC progenitor-like 2', 'AC-gliosis-like 1')",0.0433231396534148,AC progenitor-like 2,AC-gliosis-like 1,AC progenitor-like 2 > AC-gliosis-like 1,AC-gliosis-hypoxia,AC-gliosis-hypoxia
at5_9,"('AC progenitor-like 2', 'AC-gliosis-like 1')",0.3333333333333333,AC progenitor-like 2,AC-gliosis-like 1,AC progenitor-like 2 > AC-gliosis-like 1,AC-gliosis-hypoxia,AC-gliosis-hypoxia
at4_2,"('AC progenitor-like 2', 'AC-gliosis-like 1')",0.1217391304347826,AC progenitor-like 2,AC-gliosis-like 1,AC progenitor-like 2 > AC-gliosis-like 1,AC-gliosis-hypoxia,AC-gliosis-hypoxia
at9_4,"('AC progenitor-like 2', 'AC-gliosis-like 1')",0.4615384615384615,AC progenitor-like 2,AC-gliosis-like 1,AC progenitor-like 2 > AC-gliosis-like 1,AC-gliosis-hypoxia,AC-gliosis-hypoxia
at9_0,"('AC progenitor-like 2', 'AC-gliosis-like 1')",0.3369565217391304,AC progenitor-like 2,AC-gliosis-like 1,AC progenitor-like 2 > AC-gliosis-like 1,AC-gliosis-hypoxia,AC-gliosis-hypoxia
at6_0,"('AC progenitor-like 2', 'AC-gliosis-like 1')",0.3404255319148936,AC progenitor-like 2,AC-gliosis-like 1,AC progenitor-like 2 > AC-gliosis-like 1,AC-gliosis-hypoxia,AC-gliosis-hypoxia
at5_4,"('AC progenitor-like 2', 'AC-gliosis-like 1')",1.0,AC progenitor-like 2,AC-gliosis-like 1,AC progenitor-like 2 > AC-gliosis-like 1,AC-gliosis-hypoxia,AC-gliosis-hypoxia
at15_3,"('AC progenitor-like 2', 'AC-gliosis-like 1')",0.7543859649122807,AC progenitor-like 2,AC-gliosis-like 1,AC progenitor-like 2 > AC-gliosis-like 1,AC-gliosis-hypoxia,AC-gliosis-hypoxia
at15_0,"('AC progenitor-like 2', 'AC-gliosis-like 1')",0.68,AC progenitor-like 2,AC-gliosis-like 1,AC progenitor-like 2 > AC-gliosis-like 1,AC-gliosis-hypoxia,AC-gliosis-hypoxia
at15_2,"('AC progenitor-like 2', 'AC-gliosis-like 1')",0.0555555555555555,AC progenitor-like 2,AC-gliosis-like 1,AC progenitor-like 2 > AC-gliosis-like 1,AC-gliosis-hypoxia,AC-gliosis-hypoxia
at15_6,"('AC progenitor-like 2', 'AC-gliosis-like 1')",0.4888888888888889,AC progenitor-like 2,AC-gliosis-like 1,AC progenitor-like 2 > AC-gliosis-like 1,AC-gliosis-hypoxia,AC-gliosis-hypoxia
at4_0,"('AC progenitor-like 2', 'AC-gliosis-like 1')",0.0012626262626262,AC progenitor-like 2,AC-gliosis-like 1,AC progenitor-like 2 > AC-gliosis-like 1,AC-gliosis-hypoxia,AC-gliosis-hypoxia
at7_0,"('AC progenitor-like 2', 'AC-gliosis-like 1')",0.0487394957983193,AC progenitor-like 2,AC-gliosis-like 1,AC progenitor-like 2 > AC-gliosis-like 1,AC-gliosis-hypoxia,AC-gliosis-hypoxia
at13_0,"('AC progenitor-like 2', 'AC-gliosis-like 1')",0.8776223776223776,AC progenitor-like 2,AC-gliosis-like 1,AC progenitor-like 2 > AC-gliosis-like 1,AC-gliosis-hypoxia,AC-gliosis-hypoxia
at15_4,"('AC progenitor-like 2', 'AC-gliosis-like 1')",0.2253521126760563,AC progenitor-like 2,AC-gliosis-like 1,AC progenitor-like 2 > AC-gliosis-like 1,AC-gliosis-hypoxia,AC-gliosis-hypoxia
at6_4,"('AC progenitor-like 2', 'AC-gliosis-like 1')",0.0548469387755102,AC progenitor-like 2,AC-gliosis-like 1,AC progenitor-like 2 > AC-gliosis-like 1,AC-gliosis-hypoxia,AC-gliosis-hypoxia
at5_2,"('AC progenitor-like 2', 'AC-gliosis-like 1')",0.5789473684210527,AC progenitor-like 2,AC-gliosis-like 1,AC progenitor-like 2 > AC-gliosis-like 1,AC-gliosis-hypoxia,AC-gliosis-hypoxia
at6_5,"('AC progenitor-like 2', 'AC-gliosis-like 1')",0.0433231396534148,AC progenitor-like 2,AC-gliosis-like 1,AC progenitor-like 2 > AC-gliosis-like 1,AC-gliosis-hypoxia,AC-gliosis-hypoxia
at5_9,"('AC progenitor-like 2', 'AC-gliosis-like 1')",0.3333333333333333,AC progenitor-like 2,AC-gliosis-like 1,AC progenitor-like 2 > AC-gliosis-like 1,AC-gliosis-hypoxia,AC-gliosis-hypoxia
at4_2,"('AC progenitor-like 2', 'AC-gliosis-like 1')",0.1217391304347826,AC progenitor-like 2,AC-gliosis-like 1,AC progenitor-like 2 > AC-gliosis-like 1,AC-gliosis-hypoxia,AC-gliosis-hypoxia
at9_4,"('AC progenitor-like 2', 'AC-gliosis-like 1')",0.4615384615384615,AC progenitor-like 2,AC-gliosis-like 1,AC progenitor-like 2 > AC-gliosis-like 1,AC-gliosis-hypoxia,AC-gliosis-hypoxia
at9_0,"('AC progenitor-like 2', 'AC-gliosis-like 1')",0.3369565217391304,AC progenitor-like 2,AC-gliosis-like 1,AC progenitor-like 2 > AC-gliosis-like 1,AC-gliosis-hypoxia,AC-gliosis-hypoxia
at6_0,"('AC progenitor-like 2', 'AC-gliosis-like 1')",0.3404255319148936,AC progenitor-like 2,AC-gliosis-like 1,AC progenitor-like 2 > AC-gliosis-like 1,AC-gliosis-hypoxia,AC-gliosis-hypoxia
at5_4,"('AC progenitor-like 2', 'AC-gliosis-like 1')",1.0,AC progenitor-like 2,AC-gliosis-like 1,AC progenitor-like 2 > AC-gliosis-like 1,AC-gliosis-hypoxia,AC-gliosis-hypoxia
at15_3,"('AC progenitor-like 2', 'AC-gliosis-like 1')",0.7543859649122807,AC progenitor-like 2,AC-gliosis-like 1,AC progenitor-like 2 > AC-gliosis-like 1,AC-gliosis-hypoxia,AC-gliosis-hypoxia
at15_0,"('AC progenitor-like 2', 'AC-gliosis-like 1')",0.68,AC progenitor-like 2,AC-gliosis-like 1,AC progenitor-like 2 > AC-gliosis-like 1,AC-gliosis-hypoxia,AC-gliosis-hypoxia
at15_2,"('AC progenitor-like 2', 'AC-gliosis-like 1')",0.0555555555555555,AC progenitor-like 2,AC-gliosis-like 1,AC progenitor-like 2 > AC-gliosis-like 1,AC-gliosis-hypoxia,AC-gliosis-hypoxia
at15_6,"('AC progenitor-like 2', 'AC-gliosis-like 1')",0.4888888888888889,AC progenitor-like 2,AC-gliosis-like 1,AC progenitor-like 2 > AC-gliosis-like 1,AC-gliosis-hypoxia,AC-gliosis-hypoxia
at4_0,"('AC progenitor-like 2', 'AC-gliosis-like 1')",0.0012626262626262,AC progenitor-like 2,AC-gliosis-like 1,AC progenitor-like 2 > AC-gliosis-like 1,AC-gliosis-hypoxia,AC-gliosis-hypoxia
at7_0,"('AC progenitor-like 2', 'AC-gliosis-like 1')",0.0487394957983193,AC progenitor-like 2,AC-gliosis-like 1,AC progenitor-like 2 > AC-gliosis-like 1,AC-gliosis-hypoxia,AC-gliosis-hypoxia
at13_0,"('AC progenitor-like 2', 'AC-gliosis-like 1')",0.8776223776223776,AC progenitor-like 2,AC-gliosis-like 1,AC progenitor-like 2 > AC-gliosis-like 1,AC-gliosis-hypoxia,AC-gliosis-hypoxia
at15_4,"('AC progenitor-like 2', 'AC-gliosis-like 1')",0.2253521126760563,AC progenitor-like 2,AC-gliosis-like 1,AC progenitor-like 2 > AC-gliosis-like 1,AC-gliosis-hypoxia,AC-gliosis-hypoxia
at6_4,"('AC progenitor-like 2', 'AC-gliosis-like 1')",0.0548469387755102,AC progenitor-like 2,AC-gliosis-like 1,AC progenitor-like 2 > AC-gliosis-like 1,AC-gliosis-hypoxia,AC-gliosis-hypoxia
at5_2,"('AC progenitor-like 2', 'AC-gliosis-like 1')",0.5789473684210527,AC progenitor-like 2,AC-gliosis-like 1,AC progenitor-like 2 > AC-gliosis-like 1,AC-gliosis-hypoxia,AC-gliosis-hypoxia
at6_5,"('AC progenitor-like 2', 'AC-gliosis-like 1')",0.0433231396534148,AC progenitor-like 2,AC-gliosis-like 1,AC progenitor-like 2 > AC-gliosis-like 1,AC-gliosis-hypoxia,AC-gliosis-hypoxia
at5_9,"('AC progenitor-like 2', 'AC-gliosis-like 1')",0.3333333333333333,AC progenitor-like 2,AC-gliosis-like 1,AC progenitor-like 2 > AC-gliosis-like 1,AC-gliosis-hypoxia,AC-gliosis-hypoxia
at4_2,"('AC progenitor-like 2', 'AC-gliosis-like 1')",0.1217391304347826,AC progenitor-like 2,AC-gliosis-like 1,AC progenitor-like 2 > AC-gliosis-like 1,AC-gliosis-hypoxia,AC-gliosis-hypoxia
at9_4,"('AC progenitor-like 2', 'AC-gliosis-like 1')",0.4615384615384615,AC progenitor-like 2,AC-gliosis-like 1,AC progenitor-like 2 > AC-gliosis-like 1,AC-gliosis-hypoxia,AC-gliosis-hypoxia
at9_0,"('AC progenitor-like 2', 'AC-gliosis-like 1')",0.3369565217391304,AC progenitor-like 2,AC-gliosis-like 1,AC progenitor-like 2 > AC-gliosis-like 1,AC-gliosis-hypoxia,AC-gliosis-hypoxia
at6_0,"('AC progenitor-like 2', 'AC-gliosis-like 1')",0.3404255319148936,AC progenitor-like 2,AC-gliosis-like 1,AC progenitor-like 2 > AC-gliosis-like 1,AC-gliosis-hypoxia,AC-gliosis-hypoxia
at5_4,"('AC progenitor-like 2', 'AC-gliosis-like 1')",1.0,AC progenitor-like 2,AC-gliosis-like 1,AC progenitor-like 2 > AC-gliosis-like 1,AC-gliosis-hypoxia,AC-gliosis-hypoxia
at15_3,"('AC progenitor-like 2', 'AC-gliosis-like 1')",0.7543859649122807,AC progenitor-like 2,AC-gliosis-like 1,AC progenitor-like 2 > AC-gliosis-like 1,AC-gliosis-hypoxia,AC-gliosis-hypoxia
at15_0,"('AC progenitor-like 2', 'AC-gliosis-like 1')",0.68,AC progenitor-like 2,AC-gliosis-like 1,AC progenitor-like 2 > AC-gliosis-like 1,AC-gliosis-hypoxia,AC-gliosis-hypoxia
at15_2,"('AC progenitor-like 2', 'AC-gliosis-like 1')",0.0555555555555555,AC progenitor-like 2,AC-gliosis-like 1,AC progenitor-like 2 > AC-gliosis-like 1,AC-gliosis-hypoxia,AC-gliosis-hypoxia
at15_6,"('AC progenitor-like 2', 'AC-gliosis-like 1')",0.4888888888888889,AC progenitor-like 2,AC-gliosis-like 1,AC progenitor-like 2 > AC-gliosis-like 1,AC-gliosis-hypoxia,AC-gliosis-hypoxia
at4_0,"('AC progenitor-like 2', 'AC-gliosis-like 1')",0.0012626262626262,AC progenitor-like 2,AC-gliosis-like 1,AC progenitor-like 2 > AC-gliosis-like 1,AC-gliosis-hypoxia,AC-gliosis-hypoxia
at7_0,"('AC progenitor-like 2', 'AC-gliosis-like 1')",0.0487394957983193,AC progenitor-like 2,AC-gliosis-like 1,AC progenitor-like 2 > AC-gliosis-like 1,AC-gliosis-hypoxia,AC-gliosis-hypoxia
at13_0,"('AC progenitor-like 2', 'AC-gliosis-like 1')",0.8776223776223776,AC progenitor-like 2,AC-gliosis-like 1,AC progenitor-like 2 > AC-gliosis-like 1,AC-gliosis-hypoxia,AC-gliosis-hypoxia
at15_4,"('AC progenitor-like 2', 'AC-gliosis-like 1')",0.2253521126760563,AC progenitor-like 2,AC-gliosis-like 1,AC progenitor-like 2 > AC-gliosis-like 1,AC-gliosis-hypoxia,AC-gliosis-hypoxia
at6_4,"('AC progenitor-like 2', 'AC-gliosis-like 1')",0.0548469387755102,AC progenitor-like 2,AC-gliosis-like 1,AC progenitor-like 2 > AC-gliosis-like 1,AC-gliosis-hypoxia,AC-gliosis-hypoxia
at5_2,"('AC progenitor-like 2', 'AC-gliosis-like 1')",0.5789473684210527,AC progenitor-like 2,AC-gliosis-like 1,AC progenitor-like 2 > AC-gliosis-like 1,AC-gliosis-hypoxia,AC-gliosis-hypoxia
at6_5,"('AC progenitor-like 2', 'AC-gliosis-like 1')",0.0433231396534148,AC progenitor-like 2,AC-gliosis-like 1,AC progenitor-like 2 > AC-gliosis-like 1,AC-gliosis-hypoxia,AC-gliosis-hypoxia
at5_9,"('AC progenitor-like 2', 'AC-gliosis-like 1')",0.3333333333333333,AC progenitor-like 2,AC-gliosis-like 1,AC progenitor-like 2 > AC-gliosis-like 1,AC-gliosis-hypoxia,AC-gliosis-hypoxia
at4_2,"('AC progenitor-like 2', 'AC-gliosis-like 1')",0.1217391304347826,AC progenitor-like 2,AC-gliosis-like 1,AC progenitor-like 2 > AC-gliosis-like 1,AC-gliosis-hypoxia,AC-gliosis-hypoxia
at9_4,"('AC progenitor-like 2', 'AC-gliosis-like 1')",0.4615384615384615,AC progenitor-like 2,AC-gliosis-like 1,AC progenitor-like 2 > AC-gliosis-like 1,AC-gliosis-hypoxia,AC-gliosis-hypoxia
at9_0,"('AC progenitor-like 2', 'AC-gliosis-like 1')",0.3369565217391304,AC progenitor-like 2,AC-gliosis-like 1,AC progenitor-like 2 > AC-gliosis-like 1,AC-gliosis-hypoxia,AC-gliosis-hypoxia
at6_0,"('AC progenitor-like 2', 'AC-gliosis-like 1')",0.3404255319148936,AC progenitor-like 2,AC-gliosis-like 1,AC progenitor-like 2 > AC-gliosis-like 1,AC-gliosis-hypoxia,AC-gliosis-hypoxia
at5_4,"('AC progenitor-like 2', 'AC-gliosis-like 1')",1.0,AC progenitor-like 2,AC-gliosis-like 1,AC progenitor-like 2 > AC-gliosis-like 1,AC-gliosis-hypoxia,AC-gliosis-hypoxia
at15_3,"('AC progenitor-like 2', 'AC-gliosis-like 1')",0.7543859649122807,AC progenitor-like 2,AC-gliosis-like 1,AC progenitor-like 2 > AC-gliosis-like 1,AC-gliosis-hypoxia,AC-gliosis-hypoxia
at15_0,"('AC progenitor-like 2', 'AC-gliosis-like 1')",0.68,AC progenitor-like 2,AC-gliosis-like 1,AC progenitor-like 2 > AC-gliosis-like 1,AC-gliosis-hypoxia,AC-gliosis-hypoxia
at15_2,"('AC progenitor-like 2', 'AC-gliosis-like 1')",0.0555555555555555,AC progenitor-like 2,AC-gliosis-like 1,AC progenitor-like 2 > AC-gliosis-like 1,AC-gliosis-hypoxia,AC-gliosis-hypoxia
at15_6,"('AC progenitor-like 2', 'AC-gliosis-like 1')",0.4888888888888889,AC progenitor-like 2,AC-gliosis-like 1,AC progenitor-like 2 > AC-gliosis-like 1,AC-gliosis-hypoxia,AC-gliosis-hypoxia
at4_0,"('AC progenitor-like 2', 'AC-gliosis-like 1')",0.0012626262626262,AC progenitor-like 2,AC-gliosis-like 1,AC progenitor-like 2 > AC-gliosis-like 1,AC-gliosis-hypoxia,AC-gliosis-hypoxia
at7_0,"('AC progenitor-like 2', 'AC-gliosis-like 1')",0.0487394957983193,AC progenitor-like 2,AC-gliosis-like 1,AC progenitor-like 2 > AC-gliosis-like 1,AC-gliosis-hypoxia,AC-gliosis-hypoxia
at13_0,"('AC progenitor-like 2', 'AC-gliosis-like 1')",0.8776223776223776,AC progenitor-like 2,AC-gliosis-like 1,AC progenitor-like 2 > AC-gliosis-like 1,AC-gliosis-hypoxia,AC-gliosis-hypoxia
at15_4,"('AC progenitor-like 2', 'AC-gliosis-like 1')",0.2253521126760563,AC progenitor-like 2,AC-gliosis-like 1,AC progenitor-like 2 > AC-gliosis-like 1,AC-gliosis-hypoxia,AC-gliosis-hypoxia
at6_4,"('AC progenitor-like 2', 'AC-gliosis-like 1')",0.0548469387755102,AC progenitor-like 2,AC-gliosis-like 1,AC progenitor-like 2 > AC-gliosis-like 1,AC-gliosis-hypoxia,AC-gliosis-hypoxia
at5_2,"('AC progenitor-like 2', 'AC-gliosis-like 1')",0.5789473684210527,AC progenitor-like 2,AC-gliosis-like 1,AC progenitor-like 2 > AC-gliosis-like 1,AC-gliosis-hypoxia,AC-gliosis-hypoxia
at6_5,"('AC progenitor-like 2', 'AC-gliosis-like 1')",0.0433231396534148,AC progenitor-like 2,AC-gliosis-like 1,AC progenitor-like 2 > AC-gliosis-like 1,AC-gliosis-hypoxia,AC-gliosis-hypoxia
at5_9,"('AC progenitor-like 2', 'AC-gliosis-like 1')",0.3333333333333333,AC progenitor-like 2,AC-gliosis-like 1,AC progenitor-like 2 > AC-gliosis-like 1,AC-gliosis-hypoxia,AC-gliosis-hypoxia
at4_2,"('AC progenitor-like 2', 'AC-gliosis-like 1')",0.1217391304347826,AC progenitor-like 2,AC-gliosis-like 1,AC progenitor-like 2 > AC-gliosis-like 1,AC-gliosis-hypoxia,AC-gliosis-hypoxia
at9_4,"('AC progenitor-like 2', 'AC-gliosis-like 1')",0.4615384615384615,AC progenitor-like 2,AC-gliosis-like 1,AC progenitor-like 2 > AC-gliosis-like 1,AC-gliosis-hypoxia,AC-gliosis-hypoxia
at9_0,"('AC progenitor-like 2', 'AC-gliosis-like 1')",0.3369565217391304,AC progenitor-like 2,AC-gliosis-like 1,AC progenitor-like 2 > AC-gliosis-like 1,AC-gliosis-hypoxia,AC-gliosis-hypoxia
at6_0,"('Hypoxic 2', 'AC-gliosis-like 1')",0.0319148936170212,Hypoxic 2,AC-gliosis-like 1,Hypoxic 2 > AC-gliosis-like 1,AC-gliosis-hypoxia,AC-gliosis-hypoxia
at4_1,"('Hypoxic 2', 'AC-gliosis-like 1')",0.5603448275862069,Hypoxic 2,AC-gliosis-like 1,Hypoxic 2 > AC-gliosis-like 1,AC-gliosis-hypoxia,AC-gliosis-hypoxia
at5_4,"('Hypoxic 2', 'AC-gliosis-like 1')",0.5,Hypoxic 2,AC-gliosis-like 1,Hypoxic 2 > AC-gliosis-like 1,AC-gliosis-hypoxia,AC-gliosis-hypoxia
at15_3,"('Hypoxic 2', 'AC-gliosis-like 1')",0.2280701754385964,Hypoxic 2,AC-gliosis-like 1,Hypoxic 2 > AC-gliosis-like 1,AC-gliosis-hypoxia,AC-gliosis-hypoxia
at15_0,"('Hypoxic 2', 'AC-gliosis-like 1')",0.44,Hypoxic 2,AC-gliosis-like 1,Hypoxic 2 > AC-gliosis-like 1,AC-gliosis-hypoxia,AC-gliosis-hypoxia
at15_2,"('Hypoxic 2', 'AC-gliosis-like 1')",0.0555555555555555,Hypoxic 2,AC-gliosis-like 1,Hypoxic 2 > AC-gliosis-like 1,AC-gliosis-hypoxia,AC-gliosis-hypoxia
at15_6,"('Hypoxic 2', 'AC-gliosis-like 1')",0.3111111111111111,Hypoxic 2,AC-gliosis-like 1,Hypoxic 2 > AC-gliosis-like 1,AC-gliosis-hypoxia,AC-gliosis-hypoxia
at4_0,"('Hypoxic 2', 'AC-gliosis-like 1')",0.2032828282828283,Hypoxic 2,AC-gliosis-like 1,Hypoxic 2 > AC-gliosis-like 1,AC-gliosis-hypoxia,AC-gliosis-hypoxia
at7_0,"('Hypoxic 2', 'AC-gliosis-like 1')",0.1294117647058823,Hypoxic 2,AC-gliosis-like 1,Hypoxic 2 > AC-gliosis-like 1,AC-gliosis-hypoxia,AC-gliosis-hypoxia
at10_2,"('Hypoxic 2', 'AC-gliosis-like 1')",0.0625,Hypoxic 2,AC-gliosis-like 1,Hypoxic 2 > AC-gliosis-like 1,AC-gliosis-hypoxia,AC-gliosis-hypoxia
at13_0,"('Hypoxic 2', 'AC-gliosis-like 1')",0.2954545454545454,Hypoxic 2,AC-gliosis-like 1,Hypoxic 2 > AC-gliosis-like 1,AC-gliosis-hypoxia,AC-gliosis-hypoxia
at15_4,"('Hypoxic 2', 'AC-gliosis-like 1')",0.2816901408450704,Hypoxic 2,AC-gliosis-like 1,Hypoxic 2 > AC-gliosis-like 1,AC-gliosis-hypoxia,AC-gliosis-hypoxia
at6_4,"('Hypoxic 2', 'AC-gliosis-like 1')",0.0829081632653061,Hypoxic 2,AC-gliosis-like 1,Hypoxic 2 > AC-gliosis-like 1,AC-gliosis-hypoxia,AC-gliosis-hypoxia
at5_2,"('Hypoxic 2', 'AC-gliosis-like 1')",0.2631578947368421,Hypoxic 2,AC-gliosis-like 1,Hypoxic 2 > AC-gliosis-like 1,AC-gliosis-hypoxia,AC-gliosis-hypoxia
at10_1,"('Hypoxic 2', 'AC-gliosis-like 1')",0.125,Hypoxic 2,AC-gliosis-like 1,Hypoxic 2 > AC-gliosis-like 1,AC-gliosis-hypoxia,AC-gliosis-hypoxia
at6_5,"('Hypoxic 2', 'AC-gliosis-like 1')",0.0275229357798165,Hypoxic 2,AC-gliosis-like 1,Hypoxic 2 > AC-gliosis-like 1,AC-gliosis-hypoxia,AC-gliosis-hypoxia
at3_3,"('Hypoxic 2', 'AC-gliosis-like 1')",0.4222972972972973,Hypoxic 2,AC-gliosis-like 1,Hypoxic 2 > AC-gliosis-like 1,AC-gliosis-hypoxia,AC-gliosis-hypoxia
at5_9,"('Hypoxic 2', 'AC-gliosis-like 1')",0.3333333333333333,Hypoxic 2,AC-gliosis-like 1,Hypoxic 2 > AC-gliosis-like 1,AC-gliosis-hypoxia,AC-gliosis-hypoxia
at4_2,"('Hypoxic 2', 'AC-gliosis-like 1')",0.2956521739130435,Hypoxic 2,AC-gliosis-like 1,Hypoxic 2 > AC-gliosis-like 1,AC-gliosis-hypoxia,AC-gliosis-hypoxia
at9_4,"('Hypoxic 2', 'AC-gliosis-like 1')",0.7307692307692307,Hypoxic 2,AC-gliosis-like 1,Hypoxic 2 > AC-gliosis-like 1,AC-gliosis-hypoxia,AC-gliosis-hypoxia
at9_0,"('Hypoxic 2', 'AC-gliosis-like 1')",0.3260869565217391,Hypoxic 2,AC-gliosis-like 1,Hypoxic 2 > AC-gliosis-like 1,AC-gliosis-hypoxia,AC-gliosis-hypoxia
at6_0,"('Hypoxic 2', 'AC-gliosis-like 1')",0.0319148936170212,Hypoxic 2,AC-gliosis-like 1,Hypoxic 2 > AC-gliosis-like 1,AC-gliosis-hypoxia,AC-gliosis-hypoxia
at4_1,"('Hypoxic 2', 'AC-gliosis-like 1')",0.5603448275862069,Hypoxic 2,AC-gliosis-like 1,Hypoxic 2 > AC-gliosis-like 1,AC-gliosis-hypoxia,AC-gliosis-hypoxia
at5_4,"('Hypoxic 2', 'AC-gliosis-like 1')",0.5,Hypoxic 2,AC-gliosis-like 1,Hypoxic 2 > AC-gliosis-like 1,AC-gliosis-hypoxia,AC-gliosis-hypoxia
at15_3,"('Hypoxic 2', 'AC-gliosis-like 1')",0.2280701754385964,Hypoxic 2,AC-gliosis-like 1,Hypoxic 2 > AC-gliosis-like 1,AC-gliosis-hypoxia,AC-gliosis-hypoxia
at15_0,"('Hypoxic 2', 'AC-gliosis-like 1')",0.44,Hypoxic 2,AC-gliosis-like 1,Hypoxic 2 > AC-gliosis-like 1,AC-gliosis-hypoxia,AC-gliosis-hypoxia
at15_2,"('Hypoxic 2', 'AC-gliosis-like 1')",0.0555555555555555,Hypoxic 2,AC-gliosis-like 1,Hypoxic 2 > AC-gliosis-like 1,AC-gliosis-hypoxia,AC-gliosis-hypoxia
at15_6,"('Hypoxic 2', 'AC-gliosis-like 1')",0.3111111111111111,Hypoxic 2,AC-gliosis-like 1,Hypoxic 2 > AC-gliosis-like 1,AC-gliosis-hypoxia,AC-gliosis-hypoxia
at4_0,"('Hypoxic 2', 'AC-gliosis-like 1')",0.2032828282828283,Hypoxic 2,AC-gliosis-like 1,Hypoxic 2 > AC-gliosis-like 1,AC-gliosis-hypoxia,AC-gliosis-hypoxia
at7_0,"('Hypoxic 2', 'AC-gliosis-like 1')",0.1294117647058823,Hypoxic 2,AC-gliosis-like 1,Hypoxic 2 > AC-gliosis-like 1,AC-gliosis-hypoxia,AC-gliosis-hypoxia
at10_2,"('Hypoxic 2', 'AC-gliosis-like 1')",0.0625,Hypoxic 2,AC-gliosis-like 1,Hypoxic 2 > AC-gliosis-like 1,AC-gliosis-hypoxia,AC-gliosis-hypoxia
at13_0,"('Hypoxic 2', 'AC-gliosis-like 1')",0.2954545454545454,Hypoxic 2,AC-gliosis-like 1,Hypoxic 2 > AC-gliosis-like 1,AC-gliosis-hypoxia,AC-gliosis-hypoxia
at15_4,"('Hypoxic 2', 'AC-gliosis-like 1')",0.2816901408450704,Hypoxic 2,AC-gliosis-like 1,Hypoxic 2 > AC-gliosis-like 1,AC-gliosis-hypoxia,AC-gliosis-hypoxia
at6_4,"('Hypoxic 2', 'AC-gliosis-like 1')",0.0829081632653061,Hypoxic 2,AC-gliosis-like 1,Hypoxic 2 > AC-gliosis-like 1,AC-gliosis-hypoxia,AC-gliosis-hypoxia
at5_2,"('Hypoxic 2', 'AC-gliosis-like 1')",0.2631578947368421,Hypoxic 2,AC-gliosis-like 1,Hypoxic 2 > AC-gliosis-like 1,AC-gliosis-hypoxia,AC-gliosis-hypoxia
at10_1,"('Hypoxic 2', 'AC-gliosis-like 1')",0.125,Hypoxic 2,AC-gliosis-like 1,Hypoxic 2 > AC-gliosis-like 1,AC-gliosis-hypoxia,AC-gliosis-hypoxia
at6_5,"('Hypoxic 2', 'AC-gliosis-like 1')",0.0275229357798165,Hypoxic 2,AC-gliosis-like 1,Hypoxic 2 > AC-gliosis-like 1,AC-gliosis-hypoxia,AC-gliosis-hypoxia
at3_3,"('Hypoxic 2', 'AC-gliosis-like 1')",0.4222972972972973,Hypoxic 2,AC-gliosis-like 1,Hypoxic 2 > AC-gliosis-like 1,AC-gliosis-hypoxia,AC-gliosis-hypoxia
at5_9,"('Hypoxic 2', 'AC-gliosis-like 1')",0.3333333333333333,Hypoxic 2,AC-gliosis-like 1,Hypoxic 2 > AC-gliosis-like 1,AC-gliosis-hypoxia,AC-gliosis-hypoxia
at4_2,"('Hypoxic 2', 'AC-gliosis-like 1')",0.2956521739130435,Hypoxic 2,AC-gliosis-like 1,Hypoxic 2 > AC-gliosis-like 1,AC-gliosis-hypoxia,AC-gliosis-hypoxia
at9_4,"('Hypoxic 2', 'AC-gliosis-like 1')",0.7307692307692307,Hypoxic 2,AC-gliosis-like 1,Hypoxic 2 > AC-gliosis-like 1,AC-gliosis-hypoxia,AC-gliosis-hypoxia
at9_0,"('Hypoxic 2', 'AC-gliosis-like 1')",0.3260869565217391,Hypoxic 2,AC-gliosis-like 1,Hypoxic 2 > AC-gliosis-like 1,AC-gliosis-hypoxia,AC-gliosis-hypoxia
at6_0,"('Hypoxic 2', 'AC-gliosis-like 1')",0.0319148936170212,Hypoxic 2,AC-gliosis-like 1,Hypoxic 2 > AC-gliosis-like 1,AC-gliosis-hypoxia,AC-gliosis-hypoxia
at4_1,"('Hypoxic 2', 'AC-gliosis-like 1')",0.5603448275862069,Hypoxic 2,AC-gliosis-like 1,Hypoxic 2 > AC-gliosis-like 1,AC-gliosis-hypoxia,AC-gliosis-hypoxia
at5_4,"('Hypoxic 2', 'AC-gliosis-like 1')",0.5,Hypoxic 2,AC-gliosis-like 1,Hypoxic 2 > AC-gliosis-like 1,AC-gliosis-hypoxia,AC-gliosis-hypoxia
at15_3,"('Hypoxic 2', 'AC-gliosis-like 1')",0.2280701754385964,Hypoxic 2,AC-gliosis-like 1,Hypoxic 2 > AC-gliosis-like 1,AC-gliosis-hypoxia,AC-gliosis-hypoxia
at15_0,"('Hypoxic 2', 'AC-gliosis-like 1')",0.44,Hypoxic 2,AC-gliosis-like 1,Hypoxic 2 > AC-gliosis-like 1,AC-gliosis-hypoxia,AC-gliosis-hypoxia
at15_2,"('Hypoxic 2', 'AC-gliosis-like 1')",0.0555555555555555,Hypoxic 2,AC-gliosis-like 1,Hypoxic 2 > AC-gliosis-like 1,AC-gliosis-hypoxia,AC-gliosis-hypoxia
at15_6,"('Hypoxic 2', 'AC-gliosis-like 1')",0.3111111111111111,Hypoxic 2,AC-gliosis-like 1,Hypoxic 2 > AC-gliosis-like 1,AC-gliosis-hypoxia,AC-gliosis-hypoxia
at4_0,"('Hypoxic 2', 'AC-gliosis-like 1')",0.2032828282828283,Hypoxic 2,AC-gliosis-like 1,Hypoxic 2 > AC-gliosis-like 1,AC-gliosis-hypoxia,AC-gliosis-hypoxia
at7_0,"('Hypoxic 2', 'AC-gliosis-like 1')",0.1294117647058823,Hypoxic 2,AC-gliosis-like 1,Hypoxic 2 > AC-gliosis-like 1,AC-gliosis-hypoxia,AC-gliosis-hypoxia
at10_2,"('Hypoxic 2', 'AC-gliosis-like 1')",0.0625,Hypoxic 2,AC-gliosis-like 1,Hypoxic 2 > AC-gliosis-like 1,AC-gliosis-hypoxia,AC-gliosis-hypoxia
at13_0,"('Hypoxic 2', 'AC-gliosis-like 1')",0.2954545454545454,Hypoxic 2,AC-gliosis-like 1,Hypoxic 2 > AC-gliosis-like 1,AC-gliosis-hypoxia,AC-gliosis-hypoxia
at15_4,"('Hypoxic 2', 'AC-gliosis-like 1')",0.2816901408450704,Hypoxic 2,AC-gliosis-like 1,Hypoxic 2 > AC-gliosis-like 1,AC-gliosis-hypoxia,AC-gliosis-hypoxia
at6_4,"('Hypoxic 2', 'AC-gliosis-like 1')",0.0829081632653061,Hypoxic 2,AC-gliosis-like 1,Hypoxic 2 > AC-gliosis-like 1,AC-gliosis-hypoxia,AC-gliosis-hypoxia
at5_2,"('Hypoxic 2', 'AC-gliosis-like 1')",0.2631578947368421,Hypoxic 2,AC-gliosis-like 1,Hypoxic 2 > AC-gliosis-like 1,AC-gliosis-hypoxia,AC-gliosis-hypoxia
at10_1,"('Hypoxic 2', 'AC-gliosis-like 1')",0.125,Hypoxic 2,AC-gliosis-like 1,Hypoxic 2 > AC-gliosis-like 1,AC-gliosis-hypoxia,AC-gliosis-hypoxia
at6_5,"('Hypoxic 2', 'AC-gliosis-like 1')",0.0275229357798165,Hypoxic 2,AC-gliosis-like 1,Hypoxic 2 > AC-gliosis-like 1,AC-gliosis-hypoxia,AC-gliosis-hypoxia
at3_3,"('Hypoxic 2', 'AC-gliosis-like 1')",0.4222972972972973,Hypoxic 2,AC-gliosis-like 1,Hypoxic 2 > AC-gliosis-like 1,AC-gliosis-hypoxia,AC-gliosis-hypoxia
at5_9,"('Hypoxic 2', 'AC-gliosis-like 1')",0.3333333333333333,Hypoxic 2,AC-gliosis-like 1,Hypoxic 2 > AC-gliosis-like 1,AC-gliosis-hypoxia,AC-gliosis-hypoxia
at4_2,"('Hypoxic 2', 'AC-gliosis-like 1')",0.2956521739130435,Hypoxic 2,AC-gliosis-like 1,Hypoxic 2 > AC-gliosis-like 1,AC-gliosis-hypoxia,AC-gliosis-hypoxia
at9_4,"('Hypoxic 2', 'AC-gliosis-like 1')",0.7307692307692307,Hypoxic 2,AC-gliosis-like 1,Hypoxic 2 > AC-gliosis-like 1,AC-gliosis-hypoxia,AC-gliosis-hypoxia
at9_0,"('Hypoxic 2', 'AC-gliosis-like 1')",0.3260869565217391,Hypoxic 2,AC-gliosis-like 1,Hypoxic 2 > AC-gliosis-like 1,AC-gliosis-hypoxia,AC-gliosis-hypoxia
at6_0,"('Hypoxic 2', 'AC-gliosis-like 1')",0.0319148936170212,Hypoxic 2,AC-gliosis-like 1,Hypoxic 2 > AC-gliosis-like 1,AC-gliosis-hypoxia,AC-gliosis-hypoxia
at4_1,"('Hypoxic 2', 'AC-gliosis-like 1')",0.5603448275862069,Hypoxic 2,AC-gliosis-like 1,Hypoxic 2 > AC-gliosis-like 1,AC-gliosis-hypoxia,AC-gliosis-hypoxia
at5_4,"('Hypoxic 2', 'AC-gliosis-like 1')",0.5,Hypoxic 2,AC-gliosis-like 1,Hypoxic 2 > AC-gliosis-like 1,AC-gliosis-hypoxia,AC-gliosis-hypoxia
at15_3,"('Hypoxic 2', 'AC-gliosis-like 1')",0.2280701754385964,Hypoxic 2,AC-gliosis-like 1,Hypoxic 2 > AC-gliosis-like 1,AC-gliosis-hypoxia,AC-gliosis-hypoxia
at15_0,"('Hypoxic 2', 'AC-gliosis-like 1')",0.44,Hypoxic 2,AC-gliosis-like 1,Hypoxic 2 > AC-gliosis-like 1,AC-gliosis-hypoxia,AC-gliosis-hypoxia
at15_2,"('Hypoxic 2', 'AC-gliosis-like 1')",0.0555555555555555,Hypoxic 2,AC-gliosis-like 1,Hypoxic 2 > AC-gliosis-like 1,AC-gliosis-hypoxia,AC-gliosis-hypoxia
at15_6,"('Hypoxic 2', 'AC-gliosis-like 1')",0.3111111111111111,Hypoxic 2,AC-gliosis-like 1,Hypoxic 2 > AC-gliosis-like 1,AC-gliosis-hypoxia,AC-gliosis-hypoxia
at4_0,"('Hypoxic 2', 'AC-gliosis-like 1')",0.2032828282828283,Hypoxic 2,AC-gliosis-like 1,Hypoxic 2 > AC-gliosis-like 1,AC-gliosis-hypoxia,AC-gliosis-hypoxia
at7_0,"('Hypoxic 2', 'AC-gliosis-like 1')",0.1294117647058823,Hypoxic 2,AC-gliosis-like 1,Hypoxic 2 > AC-gliosis-like 1,AC-gliosis-hypoxia,AC-gliosis-hypoxia
at10_2,"('Hypoxic 2', 'AC-gliosis-like 1')",0.0625,Hypoxic 2,AC-gliosis-like 1,Hypoxic 2 > AC-gliosis-like 1,AC-gliosis-hypoxia,AC-gliosis-hypoxia
at13_0,"('Hypoxic 2', 'AC-gliosis-like 1')",0.2954545454545454,Hypoxic 2,AC-gliosis-like 1,Hypoxic 2 > AC-gliosis-like 1,AC-gliosis-hypoxia,AC-gliosis-hypoxia
at15_4,"('Hypoxic 2', 'AC-gliosis-like 1')",0.2816901408450704,Hypoxic 2,AC-gliosis-like 1,Hypoxic 2 > AC-gliosis-like 1,AC-gliosis-hypoxia,AC-gliosis-hypoxia
at6_4,"('Hypoxic 2', 'AC-gliosis-like 1')",0.0829081632653061,Hypoxic 2,AC-gliosis-like 1,Hypoxic 2 > AC-gliosis-like 1,AC-gliosis-hypoxia,AC-gliosis-hypoxia
at5_2,"('Hypoxic 2', 'AC-gliosis-like 1')",0.2631578947368421,Hypoxic 2,AC-gliosis-like 1,Hypoxic 2 > AC-gliosis-like 1,AC-gliosis-hypoxia,AC-gliosis-hypoxia
at10_1,"('Hypoxic 2', 'AC-gliosis-like 1')",0.125,Hypoxic 2,AC-gliosis-like 1,Hypoxic 2 > AC-gliosis-like 1,AC-gliosis-hypoxia,AC-gliosis-hypoxia
at6_5,"('Hypoxic 2', 'AC-gliosis-like 1')",0.0275229357798165,Hypoxic 2,AC-gliosis-like 1,Hypoxic 2 > AC-gliosis-like 1,AC-gliosis-hypoxia,AC-gliosis-hypoxia
at3_3,"('Hypoxic 2', 'AC-gliosis-like 1')",0.4222972972972973,Hypoxic 2,AC-gliosis-like 1,Hypoxic 2 > AC-gliosis-like 1,AC-gliosis-hypoxia,AC-gliosis-hypoxia
at5_9,"('Hypoxic 2', 'AC-gliosis-like 1')",0.3333333333333333,Hypoxic 2,AC-gliosis-like 1,Hypoxic 2 > AC-gliosis-like 1,AC-gliosis-hypoxia,AC-gliosis-hypoxia
at4_2,"('Hypoxic 2', 'AC-gliosis-like 1')",0.2956521739130435,Hypoxic 2,AC-gliosis-like 1,Hypoxic 2 > AC-gliosis-like 1,AC-gliosis-hypoxia,AC-gliosis-hypoxia
at9_4,"('Hypoxic 2', 'AC-gliosis-like 1')",0.7307692307692307,Hypoxic 2,AC-gliosis-like 1,Hypoxic 2 > AC-gliosis-like 1,AC-gliosis-hypoxia,AC-gliosis-hypoxia
at9_0,"('Hypoxic 2', 'AC-gliosis-like 1')",0.3260869565217391,Hypoxic 2,AC-gliosis-like 1,Hypoxic 2 > AC-gliosis-like 1,AC-gliosis-hypoxia,AC-gliosis-hypoxia
at6_0,"('Hypoxic 2', 'AC-gliosis-like 1')",0.0319148936170212,Hypoxic 2,AC-gliosis-like 1,Hypoxic 2 > AC-gliosis-like 1,AC-gliosis-hypoxia,AC-gliosis-hypoxia
at4_1,"('Hypoxic 2', 'AC-gliosis-like 1')",0.5603448275862069,Hypoxic 2,AC-gliosis-like 1,Hypoxic 2 > AC-gliosis-like 1,AC-gliosis-hypoxia,AC-gliosis-hypoxia
at5_4,"('Hypoxic 2', 'AC-gliosis-like 1')",0.5,Hypoxic 2,AC-gliosis-like 1,Hypoxic 2 > AC-gliosis-like 1,AC-gliosis-hypoxia,AC-gliosis-hypoxia
at15_3,"('Hypoxic 2', 'AC-gliosis-like 1')",0.2280701754385964,Hypoxic 2,AC-gliosis-like 1,Hypoxic 2 > AC-gliosis-like 1,AC-gliosis-hypoxia,AC-gliosis-hypoxia
at15_0,"('Hypoxic 2', 'AC-gliosis-like 1')",0.44,Hypoxic 2,AC-gliosis-like 1,Hypoxic 2 > AC-gliosis-like 1,AC-gliosis-hypoxia,AC-gliosis-hypoxia
at15_2,"('Hypoxic 2', 'AC-gliosis-like 1')",0.0555555555555555,Hypoxic 2,AC-gliosis-like 1,Hypoxic 2 > AC-gliosis-like 1,AC-gliosis-hypoxia,AC-gliosis-hypoxia
at15_6,"('Hypoxic 2', 'AC-gliosis-like 1')",0.3111111111111111,Hypoxic 2,AC-gliosis-like 1,Hypoxic 2 > AC-gliosis-like 1,AC-gliosis-hypoxia,AC-gliosis-hypoxia
at4_0,"('Hypoxic 2', 'AC-gliosis-like 1')",0.2032828282828283,Hypoxic 2,AC-gliosis-like 1,Hypoxic 2 > AC-gliosis-like 1,AC-gliosis-hypoxia,AC-gliosis-hypoxia
at7_0,"('Hypoxic 2', 'AC-gliosis-like 1')",0.1294117647058823,Hypoxic 2,AC-gliosis-like 1,Hypoxic 2 > AC-gliosis-like 1,AC-gliosis-hypoxia,AC-gliosis-hypoxia
at10_2,"('Hypoxic 2', 'AC-gliosis-like 1')",0.0625,Hypoxic 2,AC-gliosis-like 1,Hypoxic 2 > AC-gliosis-like 1,AC-gliosis-hypoxia,AC-gliosis-hypoxia
at13_0,"('Hypoxic 2', 'AC-gliosis-like 1')",0.2954545454545454,Hypoxic 2,AC-gliosis-like 1,Hypoxic 2 > AC-gliosis-like 1,AC-gliosis-hypoxia,AC-gliosis-hypoxia
at15_4,"('Hypoxic 2', 'AC-gliosis-like 1')",0.2816901408450704,Hypoxic 2,AC-gliosis-like 1,Hypoxic 2 > AC-gliosis-like 1,AC-gliosis-hypoxia,AC-gliosis-hypoxia
at6_4,"('Hypoxic 2', 'AC-gliosis-like 1')",0.0829081632653061,Hypoxic 2,AC-gliosis-like 1,Hypoxic 2 > AC-gliosis-like 1,AC-gliosis-hypoxia,AC-gliosis-hypoxia
at5_2,"('Hypoxic 2', 'AC-gliosis-like 1')",0.2631578947368421,Hypoxic 2,AC-gliosis-like 1,Hypoxic 2 > AC-gliosis-like 1,AC-gliosis-hypoxia,AC-gliosis-hypoxia
at10_1,"('Hypoxic 2', 'AC-gliosis-like 1')",0.125,Hypoxic 2,AC-gliosis-like 1,Hypoxic 2 > AC-gliosis-like 1,AC-gliosis-hypoxia,AC-gliosis-hypoxia
at6_5,"('Hypoxic 2', 'AC-gliosis-like 1')",0.0275229357798165,Hypoxic 2,AC-gliosis-like 1,Hypoxic 2 > AC-gliosis-like 1,AC-gliosis-hypoxia,AC-gliosis-hypoxia
at3_3,"('Hypoxic 2', 'AC-gliosis-like 1')",0.4222972972972973,Hypoxic 2,AC-gliosis-like 1,Hypoxic 2 > AC-gliosis-like 1,AC-gliosis-hypoxia,AC-gliosis-hypoxia
at5_9,"('Hypoxic 2', 'AC-gliosis-like 1')",0.3333333333333333,Hypoxic 2,AC-gliosis-like 1,Hypoxic 2 > AC-gliosis-like 1,AC-gliosis-hypoxia,AC-gliosis-hypoxia
at4_2,"('Hypoxic 2', 'AC-gliosis-like 1')",0.2956521739130435,Hypoxic 2,AC-gliosis-like 1,Hypoxic 2 > AC-gliosis-like 1,AC-gliosis-hypoxia,AC-gliosis-hypoxia
at9_4,"('Hypoxic 2', 'AC-gliosis-like 1')",0.7307692307692307,Hypoxic 2,AC-gliosis-like 1,Hypoxic 2 > AC-gliosis-like 1,AC-gliosis-hypoxia,AC-gliosis-hypoxia
at9_0,"('Hypoxic 2', 'AC-gliosis-like 1')",0.3260869565217391,Hypoxic 2,AC-gliosis-like 1,Hypoxic 2 > AC-gliosis-like 1,AC-gliosis-hypoxia,AC-gliosis-hypoxia
at6_0,"('Hypoxic 2', 'AC-gliosis-like 1')",0.0319148936170212,Hypoxic 2,AC-gliosis-like 1,Hypoxic 2 > AC-gliosis-like 1,AC-gliosis-hypoxia,AC-gliosis-hypoxia
at4_1,"('Hypoxic 2', 'AC-gliosis-like 1')",0.5603448275862069,Hypoxic 2,AC-gliosis-like 1,Hypoxic 2 > AC-gliosis-like 1,AC-gliosis-hypoxia,AC-gliosis-hypoxia
at5_4,"('Hypoxic 2', 'AC-gliosis-like 1')",0.5,Hypoxic 2,AC-gliosis-like 1,Hypoxic 2 > AC-gliosis-like 1,AC-gliosis-hypoxia,AC-gliosis-hypoxia
at15_3,"('Hypoxic 2', 'AC-gliosis-like 1')",0.2280701754385964,Hypoxic 2,AC-gliosis-like 1,Hypoxic 2 > AC-gliosis-like 1,AC-gliosis-hypoxia,AC-gliosis-hypoxia
at15_0,"('Hypoxic 2', 'AC-gliosis-like 1')",0.44,Hypoxic 2,AC-gliosis-like 1,Hypoxic 2 > AC-gliosis-like 1,AC-gliosis-hypoxia,AC-gliosis-hypoxia
at15_2,"('Hypoxic 2', 'AC-gliosis-like 1')",0.0555555555555555,Hypoxic 2,AC-gliosis-like 1,Hypoxic 2 > AC-gliosis-like 1,AC-gliosis-hypoxia,AC-gliosis-hypoxia
at15_6,"('Hypoxic 2', 'AC-gliosis-like 1')",0.3111111111111111,Hypoxic 2,AC-gliosis-like 1,Hypoxic 2 > AC-gliosis-like 1,AC-gliosis-hypoxia,AC-gliosis-hypoxia
at4_0,"('Hypoxic 2', 'AC-gliosis-like 1')",0.2032828282828283,Hypoxic 2,AC-gliosis-like 1,Hypoxic 2 > AC-gliosis-like 1,AC-gliosis-hypoxia,AC-gliosis-hypoxia
at7_0,"('Hypoxic 2', 'AC-gliosis-like 1')",0.1294117647058823,Hypoxic 2,AC-gliosis-like 1,Hypoxic 2 > AC-gliosis-like 1,AC-gliosis-hypoxia,AC-gliosis-hypoxia
at10_2,"('Hypoxic 2', 'AC-gliosis-like 1')",0.0625,Hypoxic 2,AC-gliosis-like 1,Hypoxic 2 > AC-gliosis-like 1,AC-gliosis-hypoxia,AC-gliosis-hypoxia
at13_0,"('Hypoxic 2', 'AC-gliosis-like 1')",0.2954545454545454,Hypoxic 2,AC-gliosis-like 1,Hypoxic 2 > AC-gliosis-like 1,AC-gliosis-hypoxia,AC-gliosis-hypoxia
at15_4,"('Hypoxic 2', 'AC-gliosis-like 1')",0.2816901408450704,Hypoxic 2,AC-gliosis-like 1,Hypoxic 2 > AC-gliosis-like 1,AC-gliosis-hypoxia,AC-gliosis-hypoxia
at6_4,"('Hypoxic 2', 'AC-gliosis-like 1')",0.0829081632653061,Hypoxic 2,AC-gliosis-like 1,Hypoxic 2 > AC-gliosis-like 1,AC-gliosis-hypoxia,AC-gliosis-hypoxia
at5_2,"('Hypoxic 2', 'AC-gliosis-like 1')",0.2631578947368421,Hypoxic 2,AC-gliosis-like 1,Hypoxic 2 > AC-gliosis-like 1,AC-gliosis-hypoxia,AC-gliosis-hypoxia
at10_1,"('Hypoxic 2', 'AC-gliosis-like 1')",0.125,Hypoxic 2,AC-gliosis-like 1,Hypoxic 2 > AC-gliosis-like 1,AC-gliosis-hypoxia,AC-gliosis-hypoxia
at6_5,"('Hypoxic 2', 'AC-gliosis-like 1')",0.0275229357798165,Hypoxic 2,AC-gliosis-like 1,Hypoxic 2 > AC-gliosis-like 1,AC-gliosis-hypoxia,AC-gliosis-hypoxia
at3_3,"('Hypoxic 2', 'AC-gliosis-like 1')",0.4222972972972973,Hypoxic 2,AC-gliosis-like 1,Hypoxic 2 > AC-gliosis-like 1,AC-gliosis-hypoxia,AC-gliosis-hypoxia
at5_9,"('Hypoxic 2', 'AC-gliosis-like 1')",0.3333333333333333,Hypoxic 2,AC-gliosis-like 1,Hypoxic 2 > AC-gliosis-like 1,AC-gliosis-hypoxia,AC-gliosis-hypoxia
at4_2,"('Hypoxic 2', 'AC-gliosis-like 1')",0.2956521739130435,Hypoxic 2,AC-gliosis-like 1,Hypoxic 2 > AC-gliosis-like 1,AC-gliosis-hypoxia,AC-gliosis-hypoxia
at9_4,"('Hypoxic 2', 'AC-gliosis-like 1')",0.7307692307692307,Hypoxic 2,AC-gliosis-like 1,Hypoxic 2 > AC-gliosis-like 1,AC-gliosis-hypoxia,AC-gliosis-hypoxia
at9_0,"('Hypoxic 2', 'AC-gliosis-like 1')",0.3260869565217391,Hypoxic 2,AC-gliosis-like 1,Hypoxic 2 > AC-gliosis-like 1,AC-gliosis-hypoxia,AC-gliosis-hypoxia
at5_4,"('AC progenitor-like 2', 'NPC-neuronal-like 4')",0.2,AC progenitor-like 2,NPC-neuronal-like 4,AC progenitor-like 2 > NPC-neuronal-like 4,AC-gliosis-hypoxia,Neuron-like
at15_3,"('AC progenitor-like 2', 'NPC-neuronal-like 4')",0.1428571428571428,AC progenitor-like 2,NPC-neuronal-like 4,AC progenitor-like 2 > NPC-neuronal-like 4,AC-gliosis-hypoxia,Neuron-like
at15_6,"('AC progenitor-like 2', 'NPC-neuronal-like 4')",0.0048387096774193,AC progenitor-like 2,NPC-neuronal-like 4,AC progenitor-like 2 > NPC-neuronal-like 4,AC-gliosis-hypoxia,Neuron-like
at4_0,"('AC progenitor-like 2', 'NPC-neuronal-like 4')",0.03125,AC progenitor-like 2,NPC-neuronal-like 4,AC progenitor-like 2 > NPC-neuronal-like 4,AC-gliosis-hypoxia,Neuron-like
at7_0,"('AC progenitor-like 2', 'NPC-neuronal-like 4')",0.25,AC progenitor-like 2,NPC-neuronal-like 4,AC progenitor-like 2 > NPC-neuronal-like 4,AC-gliosis-hypoxia,Neuron-like
at13_0,"('AC progenitor-like 2', 'NPC-neuronal-like 4')",0.2727272727272727,AC progenitor-like 2,NPC-neuronal-like 4,AC progenitor-like 2 > NPC-neuronal-like 4,AC-gliosis-hypoxia,Neuron-like
at15_4,"('AC progenitor-like 2', 'NPC-neuronal-like 4')",0.0052465897166841,AC progenitor-like 2,NPC-neuronal-like 4,AC progenitor-like 2 > NPC-neuronal-like 4,AC-gliosis-hypoxia,Neuron-like
at6_4,"('AC progenitor-like 2', 'NPC-neuronal-like 4')",0.5,AC progenitor-like 2,NPC-neuronal-like 4,AC progenitor-like 2 > NPC-neuronal-like 4,AC-gliosis-hypoxia,Neuron-like
at5_2,"('AC progenitor-like 2', 'NPC-neuronal-like 4')",0.6153846153846154,AC progenitor-like 2,NPC-neuronal-like 4,AC progenitor-like 2 > NPC-neuronal-like 4,AC-gliosis-hypoxia,Neuron-like
at6_5,"('AC progenitor-like 2', 'NPC-neuronal-like 4')",0.6666666666666666,AC progenitor-like 2,NPC-neuronal-like 4,AC progenitor-like 2 > NPC-neuronal-like 4,AC-gliosis-hypoxia,Neuron-like
at5_9,"('AC progenitor-like 2', 'NPC-neuronal-like 4')",0.6666666666666666,AC progenitor-like 2,NPC-neuronal-like 4,AC progenitor-like 2 > NPC-neuronal-like 4,AC-gliosis-hypoxia,Neuron-like
at9_4,"('AC progenitor-like 2', 'NPC-neuronal-like 4')",0.5483870967741935,AC progenitor-like 2,NPC-neuronal-like 4,AC progenitor-like 2 > NPC-neuronal-like 4,AC-gliosis-hypoxia,Neuron-like
at9_0,"('AC progenitor-like 2', 'NPC-neuronal-like 4')",0.3823529411764705,AC progenitor-like 2,NPC-neuronal-like 4,AC progenitor-like 2 > NPC-neuronal-like 4,AC-gliosis-hypoxia,Neuron-like
at5_4,"('AC progenitor-like 2', 'NPC-neuronal-like 4')",0.2,AC progenitor-like 2,NPC-neuronal-like 4,AC progenitor-like 2 > NPC-neuronal-like 4,AC-gliosis-hypoxia,Neuron-like
at15_3,"('AC progenitor-like 2', 'NPC-neuronal-like 4')",0.1428571428571428,AC progenitor-like 2,NPC-neuronal-like 4,AC progenitor-like 2 > NPC-neuronal-like 4,AC-gliosis-hypoxia,Neuron-like
at15_6,"('AC progenitor-like 2', 'NPC-neuronal-like 4')",0.0048387096774193,AC progenitor-like 2,NPC-neuronal-like 4,AC progenitor-like 2 > NPC-neuronal-like 4,AC-gliosis-hypoxia,Neuron-like
at4_0,"('AC progenitor-like 2', 'NPC-neuronal-like 4')",0.03125,AC progenitor-like 2,NPC-neuronal-like 4,AC progenitor-like 2 > NPC-neuronal-like 4,AC-gliosis-hypoxia,Neuron-like
at7_0,"('AC progenitor-like 2', 'NPC-neuronal-like 4')",0.25,AC progenitor-like 2,NPC-neuronal-like 4,AC progenitor-like 2 > NPC-neuronal-like 4,AC-gliosis-hypoxia,Neuron-like
at13_0,"('AC progenitor-like 2', 'NPC-neuronal-like 4')",0.2727272727272727,AC progenitor-like 2,NPC-neuronal-like 4,AC progenitor-like 2 > NPC-neuronal-like 4,AC-gliosis-hypoxia,Neuron-like
at15_4,"('AC progenitor-like 2', 'NPC-neuronal-like 4')",0.0052465897166841,AC progenitor-like 2,NPC-neuronal-like 4,AC progenitor-like 2 > NPC-neuronal-like 4,AC-gliosis-hypoxia,Neuron-like
at6_4,"('AC progenitor-like 2', 'NPC-neuronal-like 4')",0.5,AC progenitor-like 2,NPC-neuronal-like 4,AC progenitor-like 2 > NPC-neuronal-like 4,AC-gliosis-hypoxia,Neuron-like
at5_2,"('AC progenitor-like 2', 'NPC-neuronal-like 4')",0.6153846153846154,AC progenitor-like 2,NPC-neuronal-like 4,AC progenitor-like 2 > NPC-neuronal-like 4,AC-gliosis-hypoxia,Neuron-like
at6_5,"('AC progenitor-like 2', 'NPC-neuronal-like 4')",0.6666666666666666,AC progenitor-like 2,NPC-neuronal-like 4,AC progenitor-like 2 > NPC-neuronal-like 4,AC-gliosis-hypoxia,Neuron-like
at5_9,"('AC progenitor-like 2', 'NPC-neuronal-like 4')",0.6666666666666666,AC progenitor-like 2,NPC-neuronal-like 4,AC progenitor-like 2 > NPC-neuronal-like 4,AC-gliosis-hypoxia,Neuron-like
at9_4,"('AC progenitor-like 2', 'NPC-neuronal-like 4')",0.5483870967741935,AC progenitor-like 2,NPC-neuronal-like 4,AC progenitor-like 2 > NPC-neuronal-like 4,AC-gliosis-hypoxia,Neuron-like
at9_0,"('AC progenitor-like 2', 'NPC-neuronal-like 4')",0.3823529411764705,AC progenitor-like 2,NPC-neuronal-like 4,AC progenitor-like 2 > NPC-neuronal-like 4,AC-gliosis-hypoxia,Neuron-like
at5_4,"('AC progenitor-like 2', 'NPC-neuronal-like 4')",0.2,AC progenitor-like 2,NPC-neuronal-like 4,AC progenitor-like 2 > NPC-neuronal-like 4,AC-gliosis-hypoxia,Neuron-like
at15_3,"('AC progenitor-like 2', 'NPC-neuronal-like 4')",0.1428571428571428,AC progenitor-like 2,NPC-neuronal-like 4,AC progenitor-like 2 > NPC-neuronal-like 4,AC-gliosis-hypoxia,Neuron-like
at15_6,"('AC progenitor-like 2', 'NPC-neuronal-like 4')",0.0048387096774193,AC progenitor-like 2,NPC-neuronal-like 4,AC progenitor-like 2 > NPC-neuronal-like 4,AC-gliosis-hypoxia,Neuron-like
at4_0,"('AC progenitor-like 2', 'NPC-neuronal-like 4')",0.03125,AC progenitor-like 2,NPC-neuronal-like 4,AC progenitor-like 2 > NPC-neuronal-like 4,AC-gliosis-hypoxia,Neuron-like
at7_0,"('AC progenitor-like 2', 'NPC-neuronal-like 4')",0.25,AC progenitor-like 2,NPC-neuronal-like 4,AC progenitor-like 2 > NPC-neuronal-like 4,AC-gliosis-hypoxia,Neuron-like
at13_0,"('AC progenitor-like 2', 'NPC-neuronal-like 4')",0.2727272727272727,AC progenitor-like 2,NPC-neuronal-like 4,AC progenitor-like 2 > NPC-neuronal-like 4,AC-gliosis-hypoxia,Neuron-like
at15_4,"('AC progenitor-like 2', 'NPC-neuronal-like 4')",0.0052465897166841,AC progenitor-like 2,NPC-neuronal-like 4,AC progenitor-like 2 > NPC-neuronal-like 4,AC-gliosis-hypoxia,Neuron-like
at6_4,"('AC progenitor-like 2', 'NPC-neuronal-like 4')",0.5,AC progenitor-like 2,NPC-neuronal-like 4,AC progenitor-like 2 > NPC-neuronal-like 4,AC-gliosis-hypoxia,Neuron-like
at5_2,"('AC progenitor-like 2', 'NPC-neuronal-like 4')",0.6153846153846154,AC progenitor-like 2,NPC-neuronal-like 4,AC progenitor-like 2 > NPC-neuronal-like 4,AC-gliosis-hypoxia,Neuron-like
at6_5,"('AC progenitor-like 2', 'NPC-neuronal-like 4')",0.6666666666666666,AC progenitor-like 2,NPC-neuronal-like 4,AC progenitor-like 2 > NPC-neuronal-like 4,AC-gliosis-hypoxia,Neuron-like
at5_9,"('AC progenitor-like 2', 'NPC-neuronal-like 4')",0.6666666666666666,AC progenitor-like 2,NPC-neuronal-like 4,AC progenitor-like 2 > NPC-neuronal-like 4,AC-gliosis-hypoxia,Neuron-like
at9_4,"('AC progenitor-like 2', 'NPC-neuronal-like 4')",0.5483870967741935,AC progenitor-like 2,NPC-neuronal-like 4,AC progenitor-like 2 > NPC-neuronal-like 4,AC-gliosis-hypoxia,Neuron-like
at9_0,"('AC progenitor-like 2', 'NPC-neuronal-like 4')",0.3823529411764705,AC progenitor-like 2,NPC-neuronal-like 4,AC progenitor-like 2 > NPC-neuronal-like 4,AC-gliosis-hypoxia,Neuron-like
at4_1,"('Hypoxic 1', 'AC progenitor-like 1')",0.1763085399449036,Hypoxic 1,AC progenitor-like 1,Hypoxic 1 > AC progenitor-like 1,AC-gliosis-hypoxia,AC-gliosis-hypoxia
at15_2,"('Hypoxic 1', 'AC progenitor-like 1')",0.1111111111111111,Hypoxic 1,AC progenitor-like 1,Hypoxic 1 > AC progenitor-like 1,AC-gliosis-hypoxia,AC-gliosis-hypoxia
at4_0,"('Hypoxic 1', 'AC progenitor-like 1')",0.2015748031496063,Hypoxic 1,AC progenitor-like 1,Hypoxic 1 > AC progenitor-like 1,AC-gliosis-hypoxia,AC-gliosis-hypoxia
at10_0,"('Hypoxic 1', 'AC progenitor-like 1')",0.625,Hypoxic 1,AC progenitor-like 1,Hypoxic 1 > AC progenitor-like 1,AC-gliosis-hypoxia,AC-gliosis-hypoxia
at7_0,"('Hypoxic 1', 'AC progenitor-like 1')",0.2607110300820419,Hypoxic 1,AC progenitor-like 1,Hypoxic 1 > AC progenitor-like 1,AC-gliosis-hypoxia,AC-gliosis-hypoxia
at10_2,"('Hypoxic 1', 'AC progenitor-like 1')",0.875,Hypoxic 1,AC progenitor-like 1,Hypoxic 1 > AC progenitor-like 1,AC-gliosis-hypoxia,AC-gliosis-hypoxia
at13_0,"('Hypoxic 1', 'AC progenitor-like 1')",0.0215797192541378,Hypoxic 1,AC progenitor-like 1,Hypoxic 1 > AC progenitor-like 1,AC-gliosis-hypoxia,AC-gliosis-hypoxia
at15_4,"('Hypoxic 1', 'AC progenitor-like 1')",0.0051020408163265,Hypoxic 1,AC progenitor-like 1,Hypoxic 1 > AC progenitor-like 1,AC-gliosis-hypoxia,AC-gliosis-hypoxia
at6_4,"('Hypoxic 1', 'AC progenitor-like 1')",0.9970588235294118,Hypoxic 1,AC progenitor-like 1,Hypoxic 1 > AC progenitor-like 1,AC-gliosis-hypoxia,AC-gliosis-hypoxia
at10_1,"('Hypoxic 1', 'AC progenitor-like 1')",0.7307692307692307,Hypoxic 1,AC progenitor-like 1,Hypoxic 1 > AC progenitor-like 1,AC-gliosis-hypoxia,AC-gliosis-hypoxia
at6_5,"('Hypoxic 1', 'AC progenitor-like 1')",0.9831460674157304,Hypoxic 1,AC progenitor-like 1,Hypoxic 1 > AC progenitor-like 1,AC-gliosis-hypoxia,AC-gliosis-hypoxia
at3_3,"('Hypoxic 1', 'AC progenitor-like 1')",0.9868656716417912,Hypoxic 1,AC progenitor-like 1,Hypoxic 1 > AC progenitor-like 1,AC-gliosis-hypoxia,AC-gliosis-hypoxia
at4_2,"('Hypoxic 1', 'AC progenitor-like 1')",0.2837837837837837,Hypoxic 1,AC progenitor-like 1,Hypoxic 1 > AC progenitor-like 1,AC-gliosis-hypoxia,AC-gliosis-hypoxia
at9_2,"('Hypoxic 1', 'AC progenitor-like 1')",0.7,Hypoxic 1,AC progenitor-like 1,Hypoxic 1 > AC progenitor-like 1,AC-gliosis-hypoxia,AC-gliosis-hypoxia
at9_4,"('Hypoxic 1', 'AC progenitor-like 1')",0.1489361702127659,Hypoxic 1,AC progenitor-like 1,Hypoxic 1 > AC progenitor-like 1,AC-gliosis-hypoxia,AC-gliosis-hypoxia
at9_0,"('Hypoxic 1', 'AC progenitor-like 1')",0.086092715231788,Hypoxic 1,AC progenitor-like 1,Hypoxic 1 > AC progenitor-like 1,AC-gliosis-hypoxia,AC-gliosis-hypoxia
at4_1,"('Hypoxic 1', 'AC progenitor-like 1')",0.1763085399449036,Hypoxic 1,AC progenitor-like 1,Hypoxic 1 > AC progenitor-like 1,AC-gliosis-hypoxia,AC-gliosis-hypoxia
at15_2,"('Hypoxic 1', 'AC progenitor-like 1')",0.1111111111111111,Hypoxic 1,AC progenitor-like 1,Hypoxic 1 > AC progenitor-like 1,AC-gliosis-hypoxia,AC-gliosis-hypoxia
at4_0,"('Hypoxic 1', 'AC progenitor-like 1')",0.2015748031496063,Hypoxic 1,AC progenitor-like 1,Hypoxic 1 > AC progenitor-like 1,AC-gliosis-hypoxia,AC-gliosis-hypoxia
at10_0,"('Hypoxic 1', 'AC progenitor-like 1')",0.625,Hypoxic 1,AC progenitor-like 1,Hypoxic 1 > AC progenitor-like 1,AC-gliosis-hypoxia,AC-gliosis-hypoxia
at7_0,"('Hypoxic 1', 'AC progenitor-like 1')",0.2607110300820419,Hypoxic 1,AC progenitor-like 1,Hypoxic 1 > AC progenitor-like 1,AC-gliosis-hypoxia,AC-gliosis-hypoxia
at10_2,"('Hypoxic 1', 'AC progenitor-like 1')",0.875,Hypoxic 1,AC progenitor-like 1,Hypoxic 1 > AC progenitor-like 1,AC-gliosis-hypoxia,AC-gliosis-hypoxia
at13_0,"('Hypoxic 1', 'AC progenitor-like 1')",0.0215797192541378,Hypoxic 1,AC progenitor-like 1,Hypoxic 1 > AC progenitor-like 1,AC-gliosis-hypoxia,AC-gliosis-hypoxia
at15_4,"('Hypoxic 1', 'AC progenitor-like 1')",0.0051020408163265,Hypoxic 1,AC progenitor-like 1,Hypoxic 1 > AC progenitor-like 1,AC-gliosis-hypoxia,AC-gliosis-hypoxia
at6_4,"('Hypoxic 1', 'AC progenitor-like 1')",0.9970588235294118,Hypoxic 1,AC progenitor-like 1,Hypoxic 1 > AC progenitor-like 1,AC-gliosis-hypoxia,AC-gliosis-hypoxia
at10_1,"('Hypoxic 1', 'AC progenitor-like 1')",0.7307692307692307,Hypoxic 1,AC progenitor-like 1,Hypoxic 1 > AC progenitor-like 1,AC-gliosis-hypoxia,AC-gliosis-hypoxia
at6_5,"('Hypoxic 1', 'AC progenitor-like 1')",0.9831460674157304,Hypoxic 1,AC progenitor-like 1,Hypoxic 1 > AC progenitor-like 1,AC-gliosis-hypoxia,AC-gliosis-hypoxia
at3_3,"('Hypoxic 1', 'AC progenitor-like 1')",0.9868656716417912,Hypoxic 1,AC progenitor-like 1,Hypoxic 1 > AC progenitor-like 1,AC-gliosis-hypoxia,AC-gliosis-hypoxia
at4_2,"('Hypoxic 1', 'AC progenitor-like 1')",0.2837837837837837,Hypoxic 1,AC progenitor-like 1,Hypoxic 1 > AC progenitor-like 1,AC-gliosis-hypoxia,AC-gliosis-hypoxia
at9_2,"('Hypoxic 1', 'AC progenitor-like 1')",0.7,Hypoxic 1,AC progenitor-like 1,Hypoxic 1 > AC progenitor-like 1,AC-gliosis-hypoxia,AC-gliosis-hypoxia
at9_4,"('Hypoxic 1', 'AC progenitor-like 1')",0.1489361702127659,Hypoxic 1,AC progenitor-like 1,Hypoxic 1 > AC progenitor-like 1,AC-gliosis-hypoxia,AC-gliosis-hypoxia
at9_0,"('Hypoxic 1', 'AC progenitor-like 1')",0.086092715231788,Hypoxic 1,AC progenitor-like 1,Hypoxic 1 > AC progenitor-like 1,AC-gliosis-hypoxia,AC-gliosis-hypoxia
at4_1,"('Hypoxic 1', 'AC progenitor-like 1')",0.1763085399449036,Hypoxic 1,AC progenitor-like 1,Hypoxic 1 > AC progenitor-like 1,AC-gliosis-hypoxia,AC-gliosis-hypoxia
at15_2,"('Hypoxic 1', 'AC progenitor-like 1')",0.1111111111111111,Hypoxic 1,AC progenitor-like 1,Hypoxic 1 > AC progenitor-like 1,AC-gliosis-hypoxia,AC-gliosis-hypoxia
at4_0,"('Hypoxic 1', 'AC progenitor-like 1')",0.2015748031496063,Hypoxic 1,AC progenitor-like 1,Hypoxic 1 > AC progenitor-like 1,AC-gliosis-hypoxia,AC-gliosis-hypoxia
at10_0,"('Hypoxic 1', 'AC progenitor-like 1')",0.625,Hypoxic 1,AC progenitor-like 1,Hypoxic 1 > AC progenitor-like 1,AC-gliosis-hypoxia,AC-gliosis-hypoxia
at7_0,"('Hypoxic 1', 'AC progenitor-like 1')",0.2607110300820419,Hypoxic 1,AC progenitor-like 1,Hypoxic 1 > AC progenitor-like 1,AC-gliosis-hypoxia,AC-gliosis-hypoxia
at10_2,"('Hypoxic 1', 'AC progenitor-like 1')",0.875,Hypoxic 1,AC progenitor-like 1,Hypoxic 1 > AC progenitor-like 1,AC-gliosis-hypoxia,AC-gliosis-hypoxia
at13_0,"('Hypoxic 1', 'AC progenitor-like 1')",0.0215797192541378,Hypoxic 1,AC progenitor-like 1,Hypoxic 1 > AC progenitor-like 1,AC-gliosis-hypoxia,AC-gliosis-hypoxia
at15_4,"('Hypoxic 1', 'AC progenitor-like 1')",0.0051020408163265,Hypoxic 1,AC progenitor-like 1,Hypoxic 1 > AC progenitor-like 1,AC-gliosis-hypoxia,AC-gliosis-hypoxia
at6_4,"('Hypoxic 1', 'AC progenitor-like 1')",0.9970588235294118,Hypoxic 1,AC progenitor-like 1,Hypoxic 1 > AC progenitor-like 1,AC-gliosis-hypoxia,AC-gliosis-hypoxia
at10_1,"('Hypoxic 1', 'AC progenitor-like 1')",0.7307692307692307,Hypoxic 1,AC progenitor-like 1,Hypoxic 1 > AC progenitor-like 1,AC-gliosis-hypoxia,AC-gliosis-hypoxia
at6_5,"('Hypoxic 1', 'AC progenitor-like 1')",0.9831460674157304,Hypoxic 1,AC progenitor-like 1,Hypoxic 1 > AC progenitor-like 1,AC-gliosis-hypoxia,AC-gliosis-hypoxia
at3_3,"('Hypoxic 1', 'AC progenitor-like 1')",0.9868656716417912,Hypoxic 1,AC progenitor-like 1,Hypoxic 1 > AC progenitor-like 1,AC-gliosis-hypoxia,AC-gliosis-hypoxia
at4_2,"('Hypoxic 1', 'AC progenitor-like 1')",0.2837837837837837,Hypoxic 1,AC progenitor-like 1,Hypoxic 1 > AC progenitor-like 1,AC-gliosis-hypoxia,AC-gliosis-hypoxia
at9_2,"('Hypoxic 1', 'AC progenitor-like 1')",0.7,Hypoxic 1,AC progenitor-like 1,Hypoxic 1 > AC progenitor-like 1,AC-gliosis-hypoxia,AC-gliosis-hypoxia
at9_4,"('Hypoxic 1', 'AC progenitor-like 1')",0.1489361702127659,Hypoxic 1,AC progenitor-like 1,Hypoxic 1 > AC progenitor-like 1,AC-gliosis-hypoxia,AC-gliosis-hypoxia
at9_0,"('Hypoxic 1', 'AC progenitor-like 1')",0.086092715231788,Hypoxic 1,AC progenitor-like 1,Hypoxic 1 > AC progenitor-like 1,AC-gliosis-hypoxia,AC-gliosis-hypoxia
at4_1,"('Hypoxic 1', 'AC progenitor-like 1')",0.1763085399449036,Hypoxic 1,AC progenitor-like 1,Hypoxic 1 > AC progenitor-like 1,AC-gliosis-hypoxia,AC-gliosis-hypoxia
at15_2,"('Hypoxic 1', 'AC progenitor-like 1')",0.1111111111111111,Hypoxic 1,AC progenitor-like 1,Hypoxic 1 > AC progenitor-like 1,AC-gliosis-hypoxia,AC-gliosis-hypoxia
at4_0,"('Hypoxic 1', 'AC progenitor-like 1')",0.2015748031496063,Hypoxic 1,AC progenitor-like 1,Hypoxic 1 > AC progenitor-like 1,AC-gliosis-hypoxia,AC-gliosis-hypoxia
at10_0,"('Hypoxic 1', 'AC progenitor-like 1')",0.625,Hypoxic 1,AC progenitor-like 1,Hypoxic 1 > AC progenitor-like 1,AC-gliosis-hypoxia,AC-gliosis-hypoxia
at7_0,"('Hypoxic 1', 'AC progenitor-like 1')",0.2607110300820419,Hypoxic 1,AC progenitor-like 1,Hypoxic 1 > AC progenitor-like 1,AC-gliosis-hypoxia,AC-gliosis-hypoxia
at10_2,"('Hypoxic 1', 'AC progenitor-like 1')",0.875,Hypoxic 1,AC progenitor-like 1,Hypoxic 1 > AC progenitor-like 1,AC-gliosis-hypoxia,AC-gliosis-hypoxia
at13_0,"('Hypoxic 1', 'AC progenitor-like 1')",0.0215797192541378,Hypoxic 1,AC progenitor-like 1,Hypoxic 1 > AC progenitor-like 1,AC-gliosis-hypoxia,AC-gliosis-hypoxia
at15_4,"('Hypoxic 1', 'AC progenitor-like 1')",0.0051020408163265,Hypoxic 1,AC progenitor-like 1,Hypoxic 1 > AC progenitor-like 1,AC-gliosis-hypoxia,AC-gliosis-hypoxia
at6_4,"('Hypoxic 1', 'AC progenitor-like 1')",0.9970588235294118,Hypoxic 1,AC progenitor-like 1,Hypoxic 1 > AC progenitor-like 1,AC-gliosis-hypoxia,AC-gliosis-hypoxia
at10_1,"('Hypoxic 1', 'AC progenitor-like 1')",0.7307692307692307,Hypoxic 1,AC progenitor-like 1,Hypoxic 1 > AC progenitor-like 1,AC-gliosis-hypoxia,AC-gliosis-hypoxia
at6_5,"('Hypoxic 1', 'AC progenitor-like 1')",0.9831460674157304,Hypoxic 1,AC progenitor-like 1,Hypoxic 1 > AC progenitor-like 1,AC-gliosis-hypoxia,AC-gliosis-hypoxia
at3_3,"('Hypoxic 1', 'AC progenitor-like 1')",0.9868656716417912,Hypoxic 1,AC progenitor-like 1,Hypoxic 1 > AC progenitor-like 1,AC-gliosis-hypoxia,AC-gliosis-hypoxia
at4_2,"('Hypoxic 1', 'AC progenitor-like 1')",0.2837837837837837,Hypoxic 1,AC progenitor-like 1,Hypoxic 1 > AC progenitor-like 1,AC-gliosis-hypoxia,AC-gliosis-hypoxia
at9_2,"('Hypoxic 1', 'AC progenitor-like 1')",0.7,Hypoxic 1,AC progenitor-like 1,Hypoxic 1 > AC progenitor-like 1,AC-gliosis-hypoxia,AC-gliosis-hypoxia
at9_4,"('Hypoxic 1', 'AC progenitor-like 1')",0.1489361702127659,Hypoxic 1,AC progenitor-like 1,Hypoxic 1 > AC progenitor-like 1,AC-gliosis-hypoxia,AC-gliosis-hypoxia
at9_0,"('Hypoxic 1', 'AC progenitor-like 1')",0.086092715231788,Hypoxic 1,AC progenitor-like 1,Hypoxic 1 > AC progenitor-like 1,AC-gliosis-hypoxia,AC-gliosis-hypoxia
at4_1,"('Hypoxic 1', 'AC progenitor-like 1')",0.1763085399449036,Hypoxic 1,AC progenitor-like 1,Hypoxic 1 > AC progenitor-like 1,AC-gliosis-hypoxia,AC-gliosis-hypoxia
at15_2,"('Hypoxic 1', 'AC progenitor-like 1')",0.1111111111111111,Hypoxic 1,AC progenitor-like 1,Hypoxic 1 > AC progenitor-like 1,AC-gliosis-hypoxia,AC-gliosis-hypoxia
at4_0,"('Hypoxic 1', 'AC progenitor-like 1')",0.2015748031496063,Hypoxic 1,AC progenitor-like 1,Hypoxic 1 > AC progenitor-like 1,AC-gliosis-hypoxia,AC-gliosis-hypoxia
at10_0,"('Hypoxic 1', 'AC progenitor-like 1')",0.625,Hypoxic 1,AC progenitor-like 1,Hypoxic 1 > AC progenitor-like 1,AC-gliosis-hypoxia,AC-gliosis-hypoxia
at7_0,"('Hypoxic 1', 'AC progenitor-like 1')",0.2607110300820419,Hypoxic 1,AC progenitor-like 1,Hypoxic 1 > AC progenitor-like 1,AC-gliosis-hypoxia,AC-gliosis-hypoxia
at10_2,"('Hypoxic 1', 'AC progenitor-like 1')",0.875,Hypoxic 1,AC progenitor-like 1,Hypoxic 1 > AC progenitor-like 1,AC-gliosis-hypoxia,AC-gliosis-hypoxia
at13_0,"('Hypoxic 1', 'AC progenitor-like 1')",0.0215797192541378,Hypoxic 1,AC progenitor-like 1,Hypoxic 1 > AC progenitor-like 1,AC-gliosis-hypoxia,AC-gliosis-hypoxia
at15_4,"('Hypoxic 1', 'AC progenitor-like 1')",0.0051020408163265,Hypoxic 1,AC progenitor-like 1,Hypoxic 1 > AC progenitor-like 1,AC-gliosis-hypoxia,AC-gliosis-hypoxia
at6_4,"('Hypoxic 1', 'AC progenitor-like 1')",0.9970588235294118,Hypoxic 1,AC progenitor-like 1,Hypoxic 1 > AC progenitor-like 1,AC-gliosis-hypoxia,AC-gliosis-hypoxia
at10_1,"('Hypoxic 1', 'AC progenitor-like 1')",0.7307692307692307,Hypoxic 1,AC progenitor-like 1,Hypoxic 1 > AC progenitor-like 1,AC-gliosis-hypoxia,AC-gliosis-hypoxia
at6_5,"('Hypoxic 1', 'AC progenitor-like 1')",0.9831460674157304,Hypoxic 1,AC progenitor-like 1,Hypoxic 1 > AC progenitor-like 1,AC-gliosis-hypoxia,AC-gliosis-hypoxia
at3_3,"('Hypoxic 1', 'AC progenitor-like 1')",0.9868656716417912,Hypoxic 1,AC progenitor-like 1,Hypoxic 1 > AC progenitor-like 1,AC-gliosis-hypoxia,AC-gliosis-hypoxia
at4_2,"('Hypoxic 1', 'AC progenitor-like 1')",0.2837837837837837,Hypoxic 1,AC progenitor-like 1,Hypoxic 1 > AC progenitor-like 1,AC-gliosis-hypoxia,AC-gliosis-hypoxia
at9_2,"('Hypoxic 1', 'AC progenitor-like 1')",0.7,Hypoxic 1,AC progenitor-like 1,Hypoxic 1 > AC progenitor-like 1,AC-gliosis-hypoxia,AC-gliosis-hypoxia
at9_4,"('Hypoxic 1', 'AC progenitor-like 1')",0.1489361702127659,Hypoxic 1,AC progenitor-like 1,Hypoxic 1 > AC progenitor-like 1,AC-gliosis-hypoxia,AC-gliosis-hypoxia
at9_0,"('Hypoxic 1', 'AC progenitor-like 1')",0.086092715231788,Hypoxic 1,AC progenitor-like 1,Hypoxic 1 > AC progenitor-like 1,AC-gliosis-hypoxia,AC-gliosis-hypoxia
at4_1,"('Hypoxic 1', 'AC progenitor-like 1')",0.1763085399449036,Hypoxic 1,AC progenitor-like 1,Hypoxic 1 > AC progenitor-like 1,AC-gliosis-hypoxia,AC-gliosis-hypoxia
at15_2,"('Hypoxic 1', 'AC progenitor-like 1')",0.1111111111111111,Hypoxic 1,AC progenitor-like 1,Hypoxic 1 > AC progenitor-like 1,AC-gliosis-hypoxia,AC-gliosis-hypoxia
at4_0,"('Hypoxic 1', 'AC progenitor-like 1')",0.2015748031496063,Hypoxic 1,AC progenitor-like 1,Hypoxic 1 > AC progenitor-like 1,AC-gliosis-hypoxia,AC-gliosis-hypoxia
at10_0,"('Hypoxic 1', 'AC progenitor-like 1')",0.625,Hypoxic 1,AC progenitor-like 1,Hypoxic 1 > AC progenitor-like 1,AC-gliosis-hypoxia,AC-gliosis-hypoxia
at7_0,"('Hypoxic 1', 'AC progenitor-like 1')",0.2607110300820419,Hypoxic 1,AC progenitor-like 1,Hypoxic 1 > AC progenitor-like 1,AC-gliosis-hypoxia,AC-gliosis-hypoxia
at10_2,"('Hypoxic 1', 'AC progenitor-like 1')",0.875,Hypoxic 1,AC progenitor-like 1,Hypoxic 1 > AC progenitor-like 1,AC-gliosis-hypoxia,AC-gliosis-hypoxia
at13_0,"('Hypoxic 1', 'AC progenitor-like 1')",0.0215797192541378,Hypoxic 1,AC progenitor-like 1,Hypoxic 1 > AC progenitor-like 1,AC-gliosis-hypoxia,AC-gliosis-hypoxia
at15_4,"('Hypoxic 1', 'AC progenitor-like 1')",0.0051020408163265,Hypoxic 1,AC progenitor-like 1,Hypoxic 1 > AC progenitor-like 1,AC-gliosis-hypoxia,AC-gliosis-hypoxia
at6_4,"('Hypoxic 1', 'AC progenitor-like 1')",0.9970588235294118,Hypoxic 1,AC progenitor-like 1,Hypoxic 1 > AC progenitor-like 1,AC-gliosis-hypoxia,AC-gliosis-hypoxia
at10_1,"('Hypoxic 1', 'AC progenitor-like 1')",0.7307692307692307,Hypoxic 1,AC progenitor-like 1,Hypoxic 1 > AC progenitor-like 1,AC-gliosis-hypoxia,AC-gliosis-hypoxia
at6_5,"('Hypoxic 1', 'AC progenitor-like 1')",0.9831460674157304,Hypoxic 1,AC progenitor-like 1,Hypoxic 1 > AC progenitor-like 1,AC-gliosis-hypoxia,AC-gliosis-hypoxia
at3_3,"('Hypoxic 1', 'AC progenitor-like 1')",0.9868656716417912,Hypoxic 1,AC progenitor-like 1,Hypoxic 1 > AC progenitor-like 1,AC-gliosis-hypoxia,AC-gliosis-hypoxia
at4_2,"('Hypoxic 1', 'AC progenitor-like 1')",0.2837837837837837,Hypoxic 1,AC progenitor-like 1,Hypoxic 1 > AC progenitor-like 1,AC-gliosis-hypoxia,AC-gliosis-hypoxia
at9_2,"('Hypoxic 1', 'AC progenitor-like 1')",0.7,Hypoxic 1,AC progenitor-like 1,Hypoxic 1 > AC progenitor-like 1,AC-gliosis-hypoxia,AC-gliosis-hypoxia
at9_4,"('Hypoxic 1', 'AC progenitor-like 1')",0.1489361702127659,Hypoxic 1,AC progenitor-like 1,Hypoxic 1 > AC progenitor-like 1,AC-gliosis-hypoxia,AC-gliosis-hypoxia
at9_0,"('Hypoxic 1', 'AC progenitor-like 1')",0.086092715231788,Hypoxic 1,AC progenitor-like 1,Hypoxic 1 > AC progenitor-like 1,AC-gliosis-hypoxia,AC-gliosis-hypoxia
at4_1,"('Hypoxic 1', 'AC progenitor-like 1')",0.1763085399449036,Hypoxic 1,AC progenitor-like 1,Hypoxic 1 > AC progenitor-like 1,AC-gliosis-hypoxia,AC-gliosis-hypoxia
at15_2,"('Hypoxic 1', 'AC progenitor-like 1')",0.1111111111111111,Hypoxic 1,AC progenitor-like 1,Hypoxic 1 > AC progenitor-like 1,AC-gliosis-hypoxia,AC-gliosis-hypoxia
at4_0,"('Hypoxic 1', 'AC progenitor-like 1')",0.2015748031496063,Hypoxic 1,AC progenitor-like 1,Hypoxic 1 > AC progenitor-like 1,AC-gliosis-hypoxia,AC-gliosis-hypoxia
at10_0,"('Hypoxic 1', 'AC progenitor-like 1')",0.625,Hypoxic 1,AC progenitor-like 1,Hypoxic 1 > AC progenitor-like 1,AC-gliosis-hypoxia,AC-gliosis-hypoxia
at7_0,"('Hypoxic 1', 'AC progenitor-like 1')",0.2607110300820419,Hypoxic 1,AC progenitor-like 1,Hypoxic 1 > AC progenitor-like 1,AC-gliosis-hypoxia,AC-gliosis-hypoxia
at10_2,"('Hypoxic 1', 'AC progenitor-like 1')",0.875,Hypoxic 1,AC progenitor-like 1,Hypoxic 1 > AC progenitor-like 1,AC-gliosis-hypoxia,AC-gliosis-hypoxia
at13_0,"('Hypoxic 1', 'AC progenitor-like 1')",0.0215797192541378,Hypoxic 1,AC progenitor-like 1,Hypoxic 1 > AC progenitor-like 1,AC-gliosis-hypoxia,AC-gliosis-hypoxia
at15_4,"('Hypoxic 1', 'AC progenitor-like 1')",0.0051020408163265,Hypoxic 1,AC progenitor-like 1,Hypoxic 1 > AC progenitor-like 1,AC-gliosis-hypoxia,AC-gliosis-hypoxia
at6_4,"('Hypoxic 1', 'AC progenitor-like 1')",0.9970588235294118,Hypoxic 1,AC progenitor-like 1,Hypoxic 1 > AC progenitor-like 1,AC-gliosis-hypoxia,AC-gliosis-hypoxia
at10_1,"('Hypoxic 1', 'AC progenitor-like 1')",0.7307692307692307,Hypoxic 1,AC progenitor-like 1,Hypoxic 1 > AC progenitor-like 1,AC-gliosis-hypoxia,AC-gliosis-hypoxia
at6_5,"('Hypoxic 1', 'AC progenitor-like 1')",0.9831460674157304,Hypoxic 1,AC progenitor-like 1,Hypoxic 1 > AC progenitor-like 1,AC-gliosis-hypoxia,AC-gliosis-hypoxia
at3_3,"('Hypoxic 1', 'AC progenitor-like 1')",0.9868656716417912,Hypoxic 1,AC progenitor-like 1,Hypoxic 1 > AC progenitor-like 1,AC-gliosis-hypoxia,AC-gliosis-hypoxia
at4_2,"('Hypoxic 1', 'AC progenitor-like 1')",0.2837837837837837,Hypoxic 1,AC progenitor-like 1,Hypoxic 1 > AC progenitor-like 1,AC-gliosis-hypoxia,AC-gliosis-hypoxia
at9_2,"('Hypoxic 1', 'AC progenitor-like 1')",0.7,Hypoxic 1,AC progenitor-like 1,Hypoxic 1 > AC progenitor-like 1,AC-gliosis-hypoxia,AC-gliosis-hypoxia
at9_4,"('Hypoxic 1', 'AC progenitor-like 1')",0.1489361702127659,Hypoxic 1,AC progenitor-like 1,Hypoxic 1 > AC progenitor-like 1,AC-gliosis-hypoxia,AC-gliosis-hypoxia
at9_0,"('Hypoxic 1', 'AC progenitor-like 1')",0.086092715231788,Hypoxic 1,AC progenitor-like 1,Hypoxic 1 > AC progenitor-like 1,AC-gliosis-hypoxia,AC-gliosis-hypoxia
at4_1,"('Hypoxic 1', 'AC progenitor-like 1')",0.1763085399449036,Hypoxic 1,AC progenitor-like 1,Hypoxic 1 > AC progenitor-like 1,AC-gliosis-hypoxia,AC-gliosis-hypoxia
at15_2,"('Hypoxic 1', 'AC progenitor-like 1')",0.1111111111111111,Hypoxic 1,AC progenitor-like 1,Hypoxic 1 > AC progenitor-like 1,AC-gliosis-hypoxia,AC-gliosis-hypoxia
at4_0,"('Hypoxic 1', 'AC progenitor-like 1')",0.2015748031496063,Hypoxic 1,AC progenitor-like 1,Hypoxic 1 > AC progenitor-like 1,AC-gliosis-hypoxia,AC-gliosis-hypoxia
at10_0,"('Hypoxic 1', 'AC progenitor-like 1')",0.625,Hypoxic 1,AC progenitor-like 1,Hypoxic 1 > AC progenitor-like 1,AC-gliosis-hypoxia,AC-gliosis-hypoxia
at7_0,"('Hypoxic 1', 'AC progenitor-like 1')",0.2607110300820419,Hypoxic 1,AC progenitor-like 1,Hypoxic 1 > AC progenitor-like 1,AC-gliosis-hypoxia,AC-gliosis-hypoxia
at10_2,"('Hypoxic 1', 'AC progenitor-like 1')",0.875,Hypoxic 1,AC progenitor-like 1,Hypoxic 1 > AC progenitor-like 1,AC-gliosis-hypoxia,AC-gliosis-hypoxia
at13_0,"('Hypoxic 1', 'AC progenitor-like 1')",0.0215797192541378,Hypoxic 1,AC progenitor-like 1,Hypoxic 1 > AC progenitor-like 1,AC-gliosis-hypoxia,AC-gliosis-hypoxia
at15_4,"('Hypoxic 1', 'AC progenitor-like 1')",0.0051020408163265,Hypoxic 1,AC progenitor-like 1,Hypoxic 1 > AC progenitor-like 1,AC-gliosis-hypoxia,AC-gliosis-hypoxia
at6_4,"('Hypoxic 1', 'AC progenitor-like 1')",0.9970588235294118,Hypoxic 1,AC progenitor-like 1,Hypoxic 1 > AC progenitor-like 1,AC-gliosis-hypoxia,AC-gliosis-hypoxia
at10_1,"('Hypoxic 1', 'AC progenitor-like 1')",0.7307692307692307,Hypoxic 1,AC progenitor-like 1,Hypoxic 1 > AC progenitor-like 1,AC-gliosis-hypoxia,AC-gliosis-hypoxia
at6_5,"('Hypoxic 1', 'AC progenitor-like 1')",0.9831460674157304,Hypoxic 1,AC progenitor-like 1,Hypoxic 1 > AC progenitor-like 1,AC-gliosis-hypoxia,AC-gliosis-hypoxia
at3_3,"('Hypoxic 1', 'AC progenitor-like 1')",0.9868656716417912,Hypoxic 1,AC progenitor-like 1,Hypoxic 1 > AC progenitor-like 1,AC-gliosis-hypoxia,AC-gliosis-hypoxia
at4_2,"('Hypoxic 1', 'AC progenitor-like 1')",0.2837837837837837,Hypoxic 1,AC progenitor-like 1,Hypoxic 1 > AC progenitor-like 1,AC-gliosis-hypoxia,AC-gliosis-hypoxia
at9_2,"('Hypoxic 1', 'AC progenitor-like 1')",0.7,Hypoxic 1,AC progenitor-like 1,Hypoxic 1 > AC progenitor-like 1,AC-gliosis-hypoxia,AC-gliosis-hypoxia
at9_4,"('Hypoxic 1', 'AC progenitor-like 1')",0.1489361702127659,Hypoxic 1,AC progenitor-like 1,Hypoxic 1 > AC progenitor-like 1,AC-gliosis-hypoxia,AC-gliosis-hypoxia
at9_0,"('Hypoxic 1', 'AC progenitor-like 1')",0.086092715231788,Hypoxic 1,AC progenitor-like 1,Hypoxic 1 > AC progenitor-like 1,AC-gliosis-hypoxia,AC-gliosis-hypoxia
at4_1,"('Hypoxic 1', 'AC progenitor-like 1')",0.1763085399449036,Hypoxic 1,AC progenitor-like 1,Hypoxic 1 > AC progenitor-like 1,AC-gliosis-hypoxia,AC-gliosis-hypoxia
at15_2,"('Hypoxic 1', 'AC progenitor-like 1')",0.1111111111111111,Hypoxic 1,AC progenitor-like 1,Hypoxic 1 > AC progenitor-like 1,AC-gliosis-hypoxia,AC-gliosis-hypoxia
at4_0,"('Hypoxic 1', 'AC progenitor-like 1')",0.2015748031496063,Hypoxic 1,AC progenitor-like 1,Hypoxic 1 > AC progenitor-like 1,AC-gliosis-hypoxia,AC-gliosis-hypoxia
at10_0,"('Hypoxic 1', 'AC progenitor-like 1')",0.625,Hypoxic 1,AC progenitor-like 1,Hypoxic 1 > AC progenitor-like 1,AC-gliosis-hypoxia,AC-gliosis-hypoxia
at7_0,"('Hypoxic 1', 'AC progenitor-like 1')",0.2607110300820419,Hypoxic 1,AC progenitor-like 1,Hypoxic 1 > AC progenitor-like 1,AC-gliosis-hypoxia,AC-gliosis-hypoxia
at10_2,"('Hypoxic 1', 'AC progenitor-like 1')",0.875,Hypoxic 1,AC progenitor-like 1,Hypoxic 1 > AC progenitor-like 1,AC-gliosis-hypoxia,AC-gliosis-hypoxia
at13_0,"('Hypoxic 1', 'AC progenitor-like 1')",0.0215797192541378,Hypoxic 1,AC progenitor-like 1,Hypoxic 1 > AC progenitor-like 1,AC-gliosis-hypoxia,AC-gliosis-hypoxia
at15_4,"('Hypoxic 1', 'AC progenitor-like 1')",0.0051020408163265,Hypoxic 1,AC progenitor-like 1,Hypoxic 1 > AC progenitor-like 1,AC-gliosis-hypoxia,AC-gliosis-hypoxia
at6_4,"('Hypoxic 1', 'AC progenitor-like 1')",0.9970588235294118,Hypoxic 1,AC progenitor-like 1,Hypoxic 1 > AC progenitor-like 1,AC-gliosis-hypoxia,AC-gliosis-hypoxia
at10_1,"('Hypoxic 1', 'AC progenitor-like 1')",0.7307692307692307,Hypoxic 1,AC progenitor-like 1,Hypoxic 1 > AC progenitor-like 1,AC-gliosis-hypoxia,AC-gliosis-hypoxia
at6_5,"('Hypoxic 1', 'AC progenitor-like 1')",0.9831460674157304,Hypoxic 1,AC progenitor-like 1,Hypoxic 1 > AC progenitor-like 1,AC-gliosis-hypoxia,AC-gliosis-hypoxia
at3_3,"('Hypoxic 1', 'AC progenitor-like 1')",0.9868656716417912,Hypoxic 1,AC progenitor-like 1,Hypoxic 1 > AC progenitor-like 1,AC-gliosis-hypoxia,AC-gliosis-hypoxia
at4_2,"('Hypoxic 1', 'AC progenitor-like 1')",0.2837837837837837,Hypoxic 1,AC progenitor-like 1,Hypoxic 1 > AC progenitor-like 1,AC-gliosis-hypoxia,AC-gliosis-hypoxia
at9_2,"('Hypoxic 1', 'AC progenitor-like 1')",0.7,Hypoxic 1,AC progenitor-like 1,Hypoxic 1 > AC progenitor-like 1,AC-gliosis-hypoxia,AC-gliosis-hypoxia
at9_4,"('Hypoxic 1', 'AC progenitor-like 1')",0.1489361702127659,Hypoxic 1,AC progenitor-like 1,Hypoxic 1 > AC progenitor-like 1,AC-gliosis-hypoxia,AC-gliosis-hypoxia
at9_0,"('Hypoxic 1', 'AC progenitor-like 1')",0.086092715231788,Hypoxic 1,AC progenitor-like 1,Hypoxic 1 > AC progenitor-like 1,AC-gliosis-hypoxia,AC-gliosis-hypoxia
at4_1,"('Hypoxic 1', 'AC progenitor-like 1')",0.1763085399449036,Hypoxic 1,AC progenitor-like 1,Hypoxic 1 > AC progenitor-like 1,AC-gliosis-hypoxia,AC-gliosis-hypoxia
at15_2,"('Hypoxic 1', 'AC progenitor-like 1')",0.1111111111111111,Hypoxic 1,AC progenitor-like 1,Hypoxic 1 > AC progenitor-like 1,AC-gliosis-hypoxia,AC-gliosis-hypoxia
at4_0,"('Hypoxic 1', 'AC progenitor-like 1')",0.2015748031496063,Hypoxic 1,AC progenitor-like 1,Hypoxic 1 > AC progenitor-like 1,AC-gliosis-hypoxia,AC-gliosis-hypoxia
at10_0,"('Hypoxic 1', 'AC progenitor-like 1')",0.625,Hypoxic 1,AC progenitor-like 1,Hypoxic 1 > AC progenitor-like 1,AC-gliosis-hypoxia,AC-gliosis-hypoxia
at7_0,"('Hypoxic 1', 'AC progenitor-like 1')",0.2607110300820419,Hypoxic 1,AC progenitor-like 1,Hypoxic 1 > AC progenitor-like 1,AC-gliosis-hypoxia,AC-gliosis-hypoxia
at10_2,"('Hypoxic 1', 'AC progenitor-like 1')",0.875,Hypoxic 1,AC progenitor-like 1,Hypoxic 1 > AC progenitor-like 1,AC-gliosis-hypoxia,AC-gliosis-hypoxia
at13_0,"('Hypoxic 1', 'AC progenitor-like 1')",0.0215797192541378,Hypoxic 1,AC progenitor-like 1,Hypoxic 1 > AC progenitor-like 1,AC-gliosis-hypoxia,AC-gliosis-hypoxia
at15_4,"('Hypoxic 1', 'AC progenitor-like 1')",0.0051020408163265,Hypoxic 1,AC progenitor-like 1,Hypoxic 1 > AC progenitor-like 1,AC-gliosis-hypoxia,AC-gliosis-hypoxia
at6_4,"('Hypoxic 1', 'AC progenitor-like 1')",0.9970588235294118,Hypoxic 1,AC progenitor-like 1,Hypoxic 1 > AC progenitor-like 1,AC-gliosis-hypoxia,AC-gliosis-hypoxia
at10_1,"('Hypoxic 1', 'AC progenitor-like 1')",0.7307692307692307,Hypoxic 1,AC progenitor-like 1,Hypoxic 1 > AC progenitor-like 1,AC-gliosis-hypoxia,AC-gliosis-hypoxia
at6_5,"('Hypoxic 1', 'AC progenitor-like 1')",0.9831460674157304,Hypoxic 1,AC progenitor-like 1,Hypoxic 1 > AC progenitor-like 1,AC-gliosis-hypoxia,AC-gliosis-hypoxia
at3_3,"('Hypoxic 1', 'AC progenitor-like 1')",0.9868656716417912,Hypoxic 1,AC progenitor-like 1,Hypoxic 1 > AC progenitor-like 1,AC-gliosis-hypoxia,AC-gliosis-hypoxia
at4_2,"('Hypoxic 1', 'AC progenitor-like 1')",0.2837837837837837,Hypoxic 1,AC progenitor-like 1,Hypoxic 1 > AC progenitor-like 1,AC-gliosis-hypoxia,AC-gliosis-hypoxia
at9_2,"('Hypoxic 1', 'AC progenitor-like 1')",0.7,Hypoxic 1,AC progenitor-like 1,Hypoxic 1 > AC progenitor-like 1,AC-gliosis-hypoxia,AC-gliosis-hypoxia
at9_4,"('Hypoxic 1', 'AC progenitor-like 1')",0.1489361702127659,Hypoxic 1,AC progenitor-like 1,Hypoxic 1 > AC progenitor-like 1,AC-gliosis-hypoxia,AC-gliosis-hypoxia
at9_0,"('Hypoxic 1', 'AC progenitor-like 1')",0.086092715231788,Hypoxic 1,AC progenitor-like 1,Hypoxic 1 > AC progenitor-like 1,AC-gliosis-hypoxia,AC-gliosis-hypoxia
at4_1,"('Hypoxic 1', 'AC progenitor-like 1')",0.1763085399449036,Hypoxic 1,AC progenitor-like 1,Hypoxic 1 > AC progenitor-like 1,AC-gliosis-hypoxia,AC-gliosis-hypoxia
at15_2,"('Hypoxic 1', 'AC progenitor-like 1')",0.1111111111111111,Hypoxic 1,AC progenitor-like 1,Hypoxic 1 > AC progenitor-like 1,AC-gliosis-hypoxia,AC-gliosis-hypoxia
at4_0,"('Hypoxic 1', 'AC progenitor-like 1')",0.2015748031496063,Hypoxic 1,AC progenitor-like 1,Hypoxic 1 > AC progenitor-like 1,AC-gliosis-hypoxia,AC-gliosis-hypoxia
at10_0,"('Hypoxic 1', 'AC progenitor-like 1')",0.625,Hypoxic 1,AC progenitor-like 1,Hypoxic 1 > AC progenitor-like 1,AC-gliosis-hypoxia,AC-gliosis-hypoxia
at7_0,"('Hypoxic 1', 'AC progenitor-like 1')",0.2607110300820419,Hypoxic 1,AC progenitor-like 1,Hypoxic 1 > AC progenitor-like 1,AC-gliosis-hypoxia,AC-gliosis-hypoxia
at10_2,"('Hypoxic 1', 'AC progenitor-like 1')",0.875,Hypoxic 1,AC progenitor-like 1,Hypoxic 1 > AC progenitor-like 1,AC-gliosis-hypoxia,AC-gliosis-hypoxia
at13_0,"('Hypoxic 1', 'AC progenitor-like 1')",0.0215797192541378,Hypoxic 1,AC progenitor-like 1,Hypoxic 1 > AC progenitor-like 1,AC-gliosis-hypoxia,AC-gliosis-hypoxia
at15_4,"('Hypoxic 1', 'AC progenitor-like 1')",0.0051020408163265,Hypoxic 1,AC progenitor-like 1,Hypoxic 1 > AC progenitor-like 1,AC-gliosis-hypoxia,AC-gliosis-hypoxia
at6_4,"('Hypoxic 1', 'AC progenitor-like 1')",0.9970588235294118,Hypoxic 1,AC progenitor-like 1,Hypoxic 1 > AC progenitor-like 1,AC-gliosis-hypoxia,AC-gliosis-hypoxia
at10_1,"('Hypoxic 1', 'AC progenitor-like 1')",0.7307692307692307,Hypoxic 1,AC progenitor-like 1,Hypoxic 1 > AC progenitor-like 1,AC-gliosis-hypoxia,AC-gliosis-hypoxia
at6_5,"('Hypoxic 1', 'AC progenitor-like 1')",0.9831460674157304,Hypoxic 1,AC progenitor-like 1,Hypoxic 1 > AC progenitor-like 1,AC-gliosis-hypoxia,AC-gliosis-hypoxia
at3_3,"('Hypoxic 1', 'AC progenitor-like 1')",0.9868656716417912,Hypoxic 1,AC progenitor-like 1,Hypoxic 1 > AC progenitor-like 1,AC-gliosis-hypoxia,AC-gliosis-hypoxia
at4_2,"('Hypoxic 1', 'AC progenitor-like 1')",0.2837837837837837,Hypoxic 1,AC progenitor-like 1,Hypoxic 1 > AC progenitor-like 1,AC-gliosis-hypoxia,AC-gliosis-hypoxia
at9_2,"('Hypoxic 1', 'AC progenitor-like 1')",0.7,Hypoxic 1,AC progenitor-like 1,Hypoxic 1 > AC progenitor-like 1,AC-gliosis-hypoxia,AC-gliosis-hypoxia
at9_4,"('Hypoxic 1', 'AC progenitor-like 1')",0.1489361702127659,Hypoxic 1,AC progenitor-like 1,Hypoxic 1 > AC progenitor-like 1,AC-gliosis-hypoxia,AC-gliosis-hypoxia
at9_0,"('Hypoxic 1', 'AC progenitor-like 1')",0.086092715231788,Hypoxic 1,AC progenitor-like 1,Hypoxic 1 > AC progenitor-like 1,AC-gliosis-hypoxia,AC-gliosis-hypoxia
at4_1,"('Hypoxic 1', 'AC progenitor-like 1')",0.1763085399449036,Hypoxic 1,AC progenitor-like 1,Hypoxic 1 > AC progenitor-like 1,AC-gliosis-hypoxia,AC-gliosis-hypoxia
at15_2,"('Hypoxic 1', 'AC progenitor-like 1')",0.1111111111111111,Hypoxic 1,AC progenitor-like 1,Hypoxic 1 > AC progenitor-like 1,AC-gliosis-hypoxia,AC-gliosis-hypoxia
at4_0,"('Hypoxic 1', 'AC progenitor-like 1')",0.2015748031496063,Hypoxic 1,AC progenitor-like 1,Hypoxic 1 > AC progenitor-like 1,AC-gliosis-hypoxia,AC-gliosis-hypoxia
at10_0,"('Hypoxic 1', 'AC progenitor-like 1')",0.625,Hypoxic 1,AC progenitor-like 1,Hypoxic 1 > AC progenitor-like 1,AC-gliosis-hypoxia,AC-gliosis-hypoxia
at7_0,"('Hypoxic 1', 'AC progenitor-like 1')",0.2607110300820419,Hypoxic 1,AC progenitor-like 1,Hypoxic 1 > AC progenitor-like 1,AC-gliosis-hypoxia,AC-gliosis-hypoxia
at10_2,"('Hypoxic 1', 'AC progenitor-like 1')",0.875,Hypoxic 1,AC progenitor-like 1,Hypoxic 1 > AC progenitor-like 1,AC-gliosis-hypoxia,AC-gliosis-hypoxia
at13_0,"('Hypoxic 1', 'AC progenitor-like 1')",0.0215797192541378,Hypoxic 1,AC progenitor-like 1,Hypoxic 1 > AC progenitor-like 1,AC-gliosis-hypoxia,AC-gliosis-hypoxia
at15_4,"('Hypoxic 1', 'AC progenitor-like 1')",0.0051020408163265,Hypoxic 1,AC progenitor-like 1,Hypoxic 1 > AC progenitor-like 1,AC-gliosis-hypoxia,AC-gliosis-hypoxia
at6_4,"('Hypoxic 1', 'AC progenitor-like 1')",0.9970588235294118,Hypoxic 1,AC progenitor-like 1,Hypoxic 1 > AC progenitor-like 1,AC-gliosis-hypoxia,AC-gliosis-hypoxia
at10_1,"('Hypoxic 1', 'AC progenitor-like 1')",0.7307692307692307,Hypoxic 1,AC progenitor-like 1,Hypoxic 1 > AC progenitor-like 1,AC-gliosis-hypoxia,AC-gliosis-hypoxia
at6_5,"('Hypoxic 1', 'AC progenitor-like 1')",0.9831460674157304,Hypoxic 1,AC progenitor-like 1,Hypoxic 1 > AC progenitor-like 1,AC-gliosis-hypoxia,AC-gliosis-hypoxia
at3_3,"('Hypoxic 1', 'AC progenitor-like 1')",0.9868656716417912,Hypoxic 1,AC progenitor-like 1,Hypoxic 1 > AC progenitor-like 1,AC-gliosis-hypoxia,AC-gliosis-hypoxia
at4_2,"('Hypoxic 1', 'AC progenitor-like 1')",0.2837837837837837,Hypoxic 1,AC progenitor-like 1,Hypoxic 1 > AC progenitor-like 1,AC-gliosis-hypoxia,AC-gliosis-hypoxia
at9_2,"('Hypoxic 1', 'AC progenitor-like 1')",0.7,Hypoxic 1,AC progenitor-like 1,Hypoxic 1 > AC progenitor-like 1,AC-gliosis-hypoxia,AC-gliosis-hypoxia
at9_4,"('Hypoxic 1', 'AC progenitor-like 1')",0.1489361702127659,Hypoxic 1,AC progenitor-like 1,Hypoxic 1 > AC progenitor-like 1,AC-gliosis-hypoxia,AC-gliosis-hypoxia
at9_0,"('Hypoxic 1', 'AC progenitor-like 1')",0.086092715231788,Hypoxic 1,AC progenitor-like 1,Hypoxic 1 > AC progenitor-like 1,AC-gliosis-hypoxia,AC-gliosis-hypoxia
at4_1,"('Hypoxic 1', 'AC progenitor-like 1')",0.1763085399449036,Hypoxic 1,AC progenitor-like 1,Hypoxic 1 > AC progenitor-like 1,AC-gliosis-hypoxia,AC-gliosis-hypoxia
at15_2,"('Hypoxic 1', 'AC progenitor-like 1')",0.1111111111111111,Hypoxic 1,AC progenitor-like 1,Hypoxic 1 > AC progenitor-like 1,AC-gliosis-hypoxia,AC-gliosis-hypoxia
at4_0,"('Hypoxic 1', 'AC progenitor-like 1')",0.2015748031496063,Hypoxic 1,AC progenitor-like 1,Hypoxic 1 > AC progenitor-like 1,AC-gliosis-hypoxia,AC-gliosis-hypoxia
at10_0,"('Hypoxic 1', 'AC progenitor-like 1')",0.625,Hypoxic 1,AC progenitor-like 1,Hypoxic 1 > AC progenitor-like 1,AC-gliosis-hypoxia,AC-gliosis-hypoxia
at7_0,"('Hypoxic 1', 'AC progenitor-like 1')",0.2607110300820419,Hypoxic 1,AC progenitor-like 1,Hypoxic 1 > AC progenitor-like 1,AC-gliosis-hypoxia,AC-gliosis-hypoxia
at10_2,"('Hypoxic 1', 'AC progenitor-like 1')",0.875,Hypoxic 1,AC progenitor-like 1,Hypoxic 1 > AC progenitor-like 1,AC-gliosis-hypoxia,AC-gliosis-hypoxia
at13_0,"('Hypoxic 1', 'AC progenitor-like 1')",0.0215797192541378,Hypoxic 1,AC progenitor-like 1,Hypoxic 1 > AC progenitor-like 1,AC-gliosis-hypoxia,AC-gliosis-hypoxia
at15_4,"('Hypoxic 1', 'AC progenitor-like 1')",0.0051020408163265,Hypoxic 1,AC progenitor-like 1,Hypoxic 1 > AC progenitor-like 1,AC-gliosis-hypoxia,AC-gliosis-hypoxia
at6_4,"('Hypoxic 1', 'AC progenitor-like 1')",0.9970588235294118,Hypoxic 1,AC progenitor-like 1,Hypoxic 1 > AC progenitor-like 1,AC-gliosis-hypoxia,AC-gliosis-hypoxia
at10_1,"('Hypoxic 1', 'AC progenitor-like 1')",0.7307692307692307,Hypoxic 1,AC progenitor-like 1,Hypoxic 1 > AC progenitor-like 1,AC-gliosis-hypoxia,AC-gliosis-hypoxia
at6_5,"('Hypoxic 1', 'AC progenitor-like 1')",0.9831460674157304,Hypoxic 1,AC progenitor-like 1,Hypoxic 1 > AC progenitor-like 1,AC-gliosis-hypoxia,AC-gliosis-hypoxia
at3_3,"('Hypoxic 1', 'AC progenitor-like 1')",0.9868656716417912,Hypoxic 1,AC progenitor-like 1,Hypoxic 1 > AC progenitor-like 1,AC-gliosis-hypoxia,AC-gliosis-hypoxia
at4_2,"('Hypoxic 1', 'AC progenitor-like 1')",0.2837837837837837,Hypoxic 1,AC progenitor-like 1,Hypoxic 1 > AC progenitor-like 1,AC-gliosis-hypoxia,AC-gliosis-hypoxia
at9_2,"('Hypoxic 1', 'AC progenitor-like 1')",0.7,Hypoxic 1,AC progenitor-like 1,Hypoxic 1 > AC progenitor-like 1,AC-gliosis-hypoxia,AC-gliosis-hypoxia
at9_4,"('Hypoxic 1', 'AC progenitor-like 1')",0.1489361702127659,Hypoxic 1,AC progenitor-like 1,Hypoxic 1 > AC progenitor-like 1,AC-gliosis-hypoxia,AC-gliosis-hypoxia
at9_0,"('Hypoxic 1', 'AC progenitor-like 1')",0.086092715231788,Hypoxic 1,AC progenitor-like 1,Hypoxic 1 > AC progenitor-like 1,AC-gliosis-hypoxia,AC-gliosis-hypoxia
